/home/labic/miniconda3/envs/tabs/lib/python3.10/site-packages/torch/nn/modules/conv.py:370: UserWarning: Using padding='same' with even kernel lengths and odd dilation may require a zero-padded copy of the input be created (Triggered internally at /pytorch/aten/src/ATen/native/Convolution.cpp:1025.)
  return F.conv1d(

 === Started run 1 === 

    --- Executing dataset FloodModeling2 --- 

Training H1

Epoch 1/2000 | Train MSE: 0.013146
Epoch 2/2000 | Train MSE: 0.001658
Epoch 3/2000 | Train MSE: 0.000815
Epoch 4/2000 | Train MSE: 0.000741
Epoch 5/2000 | Train MSE: 0.000645
Epoch 6/2000 | Train MSE: 0.001123
Epoch 7/2000 | Train MSE: 0.000585
Epoch 8/2000 | Train MSE: 0.000376
Epoch 9/2000 | Train MSE: 0.000298
Epoch 10/2000 | Train MSE: 0.000322
Epoch 11/2000 | Train MSE: 0.000309
Epoch 12/2000 | Train MSE: 0.000342
Epoch 13/2000 | Train MSE: 0.000266
Epoch 14/2000 | Train MSE: 0.000216
Epoch 15/2000 | Train MSE: 0.000219
Epoch 16/2000 | Train MSE: 0.000366
Epoch 17/2000 | Train MSE: 0.000400
Epoch 18/2000 | Train MSE: 0.000293
Epoch 19/2000 | Train MSE: 0.000158
Epoch 20/2000 | Train MSE: 0.000173
Epoch 21/2000 | Train MSE: 0.000195
Epoch 22/2000 | Train MSE: 0.000187
Epoch 23/2000 | Train MSE: 0.000125
Epoch 24/2000 | Train MSE: 0.000132
Epoch 25/2000 | Train MSE: 0.000227
Epoch 26/2000 | Train MSE: 0.000174
Epoch 27/2000 | Train MSE: 0.000144
Epoch 28/2000 | Train MSE: 0.000122
Epoch 29/2000 | Train MSE: 0.000130
Epoch 30/2000 | Train MSE: 0.000183
Epoch 31/2000 | Train MSE: 0.000176
Epoch 32/2000 | Train MSE: 0.000111
Epoch 33/2000 | Train MSE: 0.000091
Epoch 34/2000 | Train MSE: 0.000081
Epoch 35/2000 | Train MSE: 0.000069
Epoch 36/2000 | Train MSE: 0.000070
Epoch 37/2000 | Train MSE: 0.000087
Epoch 38/2000 | Train MSE: 0.000065
Epoch 39/2000 | Train MSE: 0.000065
Epoch 40/2000 | Train MSE: 0.000074
Epoch 41/2000 | Train MSE: 0.000132
Epoch 42/2000 | Train MSE: 0.000073
Epoch 43/2000 | Train MSE: 0.000083
Epoch 44/2000 | Train MSE: 0.000067
Epoch 45/2000 | Train MSE: 0.000083
Epoch 46/2000 | Train MSE: 0.000059
Epoch 47/2000 | Train MSE: 0.000056
Epoch 48/2000 | Train MSE: 0.000115
Epoch 49/2000 | Train MSE: 0.000078
Epoch 50/2000 | Train MSE: 0.000072
Epoch 51/2000 | Train MSE: 0.000071
Epoch 52/2000 | Train MSE: 0.000049
Epoch 53/2000 | Train MSE: 0.000061
Epoch 54/2000 | Train MSE: 0.000047
Epoch 55/2000 | Train MSE: 0.000083
Epoch 56/2000 | Train MSE: 0.000078
Epoch 57/2000 | Train MSE: 0.000046
Epoch 58/2000 | Train MSE: 0.000045
Epoch 59/2000 | Train MSE: 0.000087
Epoch 60/2000 | Train MSE: 0.000068
Epoch 61/2000 | Train MSE: 0.000105
Epoch 62/2000 | Train MSE: 0.000070
Epoch 63/2000 | Train MSE: 0.000056
Epoch 64/2000 | Train MSE: 0.000035
Epoch 65/2000 | Train MSE: 0.000029
Epoch 66/2000 | Train MSE: 0.000032
Epoch 67/2000 | Train MSE: 0.000030
Epoch 68/2000 | Train MSE: 0.000041
Epoch 69/2000 | Train MSE: 0.000041
Epoch 70/2000 | Train MSE: 0.000104
Epoch 71/2000 | Train MSE: 0.000110
Epoch 72/2000 | Train MSE: 0.000073
Epoch 73/2000 | Train MSE: 0.000033
Epoch 74/2000 | Train MSE: 0.000043
Epoch 75/2000 | Train MSE: 0.000107
Epoch 76/2000 | Train MSE: 0.000140
Epoch 77/2000 | Train MSE: 0.000048
Epoch 78/2000 | Train MSE: 0.000032
Epoch 79/2000 | Train MSE: 0.000033
Epoch 80/2000 | Train MSE: 0.000028
Epoch 81/2000 | Train MSE: 0.000042
Epoch 82/2000 | Train MSE: 0.000059
Epoch 83/2000 | Train MSE: 0.000064
Epoch 84/2000 | Train MSE: 0.000044
Epoch 85/2000 | Train MSE: 0.000119
Epoch 86/2000 | Train MSE: 0.000045
Epoch 87/2000 | Train MSE: 0.000030
Epoch 88/2000 | Train MSE: 0.000109
Epoch 89/2000 | Train MSE: 0.000061
Epoch 90/2000 | Train MSE: 0.000105
Epoch 91/2000 | Train MSE: 0.000074
Epoch 92/2000 | Train MSE: 0.000031
Epoch 93/2000 | Train MSE: 0.000022
Epoch 94/2000 | Train MSE: 0.000021
Epoch 95/2000 | Train MSE: 0.000032
Epoch 96/2000 | Train MSE: 0.000042
Epoch 97/2000 | Train MSE: 0.000058
Epoch 98/2000 | Train MSE: 0.000036
Epoch 99/2000 | Train MSE: 0.000048
Epoch 100/2000 | Train MSE: 0.000057
Epoch 101/2000 | Train MSE: 0.000021
Epoch 102/2000 | Train MSE: 0.000018
Epoch 103/2000 | Train MSE: 0.000023
Epoch 104/2000 | Train MSE: 0.000025
Epoch 105/2000 | Train MSE: 0.000020
Epoch 106/2000 | Train MSE: 0.000033
Epoch 107/2000 | Train MSE: 0.000036
Epoch 108/2000 | Train MSE: 0.000033
Epoch 109/2000 | Train MSE: 0.000049
Epoch 110/2000 | Train MSE: 0.000050
Epoch 111/2000 | Train MSE: 0.000067
Epoch 112/2000 | Train MSE: 0.000040
Epoch 113/2000 | Train MSE: 0.000018
Epoch 114/2000 | Train MSE: 0.000017
Epoch 115/2000 | Train MSE: 0.000023
Epoch 116/2000 | Train MSE: 0.000015
Epoch 117/2000 | Train MSE: 0.000023
Epoch 118/2000 | Train MSE: 0.000045
Epoch 119/2000 | Train MSE: 0.000037
Epoch 120/2000 | Train MSE: 0.000045
Epoch 121/2000 | Train MSE: 0.000040
Epoch 122/2000 | Train MSE: 0.000020
Epoch 123/2000 | Train MSE: 0.000020
Epoch 124/2000 | Train MSE: 0.000020
Epoch 125/2000 | Train MSE: 0.000015
Epoch 126/2000 | Train MSE: 0.000043
Epoch 127/2000 | Train MSE: 0.000062
Epoch 128/2000 | Train MSE: 0.000072
Epoch 129/2000 | Train MSE: 0.000057
Epoch 130/2000 | Train MSE: 0.000081
Epoch 131/2000 | Train MSE: 0.000054
Epoch 132/2000 | Train MSE: 0.000029
Epoch 133/2000 | Train MSE: 0.000025
Epoch 134/2000 | Train MSE: 0.000017
Epoch 135/2000 | Train MSE: 0.000015
Epoch 136/2000 | Train MSE: 0.000016
Epoch 137/2000 | Train MSE: 0.000037
Epoch 138/2000 | Train MSE: 0.000029
Epoch 139/2000 | Train MSE: 0.000034
Epoch 140/2000 | Train MSE: 0.000022
Epoch 141/2000 | Train MSE: 0.000014
Epoch 142/2000 | Train MSE: 0.000013
Epoch 143/2000 | Train MSE: 0.000022
Epoch 144/2000 | Train MSE: 0.000013
Epoch 145/2000 | Train MSE: 0.000019
Epoch 146/2000 | Train MSE: 0.000048
Epoch 147/2000 | Train MSE: 0.000018
Epoch 148/2000 | Train MSE: 0.000022
Epoch 149/2000 | Train MSE: 0.000058
Epoch 150/2000 | Train MSE: 0.000028
Epoch 151/2000 | Train MSE: 0.000068
Epoch 152/2000 | Train MSE: 0.000038
Epoch 153/2000 | Train MSE: 0.000036
Epoch 154/2000 | Train MSE: 0.000059
Epoch 155/2000 | Train MSE: 0.000026
Epoch 156/2000 | Train MSE: 0.000020
Epoch 157/2000 | Train MSE: 0.000011
Epoch 158/2000 | Train MSE: 0.000042
Epoch 159/2000 | Train MSE: 0.000040
Epoch 160/2000 | Train MSE: 0.000023
Epoch 161/2000 | Train MSE: 0.000019
Epoch 162/2000 | Train MSE: 0.000027
Epoch 163/2000 | Train MSE: 0.000032
Epoch 164/2000 | Train MSE: 0.000034
Epoch 165/2000 | Train MSE: 0.000031
Epoch 166/2000 | Train MSE: 0.000028
Epoch 167/2000 | Train MSE: 0.000016
Epoch 168/2000 | Train MSE: 0.000026
Epoch 169/2000 | Train MSE: 0.000035
Epoch 170/2000 | Train MSE: 0.000021
Epoch 171/2000 | Train MSE: 0.000016
Epoch 172/2000 | Train MSE: 0.000028
Epoch 173/2000 | Train MSE: 0.000019
Epoch 174/2000 | Train MSE: 0.000015
Epoch 175/2000 | Train MSE: 0.000009
Epoch 176/2000 | Train MSE: 0.000013
Epoch 177/2000 | Train MSE: 0.000014
Epoch 178/2000 | Train MSE: 0.000016
Epoch 179/2000 | Train MSE: 0.000012
Epoch 180/2000 | Train MSE: 0.000009
Epoch 181/2000 | Train MSE: 0.000023
Epoch 182/2000 | Train MSE: 0.000015
Epoch 183/2000 | Train MSE: 0.000013
Epoch 184/2000 | Train MSE: 0.000012
Epoch 185/2000 | Train MSE: 0.000022
Epoch 186/2000 | Train MSE: 0.000012
Epoch 187/2000 | Train MSE: 0.000031
Epoch 188/2000 | Train MSE: 0.000033
Epoch 189/2000 | Train MSE: 0.000019
Epoch 190/2000 | Train MSE: 0.000019
Epoch 191/2000 | Train MSE: 0.000023
Epoch 192/2000 | Train MSE: 0.000012
Epoch 193/2000 | Train MSE: 0.000015
Epoch 194/2000 | Train MSE: 0.000021
Epoch 195/2000 | Train MSE: 0.000024
Epoch 196/2000 | Train MSE: 0.000014
Epoch 197/2000 | Train MSE: 0.000026
Epoch 198/2000 | Train MSE: 0.000035
Epoch 199/2000 | Train MSE: 0.000025
Epoch 200/2000 | Train MSE: 0.000023
Epoch 201/2000 | Train MSE: 0.000015
Epoch 202/2000 | Train MSE: 0.000025
Epoch 203/2000 | Train MSE: 0.000058
Epoch 204/2000 | Train MSE: 0.000022
Epoch 205/2000 | Train MSE: 0.000019
Epoch 206/2000 | Train MSE: 0.000015
Epoch 207/2000 | Train MSE: 0.000014
Epoch 208/2000 | Train MSE: 0.000012
Epoch 209/2000 | Train MSE: 0.000013
Epoch 210/2000 | Train MSE: 0.000008
Epoch 211/2000 | Train MSE: 0.000011
Epoch 212/2000 | Train MSE: 0.000017
Epoch 213/2000 | Train MSE: 0.000022
Epoch 214/2000 | Train MSE: 0.000016
Epoch 215/2000 | Train MSE: 0.000049
Epoch 216/2000 | Train MSE: 0.000043
Epoch 217/2000 | Train MSE: 0.000043
Epoch 218/2000 | Train MSE: 0.000033
Epoch 219/2000 | Train MSE: 0.000017
Epoch 220/2000 | Train MSE: 0.000022
Epoch 221/2000 | Train MSE: 0.000022
Epoch 222/2000 | Train MSE: 0.000026
Epoch 223/2000 | Train MSE: 0.000023
Epoch 224/2000 | Train MSE: 0.000016
Epoch 225/2000 | Train MSE: 0.000021
Epoch 226/2000 | Train MSE: 0.000032
Epoch 227/2000 | Train MSE: 0.000021
Epoch 228/2000 | Train MSE: 0.000018
Epoch 229/2000 | Train MSE: 0.000023
Epoch 230/2000 | Train MSE: 0.000038
Epoch 231/2000 | Train MSE: 0.000022
Epoch 232/2000 | Train MSE: 0.000026
Epoch 233/2000 | Train MSE: 0.000019
Epoch 234/2000 | Train MSE: 0.000021
Epoch 235/2000 | Train MSE: 0.000020
Epoch 236/2000 | Train MSE: 0.000023
Epoch 237/2000 | Train MSE: 0.000009
Epoch 238/2000 | Train MSE: 0.000008
Epoch 239/2000 | Train MSE: 0.000012
Epoch 240/2000 | Train MSE: 0.000017
Epoch 241/2000 | Train MSE: 0.000028
Epoch 242/2000 | Train MSE: 0.000034
Epoch 243/2000 | Train MSE: 0.000028
Epoch 244/2000 | Train MSE: 0.000015
Epoch 245/2000 | Train MSE: 0.000018
Epoch 246/2000 | Train MSE: 0.000015
Epoch 247/2000 | Train MSE: 0.000011
Epoch 248/2000 | Train MSE: 0.000031
Epoch 249/2000 | Train MSE: 0.000020
Epoch 250/2000 | Train MSE: 0.000010
Epoch 251/2000 | Train MSE: 0.000008
Epoch 252/2000 | Train MSE: 0.000013
Epoch 253/2000 | Train MSE: 0.000009
Epoch 254/2000 | Train MSE: 0.000007
Epoch 255/2000 | Train MSE: 0.000004
Epoch 256/2000 | Train MSE: 0.000004
Epoch 257/2000 | Train MSE: 0.000002
Epoch 258/2000 | Train MSE: 0.000001
Epoch 259/2000 | Train MSE: 0.000003
Epoch 260/2000 | Train MSE: 0.000003
Epoch 261/2000 | Train MSE: 0.000002
Epoch 262/2000 | Train MSE: 0.000001
Epoch 263/2000 | Train MSE: 0.000002
Epoch 264/2000 | Train MSE: 0.000004
Epoch 265/2000 | Train MSE: 0.000002
Epoch 266/2000 | Train MSE: 0.000001
Epoch 267/2000 | Train MSE: 0.000001
Epoch 268/2000 | Train MSE: 0.000001
Epoch 269/2000 | Train MSE: 0.000001
Epoch 270/2000 | Train MSE: 0.000002
Epoch 271/2000 | Train MSE: 0.000001
Epoch 272/2000 | Train MSE: 0.000001
Epoch 273/2000 | Train MSE: 0.000001
Epoch 274/2000 | Train MSE: 0.000001
Epoch 275/2000 | Train MSE: 0.000001
Epoch 276/2000 | Train MSE: 0.000001
Epoch 277/2000 | Train MSE: 0.000001
Epoch 278/2000 | Train MSE: 0.000000
Epoch 279/2000 | Train MSE: 0.000000
Epoch 280/2000 | Train MSE: 0.000000
Epoch 281/2000 | Train MSE: 0.000000
Epoch 282/2000 | Train MSE: 0.000000
Epoch 283/2000 | Train MSE: 0.000000
Epoch 284/2000 | Train MSE: 0.000000
Epoch 285/2000 | Train MSE: 0.000000
Epoch 286/2000 | Train MSE: 0.000000
Epoch 287/2000 | Train MSE: 0.000000
Epoch 288/2000 | Train MSE: 0.000000
Epoch 289/2000 | Train MSE: 0.000001
Epoch 290/2000 | Train MSE: 0.000001
Epoch 291/2000 | Train MSE: 0.000001
Epoch 292/2000 | Train MSE: 0.000001
Epoch 293/2000 | Train MSE: 0.000001
Epoch 294/2000 | Train MSE: 0.000002
Epoch 295/2000 | Train MSE: 0.000002
Epoch 296/2000 | Train MSE: 0.000001
Epoch 297/2000 | Train MSE: 0.000000
Epoch 298/2000 | Train MSE: 0.000001
Epoch 299/2000 | Train MSE: 0.000001
Epoch 300/2000 | Train MSE: 0.000001
Epoch 301/2000 | Train MSE: 0.000001
Epoch 302/2000 | Train MSE: 0.000001
Epoch 303/2000 | Train MSE: 0.000002
Epoch 304/2000 | Train MSE: 0.000003
Epoch 305/2000 | Train MSE: 0.000003
Epoch 306/2000 | Train MSE: 0.000005
Epoch 307/2000 | Train MSE: 0.000005
Epoch 308/2000 | Train MSE: 0.000007
Epoch 309/2000 | Train MSE: 0.000008
Epoch 310/2000 | Train MSE: 0.000007
Epoch 311/2000 | Train MSE: 0.000004
Epoch 312/2000 | Train MSE: 0.000005
Epoch 313/2000 | Train MSE: 0.000007
Epoch 314/2000 | Train MSE: 0.000014
Epoch 315/2000 | Train MSE: 0.000031
Epoch 316/2000 | Train MSE: 0.000082
Epoch 317/2000 | Train MSE: 0.000203
Epoch 318/2000 | Train MSE: 0.000098
Epoch 319/2000 | Train MSE: 0.000040
Epoch 320/2000 | Train MSE: 0.000029
Epoch 321/2000 | Train MSE: 0.000068
Epoch 322/2000 | Train MSE: 0.000039
Epoch 323/2000 | Train MSE: 0.000033
Epoch 324/2000 | Train MSE: 0.000033
Epoch 325/2000 | Train MSE: 0.000033
Epoch 326/2000 | Train MSE: 0.000062
Epoch 327/2000 | Train MSE: 0.000057
Epoch 328/2000 | Train MSE: 0.000026
Epoch 329/2000 | Train MSE: 0.000052
Epoch 330/2000 | Train MSE: 0.000065
Epoch 331/2000 | Train MSE: 0.000032
Epoch 332/2000 | Train MSE: 0.000024
Epoch 333/2000 | Train MSE: 0.000034
Early stopping at epoch 333. Best training loss: 0.000000

Training H2

Epoch 1/2000 | Train MSE: 0.029428
Epoch 2/2000 | Train MSE: 0.004044
Epoch 3/2000 | Train MSE: 0.002002
Epoch 4/2000 | Train MSE: 0.001149
Epoch 5/2000 | Train MSE: 0.000663
Epoch 6/2000 | Train MSE: 0.000524
Epoch 7/2000 | Train MSE: 0.000478
Epoch 8/2000 | Train MSE: 0.000407
Epoch 9/2000 | Train MSE: 0.000387
Epoch 10/2000 | Train MSE: 0.000414
Epoch 11/2000 | Train MSE: 0.000349
Epoch 12/2000 | Train MSE: 0.000286
Epoch 13/2000 | Train MSE: 0.000242
Epoch 14/2000 | Train MSE: 0.000218
Epoch 15/2000 | Train MSE: 0.000213
Epoch 16/2000 | Train MSE: 0.000214
Epoch 17/2000 | Train MSE: 0.000179
Epoch 18/2000 | Train MSE: 0.000178
Epoch 19/2000 | Train MSE: 0.000186
Epoch 20/2000 | Train MSE: 0.000186
Epoch 21/2000 | Train MSE: 0.000196
Epoch 22/2000 | Train MSE: 0.000244
Epoch 23/2000 | Train MSE: 0.000224
Epoch 24/2000 | Train MSE: 0.000223
Epoch 25/2000 | Train MSE: 0.000209
Epoch 26/2000 | Train MSE: 0.000173
Epoch 27/2000 | Train MSE: 0.000216
Epoch 28/2000 | Train MSE: 0.000181
Epoch 29/2000 | Train MSE: 0.000097
Epoch 30/2000 | Train MSE: 0.000108
Epoch 31/2000 | Train MSE: 0.000098
Epoch 32/2000 | Train MSE: 0.000113
Epoch 33/2000 | Train MSE: 0.000079
Epoch 34/2000 | Train MSE: 0.000089
Epoch 35/2000 | Train MSE: 0.000081
Epoch 36/2000 | Train MSE: 0.000083
Epoch 37/2000 | Train MSE: 0.000093
Epoch 38/2000 | Train MSE: 0.000071
Epoch 39/2000 | Train MSE: 0.000098
Epoch 40/2000 | Train MSE: 0.000115
Epoch 41/2000 | Train MSE: 0.000066
Epoch 42/2000 | Train MSE: 0.000066
Epoch 43/2000 | Train MSE: 0.000071
Epoch 44/2000 | Train MSE: 0.000091
Epoch 45/2000 | Train MSE: 0.000057
Epoch 46/2000 | Train MSE: 0.000073
Epoch 47/2000 | Train MSE: 0.000110
Epoch 48/2000 | Train MSE: 0.000093
Epoch 49/2000 | Train MSE: 0.000078
Epoch 50/2000 | Train MSE: 0.000112
Epoch 51/2000 | Train MSE: 0.000101
Epoch 52/2000 | Train MSE: 0.000081
Epoch 53/2000 | Train MSE: 0.000091
Epoch 54/2000 | Train MSE: 0.000103
Epoch 55/2000 | Train MSE: 0.000084
Epoch 56/2000 | Train MSE: 0.000052
Epoch 57/2000 | Train MSE: 0.000050
Epoch 58/2000 | Train MSE: 0.000072
Epoch 59/2000 | Train MSE: 0.000071
Epoch 60/2000 | Train MSE: 0.000085
Epoch 61/2000 | Train MSE: 0.000071
Epoch 62/2000 | Train MSE: 0.000100
Epoch 63/2000 | Train MSE: 0.000096
Epoch 64/2000 | Train MSE: 0.000074
Epoch 65/2000 | Train MSE: 0.000061
Epoch 66/2000 | Train MSE: 0.000052
Epoch 67/2000 | Train MSE: 0.000040
Epoch 68/2000 | Train MSE: 0.000045
Epoch 69/2000 | Train MSE: 0.000038
Epoch 70/2000 | Train MSE: 0.000079
Epoch 71/2000 | Train MSE: 0.000057
Epoch 72/2000 | Train MSE: 0.000108
Epoch 73/2000 | Train MSE: 0.000063
Epoch 74/2000 | Train MSE: 0.000040
Epoch 75/2000 | Train MSE: 0.000042
Epoch 76/2000 | Train MSE: 0.000052
Epoch 77/2000 | Train MSE: 0.000109
Epoch 78/2000 | Train MSE: 0.000067
Epoch 79/2000 | Train MSE: 0.000081
Epoch 80/2000 | Train MSE: 0.000082
Epoch 81/2000 | Train MSE: 0.000049
Epoch 82/2000 | Train MSE: 0.000060
Epoch 83/2000 | Train MSE: 0.000045
Epoch 84/2000 | Train MSE: 0.000036
Epoch 85/2000 | Train MSE: 0.000027
Epoch 86/2000 | Train MSE: 0.000034
Epoch 87/2000 | Train MSE: 0.000033
Epoch 88/2000 | Train MSE: 0.000029
Epoch 89/2000 | Train MSE: 0.000029
Epoch 90/2000 | Train MSE: 0.000034
Epoch 91/2000 | Train MSE: 0.000033
Epoch 92/2000 | Train MSE: 0.000034
Epoch 93/2000 | Train MSE: 0.000110
Epoch 94/2000 | Train MSE: 0.000137
Epoch 95/2000 | Train MSE: 0.000109
Epoch 96/2000 | Train MSE: 0.000079
Epoch 97/2000 | Train MSE: 0.000066
Epoch 98/2000 | Train MSE: 0.000070
Epoch 99/2000 | Train MSE: 0.000070
Epoch 100/2000 | Train MSE: 0.000062
Epoch 101/2000 | Train MSE: 0.000048
Epoch 102/2000 | Train MSE: 0.000035
Epoch 103/2000 | Train MSE: 0.000040
Epoch 104/2000 | Train MSE: 0.000040
Epoch 105/2000 | Train MSE: 0.000046
Epoch 106/2000 | Train MSE: 0.000037
Epoch 107/2000 | Train MSE: 0.000029
Epoch 108/2000 | Train MSE: 0.000031
Epoch 109/2000 | Train MSE: 0.000020
Epoch 110/2000 | Train MSE: 0.000036
Epoch 111/2000 | Train MSE: 0.000053
Epoch 112/2000 | Train MSE: 0.000042
Epoch 113/2000 | Train MSE: 0.000034
Epoch 114/2000 | Train MSE: 0.000022
Epoch 115/2000 | Train MSE: 0.000027
Epoch 116/2000 | Train MSE: 0.000030
Epoch 117/2000 | Train MSE: 0.000023
Epoch 118/2000 | Train MSE: 0.000026
Epoch 119/2000 | Train MSE: 0.000046
Epoch 120/2000 | Train MSE: 0.000056
Epoch 121/2000 | Train MSE: 0.000025
Epoch 122/2000 | Train MSE: 0.000039
Epoch 123/2000 | Train MSE: 0.000059
Epoch 124/2000 | Train MSE: 0.000024
Epoch 125/2000 | Train MSE: 0.000033
Epoch 126/2000 | Train MSE: 0.000060
Epoch 127/2000 | Train MSE: 0.000033
Epoch 128/2000 | Train MSE: 0.000036
Epoch 129/2000 | Train MSE: 0.000017
Epoch 130/2000 | Train MSE: 0.000037
Epoch 131/2000 | Train MSE: 0.000025
Epoch 132/2000 | Train MSE: 0.000020
Epoch 133/2000 | Train MSE: 0.000028
Epoch 134/2000 | Train MSE: 0.000020
Epoch 135/2000 | Train MSE: 0.000021
Epoch 136/2000 | Train MSE: 0.000017
Epoch 137/2000 | Train MSE: 0.000019
Epoch 138/2000 | Train MSE: 0.000019
Epoch 139/2000 | Train MSE: 0.000017
Epoch 140/2000 | Train MSE: 0.000022
Epoch 141/2000 | Train MSE: 0.000035
Epoch 142/2000 | Train MSE: 0.000024
Epoch 143/2000 | Train MSE: 0.000014
Epoch 144/2000 | Train MSE: 0.000018
Epoch 145/2000 | Train MSE: 0.000019
Epoch 146/2000 | Train MSE: 0.000051
Epoch 147/2000 | Train MSE: 0.000071
Epoch 148/2000 | Train MSE: 0.000058
Epoch 149/2000 | Train MSE: 0.000033
Epoch 150/2000 | Train MSE: 0.000024
Epoch 151/2000 | Train MSE: 0.000025
Epoch 152/2000 | Train MSE: 0.000024
Epoch 153/2000 | Train MSE: 0.000031
Epoch 154/2000 | Train MSE: 0.000028
Epoch 155/2000 | Train MSE: 0.000032
Epoch 156/2000 | Train MSE: 0.000033
Epoch 157/2000 | Train MSE: 0.000028
Epoch 158/2000 | Train MSE: 0.000015
Epoch 159/2000 | Train MSE: 0.000013
Epoch 160/2000 | Train MSE: 0.000013
Epoch 161/2000 | Train MSE: 0.000020
Epoch 162/2000 | Train MSE: 0.000019
Epoch 163/2000 | Train MSE: 0.000016
Epoch 164/2000 | Train MSE: 0.000020
Epoch 165/2000 | Train MSE: 0.000038
Epoch 166/2000 | Train MSE: 0.000038
Epoch 167/2000 | Train MSE: 0.000030
Epoch 168/2000 | Train MSE: 0.000025
Epoch 169/2000 | Train MSE: 0.000022
Epoch 170/2000 | Train MSE: 0.000028
Epoch 171/2000 | Train MSE: 0.000022
Epoch 172/2000 | Train MSE: 0.000025
Epoch 173/2000 | Train MSE: 0.000015
Epoch 174/2000 | Train MSE: 0.000015
Epoch 175/2000 | Train MSE: 0.000021
Epoch 176/2000 | Train MSE: 0.000014
Epoch 177/2000 | Train MSE: 0.000030
Epoch 178/2000 | Train MSE: 0.000016
Epoch 179/2000 | Train MSE: 0.000026
Epoch 180/2000 | Train MSE: 0.000047
Epoch 181/2000 | Train MSE: 0.000051
Epoch 182/2000 | Train MSE: 0.000029
Epoch 183/2000 | Train MSE: 0.000035
Epoch 184/2000 | Train MSE: 0.000059
Epoch 185/2000 | Train MSE: 0.000036
Epoch 186/2000 | Train MSE: 0.000016
Epoch 187/2000 | Train MSE: 0.000017
Epoch 188/2000 | Train MSE: 0.000018
Epoch 189/2000 | Train MSE: 0.000018
Epoch 190/2000 | Train MSE: 0.000028
Epoch 191/2000 | Train MSE: 0.000016
Epoch 192/2000 | Train MSE: 0.000016
Epoch 193/2000 | Train MSE: 0.000011
Epoch 194/2000 | Train MSE: 0.000014
Epoch 195/2000 | Train MSE: 0.000024
Epoch 196/2000 | Train MSE: 0.000052
Epoch 197/2000 | Train MSE: 0.000033
Epoch 198/2000 | Train MSE: 0.000020
Epoch 199/2000 | Train MSE: 0.000026
Epoch 200/2000 | Train MSE: 0.000014
Epoch 201/2000 | Train MSE: 0.000016
Epoch 202/2000 | Train MSE: 0.000022
Epoch 203/2000 | Train MSE: 0.000016
Epoch 204/2000 | Train MSE: 0.000011
Epoch 205/2000 | Train MSE: 0.000013
Epoch 206/2000 | Train MSE: 0.000013
Epoch 207/2000 | Train MSE: 0.000020
Epoch 208/2000 | Train MSE: 0.000031
Epoch 209/2000 | Train MSE: 0.000026
Epoch 210/2000 | Train MSE: 0.000034
Epoch 211/2000 | Train MSE: 0.000016
Epoch 212/2000 | Train MSE: 0.000020
Epoch 213/2000 | Train MSE: 0.000023
Epoch 214/2000 | Train MSE: 0.000014
Epoch 215/2000 | Train MSE: 0.000009
Epoch 216/2000 | Train MSE: 0.000011
Epoch 217/2000 | Train MSE: 0.000012
Epoch 218/2000 | Train MSE: 0.000009
Epoch 219/2000 | Train MSE: 0.000013
Epoch 220/2000 | Train MSE: 0.000068
Epoch 221/2000 | Train MSE: 0.000034
Epoch 222/2000 | Train MSE: 0.000027
Epoch 223/2000 | Train MSE: 0.000011
Epoch 224/2000 | Train MSE: 0.000013
Epoch 225/2000 | Train MSE: 0.000009
Epoch 226/2000 | Train MSE: 0.000022
Epoch 227/2000 | Train MSE: 0.000045
Epoch 228/2000 | Train MSE: 0.000033
Epoch 229/2000 | Train MSE: 0.000013
Epoch 230/2000 | Train MSE: 0.000021
Epoch 231/2000 | Train MSE: 0.000012
Epoch 232/2000 | Train MSE: 0.000012
Epoch 233/2000 | Train MSE: 0.000005
Epoch 234/2000 | Train MSE: 0.000011
Epoch 235/2000 | Train MSE: 0.000017
Epoch 236/2000 | Train MSE: 0.000020
Epoch 237/2000 | Train MSE: 0.000058
Epoch 238/2000 | Train MSE: 0.000024
Epoch 239/2000 | Train MSE: 0.000011
Epoch 240/2000 | Train MSE: 0.000010
Epoch 241/2000 | Train MSE: 0.000011
Epoch 242/2000 | Train MSE: 0.000006
Epoch 243/2000 | Train MSE: 0.000007
Epoch 244/2000 | Train MSE: 0.000013
Epoch 245/2000 | Train MSE: 0.000011
Epoch 246/2000 | Train MSE: 0.000006
Epoch 247/2000 | Train MSE: 0.000004
Epoch 248/2000 | Train MSE: 0.000009
Epoch 249/2000 | Train MSE: 0.000005
Epoch 250/2000 | Train MSE: 0.000003
Epoch 251/2000 | Train MSE: 0.000004
Epoch 252/2000 | Train MSE: 0.000002
Epoch 253/2000 | Train MSE: 0.000002
Epoch 254/2000 | Train MSE: 0.000003
Epoch 255/2000 | Train MSE: 0.000002
Epoch 256/2000 | Train MSE: 0.000001
Epoch 257/2000 | Train MSE: 0.000001
Epoch 258/2000 | Train MSE: 0.000001
Epoch 259/2000 | Train MSE: 0.000001
Epoch 260/2000 | Train MSE: 0.000001
Epoch 261/2000 | Train MSE: 0.000001
Epoch 262/2000 | Train MSE: 0.000002
Epoch 263/2000 | Train MSE: 0.000001
Epoch 264/2000 | Train MSE: 0.000001
Epoch 265/2000 | Train MSE: 0.000001
Epoch 266/2000 | Train MSE: 0.000001
Epoch 267/2000 | Train MSE: 0.000001
Epoch 268/2000 | Train MSE: 0.000001
Epoch 269/2000 | Train MSE: 0.000001
Epoch 270/2000 | Train MSE: 0.000001
Epoch 271/2000 | Train MSE: 0.000002
Epoch 272/2000 | Train MSE: 0.000002
Epoch 273/2000 | Train MSE: 0.000002
Epoch 274/2000 | Train MSE: 0.000003
Epoch 275/2000 | Train MSE: 0.000003
Epoch 276/2000 | Train MSE: 0.000002
Epoch 277/2000 | Train MSE: 0.000002
Epoch 278/2000 | Train MSE: 0.000001
Epoch 279/2000 | Train MSE: 0.000001
Epoch 280/2000 | Train MSE: 0.000002
Epoch 281/2000 | Train MSE: 0.000002
Epoch 282/2000 | Train MSE: 0.000001
Epoch 283/2000 | Train MSE: 0.000002
Epoch 284/2000 | Train MSE: 0.000002
Epoch 285/2000 | Train MSE: 0.000002
Epoch 286/2000 | Train MSE: 0.000002
Epoch 287/2000 | Train MSE: 0.000004
Epoch 288/2000 | Train MSE: 0.000005
Epoch 289/2000 | Train MSE: 0.000004
Epoch 290/2000 | Train MSE: 0.000003
Epoch 291/2000 | Train MSE: 0.000004
Epoch 292/2000 | Train MSE: 0.000005
Epoch 293/2000 | Train MSE: 0.000013
Epoch 294/2000 | Train MSE: 0.000015
Epoch 295/2000 | Train MSE: 0.000007
Epoch 296/2000 | Train MSE: 0.000015
Epoch 297/2000 | Train MSE: 0.000020
Epoch 298/2000 | Train MSE: 0.000046
Epoch 299/2000 | Train MSE: 0.000124
Epoch 300/2000 | Train MSE: 0.000110
Epoch 301/2000 | Train MSE: 0.000099
Epoch 302/2000 | Train MSE: 0.000082
Epoch 303/2000 | Train MSE: 0.000043
Epoch 304/2000 | Train MSE: 0.000020
Epoch 305/2000 | Train MSE: 0.000011
Epoch 306/2000 | Train MSE: 0.000012
Epoch 307/2000 | Train MSE: 0.000016
Epoch 308/2000 | Train MSE: 0.000020
Epoch 309/2000 | Train MSE: 0.000009
Epoch 310/2000 | Train MSE: 0.000005
Epoch 311/2000 | Train MSE: 0.000003
Epoch 312/2000 | Train MSE: 0.000003
Epoch 313/2000 | Train MSE: 0.000002
Epoch 314/2000 | Train MSE: 0.000002
Epoch 315/2000 | Train MSE: 0.000002
Epoch 316/2000 | Train MSE: 0.000002
Early stopping at epoch 316. Best training loss: 0.000001

Training H3

Epoch 1/2000 | Train MSE: 0.038743
Epoch 2/2000 | Train MSE: 0.005885
Epoch 3/2000 | Train MSE: 0.003008
Epoch 4/2000 | Train MSE: 0.001810
Epoch 5/2000 | Train MSE: 0.001263
Epoch 6/2000 | Train MSE: 0.000753
Epoch 7/2000 | Train MSE: 0.000627
Epoch 8/2000 | Train MSE: 0.000524
Epoch 9/2000 | Train MSE: 0.000349
Epoch 10/2000 | Train MSE: 0.000297
Epoch 11/2000 | Train MSE: 0.000292
Epoch 12/2000 | Train MSE: 0.000336
Epoch 13/2000 | Train MSE: 0.000361
Epoch 14/2000 | Train MSE: 0.000282
Epoch 15/2000 | Train MSE: 0.000236
Epoch 16/2000 | Train MSE: 0.000212
Epoch 17/2000 | Train MSE: 0.000191
Epoch 18/2000 | Train MSE: 0.000182
Epoch 19/2000 | Train MSE: 0.000174
Epoch 20/2000 | Train MSE: 0.000171
Epoch 21/2000 | Train MSE: 0.000147
Epoch 22/2000 | Train MSE: 0.000155
Epoch 23/2000 | Train MSE: 0.000170
Epoch 24/2000 | Train MSE: 0.000160
Epoch 25/2000 | Train MSE: 0.000110
Epoch 26/2000 | Train MSE: 0.000146
Epoch 27/2000 | Train MSE: 0.000161
Epoch 28/2000 | Train MSE: 0.000145
Epoch 29/2000 | Train MSE: 0.000182
Epoch 30/2000 | Train MSE: 0.000110
Epoch 31/2000 | Train MSE: 0.000105
Epoch 32/2000 | Train MSE: 0.000217
Epoch 33/2000 | Train MSE: 0.000187
Epoch 34/2000 | Train MSE: 0.000137
Epoch 35/2000 | Train MSE: 0.000090
Epoch 36/2000 | Train MSE: 0.000084
Epoch 37/2000 | Train MSE: 0.000096
Epoch 38/2000 | Train MSE: 0.000090
Epoch 39/2000 | Train MSE: 0.000157
Epoch 40/2000 | Train MSE: 0.000136
Epoch 41/2000 | Train MSE: 0.000098
Epoch 42/2000 | Train MSE: 0.000072
Epoch 43/2000 | Train MSE: 0.000102
Epoch 44/2000 | Train MSE: 0.000097
Epoch 45/2000 | Train MSE: 0.000073
Epoch 46/2000 | Train MSE: 0.000068
Epoch 47/2000 | Train MSE: 0.000073
Epoch 48/2000 | Train MSE: 0.000081
Epoch 49/2000 | Train MSE: 0.000068
Epoch 50/2000 | Train MSE: 0.000054
Epoch 51/2000 | Train MSE: 0.000055
Epoch 52/2000 | Train MSE: 0.000072
Epoch 53/2000 | Train MSE: 0.000051
Epoch 54/2000 | Train MSE: 0.000056
Epoch 55/2000 | Train MSE: 0.000052
Epoch 56/2000 | Train MSE: 0.000098
Epoch 57/2000 | Train MSE: 0.000108
Epoch 58/2000 | Train MSE: 0.000074
Epoch 59/2000 | Train MSE: 0.000060
Epoch 60/2000 | Train MSE: 0.000063
Epoch 61/2000 | Train MSE: 0.000058
Epoch 62/2000 | Train MSE: 0.000094
Epoch 63/2000 | Train MSE: 0.000066
Epoch 64/2000 | Train MSE: 0.000071
Epoch 65/2000 | Train MSE: 0.000071
Epoch 66/2000 | Train MSE: 0.000064
Epoch 67/2000 | Train MSE: 0.000094
Epoch 68/2000 | Train MSE: 0.000139
Epoch 69/2000 | Train MSE: 0.000062
Epoch 70/2000 | Train MSE: 0.000054
Epoch 71/2000 | Train MSE: 0.000065
Epoch 72/2000 | Train MSE: 0.000067
Epoch 73/2000 | Train MSE: 0.000068
Epoch 74/2000 | Train MSE: 0.000109
Epoch 75/2000 | Train MSE: 0.000304
Epoch 76/2000 | Train MSE: 0.000251
Epoch 77/2000 | Train MSE: 0.000161
Epoch 78/2000 | Train MSE: 0.000078
Epoch 79/2000 | Train MSE: 0.000089
Epoch 80/2000 | Train MSE: 0.000051
Epoch 81/2000 | Train MSE: 0.000070
Epoch 82/2000 | Train MSE: 0.000078
Epoch 83/2000 | Train MSE: 0.000046
Epoch 84/2000 | Train MSE: 0.000059
Epoch 85/2000 | Train MSE: 0.000050
Epoch 86/2000 | Train MSE: 0.000038
Epoch 87/2000 | Train MSE: 0.000064
Epoch 88/2000 | Train MSE: 0.000055
Epoch 89/2000 | Train MSE: 0.000071
Epoch 90/2000 | Train MSE: 0.000053
Epoch 91/2000 | Train MSE: 0.000049
Epoch 92/2000 | Train MSE: 0.000037
Epoch 93/2000 | Train MSE: 0.000088
Epoch 94/2000 | Train MSE: 0.000092
Epoch 95/2000 | Train MSE: 0.000059
Epoch 96/2000 | Train MSE: 0.000070
Epoch 97/2000 | Train MSE: 0.000044
Epoch 98/2000 | Train MSE: 0.000035
Epoch 99/2000 | Train MSE: 0.000035
Epoch 100/2000 | Train MSE: 0.000044
Epoch 101/2000 | Train MSE: 0.000029
Epoch 102/2000 | Train MSE: 0.000029
Epoch 103/2000 | Train MSE: 0.000033
Epoch 104/2000 | Train MSE: 0.000031
Epoch 105/2000 | Train MSE: 0.000030
Epoch 106/2000 | Train MSE: 0.000031
Epoch 107/2000 | Train MSE: 0.000048
Epoch 108/2000 | Train MSE: 0.000082
Epoch 109/2000 | Train MSE: 0.000072
Epoch 110/2000 | Train MSE: 0.000052
Epoch 111/2000 | Train MSE: 0.000044
Epoch 112/2000 | Train MSE: 0.000048
Epoch 113/2000 | Train MSE: 0.000026
Epoch 114/2000 | Train MSE: 0.000036
Epoch 115/2000 | Train MSE: 0.000047
Epoch 116/2000 | Train MSE: 0.000058
Epoch 117/2000 | Train MSE: 0.000042
Epoch 118/2000 | Train MSE: 0.000052
Epoch 119/2000 | Train MSE: 0.000041
Epoch 120/2000 | Train MSE: 0.000041
Epoch 121/2000 | Train MSE: 0.000038
Epoch 122/2000 | Train MSE: 0.000035
Epoch 123/2000 | Train MSE: 0.000039
Epoch 124/2000 | Train MSE: 0.000050
Epoch 125/2000 | Train MSE: 0.000046
Epoch 126/2000 | Train MSE: 0.000036
Epoch 127/2000 | Train MSE: 0.000034
Epoch 128/2000 | Train MSE: 0.000031
Epoch 129/2000 | Train MSE: 0.000056
Epoch 130/2000 | Train MSE: 0.000064
Epoch 131/2000 | Train MSE: 0.000043
Epoch 132/2000 | Train MSE: 0.000053
Epoch 133/2000 | Train MSE: 0.000040
Epoch 134/2000 | Train MSE: 0.000042
Epoch 135/2000 | Train MSE: 0.000048
Epoch 136/2000 | Train MSE: 0.000029
Epoch 137/2000 | Train MSE: 0.000025
Epoch 138/2000 | Train MSE: 0.000030
Epoch 139/2000 | Train MSE: 0.000022
Epoch 140/2000 | Train MSE: 0.000028
Epoch 141/2000 | Train MSE: 0.000017
Epoch 142/2000 | Train MSE: 0.000032
Epoch 143/2000 | Train MSE: 0.000030
Epoch 144/2000 | Train MSE: 0.000022
Epoch 145/2000 | Train MSE: 0.000036
Epoch 146/2000 | Train MSE: 0.000026
Epoch 147/2000 | Train MSE: 0.000033
Epoch 148/2000 | Train MSE: 0.000035
Epoch 149/2000 | Train MSE: 0.000038
Epoch 150/2000 | Train MSE: 0.000021
Epoch 151/2000 | Train MSE: 0.000055
Epoch 152/2000 | Train MSE: 0.000107
Epoch 153/2000 | Train MSE: 0.000060
Epoch 154/2000 | Train MSE: 0.000026
Epoch 155/2000 | Train MSE: 0.000042
Epoch 156/2000 | Train MSE: 0.000041
Epoch 157/2000 | Train MSE: 0.000028
Epoch 158/2000 | Train MSE: 0.000031
Epoch 159/2000 | Train MSE: 0.000040
Epoch 160/2000 | Train MSE: 0.000041
Epoch 161/2000 | Train MSE: 0.000023
Epoch 162/2000 | Train MSE: 0.000015
Epoch 163/2000 | Train MSE: 0.000017
Epoch 164/2000 | Train MSE: 0.000014
Epoch 165/2000 | Train MSE: 0.000026
Epoch 166/2000 | Train MSE: 0.000023
Epoch 167/2000 | Train MSE: 0.000027
Epoch 168/2000 | Train MSE: 0.000024
Epoch 169/2000 | Train MSE: 0.000017
Epoch 170/2000 | Train MSE: 0.000018
Epoch 171/2000 | Train MSE: 0.000018
Epoch 172/2000 | Train MSE: 0.000018
Epoch 173/2000 | Train MSE: 0.000027
Epoch 174/2000 | Train MSE: 0.000021
Epoch 175/2000 | Train MSE: 0.000023
Epoch 176/2000 | Train MSE: 0.000034
Epoch 177/2000 | Train MSE: 0.000025
Epoch 178/2000 | Train MSE: 0.000024
Epoch 179/2000 | Train MSE: 0.000022
Epoch 180/2000 | Train MSE: 0.000024
Epoch 181/2000 | Train MSE: 0.000026
Epoch 182/2000 | Train MSE: 0.000024
Epoch 183/2000 | Train MSE: 0.000020
Epoch 184/2000 | Train MSE: 0.000020
Epoch 185/2000 | Train MSE: 0.000024
Epoch 186/2000 | Train MSE: 0.000022
Epoch 187/2000 | Train MSE: 0.000032
Epoch 188/2000 | Train MSE: 0.000033
Epoch 189/2000 | Train MSE: 0.000024
Epoch 190/2000 | Train MSE: 0.000022
Epoch 191/2000 | Train MSE: 0.000039
Epoch 192/2000 | Train MSE: 0.000042
Epoch 193/2000 | Train MSE: 0.000066
Epoch 194/2000 | Train MSE: 0.000169
Epoch 195/2000 | Train MSE: 0.000105
Epoch 196/2000 | Train MSE: 0.000076
Epoch 197/2000 | Train MSE: 0.000081
Epoch 198/2000 | Train MSE: 0.000064
Epoch 199/2000 | Train MSE: 0.000046
Epoch 200/2000 | Train MSE: 0.000034
Epoch 201/2000 | Train MSE: 0.000022
Epoch 202/2000 | Train MSE: 0.000041
Epoch 203/2000 | Train MSE: 0.000041
Epoch 204/2000 | Train MSE: 0.000021
Epoch 205/2000 | Train MSE: 0.000015
Epoch 206/2000 | Train MSE: 0.000028
Epoch 207/2000 | Train MSE: 0.000041
Epoch 208/2000 | Train MSE: 0.000032
Epoch 209/2000 | Train MSE: 0.000087
Epoch 210/2000 | Train MSE: 0.000054
Epoch 211/2000 | Train MSE: 0.000053
Epoch 212/2000 | Train MSE: 0.000040
Epoch 213/2000 | Train MSE: 0.000037
Epoch 214/2000 | Train MSE: 0.000039
Early stopping at epoch 214. Best training loss: 0.000014

Training H4

Epoch 1/2000 | Train MSE: 0.041879
Epoch 2/2000 | Train MSE: 0.009926
Epoch 3/2000 | Train MSE: 0.005066
Epoch 4/2000 | Train MSE: 0.002905
Epoch 5/2000 | Train MSE: 0.001506
Epoch 6/2000 | Train MSE: 0.001211
Epoch 7/2000 | Train MSE: 0.000939
Epoch 8/2000 | Train MSE: 0.000779
Epoch 9/2000 | Train MSE: 0.000574
Epoch 10/2000 | Train MSE: 0.000493
Epoch 11/2000 | Train MSE: 0.000472
Epoch 12/2000 | Train MSE: 0.000570
Epoch 13/2000 | Train MSE: 0.000407
Epoch 14/2000 | Train MSE: 0.000416
Epoch 15/2000 | Train MSE: 0.000348
Epoch 16/2000 | Train MSE: 0.000343
Epoch 17/2000 | Train MSE: 0.000281
Epoch 18/2000 | Train MSE: 0.000260
Epoch 19/2000 | Train MSE: 0.000265
Epoch 20/2000 | Train MSE: 0.000271
Epoch 21/2000 | Train MSE: 0.000392
Epoch 22/2000 | Train MSE: 0.000354
Epoch 23/2000 | Train MSE: 0.000315
Epoch 24/2000 | Train MSE: 0.000281
Epoch 25/2000 | Train MSE: 0.000220
Epoch 26/2000 | Train MSE: 0.000220
Epoch 27/2000 | Train MSE: 0.000169
Epoch 28/2000 | Train MSE: 0.000179
Epoch 29/2000 | Train MSE: 0.000151
Epoch 30/2000 | Train MSE: 0.000154
Epoch 31/2000 | Train MSE: 0.000204
Epoch 32/2000 | Train MSE: 0.000198
Epoch 33/2000 | Train MSE: 0.000203
Epoch 34/2000 | Train MSE: 0.000230
Epoch 35/2000 | Train MSE: 0.000134
Epoch 36/2000 | Train MSE: 0.000122
Epoch 37/2000 | Train MSE: 0.000218
Epoch 38/2000 | Train MSE: 0.000164
Epoch 39/2000 | Train MSE: 0.000095
Epoch 40/2000 | Train MSE: 0.000130
Epoch 41/2000 | Train MSE: 0.000127
Epoch 42/2000 | Train MSE: 0.000107
Epoch 43/2000 | Train MSE: 0.000119
Epoch 44/2000 | Train MSE: 0.000086
Epoch 45/2000 | Train MSE: 0.000075
Epoch 46/2000 | Train MSE: 0.000085
Epoch 47/2000 | Train MSE: 0.000098
Epoch 48/2000 | Train MSE: 0.000102
Epoch 49/2000 | Train MSE: 0.000133
Epoch 50/2000 | Train MSE: 0.000086
Epoch 51/2000 | Train MSE: 0.000113
Epoch 52/2000 | Train MSE: 0.000130
Epoch 53/2000 | Train MSE: 0.000102
Epoch 54/2000 | Train MSE: 0.000150
Epoch 55/2000 | Train MSE: 0.000123
Epoch 56/2000 | Train MSE: 0.000099
Epoch 57/2000 | Train MSE: 0.000100
Epoch 58/2000 | Train MSE: 0.000107
Epoch 59/2000 | Train MSE: 0.000061
Epoch 60/2000 | Train MSE: 0.000073
Epoch 61/2000 | Train MSE: 0.000080
Epoch 62/2000 | Train MSE: 0.000073
Epoch 63/2000 | Train MSE: 0.000065
Epoch 64/2000 | Train MSE: 0.000136
Epoch 65/2000 | Train MSE: 0.000124
Epoch 66/2000 | Train MSE: 0.000087
Epoch 67/2000 | Train MSE: 0.000170
Epoch 68/2000 | Train MSE: 0.000214
Epoch 69/2000 | Train MSE: 0.000144
Epoch 70/2000 | Train MSE: 0.000109
Epoch 71/2000 | Train MSE: 0.000068
Epoch 72/2000 | Train MSE: 0.000060
Epoch 73/2000 | Train MSE: 0.000066
Epoch 74/2000 | Train MSE: 0.000062
Epoch 75/2000 | Train MSE: 0.000077
Epoch 76/2000 | Train MSE: 0.000106
Epoch 77/2000 | Train MSE: 0.000071
Epoch 78/2000 | Train MSE: 0.000074
Epoch 79/2000 | Train MSE: 0.000046
Epoch 80/2000 | Train MSE: 0.000043
Epoch 81/2000 | Train MSE: 0.000064
Epoch 82/2000 | Train MSE: 0.000132
Epoch 83/2000 | Train MSE: 0.000080
Epoch 84/2000 | Train MSE: 0.000123
Epoch 85/2000 | Train MSE: 0.000072
Epoch 86/2000 | Train MSE: 0.000042
Epoch 87/2000 | Train MSE: 0.000039
Epoch 88/2000 | Train MSE: 0.000097
Epoch 89/2000 | Train MSE: 0.000076
Epoch 90/2000 | Train MSE: 0.000067
Epoch 91/2000 | Train MSE: 0.000049
Epoch 92/2000 | Train MSE: 0.000042
Epoch 93/2000 | Train MSE: 0.000061
Epoch 94/2000 | Train MSE: 0.000056
Epoch 95/2000 | Train MSE: 0.000044
Epoch 96/2000 | Train MSE: 0.000060
Epoch 97/2000 | Train MSE: 0.000065
Epoch 98/2000 | Train MSE: 0.000049
Epoch 99/2000 | Train MSE: 0.000090
Epoch 100/2000 | Train MSE: 0.000168
Epoch 101/2000 | Train MSE: 0.000055
Epoch 102/2000 | Train MSE: 0.000042
Epoch 103/2000 | Train MSE: 0.000066
Epoch 104/2000 | Train MSE: 0.000044
Epoch 105/2000 | Train MSE: 0.000046
Epoch 106/2000 | Train MSE: 0.000051
Epoch 107/2000 | Train MSE: 0.000048
Epoch 108/2000 | Train MSE: 0.000040
Epoch 109/2000 | Train MSE: 0.000029
Epoch 110/2000 | Train MSE: 0.000023
Epoch 111/2000 | Train MSE: 0.000039
Epoch 112/2000 | Train MSE: 0.000050
Epoch 113/2000 | Train MSE: 0.000045
Epoch 114/2000 | Train MSE: 0.000054
Epoch 115/2000 | Train MSE: 0.000034
Epoch 116/2000 | Train MSE: 0.000041
Epoch 117/2000 | Train MSE: 0.000132
Epoch 118/2000 | Train MSE: 0.000135
Epoch 119/2000 | Train MSE: 0.000095
Epoch 120/2000 | Train MSE: 0.000116
Epoch 121/2000 | Train MSE: 0.000167
Epoch 122/2000 | Train MSE: 0.000173
Epoch 123/2000 | Train MSE: 0.000178
Epoch 124/2000 | Train MSE: 0.000079
Epoch 125/2000 | Train MSE: 0.000064
Epoch 126/2000 | Train MSE: 0.000063
Epoch 127/2000 | Train MSE: 0.000042
Epoch 128/2000 | Train MSE: 0.000032
Epoch 129/2000 | Train MSE: 0.000040
Epoch 130/2000 | Train MSE: 0.000051
Epoch 131/2000 | Train MSE: 0.000041
Epoch 132/2000 | Train MSE: 0.000036
Epoch 133/2000 | Train MSE: 0.000038
Epoch 134/2000 | Train MSE: 0.000031
Epoch 135/2000 | Train MSE: 0.000032
Epoch 136/2000 | Train MSE: 0.000032
Epoch 137/2000 | Train MSE: 0.000021
Epoch 138/2000 | Train MSE: 0.000020
Epoch 139/2000 | Train MSE: 0.000034
Epoch 140/2000 | Train MSE: 0.000047
Epoch 141/2000 | Train MSE: 0.000044
Epoch 142/2000 | Train MSE: 0.000035
Epoch 143/2000 | Train MSE: 0.000023
Epoch 144/2000 | Train MSE: 0.000017
Epoch 145/2000 | Train MSE: 0.000025
Epoch 146/2000 | Train MSE: 0.000021
Epoch 147/2000 | Train MSE: 0.000037
Epoch 148/2000 | Train MSE: 0.000033
Epoch 149/2000 | Train MSE: 0.000032
Epoch 150/2000 | Train MSE: 0.000022
Epoch 151/2000 | Train MSE: 0.000024
Epoch 152/2000 | Train MSE: 0.000031
Epoch 153/2000 | Train MSE: 0.000029
Epoch 154/2000 | Train MSE: 0.000018
Epoch 155/2000 | Train MSE: 0.000036
Epoch 156/2000 | Train MSE: 0.000052
Epoch 157/2000 | Train MSE: 0.000046
Epoch 158/2000 | Train MSE: 0.000043
Epoch 159/2000 | Train MSE: 0.000025
Epoch 160/2000 | Train MSE: 0.000024
Epoch 161/2000 | Train MSE: 0.000034
Epoch 162/2000 | Train MSE: 0.000044
Epoch 163/2000 | Train MSE: 0.000026
Epoch 164/2000 | Train MSE: 0.000023
Epoch 165/2000 | Train MSE: 0.000016
Epoch 166/2000 | Train MSE: 0.000019
Epoch 167/2000 | Train MSE: 0.000027
Epoch 168/2000 | Train MSE: 0.000027
Epoch 169/2000 | Train MSE: 0.000022
Epoch 170/2000 | Train MSE: 0.000027
Epoch 171/2000 | Train MSE: 0.000013
Epoch 172/2000 | Train MSE: 0.000021
Epoch 173/2000 | Train MSE: 0.000050
Epoch 174/2000 | Train MSE: 0.000021
Epoch 175/2000 | Train MSE: 0.000027
Epoch 176/2000 | Train MSE: 0.000031
Epoch 177/2000 | Train MSE: 0.000050
Epoch 178/2000 | Train MSE: 0.000023
Epoch 179/2000 | Train MSE: 0.000030
Epoch 180/2000 | Train MSE: 0.000047
Epoch 181/2000 | Train MSE: 0.000101
Epoch 182/2000 | Train MSE: 0.000054
Epoch 183/2000 | Train MSE: 0.000039
Epoch 184/2000 | Train MSE: 0.000038
Epoch 185/2000 | Train MSE: 0.000022
Epoch 186/2000 | Train MSE: 0.000018
Epoch 187/2000 | Train MSE: 0.000037
Epoch 188/2000 | Train MSE: 0.000040
Epoch 189/2000 | Train MSE: 0.000070
Epoch 190/2000 | Train MSE: 0.000058
Epoch 191/2000 | Train MSE: 0.000064
Epoch 192/2000 | Train MSE: 0.000026
Epoch 193/2000 | Train MSE: 0.000043
Epoch 194/2000 | Train MSE: 0.000031
Epoch 195/2000 | Train MSE: 0.000046
Epoch 196/2000 | Train MSE: 0.000019
Epoch 197/2000 | Train MSE: 0.000027
Epoch 198/2000 | Train MSE: 0.000033
Epoch 199/2000 | Train MSE: 0.000029
Epoch 200/2000 | Train MSE: 0.000020
Epoch 201/2000 | Train MSE: 0.000013
Epoch 202/2000 | Train MSE: 0.000013
Epoch 203/2000 | Train MSE: 0.000055
Epoch 204/2000 | Train MSE: 0.000037
Epoch 205/2000 | Train MSE: 0.000034
Epoch 206/2000 | Train MSE: 0.000043
Epoch 207/2000 | Train MSE: 0.000046
Epoch 208/2000 | Train MSE: 0.000149
Epoch 209/2000 | Train MSE: 0.000082
Epoch 210/2000 | Train MSE: 0.000047
Epoch 211/2000 | Train MSE: 0.000037
Epoch 212/2000 | Train MSE: 0.000041
Epoch 213/2000 | Train MSE: 0.000032
Epoch 214/2000 | Train MSE: 0.000023
Epoch 215/2000 | Train MSE: 0.000028
Epoch 216/2000 | Train MSE: 0.000016
Epoch 217/2000 | Train MSE: 0.000055
Epoch 218/2000 | Train MSE: 0.000027
Epoch 219/2000 | Train MSE: 0.000039
Epoch 220/2000 | Train MSE: 0.000028
Epoch 221/2000 | Train MSE: 0.000029
Epoch 222/2000 | Train MSE: 0.000024
Epoch 223/2000 | Train MSE: 0.000028
Epoch 224/2000 | Train MSE: 0.000037
Epoch 225/2000 | Train MSE: 0.000089
Epoch 226/2000 | Train MSE: 0.000071
Epoch 227/2000 | Train MSE: 0.000075
Epoch 228/2000 | Train MSE: 0.000052
Epoch 229/2000 | Train MSE: 0.000057
Epoch 230/2000 | Train MSE: 0.000025
Epoch 231/2000 | Train MSE: 0.000023
Epoch 232/2000 | Train MSE: 0.000049
Epoch 233/2000 | Train MSE: 0.000048
Epoch 234/2000 | Train MSE: 0.000020
Epoch 235/2000 | Train MSE: 0.000021
Epoch 236/2000 | Train MSE: 0.000019
Epoch 237/2000 | Train MSE: 0.000020
Epoch 238/2000 | Train MSE: 0.000030
Epoch 239/2000 | Train MSE: 0.000021
Epoch 240/2000 | Train MSE: 0.000021
Epoch 241/2000 | Train MSE: 0.000037
Epoch 242/2000 | Train MSE: 0.000013
Epoch 243/2000 | Train MSE: 0.000010
Epoch 244/2000 | Train MSE: 0.000021
Epoch 245/2000 | Train MSE: 0.000015
Epoch 246/2000 | Train MSE: 0.000034
Epoch 247/2000 | Train MSE: 0.000039
Epoch 248/2000 | Train MSE: 0.000031
Epoch 249/2000 | Train MSE: 0.000018
Epoch 250/2000 | Train MSE: 0.000039
Epoch 251/2000 | Train MSE: 0.000021
Epoch 252/2000 | Train MSE: 0.000022
Epoch 253/2000 | Train MSE: 0.000045
Epoch 254/2000 | Train MSE: 0.000023
Epoch 255/2000 | Train MSE: 0.000026
Epoch 256/2000 | Train MSE: 0.000044
Epoch 257/2000 | Train MSE: 0.000045
Epoch 258/2000 | Train MSE: 0.000031
Epoch 259/2000 | Train MSE: 0.000038
Epoch 260/2000 | Train MSE: 0.000022
Epoch 261/2000 | Train MSE: 0.000014
Epoch 262/2000 | Train MSE: 0.000029
Epoch 263/2000 | Train MSE: 0.000032
Epoch 264/2000 | Train MSE: 0.000042
Epoch 265/2000 | Train MSE: 0.000039
Epoch 266/2000 | Train MSE: 0.000015
Epoch 267/2000 | Train MSE: 0.000014
Epoch 268/2000 | Train MSE: 0.000022
Epoch 269/2000 | Train MSE: 0.000015
Epoch 270/2000 | Train MSE: 0.000020
Epoch 271/2000 | Train MSE: 0.000084
Epoch 272/2000 | Train MSE: 0.000055
Epoch 273/2000 | Train MSE: 0.000019
Epoch 274/2000 | Train MSE: 0.000034
Epoch 275/2000 | Train MSE: 0.000015
Epoch 276/2000 | Train MSE: 0.000012
Epoch 277/2000 | Train MSE: 0.000016
Epoch 278/2000 | Train MSE: 0.000020
Epoch 279/2000 | Train MSE: 0.000016
Epoch 280/2000 | Train MSE: 0.000023
Epoch 281/2000 | Train MSE: 0.000015
Epoch 282/2000 | Train MSE: 0.000018
Epoch 283/2000 | Train MSE: 0.000017
Epoch 284/2000 | Train MSE: 0.000021
Epoch 285/2000 | Train MSE: 0.000014
Epoch 286/2000 | Train MSE: 0.000010
Epoch 287/2000 | Train MSE: 0.000013
Epoch 288/2000 | Train MSE: 0.000040
Epoch 289/2000 | Train MSE: 0.000041
Epoch 290/2000 | Train MSE: 0.000041
Epoch 291/2000 | Train MSE: 0.000054
Epoch 292/2000 | Train MSE: 0.000079
Epoch 293/2000 | Train MSE: 0.000065
Early stopping at epoch 293. Best training loss: 0.000010

Training H5

Epoch 1/2000 | Train MSE: 0.034207
Epoch 2/2000 | Train MSE: 0.008732
Epoch 3/2000 | Train MSE: 0.004213
Epoch 4/2000 | Train MSE: 0.002284
Epoch 5/2000 | Train MSE: 0.001423
Epoch 6/2000 | Train MSE: 0.000942
Epoch 7/2000 | Train MSE: 0.000684
Epoch 8/2000 | Train MSE: 0.000501
Epoch 9/2000 | Train MSE: 0.000472
Epoch 10/2000 | Train MSE: 0.000410
Epoch 11/2000 | Train MSE: 0.000408
Epoch 12/2000 | Train MSE: 0.000399
Epoch 13/2000 | Train MSE: 0.000421
Epoch 14/2000 | Train MSE: 0.000367
Epoch 15/2000 | Train MSE: 0.000351
Epoch 16/2000 | Train MSE: 0.000328
Epoch 17/2000 | Train MSE: 0.000364
Epoch 18/2000 | Train MSE: 0.000306
Epoch 19/2000 | Train MSE: 0.000291
Epoch 20/2000 | Train MSE: 0.000262
Epoch 21/2000 | Train MSE: 0.000300
Epoch 22/2000 | Train MSE: 0.000259
Epoch 23/2000 | Train MSE: 0.000226
Epoch 24/2000 | Train MSE: 0.000173
Epoch 25/2000 | Train MSE: 0.000183
Epoch 26/2000 | Train MSE: 0.000160
Epoch 27/2000 | Train MSE: 0.000160
Epoch 28/2000 | Train MSE: 0.000332
Epoch 29/2000 | Train MSE: 0.000278
Epoch 30/2000 | Train MSE: 0.000144
Epoch 31/2000 | Train MSE: 0.000160
Epoch 32/2000 | Train MSE: 0.000129
Epoch 33/2000 | Train MSE: 0.000131
Epoch 34/2000 | Train MSE: 0.000144
Epoch 35/2000 | Train MSE: 0.000312
Epoch 36/2000 | Train MSE: 0.000226
Epoch 37/2000 | Train MSE: 0.000150
Epoch 38/2000 | Train MSE: 0.000143
Epoch 39/2000 | Train MSE: 0.000148
Epoch 40/2000 | Train MSE: 0.000142
Epoch 41/2000 | Train MSE: 0.000094
Epoch 42/2000 | Train MSE: 0.000120
Epoch 43/2000 | Train MSE: 0.000159
Epoch 44/2000 | Train MSE: 0.000134
Epoch 45/2000 | Train MSE: 0.000089
Epoch 46/2000 | Train MSE: 0.000131
Epoch 47/2000 | Train MSE: 0.000140
Epoch 48/2000 | Train MSE: 0.000186
Epoch 49/2000 | Train MSE: 0.000135
Epoch 50/2000 | Train MSE: 0.000076
Epoch 51/2000 | Train MSE: 0.000129
Epoch 52/2000 | Train MSE: 0.000102
Epoch 53/2000 | Train MSE: 0.000067
Epoch 54/2000 | Train MSE: 0.000122
Epoch 55/2000 | Train MSE: 0.000095
Epoch 56/2000 | Train MSE: 0.000129
Epoch 57/2000 | Train MSE: 0.000155
Epoch 58/2000 | Train MSE: 0.000121
Epoch 59/2000 | Train MSE: 0.000138
Epoch 60/2000 | Train MSE: 0.000133
Epoch 61/2000 | Train MSE: 0.000099
Epoch 62/2000 | Train MSE: 0.000105
Epoch 63/2000 | Train MSE: 0.000090
Epoch 64/2000 | Train MSE: 0.000081
Epoch 65/2000 | Train MSE: 0.000058
Epoch 66/2000 | Train MSE: 0.000075
Epoch 67/2000 | Train MSE: 0.000095
Epoch 68/2000 | Train MSE: 0.000058
Epoch 69/2000 | Train MSE: 0.000049
Epoch 70/2000 | Train MSE: 0.000077
Epoch 71/2000 | Train MSE: 0.000068
Epoch 72/2000 | Train MSE: 0.000067
Epoch 73/2000 | Train MSE: 0.000080
Epoch 74/2000 | Train MSE: 0.000061
Epoch 75/2000 | Train MSE: 0.000108
Epoch 76/2000 | Train MSE: 0.000083
Epoch 77/2000 | Train MSE: 0.000101
Epoch 78/2000 | Train MSE: 0.000133
Epoch 79/2000 | Train MSE: 0.000106
Epoch 80/2000 | Train MSE: 0.000079
Epoch 81/2000 | Train MSE: 0.000072
Epoch 82/2000 | Train MSE: 0.000092
Epoch 83/2000 | Train MSE: 0.000067
Epoch 84/2000 | Train MSE: 0.000118
Epoch 85/2000 | Train MSE: 0.000129
Epoch 86/2000 | Train MSE: 0.000057
Epoch 87/2000 | Train MSE: 0.000067
Epoch 88/2000 | Train MSE: 0.000089
Epoch 89/2000 | Train MSE: 0.000113
Epoch 90/2000 | Train MSE: 0.000090
Epoch 91/2000 | Train MSE: 0.000133
Epoch 92/2000 | Train MSE: 0.000062
Epoch 93/2000 | Train MSE: 0.000049
Epoch 94/2000 | Train MSE: 0.000056
Epoch 95/2000 | Train MSE: 0.000040
Epoch 96/2000 | Train MSE: 0.000054
Epoch 97/2000 | Train MSE: 0.000051
Epoch 98/2000 | Train MSE: 0.000034
Epoch 99/2000 | Train MSE: 0.000076
Epoch 100/2000 | Train MSE: 0.000044
Epoch 101/2000 | Train MSE: 0.000039
Epoch 102/2000 | Train MSE: 0.000032
Epoch 103/2000 | Train MSE: 0.000041
Epoch 104/2000 | Train MSE: 0.000077
Epoch 105/2000 | Train MSE: 0.000073
Epoch 106/2000 | Train MSE: 0.000087
Epoch 107/2000 | Train MSE: 0.000068
Epoch 108/2000 | Train MSE: 0.000055
Epoch 109/2000 | Train MSE: 0.000073
Epoch 110/2000 | Train MSE: 0.000138
Epoch 111/2000 | Train MSE: 0.000243
Epoch 112/2000 | Train MSE: 0.000126
Epoch 113/2000 | Train MSE: 0.000104
Epoch 114/2000 | Train MSE: 0.000079
Epoch 115/2000 | Train MSE: 0.000064
Epoch 116/2000 | Train MSE: 0.000040
Epoch 117/2000 | Train MSE: 0.000051
Epoch 118/2000 | Train MSE: 0.000075
Epoch 119/2000 | Train MSE: 0.000086
Epoch 120/2000 | Train MSE: 0.000069
Epoch 121/2000 | Train MSE: 0.000067
Epoch 122/2000 | Train MSE: 0.000064
Epoch 123/2000 | Train MSE: 0.000075
Epoch 124/2000 | Train MSE: 0.000075
Epoch 125/2000 | Train MSE: 0.000045
Epoch 126/2000 | Train MSE: 0.000036
Epoch 127/2000 | Train MSE: 0.000033
Epoch 128/2000 | Train MSE: 0.000046
Epoch 129/2000 | Train MSE: 0.000047
Epoch 130/2000 | Train MSE: 0.000028
Epoch 131/2000 | Train MSE: 0.000031
Epoch 132/2000 | Train MSE: 0.000026
Epoch 133/2000 | Train MSE: 0.000040
Epoch 134/2000 | Train MSE: 0.000045
Epoch 135/2000 | Train MSE: 0.000046
Epoch 136/2000 | Train MSE: 0.000077
Epoch 137/2000 | Train MSE: 0.000055
Epoch 138/2000 | Train MSE: 0.000036
Epoch 139/2000 | Train MSE: 0.000036
Epoch 140/2000 | Train MSE: 0.000033
Epoch 141/2000 | Train MSE: 0.000070
Epoch 142/2000 | Train MSE: 0.000098
Epoch 143/2000 | Train MSE: 0.000056
Epoch 144/2000 | Train MSE: 0.000026
Epoch 145/2000 | Train MSE: 0.000028
Epoch 146/2000 | Train MSE: 0.000019
Epoch 147/2000 | Train MSE: 0.000031
Epoch 148/2000 | Train MSE: 0.000027
Epoch 149/2000 | Train MSE: 0.000029
Epoch 150/2000 | Train MSE: 0.000026
Epoch 151/2000 | Train MSE: 0.000045
Epoch 152/2000 | Train MSE: 0.000046
Epoch 153/2000 | Train MSE: 0.000037
Epoch 154/2000 | Train MSE: 0.000050
Epoch 155/2000 | Train MSE: 0.000043
Epoch 156/2000 | Train MSE: 0.000026
Epoch 157/2000 | Train MSE: 0.000021
Epoch 158/2000 | Train MSE: 0.000018
Epoch 159/2000 | Train MSE: 0.000016
Epoch 160/2000 | Train MSE: 0.000025
Epoch 161/2000 | Train MSE: 0.000040
Epoch 162/2000 | Train MSE: 0.000030
Epoch 163/2000 | Train MSE: 0.000029
Epoch 164/2000 | Train MSE: 0.000023
Epoch 165/2000 | Train MSE: 0.000013
Epoch 166/2000 | Train MSE: 0.000034
Epoch 167/2000 | Train MSE: 0.000037
Epoch 168/2000 | Train MSE: 0.000038
Epoch 169/2000 | Train MSE: 0.000033
Epoch 170/2000 | Train MSE: 0.000020
Epoch 171/2000 | Train MSE: 0.000037
Epoch 172/2000 | Train MSE: 0.000024
Epoch 173/2000 | Train MSE: 0.000058
Epoch 174/2000 | Train MSE: 0.000027
Epoch 175/2000 | Train MSE: 0.000022
Epoch 176/2000 | Train MSE: 0.000025
Epoch 177/2000 | Train MSE: 0.000043
Epoch 178/2000 | Train MSE: 0.000030
Epoch 179/2000 | Train MSE: 0.000041
Epoch 180/2000 | Train MSE: 0.000035
Epoch 181/2000 | Train MSE: 0.000051
Epoch 182/2000 | Train MSE: 0.000044
Epoch 183/2000 | Train MSE: 0.000048
Epoch 184/2000 | Train MSE: 0.000021
Epoch 185/2000 | Train MSE: 0.000027
Epoch 186/2000 | Train MSE: 0.000049
Epoch 187/2000 | Train MSE: 0.000132
Epoch 188/2000 | Train MSE: 0.000107
Epoch 189/2000 | Train MSE: 0.000061
Epoch 190/2000 | Train MSE: 0.000045
Epoch 191/2000 | Train MSE: 0.000090
Epoch 192/2000 | Train MSE: 0.000144
Epoch 193/2000 | Train MSE: 0.000052
Epoch 194/2000 | Train MSE: 0.000088
Epoch 195/2000 | Train MSE: 0.000122
Epoch 196/2000 | Train MSE: 0.000073
Epoch 197/2000 | Train MSE: 0.000039
Epoch 198/2000 | Train MSE: 0.000065
Epoch 199/2000 | Train MSE: 0.000029
Epoch 200/2000 | Train MSE: 0.000032
Epoch 201/2000 | Train MSE: 0.000052
Epoch 202/2000 | Train MSE: 0.000048
Epoch 203/2000 | Train MSE: 0.000029
Epoch 204/2000 | Train MSE: 0.000051
Epoch 205/2000 | Train MSE: 0.000029
Epoch 206/2000 | Train MSE: 0.000029
Epoch 207/2000 | Train MSE: 0.000030
Epoch 208/2000 | Train MSE: 0.000030
Epoch 209/2000 | Train MSE: 0.000027
Epoch 210/2000 | Train MSE: 0.000037
Epoch 211/2000 | Train MSE: 0.000026
Epoch 212/2000 | Train MSE: 0.000017
Epoch 213/2000 | Train MSE: 0.000025
Epoch 214/2000 | Train MSE: 0.000027
Epoch 215/2000 | Train MSE: 0.000012
Epoch 216/2000 | Train MSE: 0.000011
Epoch 217/2000 | Train MSE: 0.000011
Epoch 218/2000 | Train MSE: 0.000011
Epoch 219/2000 | Train MSE: 0.000021
Epoch 220/2000 | Train MSE: 0.000035
Epoch 221/2000 | Train MSE: 0.000066
Epoch 222/2000 | Train MSE: 0.000094
Epoch 223/2000 | Train MSE: 0.000035
Epoch 224/2000 | Train MSE: 0.000022
Epoch 225/2000 | Train MSE: 0.000020
Epoch 226/2000 | Train MSE: 0.000026
Epoch 227/2000 | Train MSE: 0.000026
Epoch 228/2000 | Train MSE: 0.000032
Epoch 229/2000 | Train MSE: 0.000018
Epoch 230/2000 | Train MSE: 0.000018
Epoch 231/2000 | Train MSE: 0.000017
Epoch 232/2000 | Train MSE: 0.000045
Epoch 233/2000 | Train MSE: 0.000026
Epoch 234/2000 | Train MSE: 0.000016
Epoch 235/2000 | Train MSE: 0.000019
Epoch 236/2000 | Train MSE: 0.000016
Epoch 237/2000 | Train MSE: 0.000014
Epoch 238/2000 | Train MSE: 0.000034
Epoch 239/2000 | Train MSE: 0.000022
Epoch 240/2000 | Train MSE: 0.000025
Epoch 241/2000 | Train MSE: 0.000018
Epoch 242/2000 | Train MSE: 0.000026
Epoch 243/2000 | Train MSE: 0.000020
Epoch 244/2000 | Train MSE: 0.000014
Epoch 245/2000 | Train MSE: 0.000014
Epoch 246/2000 | Train MSE: 0.000017
Epoch 247/2000 | Train MSE: 0.000016
Epoch 248/2000 | Train MSE: 0.000014
Epoch 249/2000 | Train MSE: 0.000018
Epoch 250/2000 | Train MSE: 0.000035
Epoch 251/2000 | Train MSE: 0.000063
Epoch 252/2000 | Train MSE: 0.000057
Epoch 253/2000 | Train MSE: 0.000024
Epoch 254/2000 | Train MSE: 0.000033
Epoch 255/2000 | Train MSE: 0.000030
Epoch 256/2000 | Train MSE: 0.000019
Epoch 257/2000 | Train MSE: 0.000019
Epoch 258/2000 | Train MSE: 0.000013
Epoch 259/2000 | Train MSE: 0.000020
Epoch 260/2000 | Train MSE: 0.000027
Epoch 261/2000 | Train MSE: 0.000011
Epoch 262/2000 | Train MSE: 0.000009
Epoch 263/2000 | Train MSE: 0.000006
Epoch 264/2000 | Train MSE: 0.000006
Epoch 265/2000 | Train MSE: 0.000012
Epoch 266/2000 | Train MSE: 0.000008
Epoch 267/2000 | Train MSE: 0.000014
Epoch 268/2000 | Train MSE: 0.000033
Epoch 269/2000 | Train MSE: 0.000089
Epoch 270/2000 | Train MSE: 0.000048
Epoch 271/2000 | Train MSE: 0.000031
Epoch 272/2000 | Train MSE: 0.000033
Epoch 273/2000 | Train MSE: 0.000016
Epoch 274/2000 | Train MSE: 0.000029
Epoch 275/2000 | Train MSE: 0.000022
Epoch 276/2000 | Train MSE: 0.000014
Epoch 277/2000 | Train MSE: 0.000053
Epoch 278/2000 | Train MSE: 0.000076
Epoch 279/2000 | Train MSE: 0.000035
Epoch 280/2000 | Train MSE: 0.000048
Epoch 281/2000 | Train MSE: 0.000017
Epoch 282/2000 | Train MSE: 0.000011
Epoch 283/2000 | Train MSE: 0.000015
Epoch 284/2000 | Train MSE: 0.000021
Epoch 285/2000 | Train MSE: 0.000037
Epoch 286/2000 | Train MSE: 0.000019
Epoch 287/2000 | Train MSE: 0.000018
Epoch 288/2000 | Train MSE: 0.000011
Epoch 289/2000 | Train MSE: 0.000013
Epoch 290/2000 | Train MSE: 0.000036
Epoch 291/2000 | Train MSE: 0.000044
Epoch 292/2000 | Train MSE: 0.000043
Epoch 293/2000 | Train MSE: 0.000028
Epoch 294/2000 | Train MSE: 0.000021
Epoch 295/2000 | Train MSE: 0.000016
Epoch 296/2000 | Train MSE: 0.000008
Epoch 297/2000 | Train MSE: 0.000009
Epoch 298/2000 | Train MSE: 0.000011
Epoch 299/2000 | Train MSE: 0.000018
Epoch 300/2000 | Train MSE: 0.000018
Epoch 301/2000 | Train MSE: 0.000011
Epoch 302/2000 | Train MSE: 0.000007
Epoch 303/2000 | Train MSE: 0.000017
Epoch 304/2000 | Train MSE: 0.000012
Epoch 305/2000 | Train MSE: 0.000022
Epoch 306/2000 | Train MSE: 0.000018
Epoch 307/2000 | Train MSE: 0.000011
Epoch 308/2000 | Train MSE: 0.000010
Epoch 309/2000 | Train MSE: 0.000008
Epoch 310/2000 | Train MSE: 0.000004
Epoch 311/2000 | Train MSE: 0.000004
Epoch 312/2000 | Train MSE: 0.000004
Epoch 313/2000 | Train MSE: 0.000002
Epoch 314/2000 | Train MSE: 0.000001
Epoch 315/2000 | Train MSE: 0.000003
Epoch 316/2000 | Train MSE: 0.000005
Epoch 317/2000 | Train MSE: 0.000006
Epoch 318/2000 | Train MSE: 0.000004
Epoch 319/2000 | Train MSE: 0.000004
Epoch 320/2000 | Train MSE: 0.000003
Epoch 321/2000 | Train MSE: 0.000004
Epoch 322/2000 | Train MSE: 0.000004
Epoch 323/2000 | Train MSE: 0.000008
Epoch 324/2000 | Train MSE: 0.000007
Epoch 325/2000 | Train MSE: 0.000009
Epoch 326/2000 | Train MSE: 0.000002
Epoch 327/2000 | Train MSE: 0.000001
Epoch 328/2000 | Train MSE: 0.000003
Epoch 329/2000 | Train MSE: 0.000003
Epoch 330/2000 | Train MSE: 0.000002
Epoch 331/2000 | Train MSE: 0.000003
Epoch 332/2000 | Train MSE: 0.000004
Epoch 333/2000 | Train MSE: 0.000005
Epoch 334/2000 | Train MSE: 0.000005
Epoch 335/2000 | Train MSE: 0.000004
Epoch 336/2000 | Train MSE: 0.000011
Epoch 337/2000 | Train MSE: 0.000014
Epoch 338/2000 | Train MSE: 0.000023
Epoch 339/2000 | Train MSE: 0.000011
Epoch 340/2000 | Train MSE: 0.000015
Epoch 341/2000 | Train MSE: 0.000010
Epoch 342/2000 | Train MSE: 0.000016
Epoch 343/2000 | Train MSE: 0.000030
Epoch 344/2000 | Train MSE: 0.000035
Epoch 345/2000 | Train MSE: 0.000146
Epoch 346/2000 | Train MSE: 0.000149
Epoch 347/2000 | Train MSE: 0.000490
Epoch 348/2000 | Train MSE: 0.000477
Epoch 349/2000 | Train MSE: 0.000239
Epoch 350/2000 | Train MSE: 0.000113
Epoch 351/2000 | Train MSE: 0.000082
Epoch 352/2000 | Train MSE: 0.000056
Epoch 353/2000 | Train MSE: 0.000362
Epoch 354/2000 | Train MSE: 0.000219
Epoch 355/2000 | Train MSE: 0.000183
Epoch 356/2000 | Train MSE: 0.000171
Epoch 357/2000 | Train MSE: 0.000172
Epoch 358/2000 | Train MSE: 0.000264
Epoch 359/2000 | Train MSE: 0.000202
Epoch 360/2000 | Train MSE: 0.000078
Epoch 361/2000 | Train MSE: 0.000062
Epoch 362/2000 | Train MSE: 0.000054
Epoch 363/2000 | Train MSE: 0.000040
Epoch 364/2000 | Train MSE: 0.000040
Early stopping at epoch 364. Best training loss: 0.000001

           ===== Results =====
           MSE : 0.00013138
           MAE : 0.00574991
           RMSE: 0.01146202
           R²  : 0.61650121

    --- Executing dataset BIDMC32RR --- 

Training H1

Epoch 1/2000 | Train MSE: 36.214768
Epoch 2/2000 | Train MSE: 4.026688
Epoch 3/2000 | Train MSE: 2.737589
Epoch 4/2000 | Train MSE: 2.160593
Epoch 5/2000 | Train MSE: 2.123507
Epoch 6/2000 | Train MSE: 1.598251
Epoch 7/2000 | Train MSE: 1.944158
Epoch 8/2000 | Train MSE: 1.874796
Epoch 9/2000 | Train MSE: 1.698460
Epoch 10/2000 | Train MSE: 1.603656
Epoch 11/2000 | Train MSE: 1.590715
Epoch 12/2000 | Train MSE: 1.483226
Epoch 13/2000 | Train MSE: 1.674330
Epoch 14/2000 | Train MSE: 1.582210
Epoch 15/2000 | Train MSE: 1.415681
Epoch 16/2000 | Train MSE: 1.332416
Epoch 17/2000 | Train MSE: 1.415120
Epoch 18/2000 | Train MSE: 1.652104
Epoch 19/2000 | Train MSE: 1.486041
Epoch 20/2000 | Train MSE: 1.266152
Epoch 21/2000 | Train MSE: 1.377129
Epoch 22/2000 | Train MSE: 1.357754
Epoch 23/2000 | Train MSE: 1.460385
Epoch 24/2000 | Train MSE: 1.166793
Epoch 25/2000 | Train MSE: 1.106175
Epoch 26/2000 | Train MSE: 1.229892
Epoch 27/2000 | Train MSE: 1.261310
Epoch 28/2000 | Train MSE: 1.219609
Epoch 29/2000 | Train MSE: 0.944699
Epoch 30/2000 | Train MSE: 1.158728
Epoch 31/2000 | Train MSE: 1.025084
Epoch 32/2000 | Train MSE: 0.987721
Epoch 33/2000 | Train MSE: 0.980895
Epoch 34/2000 | Train MSE: 1.044556
Epoch 35/2000 | Train MSE: 1.144978
Epoch 36/2000 | Train MSE: 0.908783
Epoch 37/2000 | Train MSE: 0.952057
Epoch 38/2000 | Train MSE: 0.911096
Epoch 39/2000 | Train MSE: 0.817110
Epoch 40/2000 | Train MSE: 0.759074
Epoch 41/2000 | Train MSE: 0.910985
Epoch 42/2000 | Train MSE: 0.929889
Epoch 43/2000 | Train MSE: 0.831260
Epoch 44/2000 | Train MSE: 0.805206
Epoch 45/2000 | Train MSE: 0.761247
Epoch 46/2000 | Train MSE: 0.824235
Epoch 47/2000 | Train MSE: 0.812761
Epoch 48/2000 | Train MSE: 0.861395
Epoch 49/2000 | Train MSE: 0.697113
Epoch 50/2000 | Train MSE: 0.610784
Epoch 51/2000 | Train MSE: 0.710780
Epoch 52/2000 | Train MSE: 0.710704
Epoch 53/2000 | Train MSE: 0.621612
Epoch 54/2000 | Train MSE: 0.766686
Epoch 55/2000 | Train MSE: 0.707884
Epoch 56/2000 | Train MSE: 0.816321
Epoch 57/2000 | Train MSE: 0.614156
Epoch 58/2000 | Train MSE: 0.698816
Epoch 59/2000 | Train MSE: 0.599395
Epoch 60/2000 | Train MSE: 0.654232
Epoch 61/2000 | Train MSE: 0.650968
Epoch 62/2000 | Train MSE: 0.589635
Epoch 63/2000 | Train MSE: 0.706102
Epoch 64/2000 | Train MSE: 0.630659
Epoch 65/2000 | Train MSE: 0.525554
Epoch 66/2000 | Train MSE: 0.632259
Epoch 67/2000 | Train MSE: 0.594884
Epoch 68/2000 | Train MSE: 0.506377
Epoch 69/2000 | Train MSE: 0.512670
Epoch 70/2000 | Train MSE: 0.562361
Epoch 71/2000 | Train MSE: 0.658549
Epoch 72/2000 | Train MSE: 0.457129
Epoch 73/2000 | Train MSE: 0.491619
Epoch 74/2000 | Train MSE: 0.447610
Epoch 75/2000 | Train MSE: 0.480710
Epoch 76/2000 | Train MSE: 0.439951
Epoch 77/2000 | Train MSE: 0.466409
Epoch 78/2000 | Train MSE: 0.468557
Epoch 79/2000 | Train MSE: 0.552638
Epoch 80/2000 | Train MSE: 0.403299
Epoch 81/2000 | Train MSE: 0.525340
Epoch 82/2000 | Train MSE: 0.441350
Epoch 83/2000 | Train MSE: 0.477375
Epoch 84/2000 | Train MSE: 0.561655
Epoch 85/2000 | Train MSE: 0.463214
Epoch 86/2000 | Train MSE: 0.434553
Epoch 87/2000 | Train MSE: 0.512677
Epoch 88/2000 | Train MSE: 0.551097
Epoch 89/2000 | Train MSE: 0.393515
Epoch 90/2000 | Train MSE: 0.368708
Epoch 91/2000 | Train MSE: 0.422587
Epoch 92/2000 | Train MSE: 0.395905
Epoch 93/2000 | Train MSE: 0.459026
Epoch 94/2000 | Train MSE: 0.408209
Epoch 95/2000 | Train MSE: 0.431172
Epoch 96/2000 | Train MSE: 0.445421
Epoch 97/2000 | Train MSE: 0.563397
Epoch 98/2000 | Train MSE: 0.373347
Epoch 99/2000 | Train MSE: 0.410907
Epoch 100/2000 | Train MSE: 0.363342
Epoch 101/2000 | Train MSE: 0.432563
Epoch 102/2000 | Train MSE: 0.363399
Epoch 103/2000 | Train MSE: 0.463566
Epoch 104/2000 | Train MSE: 0.424412
Epoch 105/2000 | Train MSE: 0.431742
Epoch 106/2000 | Train MSE: 0.362598
Epoch 107/2000 | Train MSE: 0.328958
Epoch 108/2000 | Train MSE: 0.310954
Epoch 109/2000 | Train MSE: 0.369643
Epoch 110/2000 | Train MSE: 0.305349
Epoch 111/2000 | Train MSE: 0.443291
Epoch 112/2000 | Train MSE: 0.355498
Epoch 113/2000 | Train MSE: 0.345638
Epoch 114/2000 | Train MSE: 0.373441
Epoch 115/2000 | Train MSE: 0.330256
Epoch 116/2000 | Train MSE: 0.330177
Epoch 117/2000 | Train MSE: 0.293441
Epoch 118/2000 | Train MSE: 0.351144
Epoch 119/2000 | Train MSE: 0.279337
Epoch 120/2000 | Train MSE: 0.336796
Epoch 121/2000 | Train MSE: 0.343906
Epoch 122/2000 | Train MSE: 0.315482
Epoch 123/2000 | Train MSE: 0.390530
Epoch 124/2000 | Train MSE: 0.397985
Epoch 125/2000 | Train MSE: 0.368183
Epoch 126/2000 | Train MSE: 0.299383
Epoch 127/2000 | Train MSE: 0.320435
Epoch 128/2000 | Train MSE: 0.279130
Epoch 129/2000 | Train MSE: 0.364957
Epoch 130/2000 | Train MSE: 0.318829
Epoch 131/2000 | Train MSE: 0.334741
Epoch 132/2000 | Train MSE: 0.296156
Epoch 133/2000 | Train MSE: 0.307211
Epoch 134/2000 | Train MSE: 0.280365
Epoch 135/2000 | Train MSE: 0.259344
Epoch 136/2000 | Train MSE: 0.274259
Epoch 137/2000 | Train MSE: 0.392376
Epoch 138/2000 | Train MSE: 0.281306
Epoch 139/2000 | Train MSE: 0.287785
Epoch 140/2000 | Train MSE: 0.290375
Epoch 141/2000 | Train MSE: 0.287061
Epoch 142/2000 | Train MSE: 0.509078
Epoch 143/2000 | Train MSE: 0.493553
Epoch 144/2000 | Train MSE: 0.374322
Epoch 145/2000 | Train MSE: 0.374317
Epoch 146/2000 | Train MSE: 0.321308
Epoch 147/2000 | Train MSE: 0.289830
Epoch 148/2000 | Train MSE: 0.272010
Epoch 149/2000 | Train MSE: 0.265926
Epoch 150/2000 | Train MSE: 0.280099
Epoch 151/2000 | Train MSE: 0.265982
Epoch 152/2000 | Train MSE: 0.318160
Epoch 153/2000 | Train MSE: 0.301432
Epoch 154/2000 | Train MSE: 0.313035
Epoch 155/2000 | Train MSE: 0.278401
Epoch 156/2000 | Train MSE: 0.219815
Epoch 157/2000 | Train MSE: 0.311840
Epoch 158/2000 | Train MSE: 0.296596
Epoch 159/2000 | Train MSE: 0.251865
Epoch 160/2000 | Train MSE: 0.317106
Epoch 161/2000 | Train MSE: 0.518041
Epoch 162/2000 | Train MSE: 0.471144
Epoch 163/2000 | Train MSE: 0.290802
Epoch 164/2000 | Train MSE: 0.235300
Epoch 165/2000 | Train MSE: 0.245050
Epoch 166/2000 | Train MSE: 0.213650
Epoch 167/2000 | Train MSE: 0.224293
Epoch 168/2000 | Train MSE: 0.261764
Epoch 169/2000 | Train MSE: 0.231979
Epoch 170/2000 | Train MSE: 0.261892
Epoch 171/2000 | Train MSE: 0.228625
Epoch 172/2000 | Train MSE: 0.240999
Epoch 173/2000 | Train MSE: 0.205677
Epoch 174/2000 | Train MSE: 0.235918
Epoch 175/2000 | Train MSE: 0.292201
Epoch 176/2000 | Train MSE: 0.240601
Epoch 177/2000 | Train MSE: 0.215314
Epoch 178/2000 | Train MSE: 0.217993
Epoch 179/2000 | Train MSE: 0.229792
Epoch 180/2000 | Train MSE: 0.207841
Epoch 181/2000 | Train MSE: 0.214755
Epoch 182/2000 | Train MSE: 0.213243
Epoch 183/2000 | Train MSE: 0.230357
Epoch 184/2000 | Train MSE: 0.216243
Epoch 185/2000 | Train MSE: 0.219118
Epoch 186/2000 | Train MSE: 0.247613
Epoch 187/2000 | Train MSE: 0.196917
Epoch 188/2000 | Train MSE: 0.196304
Epoch 189/2000 | Train MSE: 0.195966
Epoch 190/2000 | Train MSE: 0.231466
Epoch 191/2000 | Train MSE: 0.305616
Epoch 192/2000 | Train MSE: 0.294783
Epoch 193/2000 | Train MSE: 0.272471
Epoch 194/2000 | Train MSE: 0.209308
Epoch 195/2000 | Train MSE: 0.221269
Epoch 196/2000 | Train MSE: 0.171716
Epoch 197/2000 | Train MSE: 0.222720
Epoch 198/2000 | Train MSE: 0.284982
Epoch 199/2000 | Train MSE: 0.231011
Epoch 200/2000 | Train MSE: 0.198695
Epoch 201/2000 | Train MSE: 0.208859
Epoch 202/2000 | Train MSE: 0.226170
Epoch 203/2000 | Train MSE: 0.285274
Epoch 204/2000 | Train MSE: 0.215715
Epoch 205/2000 | Train MSE: 0.182716
Epoch 206/2000 | Train MSE: 0.183249
Epoch 207/2000 | Train MSE: 0.180931
Epoch 208/2000 | Train MSE: 0.179606
Epoch 209/2000 | Train MSE: 0.198959
Epoch 210/2000 | Train MSE: 0.164064
Epoch 211/2000 | Train MSE: 0.173282
Epoch 212/2000 | Train MSE: 0.171659
Epoch 213/2000 | Train MSE: 0.149428
Epoch 214/2000 | Train MSE: 0.175324
Epoch 215/2000 | Train MSE: 0.164060
Epoch 216/2000 | Train MSE: 0.162234
Epoch 217/2000 | Train MSE: 0.225720
Epoch 218/2000 | Train MSE: 0.185506
Epoch 219/2000 | Train MSE: 0.163471
Epoch 220/2000 | Train MSE: 0.140983
Epoch 221/2000 | Train MSE: 0.163572
Epoch 222/2000 | Train MSE: 0.149590
Epoch 223/2000 | Train MSE: 0.148810
Epoch 224/2000 | Train MSE: 0.142194
Epoch 225/2000 | Train MSE: 0.159551
Epoch 226/2000 | Train MSE: 0.146883
Epoch 227/2000 | Train MSE: 0.155309
Epoch 228/2000 | Train MSE: 0.180306
Epoch 229/2000 | Train MSE: 0.173912
Epoch 230/2000 | Train MSE: 0.135566
Epoch 231/2000 | Train MSE: 0.123179
Epoch 232/2000 | Train MSE: 0.150903
Epoch 233/2000 | Train MSE: 0.186076
Epoch 234/2000 | Train MSE: 0.166916
Epoch 235/2000 | Train MSE: 0.129109
Epoch 236/2000 | Train MSE: 0.175330
Epoch 237/2000 | Train MSE: 0.131821
Epoch 238/2000 | Train MSE: 0.153020
Epoch 239/2000 | Train MSE: 0.226104
Epoch 240/2000 | Train MSE: 0.237647
Epoch 241/2000 | Train MSE: 0.199196
Epoch 242/2000 | Train MSE: 0.181113
Epoch 243/2000 | Train MSE: 0.223268
Epoch 244/2000 | Train MSE: 0.203250
Epoch 245/2000 | Train MSE: 0.228296
Epoch 246/2000 | Train MSE: 0.112389
Epoch 247/2000 | Train MSE: 0.126470
Epoch 248/2000 | Train MSE: 0.211334
Epoch 249/2000 | Train MSE: 0.134917
Epoch 250/2000 | Train MSE: 0.112064
Epoch 251/2000 | Train MSE: 0.110226
Epoch 252/2000 | Train MSE: 0.109554
Epoch 253/2000 | Train MSE: 0.118098
Epoch 254/2000 | Train MSE: 0.207039
Epoch 255/2000 | Train MSE: 0.167933
Epoch 256/2000 | Train MSE: 0.153980
Epoch 257/2000 | Train MSE: 0.121714
Epoch 258/2000 | Train MSE: 0.105532
Epoch 259/2000 | Train MSE: 0.121539
Epoch 260/2000 | Train MSE: 0.096036
Epoch 261/2000 | Train MSE: 0.124950
Epoch 262/2000 | Train MSE: 0.102881
Epoch 263/2000 | Train MSE: 0.108127
Epoch 264/2000 | Train MSE: 0.149908
Epoch 265/2000 | Train MSE: 0.142996
Epoch 266/2000 | Train MSE: 0.193845
Epoch 267/2000 | Train MSE: 0.117605
Epoch 268/2000 | Train MSE: 0.171480
Epoch 269/2000 | Train MSE: 0.126463
Epoch 270/2000 | Train MSE: 0.146746
Epoch 271/2000 | Train MSE: 0.109247
Epoch 272/2000 | Train MSE: 0.116066
Epoch 273/2000 | Train MSE: 0.093662
Epoch 274/2000 | Train MSE: 0.104458
Epoch 275/2000 | Train MSE: 0.173415
Epoch 276/2000 | Train MSE: 0.158920
Epoch 277/2000 | Train MSE: 0.120433
Epoch 278/2000 | Train MSE: 0.103766
Epoch 279/2000 | Train MSE: 0.120732
Epoch 280/2000 | Train MSE: 0.114316
Epoch 281/2000 | Train MSE: 0.110515
Epoch 282/2000 | Train MSE: 0.085840
Epoch 283/2000 | Train MSE: 0.145200
Epoch 284/2000 | Train MSE: 0.192677
Epoch 285/2000 | Train MSE: 0.127032
Epoch 286/2000 | Train MSE: 0.140505
Epoch 287/2000 | Train MSE: 0.118301
Epoch 288/2000 | Train MSE: 0.085913
Epoch 289/2000 | Train MSE: 0.091286
Epoch 290/2000 | Train MSE: 0.076372
Epoch 291/2000 | Train MSE: 0.101764
Epoch 292/2000 | Train MSE: 0.098270
Epoch 293/2000 | Train MSE: 0.139690
Epoch 294/2000 | Train MSE: 0.088975
Epoch 295/2000 | Train MSE: 0.095614
Epoch 296/2000 | Train MSE: 0.074267
Epoch 297/2000 | Train MSE: 0.166861
Epoch 298/2000 | Train MSE: 0.091065
Epoch 299/2000 | Train MSE: 0.184698
Epoch 300/2000 | Train MSE: 0.165940
Epoch 301/2000 | Train MSE: 0.094848
Epoch 302/2000 | Train MSE: 0.107046
Epoch 303/2000 | Train MSE: 0.098372
Epoch 304/2000 | Train MSE: 0.107557
Epoch 305/2000 | Train MSE: 0.084140
Epoch 306/2000 | Train MSE: 0.095195
Epoch 307/2000 | Train MSE: 0.071599
Epoch 308/2000 | Train MSE: 0.091068
Epoch 309/2000 | Train MSE: 0.082195
Epoch 310/2000 | Train MSE: 0.093280
Epoch 311/2000 | Train MSE: 0.097988
Epoch 312/2000 | Train MSE: 0.136842
Epoch 313/2000 | Train MSE: 0.111261
Epoch 314/2000 | Train MSE: 0.080138
Epoch 315/2000 | Train MSE: 0.088514
Epoch 316/2000 | Train MSE: 0.133730
Epoch 317/2000 | Train MSE: 0.078567
Epoch 318/2000 | Train MSE: 0.105801
Epoch 319/2000 | Train MSE: 0.076472
Epoch 320/2000 | Train MSE: 0.072992
Epoch 321/2000 | Train MSE: 0.097412
Epoch 322/2000 | Train MSE: 0.067229
Epoch 323/2000 | Train MSE: 0.054972
Epoch 324/2000 | Train MSE: 0.101621
Epoch 325/2000 | Train MSE: 0.087177
Epoch 326/2000 | Train MSE: 0.058989
Epoch 327/2000 | Train MSE: 0.058504
Epoch 328/2000 | Train MSE: 0.058560
Epoch 329/2000 | Train MSE: 0.069526
Epoch 330/2000 | Train MSE: 0.080259
Epoch 331/2000 | Train MSE: 0.079408
Epoch 332/2000 | Train MSE: 0.079328
Epoch 333/2000 | Train MSE: 0.077724
Epoch 334/2000 | Train MSE: 0.094662
Epoch 335/2000 | Train MSE: 0.071548
Epoch 336/2000 | Train MSE: 0.065620
Epoch 337/2000 | Train MSE: 0.078214
Epoch 338/2000 | Train MSE: 0.090385
Epoch 339/2000 | Train MSE: 0.069137
Epoch 340/2000 | Train MSE: 0.082428
Epoch 341/2000 | Train MSE: 0.107999
Epoch 342/2000 | Train MSE: 0.117806
Epoch 343/2000 | Train MSE: 0.066805
Epoch 344/2000 | Train MSE: 0.057106
Epoch 345/2000 | Train MSE: 0.046472
Epoch 346/2000 | Train MSE: 0.056779
Epoch 347/2000 | Train MSE: 0.083507
Epoch 348/2000 | Train MSE: 0.132942
Epoch 349/2000 | Train MSE: 0.106802
Epoch 350/2000 | Train MSE: 0.085125
Epoch 351/2000 | Train MSE: 0.102592
Epoch 352/2000 | Train MSE: 0.069248
Epoch 353/2000 | Train MSE: 0.066038
Epoch 354/2000 | Train MSE: 0.049617
Epoch 355/2000 | Train MSE: 0.046308
Epoch 356/2000 | Train MSE: 0.036551
Epoch 357/2000 | Train MSE: 0.051685
Epoch 358/2000 | Train MSE: 0.066946
Epoch 359/2000 | Train MSE: 0.079258
Epoch 360/2000 | Train MSE: 0.083292
Epoch 361/2000 | Train MSE: 0.140335
Epoch 362/2000 | Train MSE: 0.142081
Epoch 363/2000 | Train MSE: 0.114290
Epoch 364/2000 | Train MSE: 0.129326
Epoch 365/2000 | Train MSE: 0.062766
Epoch 366/2000 | Train MSE: 0.059131
Epoch 367/2000 | Train MSE: 0.057437
Epoch 368/2000 | Train MSE: 0.075859
Epoch 369/2000 | Train MSE: 0.070406
Epoch 370/2000 | Train MSE: 0.075176
Epoch 371/2000 | Train MSE: 0.050249
Epoch 372/2000 | Train MSE: 0.134512
Epoch 373/2000 | Train MSE: 0.081941
Epoch 374/2000 | Train MSE: 0.087049
Epoch 375/2000 | Train MSE: 0.094090
Epoch 376/2000 | Train MSE: 0.058859
Epoch 377/2000 | Train MSE: 0.065987
Epoch 378/2000 | Train MSE: 0.051292
Epoch 379/2000 | Train MSE: 0.045040
Epoch 380/2000 | Train MSE: 0.050665
Epoch 381/2000 | Train MSE: 0.051296
Epoch 382/2000 | Train MSE: 0.047368
Epoch 383/2000 | Train MSE: 0.082892
Epoch 384/2000 | Train MSE: 0.051466
Epoch 385/2000 | Train MSE: 0.045016
Epoch 386/2000 | Train MSE: 0.075003
Epoch 387/2000 | Train MSE: 0.075521
Epoch 388/2000 | Train MSE: 0.055600
Epoch 389/2000 | Train MSE: 0.063616
Epoch 390/2000 | Train MSE: 0.058672
Epoch 391/2000 | Train MSE: 0.149174
Epoch 392/2000 | Train MSE: 0.089660
Epoch 393/2000 | Train MSE: 0.072527
Epoch 394/2000 | Train MSE: 0.072298
Epoch 395/2000 | Train MSE: 0.058279
Epoch 396/2000 | Train MSE: 0.041452
Epoch 397/2000 | Train MSE: 0.039532
Epoch 398/2000 | Train MSE: 0.037697
Epoch 399/2000 | Train MSE: 0.034277
Epoch 400/2000 | Train MSE: 0.034334
Epoch 401/2000 | Train MSE: 0.043527
Epoch 402/2000 | Train MSE: 0.041427
Epoch 403/2000 | Train MSE: 0.059245
Epoch 404/2000 | Train MSE: 0.101158
Epoch 405/2000 | Train MSE: 0.069157
Epoch 406/2000 | Train MSE: 0.050369
Epoch 407/2000 | Train MSE: 0.089495
Epoch 408/2000 | Train MSE: 0.066892
Epoch 409/2000 | Train MSE: 0.050178
Epoch 410/2000 | Train MSE: 0.035346
Epoch 411/2000 | Train MSE: 0.040149
Epoch 412/2000 | Train MSE: 0.049016
Epoch 413/2000 | Train MSE: 0.082224
Epoch 414/2000 | Train MSE: 0.081054
Epoch 415/2000 | Train MSE: 0.073837
Epoch 416/2000 | Train MSE: 0.068678
Epoch 417/2000 | Train MSE: 0.047456
Epoch 418/2000 | Train MSE: 0.034938
Epoch 419/2000 | Train MSE: 0.048118
Epoch 420/2000 | Train MSE: 0.055283
Epoch 421/2000 | Train MSE: 0.044775
Epoch 422/2000 | Train MSE: 0.099521
Epoch 423/2000 | Train MSE: 0.048699
Epoch 424/2000 | Train MSE: 0.053240
Epoch 425/2000 | Train MSE: 0.042811
Epoch 426/2000 | Train MSE: 0.047582
Epoch 427/2000 | Train MSE: 0.036468
Epoch 428/2000 | Train MSE: 0.060223
Epoch 429/2000 | Train MSE: 0.077315
Epoch 430/2000 | Train MSE: 0.071320
Epoch 431/2000 | Train MSE: 0.083486
Epoch 432/2000 | Train MSE: 0.065859
Epoch 433/2000 | Train MSE: 0.052258
Epoch 434/2000 | Train MSE: 0.044368
Epoch 435/2000 | Train MSE: 0.041112
Epoch 436/2000 | Train MSE: 0.045621
Epoch 437/2000 | Train MSE: 0.037678
Epoch 438/2000 | Train MSE: 0.042308
Epoch 439/2000 | Train MSE: 0.053705
Epoch 440/2000 | Train MSE: 0.052939
Epoch 441/2000 | Train MSE: 0.046623
Epoch 442/2000 | Train MSE: 0.046860
Epoch 443/2000 | Train MSE: 0.062509
Epoch 444/2000 | Train MSE: 0.057055
Epoch 445/2000 | Train MSE: 0.043604
Epoch 446/2000 | Train MSE: 0.043728
Epoch 447/2000 | Train MSE: 0.034635
Epoch 448/2000 | Train MSE: 0.037179
Epoch 449/2000 | Train MSE: 0.036583
Early stopping at epoch 449. Best training loss: 0.034277

Training H2

Epoch 1/2000 | Train MSE: 37.289374
Epoch 2/2000 | Train MSE: 4.186601
Epoch 3/2000 | Train MSE: 2.941415
Epoch 4/2000 | Train MSE: 2.117217
Epoch 5/2000 | Train MSE: 2.052248
Epoch 6/2000 | Train MSE: 2.406758
Epoch 7/2000 | Train MSE: 1.609416
Epoch 8/2000 | Train MSE: 1.571477
Epoch 9/2000 | Train MSE: 1.395029
Epoch 10/2000 | Train MSE: 1.491276
Epoch 11/2000 | Train MSE: 1.644258
Epoch 12/2000 | Train MSE: 1.562465
Epoch 13/2000 | Train MSE: 1.563154
Epoch 14/2000 | Train MSE: 1.488823
Epoch 15/2000 | Train MSE: 1.437427
Epoch 16/2000 | Train MSE: 1.316989
Epoch 17/2000 | Train MSE: 1.362223
Epoch 18/2000 | Train MSE: 1.329982
Epoch 19/2000 | Train MSE: 1.273698
Epoch 20/2000 | Train MSE: 1.381468
Epoch 21/2000 | Train MSE: 1.547886
Epoch 22/2000 | Train MSE: 1.192492
Epoch 23/2000 | Train MSE: 1.079632
Epoch 24/2000 | Train MSE: 1.982189
Epoch 25/2000 | Train MSE: 1.870875
Epoch 26/2000 | Train MSE: 1.382428
Epoch 27/2000 | Train MSE: 1.078251
Epoch 28/2000 | Train MSE: 1.072005
Epoch 29/2000 | Train MSE: 1.006891
Epoch 30/2000 | Train MSE: 1.081683
Epoch 31/2000 | Train MSE: 0.894897
Epoch 32/2000 | Train MSE: 0.941617
Epoch 33/2000 | Train MSE: 1.049334
Epoch 34/2000 | Train MSE: 0.876931
Epoch 35/2000 | Train MSE: 0.883214
Epoch 36/2000 | Train MSE: 1.119505
Epoch 37/2000 | Train MSE: 1.029866
Epoch 38/2000 | Train MSE: 0.836458
Epoch 39/2000 | Train MSE: 0.839773
Epoch 40/2000 | Train MSE: 0.792740
Epoch 41/2000 | Train MSE: 1.043921
Epoch 42/2000 | Train MSE: 0.816626
Epoch 43/2000 | Train MSE: 0.831835
Epoch 44/2000 | Train MSE: 1.097675
Epoch 45/2000 | Train MSE: 0.807443
Epoch 46/2000 | Train MSE: 0.813926
Epoch 47/2000 | Train MSE: 0.768121
Epoch 48/2000 | Train MSE: 0.757942
Epoch 49/2000 | Train MSE: 0.732025
Epoch 50/2000 | Train MSE: 3.388333
Epoch 51/2000 | Train MSE: 1.361473
Epoch 52/2000 | Train MSE: 1.072700
Epoch 53/2000 | Train MSE: 0.943847
Epoch 54/2000 | Train MSE: 0.867623
Epoch 55/2000 | Train MSE: 0.791141
Epoch 56/2000 | Train MSE: 0.857899
Epoch 57/2000 | Train MSE: 0.672355
Epoch 58/2000 | Train MSE: 0.677857
Epoch 59/2000 | Train MSE: 0.752237
Epoch 60/2000 | Train MSE: 0.653302
Epoch 61/2000 | Train MSE: 0.671532
Epoch 62/2000 | Train MSE: 0.663947
Epoch 63/2000 | Train MSE: 0.576665
Epoch 64/2000 | Train MSE: 0.778622
Epoch 65/2000 | Train MSE: 0.791468
Epoch 66/2000 | Train MSE: 0.668342
Epoch 67/2000 | Train MSE: 0.623237
Epoch 68/2000 | Train MSE: 0.616448
Epoch 69/2000 | Train MSE: 0.569018
Epoch 70/2000 | Train MSE: 0.619768
Epoch 71/2000 | Train MSE: 0.555963
Epoch 72/2000 | Train MSE: 0.624549
Epoch 73/2000 | Train MSE: 0.578901
Epoch 74/2000 | Train MSE: 0.650736
Epoch 75/2000 | Train MSE: 0.550933
Epoch 76/2000 | Train MSE: 0.527117
Epoch 77/2000 | Train MSE: 0.521088
Epoch 78/2000 | Train MSE: 0.568819
Epoch 79/2000 | Train MSE: 0.586176
Epoch 80/2000 | Train MSE: 0.588044
Epoch 81/2000 | Train MSE: 0.544501
Epoch 82/2000 | Train MSE: 0.529107
Epoch 83/2000 | Train MSE: 0.478707
Epoch 84/2000 | Train MSE: 0.579896
Epoch 85/2000 | Train MSE: 0.667499
Epoch 86/2000 | Train MSE: 0.602331
Epoch 87/2000 | Train MSE: 0.477453
Epoch 88/2000 | Train MSE: 0.472407
Epoch 89/2000 | Train MSE: 0.440081
Epoch 90/2000 | Train MSE: 0.720975
Epoch 91/2000 | Train MSE: 1.020467
Epoch 92/2000 | Train MSE: 0.562817
Epoch 93/2000 | Train MSE: 0.488045
Epoch 94/2000 | Train MSE: 0.473150
Epoch 95/2000 | Train MSE: 0.478821
Epoch 96/2000 | Train MSE: 0.431109
Epoch 97/2000 | Train MSE: 0.434698
Epoch 98/2000 | Train MSE: 0.497277
Epoch 99/2000 | Train MSE: 0.461475
Epoch 100/2000 | Train MSE: 0.432020
Epoch 101/2000 | Train MSE: 0.424736
Epoch 102/2000 | Train MSE: 0.415077
Epoch 103/2000 | Train MSE: 0.421835
Epoch 104/2000 | Train MSE: 0.426103
Epoch 105/2000 | Train MSE: 0.508282
Epoch 106/2000 | Train MSE: 0.453436
Epoch 107/2000 | Train MSE: 0.467686
Epoch 108/2000 | Train MSE: 0.428777
Epoch 109/2000 | Train MSE: 0.416908
Epoch 110/2000 | Train MSE: 0.391207
Epoch 111/2000 | Train MSE: 0.411177
Epoch 112/2000 | Train MSE: 0.479914
Epoch 113/2000 | Train MSE: 0.429758
Epoch 114/2000 | Train MSE: 0.409874
Epoch 115/2000 | Train MSE: 0.395037
Epoch 116/2000 | Train MSE: 0.382814
Epoch 117/2000 | Train MSE: 0.414962
Epoch 118/2000 | Train MSE: 0.378005
Epoch 119/2000 | Train MSE: 0.357204
Epoch 120/2000 | Train MSE: 0.389676
Epoch 121/2000 | Train MSE: 0.434887
Epoch 122/2000 | Train MSE: 0.373855
Epoch 123/2000 | Train MSE: 0.349397
Epoch 124/2000 | Train MSE: 0.362628
Epoch 125/2000 | Train MSE: 0.353051
Epoch 126/2000 | Train MSE: 0.336251
Epoch 127/2000 | Train MSE: 0.383385
Epoch 128/2000 | Train MSE: 0.404582
Epoch 129/2000 | Train MSE: 0.399029
Epoch 130/2000 | Train MSE: 0.428056
Epoch 131/2000 | Train MSE: 0.385041
Epoch 132/2000 | Train MSE: 0.359886
Epoch 133/2000 | Train MSE: 0.399377
Epoch 134/2000 | Train MSE: 0.377355
Epoch 135/2000 | Train MSE: 0.347727
Epoch 136/2000 | Train MSE: 0.360337
Epoch 137/2000 | Train MSE: 0.308679
Epoch 138/2000 | Train MSE: 0.403725
Epoch 139/2000 | Train MSE: 0.330593
Epoch 140/2000 | Train MSE: 0.374501
Epoch 141/2000 | Train MSE: 0.393336
Epoch 142/2000 | Train MSE: 0.328007
Epoch 143/2000 | Train MSE: 0.362228
Epoch 144/2000 | Train MSE: 0.329953
Epoch 145/2000 | Train MSE: 0.298628
Epoch 146/2000 | Train MSE: 0.320611
Epoch 147/2000 | Train MSE: 0.345254
Epoch 148/2000 | Train MSE: 0.419467
Epoch 149/2000 | Train MSE: 0.420041
Epoch 150/2000 | Train MSE: 0.456608
Epoch 151/2000 | Train MSE: 0.355867
Epoch 152/2000 | Train MSE: 0.308232
Epoch 153/2000 | Train MSE: 0.295889
Epoch 154/2000 | Train MSE: 0.322211
Epoch 155/2000 | Train MSE: 0.331317
Epoch 156/2000 | Train MSE: 0.489741
Epoch 157/2000 | Train MSE: 0.398635
Epoch 158/2000 | Train MSE: 0.331711
Epoch 159/2000 | Train MSE: 0.285498
Epoch 160/2000 | Train MSE: 0.299590
Epoch 161/2000 | Train MSE: 0.342205
Epoch 162/2000 | Train MSE: 0.344226
Epoch 163/2000 | Train MSE: 0.282705
Epoch 164/2000 | Train MSE: 0.328584
Epoch 165/2000 | Train MSE: 0.330416
Epoch 166/2000 | Train MSE: 0.296044
Epoch 167/2000 | Train MSE: 0.273238
Epoch 168/2000 | Train MSE: 0.264710
Epoch 169/2000 | Train MSE: 0.286950
Epoch 170/2000 | Train MSE: 0.290123
Epoch 171/2000 | Train MSE: 0.290532
Epoch 172/2000 | Train MSE: 0.266130
Epoch 173/2000 | Train MSE: 0.253859
Epoch 174/2000 | Train MSE: 0.297426
Epoch 175/2000 | Train MSE: 0.310576
Epoch 176/2000 | Train MSE: 0.265547
Epoch 177/2000 | Train MSE: 0.298693
Epoch 178/2000 | Train MSE: 0.245114
Epoch 179/2000 | Train MSE: 0.245570
Epoch 180/2000 | Train MSE: 0.317441
Epoch 181/2000 | Train MSE: 0.269517
Epoch 182/2000 | Train MSE: 0.264219
Epoch 183/2000 | Train MSE: 0.253910
Epoch 184/2000 | Train MSE: 0.263440
Epoch 185/2000 | Train MSE: 0.242546
Epoch 186/2000 | Train MSE: 0.267228
Epoch 187/2000 | Train MSE: 0.305545
Epoch 188/2000 | Train MSE: 0.246556
Epoch 189/2000 | Train MSE: 0.737451
Epoch 190/2000 | Train MSE: 0.406343
Epoch 191/2000 | Train MSE: 0.315547
Epoch 192/2000 | Train MSE: 0.405149
Epoch 193/2000 | Train MSE: 0.294399
Epoch 194/2000 | Train MSE: 0.247507
Epoch 195/2000 | Train MSE: 0.271366
Epoch 196/2000 | Train MSE: 0.247639
Epoch 197/2000 | Train MSE: 0.254365
Epoch 198/2000 | Train MSE: 0.286308
Epoch 199/2000 | Train MSE: 0.259099
Epoch 200/2000 | Train MSE: 0.275910
Epoch 201/2000 | Train MSE: 0.245999
Epoch 202/2000 | Train MSE: 0.252529
Epoch 203/2000 | Train MSE: 0.263494
Epoch 204/2000 | Train MSE: 0.286630
Epoch 205/2000 | Train MSE: 0.254011
Epoch 206/2000 | Train MSE: 0.318079
Epoch 207/2000 | Train MSE: 0.263870
Epoch 208/2000 | Train MSE: 0.253182
Epoch 209/2000 | Train MSE: 0.254524
Epoch 210/2000 | Train MSE: 0.234899
Epoch 211/2000 | Train MSE: 0.250543
Epoch 212/2000 | Train MSE: 0.249213
Epoch 213/2000 | Train MSE: 0.241772
Epoch 214/2000 | Train MSE: 0.255041
Epoch 215/2000 | Train MSE: 0.225613
Epoch 216/2000 | Train MSE: 0.228853
Epoch 217/2000 | Train MSE: 0.236158
Epoch 218/2000 | Train MSE: 0.233776
Epoch 219/2000 | Train MSE: 0.221448
Epoch 220/2000 | Train MSE: 0.233600
Epoch 221/2000 | Train MSE: 0.304503
Epoch 222/2000 | Train MSE: 0.333981
Epoch 223/2000 | Train MSE: 0.239665
Epoch 224/2000 | Train MSE: 0.277617
Epoch 225/2000 | Train MSE: 0.266092
Epoch 226/2000 | Train MSE: 0.283557
Epoch 227/2000 | Train MSE: 0.281915
Epoch 228/2000 | Train MSE: 0.250592
Epoch 229/2000 | Train MSE: 0.239230
Epoch 230/2000 | Train MSE: 0.223445
Epoch 231/2000 | Train MSE: 0.205588
Epoch 232/2000 | Train MSE: 0.237692
Epoch 233/2000 | Train MSE: 0.253427
Epoch 234/2000 | Train MSE: 0.220400
Epoch 235/2000 | Train MSE: 0.221484
Epoch 236/2000 | Train MSE: 0.219889
Epoch 237/2000 | Train MSE: 0.214008
Epoch 238/2000 | Train MSE: 0.233758
Epoch 239/2000 | Train MSE: 0.206021
Epoch 240/2000 | Train MSE: 0.225499
Epoch 241/2000 | Train MSE: 0.198499
Epoch 242/2000 | Train MSE: 0.184905
Epoch 243/2000 | Train MSE: 0.217747
Epoch 244/2000 | Train MSE: 0.222833
Epoch 245/2000 | Train MSE: 0.293515
Epoch 246/2000 | Train MSE: 0.212524
Epoch 247/2000 | Train MSE: 0.224948
Epoch 248/2000 | Train MSE: 0.229597
Epoch 249/2000 | Train MSE: 0.254872
Epoch 250/2000 | Train MSE: 0.202044
Epoch 251/2000 | Train MSE: 0.214914
Epoch 252/2000 | Train MSE: 0.181219
Epoch 253/2000 | Train MSE: 0.181851
Epoch 254/2000 | Train MSE: 0.335236
Epoch 255/2000 | Train MSE: 0.382438
Epoch 256/2000 | Train MSE: 0.253882
Epoch 257/2000 | Train MSE: 0.248007
Epoch 258/2000 | Train MSE: 0.180592
Epoch 259/2000 | Train MSE: 0.168385
Epoch 260/2000 | Train MSE: 0.190387
Epoch 261/2000 | Train MSE: 0.197169
Epoch 262/2000 | Train MSE: 0.188729
Epoch 263/2000 | Train MSE: 0.169528
Epoch 264/2000 | Train MSE: 0.172047
Epoch 265/2000 | Train MSE: 0.216648
Epoch 266/2000 | Train MSE: 0.231482
Epoch 267/2000 | Train MSE: 0.188475
Epoch 268/2000 | Train MSE: 0.195018
Epoch 269/2000 | Train MSE: 0.173392
Epoch 270/2000 | Train MSE: 0.155904
Epoch 271/2000 | Train MSE: 0.160261
Epoch 272/2000 | Train MSE: 0.172542
Epoch 273/2000 | Train MSE: 0.176404
Epoch 274/2000 | Train MSE: 0.160937
Epoch 275/2000 | Train MSE: 0.152198
Epoch 276/2000 | Train MSE: 0.179340
Epoch 277/2000 | Train MSE: 0.162629
Epoch 278/2000 | Train MSE: 0.172935
Epoch 279/2000 | Train MSE: 0.170225
Epoch 280/2000 | Train MSE: 0.162528
Epoch 281/2000 | Train MSE: 0.156804
Epoch 282/2000 | Train MSE: 0.259632
Epoch 283/2000 | Train MSE: 0.186197
Epoch 284/2000 | Train MSE: 0.163230
Epoch 285/2000 | Train MSE: 0.167217
Epoch 286/2000 | Train MSE: 0.169007
Epoch 287/2000 | Train MSE: 0.167240
Epoch 288/2000 | Train MSE: 0.141068
Epoch 289/2000 | Train MSE: 0.138162
Epoch 290/2000 | Train MSE: 0.162978
Epoch 291/2000 | Train MSE: 0.197457
Epoch 292/2000 | Train MSE: 0.161627
Epoch 293/2000 | Train MSE: 0.143022
Epoch 294/2000 | Train MSE: 0.158655
Epoch 295/2000 | Train MSE: 0.187874
Epoch 296/2000 | Train MSE: 0.163350
Epoch 297/2000 | Train MSE: 0.147058
Epoch 298/2000 | Train MSE: 0.166711
Epoch 299/2000 | Train MSE: 0.134016
Epoch 300/2000 | Train MSE: 0.139012
Epoch 301/2000 | Train MSE: 0.139830
Epoch 302/2000 | Train MSE: 0.138065
Epoch 303/2000 | Train MSE: 0.153666
Epoch 304/2000 | Train MSE: 0.128917
Epoch 305/2000 | Train MSE: 0.206111
Epoch 306/2000 | Train MSE: 0.176215
Epoch 307/2000 | Train MSE: 0.136934
Epoch 308/2000 | Train MSE: 0.161000
Epoch 309/2000 | Train MSE: 0.147911
Epoch 310/2000 | Train MSE: 0.131776
Epoch 311/2000 | Train MSE: 0.125751
Epoch 312/2000 | Train MSE: 0.212519
Epoch 313/2000 | Train MSE: 0.152114
Epoch 314/2000 | Train MSE: 0.128966
Epoch 315/2000 | Train MSE: 0.136162
Epoch 316/2000 | Train MSE: 0.146676
Epoch 317/2000 | Train MSE: 0.123127
Epoch 318/2000 | Train MSE: 0.160498
Epoch 319/2000 | Train MSE: 0.226731
Epoch 320/2000 | Train MSE: 0.179939
Epoch 321/2000 | Train MSE: 0.129320
Epoch 322/2000 | Train MSE: 0.146448
Epoch 323/2000 | Train MSE: 0.117875
Epoch 324/2000 | Train MSE: 0.111911
Epoch 325/2000 | Train MSE: 0.101563
Epoch 326/2000 | Train MSE: 0.083940
Epoch 327/2000 | Train MSE: 0.172406
Epoch 328/2000 | Train MSE: 0.257968
Epoch 329/2000 | Train MSE: 0.151175
Epoch 330/2000 | Train MSE: 0.125336
Epoch 331/2000 | Train MSE: 0.115447
Epoch 332/2000 | Train MSE: 0.114315
Epoch 333/2000 | Train MSE: 0.129946
Epoch 334/2000 | Train MSE: 0.127027
Epoch 335/2000 | Train MSE: 0.103260
Epoch 336/2000 | Train MSE: 0.149964
Epoch 337/2000 | Train MSE: 0.123338
Epoch 338/2000 | Train MSE: 0.116524
Epoch 339/2000 | Train MSE: 0.105062
Epoch 340/2000 | Train MSE: 0.103963
Epoch 341/2000 | Train MSE: 0.107468
Epoch 342/2000 | Train MSE: 0.136276
Epoch 343/2000 | Train MSE: 0.117398
Epoch 344/2000 | Train MSE: 0.111463
Epoch 345/2000 | Train MSE: 0.111159
Epoch 346/2000 | Train MSE: 0.131705
Epoch 347/2000 | Train MSE: 0.123355
Epoch 348/2000 | Train MSE: 0.122685
Epoch 349/2000 | Train MSE: 2.055301
Epoch 350/2000 | Train MSE: 0.441314
Epoch 351/2000 | Train MSE: 0.317730
Epoch 352/2000 | Train MSE: 0.289448
Epoch 353/2000 | Train MSE: 0.238219
Epoch 354/2000 | Train MSE: 0.225487
Epoch 355/2000 | Train MSE: 0.200322
Epoch 356/2000 | Train MSE: 0.192174
Epoch 357/2000 | Train MSE: 0.164046
Epoch 358/2000 | Train MSE: 0.168797
Epoch 359/2000 | Train MSE: 0.183068
Epoch 360/2000 | Train MSE: 0.187644
Epoch 361/2000 | Train MSE: 0.187070
Epoch 362/2000 | Train MSE: 0.168894
Epoch 363/2000 | Train MSE: 0.163813
Epoch 364/2000 | Train MSE: 0.168632
Epoch 365/2000 | Train MSE: 0.150170
Epoch 366/2000 | Train MSE: 0.148394
Epoch 367/2000 | Train MSE: 0.134389
Epoch 368/2000 | Train MSE: 0.142605
Epoch 369/2000 | Train MSE: 0.180198
Epoch 370/2000 | Train MSE: 0.172182
Epoch 371/2000 | Train MSE: 0.151931
Epoch 372/2000 | Train MSE: 0.146350
Epoch 373/2000 | Train MSE: 0.161133
Epoch 374/2000 | Train MSE: 0.168689
Epoch 375/2000 | Train MSE: 0.152098
Epoch 376/2000 | Train MSE: 0.131104
Early stopping at epoch 376. Best training loss: 0.083940

Training H3

Epoch 1/2000 | Train MSE: 18.113836
Epoch 2/2000 | Train MSE: 4.934224
Epoch 3/2000 | Train MSE: 3.259766
Epoch 4/2000 | Train MSE: 2.531123
Epoch 5/2000 | Train MSE: 2.386577
Epoch 6/2000 | Train MSE: 2.038582
Epoch 7/2000 | Train MSE: 1.843687
Epoch 8/2000 | Train MSE: 2.117976
Epoch 9/2000 | Train MSE: 1.907205
Epoch 10/2000 | Train MSE: 1.670108
Epoch 11/2000 | Train MSE: 1.731914
Epoch 12/2000 | Train MSE: 1.902619
Epoch 13/2000 | Train MSE: 1.742062
Epoch 14/2000 | Train MSE: 2.285799
Epoch 15/2000 | Train MSE: 2.141148
Epoch 16/2000 | Train MSE: 1.451683
Epoch 17/2000 | Train MSE: 1.372694
Epoch 18/2000 | Train MSE: 1.428822
Epoch 19/2000 | Train MSE: 1.555824
Epoch 20/2000 | Train MSE: 1.717704
Epoch 21/2000 | Train MSE: 1.397202
Epoch 22/2000 | Train MSE: 1.217736
Epoch 23/2000 | Train MSE: 1.147233
Epoch 24/2000 | Train MSE: 1.528281
Epoch 25/2000 | Train MSE: 1.368731
Epoch 26/2000 | Train MSE: 1.298036
Epoch 27/2000 | Train MSE: 1.047989
Epoch 28/2000 | Train MSE: 2.502752
Epoch 29/2000 | Train MSE: 1.903783
Epoch 30/2000 | Train MSE: 1.598455
Epoch 31/2000 | Train MSE: 1.264836
Epoch 32/2000 | Train MSE: 1.341928
Epoch 33/2000 | Train MSE: 1.224824
Epoch 34/2000 | Train MSE: 1.167586
Epoch 35/2000 | Train MSE: 1.183295
Epoch 36/2000 | Train MSE: 1.136975
Epoch 37/2000 | Train MSE: 1.031141
Epoch 38/2000 | Train MSE: 1.075797
Epoch 39/2000 | Train MSE: 0.991867
Epoch 40/2000 | Train MSE: 1.021295
Epoch 41/2000 | Train MSE: 1.253420
Epoch 42/2000 | Train MSE: 1.025581
Epoch 43/2000 | Train MSE: 1.052872
Epoch 44/2000 | Train MSE: 0.938776
Epoch 45/2000 | Train MSE: 0.999276
Epoch 46/2000 | Train MSE: 1.085304
Epoch 47/2000 | Train MSE: 0.899730
Epoch 48/2000 | Train MSE: 0.890425
Epoch 49/2000 | Train MSE: 0.800335
Epoch 50/2000 | Train MSE: 0.823286
Epoch 51/2000 | Train MSE: 0.961066
Epoch 52/2000 | Train MSE: 0.835738
Epoch 53/2000 | Train MSE: 0.815543
Epoch 54/2000 | Train MSE: 0.774202
Epoch 55/2000 | Train MSE: 0.662194
Epoch 56/2000 | Train MSE: 0.784414
Epoch 57/2000 | Train MSE: 0.790951
Epoch 58/2000 | Train MSE: 0.632146
Epoch 59/2000 | Train MSE: 0.707398
Epoch 60/2000 | Train MSE: 0.638326
Epoch 61/2000 | Train MSE: 0.768246
Epoch 62/2000 | Train MSE: 0.755122
Epoch 63/2000 | Train MSE: 0.650864
Epoch 64/2000 | Train MSE: 0.587779
Epoch 65/2000 | Train MSE: 0.554512
Epoch 66/2000 | Train MSE: 0.600745
Epoch 67/2000 | Train MSE: 0.666139
Epoch 68/2000 | Train MSE: 0.605482
Epoch 69/2000 | Train MSE: 0.563009
Epoch 70/2000 | Train MSE: 0.555490
Epoch 71/2000 | Train MSE: 0.503008
Epoch 72/2000 | Train MSE: 0.536287
Epoch 73/2000 | Train MSE: 0.582223
Epoch 74/2000 | Train MSE: 0.593630
Epoch 75/2000 | Train MSE: 0.655920
Epoch 76/2000 | Train MSE: 0.470364
Epoch 77/2000 | Train MSE: 0.415812
Epoch 78/2000 | Train MSE: 0.558823
Epoch 79/2000 | Train MSE: 0.567826
Epoch 80/2000 | Train MSE: 0.490675
Epoch 81/2000 | Train MSE: 0.412353
Epoch 82/2000 | Train MSE: 0.467726
Epoch 83/2000 | Train MSE: 0.466375
Epoch 84/2000 | Train MSE: 0.486074
Epoch 85/2000 | Train MSE: 0.515604
Epoch 86/2000 | Train MSE: 0.404831
Epoch 87/2000 | Train MSE: 0.388282
Epoch 88/2000 | Train MSE: 0.383688
Epoch 89/2000 | Train MSE: 0.416345
Epoch 90/2000 | Train MSE: 0.404444
Epoch 91/2000 | Train MSE: 0.396575
Epoch 92/2000 | Train MSE: 0.383561
Epoch 93/2000 | Train MSE: 0.599133
Epoch 94/2000 | Train MSE: 0.444089
Epoch 95/2000 | Train MSE: 0.396937
Epoch 96/2000 | Train MSE: 0.375478
Epoch 97/2000 | Train MSE: 0.511781
Epoch 98/2000 | Train MSE: 0.444687
Epoch 99/2000 | Train MSE: 0.335946
Epoch 100/2000 | Train MSE: 0.369398
Epoch 101/2000 | Train MSE: 0.414096
Epoch 102/2000 | Train MSE: 0.417440
Epoch 103/2000 | Train MSE: 0.402583
Epoch 104/2000 | Train MSE: 0.449864
Epoch 105/2000 | Train MSE: 0.301553
Epoch 106/2000 | Train MSE: 0.377387
Epoch 107/2000 | Train MSE: 0.328588
Epoch 108/2000 | Train MSE: 0.344271
Epoch 109/2000 | Train MSE: 0.375712
Epoch 110/2000 | Train MSE: 0.382254
Epoch 111/2000 | Train MSE: 0.351915
Epoch 112/2000 | Train MSE: 0.395123
Epoch 113/2000 | Train MSE: 0.333472
Epoch 114/2000 | Train MSE: 0.287451
Epoch 115/2000 | Train MSE: 0.333996
Epoch 116/2000 | Train MSE: 0.320319
Epoch 117/2000 | Train MSE: 0.331582
Epoch 118/2000 | Train MSE: 0.297431
Epoch 119/2000 | Train MSE: 0.369817
Epoch 120/2000 | Train MSE: 0.331999
Epoch 121/2000 | Train MSE: 0.306531
Epoch 122/2000 | Train MSE: 0.330419
Epoch 123/2000 | Train MSE: 0.500182
Epoch 124/2000 | Train MSE: 0.376198
Epoch 125/2000 | Train MSE: 0.347457
Epoch 126/2000 | Train MSE: 0.315321
Epoch 127/2000 | Train MSE: 0.290844
Epoch 128/2000 | Train MSE: 0.376295
Epoch 129/2000 | Train MSE: 0.255643
Epoch 130/2000 | Train MSE: 0.309735
Epoch 131/2000 | Train MSE: 0.313476
Epoch 132/2000 | Train MSE: 0.292527
Epoch 133/2000 | Train MSE: 0.253085
Epoch 134/2000 | Train MSE: 0.274968
Epoch 135/2000 | Train MSE: 0.378850
Epoch 136/2000 | Train MSE: 0.294289
Epoch 137/2000 | Train MSE: 0.295589
Epoch 138/2000 | Train MSE: 0.291931
Epoch 139/2000 | Train MSE: 0.311014
Epoch 140/2000 | Train MSE: 0.295457
Epoch 141/2000 | Train MSE: 0.329717
Epoch 142/2000 | Train MSE: 0.271138
Epoch 143/2000 | Train MSE: 0.303742
Epoch 144/2000 | Train MSE: 0.292881
Epoch 145/2000 | Train MSE: 0.252751
Epoch 146/2000 | Train MSE: 0.232517
Epoch 147/2000 | Train MSE: 0.230635
Epoch 148/2000 | Train MSE: 0.306293
Epoch 149/2000 | Train MSE: 0.339169
Epoch 150/2000 | Train MSE: 0.274285
Epoch 151/2000 | Train MSE: 0.258435
Epoch 152/2000 | Train MSE: 0.257510
Epoch 153/2000 | Train MSE: 0.339504
Epoch 154/2000 | Train MSE: 0.250521
Epoch 155/2000 | Train MSE: 0.184644
Epoch 156/2000 | Train MSE: 0.201723
Epoch 157/2000 | Train MSE: 0.204617
Epoch 158/2000 | Train MSE: 0.300443
Epoch 159/2000 | Train MSE: 0.302367
Epoch 160/2000 | Train MSE: 0.277261
Epoch 161/2000 | Train MSE: 0.262931
Epoch 162/2000 | Train MSE: 0.230956
Epoch 163/2000 | Train MSE: 0.213169
Epoch 164/2000 | Train MSE: 0.212519
Epoch 165/2000 | Train MSE: 0.218120
Epoch 166/2000 | Train MSE: 0.233156
Epoch 167/2000 | Train MSE: 0.236413
Epoch 168/2000 | Train MSE: 0.215607
Epoch 169/2000 | Train MSE: 0.214799
Epoch 170/2000 | Train MSE: 0.218009
Epoch 171/2000 | Train MSE: 0.262431
Epoch 172/2000 | Train MSE: 0.216320
Epoch 173/2000 | Train MSE: 0.244430
Epoch 174/2000 | Train MSE: 0.324184
Epoch 175/2000 | Train MSE: 0.216662
Epoch 176/2000 | Train MSE: 0.224890
Epoch 177/2000 | Train MSE: 0.204511
Epoch 178/2000 | Train MSE: 0.175879
Epoch 179/2000 | Train MSE: 0.170307
Epoch 180/2000 | Train MSE: 0.187025
Epoch 181/2000 | Train MSE: 0.182202
Epoch 182/2000 | Train MSE: 0.189253
Epoch 183/2000 | Train MSE: 0.155177
Epoch 184/2000 | Train MSE: 0.170966
Epoch 185/2000 | Train MSE: 0.183882
Epoch 186/2000 | Train MSE: 0.240424
Epoch 187/2000 | Train MSE: 0.172307
Epoch 188/2000 | Train MSE: 0.195788
Epoch 189/2000 | Train MSE: 0.179122
Epoch 190/2000 | Train MSE: 0.152396
Epoch 191/2000 | Train MSE: 0.146352
Epoch 192/2000 | Train MSE: 0.203666
Epoch 193/2000 | Train MSE: 0.223421
Epoch 194/2000 | Train MSE: 0.311474
Epoch 195/2000 | Train MSE: 0.206721
Epoch 196/2000 | Train MSE: 0.173800
Epoch 197/2000 | Train MSE: 0.205801
Epoch 198/2000 | Train MSE: 0.155042
Epoch 199/2000 | Train MSE: 0.265667
Epoch 200/2000 | Train MSE: 0.570658
Epoch 201/2000 | Train MSE: 0.280731
Epoch 202/2000 | Train MSE: 0.210797
Epoch 203/2000 | Train MSE: 0.181010
Epoch 204/2000 | Train MSE: 0.164974
Epoch 205/2000 | Train MSE: 0.171695
Epoch 206/2000 | Train MSE: 0.180043
Epoch 207/2000 | Train MSE: 0.169340
Epoch 208/2000 | Train MSE: 0.177984
Epoch 209/2000 | Train MSE: 0.166968
Epoch 210/2000 | Train MSE: 0.140360
Epoch 211/2000 | Train MSE: 0.162725
Epoch 212/2000 | Train MSE: 0.133396
Epoch 213/2000 | Train MSE: 0.219196
Epoch 214/2000 | Train MSE: 0.189251
Epoch 215/2000 | Train MSE: 0.153835
Epoch 216/2000 | Train MSE: 0.235058
Epoch 217/2000 | Train MSE: 0.265069
Epoch 218/2000 | Train MSE: 0.177033
Epoch 219/2000 | Train MSE: 0.162111
Epoch 220/2000 | Train MSE: 0.144848
Epoch 221/2000 | Train MSE: 0.130580
Epoch 222/2000 | Train MSE: 0.121731
Epoch 223/2000 | Train MSE: 0.148197
Epoch 224/2000 | Train MSE: 0.134208
Epoch 225/2000 | Train MSE: 0.169844
Epoch 226/2000 | Train MSE: 0.141364
Epoch 227/2000 | Train MSE: 0.146807
Epoch 228/2000 | Train MSE: 0.139263
Epoch 229/2000 | Train MSE: 0.145192
Epoch 230/2000 | Train MSE: 0.129860
Epoch 231/2000 | Train MSE: 0.130488
Epoch 232/2000 | Train MSE: 0.160788
Epoch 233/2000 | Train MSE: 0.220684
Epoch 234/2000 | Train MSE: 0.188959
Epoch 235/2000 | Train MSE: 0.159360
Epoch 236/2000 | Train MSE: 0.150023
Epoch 237/2000 | Train MSE: 0.164032
Epoch 238/2000 | Train MSE: 0.198097
Epoch 239/2000 | Train MSE: 0.171195
Epoch 240/2000 | Train MSE: 0.144922
Epoch 241/2000 | Train MSE: 0.137924
Epoch 242/2000 | Train MSE: 0.113850
Epoch 243/2000 | Train MSE: 0.130131
Epoch 244/2000 | Train MSE: 0.149050
Epoch 245/2000 | Train MSE: 0.156992
Epoch 246/2000 | Train MSE: 0.147902
Epoch 247/2000 | Train MSE: 0.121806
Epoch 248/2000 | Train MSE: 0.113468
Epoch 249/2000 | Train MSE: 0.152273
Epoch 250/2000 | Train MSE: 0.234886
Epoch 251/2000 | Train MSE: 0.142895
Epoch 252/2000 | Train MSE: 0.142984
Epoch 253/2000 | Train MSE: 0.160586
Epoch 254/2000 | Train MSE: 0.144358
Epoch 255/2000 | Train MSE: 0.105632
Epoch 256/2000 | Train MSE: 0.153530
Epoch 257/2000 | Train MSE: 0.114271
Epoch 258/2000 | Train MSE: 0.122128
Epoch 259/2000 | Train MSE: 0.099235
Epoch 260/2000 | Train MSE: 0.090939
Epoch 261/2000 | Train MSE: 0.116533
Epoch 262/2000 | Train MSE: 0.100405
Epoch 263/2000 | Train MSE: 0.093985
Epoch 264/2000 | Train MSE: 0.094211
Epoch 265/2000 | Train MSE: 0.082690
Epoch 266/2000 | Train MSE: 0.101133
Epoch 267/2000 | Train MSE: 0.108814
Epoch 268/2000 | Train MSE: 0.135327
Epoch 269/2000 | Train MSE: 0.102147
Epoch 270/2000 | Train MSE: 0.095160
Epoch 271/2000 | Train MSE: 0.133499
Epoch 272/2000 | Train MSE: 0.122808
Epoch 273/2000 | Train MSE: 0.101276
Epoch 274/2000 | Train MSE: 0.122154
Epoch 275/2000 | Train MSE: 0.120275
Epoch 276/2000 | Train MSE: 0.116935
Epoch 277/2000 | Train MSE: 0.085771
Epoch 278/2000 | Train MSE: 0.082997
Epoch 279/2000 | Train MSE: 0.090254
Epoch 280/2000 | Train MSE: 0.131382
Epoch 281/2000 | Train MSE: 0.101278
Epoch 282/2000 | Train MSE: 0.145524
Epoch 283/2000 | Train MSE: 0.098623
Epoch 284/2000 | Train MSE: 0.105255
Epoch 285/2000 | Train MSE: 0.074490
Epoch 286/2000 | Train MSE: 0.090371
Epoch 287/2000 | Train MSE: 0.088436
Epoch 288/2000 | Train MSE: 0.095001
Epoch 289/2000 | Train MSE: 0.087027
Epoch 290/2000 | Train MSE: 0.096128
Epoch 291/2000 | Train MSE: 0.411089
Epoch 292/2000 | Train MSE: 0.216258
Epoch 293/2000 | Train MSE: 0.127580
Epoch 294/2000 | Train MSE: 0.089772
Epoch 295/2000 | Train MSE: 0.107829
Epoch 296/2000 | Train MSE: 0.120753
Epoch 297/2000 | Train MSE: 0.124492
Epoch 298/2000 | Train MSE: 0.084355
Epoch 299/2000 | Train MSE: 0.080253
Epoch 300/2000 | Train MSE: 0.092315
Epoch 301/2000 | Train MSE: 0.130786
Epoch 302/2000 | Train MSE: 0.092747
Epoch 303/2000 | Train MSE: 0.093890
Epoch 304/2000 | Train MSE: 0.074881
Epoch 305/2000 | Train MSE: 0.090405
Epoch 306/2000 | Train MSE: 0.162627
Epoch 307/2000 | Train MSE: 0.109173
Epoch 308/2000 | Train MSE: 0.102448
Epoch 309/2000 | Train MSE: 0.086142
Epoch 310/2000 | Train MSE: 0.073510
Epoch 311/2000 | Train MSE: 0.092113
Epoch 312/2000 | Train MSE: 0.097517
Epoch 313/2000 | Train MSE: 0.079389
Epoch 314/2000 | Train MSE: 0.083448
Epoch 315/2000 | Train MSE: 0.106622
Epoch 316/2000 | Train MSE: 0.083540
Epoch 317/2000 | Train MSE: 0.104392
Epoch 318/2000 | Train MSE: 0.519460
Epoch 319/2000 | Train MSE: 0.686045
Epoch 320/2000 | Train MSE: 0.189998
Epoch 321/2000 | Train MSE: 0.133036
Epoch 322/2000 | Train MSE: 0.112206
Epoch 323/2000 | Train MSE: 0.089268
Epoch 324/2000 | Train MSE: 0.080243
Epoch 325/2000 | Train MSE: 0.092353
Epoch 326/2000 | Train MSE: 0.070457
Epoch 327/2000 | Train MSE: 0.073698
Epoch 328/2000 | Train MSE: 0.085773
Epoch 329/2000 | Train MSE: 0.076636
Epoch 330/2000 | Train MSE: 0.072098
Epoch 331/2000 | Train MSE: 0.084399
Epoch 332/2000 | Train MSE: 0.064048
Epoch 333/2000 | Train MSE: 0.122860
Epoch 334/2000 | Train MSE: 0.077197
Epoch 335/2000 | Train MSE: 0.072710
Epoch 336/2000 | Train MSE: 0.079156
Epoch 337/2000 | Train MSE: 0.062850
Epoch 338/2000 | Train MSE: 0.076978
Epoch 339/2000 | Train MSE: 0.098162
Epoch 340/2000 | Train MSE: 0.097854
Epoch 341/2000 | Train MSE: 0.083470
Epoch 342/2000 | Train MSE: 0.074042
Epoch 343/2000 | Train MSE: 0.066715
Epoch 344/2000 | Train MSE: 0.069963
Epoch 345/2000 | Train MSE: 0.058234
Epoch 346/2000 | Train MSE: 0.084837
Epoch 347/2000 | Train MSE: 0.081787
Epoch 348/2000 | Train MSE: 0.147960
Epoch 349/2000 | Train MSE: 0.132474
Epoch 350/2000 | Train MSE: 0.194466
Epoch 351/2000 | Train MSE: 0.145477
Epoch 352/2000 | Train MSE: 0.096234
Epoch 353/2000 | Train MSE: 0.186185
Epoch 354/2000 | Train MSE: 0.137898
Epoch 355/2000 | Train MSE: 0.097428
Epoch 356/2000 | Train MSE: 0.078453
Epoch 357/2000 | Train MSE: 0.060802
Epoch 358/2000 | Train MSE: 0.044668
Epoch 359/2000 | Train MSE: 0.056445
Epoch 360/2000 | Train MSE: 0.056688
Epoch 361/2000 | Train MSE: 0.057219
Epoch 362/2000 | Train MSE: 0.060723
Epoch 363/2000 | Train MSE: 0.061734
Epoch 364/2000 | Train MSE: 0.060373
Epoch 365/2000 | Train MSE: 0.070913
Epoch 366/2000 | Train MSE: 0.077075
Epoch 367/2000 | Train MSE: 0.096716
Epoch 368/2000 | Train MSE: 0.091220
Epoch 369/2000 | Train MSE: 0.053835
Epoch 370/2000 | Train MSE: 0.050753
Epoch 371/2000 | Train MSE: 0.081217
Epoch 372/2000 | Train MSE: 0.076417
Epoch 373/2000 | Train MSE: 0.069424
Epoch 374/2000 | Train MSE: 0.100628
Epoch 375/2000 | Train MSE: 0.083498
Epoch 376/2000 | Train MSE: 0.070544
Epoch 377/2000 | Train MSE: 0.079747
Epoch 378/2000 | Train MSE: 0.112395
Epoch 379/2000 | Train MSE: 0.088220
Epoch 380/2000 | Train MSE: 0.067915
Epoch 381/2000 | Train MSE: 0.053861
Epoch 382/2000 | Train MSE: 0.044787
Epoch 383/2000 | Train MSE: 0.053040
Epoch 384/2000 | Train MSE: 0.048033
Epoch 385/2000 | Train MSE: 0.042927
Epoch 386/2000 | Train MSE: 0.081674
Epoch 387/2000 | Train MSE: 0.079933
Epoch 388/2000 | Train MSE: 0.077645
Epoch 389/2000 | Train MSE: 0.078563
Epoch 390/2000 | Train MSE: 0.089480
Epoch 391/2000 | Train MSE: 0.064213
Epoch 392/2000 | Train MSE: 0.046812
Epoch 393/2000 | Train MSE: 0.053921
Epoch 394/2000 | Train MSE: 0.053837
Epoch 395/2000 | Train MSE: 0.044889
Epoch 396/2000 | Train MSE: 0.053547
Epoch 397/2000 | Train MSE: 0.044169
Epoch 398/2000 | Train MSE: 0.062764
Epoch 399/2000 | Train MSE: 0.058583
Epoch 400/2000 | Train MSE: 0.058397
Epoch 401/2000 | Train MSE: 0.078265
Epoch 402/2000 | Train MSE: 0.056647
Epoch 403/2000 | Train MSE: 0.061072
Epoch 404/2000 | Train MSE: 0.046549
Epoch 405/2000 | Train MSE: 0.046675
Epoch 406/2000 | Train MSE: 0.057984
Epoch 407/2000 | Train MSE: 0.060495
Epoch 408/2000 | Train MSE: 0.070504
Epoch 409/2000 | Train MSE: 0.062915
Epoch 410/2000 | Train MSE: 0.087683
Epoch 411/2000 | Train MSE: 0.057561
Epoch 412/2000 | Train MSE: 0.057512
Epoch 413/2000 | Train MSE: 0.049717
Epoch 414/2000 | Train MSE: 0.043364
Epoch 415/2000 | Train MSE: 0.037422
Epoch 416/2000 | Train MSE: 0.041935
Epoch 417/2000 | Train MSE: 0.048002
Epoch 418/2000 | Train MSE: 0.051259
Epoch 419/2000 | Train MSE: 0.074579
Epoch 420/2000 | Train MSE: 0.093928
Epoch 421/2000 | Train MSE: 0.063434
Epoch 422/2000 | Train MSE: 0.072551
Epoch 423/2000 | Train MSE: 0.076833
Epoch 424/2000 | Train MSE: 0.115849
Epoch 425/2000 | Train MSE: 0.094221
Epoch 426/2000 | Train MSE: 0.058061
Epoch 427/2000 | Train MSE: 0.040791
Epoch 428/2000 | Train MSE: 0.036076
Epoch 429/2000 | Train MSE: 0.036288
Epoch 430/2000 | Train MSE: 0.039527
Epoch 431/2000 | Train MSE: 0.036522
Epoch 432/2000 | Train MSE: 0.036027
Epoch 433/2000 | Train MSE: 0.043487
Epoch 434/2000 | Train MSE: 0.047374
Epoch 435/2000 | Train MSE: 0.052860
Epoch 436/2000 | Train MSE: 0.038900
Epoch 437/2000 | Train MSE: 0.106630
Epoch 438/2000 | Train MSE: 0.086436
Epoch 439/2000 | Train MSE: 0.048038
Epoch 440/2000 | Train MSE: 0.036756
Epoch 441/2000 | Train MSE: 0.027147
Epoch 442/2000 | Train MSE: 0.049415
Epoch 443/2000 | Train MSE: 0.040530
Epoch 444/2000 | Train MSE: 0.055976
Epoch 445/2000 | Train MSE: 0.034257
Epoch 446/2000 | Train MSE: 0.035630
Epoch 447/2000 | Train MSE: 0.032786
Epoch 448/2000 | Train MSE: 0.032939
Epoch 449/2000 | Train MSE: 0.056135
Epoch 450/2000 | Train MSE: 0.033296
Epoch 451/2000 | Train MSE: 0.055857
Epoch 452/2000 | Train MSE: 0.199357
Epoch 453/2000 | Train MSE: 0.103787
Epoch 454/2000 | Train MSE: 0.057387
Epoch 455/2000 | Train MSE: 0.054747
Epoch 456/2000 | Train MSE: 0.039846
Epoch 457/2000 | Train MSE: 0.030319
Epoch 458/2000 | Train MSE: 0.025683
Epoch 459/2000 | Train MSE: 0.020620
Epoch 460/2000 | Train MSE: 0.028847
Epoch 461/2000 | Train MSE: 0.027812
Epoch 462/2000 | Train MSE: 0.044586
Epoch 463/2000 | Train MSE: 0.043140
Epoch 464/2000 | Train MSE: 0.043213
Epoch 465/2000 | Train MSE: 0.043544
Epoch 466/2000 | Train MSE: 0.031422
Epoch 467/2000 | Train MSE: 0.048987
Epoch 468/2000 | Train MSE: 0.053627
Epoch 469/2000 | Train MSE: 0.035587
Epoch 470/2000 | Train MSE: 0.027050
Epoch 471/2000 | Train MSE: 0.025039
Epoch 472/2000 | Train MSE: 0.028059
Epoch 473/2000 | Train MSE: 0.025062
Epoch 474/2000 | Train MSE: 0.044745
Epoch 475/2000 | Train MSE: 0.041628
Epoch 476/2000 | Train MSE: 0.037250
Epoch 477/2000 | Train MSE: 0.133931
Epoch 478/2000 | Train MSE: 0.196659
Epoch 479/2000 | Train MSE: 0.129733
Epoch 480/2000 | Train MSE: 0.074501
Epoch 481/2000 | Train MSE: 0.047704
Epoch 482/2000 | Train MSE: 0.040177
Epoch 483/2000 | Train MSE: 0.035433
Epoch 484/2000 | Train MSE: 0.031533
Epoch 485/2000 | Train MSE: 0.025035
Epoch 486/2000 | Train MSE: 0.025919
Epoch 487/2000 | Train MSE: 0.030419
Epoch 488/2000 | Train MSE: 0.024058
Epoch 489/2000 | Train MSE: 0.027122
Epoch 490/2000 | Train MSE: 0.021475
Epoch 491/2000 | Train MSE: 0.042415
Epoch 492/2000 | Train MSE: 0.043776
Epoch 493/2000 | Train MSE: 0.036171
Epoch 494/2000 | Train MSE: 0.031290
Epoch 495/2000 | Train MSE: 0.027568
Epoch 496/2000 | Train MSE: 0.036910
Epoch 497/2000 | Train MSE: 0.054270
Epoch 498/2000 | Train MSE: 0.053482
Epoch 499/2000 | Train MSE: 0.059501
Epoch 500/2000 | Train MSE: 0.040397
Epoch 501/2000 | Train MSE: 0.040747
Epoch 502/2000 | Train MSE: 0.057627
Epoch 503/2000 | Train MSE: 0.036777
Epoch 504/2000 | Train MSE: 0.024234
Epoch 505/2000 | Train MSE: 0.021124
Epoch 506/2000 | Train MSE: 0.021910
Epoch 507/2000 | Train MSE: 0.025633
Epoch 508/2000 | Train MSE: 0.074781
Epoch 509/2000 | Train MSE: 0.066028
Early stopping at epoch 509. Best training loss: 0.020620

Training H4

Epoch 1/2000 | Train MSE: 25.283074
Epoch 2/2000 | Train MSE: 4.730134
Epoch 3/2000 | Train MSE: 3.667354
Epoch 4/2000 | Train MSE: 3.095283
Epoch 5/2000 | Train MSE: 2.020243
Epoch 6/2000 | Train MSE: 2.108823
Epoch 7/2000 | Train MSE: 1.627931
Epoch 8/2000 | Train MSE: 1.605836
Epoch 9/2000 | Train MSE: 2.072882
Epoch 10/2000 | Train MSE: 1.523095
Epoch 11/2000 | Train MSE: 1.621771
Epoch 12/2000 | Train MSE: 1.667753
Epoch 13/2000 | Train MSE: 1.502362
Epoch 14/2000 | Train MSE: 1.444116
Epoch 15/2000 | Train MSE: 1.697501
Epoch 16/2000 | Train MSE: 1.605978
Epoch 17/2000 | Train MSE: 1.507195
Epoch 18/2000 | Train MSE: 1.420432
Epoch 19/2000 | Train MSE: 1.288420
Epoch 20/2000 | Train MSE: 1.496876
Epoch 21/2000 | Train MSE: 1.357165
Epoch 22/2000 | Train MSE: 1.241251
Epoch 23/2000 | Train MSE: 1.142754
Epoch 24/2000 | Train MSE: 1.135620
Epoch 25/2000 | Train MSE: 1.101454
Epoch 26/2000 | Train MSE: 1.145347
Epoch 27/2000 | Train MSE: 1.315233
Epoch 28/2000 | Train MSE: 1.081185
Epoch 29/2000 | Train MSE: 1.014195
Epoch 30/2000 | Train MSE: 1.036268
Epoch 31/2000 | Train MSE: 0.937313
Epoch 32/2000 | Train MSE: 1.056968
Epoch 33/2000 | Train MSE: 1.076689
Epoch 34/2000 | Train MSE: 0.968635
Epoch 35/2000 | Train MSE: 0.988110
Epoch 36/2000 | Train MSE: 0.844446
Epoch 37/2000 | Train MSE: 0.946846
Epoch 38/2000 | Train MSE: 0.819812
Epoch 39/2000 | Train MSE: 0.944127
Epoch 40/2000 | Train MSE: 0.860555
Epoch 41/2000 | Train MSE: 0.872955
Epoch 42/2000 | Train MSE: 0.815443
Epoch 43/2000 | Train MSE: 0.809395
Epoch 44/2000 | Train MSE: 0.759439
Epoch 45/2000 | Train MSE: 0.789641
Epoch 46/2000 | Train MSE: 0.752958
Epoch 47/2000 | Train MSE: 0.768717
Epoch 48/2000 | Train MSE: 1.299724
Epoch 49/2000 | Train MSE: 1.659175
Epoch 50/2000 | Train MSE: 1.340971
Epoch 51/2000 | Train MSE: 1.289683
Epoch 52/2000 | Train MSE: 1.046573
Epoch 53/2000 | Train MSE: 0.894300
Epoch 54/2000 | Train MSE: 0.788163
Epoch 55/2000 | Train MSE: 0.770465
Epoch 56/2000 | Train MSE: 0.797804
Epoch 57/2000 | Train MSE: 0.770876
Epoch 58/2000 | Train MSE: 0.700807
Epoch 59/2000 | Train MSE: 0.752822
Epoch 60/2000 | Train MSE: 0.783790
Epoch 61/2000 | Train MSE: 0.695825
Epoch 62/2000 | Train MSE: 0.669667
Epoch 63/2000 | Train MSE: 0.760097
Epoch 64/2000 | Train MSE: 0.736036
Epoch 65/2000 | Train MSE: 0.629187
Epoch 66/2000 | Train MSE: 0.594343
Epoch 67/2000 | Train MSE: 0.557998
Epoch 68/2000 | Train MSE: 0.651395
Epoch 69/2000 | Train MSE: 0.624783
Epoch 70/2000 | Train MSE: 4.764021
Epoch 71/2000 | Train MSE: 1.256205
Epoch 72/2000 | Train MSE: 1.097169
Epoch 73/2000 | Train MSE: 1.107359
Epoch 74/2000 | Train MSE: 0.905497
Epoch 75/2000 | Train MSE: 0.873212
Epoch 76/2000 | Train MSE: 0.855801
Epoch 77/2000 | Train MSE: 0.854163
Epoch 78/2000 | Train MSE: 0.748180
Epoch 79/2000 | Train MSE: 0.757942
Epoch 80/2000 | Train MSE: 0.746680
Epoch 81/2000 | Train MSE: 0.770547
Epoch 82/2000 | Train MSE: 0.750989
Epoch 83/2000 | Train MSE: 0.661385
Epoch 84/2000 | Train MSE: 0.771341
Epoch 85/2000 | Train MSE: 0.708047
Epoch 86/2000 | Train MSE: 0.630894
Epoch 87/2000 | Train MSE: 0.759504
Epoch 88/2000 | Train MSE: 0.626904
Epoch 89/2000 | Train MSE: 0.562771
Epoch 90/2000 | Train MSE: 0.571406
Epoch 91/2000 | Train MSE: 0.608619
Epoch 92/2000 | Train MSE: 0.573950
Epoch 93/2000 | Train MSE: 0.558267
Epoch 94/2000 | Train MSE: 0.570361
Epoch 95/2000 | Train MSE: 0.575826
Epoch 96/2000 | Train MSE: 0.582962
Epoch 97/2000 | Train MSE: 0.538865
Epoch 98/2000 | Train MSE: 0.615696
Epoch 99/2000 | Train MSE: 0.699667
Epoch 100/2000 | Train MSE: 0.529177
Epoch 101/2000 | Train MSE: 0.471689
Epoch 102/2000 | Train MSE: 0.480840
Epoch 103/2000 | Train MSE: 0.508289
Epoch 104/2000 | Train MSE: 0.547234
Epoch 105/2000 | Train MSE: 0.436178
Epoch 106/2000 | Train MSE: 0.510500
Epoch 107/2000 | Train MSE: 0.468211
Epoch 108/2000 | Train MSE: 0.494186
Epoch 109/2000 | Train MSE: 0.464822
Epoch 110/2000 | Train MSE: 0.477895
Epoch 111/2000 | Train MSE: 0.510062
Epoch 112/2000 | Train MSE: 0.482966
Epoch 113/2000 | Train MSE: 0.431048
Epoch 114/2000 | Train MSE: 0.450727
Epoch 115/2000 | Train MSE: 0.419329
Epoch 116/2000 | Train MSE: 0.445021
Epoch 117/2000 | Train MSE: 0.512332
Epoch 118/2000 | Train MSE: 0.475045
Epoch 119/2000 | Train MSE: 0.438778
Epoch 120/2000 | Train MSE: 0.418013
Epoch 121/2000 | Train MSE: 0.408672
Epoch 122/2000 | Train MSE: 0.428112
Epoch 123/2000 | Train MSE: 0.400724
Epoch 124/2000 | Train MSE: 0.402350
Epoch 125/2000 | Train MSE: 0.478664
Epoch 126/2000 | Train MSE: 0.368775
Epoch 127/2000 | Train MSE: 0.424598
Epoch 128/2000 | Train MSE: 0.463070
Epoch 129/2000 | Train MSE: 0.372088
Epoch 130/2000 | Train MSE: 0.596189
Epoch 131/2000 | Train MSE: 0.436481
Epoch 132/2000 | Train MSE: 0.477980
Epoch 133/2000 | Train MSE: 0.379141
Epoch 134/2000 | Train MSE: 0.354723
Epoch 135/2000 | Train MSE: 0.344565
Epoch 136/2000 | Train MSE: 0.346212
Epoch 137/2000 | Train MSE: 0.363794
Epoch 138/2000 | Train MSE: 0.355066
Epoch 139/2000 | Train MSE: 0.379012
Epoch 140/2000 | Train MSE: 0.324595
Epoch 141/2000 | Train MSE: 0.360174
Epoch 142/2000 | Train MSE: 0.325650
Epoch 143/2000 | Train MSE: 0.413528
Epoch 144/2000 | Train MSE: 0.431945
Epoch 145/2000 | Train MSE: 0.356396
Epoch 146/2000 | Train MSE: 0.690243
Epoch 147/2000 | Train MSE: 0.572954
Epoch 148/2000 | Train MSE: 0.393384
Epoch 149/2000 | Train MSE: 0.379468
Epoch 150/2000 | Train MSE: 0.381865
Epoch 151/2000 | Train MSE: 0.358877
Epoch 152/2000 | Train MSE: 0.303888
Epoch 153/2000 | Train MSE: 0.307213
Epoch 154/2000 | Train MSE: 0.299640
Epoch 155/2000 | Train MSE: 0.567904
Epoch 156/2000 | Train MSE: 0.346296
Epoch 157/2000 | Train MSE: 0.334964
Epoch 158/2000 | Train MSE: 0.359545
Epoch 159/2000 | Train MSE: 0.329025
Epoch 160/2000 | Train MSE: 0.398659
Epoch 161/2000 | Train MSE: 0.354414
Epoch 162/2000 | Train MSE: 0.348462
Epoch 163/2000 | Train MSE: 0.312748
Epoch 164/2000 | Train MSE: 0.305675
Epoch 165/2000 | Train MSE: 0.357525
Epoch 166/2000 | Train MSE: 0.284362
Epoch 167/2000 | Train MSE: 0.301314
Epoch 168/2000 | Train MSE: 0.299605
Epoch 169/2000 | Train MSE: 0.314056
Epoch 170/2000 | Train MSE: 0.309590
Epoch 171/2000 | Train MSE: 0.300301
Epoch 172/2000 | Train MSE: 0.298511
Epoch 173/2000 | Train MSE: 0.340905
Epoch 174/2000 | Train MSE: 0.350078
Epoch 175/2000 | Train MSE: 0.406327
Epoch 176/2000 | Train MSE: 0.377153
Epoch 177/2000 | Train MSE: 0.336492
Epoch 178/2000 | Train MSE: 0.279416
Epoch 179/2000 | Train MSE: 0.268724
Epoch 180/2000 | Train MSE: 0.318230
Epoch 181/2000 | Train MSE: 0.344119
Epoch 182/2000 | Train MSE: 0.335313
Epoch 183/2000 | Train MSE: 0.269234
Epoch 184/2000 | Train MSE: 0.273795
Epoch 185/2000 | Train MSE: 0.268090
Epoch 186/2000 | Train MSE: 0.274491
Epoch 187/2000 | Train MSE: 0.347242
Epoch 188/2000 | Train MSE: 0.294029
Epoch 189/2000 | Train MSE: 0.286046
Epoch 190/2000 | Train MSE: 0.249801
Epoch 191/2000 | Train MSE: 0.284402
Epoch 192/2000 | Train MSE: 0.314883
Epoch 193/2000 | Train MSE: 0.274030
Epoch 194/2000 | Train MSE: 0.296344
Epoch 195/2000 | Train MSE: 0.265837
Epoch 196/2000 | Train MSE: 0.289793
Epoch 197/2000 | Train MSE: 0.286104
Epoch 198/2000 | Train MSE: 0.269887
Epoch 199/2000 | Train MSE: 0.257857
Epoch 200/2000 | Train MSE: 0.270217
Epoch 201/2000 | Train MSE: 0.269256
Epoch 202/2000 | Train MSE: 0.269484
Epoch 203/2000 | Train MSE: 0.235530
Epoch 204/2000 | Train MSE: 0.245816
Epoch 205/2000 | Train MSE: 0.251525
Epoch 206/2000 | Train MSE: 0.244722
Epoch 207/2000 | Train MSE: 0.244646
Epoch 208/2000 | Train MSE: 0.219486
Epoch 209/2000 | Train MSE: 0.239768
Epoch 210/2000 | Train MSE: 0.299066
Epoch 211/2000 | Train MSE: 0.262373
Epoch 212/2000 | Train MSE: 0.265050
Epoch 213/2000 | Train MSE: 0.252508
Epoch 214/2000 | Train MSE: 0.250910
Epoch 215/2000 | Train MSE: 0.477551
Epoch 216/2000 | Train MSE: 0.320932
Epoch 217/2000 | Train MSE: 0.290090
Epoch 218/2000 | Train MSE: 0.272150
Epoch 219/2000 | Train MSE: 0.270113
Epoch 220/2000 | Train MSE: 0.248420
Epoch 221/2000 | Train MSE: 0.239092
Epoch 222/2000 | Train MSE: 0.223705
Epoch 223/2000 | Train MSE: 0.212042
Epoch 224/2000 | Train MSE: 0.215971
Epoch 225/2000 | Train MSE: 0.270569
Epoch 226/2000 | Train MSE: 0.234869
Epoch 227/2000 | Train MSE: 0.210936
Epoch 228/2000 | Train MSE: 0.517651
Epoch 229/2000 | Train MSE: 0.417468
Epoch 230/2000 | Train MSE: 0.334202
Epoch 231/2000 | Train MSE: 0.303357
Epoch 232/2000 | Train MSE: 0.302235
Epoch 233/2000 | Train MSE: 0.251227
Epoch 234/2000 | Train MSE: 0.257626
Epoch 235/2000 | Train MSE: 0.262111
Epoch 236/2000 | Train MSE: 0.251578
Epoch 237/2000 | Train MSE: 0.211437
Epoch 238/2000 | Train MSE: 0.236529
Epoch 239/2000 | Train MSE: 0.226523
Epoch 240/2000 | Train MSE: 0.217812
Epoch 241/2000 | Train MSE: 0.219078
Epoch 242/2000 | Train MSE: 0.219756
Epoch 243/2000 | Train MSE: 0.216009
Epoch 244/2000 | Train MSE: 0.236839
Epoch 245/2000 | Train MSE: 0.205027
Epoch 246/2000 | Train MSE: 0.236632
Epoch 247/2000 | Train MSE: 0.213882
Epoch 248/2000 | Train MSE: 0.212406
Epoch 249/2000 | Train MSE: 0.194814
Epoch 250/2000 | Train MSE: 0.222117
Epoch 251/2000 | Train MSE: 0.219339
Epoch 252/2000 | Train MSE: 0.222103
Epoch 253/2000 | Train MSE: 0.212621
Epoch 254/2000 | Train MSE: 0.205285
Epoch 255/2000 | Train MSE: 0.209626
Epoch 256/2000 | Train MSE: 0.199246
Epoch 257/2000 | Train MSE: 0.227339
Epoch 258/2000 | Train MSE: 0.245007
Epoch 259/2000 | Train MSE: 0.236647
Epoch 260/2000 | Train MSE: 0.218934
Epoch 261/2000 | Train MSE: 0.215799
Epoch 262/2000 | Train MSE: 0.235419
Epoch 263/2000 | Train MSE: 0.196433
Epoch 264/2000 | Train MSE: 0.214892
Epoch 265/2000 | Train MSE: 0.204894
Epoch 266/2000 | Train MSE: 0.212675
Epoch 267/2000 | Train MSE: 0.181469
Epoch 268/2000 | Train MSE: 0.200395
Epoch 269/2000 | Train MSE: 0.171296
Epoch 270/2000 | Train MSE: 0.182996
Epoch 271/2000 | Train MSE: 0.176741
Epoch 272/2000 | Train MSE: 0.175190
Epoch 273/2000 | Train MSE: 0.192386
Epoch 274/2000 | Train MSE: 0.207778
Epoch 275/2000 | Train MSE: 0.224375
Epoch 276/2000 | Train MSE: 0.154503
Epoch 277/2000 | Train MSE: 0.302033
Epoch 278/2000 | Train MSE: 0.277206
Epoch 279/2000 | Train MSE: 0.170735
Epoch 280/2000 | Train MSE: 0.179824
Epoch 281/2000 | Train MSE: 0.189523
Epoch 282/2000 | Train MSE: 0.167253
Epoch 283/2000 | Train MSE: 0.195495
Epoch 284/2000 | Train MSE: 0.164371
Epoch 285/2000 | Train MSE: 0.175438
Epoch 286/2000 | Train MSE: 0.193599
Epoch 287/2000 | Train MSE: 0.167671
Epoch 288/2000 | Train MSE: 0.150592
Epoch 289/2000 | Train MSE: 0.141518
Epoch 290/2000 | Train MSE: 0.153350
Epoch 291/2000 | Train MSE: 0.168234
Epoch 292/2000 | Train MSE: 0.176845
Epoch 293/2000 | Train MSE: 0.245035
Epoch 294/2000 | Train MSE: 0.170021
Epoch 295/2000 | Train MSE: 0.182645
Epoch 296/2000 | Train MSE: 0.208315
Epoch 297/2000 | Train MSE: 0.163079
Epoch 298/2000 | Train MSE: 0.154767
Epoch 299/2000 | Train MSE: 0.133762
Epoch 300/2000 | Train MSE: 0.171956
Epoch 301/2000 | Train MSE: 0.144955
Epoch 302/2000 | Train MSE: 0.154226
Epoch 303/2000 | Train MSE: 0.169718
Epoch 304/2000 | Train MSE: 0.143705
Epoch 305/2000 | Train MSE: 0.176720
Epoch 306/2000 | Train MSE: 0.179815
Epoch 307/2000 | Train MSE: 0.171255
Epoch 308/2000 | Train MSE: 0.134136
Epoch 309/2000 | Train MSE: 0.191558
Epoch 310/2000 | Train MSE: 0.190210
Epoch 311/2000 | Train MSE: 0.191170
Epoch 312/2000 | Train MSE: 0.201885
Epoch 313/2000 | Train MSE: 0.141874
Epoch 314/2000 | Train MSE: 0.130989
Epoch 315/2000 | Train MSE: 0.197871
Epoch 316/2000 | Train MSE: 0.153158
Epoch 317/2000 | Train MSE: 0.136710
Epoch 318/2000 | Train MSE: 0.131060
Epoch 319/2000 | Train MSE: 0.196668
Epoch 320/2000 | Train MSE: 0.168791
Epoch 321/2000 | Train MSE: 0.152177
Epoch 322/2000 | Train MSE: 0.146066
Epoch 323/2000 | Train MSE: 0.142255
Epoch 324/2000 | Train MSE: 0.137812
Epoch 325/2000 | Train MSE: 0.171305
Epoch 326/2000 | Train MSE: 0.436966
Epoch 327/2000 | Train MSE: 0.251689
Epoch 328/2000 | Train MSE: 0.188925
Epoch 329/2000 | Train MSE: 0.183624
Epoch 330/2000 | Train MSE: 0.203733
Epoch 331/2000 | Train MSE: 0.184251
Epoch 332/2000 | Train MSE: 0.239367
Epoch 333/2000 | Train MSE: 0.199083
Epoch 334/2000 | Train MSE: 0.150663
Epoch 335/2000 | Train MSE: 0.136522
Epoch 336/2000 | Train MSE: 0.130924
Epoch 337/2000 | Train MSE: 0.129362
Epoch 338/2000 | Train MSE: 0.138308
Epoch 339/2000 | Train MSE: 0.144162
Epoch 340/2000 | Train MSE: 0.141438
Epoch 341/2000 | Train MSE: 0.132928
Epoch 342/2000 | Train MSE: 0.120545
Epoch 343/2000 | Train MSE: 0.146962
Epoch 344/2000 | Train MSE: 0.127599
Epoch 345/2000 | Train MSE: 0.140137
Epoch 346/2000 | Train MSE: 0.168238
Epoch 347/2000 | Train MSE: 0.141273
Epoch 348/2000 | Train MSE: 0.119026
Epoch 349/2000 | Train MSE: 0.109529
Epoch 350/2000 | Train MSE: 0.123170
Epoch 351/2000 | Train MSE: 0.105209
Epoch 352/2000 | Train MSE: 0.134415
Epoch 353/2000 | Train MSE: 0.117360
Epoch 354/2000 | Train MSE: 0.115718
Epoch 355/2000 | Train MSE: 0.129100
Epoch 356/2000 | Train MSE: 0.124824
Epoch 357/2000 | Train MSE: 0.100258
Epoch 358/2000 | Train MSE: 0.099054
Epoch 359/2000 | Train MSE: 0.154879
Epoch 360/2000 | Train MSE: 0.108655
Epoch 361/2000 | Train MSE: 0.121213
Epoch 362/2000 | Train MSE: 0.112341
Epoch 363/2000 | Train MSE: 0.094962
Epoch 364/2000 | Train MSE: 0.095125
Epoch 365/2000 | Train MSE: 0.108795
Epoch 366/2000 | Train MSE: 0.093610
Epoch 367/2000 | Train MSE: 0.102973
Epoch 368/2000 | Train MSE: 0.108068
Epoch 369/2000 | Train MSE: 0.123351
Epoch 370/2000 | Train MSE: 0.106910
Epoch 371/2000 | Train MSE: 0.109910
Epoch 372/2000 | Train MSE: 0.184376
Epoch 373/2000 | Train MSE: 0.130804
Epoch 374/2000 | Train MSE: 0.113348
Epoch 375/2000 | Train MSE: 0.099342
Epoch 376/2000 | Train MSE: 0.131842
Epoch 377/2000 | Train MSE: 0.112486
Epoch 378/2000 | Train MSE: 0.102484
Epoch 379/2000 | Train MSE: 0.092653
Epoch 380/2000 | Train MSE: 0.110897
Epoch 381/2000 | Train MSE: 0.086613
Epoch 382/2000 | Train MSE: 0.104049
Epoch 383/2000 | Train MSE: 0.126313
Epoch 384/2000 | Train MSE: 0.117417
Epoch 385/2000 | Train MSE: 0.099986
Epoch 386/2000 | Train MSE: 0.070257
Epoch 387/2000 | Train MSE: 0.084682
Epoch 388/2000 | Train MSE: 0.102662
Epoch 389/2000 | Train MSE: 0.085071
Epoch 390/2000 | Train MSE: 0.109082
Epoch 391/2000 | Train MSE: 0.076000
Epoch 392/2000 | Train MSE: 0.110414
Epoch 393/2000 | Train MSE: 0.120767
Epoch 394/2000 | Train MSE: 0.126418
Epoch 395/2000 | Train MSE: 0.135185
Epoch 396/2000 | Train MSE: 0.139110
Epoch 397/2000 | Train MSE: 0.092614
Epoch 398/2000 | Train MSE: 0.206654
Epoch 399/2000 | Train MSE: 0.172182
Epoch 400/2000 | Train MSE: 0.110806
Epoch 401/2000 | Train MSE: 0.113171
Epoch 402/2000 | Train MSE: 0.096885
Epoch 403/2000 | Train MSE: 0.073438
Epoch 404/2000 | Train MSE: 0.069700
Epoch 405/2000 | Train MSE: 0.065741
Epoch 406/2000 | Train MSE: 0.089598
Epoch 407/2000 | Train MSE: 0.088428
Epoch 408/2000 | Train MSE: 0.104189
Epoch 409/2000 | Train MSE: 0.123749
Epoch 410/2000 | Train MSE: 0.112404
Epoch 411/2000 | Train MSE: 0.103005
Epoch 412/2000 | Train MSE: 0.177691
Epoch 413/2000 | Train MSE: 0.111440
Epoch 414/2000 | Train MSE: 0.152596
Epoch 415/2000 | Train MSE: 0.134939
Epoch 416/2000 | Train MSE: 0.097030
Epoch 417/2000 | Train MSE: 0.089567
Epoch 418/2000 | Train MSE: 0.064486
Epoch 419/2000 | Train MSE: 0.073650
Epoch 420/2000 | Train MSE: 0.074522
Epoch 421/2000 | Train MSE: 0.110715
Epoch 422/2000 | Train MSE: 0.075211
Epoch 423/2000 | Train MSE: 0.506576
Epoch 424/2000 | Train MSE: 0.712449
Epoch 425/2000 | Train MSE: 0.370289
Epoch 426/2000 | Train MSE: 0.293709
Epoch 427/2000 | Train MSE: 0.295601
Epoch 428/2000 | Train MSE: 0.205987
Epoch 429/2000 | Train MSE: 0.204879
Epoch 430/2000 | Train MSE: 0.171910
Epoch 431/2000 | Train MSE: 0.140248
Epoch 432/2000 | Train MSE: 0.133227
Epoch 433/2000 | Train MSE: 0.106389
Epoch 434/2000 | Train MSE: 0.125467
Epoch 435/2000 | Train MSE: 0.176321
Epoch 436/2000 | Train MSE: 0.142582
Epoch 437/2000 | Train MSE: 0.117767
Epoch 438/2000 | Train MSE: 0.085923
Epoch 439/2000 | Train MSE: 0.092508
Epoch 440/2000 | Train MSE: 0.081685
Epoch 441/2000 | Train MSE: 0.083526
Epoch 442/2000 | Train MSE: 0.102154
Epoch 443/2000 | Train MSE: 0.079761
Epoch 444/2000 | Train MSE: 0.089079
Epoch 445/2000 | Train MSE: 0.092742
Epoch 446/2000 | Train MSE: 0.147294
Epoch 447/2000 | Train MSE: 0.153021
Epoch 448/2000 | Train MSE: 0.150401
Epoch 449/2000 | Train MSE: 0.147935
Epoch 450/2000 | Train MSE: 0.081994
Epoch 451/2000 | Train MSE: 0.071223
Epoch 452/2000 | Train MSE: 0.080015
Epoch 453/2000 | Train MSE: 0.075950
Epoch 454/2000 | Train MSE: 0.080783
Epoch 455/2000 | Train MSE: 0.101434
Epoch 456/2000 | Train MSE: 0.091931
Epoch 457/2000 | Train MSE: 0.073979
Epoch 458/2000 | Train MSE: 0.074425
Epoch 459/2000 | Train MSE: 0.099710
Epoch 460/2000 | Train MSE: 0.079088
Epoch 461/2000 | Train MSE: 0.075179
Epoch 462/2000 | Train MSE: 0.089796
Epoch 463/2000 | Train MSE: 0.130805
Epoch 464/2000 | Train MSE: 0.161439
Epoch 465/2000 | Train MSE: 0.118222
Epoch 466/2000 | Train MSE: 0.158440
Epoch 467/2000 | Train MSE: 0.172537
Epoch 468/2000 | Train MSE: 0.096661
Early stopping at epoch 468. Best training loss: 0.064486

Training H5

Epoch 1/2000 | Train MSE: 56.796653
Epoch 2/2000 | Train MSE: 3.823266
Epoch 3/2000 | Train MSE: 2.989824
Epoch 4/2000 | Train MSE: 2.293474
Epoch 5/2000 | Train MSE: 1.879294
Epoch 6/2000 | Train MSE: 1.772979
Epoch 7/2000 | Train MSE: 1.593943
Epoch 8/2000 | Train MSE: 1.584938
Epoch 9/2000 | Train MSE: 1.546610
Epoch 10/2000 | Train MSE: 1.725581
Epoch 11/2000 | Train MSE: 1.521964
Epoch 12/2000 | Train MSE: 1.569782
Epoch 13/2000 | Train MSE: 1.466380
Epoch 14/2000 | Train MSE: 1.387581
Epoch 15/2000 | Train MSE: 1.718933
Epoch 16/2000 | Train MSE: 1.329643
Epoch 17/2000 | Train MSE: 1.283690
Epoch 18/2000 | Train MSE: 1.693871
Epoch 19/2000 | Train MSE: 1.572523
Epoch 20/2000 | Train MSE: 1.674203
Epoch 21/2000 | Train MSE: 1.255310
Epoch 22/2000 | Train MSE: 1.253865
Epoch 23/2000 | Train MSE: 1.165625
Epoch 24/2000 | Train MSE: 1.216404
Epoch 25/2000 | Train MSE: 1.273662
Epoch 26/2000 | Train MSE: 1.031550
Epoch 27/2000 | Train MSE: 1.119474
Epoch 28/2000 | Train MSE: 1.297777
Epoch 29/2000 | Train MSE: 1.347667
Epoch 30/2000 | Train MSE: 1.088628
Epoch 31/2000 | Train MSE: 1.053122
Epoch 32/2000 | Train MSE: 1.054020
Epoch 33/2000 | Train MSE: 1.102142
Epoch 34/2000 | Train MSE: 0.999508
Epoch 35/2000 | Train MSE: 0.887298
Epoch 36/2000 | Train MSE: 0.857217
Epoch 37/2000 | Train MSE: 0.973313
Epoch 38/2000 | Train MSE: 0.930245
Epoch 39/2000 | Train MSE: 1.019186
Epoch 40/2000 | Train MSE: 0.802656
Epoch 41/2000 | Train MSE: 1.070609
Epoch 42/2000 | Train MSE: 0.861486
Epoch 43/2000 | Train MSE: 0.832704
Epoch 44/2000 | Train MSE: 0.733271
Epoch 45/2000 | Train MSE: 0.704335
Epoch 46/2000 | Train MSE: 0.792524
Epoch 47/2000 | Train MSE: 0.709012
Epoch 48/2000 | Train MSE: 0.746131
Epoch 49/2000 | Train MSE: 0.693708
Epoch 50/2000 | Train MSE: 0.721380
Epoch 51/2000 | Train MSE: 0.886908
Epoch 52/2000 | Train MSE: 0.768601
Epoch 53/2000 | Train MSE: 0.731387
Epoch 54/2000 | Train MSE: 0.670090
Epoch 55/2000 | Train MSE: 0.582667
Epoch 56/2000 | Train MSE: 0.675578
Epoch 57/2000 | Train MSE: 0.847599
Epoch 58/2000 | Train MSE: 0.574566
Epoch 59/2000 | Train MSE: 0.529281
Epoch 60/2000 | Train MSE: 0.570560
Epoch 61/2000 | Train MSE: 0.648812
Epoch 62/2000 | Train MSE: 1.458452
Epoch 63/2000 | Train MSE: 0.838061
Epoch 64/2000 | Train MSE: 0.753906
Epoch 65/2000 | Train MSE: 0.618095
Epoch 66/2000 | Train MSE: 0.575311
Epoch 67/2000 | Train MSE: 0.611103
Epoch 68/2000 | Train MSE: 0.585135
Epoch 69/2000 | Train MSE: 0.557140
Epoch 70/2000 | Train MSE: 1.321779
Epoch 71/2000 | Train MSE: 1.283200
Epoch 72/2000 | Train MSE: 0.849983
Epoch 73/2000 | Train MSE: 0.780930
Epoch 74/2000 | Train MSE: 0.729075
Epoch 75/2000 | Train MSE: 0.640874
Epoch 76/2000 | Train MSE: 0.594781
Epoch 77/2000 | Train MSE: 0.557003
Epoch 78/2000 | Train MSE: 0.512969
Epoch 79/2000 | Train MSE: 0.579643
Epoch 80/2000 | Train MSE: 0.519876
Epoch 81/2000 | Train MSE: 0.509569
Epoch 82/2000 | Train MSE: 0.476112
Epoch 83/2000 | Train MSE: 0.524346
Epoch 84/2000 | Train MSE: 0.676022
Epoch 85/2000 | Train MSE: 0.578280
Epoch 86/2000 | Train MSE: 0.506144
Epoch 87/2000 | Train MSE: 0.483072
Epoch 88/2000 | Train MSE: 0.466525
Epoch 89/2000 | Train MSE: 0.487631
Epoch 90/2000 | Train MSE: 0.424803
Epoch 91/2000 | Train MSE: 0.431021
Epoch 92/2000 | Train MSE: 0.442259
Epoch 93/2000 | Train MSE: 0.435332
Epoch 94/2000 | Train MSE: 0.438464
Epoch 95/2000 | Train MSE: 0.454612
Epoch 96/2000 | Train MSE: 0.497689
Epoch 97/2000 | Train MSE: 0.479045
Epoch 98/2000 | Train MSE: 0.486297
Epoch 99/2000 | Train MSE: 0.413806
Epoch 100/2000 | Train MSE: 0.404149
Epoch 101/2000 | Train MSE: 0.417511
Epoch 102/2000 | Train MSE: 0.445513
Epoch 103/2000 | Train MSE: 0.449775
Epoch 104/2000 | Train MSE: 0.386109
Epoch 105/2000 | Train MSE: 0.395030
Epoch 106/2000 | Train MSE: 0.379277
Epoch 107/2000 | Train MSE: 0.407628
Epoch 108/2000 | Train MSE: 0.381867
Epoch 109/2000 | Train MSE: 0.443208
Epoch 110/2000 | Train MSE: 0.386710
Epoch 111/2000 | Train MSE: 0.369927
Epoch 112/2000 | Train MSE: 0.347300
Epoch 113/2000 | Train MSE: 0.388557
Epoch 114/2000 | Train MSE: 0.356928
Epoch 115/2000 | Train MSE: 0.404183
Epoch 116/2000 | Train MSE: 0.389135
Epoch 117/2000 | Train MSE: 0.460801
Epoch 118/2000 | Train MSE: 0.338244
Epoch 119/2000 | Train MSE: 0.361729
Epoch 120/2000 | Train MSE: 0.356746
Epoch 121/2000 | Train MSE: 0.367751
Epoch 122/2000 | Train MSE: 0.331696
Epoch 123/2000 | Train MSE: 0.364836
Epoch 124/2000 | Train MSE: 0.356803
Epoch 125/2000 | Train MSE: 0.345505
Epoch 126/2000 | Train MSE: 0.351265
Epoch 127/2000 | Train MSE: 0.352391
Epoch 128/2000 | Train MSE: 0.387738
Epoch 129/2000 | Train MSE: 0.332576
Epoch 130/2000 | Train MSE: 0.355461
Epoch 131/2000 | Train MSE: 0.387140
Epoch 132/2000 | Train MSE: 0.353703
Epoch 133/2000 | Train MSE: 0.294242
Epoch 134/2000 | Train MSE: 0.315684
Epoch 135/2000 | Train MSE: 0.344131
Epoch 136/2000 | Train MSE: 0.370881
Epoch 137/2000 | Train MSE: 0.374323
Epoch 138/2000 | Train MSE: 0.345537
Epoch 139/2000 | Train MSE: 0.323515
Epoch 140/2000 | Train MSE: 0.300913
Epoch 141/2000 | Train MSE: 0.310737
Epoch 142/2000 | Train MSE: 0.672243
Epoch 143/2000 | Train MSE: 0.451860
Epoch 144/2000 | Train MSE: 0.407456
Epoch 145/2000 | Train MSE: 0.328571
Epoch 146/2000 | Train MSE: 0.305318
Epoch 147/2000 | Train MSE: 0.339915
Epoch 148/2000 | Train MSE: 0.282652
Epoch 149/2000 | Train MSE: 0.384539
Epoch 150/2000 | Train MSE: 0.351006
Epoch 151/2000 | Train MSE: 0.301034
Epoch 152/2000 | Train MSE: 0.316472
Epoch 153/2000 | Train MSE: 0.324768
Epoch 154/2000 | Train MSE: 0.355142
Epoch 155/2000 | Train MSE: 0.341012
Epoch 156/2000 | Train MSE: 0.301344
Epoch 157/2000 | Train MSE: 0.331920
Epoch 158/2000 | Train MSE: 0.261823
Epoch 159/2000 | Train MSE: 0.290351
Epoch 160/2000 | Train MSE: 0.288489
Epoch 161/2000 | Train MSE: 0.268216
Epoch 162/2000 | Train MSE: 0.585275
Epoch 163/2000 | Train MSE: 0.358840
Epoch 164/2000 | Train MSE: 0.301772
Epoch 165/2000 | Train MSE: 0.275592
Epoch 166/2000 | Train MSE: 0.252755
Epoch 167/2000 | Train MSE: 0.270323
Epoch 168/2000 | Train MSE: 0.350483
Epoch 169/2000 | Train MSE: 0.305204
Epoch 170/2000 | Train MSE: 0.278551
Epoch 171/2000 | Train MSE: 0.286566
Epoch 172/2000 | Train MSE: 0.272740
Epoch 173/2000 | Train MSE: 0.242205
Epoch 174/2000 | Train MSE: 0.232041
Epoch 175/2000 | Train MSE: 0.254002
Epoch 176/2000 | Train MSE: 0.362706
Epoch 177/2000 | Train MSE: 0.302760
Epoch 178/2000 | Train MSE: 0.259028
Epoch 179/2000 | Train MSE: 0.233351
Epoch 180/2000 | Train MSE: 0.244282
Epoch 181/2000 | Train MSE: 0.244441
Epoch 182/2000 | Train MSE: 0.273416
Epoch 183/2000 | Train MSE: 0.241335
Epoch 184/2000 | Train MSE: 0.283100
Epoch 185/2000 | Train MSE: 0.274594
Epoch 186/2000 | Train MSE: 0.260835
Epoch 187/2000 | Train MSE: 0.247503
Epoch 188/2000 | Train MSE: 0.343095
Epoch 189/2000 | Train MSE: 0.479349
Epoch 190/2000 | Train MSE: 0.282626
Epoch 191/2000 | Train MSE: 0.259208
Epoch 192/2000 | Train MSE: 0.242224
Epoch 193/2000 | Train MSE: 0.226980
Epoch 194/2000 | Train MSE: 0.215609
Epoch 195/2000 | Train MSE: 0.227443
Epoch 196/2000 | Train MSE: 0.262634
Epoch 197/2000 | Train MSE: 0.265332
Epoch 198/2000 | Train MSE: 0.273323
Epoch 199/2000 | Train MSE: 0.215033
Epoch 200/2000 | Train MSE: 0.188356
Epoch 201/2000 | Train MSE: 0.258528
Epoch 202/2000 | Train MSE: 0.209514
Epoch 203/2000 | Train MSE: 0.287285
Epoch 204/2000 | Train MSE: 0.214845
Epoch 205/2000 | Train MSE: 0.174971
Epoch 206/2000 | Train MSE: 0.198003
Epoch 207/2000 | Train MSE: 0.221524
Epoch 208/2000 | Train MSE: 0.337527
Epoch 209/2000 | Train MSE: 0.260520
Epoch 210/2000 | Train MSE: 0.258931
Epoch 211/2000 | Train MSE: 0.291864
Epoch 212/2000 | Train MSE: 0.290790
Epoch 213/2000 | Train MSE: 0.237361
Epoch 214/2000 | Train MSE: 0.242343
Epoch 215/2000 | Train MSE: 0.208895
Epoch 216/2000 | Train MSE: 0.206097
Epoch 217/2000 | Train MSE: 0.210198
Epoch 218/2000 | Train MSE: 0.173459
Epoch 219/2000 | Train MSE: 0.186613
Epoch 220/2000 | Train MSE: 0.191764
Epoch 221/2000 | Train MSE: 0.270271
Epoch 222/2000 | Train MSE: 0.222973
Epoch 223/2000 | Train MSE: 0.229397
Epoch 224/2000 | Train MSE: 0.220035
Epoch 225/2000 | Train MSE: 0.182811
Epoch 226/2000 | Train MSE: 0.255935
Epoch 227/2000 | Train MSE: 0.213335
Epoch 228/2000 | Train MSE: 0.164216
Epoch 229/2000 | Train MSE: 0.169790
Epoch 230/2000 | Train MSE: 0.212347
Epoch 231/2000 | Train MSE: 0.181369
Epoch 232/2000 | Train MSE: 0.174988
Epoch 233/2000 | Train MSE: 0.175496
Epoch 234/2000 | Train MSE: 0.157600
Epoch 235/2000 | Train MSE: 0.245022
Epoch 236/2000 | Train MSE: 0.271035
Epoch 237/2000 | Train MSE: 0.218989
Epoch 238/2000 | Train MSE: 0.168684
Epoch 239/2000 | Train MSE: 0.147465
Epoch 240/2000 | Train MSE: 0.154126
Epoch 241/2000 | Train MSE: 0.171562
Epoch 242/2000 | Train MSE: 0.140685
Epoch 243/2000 | Train MSE: 0.209321
Epoch 244/2000 | Train MSE: 0.219789
Epoch 245/2000 | Train MSE: 0.169177
Epoch 246/2000 | Train MSE: 0.170382
Epoch 247/2000 | Train MSE: 0.214779
Epoch 248/2000 | Train MSE: 0.183074
Epoch 249/2000 | Train MSE: 0.312571
Epoch 250/2000 | Train MSE: 0.180421
Epoch 251/2000 | Train MSE: 0.140015
Epoch 252/2000 | Train MSE: 0.202620
Epoch 253/2000 | Train MSE: 0.191505
Epoch 254/2000 | Train MSE: 0.219768
Epoch 255/2000 | Train MSE: 0.141268
Epoch 256/2000 | Train MSE: 0.153196
Epoch 257/2000 | Train MSE: 0.146789
Epoch 258/2000 | Train MSE: 0.169574
Epoch 259/2000 | Train MSE: 0.143156
Epoch 260/2000 | Train MSE: 0.155695
Epoch 261/2000 | Train MSE: 0.271424
Epoch 262/2000 | Train MSE: 0.798688
Epoch 263/2000 | Train MSE: 0.302553
Epoch 264/2000 | Train MSE: 0.196240
Epoch 265/2000 | Train MSE: 0.164375
Epoch 266/2000 | Train MSE: 0.169504
Epoch 267/2000 | Train MSE: 0.147620
Epoch 268/2000 | Train MSE: 0.153082
Epoch 269/2000 | Train MSE: 0.127805
Epoch 270/2000 | Train MSE: 0.161332
Epoch 271/2000 | Train MSE: 0.145867
Epoch 272/2000 | Train MSE: 0.140747
Epoch 273/2000 | Train MSE: 0.135568
Epoch 274/2000 | Train MSE: 0.177110
Epoch 275/2000 | Train MSE: 0.160847
Epoch 276/2000 | Train MSE: 0.150332
Epoch 277/2000 | Train MSE: 0.140019
Epoch 278/2000 | Train MSE: 0.147241
Epoch 279/2000 | Train MSE: 0.145618
Epoch 280/2000 | Train MSE: 0.189629
Epoch 281/2000 | Train MSE: 0.120290
Epoch 282/2000 | Train MSE: 0.130315
Epoch 283/2000 | Train MSE: 0.112094
Epoch 284/2000 | Train MSE: 0.117361
Epoch 285/2000 | Train MSE: 0.137010
Epoch 286/2000 | Train MSE: 0.119795
Epoch 287/2000 | Train MSE: 0.277137
Epoch 288/2000 | Train MSE: 0.477547
Epoch 289/2000 | Train MSE: 0.351661
Epoch 290/2000 | Train MSE: 0.256935
Epoch 291/2000 | Train MSE: 0.218836
Epoch 292/2000 | Train MSE: 0.175076
Epoch 293/2000 | Train MSE: 0.150869
Epoch 294/2000 | Train MSE: 0.189743
Epoch 295/2000 | Train MSE: 0.148834
Epoch 296/2000 | Train MSE: 0.156202
Epoch 297/2000 | Train MSE: 0.146840
Epoch 298/2000 | Train MSE: 0.126200
Epoch 299/2000 | Train MSE: 0.135926
Epoch 300/2000 | Train MSE: 0.150325
Epoch 301/2000 | Train MSE: 0.289961
Epoch 302/2000 | Train MSE: 0.141874
Epoch 303/2000 | Train MSE: 0.133604
Epoch 304/2000 | Train MSE: 0.131983
Epoch 305/2000 | Train MSE: 0.125531
Epoch 306/2000 | Train MSE: 0.185553
Epoch 307/2000 | Train MSE: 0.142872
Epoch 308/2000 | Train MSE: 0.155242
Epoch 309/2000 | Train MSE: 0.135491
Epoch 310/2000 | Train MSE: 0.110206
Epoch 311/2000 | Train MSE: 0.157513
Epoch 312/2000 | Train MSE: 0.122859
Epoch 313/2000 | Train MSE: 0.113737
Epoch 314/2000 | Train MSE: 0.134074
Epoch 315/2000 | Train MSE: 0.111451
Epoch 316/2000 | Train MSE: 0.133259
Epoch 317/2000 | Train MSE: 0.144322
Epoch 318/2000 | Train MSE: 0.115402
Epoch 319/2000 | Train MSE: 0.140003
Epoch 320/2000 | Train MSE: 0.179344
Epoch 321/2000 | Train MSE: 0.130070
Epoch 322/2000 | Train MSE: 0.150238
Epoch 323/2000 | Train MSE: 0.140529
Epoch 324/2000 | Train MSE: 0.131628
Epoch 325/2000 | Train MSE: 0.105354
Epoch 326/2000 | Train MSE: 0.113269
Epoch 327/2000 | Train MSE: 0.101664
Epoch 328/2000 | Train MSE: 0.374785
Epoch 329/2000 | Train MSE: 0.290299
Epoch 330/2000 | Train MSE: 0.200919
Epoch 331/2000 | Train MSE: 0.165605
Epoch 332/2000 | Train MSE: 0.158660
Epoch 333/2000 | Train MSE: 0.152428
Epoch 334/2000 | Train MSE: 0.152476
Epoch 335/2000 | Train MSE: 0.146598
Epoch 336/2000 | Train MSE: 0.137645
Epoch 337/2000 | Train MSE: 0.163561
Epoch 338/2000 | Train MSE: 0.130182
Epoch 339/2000 | Train MSE: 0.145118
Epoch 340/2000 | Train MSE: 0.164203
Epoch 341/2000 | Train MSE: 0.133899
Epoch 342/2000 | Train MSE: 0.127687
Epoch 343/2000 | Train MSE: 0.154373
Epoch 344/2000 | Train MSE: 0.134816
Epoch 345/2000 | Train MSE: 0.138687
Epoch 346/2000 | Train MSE: 0.131325
Epoch 347/2000 | Train MSE: 0.156740
Epoch 348/2000 | Train MSE: 0.172554
Epoch 349/2000 | Train MSE: 0.119091
Epoch 350/2000 | Train MSE: 0.133528
Epoch 351/2000 | Train MSE: 0.148336
Epoch 352/2000 | Train MSE: 0.143578
Epoch 353/2000 | Train MSE: 0.210026
Epoch 354/2000 | Train MSE: 0.198701
Epoch 355/2000 | Train MSE: 0.144851
Epoch 356/2000 | Train MSE: 0.132761
Epoch 357/2000 | Train MSE: 0.132243
Epoch 358/2000 | Train MSE: 0.165282
Epoch 359/2000 | Train MSE: 0.109995
Epoch 360/2000 | Train MSE: 0.116276
Epoch 361/2000 | Train MSE: 0.138250
Epoch 362/2000 | Train MSE: 0.110511
Epoch 363/2000 | Train MSE: 0.312131
Epoch 364/2000 | Train MSE: 0.150417
Epoch 365/2000 | Train MSE: 0.137122
Epoch 366/2000 | Train MSE: 0.135703
Epoch 367/2000 | Train MSE: 0.142356
Epoch 368/2000 | Train MSE: 0.121971
Epoch 369/2000 | Train MSE: 0.117115
Epoch 370/2000 | Train MSE: 0.126062
Epoch 371/2000 | Train MSE: 0.126970
Epoch 372/2000 | Train MSE: 0.123890
Epoch 373/2000 | Train MSE: 0.098465
Epoch 374/2000 | Train MSE: 0.107100
Epoch 375/2000 | Train MSE: 0.106555
Epoch 376/2000 | Train MSE: 0.120002
Epoch 377/2000 | Train MSE: 0.101275
Epoch 378/2000 | Train MSE: 0.115165
Epoch 379/2000 | Train MSE: 0.147243
Epoch 380/2000 | Train MSE: 0.121167
Epoch 381/2000 | Train MSE: 0.105887
Epoch 382/2000 | Train MSE: 0.095392
Epoch 383/2000 | Train MSE: 0.126179
Epoch 384/2000 | Train MSE: 0.119716
Epoch 385/2000 | Train MSE: 0.127801
Epoch 386/2000 | Train MSE: 0.157950
Epoch 387/2000 | Train MSE: 0.115373
Epoch 388/2000 | Train MSE: 0.107575
Epoch 389/2000 | Train MSE: 0.091321
Epoch 390/2000 | Train MSE: 0.087621
Epoch 391/2000 | Train MSE: 0.082087
Epoch 392/2000 | Train MSE: 0.088723
Epoch 393/2000 | Train MSE: 0.097917
Epoch 394/2000 | Train MSE: 0.141169
Epoch 395/2000 | Train MSE: 0.105396
Epoch 396/2000 | Train MSE: 0.118886
Epoch 397/2000 | Train MSE: 0.098955
Epoch 398/2000 | Train MSE: 0.088673
Epoch 399/2000 | Train MSE: 0.091006
Epoch 400/2000 | Train MSE: 0.141832
Epoch 401/2000 | Train MSE: 0.129576
Epoch 402/2000 | Train MSE: 0.093688
Epoch 403/2000 | Train MSE: 0.155643
Epoch 404/2000 | Train MSE: 0.085628
Epoch 405/2000 | Train MSE: 0.112383
Epoch 406/2000 | Train MSE: 0.097005
Epoch 407/2000 | Train MSE: 0.082824
Epoch 408/2000 | Train MSE: 0.089010
Epoch 409/2000 | Train MSE: 0.126439
Epoch 410/2000 | Train MSE: 0.087271
Epoch 411/2000 | Train MSE: 0.113322
Epoch 412/2000 | Train MSE: 0.115972
Epoch 413/2000 | Train MSE: 0.092565
Epoch 414/2000 | Train MSE: 0.083737
Epoch 415/2000 | Train MSE: 0.098906
Epoch 416/2000 | Train MSE: 0.141911
Epoch 417/2000 | Train MSE: 0.116348
Epoch 418/2000 | Train MSE: 0.130832
Epoch 419/2000 | Train MSE: 0.114608
Epoch 420/2000 | Train MSE: 0.086611
Epoch 421/2000 | Train MSE: 0.078230
Epoch 422/2000 | Train MSE: 0.083490
Epoch 423/2000 | Train MSE: 0.163312
Epoch 424/2000 | Train MSE: 0.093631
Epoch 425/2000 | Train MSE: 0.074689
Epoch 426/2000 | Train MSE: 0.109859
Epoch 427/2000 | Train MSE: 0.087400
Epoch 428/2000 | Train MSE: 0.114007
Epoch 429/2000 | Train MSE: 0.109999
Epoch 430/2000 | Train MSE: 0.080879
Epoch 431/2000 | Train MSE: 0.076362
Epoch 432/2000 | Train MSE: 0.094037
Epoch 433/2000 | Train MSE: 0.074245
Epoch 434/2000 | Train MSE: 0.130806
Epoch 435/2000 | Train MSE: 0.091306
Epoch 436/2000 | Train MSE: 0.092763
Epoch 437/2000 | Train MSE: 0.163795
Epoch 438/2000 | Train MSE: 0.139271
Epoch 439/2000 | Train MSE: 0.108441
Epoch 440/2000 | Train MSE: 0.078519
Epoch 441/2000 | Train MSE: 0.084277
Epoch 442/2000 | Train MSE: 0.084378
Epoch 443/2000 | Train MSE: 0.075773
Epoch 444/2000 | Train MSE: 0.094184
Epoch 445/2000 | Train MSE: 0.110915
Epoch 446/2000 | Train MSE: 0.093810
Epoch 447/2000 | Train MSE: 0.079786
Epoch 448/2000 | Train MSE: 0.072381
Epoch 449/2000 | Train MSE: 0.081868
Epoch 450/2000 | Train MSE: 0.083261
Epoch 451/2000 | Train MSE: 0.116454
Epoch 452/2000 | Train MSE: 0.091257
Epoch 453/2000 | Train MSE: 0.086191
Epoch 454/2000 | Train MSE: 0.091519
Epoch 455/2000 | Train MSE: 0.102650
Epoch 456/2000 | Train MSE: 0.080196
Epoch 457/2000 | Train MSE: 0.074792
Epoch 458/2000 | Train MSE: 0.064220
Epoch 459/2000 | Train MSE: 0.070038
Epoch 460/2000 | Train MSE: 0.076487
Epoch 461/2000 | Train MSE: 0.074208
Epoch 462/2000 | Train MSE: 0.060101
Epoch 463/2000 | Train MSE: 0.089377
Epoch 464/2000 | Train MSE: 0.120513
Epoch 465/2000 | Train MSE: 0.102107
Epoch 466/2000 | Train MSE: 0.083261
Epoch 467/2000 | Train MSE: 0.062775
Epoch 468/2000 | Train MSE: 0.080356
Epoch 469/2000 | Train MSE: 0.071824
Epoch 470/2000 | Train MSE: 0.082030
Epoch 471/2000 | Train MSE: 0.070561
Epoch 472/2000 | Train MSE: 0.060453
Epoch 473/2000 | Train MSE: 0.122600
Epoch 474/2000 | Train MSE: 0.075666
Epoch 475/2000 | Train MSE: 0.082976
Epoch 476/2000 | Train MSE: 0.079572
Epoch 477/2000 | Train MSE: 0.085197
Epoch 478/2000 | Train MSE: 0.066430
Epoch 479/2000 | Train MSE: 0.068508
Epoch 480/2000 | Train MSE: 0.063062
Epoch 481/2000 | Train MSE: 0.050828
Epoch 482/2000 | Train MSE: 0.090693
Epoch 483/2000 | Train MSE: 0.213578
Epoch 484/2000 | Train MSE: 0.191355
Epoch 485/2000 | Train MSE: 0.112784
Epoch 486/2000 | Train MSE: 0.110438
Epoch 487/2000 | Train MSE: 0.075395
Epoch 488/2000 | Train MSE: 0.067672
Epoch 489/2000 | Train MSE: 0.141208
Epoch 490/2000 | Train MSE: 0.076547
Epoch 491/2000 | Train MSE: 0.073556
Epoch 492/2000 | Train MSE: 0.105167
Epoch 493/2000 | Train MSE: 0.121261
Epoch 494/2000 | Train MSE: 0.069903
Epoch 495/2000 | Train MSE: 0.064844
Epoch 496/2000 | Train MSE: 0.058475
Epoch 497/2000 | Train MSE: 0.046588
Epoch 498/2000 | Train MSE: 0.056733
Epoch 499/2000 | Train MSE: 0.050283
Epoch 500/2000 | Train MSE: 0.060423
Epoch 501/2000 | Train MSE: 0.074679
Epoch 502/2000 | Train MSE: 0.088770
Epoch 503/2000 | Train MSE: 0.071796
Epoch 504/2000 | Train MSE: 0.047261
Epoch 505/2000 | Train MSE: 0.064911
Epoch 506/2000 | Train MSE: 0.061628
Epoch 507/2000 | Train MSE: 0.062323
Epoch 508/2000 | Train MSE: 0.073482
Epoch 509/2000 | Train MSE: 0.080682
Epoch 510/2000 | Train MSE: 0.141907
Epoch 511/2000 | Train MSE: 0.091133
Epoch 512/2000 | Train MSE: 0.105709
Epoch 513/2000 | Train MSE: 0.069154
Epoch 514/2000 | Train MSE: 0.077409
Epoch 515/2000 | Train MSE: 0.064221
Epoch 516/2000 | Train MSE: 0.076961
Epoch 517/2000 | Train MSE: 0.058561
Epoch 518/2000 | Train MSE: 0.085335
Epoch 519/2000 | Train MSE: 0.094468
Epoch 520/2000 | Train MSE: 0.084541
Epoch 521/2000 | Train MSE: 0.081429
Epoch 522/2000 | Train MSE: 0.053149
Epoch 523/2000 | Train MSE: 0.047074
Epoch 524/2000 | Train MSE: 0.084695
Epoch 525/2000 | Train MSE: 0.082708
Epoch 526/2000 | Train MSE: 0.067648
Epoch 527/2000 | Train MSE: 0.059741
Epoch 528/2000 | Train MSE: 0.090619
Epoch 529/2000 | Train MSE: 0.066953
Epoch 530/2000 | Train MSE: 0.059417
Epoch 531/2000 | Train MSE: 0.055675
Epoch 532/2000 | Train MSE: 0.068636
Epoch 533/2000 | Train MSE: 0.098671
Epoch 534/2000 | Train MSE: 0.091917
Epoch 535/2000 | Train MSE: 0.071509
Epoch 536/2000 | Train MSE: 0.086828
Epoch 537/2000 | Train MSE: 0.071211
Epoch 538/2000 | Train MSE: 0.039936
Epoch 539/2000 | Train MSE: 0.045317
Epoch 540/2000 | Train MSE: 0.083163
Epoch 541/2000 | Train MSE: 0.089415
Epoch 542/2000 | Train MSE: 0.127195
Epoch 543/2000 | Train MSE: 0.118660
Epoch 544/2000 | Train MSE: 0.089094
Epoch 545/2000 | Train MSE: 0.101732
Epoch 546/2000 | Train MSE: 0.073559
Epoch 547/2000 | Train MSE: 0.072524
Epoch 548/2000 | Train MSE: 0.064096
Epoch 549/2000 | Train MSE: 0.054484
Epoch 550/2000 | Train MSE: 0.043864
Epoch 551/2000 | Train MSE: 0.046475
Epoch 552/2000 | Train MSE: 0.069852
Epoch 553/2000 | Train MSE: 0.052259
Epoch 554/2000 | Train MSE: 0.063338
Epoch 555/2000 | Train MSE: 0.083533
Epoch 556/2000 | Train MSE: 0.085756
Epoch 557/2000 | Train MSE: 0.092235
Epoch 558/2000 | Train MSE: 0.080463
Epoch 559/2000 | Train MSE: 0.066421
Epoch 560/2000 | Train MSE: 0.055539
Epoch 561/2000 | Train MSE: 0.059011
Epoch 562/2000 | Train MSE: 0.049050
Epoch 563/2000 | Train MSE: 0.049826
Epoch 564/2000 | Train MSE: 0.056544
Epoch 565/2000 | Train MSE: 0.066198
Epoch 566/2000 | Train MSE: 0.051789
Epoch 567/2000 | Train MSE: 0.052819
Epoch 568/2000 | Train MSE: 0.137116
Epoch 569/2000 | Train MSE: 0.116779
Epoch 570/2000 | Train MSE: 0.065713
Epoch 571/2000 | Train MSE: 0.060137
Epoch 572/2000 | Train MSE: 0.050862
Epoch 573/2000 | Train MSE: 0.044627
Epoch 574/2000 | Train MSE: 0.051194
Epoch 575/2000 | Train MSE: 0.071960
Epoch 576/2000 | Train MSE: 0.112715
Epoch 577/2000 | Train MSE: 0.072965
Epoch 578/2000 | Train MSE: 0.056198
Epoch 579/2000 | Train MSE: 0.046986
Epoch 580/2000 | Train MSE: 0.058624
Epoch 581/2000 | Train MSE: 0.068605
Epoch 582/2000 | Train MSE: 0.069674
Epoch 583/2000 | Train MSE: 0.055655
Epoch 584/2000 | Train MSE: 0.076112
Epoch 585/2000 | Train MSE: 0.065486
Epoch 586/2000 | Train MSE: 0.063571
Epoch 587/2000 | Train MSE: 0.061558
Epoch 588/2000 | Train MSE: 0.088895
Early stopping at epoch 588. Best training loss: 0.039936

           ===== Results =====
           MSE : 14.66133308
           MAE : 2.97718787
           RMSE: 3.82901202
           R²  : -0.20963347

    --- Executing dataset PPGDalia --- 

Training H1

Epoch 1/2000 | Train MSE: 460.532154
Epoch 2/2000 | Train MSE: 262.569822
Epoch 3/2000 | Train MSE: 216.432183
Epoch 4/2000 | Train MSE: 193.879024
Epoch 5/2000 | Train MSE: 176.402966
Epoch 6/2000 | Train MSE: 163.525678
Epoch 7/2000 | Train MSE: 152.246844
Epoch 8/2000 | Train MSE: 144.292665
Epoch 9/2000 | Train MSE: 138.699971
Epoch 10/2000 | Train MSE: 127.566256
Epoch 11/2000 | Train MSE: 123.319692
Epoch 12/2000 | Train MSE: 117.787587
Epoch 13/2000 | Train MSE: 113.082331
Epoch 14/2000 | Train MSE: 107.319240
Epoch 15/2000 | Train MSE: 103.205479
Epoch 16/2000 | Train MSE: 99.725087
Epoch 17/2000 | Train MSE: 94.860055
Epoch 18/2000 | Train MSE: 88.546573
Epoch 19/2000 | Train MSE: 86.017062
Epoch 20/2000 | Train MSE: 85.002511
Epoch 21/2000 | Train MSE: 78.668440
Epoch 22/2000 | Train MSE: 75.388784
Epoch 23/2000 | Train MSE: 73.150227
Epoch 24/2000 | Train MSE: 71.636128
Epoch 25/2000 | Train MSE: 68.112583
Epoch 26/2000 | Train MSE: 65.314750
Epoch 27/2000 | Train MSE: 63.455544
Epoch 28/2000 | Train MSE: 61.396780
Epoch 29/2000 | Train MSE: 58.225852
Epoch 30/2000 | Train MSE: 56.990748
Epoch 31/2000 | Train MSE: 54.726952
Epoch 32/2000 | Train MSE: 52.168473
Epoch 33/2000 | Train MSE: 50.724327
Epoch 34/2000 | Train MSE: 48.165096
Epoch 35/2000 | Train MSE: 47.542312
Epoch 36/2000 | Train MSE: 46.934456
Epoch 37/2000 | Train MSE: 45.074887
Epoch 38/2000 | Train MSE: 43.761337
Epoch 39/2000 | Train MSE: 41.939479
Epoch 40/2000 | Train MSE: 41.373253
Epoch 41/2000 | Train MSE: 39.690680
Epoch 42/2000 | Train MSE: 38.344702
Epoch 43/2000 | Train MSE: 37.868763
Epoch 44/2000 | Train MSE: 36.041396
Epoch 45/2000 | Train MSE: 35.492660
Epoch 46/2000 | Train MSE: 34.836274
Epoch 47/2000 | Train MSE: 32.693904
Epoch 48/2000 | Train MSE: 33.859978
Epoch 49/2000 | Train MSE: 31.373668
Epoch 50/2000 | Train MSE: 31.718015
Epoch 51/2000 | Train MSE: 30.182919
Epoch 52/2000 | Train MSE: 29.243265
Epoch 53/2000 | Train MSE: 28.692927
Epoch 54/2000 | Train MSE: 29.378646
Epoch 55/2000 | Train MSE: 27.499121
Epoch 56/2000 | Train MSE: 25.867607
Epoch 57/2000 | Train MSE: 26.056137
Epoch 58/2000 | Train MSE: 25.777775
Epoch 59/2000 | Train MSE: 25.051164
Epoch 60/2000 | Train MSE: 24.340172
Epoch 61/2000 | Train MSE: 24.546373
Epoch 62/2000 | Train MSE: 24.104837
Epoch 63/2000 | Train MSE: 22.575868
Epoch 64/2000 | Train MSE: 21.819864
Epoch 65/2000 | Train MSE: 22.654441
Epoch 66/2000 | Train MSE: 21.809797
Epoch 67/2000 | Train MSE: 21.441058
Epoch 68/2000 | Train MSE: 19.903756
Epoch 69/2000 | Train MSE: 21.164196
Epoch 70/2000 | Train MSE: 20.112790
Epoch 71/2000 | Train MSE: 19.677392
Epoch 72/2000 | Train MSE: 19.591794
Epoch 73/2000 | Train MSE: 18.923815
Epoch 74/2000 | Train MSE: 19.657700
Epoch 75/2000 | Train MSE: 18.451222
Epoch 76/2000 | Train MSE: 17.849480
Epoch 77/2000 | Train MSE: 18.336351
Epoch 78/2000 | Train MSE: 18.040658
Epoch 79/2000 | Train MSE: 16.845065
Epoch 80/2000 | Train MSE: 16.899764
Epoch 81/2000 | Train MSE: 17.240956
Epoch 82/2000 | Train MSE: 16.242199
Epoch 83/2000 | Train MSE: 16.331025
Epoch 84/2000 | Train MSE: 16.076700
Epoch 85/2000 | Train MSE: 15.646898
Epoch 86/2000 | Train MSE: 15.736289
Epoch 87/2000 | Train MSE: 15.228381
Epoch 88/2000 | Train MSE: 15.150515
Epoch 89/2000 | Train MSE: 14.696947
Epoch 90/2000 | Train MSE: 14.614228
Epoch 91/2000 | Train MSE: 14.401816
Epoch 92/2000 | Train MSE: 14.623390
Epoch 93/2000 | Train MSE: 13.752209
Epoch 94/2000 | Train MSE: 15.799366
Epoch 95/2000 | Train MSE: 12.691523
Epoch 96/2000 | Train MSE: 13.637622
Epoch 97/2000 | Train MSE: 13.002825
Epoch 98/2000 | Train MSE: 12.621703
Epoch 99/2000 | Train MSE: 13.113234
Epoch 100/2000 | Train MSE: 12.581465
Epoch 101/2000 | Train MSE: 12.860100
Epoch 102/2000 | Train MSE: 12.153618
Epoch 103/2000 | Train MSE: 12.225224
Epoch 104/2000 | Train MSE: 12.517710
Epoch 105/2000 | Train MSE: 12.146891
Epoch 106/2000 | Train MSE: 11.812967
Epoch 107/2000 | Train MSE: 12.609648
Epoch 108/2000 | Train MSE: 11.164210
Epoch 109/2000 | Train MSE: 11.574915
Epoch 110/2000 | Train MSE: 11.508931
Epoch 111/2000 | Train MSE: 10.857983
Epoch 112/2000 | Train MSE: 11.158263
Epoch 113/2000 | Train MSE: 10.711698
Epoch 114/2000 | Train MSE: 10.630926
Epoch 115/2000 | Train MSE: 10.485928
Epoch 116/2000 | Train MSE: 10.192743
Epoch 117/2000 | Train MSE: 10.355450
Epoch 118/2000 | Train MSE: 10.539278
Epoch 119/2000 | Train MSE: 10.321485
Epoch 120/2000 | Train MSE: 10.054152
Epoch 121/2000 | Train MSE: 9.808746
Epoch 122/2000 | Train MSE: 9.774477
Epoch 123/2000 | Train MSE: 9.222240
Epoch 124/2000 | Train MSE: 10.003477
Epoch 125/2000 | Train MSE: 9.551116
Epoch 126/2000 | Train MSE: 9.513869
Epoch 127/2000 | Train MSE: 9.473869
Epoch 128/2000 | Train MSE: 9.129810
Epoch 129/2000 | Train MSE: 9.470284
Epoch 130/2000 | Train MSE: 9.208564
Epoch 131/2000 | Train MSE: 8.560822
Epoch 132/2000 | Train MSE: 9.251707
Epoch 133/2000 | Train MSE: 9.059257
Epoch 134/2000 | Train MSE: 8.415000
Epoch 135/2000 | Train MSE: 8.688809
Epoch 136/2000 | Train MSE: 8.808997
Epoch 137/2000 | Train MSE: 9.012601
Epoch 138/2000 | Train MSE: 7.979589
Epoch 139/2000 | Train MSE: 7.978960
Epoch 140/2000 | Train MSE: 8.146248
Epoch 141/2000 | Train MSE: 8.228024
Epoch 142/2000 | Train MSE: 7.746147
Epoch 143/2000 | Train MSE: 8.340417
Epoch 144/2000 | Train MSE: 8.121747
Epoch 145/2000 | Train MSE: 7.592433
Epoch 146/2000 | Train MSE: 7.915624
Epoch 147/2000 | Train MSE: 7.772400
Epoch 148/2000 | Train MSE: 7.331936
Epoch 149/2000 | Train MSE: 7.979530
Epoch 150/2000 | Train MSE: 7.642250
Epoch 151/2000 | Train MSE: 7.472172
Epoch 152/2000 | Train MSE: 7.566287
Epoch 153/2000 | Train MSE: 7.395278
Epoch 154/2000 | Train MSE: 7.108021
Epoch 155/2000 | Train MSE: 7.672806
Epoch 156/2000 | Train MSE: 7.134705
Epoch 157/2000 | Train MSE: 7.041614
Epoch 158/2000 | Train MSE: 7.166304
Epoch 159/2000 | Train MSE: 7.182732
Epoch 160/2000 | Train MSE: 7.050874
Epoch 161/2000 | Train MSE: 6.561949
Epoch 162/2000 | Train MSE: 7.029298
Epoch 163/2000 | Train MSE: 6.925265
Epoch 164/2000 | Train MSE: 6.977126
Epoch 165/2000 | Train MSE: 6.627787
Epoch 166/2000 | Train MSE: 6.433385
Epoch 167/2000 | Train MSE: 6.765633
Epoch 168/2000 | Train MSE: 6.536754
Epoch 169/2000 | Train MSE: 8.588553
Epoch 170/2000 | Train MSE: 6.738412
Epoch 171/2000 | Train MSE: 5.637992
Epoch 172/2000 | Train MSE: 6.110865
Epoch 173/2000 | Train MSE: 6.608062
Epoch 174/2000 | Train MSE: 6.647753
Epoch 175/2000 | Train MSE: 6.288094
Epoch 176/2000 | Train MSE: 5.971660
Epoch 177/2000 | Train MSE: 6.256730
Epoch 178/2000 | Train MSE: 7.224990
Epoch 179/2000 | Train MSE: 5.730376
Epoch 180/2000 | Train MSE: 6.247802
Epoch 181/2000 | Train MSE: 6.198906
Epoch 182/2000 | Train MSE: 5.965441
Epoch 183/2000 | Train MSE: 5.879139
Epoch 184/2000 | Train MSE: 5.856610
Epoch 185/2000 | Train MSE: 5.898140
Epoch 186/2000 | Train MSE: 6.047876
Epoch 187/2000 | Train MSE: 5.532338
Epoch 188/2000 | Train MSE: 6.127739
Epoch 189/2000 | Train MSE: 5.475572
Epoch 190/2000 | Train MSE: 5.672145
Epoch 191/2000 | Train MSE: 5.659180
Epoch 192/2000 | Train MSE: 5.943296
Epoch 193/2000 | Train MSE: 5.552505
Epoch 194/2000 | Train MSE: 5.510614
Epoch 195/2000 | Train MSE: 5.465623
Epoch 196/2000 | Train MSE: 5.687581
Epoch 197/2000 | Train MSE: 5.598361
Epoch 198/2000 | Train MSE: 5.235743
Epoch 199/2000 | Train MSE: 5.497267
Epoch 200/2000 | Train MSE: 5.428966
Epoch 201/2000 | Train MSE: 5.016114
Epoch 202/2000 | Train MSE: 5.359851
Epoch 203/2000 | Train MSE: 6.812995
Epoch 204/2000 | Train MSE: 4.812539
Epoch 205/2000 | Train MSE: 4.745872
Epoch 206/2000 | Train MSE: 5.355933
Epoch 207/2000 | Train MSE: 5.004712
Epoch 208/2000 | Train MSE: 4.855056
Epoch 209/2000 | Train MSE: 6.584093
Epoch 210/2000 | Train MSE: 6.064882
Epoch 211/2000 | Train MSE: 4.355637
Epoch 212/2000 | Train MSE: 4.774373
Epoch 213/2000 | Train MSE: 4.855813
Epoch 214/2000 | Train MSE: 5.231591
Epoch 215/2000 | Train MSE: 4.849610
Epoch 216/2000 | Train MSE: 4.933572
Epoch 217/2000 | Train MSE: 4.523781
Epoch 218/2000 | Train MSE: 4.651129
Epoch 219/2000 | Train MSE: 5.064249
Epoch 220/2000 | Train MSE: 4.795126
Epoch 221/2000 | Train MSE: 4.741702
Epoch 222/2000 | Train MSE: 4.837429
Epoch 223/2000 | Train MSE: 4.722500
Epoch 224/2000 | Train MSE: 4.715906
Epoch 225/2000 | Train MSE: 5.007470
Epoch 226/2000 | Train MSE: 4.517988
Epoch 227/2000 | Train MSE: 4.696589
Epoch 228/2000 | Train MSE: 4.704099
Epoch 229/2000 | Train MSE: 4.525349
Epoch 230/2000 | Train MSE: 4.755392
Epoch 231/2000 | Train MSE: 4.570776
Epoch 232/2000 | Train MSE: 4.471630
Epoch 233/2000 | Train MSE: 4.907252
Epoch 234/2000 | Train MSE: 4.326800
Epoch 235/2000 | Train MSE: 4.722868
Epoch 236/2000 | Train MSE: 4.441523
Epoch 237/2000 | Train MSE: 4.550895
Epoch 238/2000 | Train MSE: 4.313241
Epoch 239/2000 | Train MSE: 4.353312
Epoch 240/2000 | Train MSE: 4.679169
Epoch 241/2000 | Train MSE: 4.209018
Epoch 242/2000 | Train MSE: 4.498540
Epoch 243/2000 | Train MSE: 4.384115
Epoch 244/2000 | Train MSE: 4.266121
Epoch 245/2000 | Train MSE: 4.478791
Epoch 246/2000 | Train MSE: 4.358734
Epoch 247/2000 | Train MSE: 4.333272
Epoch 248/2000 | Train MSE: 4.218422
Epoch 249/2000 | Train MSE: 4.171810
Epoch 250/2000 | Train MSE: 4.267559
Epoch 251/2000 | Train MSE: 4.093930
Epoch 252/2000 | Train MSE: 4.375915
Epoch 253/2000 | Train MSE: 4.052097
Epoch 254/2000 | Train MSE: 3.993839
Epoch 255/2000 | Train MSE: 4.174644
Epoch 256/2000 | Train MSE: 4.271031
Epoch 257/2000 | Train MSE: 4.134072
Epoch 258/2000 | Train MSE: 4.032172
Epoch 259/2000 | Train MSE: 3.996935
Epoch 260/2000 | Train MSE: 4.091937
Epoch 261/2000 | Train MSE: 4.136433
Epoch 262/2000 | Train MSE: 4.015131
Epoch 263/2000 | Train MSE: 4.016378
Epoch 264/2000 | Train MSE: 3.759498
Epoch 265/2000 | Train MSE: 4.056482
Epoch 266/2000 | Train MSE: 3.913917
Epoch 267/2000 | Train MSE: 3.994350
Epoch 268/2000 | Train MSE: 4.014071
Epoch 269/2000 | Train MSE: 3.975167
Epoch 270/2000 | Train MSE: 3.683100
Epoch 271/2000 | Train MSE: 4.031614
Epoch 272/2000 | Train MSE: 3.852562
Epoch 273/2000 | Train MSE: 3.665819
Epoch 274/2000 | Train MSE: 4.081651
Epoch 275/2000 | Train MSE: 3.965469
Epoch 276/2000 | Train MSE: 3.623533
Epoch 277/2000 | Train MSE: 3.859925
Epoch 278/2000 | Train MSE: 3.870393
Epoch 279/2000 | Train MSE: 3.651914
Epoch 280/2000 | Train MSE: 3.905610
Epoch 281/2000 | Train MSE: 4.159772
Epoch 282/2000 | Train MSE: 3.592597
Epoch 283/2000 | Train MSE: 3.867993
Epoch 284/2000 | Train MSE: 3.638387
Epoch 285/2000 | Train MSE: 3.642840
Epoch 286/2000 | Train MSE: 3.703766
Epoch 287/2000 | Train MSE: 3.760439
Epoch 288/2000 | Train MSE: 3.648520
Epoch 289/2000 | Train MSE: 3.543343
Epoch 290/2000 | Train MSE: 3.774456
Epoch 291/2000 | Train MSE: 3.305582
Epoch 292/2000 | Train MSE: 3.688789
Epoch 293/2000 | Train MSE: 3.565055
Epoch 294/2000 | Train MSE: 3.605880
Epoch 295/2000 | Train MSE: 3.450036
Epoch 296/2000 | Train MSE: 3.546786
Epoch 297/2000 | Train MSE: 3.529869
Epoch 298/2000 | Train MSE: 3.671608
Epoch 299/2000 | Train MSE: 3.744061
Epoch 300/2000 | Train MSE: 3.428027
Epoch 301/2000 | Train MSE: 3.515589
Epoch 302/2000 | Train MSE: 3.382774
Epoch 303/2000 | Train MSE: 3.545997
Epoch 304/2000 | Train MSE: 3.474042
Epoch 305/2000 | Train MSE: 3.682817
Epoch 306/2000 | Train MSE: 3.558791
Epoch 307/2000 | Train MSE: 3.367823
Epoch 308/2000 | Train MSE: 3.496887
Epoch 309/2000 | Train MSE: 3.447873
Epoch 310/2000 | Train MSE: 3.557868
Epoch 311/2000 | Train MSE: 3.512212
Epoch 312/2000 | Train MSE: 4.129626
Epoch 313/2000 | Train MSE: 4.246081
Epoch 314/2000 | Train MSE: 3.342919
Epoch 315/2000 | Train MSE: 5.054071
Epoch 316/2000 | Train MSE: 3.871585
Epoch 317/2000 | Train MSE: 2.497594
Epoch 318/2000 | Train MSE: 3.227460
Epoch 319/2000 | Train MSE: 3.381521
Epoch 320/2000 | Train MSE: 3.378370
Epoch 321/2000 | Train MSE: 3.433008
Epoch 322/2000 | Train MSE: 3.419121
Epoch 323/2000 | Train MSE: 3.780958
Epoch 324/2000 | Train MSE: 3.053715
Epoch 325/2000 | Train MSE: 3.168790
Epoch 326/2000 | Train MSE: 3.416825
Epoch 327/2000 | Train MSE: 4.074607
Epoch 328/2000 | Train MSE: 3.309802
Epoch 329/2000 | Train MSE: 3.346792
Epoch 330/2000 | Train MSE: 3.307856
Epoch 331/2000 | Train MSE: 3.044100
Epoch 332/2000 | Train MSE: 3.191938
Epoch 333/2000 | Train MSE: 3.339385
Epoch 334/2000 | Train MSE: 3.215711
Epoch 335/2000 | Train MSE: 3.219228
Epoch 336/2000 | Train MSE: 3.091186
Epoch 337/2000 | Train MSE: 3.370693
Epoch 338/2000 | Train MSE: 3.158552
Epoch 339/2000 | Train MSE: 3.035506
Epoch 340/2000 | Train MSE: 3.102406
Epoch 341/2000 | Train MSE: 3.269694
Epoch 342/2000 | Train MSE: 3.114682
Epoch 343/2000 | Train MSE: 3.163148
Epoch 344/2000 | Train MSE: 3.259944
Epoch 345/2000 | Train MSE: 3.270420
Epoch 346/2000 | Train MSE: 2.990587
Epoch 347/2000 | Train MSE: 2.950897
Epoch 348/2000 | Train MSE: 3.303855
Epoch 349/2000 | Train MSE: 3.182944
Epoch 350/2000 | Train MSE: 3.041100
Epoch 351/2000 | Train MSE: 2.917374
Epoch 352/2000 | Train MSE: 2.963196
Epoch 353/2000 | Train MSE: 3.184072
Epoch 354/2000 | Train MSE: 3.119550
Epoch 355/2000 | Train MSE: 3.102149
Epoch 356/2000 | Train MSE: 2.858655
Epoch 357/2000 | Train MSE: 3.177657
Epoch 358/2000 | Train MSE: 3.132951
Epoch 359/2000 | Train MSE: 2.989877
Epoch 360/2000 | Train MSE: 2.854055
Epoch 361/2000 | Train MSE: 3.133545
Epoch 362/2000 | Train MSE: 3.184163
Epoch 363/2000 | Train MSE: 2.918249
Epoch 364/2000 | Train MSE: 3.062622
Epoch 365/2000 | Train MSE: 3.016585
Epoch 366/2000 | Train MSE: 3.038265
Epoch 367/2000 | Train MSE: 2.922965
Early stopping at epoch 367. Best training loss: 2.497594

Training H2

Epoch 1/2000 | Train MSE: 389.440169
Epoch 2/2000 | Train MSE: 251.175694
Epoch 3/2000 | Train MSE: 210.544195
Epoch 4/2000 | Train MSE: 185.869769
Epoch 5/2000 | Train MSE: 171.587346
Epoch 6/2000 | Train MSE: 156.147979
Epoch 7/2000 | Train MSE: 148.571029
Epoch 8/2000 | Train MSE: 140.270256
Epoch 9/2000 | Train MSE: 135.523824
Epoch 10/2000 | Train MSE: 128.978188
Epoch 11/2000 | Train MSE: 120.464289
Epoch 12/2000 | Train MSE: 114.960874
Epoch 13/2000 | Train MSE: 108.065925
Epoch 14/2000 | Train MSE: 103.643895
Epoch 15/2000 | Train MSE: 99.353283
Epoch 16/2000 | Train MSE: 93.049754
Epoch 17/2000 | Train MSE: 89.670200
Epoch 18/2000 | Train MSE: 87.365465
Epoch 19/2000 | Train MSE: 83.838954
Epoch 20/2000 | Train MSE: 79.170116
Epoch 21/2000 | Train MSE: 77.070247
Epoch 22/2000 | Train MSE: 75.109265
Epoch 23/2000 | Train MSE: 70.310672
Epoch 24/2000 | Train MSE: 68.087707
Epoch 25/2000 | Train MSE: 65.858712
Epoch 26/2000 | Train MSE: 63.679450
Epoch 27/2000 | Train MSE: 61.014785
Epoch 28/2000 | Train MSE: 59.384650
Epoch 29/2000 | Train MSE: 57.473874
Epoch 30/2000 | Train MSE: 54.101912
Epoch 31/2000 | Train MSE: 53.073826
Epoch 32/2000 | Train MSE: 51.880105
Epoch 33/2000 | Train MSE: 49.458011
Epoch 34/2000 | Train MSE: 47.323310
Epoch 35/2000 | Train MSE: 46.723327
Epoch 36/2000 | Train MSE: 44.476046
Epoch 37/2000 | Train MSE: 44.110064
Epoch 38/2000 | Train MSE: 41.411967
Epoch 39/2000 | Train MSE: 40.994813
Epoch 40/2000 | Train MSE: 39.677246
Epoch 41/2000 | Train MSE: 38.841397
Epoch 42/2000 | Train MSE: 37.566645
Epoch 43/2000 | Train MSE: 35.085589
Epoch 44/2000 | Train MSE: 35.765916
Epoch 45/2000 | Train MSE: 34.772098
Epoch 46/2000 | Train MSE: 33.249040
Epoch 47/2000 | Train MSE: 32.668680
Epoch 48/2000 | Train MSE: 32.310185
Epoch 49/2000 | Train MSE: 31.529466
Epoch 50/2000 | Train MSE: 30.187438
Epoch 51/2000 | Train MSE: 29.697247
Epoch 52/2000 | Train MSE: 28.626305
Epoch 53/2000 | Train MSE: 29.338468
Epoch 54/2000 | Train MSE: 27.547947
Epoch 55/2000 | Train MSE: 27.069053
Epoch 56/2000 | Train MSE: 26.308330
Epoch 57/2000 | Train MSE: 26.254772
Epoch 58/2000 | Train MSE: 25.228544
Epoch 59/2000 | Train MSE: 24.540629
Epoch 60/2000 | Train MSE: 24.092480
Epoch 61/2000 | Train MSE: 24.479093
Epoch 62/2000 | Train MSE: 22.835323
Epoch 63/2000 | Train MSE: 22.583274
Epoch 64/2000 | Train MSE: 22.566715
Epoch 65/2000 | Train MSE: 21.764727
Epoch 66/2000 | Train MSE: 21.134361
Epoch 67/2000 | Train MSE: 21.043325
Epoch 68/2000 | Train MSE: 20.313995
Epoch 69/2000 | Train MSE: 19.930649
Epoch 70/2000 | Train MSE: 20.619426
Epoch 71/2000 | Train MSE: 19.340912
Epoch 72/2000 | Train MSE: 18.773105
Epoch 73/2000 | Train MSE: 18.454083
Epoch 74/2000 | Train MSE: 18.349699
Epoch 75/2000 | Train MSE: 18.490638
Epoch 76/2000 | Train MSE: 17.998989
Epoch 77/2000 | Train MSE: 17.476381
Epoch 78/2000 | Train MSE: 17.508029
Epoch 79/2000 | Train MSE: 17.972366
Epoch 80/2000 | Train MSE: 16.305156
Epoch 81/2000 | Train MSE: 16.431472
Epoch 82/2000 | Train MSE: 16.072400
Epoch 83/2000 | Train MSE: 16.146378
Epoch 84/2000 | Train MSE: 15.280955
Epoch 85/2000 | Train MSE: 15.048910
Epoch 86/2000 | Train MSE: 14.834253
Epoch 87/2000 | Train MSE: 15.016786
Epoch 88/2000 | Train MSE: 14.921270
Epoch 89/2000 | Train MSE: 14.380755
Epoch 90/2000 | Train MSE: 14.391769
Epoch 91/2000 | Train MSE: 14.152332
Epoch 92/2000 | Train MSE: 14.119913
Epoch 93/2000 | Train MSE: 14.104531
Epoch 94/2000 | Train MSE: 13.532408
Epoch 95/2000 | Train MSE: 13.435810
Epoch 96/2000 | Train MSE: 13.551870
Epoch 97/2000 | Train MSE: 12.949667
Epoch 98/2000 | Train MSE: 12.545425
Epoch 99/2000 | Train MSE: 13.244597
Epoch 100/2000 | Train MSE: 12.670692
Epoch 101/2000 | Train MSE: 12.477059
Epoch 102/2000 | Train MSE: 12.186244
Epoch 103/2000 | Train MSE: 12.593128
Epoch 104/2000 | Train MSE: 11.575790
Epoch 105/2000 | Train MSE: 11.625487
Epoch 106/2000 | Train MSE: 11.507252
Epoch 107/2000 | Train MSE: 11.364853
Epoch 108/2000 | Train MSE: 11.482406
Epoch 109/2000 | Train MSE: 11.025396
Epoch 110/2000 | Train MSE: 13.304642
Epoch 111/2000 | Train MSE: 10.404719
Epoch 112/2000 | Train MSE: 11.083486
Epoch 113/2000 | Train MSE: 10.862230
Epoch 114/2000 | Train MSE: 10.593093
Epoch 115/2000 | Train MSE: 10.140071
Epoch 116/2000 | Train MSE: 10.745755
Epoch 117/2000 | Train MSE: 10.543162
Epoch 118/2000 | Train MSE: 10.023955
Epoch 119/2000 | Train MSE: 9.790817
Epoch 120/2000 | Train MSE: 10.093716
Epoch 121/2000 | Train MSE: 9.814384
Epoch 122/2000 | Train MSE: 9.876650
Epoch 123/2000 | Train MSE: 9.354106
Epoch 124/2000 | Train MSE: 9.655075
Epoch 125/2000 | Train MSE: 9.374662
Epoch 126/2000 | Train MSE: 9.562044
Epoch 127/2000 | Train MSE: 9.330958
Epoch 128/2000 | Train MSE: 9.092057
Epoch 129/2000 | Train MSE: 8.991055
Epoch 130/2000 | Train MSE: 8.935409
Epoch 131/2000 | Train MSE: 9.356864
Epoch 132/2000 | Train MSE: 8.392753
Epoch 133/2000 | Train MSE: 8.926314
Epoch 134/2000 | Train MSE: 8.837101
Epoch 135/2000 | Train MSE: 8.391486
Epoch 136/2000 | Train MSE: 8.313518
Epoch 137/2000 | Train MSE: 8.158948
Epoch 138/2000 | Train MSE: 8.456917
Epoch 139/2000 | Train MSE: 8.276140
Epoch 140/2000 | Train MSE: 8.056701
Epoch 141/2000 | Train MSE: 8.303728
Epoch 142/2000 | Train MSE: 7.925439
Epoch 143/2000 | Train MSE: 8.243994
Epoch 144/2000 | Train MSE: 7.735179
Epoch 145/2000 | Train MSE: 8.011278
Epoch 146/2000 | Train MSE: 7.713951
Epoch 147/2000 | Train MSE: 7.661042
Epoch 148/2000 | Train MSE: 7.837749
Epoch 149/2000 | Train MSE: 7.606264
Epoch 150/2000 | Train MSE: 7.510109
Epoch 151/2000 | Train MSE: 7.695899
Epoch 152/2000 | Train MSE: 7.533701
Epoch 153/2000 | Train MSE: 7.198723
Epoch 154/2000 | Train MSE: 7.293493
Epoch 155/2000 | Train MSE: 7.438137
Epoch 156/2000 | Train MSE: 6.981717
Epoch 157/2000 | Train MSE: 7.426388
Epoch 158/2000 | Train MSE: 6.750525
Epoch 159/2000 | Train MSE: 6.953845
Epoch 160/2000 | Train MSE: 7.111069
Epoch 161/2000 | Train MSE: 7.037841
Epoch 162/2000 | Train MSE: 6.709048
Epoch 163/2000 | Train MSE: 7.008644
Epoch 164/2000 | Train MSE: 6.681885
Epoch 165/2000 | Train MSE: 7.346788
Epoch 166/2000 | Train MSE: 6.753720
Epoch 167/2000 | Train MSE: 6.296871
Epoch 168/2000 | Train MSE: 6.622046
Epoch 169/2000 | Train MSE: 6.992338
Epoch 170/2000 | Train MSE: 6.779028
Epoch 171/2000 | Train MSE: 6.466739
Epoch 172/2000 | Train MSE: 6.419239
Epoch 173/2000 | Train MSE: 6.655567
Epoch 174/2000 | Train MSE: 6.498127
Epoch 175/2000 | Train MSE: 6.264158
Epoch 176/2000 | Train MSE: 6.216247
Epoch 177/2000 | Train MSE: 6.445183
Epoch 178/2000 | Train MSE: 6.358105
Epoch 179/2000 | Train MSE: 5.948425
Epoch 180/2000 | Train MSE: 6.392635
Epoch 181/2000 | Train MSE: 6.466365
Epoch 182/2000 | Train MSE: 6.052070
Epoch 183/2000 | Train MSE: 5.887811
Epoch 184/2000 | Train MSE: 5.998286
Epoch 185/2000 | Train MSE: 6.158620
Epoch 186/2000 | Train MSE: 6.135614
Epoch 187/2000 | Train MSE: 6.230040
Epoch 188/2000 | Train MSE: 5.653607
Epoch 189/2000 | Train MSE: 5.971630
Epoch 190/2000 | Train MSE: 5.850336
Epoch 191/2000 | Train MSE: 5.742284
Epoch 192/2000 | Train MSE: 5.931671
Epoch 193/2000 | Train MSE: 5.644119
Epoch 194/2000 | Train MSE: 5.397301
Epoch 195/2000 | Train MSE: 5.611549
Epoch 196/2000 | Train MSE: 5.522590
Epoch 197/2000 | Train MSE: 5.670062
Epoch 198/2000 | Train MSE: 5.568890
Epoch 199/2000 | Train MSE: 5.642670
Epoch 200/2000 | Train MSE: 5.556351
Epoch 201/2000 | Train MSE: 5.598742
Epoch 202/2000 | Train MSE: 5.703197
Epoch 203/2000 | Train MSE: 5.930784
Epoch 204/2000 | Train MSE: 5.520801
Epoch 205/2000 | Train MSE: 5.214616
Epoch 206/2000 | Train MSE: 5.540005
Epoch 207/2000 | Train MSE: 5.460174
Epoch 208/2000 | Train MSE: 5.652516
Epoch 209/2000 | Train MSE: 5.087498
Epoch 210/2000 | Train MSE: 5.342200
Epoch 211/2000 | Train MSE: 5.117086
Epoch 212/2000 | Train MSE: 5.398106
Epoch 213/2000 | Train MSE: 5.332034
Epoch 214/2000 | Train MSE: 5.394016
Epoch 215/2000 | Train MSE: 5.141978
Epoch 216/2000 | Train MSE: 5.258297
Epoch 217/2000 | Train MSE: 5.131516
Epoch 218/2000 | Train MSE: 5.200919
Epoch 219/2000 | Train MSE: 4.935528
Epoch 220/2000 | Train MSE: 5.196198
Epoch 221/2000 | Train MSE: 4.924728
Epoch 222/2000 | Train MSE: 5.066084
Epoch 223/2000 | Train MSE: 5.022053
Epoch 224/2000 | Train MSE: 5.066454
Epoch 225/2000 | Train MSE: 4.884546
Epoch 226/2000 | Train MSE: 4.962024
Epoch 227/2000 | Train MSE: 4.839312
Epoch 228/2000 | Train MSE: 4.774547
Epoch 229/2000 | Train MSE: 5.001676
Epoch 230/2000 | Train MSE: 4.616000
Epoch 231/2000 | Train MSE: 4.792764
Epoch 232/2000 | Train MSE: 4.876272
Epoch 233/2000 | Train MSE: 4.474725
Epoch 234/2000 | Train MSE: 5.103630
Epoch 235/2000 | Train MSE: 4.593261
Epoch 236/2000 | Train MSE: 4.497152
Epoch 237/2000 | Train MSE: 4.708732
Epoch 238/2000 | Train MSE: 4.858888
Epoch 239/2000 | Train MSE: 4.823998
Epoch 240/2000 | Train MSE: 4.379168
Epoch 241/2000 | Train MSE: 4.559608
Epoch 242/2000 | Train MSE: 4.731560
Epoch 243/2000 | Train MSE: 4.503904
Epoch 244/2000 | Train MSE: 4.755906
Epoch 245/2000 | Train MSE: 4.486003
Epoch 246/2000 | Train MSE: 4.556797
Epoch 247/2000 | Train MSE: 4.894166
Epoch 248/2000 | Train MSE: 4.302038
Epoch 249/2000 | Train MSE: 4.324556
Epoch 250/2000 | Train MSE: 4.280086
Epoch 251/2000 | Train MSE: 4.717137
Epoch 252/2000 | Train MSE: 4.362309
Epoch 253/2000 | Train MSE: 4.271901
Epoch 254/2000 | Train MSE: 4.854044
Epoch 255/2000 | Train MSE: 4.381778
Epoch 256/2000 | Train MSE: 4.103342
Epoch 257/2000 | Train MSE: 4.388624
Epoch 258/2000 | Train MSE: 4.491759
Epoch 259/2000 | Train MSE: 4.354885
Epoch 260/2000 | Train MSE: 4.268545
Epoch 261/2000 | Train MSE: 4.266187
Epoch 262/2000 | Train MSE: 4.168990
Epoch 263/2000 | Train MSE: 4.556636
Epoch 264/2000 | Train MSE: 4.283978
Epoch 265/2000 | Train MSE: 4.085131
Epoch 266/2000 | Train MSE: 4.219647
Epoch 267/2000 | Train MSE: 4.274298
Epoch 268/2000 | Train MSE: 4.107267
Epoch 269/2000 | Train MSE: 4.478369
Epoch 270/2000 | Train MSE: 4.020016
Epoch 271/2000 | Train MSE: 4.196814
Epoch 272/2000 | Train MSE: 4.072194
Epoch 273/2000 | Train MSE: 4.561366
Epoch 274/2000 | Train MSE: 3.734136
Epoch 275/2000 | Train MSE: 4.239606
Epoch 276/2000 | Train MSE: 4.192213
Epoch 277/2000 | Train MSE: 4.194158
Epoch 278/2000 | Train MSE: 4.055521
Epoch 279/2000 | Train MSE: 3.909549
Epoch 280/2000 | Train MSE: 4.053466
Epoch 281/2000 | Train MSE: 4.117351
Epoch 282/2000 | Train MSE: 4.041266
Epoch 283/2000 | Train MSE: 4.118677
Epoch 284/2000 | Train MSE: 3.901776
Epoch 285/2000 | Train MSE: 3.970642
Epoch 286/2000 | Train MSE: 3.940350
Epoch 287/2000 | Train MSE: 4.181715
Epoch 288/2000 | Train MSE: 3.957643
Epoch 289/2000 | Train MSE: 4.001678
Epoch 290/2000 | Train MSE: 3.746092
Epoch 291/2000 | Train MSE: 3.804158
Epoch 292/2000 | Train MSE: 3.931206
Epoch 293/2000 | Train MSE: 4.170364
Epoch 294/2000 | Train MSE: 3.885639
Epoch 295/2000 | Train MSE: 3.967927
Epoch 296/2000 | Train MSE: 3.648017
Epoch 297/2000 | Train MSE: 3.676867
Epoch 298/2000 | Train MSE: 3.843355
Epoch 299/2000 | Train MSE: 3.758582
Epoch 300/2000 | Train MSE: 3.666470
Epoch 301/2000 | Train MSE: 3.851393
Epoch 302/2000 | Train MSE: 3.697703
Epoch 303/2000 | Train MSE: 3.903160
Epoch 304/2000 | Train MSE: 3.967874
Epoch 305/2000 | Train MSE: 3.959939
Epoch 306/2000 | Train MSE: 3.889694
Epoch 307/2000 | Train MSE: 3.645732
Epoch 308/2000 | Train MSE: 3.677598
Epoch 309/2000 | Train MSE: 3.951137
Epoch 310/2000 | Train MSE: 3.577236
Epoch 311/2000 | Train MSE: 3.708563
Epoch 312/2000 | Train MSE: 3.687330
Epoch 313/2000 | Train MSE: 3.583947
Epoch 314/2000 | Train MSE: 3.659270
Epoch 315/2000 | Train MSE: 3.812128
Epoch 316/2000 | Train MSE: 3.668078
Epoch 317/2000 | Train MSE: 3.540912
Epoch 318/2000 | Train MSE: 3.801939
Epoch 319/2000 | Train MSE: 3.779727
Epoch 320/2000 | Train MSE: 3.485594
Epoch 321/2000 | Train MSE: 4.210702
Epoch 322/2000 | Train MSE: 3.533509
Epoch 323/2000 | Train MSE: 3.541768
Epoch 324/2000 | Train MSE: 3.478369
Epoch 325/2000 | Train MSE: 3.435157
Epoch 326/2000 | Train MSE: 3.701512
Epoch 327/2000 | Train MSE: 3.706202
Epoch 328/2000 | Train MSE: 3.376366
Epoch 329/2000 | Train MSE: 3.668760
Epoch 330/2000 | Train MSE: 3.522745
Epoch 331/2000 | Train MSE: 3.587640
Epoch 332/2000 | Train MSE: 3.421301
Epoch 333/2000 | Train MSE: 3.617660
Epoch 334/2000 | Train MSE: 3.414252
Epoch 335/2000 | Train MSE: 3.540639
Epoch 336/2000 | Train MSE: 3.434539
Epoch 337/2000 | Train MSE: 3.494410
Epoch 338/2000 | Train MSE: 3.572725
Epoch 339/2000 | Train MSE: 3.327796
Epoch 340/2000 | Train MSE: 3.525999
Epoch 341/2000 | Train MSE: 3.834964
Epoch 342/2000 | Train MSE: 3.264420
Epoch 343/2000 | Train MSE: 3.503809
Epoch 344/2000 | Train MSE: 3.512654
Epoch 345/2000 | Train MSE: 3.184650
Epoch 346/2000 | Train MSE: 3.474791
Epoch 347/2000 | Train MSE: 3.411607
Epoch 348/2000 | Train MSE: 3.419717
Epoch 349/2000 | Train MSE: 3.338780
Epoch 350/2000 | Train MSE: 3.278957
Epoch 351/2000 | Train MSE: 3.415942
Epoch 352/2000 | Train MSE: 3.475479
Epoch 353/2000 | Train MSE: 3.372675
Epoch 354/2000 | Train MSE: 3.478791
Epoch 355/2000 | Train MSE: 3.085995
Epoch 356/2000 | Train MSE: 5.206775
Epoch 357/2000 | Train MSE: 2.937004
Epoch 358/2000 | Train MSE: 2.840305
Epoch 359/2000 | Train MSE: 3.570266
Epoch 360/2000 | Train MSE: 3.446119
Epoch 361/2000 | Train MSE: 3.602062
Epoch 362/2000 | Train MSE: 3.197974
Epoch 363/2000 | Train MSE: 3.452290
Epoch 364/2000 | Train MSE: 3.166475
Epoch 365/2000 | Train MSE: 3.186693
Epoch 366/2000 | Train MSE: 3.870467
Epoch 367/2000 | Train MSE: 3.441034
Epoch 368/2000 | Train MSE: 3.024601
Epoch 369/2000 | Train MSE: 3.171032
Epoch 370/2000 | Train MSE: 3.121472
Epoch 371/2000 | Train MSE: 3.493645
Epoch 372/2000 | Train MSE: 3.257119
Epoch 373/2000 | Train MSE: 3.389756
Epoch 374/2000 | Train MSE: 3.136442
Epoch 375/2000 | Train MSE: 3.330844
Epoch 376/2000 | Train MSE: 3.135560
Epoch 377/2000 | Train MSE: 3.237498
Epoch 378/2000 | Train MSE: 3.468725
Epoch 379/2000 | Train MSE: 3.398028
Epoch 380/2000 | Train MSE: 3.127293
Epoch 381/2000 | Train MSE: 3.124079
Epoch 382/2000 | Train MSE: 3.237809
Epoch 383/2000 | Train MSE: 3.396010
Epoch 384/2000 | Train MSE: 3.053535
Epoch 385/2000 | Train MSE: 3.146827
Epoch 386/2000 | Train MSE: 3.275394
Epoch 387/2000 | Train MSE: 3.002974
Epoch 388/2000 | Train MSE: 3.096684
Epoch 389/2000 | Train MSE: 3.107173
Epoch 390/2000 | Train MSE: 3.206898
Epoch 391/2000 | Train MSE: 3.160926
Epoch 392/2000 | Train MSE: 3.115537
Epoch 393/2000 | Train MSE: 3.232595
Epoch 394/2000 | Train MSE: 2.889760
Epoch 395/2000 | Train MSE: 3.045625
Epoch 396/2000 | Train MSE: 3.086006
Epoch 397/2000 | Train MSE: 3.148896
Epoch 398/2000 | Train MSE: 3.058133
Epoch 399/2000 | Train MSE: 3.238101
Epoch 400/2000 | Train MSE: 3.145048
Epoch 401/2000 | Train MSE: 3.193650
Epoch 402/2000 | Train MSE: 2.979407
Epoch 403/2000 | Train MSE: 4.986517
Epoch 404/2000 | Train MSE: 3.172508
Epoch 405/2000 | Train MSE: 2.465752
Epoch 406/2000 | Train MSE: 2.818049
Epoch 407/2000 | Train MSE: 3.187882
Epoch 408/2000 | Train MSE: 3.189719
Epoch 409/2000 | Train MSE: 3.090883
Epoch 410/2000 | Train MSE: 2.900982
Epoch 411/2000 | Train MSE: 3.076042
Epoch 412/2000 | Train MSE: 2.986129
Epoch 413/2000 | Train MSE: 3.299616
Epoch 414/2000 | Train MSE: 2.884532
Epoch 415/2000 | Train MSE: 3.030092
Epoch 416/2000 | Train MSE: 2.956922
Epoch 417/2000 | Train MSE: 4.683387
Epoch 418/2000 | Train MSE: 3.266707
Epoch 419/2000 | Train MSE: 2.393863
Epoch 420/2000 | Train MSE: 2.905681
Epoch 421/2000 | Train MSE: 2.953194
Epoch 422/2000 | Train MSE: 2.760455
Epoch 423/2000 | Train MSE: 3.138912
Epoch 424/2000 | Train MSE: 2.791435
Epoch 425/2000 | Train MSE: 4.357490
Epoch 426/2000 | Train MSE: 2.596962
Epoch 427/2000 | Train MSE: 2.785933
Epoch 428/2000 | Train MSE: 3.027747
Epoch 429/2000 | Train MSE: 3.007141
Epoch 430/2000 | Train MSE: 3.001348
Epoch 431/2000 | Train MSE: 2.730010
Epoch 432/2000 | Train MSE: 2.894039
Epoch 433/2000 | Train MSE: 2.879170
Epoch 434/2000 | Train MSE: 2.963821
Epoch 435/2000 | Train MSE: 2.745288
Epoch 436/2000 | Train MSE: 2.808095
Epoch 437/2000 | Train MSE: 2.943904
Epoch 438/2000 | Train MSE: 2.851988
Epoch 439/2000 | Train MSE: 3.182503
Epoch 440/2000 | Train MSE: 2.866875
Epoch 441/2000 | Train MSE: 2.699351
Epoch 442/2000 | Train MSE: 2.957064
Epoch 443/2000 | Train MSE: 2.854809
Epoch 444/2000 | Train MSE: 3.011719
Epoch 445/2000 | Train MSE: 2.620782
Epoch 446/2000 | Train MSE: 2.964352
Epoch 447/2000 | Train MSE: 3.208389
Epoch 448/2000 | Train MSE: 2.670387
Epoch 449/2000 | Train MSE: 2.740621
Epoch 450/2000 | Train MSE: 3.029680
Epoch 451/2000 | Train MSE: 2.825002
Epoch 452/2000 | Train MSE: 2.795405
Epoch 453/2000 | Train MSE: 2.725507
Epoch 454/2000 | Train MSE: 2.806163
Epoch 455/2000 | Train MSE: 3.050614
Epoch 456/2000 | Train MSE: 2.736404
Epoch 457/2000 | Train MSE: 2.847651
Epoch 458/2000 | Train MSE: 2.694049
Epoch 459/2000 | Train MSE: 2.769257
Epoch 460/2000 | Train MSE: 2.859733
Epoch 461/2000 | Train MSE: 2.792896
Epoch 462/2000 | Train MSE: 2.775342
Epoch 463/2000 | Train MSE: 2.936847
Epoch 464/2000 | Train MSE: 2.908059
Epoch 465/2000 | Train MSE: 2.815156
Epoch 466/2000 | Train MSE: 2.761920
Epoch 467/2000 | Train MSE: 3.238816
Epoch 468/2000 | Train MSE: 2.418427
Epoch 469/2000 | Train MSE: 2.798662
Early stopping at epoch 469. Best training loss: 2.393863

Training H3

Epoch 1/2000 | Train MSE: 401.574474
Epoch 2/2000 | Train MSE: 257.000701
Epoch 3/2000 | Train MSE: 221.843217
Epoch 4/2000 | Train MSE: 193.635912
Epoch 5/2000 | Train MSE: 176.875134
Epoch 6/2000 | Train MSE: 163.313521
Epoch 7/2000 | Train MSE: 155.838757
Epoch 8/2000 | Train MSE: 145.844711
Epoch 9/2000 | Train MSE: 138.603599
Epoch 10/2000 | Train MSE: 129.144302
Epoch 11/2000 | Train MSE: 122.986787
Epoch 12/2000 | Train MSE: 116.759516
Epoch 13/2000 | Train MSE: 111.038930
Epoch 14/2000 | Train MSE: 106.015796
Epoch 15/2000 | Train MSE: 100.610512
Epoch 16/2000 | Train MSE: 98.245629
Epoch 17/2000 | Train MSE: 94.766943
Epoch 18/2000 | Train MSE: 89.068834
Epoch 19/2000 | Train MSE: 86.008584
Epoch 20/2000 | Train MSE: 83.574627
Epoch 21/2000 | Train MSE: 80.649445
Epoch 22/2000 | Train MSE: 77.705974
Epoch 23/2000 | Train MSE: 73.574308
Epoch 24/2000 | Train MSE: 70.449345
Epoch 25/2000 | Train MSE: 68.600704
Epoch 26/2000 | Train MSE: 66.013939
Epoch 27/2000 | Train MSE: 62.216990
Epoch 28/2000 | Train MSE: 62.235526
Epoch 29/2000 | Train MSE: 57.645303
Epoch 30/2000 | Train MSE: 58.541051
Epoch 31/2000 | Train MSE: 54.842549
Epoch 32/2000 | Train MSE: 53.583865
Epoch 33/2000 | Train MSE: 51.966022
Epoch 34/2000 | Train MSE: 50.168096
Epoch 35/2000 | Train MSE: 48.813878
Epoch 36/2000 | Train MSE: 46.210347
Epoch 37/2000 | Train MSE: 43.984440
Epoch 38/2000 | Train MSE: 44.129141
Epoch 39/2000 | Train MSE: 42.410056
Epoch 40/2000 | Train MSE: 40.383326
Epoch 41/2000 | Train MSE: 40.554796
Epoch 42/2000 | Train MSE: 38.911400
Epoch 43/2000 | Train MSE: 37.879785
Epoch 44/2000 | Train MSE: 36.288122
Epoch 45/2000 | Train MSE: 36.223326
Epoch 46/2000 | Train MSE: 35.071659
Epoch 47/2000 | Train MSE: 33.092021
Epoch 48/2000 | Train MSE: 32.393128
Epoch 49/2000 | Train MSE: 32.483999
Epoch 50/2000 | Train MSE: 31.272546
Epoch 51/2000 | Train MSE: 37.394538
Epoch 52/2000 | Train MSE: 38.581448
Epoch 53/2000 | Train MSE: 26.913403
Epoch 54/2000 | Train MSE: 27.136057
Epoch 55/2000 | Train MSE: 27.567908
Epoch 56/2000 | Train MSE: 27.387810
Epoch 57/2000 | Train MSE: 26.821572
Epoch 58/2000 | Train MSE: 26.457116
Epoch 59/2000 | Train MSE: 25.309708
Epoch 60/2000 | Train MSE: 25.019325
Epoch 61/2000 | Train MSE: 24.122362
Epoch 62/2000 | Train MSE: 23.757113
Epoch 63/2000 | Train MSE: 22.825881
Epoch 64/2000 | Train MSE: 22.305803
Epoch 65/2000 | Train MSE: 21.602910
Epoch 66/2000 | Train MSE: 22.207885
Epoch 67/2000 | Train MSE: 21.269320
Epoch 68/2000 | Train MSE: 20.669795
Epoch 69/2000 | Train MSE: 20.181188
Epoch 70/2000 | Train MSE: 29.465962
Epoch 71/2000 | Train MSE: 17.590677
Epoch 72/2000 | Train MSE: 18.221462
Epoch 73/2000 | Train MSE: 19.003554
Epoch 74/2000 | Train MSE: 19.116297
Epoch 75/2000 | Train MSE: 19.013849
Epoch 76/2000 | Train MSE: 18.290777
Epoch 77/2000 | Train MSE: 17.770181
Epoch 78/2000 | Train MSE: 17.647793
Epoch 79/2000 | Train MSE: 17.157266
Epoch 80/2000 | Train MSE: 16.728969
Epoch 81/2000 | Train MSE: 16.270794
Epoch 82/2000 | Train MSE: 15.937776
Epoch 83/2000 | Train MSE: 16.557268
Epoch 84/2000 | Train MSE: 15.693984
Epoch 85/2000 | Train MSE: 15.088733
Epoch 86/2000 | Train MSE: 15.590596
Epoch 87/2000 | Train MSE: 15.173171
Epoch 88/2000 | Train MSE: 14.488759
Epoch 89/2000 | Train MSE: 14.488690
Epoch 90/2000 | Train MSE: 14.498572
Epoch 91/2000 | Train MSE: 14.921474
Epoch 92/2000 | Train MSE: 14.045049
Epoch 93/2000 | Train MSE: 13.544537
Epoch 94/2000 | Train MSE: 13.171092
Epoch 95/2000 | Train MSE: 12.828807
Epoch 96/2000 | Train MSE: 13.692453
Epoch 97/2000 | Train MSE: 12.575054
Epoch 98/2000 | Train MSE: 12.241695
Epoch 99/2000 | Train MSE: 12.837596
Epoch 100/2000 | Train MSE: 12.178113
Epoch 101/2000 | Train MSE: 12.148267
Epoch 102/2000 | Train MSE: 11.825258
Epoch 103/2000 | Train MSE: 11.274734
Epoch 104/2000 | Train MSE: 11.375340
Epoch 105/2000 | Train MSE: 11.284914
Epoch 106/2000 | Train MSE: 10.821271
Epoch 107/2000 | Train MSE: 11.766670
Epoch 108/2000 | Train MSE: 10.935561
Epoch 109/2000 | Train MSE: 10.801142
Epoch 110/2000 | Train MSE: 10.626498
Epoch 111/2000 | Train MSE: 10.675015
Epoch 112/2000 | Train MSE: 12.008774
Epoch 113/2000 | Train MSE: 9.867484
Epoch 114/2000 | Train MSE: 10.181508
Epoch 115/2000 | Train MSE: 9.804495
Epoch 116/2000 | Train MSE: 9.540404
Epoch 117/2000 | Train MSE: 10.047332
Epoch 118/2000 | Train MSE: 9.970378
Epoch 119/2000 | Train MSE: 9.758520
Epoch 120/2000 | Train MSE: 9.593527
Epoch 121/2000 | Train MSE: 9.143703
Epoch 122/2000 | Train MSE: 9.088344
Epoch 123/2000 | Train MSE: 8.992152
Epoch 124/2000 | Train MSE: 9.280953
Epoch 125/2000 | Train MSE: 8.690652
Epoch 126/2000 | Train MSE: 8.696501
Epoch 127/2000 | Train MSE: 8.898897
Epoch 128/2000 | Train MSE: 8.426543
Epoch 129/2000 | Train MSE: 8.424063
Epoch 130/2000 | Train MSE: 8.422904
Epoch 131/2000 | Train MSE: 8.678545
Epoch 132/2000 | Train MSE: 8.302793
Epoch 133/2000 | Train MSE: 8.166683
Epoch 134/2000 | Train MSE: 8.143340
Epoch 135/2000 | Train MSE: 24.529740
Epoch 136/2000 | Train MSE: 7.969924
Epoch 137/2000 | Train MSE: 6.044822
Epoch 138/2000 | Train MSE: 6.384714
Epoch 139/2000 | Train MSE: 7.321623
Epoch 140/2000 | Train MSE: 7.952990
Epoch 141/2000 | Train MSE: 7.781754
Epoch 142/2000 | Train MSE: 7.792994
Epoch 143/2000 | Train MSE: 7.872161
Epoch 144/2000 | Train MSE: 7.238018
Epoch 145/2000 | Train MSE: 7.651902
Epoch 146/2000 | Train MSE: 7.684086
Epoch 147/2000 | Train MSE: 7.329433
Epoch 148/2000 | Train MSE: 7.462806
Epoch 149/2000 | Train MSE: 7.437867
Epoch 150/2000 | Train MSE: 7.373888
Epoch 151/2000 | Train MSE: 7.154461
Epoch 152/2000 | Train MSE: 7.002125
Epoch 153/2000 | Train MSE: 6.890546
Epoch 154/2000 | Train MSE: 7.266928
Epoch 155/2000 | Train MSE: 6.940552
Epoch 156/2000 | Train MSE: 6.606690
Epoch 157/2000 | Train MSE: 6.747469
Epoch 158/2000 | Train MSE: 6.519907
Epoch 159/2000 | Train MSE: 6.809248
Epoch 160/2000 | Train MSE: 6.988647
Epoch 161/2000 | Train MSE: 6.264308
Epoch 162/2000 | Train MSE: 6.692756
Epoch 163/2000 | Train MSE: 6.687210
Epoch 164/2000 | Train MSE: 6.209429
Epoch 165/2000 | Train MSE: 6.411571
Epoch 166/2000 | Train MSE: 6.277433
Epoch 167/2000 | Train MSE: 6.429232
Epoch 168/2000 | Train MSE: 6.339313
Epoch 169/2000 | Train MSE: 5.682997
Epoch 170/2000 | Train MSE: 12.670091
Epoch 171/2000 | Train MSE: 7.028835
Epoch 172/2000 | Train MSE: 4.639509
Epoch 173/2000 | Train MSE: 5.090009
Epoch 174/2000 | Train MSE: 5.661399
Epoch 175/2000 | Train MSE: 6.012549
Epoch 176/2000 | Train MSE: 6.089971
Epoch 177/2000 | Train MSE: 6.032910
Epoch 178/2000 | Train MSE: 5.909493
Epoch 179/2000 | Train MSE: 8.856180
Epoch 180/2000 | Train MSE: 6.052552
Epoch 181/2000 | Train MSE: 4.635169
Epoch 182/2000 | Train MSE: 5.252446
Epoch 183/2000 | Train MSE: 5.550240
Epoch 184/2000 | Train MSE: 5.926641
Epoch 185/2000 | Train MSE: 5.732216
Epoch 186/2000 | Train MSE: 7.114471
Epoch 187/2000 | Train MSE: 5.043914
Epoch 188/2000 | Train MSE: 5.424878
Epoch 189/2000 | Train MSE: 5.506293
Epoch 190/2000 | Train MSE: 5.163584
Epoch 191/2000 | Train MSE: 5.570289
Epoch 192/2000 | Train MSE: 5.189587
Epoch 193/2000 | Train MSE: 5.233796
Epoch 194/2000 | Train MSE: 5.313162
Epoch 195/2000 | Train MSE: 5.466634
Epoch 196/2000 | Train MSE: 5.714284
Epoch 197/2000 | Train MSE: 5.332966
Epoch 198/2000 | Train MSE: 5.116011
Epoch 199/2000 | Train MSE: 4.900487
Epoch 200/2000 | Train MSE: 5.098656
Epoch 201/2000 | Train MSE: 5.039415
Epoch 202/2000 | Train MSE: 5.025124
Epoch 203/2000 | Train MSE: 4.748715
Epoch 204/2000 | Train MSE: 4.676681
Epoch 205/2000 | Train MSE: 4.835205
Epoch 206/2000 | Train MSE: 4.902171
Epoch 207/2000 | Train MSE: 5.024561
Epoch 208/2000 | Train MSE: 4.816893
Epoch 209/2000 | Train MSE: 4.590360
Epoch 210/2000 | Train MSE: 4.831611
Epoch 211/2000 | Train MSE: 4.838380
Epoch 212/2000 | Train MSE: 4.966576
Epoch 213/2000 | Train MSE: 4.608497
Epoch 214/2000 | Train MSE: 4.550656
Epoch 215/2000 | Train MSE: 4.735601
Epoch 216/2000 | Train MSE: 4.553450
Epoch 217/2000 | Train MSE: 4.565681
Epoch 218/2000 | Train MSE: 4.638312
Epoch 219/2000 | Train MSE: 4.475665
Epoch 220/2000 | Train MSE: 4.619830
Epoch 221/2000 | Train MSE: 4.405285
Epoch 222/2000 | Train MSE: 7.142552
Epoch 223/2000 | Train MSE: 5.177394
Epoch 224/2000 | Train MSE: 3.407063
Epoch 225/2000 | Train MSE: 3.827826
Epoch 226/2000 | Train MSE: 4.379402
Epoch 227/2000 | Train MSE: 4.396078
Epoch 228/2000 | Train MSE: 4.226224
Epoch 229/2000 | Train MSE: 4.430147
Epoch 230/2000 | Train MSE: 4.562736
Epoch 231/2000 | Train MSE: 4.333769
Epoch 232/2000 | Train MSE: 4.361424
Epoch 233/2000 | Train MSE: 4.063684
Epoch 234/2000 | Train MSE: 4.145225
Epoch 235/2000 | Train MSE: 4.151157
Epoch 236/2000 | Train MSE: 4.200772
Epoch 237/2000 | Train MSE: 4.244178
Epoch 238/2000 | Train MSE: 4.119076
Epoch 239/2000 | Train MSE: 4.216268
Epoch 240/2000 | Train MSE: 4.213218
Epoch 241/2000 | Train MSE: 3.899836
Epoch 242/2000 | Train MSE: 4.102606
Epoch 243/2000 | Train MSE: 4.194021
Epoch 244/2000 | Train MSE: 3.901578
Epoch 245/2000 | Train MSE: 4.396182
Epoch 246/2000 | Train MSE: 3.885331
Epoch 247/2000 | Train MSE: 3.838344
Epoch 248/2000 | Train MSE: 4.693023
Epoch 249/2000 | Train MSE: 3.807235
Epoch 250/2000 | Train MSE: 3.690619
Epoch 251/2000 | Train MSE: 3.952542
Epoch 252/2000 | Train MSE: 3.959326
Epoch 253/2000 | Train MSE: 4.072453
Epoch 254/2000 | Train MSE: 3.900631
Epoch 255/2000 | Train MSE: 3.879977
Epoch 256/2000 | Train MSE: 3.928945
Epoch 257/2000 | Train MSE: 3.871025
Epoch 258/2000 | Train MSE: 3.929491
Epoch 259/2000 | Train MSE: 3.575418
Epoch 260/2000 | Train MSE: 5.496687
Epoch 261/2000 | Train MSE: 3.978187
Epoch 262/2000 | Train MSE: 3.130984
Epoch 263/2000 | Train MSE: 3.522137
Epoch 264/2000 | Train MSE: 3.750866
Epoch 265/2000 | Train MSE: 4.177215
Epoch 266/2000 | Train MSE: 3.598896
Epoch 267/2000 | Train MSE: 3.592776
Epoch 268/2000 | Train MSE: 4.426586
Epoch 269/2000 | Train MSE: 3.530804
Epoch 270/2000 | Train MSE: 3.431220
Epoch 271/2000 | Train MSE: 3.489275
Epoch 272/2000 | Train MSE: 3.778535
Epoch 273/2000 | Train MSE: 5.230051
Epoch 274/2000 | Train MSE: 3.065871
Epoch 275/2000 | Train MSE: 3.242500
Epoch 276/2000 | Train MSE: 3.634306
Epoch 277/2000 | Train MSE: 3.603158
Epoch 278/2000 | Train MSE: 3.689743
Epoch 279/2000 | Train MSE: 3.612091
Epoch 280/2000 | Train MSE: 3.628822
Epoch 281/2000 | Train MSE: 3.586469
Epoch 282/2000 | Train MSE: 3.629398
Epoch 283/2000 | Train MSE: 3.361424
Epoch 284/2000 | Train MSE: 3.667152
Epoch 285/2000 | Train MSE: 3.881417
Epoch 286/2000 | Train MSE: 3.225806
Epoch 287/2000 | Train MSE: 3.703181
Epoch 288/2000 | Train MSE: 3.538809
Epoch 289/2000 | Train MSE: 3.188592
Epoch 290/2000 | Train MSE: 3.393638
Epoch 291/2000 | Train MSE: 3.694548
Epoch 292/2000 | Train MSE: 3.234187
Epoch 293/2000 | Train MSE: 3.409908
Epoch 294/2000 | Train MSE: 3.184761
Epoch 295/2000 | Train MSE: 3.694667
Epoch 296/2000 | Train MSE: 3.354179
Epoch 297/2000 | Train MSE: 3.343917
Epoch 298/2000 | Train MSE: 3.111304
Epoch 299/2000 | Train MSE: 3.597768
Epoch 300/2000 | Train MSE: 3.418952
Epoch 301/2000 | Train MSE: 3.403147
Epoch 302/2000 | Train MSE: 3.256220
Epoch 303/2000 | Train MSE: 3.344985
Epoch 304/2000 | Train MSE: 3.039215
Epoch 305/2000 | Train MSE: 3.227768
Epoch 306/2000 | Train MSE: 3.453862
Epoch 307/2000 | Train MSE: 3.222707
Epoch 308/2000 | Train MSE: 3.094740
Epoch 309/2000 | Train MSE: 3.178955
Epoch 310/2000 | Train MSE: 3.107052
Epoch 311/2000 | Train MSE: 3.263623
Epoch 312/2000 | Train MSE: 3.272620
Epoch 313/2000 | Train MSE: 3.388736
Epoch 314/2000 | Train MSE: 3.296821
Epoch 315/2000 | Train MSE: 3.111362
Epoch 316/2000 | Train MSE: 3.044605
Epoch 317/2000 | Train MSE: 3.106333
Epoch 318/2000 | Train MSE: 3.118456
Epoch 319/2000 | Train MSE: 3.065278
Epoch 320/2000 | Train MSE: 3.477222
Epoch 321/2000 | Train MSE: 3.297066
Epoch 322/2000 | Train MSE: 3.214658
Epoch 323/2000 | Train MSE: 2.946640
Epoch 324/2000 | Train MSE: 2.954223
Epoch 325/2000 | Train MSE: 3.094908
Epoch 326/2000 | Train MSE: 3.022668
Epoch 327/2000 | Train MSE: 3.069176
Epoch 328/2000 | Train MSE: 3.043866
Epoch 329/2000 | Train MSE: 3.036827
Epoch 330/2000 | Train MSE: 2.702085
Epoch 331/2000 | Train MSE: 3.060594
Epoch 332/2000 | Train MSE: 3.019962
Epoch 333/2000 | Train MSE: 2.960237
Epoch 334/2000 | Train MSE: 3.193693
Epoch 335/2000 | Train MSE: 2.806741
Epoch 336/2000 | Train MSE: 2.763519
Epoch 337/2000 | Train MSE: 2.908878
Epoch 338/2000 | Train MSE: 2.976310
Epoch 339/2000 | Train MSE: 2.979564
Epoch 340/2000 | Train MSE: 3.002199
Epoch 341/2000 | Train MSE: 2.926783
Epoch 342/2000 | Train MSE: 2.760064
Epoch 343/2000 | Train MSE: 2.969707
Epoch 344/2000 | Train MSE: 2.883406
Epoch 345/2000 | Train MSE: 2.741089
Epoch 346/2000 | Train MSE: 2.847108
Epoch 347/2000 | Train MSE: 2.899936
Epoch 348/2000 | Train MSE: 2.758201
Epoch 349/2000 | Train MSE: 2.917542
Epoch 350/2000 | Train MSE: 2.835449
Epoch 351/2000 | Train MSE: 3.045905
Epoch 352/2000 | Train MSE: 2.812378
Epoch 353/2000 | Train MSE: 2.700097
Epoch 354/2000 | Train MSE: 2.952925
Epoch 355/2000 | Train MSE: 2.731541
Epoch 356/2000 | Train MSE: 2.725022
Epoch 357/2000 | Train MSE: 2.948370
Epoch 358/2000 | Train MSE: 2.894744
Epoch 359/2000 | Train MSE: 2.886609
Epoch 360/2000 | Train MSE: 2.717451
Epoch 361/2000 | Train MSE: 2.925602
Epoch 362/2000 | Train MSE: 2.793830
Epoch 363/2000 | Train MSE: 3.212858
Epoch 364/2000 | Train MSE: 2.599340
Epoch 365/2000 | Train MSE: 2.451538
Epoch 366/2000 | Train MSE: 3.004989
Epoch 367/2000 | Train MSE: 2.802127
Epoch 368/2000 | Train MSE: 2.543606
Epoch 369/2000 | Train MSE: 2.768847
Epoch 370/2000 | Train MSE: 2.895060
Epoch 371/2000 | Train MSE: 2.868862
Epoch 372/2000 | Train MSE: 2.796350
Epoch 373/2000 | Train MSE: 2.542201
Epoch 374/2000 | Train MSE: 2.621984
Epoch 375/2000 | Train MSE: 2.832299
Epoch 376/2000 | Train MSE: 2.623226
Epoch 377/2000 | Train MSE: 2.502787
Epoch 378/2000 | Train MSE: 2.905371
Epoch 379/2000 | Train MSE: 2.692987
Epoch 380/2000 | Train MSE: 2.677860
Epoch 381/2000 | Train MSE: 2.704691
Epoch 382/2000 | Train MSE: 2.541616
Epoch 383/2000 | Train MSE: 2.750717
Epoch 384/2000 | Train MSE: 2.653046
Epoch 385/2000 | Train MSE: 2.690340
Epoch 386/2000 | Train MSE: 2.512055
Epoch 387/2000 | Train MSE: 2.640640
Epoch 388/2000 | Train MSE: 2.620678
Epoch 389/2000 | Train MSE: 2.732263
Epoch 390/2000 | Train MSE: 2.619007
Epoch 391/2000 | Train MSE: 2.633247
Epoch 392/2000 | Train MSE: 2.590676
Epoch 393/2000 | Train MSE: 2.501590
Epoch 394/2000 | Train MSE: 2.448768
Epoch 395/2000 | Train MSE: 2.845212
Epoch 396/2000 | Train MSE: 2.562546
Epoch 397/2000 | Train MSE: 2.401224
Epoch 398/2000 | Train MSE: 2.710472
Epoch 399/2000 | Train MSE: 2.557364
Epoch 400/2000 | Train MSE: 2.642791
Epoch 401/2000 | Train MSE: 2.397192
Epoch 402/2000 | Train MSE: 2.642014
Epoch 403/2000 | Train MSE: 2.399575
Epoch 404/2000 | Train MSE: 2.544790
Epoch 405/2000 | Train MSE: 2.599502
Epoch 406/2000 | Train MSE: 2.454952
Epoch 407/2000 | Train MSE: 2.593318
Epoch 408/2000 | Train MSE: 2.438823
Epoch 409/2000 | Train MSE: 2.358723
Epoch 410/2000 | Train MSE: 2.643662
Epoch 411/2000 | Train MSE: 2.440208
Epoch 412/2000 | Train MSE: 2.549208
Epoch 413/2000 | Train MSE: 2.529460
Epoch 414/2000 | Train MSE: 2.476274
Epoch 415/2000 | Train MSE: 2.624630
Epoch 416/2000 | Train MSE: 2.510994
Epoch 417/2000 | Train MSE: 2.419492
Epoch 418/2000 | Train MSE: 2.383406
Epoch 419/2000 | Train MSE: 2.507095
Epoch 420/2000 | Train MSE: 2.390039
Epoch 421/2000 | Train MSE: 2.495688
Epoch 422/2000 | Train MSE: 2.562381
Epoch 423/2000 | Train MSE: 2.410237
Epoch 424/2000 | Train MSE: 2.426297
Epoch 425/2000 | Train MSE: 2.354694
Epoch 426/2000 | Train MSE: 2.475085
Epoch 427/2000 | Train MSE: 2.504965
Epoch 428/2000 | Train MSE: 4.227992
Epoch 429/2000 | Train MSE: 8.679166
Epoch 430/2000 | Train MSE: 2.464422
Epoch 431/2000 | Train MSE: 1.704387
Epoch 432/2000 | Train MSE: 1.747502
Epoch 433/2000 | Train MSE: 3.769173
Epoch 434/2000 | Train MSE: 2.414026
Epoch 435/2000 | Train MSE: 1.856486
Epoch 436/2000 | Train MSE: 2.586041
Epoch 437/2000 | Train MSE: 2.653519
Epoch 438/2000 | Train MSE: 2.416166
Epoch 439/2000 | Train MSE: 2.509010
Epoch 440/2000 | Train MSE: 2.453973
Epoch 441/2000 | Train MSE: 2.469549
Epoch 442/2000 | Train MSE: 2.405379
Epoch 443/2000 | Train MSE: 2.528790
Epoch 444/2000 | Train MSE: 2.473926
Epoch 445/2000 | Train MSE: 2.306091
Epoch 446/2000 | Train MSE: 2.282002
Epoch 447/2000 | Train MSE: 2.549721
Epoch 448/2000 | Train MSE: 2.286027
Epoch 449/2000 | Train MSE: 2.281298
Epoch 450/2000 | Train MSE: 2.342633
Epoch 451/2000 | Train MSE: 2.395153
Epoch 452/2000 | Train MSE: 2.349313
Epoch 453/2000 | Train MSE: 2.439036
Epoch 454/2000 | Train MSE: 2.349760
Epoch 455/2000 | Train MSE: 2.310802
Epoch 456/2000 | Train MSE: 2.355734
Epoch 457/2000 | Train MSE: 2.431977
Epoch 458/2000 | Train MSE: 2.432715
Epoch 459/2000 | Train MSE: 2.183310
Epoch 460/2000 | Train MSE: 2.299704
Epoch 461/2000 | Train MSE: 2.182901
Epoch 462/2000 | Train MSE: 2.345968
Epoch 463/2000 | Train MSE: 2.367065
Epoch 464/2000 | Train MSE: 2.200834
Epoch 465/2000 | Train MSE: 2.437940
Epoch 466/2000 | Train MSE: 2.319055
Epoch 467/2000 | Train MSE: 2.221226
Epoch 468/2000 | Train MSE: 2.270707
Epoch 469/2000 | Train MSE: 2.247458
Epoch 470/2000 | Train MSE: 2.304009
Epoch 471/2000 | Train MSE: 2.985782
Epoch 472/2000 | Train MSE: 2.305042
Epoch 473/2000 | Train MSE: 2.026294
Epoch 474/2000 | Train MSE: 2.079764
Epoch 475/2000 | Train MSE: 2.404253
Epoch 476/2000 | Train MSE: 2.254134
Epoch 477/2000 | Train MSE: 2.190022
Epoch 478/2000 | Train MSE: 2.191816
Epoch 479/2000 | Train MSE: 2.274202
Epoch 480/2000 | Train MSE: 2.274858
Epoch 481/2000 | Train MSE: 2.339963
Early stopping at epoch 481. Best training loss: 1.704387

Training H4

Epoch 1/2000 | Train MSE: 377.781187
Epoch 2/2000 | Train MSE: 247.861723
Epoch 3/2000 | Train MSE: 204.654046
Epoch 4/2000 | Train MSE: 182.252130
Epoch 5/2000 | Train MSE: 167.408722
Epoch 6/2000 | Train MSE: 153.221668
Epoch 7/2000 | Train MSE: 145.716075
Epoch 8/2000 | Train MSE: 141.848210
Epoch 9/2000 | Train MSE: 133.758944
Epoch 10/2000 | Train MSE: 124.915614
Epoch 11/2000 | Train MSE: 120.611917
Epoch 12/2000 | Train MSE: 115.031253
Epoch 13/2000 | Train MSE: 110.225011
Epoch 14/2000 | Train MSE: 103.359047
Epoch 15/2000 | Train MSE: 99.155878
Epoch 16/2000 | Train MSE: 92.902142
Epoch 17/2000 | Train MSE: 90.207272
Epoch 18/2000 | Train MSE: 86.478041
Epoch 19/2000 | Train MSE: 82.595222
Epoch 20/2000 | Train MSE: 76.895176
Epoch 21/2000 | Train MSE: 75.278670
Epoch 22/2000 | Train MSE: 73.536025
Epoch 23/2000 | Train MSE: 69.304354
Epoch 24/2000 | Train MSE: 67.971839
Epoch 25/2000 | Train MSE: 64.867619
Epoch 26/2000 | Train MSE: 62.642135
Epoch 27/2000 | Train MSE: 59.898039
Epoch 28/2000 | Train MSE: 57.867642
Epoch 29/2000 | Train MSE: 54.900941
Epoch 30/2000 | Train MSE: 53.453840
Epoch 31/2000 | Train MSE: 51.734556
Epoch 32/2000 | Train MSE: 48.818437
Epoch 33/2000 | Train MSE: 48.031593
Epoch 34/2000 | Train MSE: 47.462315
Epoch 35/2000 | Train MSE: 44.742605
Epoch 36/2000 | Train MSE: 43.425461
Epoch 37/2000 | Train MSE: 42.194524
Epoch 38/2000 | Train MSE: 40.977277
Epoch 39/2000 | Train MSE: 39.781854
Epoch 40/2000 | Train MSE: 38.779980
Epoch 41/2000 | Train MSE: 36.583010
Epoch 42/2000 | Train MSE: 36.443440
Epoch 43/2000 | Train MSE: 34.743597
Epoch 44/2000 | Train MSE: 34.955164
Epoch 45/2000 | Train MSE: 32.451702
Epoch 46/2000 | Train MSE: 32.919753
Epoch 47/2000 | Train MSE: 31.354888
Epoch 48/2000 | Train MSE: 30.432349
Epoch 49/2000 | Train MSE: 30.147291
Epoch 50/2000 | Train MSE: 28.570472
Epoch 51/2000 | Train MSE: 29.279280
Epoch 52/2000 | Train MSE: 27.118473
Epoch 53/2000 | Train MSE: 26.931239
Epoch 54/2000 | Train MSE: 26.558826
Epoch 55/2000 | Train MSE: 26.301424
Epoch 56/2000 | Train MSE: 24.685950
Epoch 57/2000 | Train MSE: 24.590923
Epoch 58/2000 | Train MSE: 24.558747
Epoch 59/2000 | Train MSE: 24.179712
Epoch 60/2000 | Train MSE: 23.501697
Epoch 61/2000 | Train MSE: 23.250061
Epoch 62/2000 | Train MSE: 21.901049
Epoch 63/2000 | Train MSE: 21.740492
Epoch 64/2000 | Train MSE: 21.353601
Epoch 65/2000 | Train MSE: 20.842822
Epoch 66/2000 | Train MSE: 20.087780
Epoch 67/2000 | Train MSE: 20.424378
Epoch 68/2000 | Train MSE: 19.945268
Epoch 69/2000 | Train MSE: 19.043541
Epoch 70/2000 | Train MSE: 18.659450
Epoch 71/2000 | Train MSE: 18.936356
Epoch 72/2000 | Train MSE: 18.696026
Epoch 73/2000 | Train MSE: 17.236515
Epoch 74/2000 | Train MSE: 17.695507
Epoch 75/2000 | Train MSE: 17.446548
Epoch 76/2000 | Train MSE: 16.402666
Epoch 77/2000 | Train MSE: 15.815171
Epoch 78/2000 | Train MSE: 16.591598
Epoch 79/2000 | Train MSE: 16.108403
Epoch 80/2000 | Train MSE: 15.483929
Epoch 81/2000 | Train MSE: 15.540281
Epoch 82/2000 | Train MSE: 14.864589
Epoch 83/2000 | Train MSE: 15.022210
Epoch 84/2000 | Train MSE: 14.725598
Epoch 85/2000 | Train MSE: 14.967706
Epoch 86/2000 | Train MSE: 14.089684
Epoch 87/2000 | Train MSE: 13.850073
Epoch 88/2000 | Train MSE: 14.245565
Epoch 89/2000 | Train MSE: 13.440784
Epoch 90/2000 | Train MSE: 13.216337
Epoch 91/2000 | Train MSE: 13.512219
Epoch 92/2000 | Train MSE: 13.352492
Epoch 93/2000 | Train MSE: 13.184996
Epoch 94/2000 | Train MSE: 12.622140
Epoch 95/2000 | Train MSE: 12.444267
Epoch 96/2000 | Train MSE: 12.687698
Epoch 97/2000 | Train MSE: 12.122736
Epoch 98/2000 | Train MSE: 12.589710
Epoch 99/2000 | Train MSE: 12.246943
Epoch 100/2000 | Train MSE: 11.794311
Epoch 101/2000 | Train MSE: 22.611745
Epoch 102/2000 | Train MSE: 12.864499
Epoch 103/2000 | Train MSE: 9.338192
Epoch 104/2000 | Train MSE: 9.125663
Epoch 105/2000 | Train MSE: 10.212954
Epoch 106/2000 | Train MSE: 10.974352
Epoch 107/2000 | Train MSE: 10.893900
Epoch 108/2000 | Train MSE: 10.531534
Epoch 109/2000 | Train MSE: 11.267315
Epoch 110/2000 | Train MSE: 10.756329
Epoch 111/2000 | Train MSE: 10.972726
Epoch 112/2000 | Train MSE: 10.178813
Epoch 113/2000 | Train MSE: 10.838639
Epoch 114/2000 | Train MSE: 9.718874
Epoch 115/2000 | Train MSE: 10.326050
Epoch 116/2000 | Train MSE: 9.355297
Epoch 117/2000 | Train MSE: 10.771403
Epoch 118/2000 | Train MSE: 9.312239
Epoch 119/2000 | Train MSE: 10.001886
Epoch 120/2000 | Train MSE: 8.743011
Epoch 121/2000 | Train MSE: 9.270896
Epoch 122/2000 | Train MSE: 9.887896
Epoch 123/2000 | Train MSE: 8.876876
Epoch 124/2000 | Train MSE: 9.125005
Epoch 125/2000 | Train MSE: 8.632958
Epoch 126/2000 | Train MSE: 8.882565
Epoch 127/2000 | Train MSE: 9.075624
Epoch 128/2000 | Train MSE: 8.134761
Epoch 129/2000 | Train MSE: 8.315683
Epoch 130/2000 | Train MSE: 8.554629
Epoch 131/2000 | Train MSE: 8.294526
Epoch 132/2000 | Train MSE: 8.264618
Epoch 133/2000 | Train MSE: 8.528420
Epoch 134/2000 | Train MSE: 8.350642
Epoch 135/2000 | Train MSE: 8.390143
Epoch 136/2000 | Train MSE: 8.051901
Epoch 137/2000 | Train MSE: 7.361049
Epoch 138/2000 | Train MSE: 7.608700
Epoch 139/2000 | Train MSE: 8.205761
Epoch 140/2000 | Train MSE: 7.595741
Epoch 141/2000 | Train MSE: 7.578816
Epoch 142/2000 | Train MSE: 7.527953
Epoch 143/2000 | Train MSE: 7.190547
Epoch 144/2000 | Train MSE: 7.584929
Epoch 145/2000 | Train MSE: 7.263237
Epoch 146/2000 | Train MSE: 7.315086
Epoch 147/2000 | Train MSE: 7.610332
Epoch 148/2000 | Train MSE: 7.111449
Epoch 149/2000 | Train MSE: 7.280621
Epoch 150/2000 | Train MSE: 6.710968
Epoch 151/2000 | Train MSE: 6.908571
Epoch 152/2000 | Train MSE: 7.081574
Epoch 153/2000 | Train MSE: 6.661380
Epoch 154/2000 | Train MSE: 7.063875
Epoch 155/2000 | Train MSE: 6.542067
Epoch 156/2000 | Train MSE: 6.628180
Epoch 157/2000 | Train MSE: 8.184623
Epoch 158/2000 | Train MSE: 6.326798
Epoch 159/2000 | Train MSE: 6.120568
Epoch 160/2000 | Train MSE: 6.536845
Epoch 161/2000 | Train MSE: 6.415969
Epoch 162/2000 | Train MSE: 6.415937
Epoch 163/2000 | Train MSE: 6.111552
Epoch 164/2000 | Train MSE: 6.245001
Epoch 165/2000 | Train MSE: 5.935382
Epoch 166/2000 | Train MSE: 6.181933
Epoch 167/2000 | Train MSE: 6.280153
Epoch 168/2000 | Train MSE: 6.042053
Epoch 169/2000 | Train MSE: 5.950825
Epoch 170/2000 | Train MSE: 6.207530
Epoch 171/2000 | Train MSE: 5.799696
Epoch 172/2000 | Train MSE: 5.682032
Epoch 173/2000 | Train MSE: 6.084198
Epoch 174/2000 | Train MSE: 5.831807
Epoch 175/2000 | Train MSE: 5.950018
Epoch 176/2000 | Train MSE: 5.549617
Epoch 177/2000 | Train MSE: 5.820963
Epoch 178/2000 | Train MSE: 5.653311
Epoch 179/2000 | Train MSE: 5.577750
Epoch 180/2000 | Train MSE: 5.278981
Epoch 181/2000 | Train MSE: 5.861029
Epoch 182/2000 | Train MSE: 5.146798
Epoch 183/2000 | Train MSE: 5.516012
Epoch 184/2000 | Train MSE: 5.317884
Epoch 185/2000 | Train MSE: 5.646194
Epoch 186/2000 | Train MSE: 5.234141
Epoch 187/2000 | Train MSE: 5.459978
Epoch 188/2000 | Train MSE: 5.076349
Epoch 189/2000 | Train MSE: 5.139695
Epoch 190/2000 | Train MSE: 5.463937
Epoch 191/2000 | Train MSE: 5.078400
Epoch 192/2000 | Train MSE: 5.452595
Epoch 193/2000 | Train MSE: 5.365037
Epoch 194/2000 | Train MSE: 4.946216
Epoch 195/2000 | Train MSE: 5.062103
Epoch 196/2000 | Train MSE: 9.626378
Epoch 197/2000 | Train MSE: 4.133781
Epoch 198/2000 | Train MSE: 3.789236
Epoch 199/2000 | Train MSE: 4.729705
Epoch 200/2000 | Train MSE: 5.221440
Epoch 201/2000 | Train MSE: 4.800841
Epoch 202/2000 | Train MSE: 4.986678
Epoch 203/2000 | Train MSE: 5.077699
Epoch 204/2000 | Train MSE: 4.794139
Epoch 205/2000 | Train MSE: 5.301068
Epoch 206/2000 | Train MSE: 4.706289
Epoch 207/2000 | Train MSE: 4.896673
Epoch 208/2000 | Train MSE: 4.737750
Epoch 209/2000 | Train MSE: 4.957870
Epoch 210/2000 | Train MSE: 4.466242
Epoch 211/2000 | Train MSE: 4.613332
Epoch 212/2000 | Train MSE: 4.656783
Epoch 213/2000 | Train MSE: 4.618018
Epoch 214/2000 | Train MSE: 4.492734
Epoch 215/2000 | Train MSE: 4.690637
Epoch 216/2000 | Train MSE: 4.590485
Epoch 217/2000 | Train MSE: 4.357469
Epoch 218/2000 | Train MSE: 4.813442
Epoch 219/2000 | Train MSE: 4.581352
Epoch 220/2000 | Train MSE: 4.348300
Epoch 221/2000 | Train MSE: 4.382273
Epoch 222/2000 | Train MSE: 4.447994
Epoch 223/2000 | Train MSE: 4.093478
Epoch 224/2000 | Train MSE: 4.440094
Epoch 225/2000 | Train MSE: 4.073654
Epoch 226/2000 | Train MSE: 4.441073
Epoch 227/2000 | Train MSE: 4.419065
Epoch 228/2000 | Train MSE: 4.148315
Epoch 229/2000 | Train MSE: 4.078400
Epoch 230/2000 | Train MSE: 3.914323
Epoch 231/2000 | Train MSE: 4.110511
Epoch 232/2000 | Train MSE: 4.414181
Epoch 233/2000 | Train MSE: 4.095438
Epoch 234/2000 | Train MSE: 4.266278
Epoch 235/2000 | Train MSE: 3.931113
Epoch 236/2000 | Train MSE: 3.977547
Epoch 237/2000 | Train MSE: 4.130676
Epoch 238/2000 | Train MSE: 4.357335
Epoch 239/2000 | Train MSE: 3.902619
Epoch 240/2000 | Train MSE: 4.082916
Epoch 241/2000 | Train MSE: 4.179949
Epoch 242/2000 | Train MSE: 4.141224
Epoch 243/2000 | Train MSE: 3.972831
Epoch 244/2000 | Train MSE: 4.176739
Epoch 245/2000 | Train MSE: 3.774734
Epoch 246/2000 | Train MSE: 4.196251
Epoch 247/2000 | Train MSE: 3.812097
Epoch 248/2000 | Train MSE: 3.710083
Epoch 249/2000 | Train MSE: 4.079670
Epoch 250/2000 | Train MSE: 4.105070
Epoch 251/2000 | Train MSE: 4.075283
Epoch 252/2000 | Train MSE: 47.866624
Epoch 253/2000 | Train MSE: 5.627432
Epoch 254/2000 | Train MSE: 3.161368
Epoch 255/2000 | Train MSE: 2.688019
Epoch 256/2000 | Train MSE: 2.729242
Epoch 257/2000 | Train MSE: 2.962147
Epoch 258/2000 | Train MSE: 3.330874
Epoch 259/2000 | Train MSE: 3.845598
Epoch 260/2000 | Train MSE: 4.162968
Epoch 261/2000 | Train MSE: 3.907111
Epoch 262/2000 | Train MSE: 3.823288
Epoch 263/2000 | Train MSE: 3.787989
Epoch 264/2000 | Train MSE: 3.910119
Epoch 265/2000 | Train MSE: 3.639025
Epoch 266/2000 | Train MSE: 3.940878
Epoch 267/2000 | Train MSE: 3.872576
Epoch 268/2000 | Train MSE: 3.637076
Epoch 269/2000 | Train MSE: 3.626068
Epoch 270/2000 | Train MSE: 3.819454
Epoch 271/2000 | Train MSE: 3.565029
Epoch 272/2000 | Train MSE: 3.779523
Epoch 273/2000 | Train MSE: 3.386510
Epoch 274/2000 | Train MSE: 3.670913
Epoch 275/2000 | Train MSE: 3.633263
Epoch 276/2000 | Train MSE: 3.411269
Epoch 277/2000 | Train MSE: 3.453333
Epoch 278/2000 | Train MSE: 3.632250
Epoch 279/2000 | Train MSE: 3.507968
Epoch 280/2000 | Train MSE: 3.350617
Epoch 281/2000 | Train MSE: 3.467155
Epoch 282/2000 | Train MSE: 3.640074
Epoch 283/2000 | Train MSE: 3.379002
Epoch 284/2000 | Train MSE: 3.445159
Epoch 285/2000 | Train MSE: 3.493684
Epoch 286/2000 | Train MSE: 3.401509
Epoch 287/2000 | Train MSE: 3.499757
Epoch 288/2000 | Train MSE: 3.514091
Epoch 289/2000 | Train MSE: 3.399076
Epoch 290/2000 | Train MSE: 3.337830
Epoch 291/2000 | Train MSE: 3.690437
Epoch 292/2000 | Train MSE: 3.071202
Epoch 293/2000 | Train MSE: 3.268072
Epoch 294/2000 | Train MSE: 3.223583
Epoch 295/2000 | Train MSE: 3.226023
Epoch 296/2000 | Train MSE: 3.292969
Epoch 297/2000 | Train MSE: 3.338686
Epoch 298/2000 | Train MSE: 2.959557
Epoch 299/2000 | Train MSE: 3.108206
Epoch 300/2000 | Train MSE: 3.381901
Epoch 301/2000 | Train MSE: 3.465817
Epoch 302/2000 | Train MSE: 3.176989
Epoch 303/2000 | Train MSE: 3.173060
Epoch 304/2000 | Train MSE: 3.317641
Epoch 305/2000 | Train MSE: 3.751994
Early stopping at epoch 305. Best training loss: 2.688019

Training H5

Epoch 1/2000 | Train MSE: 389.225785
Epoch 2/2000 | Train MSE: 257.850649
Epoch 3/2000 | Train MSE: 210.066285
Epoch 4/2000 | Train MSE: 184.227754
Epoch 5/2000 | Train MSE: 170.510558
Epoch 6/2000 | Train MSE: 156.007487
Epoch 7/2000 | Train MSE: 148.457749
Epoch 8/2000 | Train MSE: 140.336187
Epoch 9/2000 | Train MSE: 133.635393
Epoch 10/2000 | Train MSE: 127.349622
Epoch 11/2000 | Train MSE: 121.529890
Epoch 12/2000 | Train MSE: 117.451038
Epoch 13/2000 | Train MSE: 111.194071
Epoch 14/2000 | Train MSE: 104.776004
Epoch 15/2000 | Train MSE: 101.453851
Epoch 16/2000 | Train MSE: 97.726152
Epoch 17/2000 | Train MSE: 90.784786
Epoch 18/2000 | Train MSE: 88.023544
Epoch 19/2000 | Train MSE: 86.278723
Epoch 20/2000 | Train MSE: 81.417481
Epoch 21/2000 | Train MSE: 77.959037
Epoch 22/2000 | Train MSE: 76.841725
Epoch 23/2000 | Train MSE: 73.251522
Epoch 24/2000 | Train MSE: 71.374525
Epoch 25/2000 | Train MSE: 65.809479
Epoch 26/2000 | Train MSE: 65.986168
Epoch 27/2000 | Train MSE: 62.422377
Epoch 28/2000 | Train MSE: 59.901816
Epoch 29/2000 | Train MSE: 58.562732
Epoch 30/2000 | Train MSE: 54.939423
Epoch 31/2000 | Train MSE: 54.131232
Epoch 32/2000 | Train MSE: 52.658422
Epoch 33/2000 | Train MSE: 50.430985
Epoch 34/2000 | Train MSE: 49.334539
Epoch 35/2000 | Train MSE: 46.997947
Epoch 36/2000 | Train MSE: 46.783578
Epoch 37/2000 | Train MSE: 44.323856
Epoch 38/2000 | Train MSE: 42.498459
Epoch 39/2000 | Train MSE: 41.579071
Epoch 40/2000 | Train MSE: 41.077786
Epoch 41/2000 | Train MSE: 38.222917
Epoch 42/2000 | Train MSE: 38.238772
Epoch 43/2000 | Train MSE: 36.940602
Epoch 44/2000 | Train MSE: 35.703132
Epoch 45/2000 | Train MSE: 34.174969
Epoch 46/2000 | Train MSE: 34.013262
Epoch 47/2000 | Train MSE: 33.095302
Epoch 48/2000 | Train MSE: 31.606660
Epoch 49/2000 | Train MSE: 30.685817
Epoch 50/2000 | Train MSE: 29.845260
Epoch 51/2000 | Train MSE: 28.430692
Epoch 52/2000 | Train MSE: 29.143260
Epoch 53/2000 | Train MSE: 28.495518
Epoch 54/2000 | Train MSE: 27.614627
Epoch 55/2000 | Train MSE: 26.756780
Epoch 56/2000 | Train MSE: 26.456605
Epoch 57/2000 | Train MSE: 25.177636
Epoch 58/2000 | Train MSE: 25.684498
Epoch 59/2000 | Train MSE: 23.996088
Epoch 60/2000 | Train MSE: 24.658896
Epoch 61/2000 | Train MSE: 23.807713
Epoch 62/2000 | Train MSE: 22.755180
Epoch 63/2000 | Train MSE: 21.472836
Epoch 64/2000 | Train MSE: 21.699802
Epoch 65/2000 | Train MSE: 22.011427
Epoch 66/2000 | Train MSE: 20.262974
Epoch 67/2000 | Train MSE: 20.648190
Epoch 68/2000 | Train MSE: 20.143857
Epoch 69/2000 | Train MSE: 20.776547
Epoch 70/2000 | Train MSE: 19.852413
Epoch 71/2000 | Train MSE: 18.625517
Epoch 72/2000 | Train MSE: 19.396654
Epoch 73/2000 | Train MSE: 18.126842
Epoch 74/2000 | Train MSE: 17.025479
Epoch 75/2000 | Train MSE: 17.734565
Epoch 76/2000 | Train MSE: 17.684615
Epoch 77/2000 | Train MSE: 16.727893
Epoch 78/2000 | Train MSE: 17.180392
Epoch 79/2000 | Train MSE: 16.483419
Epoch 80/2000 | Train MSE: 16.806928
Epoch 81/2000 | Train MSE: 16.106863
Epoch 82/2000 | Train MSE: 15.518725
Epoch 83/2000 | Train MSE: 15.296148
Epoch 84/2000 | Train MSE: 15.202082
Epoch 85/2000 | Train MSE: 14.750980
Epoch 86/2000 | Train MSE: 14.165726
Epoch 87/2000 | Train MSE: 14.632765
Epoch 88/2000 | Train MSE: 14.159786
Epoch 89/2000 | Train MSE: 14.248264
Epoch 90/2000 | Train MSE: 13.482482
Epoch 91/2000 | Train MSE: 13.809944
Epoch 92/2000 | Train MSE: 13.960719
Epoch 93/2000 | Train MSE: 13.546355
Epoch 94/2000 | Train MSE: 13.048086
Epoch 95/2000 | Train MSE: 12.765690
Epoch 96/2000 | Train MSE: 12.700350
Epoch 97/2000 | Train MSE: 12.677860
Epoch 98/2000 | Train MSE: 12.200427
Epoch 99/2000 | Train MSE: 11.897109
Epoch 100/2000 | Train MSE: 12.092265
Epoch 101/2000 | Train MSE: 11.789266
Epoch 102/2000 | Train MSE: 11.515824
Epoch 103/2000 | Train MSE: 11.538712
Epoch 104/2000 | Train MSE: 10.876813
Epoch 105/2000 | Train MSE: 11.012297
Epoch 106/2000 | Train MSE: 11.434767
Epoch 107/2000 | Train MSE: 11.166231
Epoch 108/2000 | Train MSE: 10.974289
Epoch 109/2000 | Train MSE: 10.449693
Epoch 110/2000 | Train MSE: 10.820497
Epoch 111/2000 | Train MSE: 10.369843
Epoch 112/2000 | Train MSE: 9.905332
Epoch 113/2000 | Train MSE: 10.088623
Epoch 114/2000 | Train MSE: 10.183720
Epoch 115/2000 | Train MSE: 10.295959
Epoch 116/2000 | Train MSE: 10.238174
Epoch 117/2000 | Train MSE: 9.524682
Epoch 118/2000 | Train MSE: 10.052218
Epoch 119/2000 | Train MSE: 9.408257
Epoch 120/2000 | Train MSE: 9.143945
Epoch 121/2000 | Train MSE: 9.582657
Epoch 122/2000 | Train MSE: 9.065299
Epoch 123/2000 | Train MSE: 8.545258
Epoch 124/2000 | Train MSE: 9.398422
Epoch 125/2000 | Train MSE: 9.154014
Epoch 126/2000 | Train MSE: 9.060378
Epoch 127/2000 | Train MSE: 8.461720
Epoch 128/2000 | Train MSE: 9.176828
Epoch 129/2000 | Train MSE: 8.262498
Epoch 130/2000 | Train MSE: 9.224169
Epoch 131/2000 | Train MSE: 8.259316
Epoch 132/2000 | Train MSE: 8.348315
Epoch 133/2000 | Train MSE: 8.293577
Epoch 134/2000 | Train MSE: 8.103442
Epoch 135/2000 | Train MSE: 8.305402
Epoch 136/2000 | Train MSE: 7.928841
Epoch 137/2000 | Train MSE: 8.158179
Epoch 138/2000 | Train MSE: 8.421129
Epoch 139/2000 | Train MSE: 7.377696
Epoch 140/2000 | Train MSE: 7.872131
Epoch 141/2000 | Train MSE: 7.554626
Epoch 142/2000 | Train MSE: 7.930029
Epoch 143/2000 | Train MSE: 7.215384
Epoch 144/2000 | Train MSE: 7.560491
Epoch 145/2000 | Train MSE: 7.390025
Epoch 146/2000 | Train MSE: 7.367032
Epoch 147/2000 | Train MSE: 7.690285
Epoch 148/2000 | Train MSE: 6.903794
Epoch 149/2000 | Train MSE: 7.039246
Epoch 150/2000 | Train MSE: 7.134188
Epoch 151/2000 | Train MSE: 7.244961
Epoch 152/2000 | Train MSE: 6.915863
Epoch 153/2000 | Train MSE: 6.946566
Epoch 154/2000 | Train MSE: 6.841449
Epoch 155/2000 | Train MSE: 7.267414
Epoch 156/2000 | Train MSE: 6.620770
Epoch 157/2000 | Train MSE: 6.601056
Epoch 158/2000 | Train MSE: 6.735224
Epoch 159/2000 | Train MSE: 6.479558
Epoch 160/2000 | Train MSE: 6.837648
Epoch 161/2000 | Train MSE: 6.430259
Epoch 162/2000 | Train MSE: 6.397064
Epoch 163/2000 | Train MSE: 6.240077
Epoch 164/2000 | Train MSE: 6.627400
Epoch 165/2000 | Train MSE: 6.284978
Epoch 166/2000 | Train MSE: 6.184743
Epoch 167/2000 | Train MSE: 6.062854
Epoch 168/2000 | Train MSE: 6.055409
Epoch 169/2000 | Train MSE: 6.222112
Epoch 170/2000 | Train MSE: 6.058640
Epoch 171/2000 | Train MSE: 5.967875
Epoch 172/2000 | Train MSE: 6.035249
Epoch 173/2000 | Train MSE: 5.901117
Epoch 174/2000 | Train MSE: 5.861033
Epoch 175/2000 | Train MSE: 5.878106
Epoch 176/2000 | Train MSE: 5.932085
Epoch 177/2000 | Train MSE: 5.991501
Epoch 178/2000 | Train MSE: 5.858782
Epoch 179/2000 | Train MSE: 5.491437
Epoch 180/2000 | Train MSE: 5.999606
Epoch 181/2000 | Train MSE: 5.541771
Epoch 182/2000 | Train MSE: 5.164872
Epoch 183/2000 | Train MSE: 5.658167
Epoch 184/2000 | Train MSE: 5.510930
Epoch 185/2000 | Train MSE: 5.252218
Epoch 186/2000 | Train MSE: 5.428813
Epoch 187/2000 | Train MSE: 5.322852
Epoch 188/2000 | Train MSE: 5.436311
Epoch 189/2000 | Train MSE: 5.159322
Epoch 190/2000 | Train MSE: 5.208003
Epoch 191/2000 | Train MSE: 5.194955
Epoch 192/2000 | Train MSE: 5.248113
Epoch 193/2000 | Train MSE: 5.143683
Epoch 194/2000 | Train MSE: 5.119709
Epoch 195/2000 | Train MSE: 5.161747
Epoch 196/2000 | Train MSE: 5.080976
Epoch 197/2000 | Train MSE: 5.042870
Epoch 198/2000 | Train MSE: 5.157269
Epoch 199/2000 | Train MSE: 5.032239
Epoch 200/2000 | Train MSE: 4.983008
Epoch 201/2000 | Train MSE: 5.184062
Epoch 202/2000 | Train MSE: 5.225140
Epoch 203/2000 | Train MSE: 4.794899
Epoch 204/2000 | Train MSE: 4.746218
Epoch 205/2000 | Train MSE: 4.929250
Epoch 206/2000 | Train MSE: 4.962357
Epoch 207/2000 | Train MSE: 5.133419
Epoch 208/2000 | Train MSE: 4.681742
Epoch 209/2000 | Train MSE: 4.857518
Epoch 210/2000 | Train MSE: 4.648977
Epoch 211/2000 | Train MSE: 4.674609
Epoch 212/2000 | Train MSE: 4.783573
Epoch 213/2000 | Train MSE: 4.732938
Epoch 214/2000 | Train MSE: 4.685289
Epoch 215/2000 | Train MSE: 4.605533
Epoch 216/2000 | Train MSE: 4.814506
Epoch 217/2000 | Train MSE: 4.745031
Epoch 218/2000 | Train MSE: 4.794640
Epoch 219/2000 | Train MSE: 4.382441
Epoch 220/2000 | Train MSE: 4.535801
Epoch 221/2000 | Train MSE: 4.747755
Epoch 222/2000 | Train MSE: 4.393019
Epoch 223/2000 | Train MSE: 4.687456
Epoch 224/2000 | Train MSE: 4.284934
Epoch 225/2000 | Train MSE: 4.370347
Epoch 226/2000 | Train MSE: 4.564913
Epoch 227/2000 | Train MSE: 4.552789
Epoch 228/2000 | Train MSE: 4.220716
Epoch 229/2000 | Train MSE: 4.332168
Epoch 230/2000 | Train MSE: 4.231240
Epoch 231/2000 | Train MSE: 4.220495
Epoch 232/2000 | Train MSE: 4.480195
Epoch 233/2000 | Train MSE: 4.265306
Epoch 234/2000 | Train MSE: 4.284338
Epoch 235/2000 | Train MSE: 4.530669
Epoch 236/2000 | Train MSE: 4.359769
Epoch 237/2000 | Train MSE: 4.050603
Epoch 238/2000 | Train MSE: 4.288806
Epoch 239/2000 | Train MSE: 3.980219
Epoch 240/2000 | Train MSE: 4.104421
Epoch 241/2000 | Train MSE: 4.218872
Epoch 242/2000 | Train MSE: 4.237975
Epoch 243/2000 | Train MSE: 4.366274
Epoch 244/2000 | Train MSE: 3.958298
Epoch 245/2000 | Train MSE: 3.943217
Epoch 246/2000 | Train MSE: 4.142383
Epoch 247/2000 | Train MSE: 4.072440
Epoch 248/2000 | Train MSE: 3.732999
Epoch 249/2000 | Train MSE: 4.246136
Epoch 250/2000 | Train MSE: 3.985433
Epoch 251/2000 | Train MSE: 4.068606
Epoch 252/2000 | Train MSE: 3.845391
Epoch 253/2000 | Train MSE: 4.103816
Epoch 254/2000 | Train MSE: 4.272311
Epoch 255/2000 | Train MSE: 3.910124
Epoch 256/2000 | Train MSE: 3.724483
Epoch 257/2000 | Train MSE: 3.834064
Epoch 258/2000 | Train MSE: 4.147061
Epoch 259/2000 | Train MSE: 3.862686
Epoch 260/2000 | Train MSE: 3.820190
Epoch 261/2000 | Train MSE: 3.819487
Epoch 262/2000 | Train MSE: 3.656428
Epoch 263/2000 | Train MSE: 4.058183
Epoch 264/2000 | Train MSE: 3.661547
Epoch 265/2000 | Train MSE: 3.681962
Epoch 266/2000 | Train MSE: 3.883856
Epoch 267/2000 | Train MSE: 3.728902
Epoch 268/2000 | Train MSE: 3.793354
Epoch 269/2000 | Train MSE: 3.845652
Epoch 270/2000 | Train MSE: 3.567458
Epoch 271/2000 | Train MSE: 3.569838
Epoch 272/2000 | Train MSE: 3.835157
Epoch 273/2000 | Train MSE: 3.654976
Epoch 274/2000 | Train MSE: 3.572503
Epoch 275/2000 | Train MSE: 3.626392
Epoch 276/2000 | Train MSE: 3.556647
Epoch 277/2000 | Train MSE: 3.549803
Epoch 278/2000 | Train MSE: 4.018355
Epoch 279/2000 | Train MSE: 3.330989
Epoch 280/2000 | Train MSE: 3.541975
Epoch 281/2000 | Train MSE: 3.863226
Epoch 282/2000 | Train MSE: 3.356931
Epoch 283/2000 | Train MSE: 3.581274
Epoch 284/2000 | Train MSE: 3.405871
Epoch 285/2000 | Train MSE: 3.544957
Epoch 286/2000 | Train MSE: 3.576453
Epoch 287/2000 | Train MSE: 3.370234
Epoch 288/2000 | Train MSE: 3.417941
Epoch 289/2000 | Train MSE: 3.179215
Epoch 290/2000 | Train MSE: 3.369990
Epoch 291/2000 | Train MSE: 3.611655
Epoch 292/2000 | Train MSE: 3.533355
Epoch 293/2000 | Train MSE: 3.457092
Epoch 294/2000 | Train MSE: 3.249717
Epoch 295/2000 | Train MSE: 3.423915
Epoch 296/2000 | Train MSE: 3.619688
Epoch 297/2000 | Train MSE: 3.281794
Epoch 298/2000 | Train MSE: 3.239337
Epoch 299/2000 | Train MSE: 3.486811
Epoch 300/2000 | Train MSE: 3.373828
Epoch 301/2000 | Train MSE: 3.185013
Epoch 302/2000 | Train MSE: 3.348601
Epoch 303/2000 | Train MSE: 3.335637
Epoch 304/2000 | Train MSE: 3.231939
Epoch 305/2000 | Train MSE: 3.344176
Epoch 306/2000 | Train MSE: 3.369190
Epoch 307/2000 | Train MSE: 4.133049
Epoch 308/2000 | Train MSE: 3.119181
Epoch 309/2000 | Train MSE: 3.106051
Epoch 310/2000 | Train MSE: 3.475446
Epoch 311/2000 | Train MSE: 3.323395
Epoch 312/2000 | Train MSE: 3.134246
Epoch 313/2000 | Train MSE: 3.265157
Epoch 314/2000 | Train MSE: 3.218454
Epoch 315/2000 | Train MSE: 3.264401
Epoch 316/2000 | Train MSE: 3.338443
Epoch 317/2000 | Train MSE: 3.192071
Epoch 318/2000 | Train MSE: 2.885537
Epoch 319/2000 | Train MSE: 3.253237
Epoch 320/2000 | Train MSE: 3.279666
Epoch 321/2000 | Train MSE: 3.131329
Epoch 322/2000 | Train MSE: 3.060288
Epoch 323/2000 | Train MSE: 3.398445
Epoch 324/2000 | Train MSE: 3.057669
Epoch 325/2000 | Train MSE: 2.940044
Epoch 326/2000 | Train MSE: 3.164870
Epoch 327/2000 | Train MSE: 3.176644
Epoch 328/2000 | Train MSE: 3.043020
Epoch 329/2000 | Train MSE: 3.047367
Epoch 330/2000 | Train MSE: 3.091586
Epoch 331/2000 | Train MSE: 3.078192
Epoch 332/2000 | Train MSE: 2.832573
Epoch 333/2000 | Train MSE: 3.034175
Epoch 334/2000 | Train MSE: 3.202927
Epoch 335/2000 | Train MSE: 2.968030
Epoch 336/2000 | Train MSE: 2.966465
Epoch 337/2000 | Train MSE: 3.107893
Epoch 338/2000 | Train MSE: 2.891059
Epoch 339/2000 | Train MSE: 2.943446
Epoch 340/2000 | Train MSE: 2.962290
Epoch 341/2000 | Train MSE: 3.092489
Epoch 342/2000 | Train MSE: 2.965260
Epoch 343/2000 | Train MSE: 2.831881
Epoch 344/2000 | Train MSE: 3.152572
Epoch 345/2000 | Train MSE: 2.908836
Epoch 346/2000 | Train MSE: 2.810820
Epoch 347/2000 | Train MSE: 2.936857
Epoch 348/2000 | Train MSE: 2.868464
Epoch 349/2000 | Train MSE: 2.822049
Epoch 350/2000 | Train MSE: 2.975886
Epoch 351/2000 | Train MSE: 2.997552
Epoch 352/2000 | Train MSE: 2.821127
Epoch 353/2000 | Train MSE: 2.892216
Epoch 354/2000 | Train MSE: 2.936935
Epoch 355/2000 | Train MSE: 2.854229
Epoch 356/2000 | Train MSE: 2.858538
Epoch 357/2000 | Train MSE: 2.919411
Epoch 358/2000 | Train MSE: 2.828272
Epoch 359/2000 | Train MSE: 2.763378
Epoch 360/2000 | Train MSE: 2.607324
Epoch 361/2000 | Train MSE: 3.099618
Epoch 362/2000 | Train MSE: 2.851721
Epoch 363/2000 | Train MSE: 2.930787
Epoch 364/2000 | Train MSE: 2.622028
Epoch 365/2000 | Train MSE: 2.654636
Epoch 366/2000 | Train MSE: 2.873538
Epoch 367/2000 | Train MSE: 3.024450
Epoch 368/2000 | Train MSE: 2.631352
Epoch 369/2000 | Train MSE: 2.897016
Epoch 370/2000 | Train MSE: 2.575068
Epoch 371/2000 | Train MSE: 3.388041
Epoch 372/2000 | Train MSE: 2.538148
Epoch 373/2000 | Train MSE: 2.657605
Epoch 374/2000 | Train MSE: 2.616458
Epoch 375/2000 | Train MSE: 2.830725
Epoch 376/2000 | Train MSE: 2.785431
Epoch 377/2000 | Train MSE: 2.891284
Epoch 378/2000 | Train MSE: 2.584179
Epoch 379/2000 | Train MSE: 2.564882
Epoch 380/2000 | Train MSE: 2.657451
Epoch 381/2000 | Train MSE: 2.690942
Epoch 382/2000 | Train MSE: 2.801607
Epoch 383/2000 | Train MSE: 2.831093
Epoch 384/2000 | Train MSE: 2.559547
Epoch 385/2000 | Train MSE: 2.656730
Epoch 386/2000 | Train MSE: 2.539451
Epoch 387/2000 | Train MSE: 2.602892
Epoch 388/2000 | Train MSE: 2.793145
Epoch 389/2000 | Train MSE: 2.665329
Epoch 390/2000 | Train MSE: 2.462080
Epoch 391/2000 | Train MSE: 2.873119
Epoch 392/2000 | Train MSE: 2.716637
Epoch 393/2000 | Train MSE: 2.768415
Epoch 394/2000 | Train MSE: 2.536553
Epoch 395/2000 | Train MSE: 2.387450
Epoch 396/2000 | Train MSE: 2.612618
Epoch 397/2000 | Train MSE: 2.734621
Epoch 398/2000 | Train MSE: 2.526297
Epoch 399/2000 | Train MSE: 2.573713
Epoch 400/2000 | Train MSE: 2.725509
Epoch 401/2000 | Train MSE: 2.454055
Epoch 402/2000 | Train MSE: 2.448236
Epoch 403/2000 | Train MSE: 2.648054
Epoch 404/2000 | Train MSE: 2.752663
Epoch 405/2000 | Train MSE: 2.546799
Epoch 406/2000 | Train MSE: 2.430040
Epoch 407/2000 | Train MSE: 2.503885
Epoch 408/2000 | Train MSE: 2.651548
Epoch 409/2000 | Train MSE: 2.486738
Epoch 410/2000 | Train MSE: 2.612140
Epoch 411/2000 | Train MSE: 2.309839
Epoch 412/2000 | Train MSE: 2.613197
Epoch 413/2000 | Train MSE: 2.811613
Epoch 414/2000 | Train MSE: 2.550862
Epoch 415/2000 | Train MSE: 2.392544
Epoch 416/2000 | Train MSE: 2.587929
Epoch 417/2000 | Train MSE: 2.490063
Epoch 418/2000 | Train MSE: 2.587702
Epoch 419/2000 | Train MSE: 2.377470
Epoch 420/2000 | Train MSE: 2.483442
Epoch 421/2000 | Train MSE: 2.408994
Epoch 422/2000 | Train MSE: 2.487039
