/home/labic/miniconda3/envs/tabs/lib/python3.10/site-packages/torch/nn/modules/conv.py:370: UserWarning: Using padding='same' with even kernel lengths and odd dilation may require a zero-padded copy of the input be created (Triggered internally at /pytorch/aten/src/ATen/native/Convolution.cpp:1025.)
  return F.conv1d(

 === Started run 1 === 

    --- Executing dataset Covid3Month --- 

Training H1

Epoch 1/2000 | Train MSE: 0.002826
Epoch 2/2000 | Train MSE: 0.001999
Epoch 3/2000 | Train MSE: 0.001698
Epoch 4/2000 | Train MSE: 0.001942
Epoch 5/2000 | Train MSE: 0.001795
Epoch 6/2000 | Train MSE: 0.001703
Epoch 7/2000 | Train MSE: 0.001597
Epoch 8/2000 | Train MSE: 0.001597
Epoch 9/2000 | Train MSE: 0.001590
Epoch 10/2000 | Train MSE: 0.001586
Epoch 11/2000 | Train MSE: 0.001558
Epoch 12/2000 | Train MSE: 0.001548
Epoch 13/2000 | Train MSE: 0.001589
Epoch 14/2000 | Train MSE: 0.001497
Epoch 15/2000 | Train MSE: 0.001453
Epoch 16/2000 | Train MSE: 0.001338
Epoch 17/2000 | Train MSE: 0.001445
Epoch 18/2000 | Train MSE: 0.002175
Epoch 19/2000 | Train MSE: 0.001772
Epoch 20/2000 | Train MSE: 0.001600
Epoch 21/2000 | Train MSE: 0.001627
Epoch 22/2000 | Train MSE: 0.001544
Epoch 23/2000 | Train MSE: 0.001451
Epoch 24/2000 | Train MSE: 0.001381
Epoch 25/2000 | Train MSE: 0.001335
Epoch 26/2000 | Train MSE: 0.001240
Epoch 27/2000 | Train MSE: 0.001209
Epoch 28/2000 | Train MSE: 0.000924
Epoch 29/2000 | Train MSE: 0.000957
Epoch 30/2000 | Train MSE: 0.000837
Epoch 31/2000 | Train MSE: 0.001065
Epoch 32/2000 | Train MSE: 0.000931
Epoch 33/2000 | Train MSE: 0.000886
Epoch 34/2000 | Train MSE: 0.000678
Epoch 35/2000 | Train MSE: 0.000677
Epoch 36/2000 | Train MSE: 0.000715
Epoch 37/2000 | Train MSE: 0.000831
Epoch 38/2000 | Train MSE: 0.000777
Epoch 39/2000 | Train MSE: 0.000706
Epoch 40/2000 | Train MSE: 0.000549
Epoch 41/2000 | Train MSE: 0.000469
Epoch 42/2000 | Train MSE: 0.000449
Epoch 43/2000 | Train MSE: 0.000408
Epoch 44/2000 | Train MSE: 0.000455
Epoch 45/2000 | Train MSE: 0.000333
Epoch 46/2000 | Train MSE: 0.000270
Epoch 47/2000 | Train MSE: 0.000231
Epoch 48/2000 | Train MSE: 0.000209
Epoch 49/2000 | Train MSE: 0.000186
Epoch 50/2000 | Train MSE: 0.000207
Epoch 51/2000 | Train MSE: 0.000191
Epoch 52/2000 | Train MSE: 0.000192
Epoch 53/2000 | Train MSE: 0.000143
Epoch 54/2000 | Train MSE: 0.000111
Epoch 55/2000 | Train MSE: 0.000098
Epoch 56/2000 | Train MSE: 0.000096
Epoch 57/2000 | Train MSE: 0.000064
Epoch 58/2000 | Train MSE: 0.000068
Epoch 59/2000 | Train MSE: 0.000071
Epoch 60/2000 | Train MSE: 0.000070
Epoch 61/2000 | Train MSE: 0.000159
Epoch 62/2000 | Train MSE: 0.000109
Epoch 63/2000 | Train MSE: 0.000136
Epoch 64/2000 | Train MSE: 0.000173
Epoch 65/2000 | Train MSE: 0.000149
Epoch 66/2000 | Train MSE: 0.000109
Epoch 67/2000 | Train MSE: 0.000122
Epoch 68/2000 | Train MSE: 0.000073
Epoch 69/2000 | Train MSE: 0.000054
Epoch 70/2000 | Train MSE: 0.000071
Epoch 71/2000 | Train MSE: 0.000086
Epoch 72/2000 | Train MSE: 0.000062
Epoch 73/2000 | Train MSE: 0.000059
Epoch 74/2000 | Train MSE: 0.000042
Epoch 75/2000 | Train MSE: 0.000056
Epoch 76/2000 | Train MSE: 0.000037
Epoch 77/2000 | Train MSE: 0.000031
Epoch 78/2000 | Train MSE: 0.000032
Epoch 79/2000 | Train MSE: 0.000019
Epoch 80/2000 | Train MSE: 0.000036
Epoch 81/2000 | Train MSE: 0.000027
Epoch 82/2000 | Train MSE: 0.000025
Epoch 83/2000 | Train MSE: 0.000018
Epoch 84/2000 | Train MSE: 0.000010
Epoch 85/2000 | Train MSE: 0.000012
Epoch 86/2000 | Train MSE: 0.000011
Epoch 87/2000 | Train MSE: 0.000009
Epoch 88/2000 | Train MSE: 0.000008
Epoch 89/2000 | Train MSE: 0.000005
Epoch 90/2000 | Train MSE: 0.000005
Epoch 91/2000 | Train MSE: 0.000008
Epoch 92/2000 | Train MSE: 0.000009
Epoch 93/2000 | Train MSE: 0.000006
Epoch 94/2000 | Train MSE: 0.000004
Epoch 95/2000 | Train MSE: 0.000003
Epoch 96/2000 | Train MSE: 0.000002
Epoch 97/2000 | Train MSE: 0.000002
Epoch 98/2000 | Train MSE: 0.000002
Epoch 99/2000 | Train MSE: 0.000002
Epoch 100/2000 | Train MSE: 0.000001
Epoch 101/2000 | Train MSE: 0.000001
Epoch 102/2000 | Train MSE: 0.000001
Epoch 103/2000 | Train MSE: 0.000001
Epoch 104/2000 | Train MSE: 0.000001
Epoch 105/2000 | Train MSE: 0.000001
Epoch 106/2000 | Train MSE: 0.000001
Epoch 107/2000 | Train MSE: 0.000001
Epoch 108/2000 | Train MSE: 0.000001
Epoch 109/2000 | Train MSE: 0.000001
Epoch 110/2000 | Train MSE: 0.000001
Epoch 111/2000 | Train MSE: 0.000002
Epoch 112/2000 | Train MSE: 0.000002
Epoch 113/2000 | Train MSE: 0.000003
Epoch 114/2000 | Train MSE: 0.000003
Epoch 115/2000 | Train MSE: 0.000002
Epoch 116/2000 | Train MSE: 0.000007
Epoch 117/2000 | Train MSE: 0.000009
Epoch 118/2000 | Train MSE: 0.000022
Epoch 119/2000 | Train MSE: 0.000015
Epoch 120/2000 | Train MSE: 0.000018
Epoch 121/2000 | Train MSE: 0.000030
Epoch 122/2000 | Train MSE: 0.000016
Epoch 123/2000 | Train MSE: 0.000017
Epoch 124/2000 | Train MSE: 0.000019
Epoch 125/2000 | Train MSE: 0.000026
Epoch 126/2000 | Train MSE: 0.000013
Epoch 127/2000 | Train MSE: 0.000023
Epoch 128/2000 | Train MSE: 0.000029
Epoch 129/2000 | Train MSE: 0.000015
Epoch 130/2000 | Train MSE: 0.000014
Epoch 131/2000 | Train MSE: 0.000011
Epoch 132/2000 | Train MSE: 0.000008
Epoch 133/2000 | Train MSE: 0.000007
Epoch 134/2000 | Train MSE: 0.000006
Epoch 135/2000 | Train MSE: 0.000004
Epoch 136/2000 | Train MSE: 0.000005
Epoch 137/2000 | Train MSE: 0.000005
Epoch 138/2000 | Train MSE: 0.000009
Epoch 139/2000 | Train MSE: 0.000012
Epoch 140/2000 | Train MSE: 0.000009
Epoch 141/2000 | Train MSE: 0.000006
Epoch 142/2000 | Train MSE: 0.000004
Epoch 143/2000 | Train MSE: 0.000006
Epoch 144/2000 | Train MSE: 0.000003
Epoch 145/2000 | Train MSE: 0.000003
Epoch 146/2000 | Train MSE: 0.000002
Epoch 147/2000 | Train MSE: 0.000002
Epoch 148/2000 | Train MSE: 0.000001
Epoch 149/2000 | Train MSE: 0.000002
Epoch 150/2000 | Train MSE: 0.000002
Epoch 151/2000 | Train MSE: 0.000002
Epoch 152/2000 | Train MSE: 0.000002
Epoch 153/2000 | Train MSE: 0.000002
Epoch 154/2000 | Train MSE: 0.000002
Epoch 155/2000 | Train MSE: 0.000002
Epoch 156/2000 | Train MSE: 0.000001
Early stopping at epoch 156. Best training loss: 0.000001

Training H2

Epoch 1/2000 | Train MSE: 0.001901
Epoch 2/2000 | Train MSE: 0.001897
Epoch 3/2000 | Train MSE: 0.001846
Epoch 4/2000 | Train MSE: 0.001692
Epoch 5/2000 | Train MSE: 0.001660
Epoch 6/2000 | Train MSE: 0.001616
Epoch 7/2000 | Train MSE: 0.001589
Epoch 8/2000 | Train MSE: 0.001578
Epoch 9/2000 | Train MSE: 0.001581
Epoch 10/2000 | Train MSE: 0.001655
Epoch 11/2000 | Train MSE: 0.001614
Epoch 12/2000 | Train MSE: 0.001662
Epoch 13/2000 | Train MSE: 0.001635
Epoch 14/2000 | Train MSE: 0.001604
Epoch 15/2000 | Train MSE: 0.001557
Epoch 16/2000 | Train MSE: 0.001559
Epoch 17/2000 | Train MSE: 0.001591
Epoch 18/2000 | Train MSE: 0.001578
Epoch 19/2000 | Train MSE: 0.001576
Epoch 20/2000 | Train MSE: 0.001540
Epoch 21/2000 | Train MSE: 0.001481
Epoch 22/2000 | Train MSE: 0.001363
Epoch 23/2000 | Train MSE: 0.001384
Epoch 24/2000 | Train MSE: 0.001235
Epoch 25/2000 | Train MSE: 0.001073
Epoch 26/2000 | Train MSE: 0.001219
Epoch 27/2000 | Train MSE: 0.001584
Epoch 28/2000 | Train MSE: 0.001543
Epoch 29/2000 | Train MSE: 0.001518
Epoch 30/2000 | Train MSE: 0.001405
Epoch 31/2000 | Train MSE: 0.001294
Epoch 32/2000 | Train MSE: 0.001085
Epoch 33/2000 | Train MSE: 0.001209
Epoch 34/2000 | Train MSE: 0.000926
Epoch 35/2000 | Train MSE: 0.000739
Epoch 36/2000 | Train MSE: 0.000697
Epoch 37/2000 | Train MSE: 0.000620
Epoch 38/2000 | Train MSE: 0.000563
Epoch 39/2000 | Train MSE: 0.000955
Epoch 40/2000 | Train MSE: 0.000907
Epoch 41/2000 | Train MSE: 0.000722
Epoch 42/2000 | Train MSE: 0.000687
Epoch 43/2000 | Train MSE: 0.000499
Epoch 44/2000 | Train MSE: 0.000655
Epoch 45/2000 | Train MSE: 0.000571
Epoch 46/2000 | Train MSE: 0.000390
Epoch 47/2000 | Train MSE: 0.000366
Epoch 48/2000 | Train MSE: 0.000404
Epoch 49/2000 | Train MSE: 0.000382
Epoch 50/2000 | Train MSE: 0.000328
Epoch 51/2000 | Train MSE: 0.000247
Epoch 52/2000 | Train MSE: 0.000244
Epoch 53/2000 | Train MSE: 0.000232
Epoch 54/2000 | Train MSE: 0.000168
Epoch 55/2000 | Train MSE: 0.000190
Epoch 56/2000 | Train MSE: 0.000180
Epoch 57/2000 | Train MSE: 0.000167
Epoch 58/2000 | Train MSE: 0.000168
Epoch 59/2000 | Train MSE: 0.000153
Epoch 60/2000 | Train MSE: 0.000162
Epoch 61/2000 | Train MSE: 0.000294
Epoch 62/2000 | Train MSE: 0.000278
Epoch 63/2000 | Train MSE: 0.000233
Epoch 64/2000 | Train MSE: 0.000238
Epoch 65/2000 | Train MSE: 0.000212
Epoch 66/2000 | Train MSE: 0.000244
Epoch 67/2000 | Train MSE: 0.000132
Epoch 68/2000 | Train MSE: 0.000099
Epoch 69/2000 | Train MSE: 0.000072
Epoch 70/2000 | Train MSE: 0.000049
Epoch 71/2000 | Train MSE: 0.000058
Epoch 72/2000 | Train MSE: 0.000051
Epoch 73/2000 | Train MSE: 0.000053
Epoch 74/2000 | Train MSE: 0.000051
Epoch 75/2000 | Train MSE: 0.000028
Epoch 76/2000 | Train MSE: 0.000026
Epoch 77/2000 | Train MSE: 0.000028
Epoch 78/2000 | Train MSE: 0.000023
Epoch 79/2000 | Train MSE: 0.000022
Epoch 80/2000 | Train MSE: 0.000013
Epoch 81/2000 | Train MSE: 0.000010
Epoch 82/2000 | Train MSE: 0.000012
Epoch 83/2000 | Train MSE: 0.000011
Epoch 84/2000 | Train MSE: 0.000010
Epoch 85/2000 | Train MSE: 0.000013
Epoch 86/2000 | Train MSE: 0.000015
Epoch 87/2000 | Train MSE: 0.000010
Epoch 88/2000 | Train MSE: 0.000008
Epoch 89/2000 | Train MSE: 0.000005
Epoch 90/2000 | Train MSE: 0.000005
Epoch 91/2000 | Train MSE: 0.000006
Epoch 92/2000 | Train MSE: 0.000004
Epoch 93/2000 | Train MSE: 0.000004
Epoch 94/2000 | Train MSE: 0.000002
Epoch 95/2000 | Train MSE: 0.000001
Epoch 96/2000 | Train MSE: 0.000002
Epoch 97/2000 | Train MSE: 0.000003
Epoch 98/2000 | Train MSE: 0.000004
Epoch 99/2000 | Train MSE: 0.000004
Epoch 100/2000 | Train MSE: 0.000004
Epoch 101/2000 | Train MSE: 0.000003
Epoch 102/2000 | Train MSE: 0.000004
Epoch 103/2000 | Train MSE: 0.000008
Epoch 104/2000 | Train MSE: 0.000010
Epoch 105/2000 | Train MSE: 0.000010
Epoch 106/2000 | Train MSE: 0.000009
Epoch 107/2000 | Train MSE: 0.000006
Epoch 108/2000 | Train MSE: 0.000004
Epoch 109/2000 | Train MSE: 0.000006
Epoch 110/2000 | Train MSE: 0.000008
Epoch 111/2000 | Train MSE: 0.000008
Epoch 112/2000 | Train MSE: 0.000008
Epoch 113/2000 | Train MSE: 0.000015
Epoch 114/2000 | Train MSE: 0.000036
Epoch 115/2000 | Train MSE: 0.000050
Epoch 116/2000 | Train MSE: 0.000030
Epoch 117/2000 | Train MSE: 0.000015
Epoch 118/2000 | Train MSE: 0.000013
Epoch 119/2000 | Train MSE: 0.000011
Epoch 120/2000 | Train MSE: 0.000012
Epoch 121/2000 | Train MSE: 0.000010
Epoch 122/2000 | Train MSE: 0.000004
Epoch 123/2000 | Train MSE: 0.000005
Epoch 124/2000 | Train MSE: 0.000003
Epoch 125/2000 | Train MSE: 0.000004
Epoch 126/2000 | Train MSE: 0.000006
Epoch 127/2000 | Train MSE: 0.000003
Epoch 128/2000 | Train MSE: 0.000003
Epoch 129/2000 | Train MSE: 0.000003
Epoch 130/2000 | Train MSE: 0.000002
Epoch 131/2000 | Train MSE: 0.000002
Epoch 132/2000 | Train MSE: 0.000002
Epoch 133/2000 | Train MSE: 0.000001
Epoch 134/2000 | Train MSE: 0.000001
Epoch 135/2000 | Train MSE: 0.000001
Epoch 136/2000 | Train MSE: 0.000001
Epoch 137/2000 | Train MSE: 0.000001
Epoch 138/2000 | Train MSE: 0.000001
Epoch 139/2000 | Train MSE: 0.000001
Epoch 140/2000 | Train MSE: 0.000000
Epoch 141/2000 | Train MSE: 0.000000
Epoch 142/2000 | Train MSE: 0.000000
Epoch 143/2000 | Train MSE: 0.000000
Epoch 144/2000 | Train MSE: 0.000001
Epoch 145/2000 | Train MSE: 0.000001
Epoch 146/2000 | Train MSE: 0.000000
Epoch 147/2000 | Train MSE: 0.000000
Epoch 148/2000 | Train MSE: 0.000000
Epoch 149/2000 | Train MSE: 0.000001
Epoch 150/2000 | Train MSE: 0.000000
Epoch 151/2000 | Train MSE: 0.000000
Epoch 152/2000 | Train MSE: 0.000000
Epoch 153/2000 | Train MSE: 0.000000
Epoch 154/2000 | Train MSE: 0.000000
Epoch 155/2000 | Train MSE: 0.000000
Epoch 156/2000 | Train MSE: 0.000000
Epoch 157/2000 | Train MSE: 0.000000
Epoch 158/2000 | Train MSE: 0.000000
Epoch 159/2000 | Train MSE: 0.000000
Epoch 160/2000 | Train MSE: 0.000000
Epoch 161/2000 | Train MSE: 0.000000
Epoch 162/2000 | Train MSE: 0.000000
Epoch 163/2000 | Train MSE: 0.000001
Epoch 164/2000 | Train MSE: 0.000001
Epoch 165/2000 | Train MSE: 0.000001
Epoch 166/2000 | Train MSE: 0.000000
Epoch 167/2000 | Train MSE: 0.000000
Epoch 168/2000 | Train MSE: 0.000000
Epoch 169/2000 | Train MSE: 0.000001
Epoch 170/2000 | Train MSE: 0.000000
Epoch 171/2000 | Train MSE: 0.000001
Epoch 172/2000 | Train MSE: 0.000000
Epoch 173/2000 | Train MSE: 0.000001
Epoch 174/2000 | Train MSE: 0.000001
Epoch 175/2000 | Train MSE: 0.000002
Epoch 176/2000 | Train MSE: 0.000001
Epoch 177/2000 | Train MSE: 0.000000
Epoch 178/2000 | Train MSE: 0.000001
Epoch 179/2000 | Train MSE: 0.000001
Epoch 180/2000 | Train MSE: 0.000001
Epoch 181/2000 | Train MSE: 0.000001
Epoch 182/2000 | Train MSE: 0.000001
Epoch 183/2000 | Train MSE: 0.000001
Epoch 184/2000 | Train MSE: 0.000001
Epoch 185/2000 | Train MSE: 0.000001
Epoch 186/2000 | Train MSE: 0.000000
Epoch 187/2000 | Train MSE: 0.000001
Epoch 188/2000 | Train MSE: 0.000001
Epoch 189/2000 | Train MSE: 0.000001
Epoch 190/2000 | Train MSE: 0.000001
Epoch 191/2000 | Train MSE: 0.000001
Epoch 192/2000 | Train MSE: 0.000001
Epoch 193/2000 | Train MSE: 0.000001
Epoch 194/2000 | Train MSE: 0.000002
Epoch 195/2000 | Train MSE: 0.000001
Epoch 196/2000 | Train MSE: 0.000001
Epoch 197/2000 | Train MSE: 0.000001
Epoch 198/2000 | Train MSE: 0.000001
Epoch 199/2000 | Train MSE: 0.000001
Epoch 200/2000 | Train MSE: 0.000001
Epoch 201/2000 | Train MSE: 0.000001
Epoch 202/2000 | Train MSE: 0.000001
Epoch 203/2000 | Train MSE: 0.000001
Epoch 204/2000 | Train MSE: 0.000002
Epoch 205/2000 | Train MSE: 0.000001
Epoch 206/2000 | Train MSE: 0.000002
Early stopping at epoch 206. Best training loss: 0.000000

Training H3

Epoch 1/2000 | Train MSE: 0.004890
Epoch 2/2000 | Train MSE: 0.003862
Epoch 3/2000 | Train MSE: 0.001844
Epoch 4/2000 | Train MSE: 0.001784
Epoch 5/2000 | Train MSE: 0.001677
Epoch 6/2000 | Train MSE: 0.001810
Epoch 7/2000 | Train MSE: 0.001660
Epoch 8/2000 | Train MSE: 0.001618
Epoch 9/2000 | Train MSE: 0.001711
Epoch 10/2000 | Train MSE: 0.001631
Epoch 11/2000 | Train MSE: 0.001604
Epoch 12/2000 | Train MSE: 0.001631
Epoch 13/2000 | Train MSE: 0.001536
Epoch 14/2000 | Train MSE: 0.001506
Epoch 15/2000 | Train MSE: 0.001495
Epoch 16/2000 | Train MSE: 0.001405
Epoch 17/2000 | Train MSE: 0.001538
Epoch 18/2000 | Train MSE: 0.001402
Epoch 19/2000 | Train MSE: 0.001369
Epoch 20/2000 | Train MSE: 0.001261
Epoch 21/2000 | Train MSE: 0.001310
Epoch 22/2000 | Train MSE: 0.001144
Epoch 23/2000 | Train MSE: 0.001274
Epoch 24/2000 | Train MSE: 0.001179
Epoch 25/2000 | Train MSE: 0.001150
Epoch 26/2000 | Train MSE: 0.001133
Epoch 27/2000 | Train MSE: 0.001076
Epoch 28/2000 | Train MSE: 0.000989
Epoch 29/2000 | Train MSE: 0.000814
Epoch 30/2000 | Train MSE: 0.000734
Epoch 31/2000 | Train MSE: 0.000760
Epoch 32/2000 | Train MSE: 0.000706
Epoch 33/2000 | Train MSE: 0.000702
Epoch 34/2000 | Train MSE: 0.000789
Epoch 35/2000 | Train MSE: 0.000726
Epoch 36/2000 | Train MSE: 0.000506
Epoch 37/2000 | Train MSE: 0.000475
Epoch 38/2000 | Train MSE: 0.000576
Epoch 39/2000 | Train MSE: 0.000639
Epoch 40/2000 | Train MSE: 0.000671
Epoch 41/2000 | Train MSE: 0.000625
Epoch 42/2000 | Train MSE: 0.000432
Epoch 43/2000 | Train MSE: 0.000380
Epoch 44/2000 | Train MSE: 0.000296
Epoch 45/2000 | Train MSE: 0.000263
Epoch 46/2000 | Train MSE: 0.000228
Epoch 47/2000 | Train MSE: 0.000234
Epoch 48/2000 | Train MSE: 0.000210
Epoch 49/2000 | Train MSE: 0.000164
Epoch 50/2000 | Train MSE: 0.000181
Epoch 51/2000 | Train MSE: 0.000272
Epoch 52/2000 | Train MSE: 0.000300
Epoch 53/2000 | Train MSE: 0.000555
Epoch 54/2000 | Train MSE: 0.000466
Epoch 55/2000 | Train MSE: 0.000328
Epoch 56/2000 | Train MSE: 0.000260
Epoch 57/2000 | Train MSE: 0.000210
Epoch 58/2000 | Train MSE: 0.000123
Epoch 59/2000 | Train MSE: 0.000143
Epoch 60/2000 | Train MSE: 0.000158
Epoch 61/2000 | Train MSE: 0.000119
Epoch 62/2000 | Train MSE: 0.000083
Epoch 63/2000 | Train MSE: 0.000118
Epoch 64/2000 | Train MSE: 0.000121
Epoch 65/2000 | Train MSE: 0.000103
Epoch 66/2000 | Train MSE: 0.000144
Epoch 67/2000 | Train MSE: 0.000178
Epoch 68/2000 | Train MSE: 0.000137
Epoch 69/2000 | Train MSE: 0.000119
Epoch 70/2000 | Train MSE: 0.000134
Epoch 71/2000 | Train MSE: 0.000070
Epoch 72/2000 | Train MSE: 0.000056
Epoch 73/2000 | Train MSE: 0.000045
Epoch 74/2000 | Train MSE: 0.000029
Epoch 75/2000 | Train MSE: 0.000024
Epoch 76/2000 | Train MSE: 0.000034
Epoch 77/2000 | Train MSE: 0.000024
Epoch 78/2000 | Train MSE: 0.000017
Epoch 79/2000 | Train MSE: 0.000017
Epoch 80/2000 | Train MSE: 0.000012
Epoch 81/2000 | Train MSE: 0.000015
Epoch 82/2000 | Train MSE: 0.000011
Epoch 83/2000 | Train MSE: 0.000013
Epoch 84/2000 | Train MSE: 0.000010
Epoch 85/2000 | Train MSE: 0.000011
Epoch 86/2000 | Train MSE: 0.000012
Epoch 87/2000 | Train MSE: 0.000009
Epoch 88/2000 | Train MSE: 0.000009
Epoch 89/2000 | Train MSE: 0.000015
Epoch 90/2000 | Train MSE: 0.000019
Epoch 91/2000 | Train MSE: 0.000038
Epoch 92/2000 | Train MSE: 0.000035
Epoch 93/2000 | Train MSE: 0.000025
Epoch 94/2000 | Train MSE: 0.000048
Epoch 95/2000 | Train MSE: 0.000031
Epoch 96/2000 | Train MSE: 0.000037
Epoch 97/2000 | Train MSE: 0.000038
Epoch 98/2000 | Train MSE: 0.000022
Epoch 99/2000 | Train MSE: 0.000022
Epoch 100/2000 | Train MSE: 0.000023
Epoch 101/2000 | Train MSE: 0.000016
Epoch 102/2000 | Train MSE: 0.000022
Epoch 103/2000 | Train MSE: 0.000016
Epoch 104/2000 | Train MSE: 0.000023
Epoch 105/2000 | Train MSE: 0.000006
Epoch 106/2000 | Train MSE: 0.000008
Epoch 107/2000 | Train MSE: 0.000006
Epoch 108/2000 | Train MSE: 0.000004
Epoch 109/2000 | Train MSE: 0.000004
Epoch 110/2000 | Train MSE: 0.000002
Epoch 111/2000 | Train MSE: 0.000002
Epoch 112/2000 | Train MSE: 0.000001
Epoch 113/2000 | Train MSE: 0.000001
Epoch 114/2000 | Train MSE: 0.000001
Epoch 115/2000 | Train MSE: 0.000001
Epoch 116/2000 | Train MSE: 0.000001
Epoch 117/2000 | Train MSE: 0.000001
Epoch 118/2000 | Train MSE: 0.000001
Epoch 119/2000 | Train MSE: 0.000001
Epoch 120/2000 | Train MSE: 0.000001
Epoch 121/2000 | Train MSE: 0.000000
Epoch 122/2000 | Train MSE: 0.000001
Epoch 123/2000 | Train MSE: 0.000001
Epoch 124/2000 | Train MSE: 0.000001
Epoch 125/2000 | Train MSE: 0.000001
Epoch 126/2000 | Train MSE: 0.000001
Epoch 127/2000 | Train MSE: 0.000001
Epoch 128/2000 | Train MSE: 0.000001
Epoch 129/2000 | Train MSE: 0.000002
Epoch 130/2000 | Train MSE: 0.000001
Epoch 131/2000 | Train MSE: 0.000001
Epoch 132/2000 | Train MSE: 0.000001
Epoch 133/2000 | Train MSE: 0.000001
Epoch 134/2000 | Train MSE: 0.000000
Epoch 135/2000 | Train MSE: 0.000000
Epoch 136/2000 | Train MSE: 0.000000
Epoch 137/2000 | Train MSE: 0.000000
Epoch 138/2000 | Train MSE: 0.000000
Epoch 139/2000 | Train MSE: 0.000000
Epoch 140/2000 | Train MSE: 0.000000
Epoch 141/2000 | Train MSE: 0.000000
Epoch 142/2000 | Train MSE: 0.000000
Epoch 143/2000 | Train MSE: 0.000000
Epoch 144/2000 | Train MSE: 0.000000
Epoch 145/2000 | Train MSE: 0.000000
Epoch 146/2000 | Train MSE: 0.000000
Epoch 147/2000 | Train MSE: 0.000000
Epoch 148/2000 | Train MSE: 0.000000
Epoch 149/2000 | Train MSE: 0.000000
Epoch 150/2000 | Train MSE: 0.000001
Epoch 151/2000 | Train MSE: 0.000000
Epoch 152/2000 | Train MSE: 0.000000
Epoch 153/2000 | Train MSE: 0.000000
Epoch 154/2000 | Train MSE: 0.000000
Epoch 155/2000 | Train MSE: 0.000000
Epoch 156/2000 | Train MSE: 0.000000
Epoch 157/2000 | Train MSE: 0.000000
Epoch 158/2000 | Train MSE: 0.000000
Epoch 159/2000 | Train MSE: 0.000000
Epoch 160/2000 | Train MSE: 0.000001
Epoch 161/2000 | Train MSE: 0.000001
Epoch 162/2000 | Train MSE: 0.000001
Epoch 163/2000 | Train MSE: 0.000001
Epoch 164/2000 | Train MSE: 0.000001
Epoch 165/2000 | Train MSE: 0.000001
Epoch 166/2000 | Train MSE: 0.000002
Epoch 167/2000 | Train MSE: 0.000001
Epoch 168/2000 | Train MSE: 0.000002
Epoch 169/2000 | Train MSE: 0.000001
Epoch 170/2000 | Train MSE: 0.000001
Epoch 171/2000 | Train MSE: 0.000001
Epoch 172/2000 | Train MSE: 0.000000
Epoch 173/2000 | Train MSE: 0.000000
Epoch 174/2000 | Train MSE: 0.000001
Epoch 175/2000 | Train MSE: 0.000001
Epoch 176/2000 | Train MSE: 0.000001
Epoch 177/2000 | Train MSE: 0.000001
Epoch 178/2000 | Train MSE: 0.000002
Epoch 179/2000 | Train MSE: 0.000001
Epoch 180/2000 | Train MSE: 0.000001
Epoch 181/2000 | Train MSE: 0.000001
Epoch 182/2000 | Train MSE: 0.000001
Epoch 183/2000 | Train MSE: 0.000001
Epoch 184/2000 | Train MSE: 0.000000
Epoch 185/2000 | Train MSE: 0.000000
Epoch 186/2000 | Train MSE: 0.000000
Epoch 187/2000 | Train MSE: 0.000000
Epoch 188/2000 | Train MSE: 0.000000
Epoch 189/2000 | Train MSE: 0.000000
Epoch 190/2000 | Train MSE: 0.000000
Epoch 191/2000 | Train MSE: 0.000000
Epoch 192/2000 | Train MSE: 0.000000
Epoch 193/2000 | Train MSE: 0.000000
Epoch 194/2000 | Train MSE: 0.000000
Epoch 195/2000 | Train MSE: 0.000000
Epoch 196/2000 | Train MSE: 0.000000
Epoch 197/2000 | Train MSE: 0.000000
Epoch 198/2000 | Train MSE: 0.000000
Epoch 199/2000 | Train MSE: 0.000000
Epoch 200/2000 | Train MSE: 0.000000
Epoch 201/2000 | Train MSE: 0.000000
Epoch 202/2000 | Train MSE: 0.000000
Epoch 203/2000 | Train MSE: 0.000000
Epoch 204/2000 | Train MSE: 0.000000
Epoch 205/2000 | Train MSE: 0.000000
Epoch 206/2000 | Train MSE: 0.000000
Epoch 207/2000 | Train MSE: 0.000000
Epoch 208/2000 | Train MSE: 0.000000
Epoch 209/2000 | Train MSE: 0.000000
Epoch 210/2000 | Train MSE: 0.000000
Epoch 211/2000 | Train MSE: 0.000000
Epoch 212/2000 | Train MSE: 0.000000
Epoch 213/2000 | Train MSE: 0.000000
Epoch 214/2000 | Train MSE: 0.000000
Epoch 215/2000 | Train MSE: 0.000000
Epoch 216/2000 | Train MSE: 0.000000
Epoch 217/2000 | Train MSE: 0.000000
Epoch 218/2000 | Train MSE: 0.000000
Epoch 219/2000 | Train MSE: 0.000000
Epoch 220/2000 | Train MSE: 0.000000
Epoch 221/2000 | Train MSE: 0.000000
Epoch 222/2000 | Train MSE: 0.000000
Epoch 223/2000 | Train MSE: 0.000000
Epoch 224/2000 | Train MSE: 0.000000
Epoch 225/2000 | Train MSE: 0.000000
Epoch 226/2000 | Train MSE: 0.000000
Epoch 227/2000 | Train MSE: 0.000000
Epoch 228/2000 | Train MSE: 0.000000
Epoch 229/2000 | Train MSE: 0.000000
Epoch 230/2000 | Train MSE: 0.000000
Epoch 231/2000 | Train MSE: 0.000000
Epoch 232/2000 | Train MSE: 0.000000
Epoch 233/2000 | Train MSE: 0.000000
Epoch 234/2000 | Train MSE: 0.000000
Epoch 235/2000 | Train MSE: 0.000000
Epoch 236/2000 | Train MSE: 0.000000
Epoch 237/2000 | Train MSE: 0.000000
Epoch 238/2000 | Train MSE: 0.000000
Epoch 239/2000 | Train MSE: 0.000000
Epoch 240/2000 | Train MSE: 0.000000
Epoch 241/2000 | Train MSE: 0.000000
Epoch 242/2000 | Train MSE: 0.000000
Epoch 243/2000 | Train MSE: 0.000000
Epoch 244/2000 | Train MSE: 0.000000
Epoch 245/2000 | Train MSE: 0.000001
Epoch 246/2000 | Train MSE: 0.000000
Epoch 247/2000 | Train MSE: 0.000001
Epoch 248/2000 | Train MSE: 0.000000
Epoch 249/2000 | Train MSE: 0.000000
Epoch 250/2000 | Train MSE: 0.000001
Epoch 251/2000 | Train MSE: 0.000001
Epoch 252/2000 | Train MSE: 0.000002
Epoch 253/2000 | Train MSE: 0.000001
Epoch 254/2000 | Train MSE: 0.000001
Epoch 255/2000 | Train MSE: 0.000001
Epoch 256/2000 | Train MSE: 0.000001
Epoch 257/2000 | Train MSE: 0.000002
Epoch 258/2000 | Train MSE: 0.000003
Epoch 259/2000 | Train MSE: 0.000009
Epoch 260/2000 | Train MSE: 0.000010
Epoch 261/2000 | Train MSE: 0.000028
Epoch 262/2000 | Train MSE: 0.000042
Epoch 263/2000 | Train MSE: 0.000046
Epoch 264/2000 | Train MSE: 0.000044
Epoch 265/2000 | Train MSE: 0.000058
Epoch 266/2000 | Train MSE: 0.000050
Epoch 267/2000 | Train MSE: 0.000084
Epoch 268/2000 | Train MSE: 0.000103
Epoch 269/2000 | Train MSE: 0.000148
Epoch 270/2000 | Train MSE: 0.000189
Early stopping at epoch 270. Best training loss: 0.000000

Training H4

Epoch 1/2000 | Train MSE: 0.009200
Epoch 2/2000 | Train MSE: 0.002963
Epoch 3/2000 | Train MSE: 0.002060
Epoch 4/2000 | Train MSE: 0.002257
Epoch 5/2000 | Train MSE: 0.001913
Epoch 6/2000 | Train MSE: 0.001969
Epoch 7/2000 | Train MSE: 0.001842
Epoch 8/2000 | Train MSE: 0.001710
Epoch 9/2000 | Train MSE: 0.001879
Epoch 10/2000 | Train MSE: 0.001778
Epoch 11/2000 | Train MSE: 0.001776
Epoch 12/2000 | Train MSE: 0.001724
Epoch 13/2000 | Train MSE: 0.001864
Epoch 14/2000 | Train MSE: 0.001888
Epoch 15/2000 | Train MSE: 0.001579
Epoch 16/2000 | Train MSE: 0.001504
Epoch 17/2000 | Train MSE: 0.001421
Epoch 18/2000 | Train MSE: 0.001438
Epoch 19/2000 | Train MSE: 0.001295
Epoch 20/2000 | Train MSE: 0.001140
Epoch 21/2000 | Train MSE: 0.001429
Epoch 22/2000 | Train MSE: 0.001415
Epoch 23/2000 | Train MSE: 0.001207
Epoch 24/2000 | Train MSE: 0.001271
Epoch 25/2000 | Train MSE: 0.001249
Epoch 26/2000 | Train MSE: 0.000900
Epoch 27/2000 | Train MSE: 0.000965
Epoch 28/2000 | Train MSE: 0.000823
Epoch 29/2000 | Train MSE: 0.000691
Epoch 30/2000 | Train MSE: 0.000691
Epoch 31/2000 | Train MSE: 0.000840
Epoch 32/2000 | Train MSE: 0.000630
Epoch 33/2000 | Train MSE: 0.000696
Epoch 34/2000 | Train MSE: 0.000578
Epoch 35/2000 | Train MSE: 0.000461
Epoch 36/2000 | Train MSE: 0.000470
Epoch 37/2000 | Train MSE: 0.000490
Epoch 38/2000 | Train MSE: 0.000461
Epoch 39/2000 | Train MSE: 0.000455
Epoch 40/2000 | Train MSE: 0.000347
Epoch 41/2000 | Train MSE: 0.000317
Epoch 42/2000 | Train MSE: 0.000276
Epoch 43/2000 | Train MSE: 0.000344
Epoch 44/2000 | Train MSE: 0.000333
Epoch 45/2000 | Train MSE: 0.000634
Epoch 46/2000 | Train MSE: 0.000313
Epoch 47/2000 | Train MSE: 0.000256
Epoch 48/2000 | Train MSE: 0.000368
Epoch 49/2000 | Train MSE: 0.000357
Epoch 50/2000 | Train MSE: 0.000320
Epoch 51/2000 | Train MSE: 0.000323
Epoch 52/2000 | Train MSE: 0.000196
Epoch 53/2000 | Train MSE: 0.000268
Epoch 54/2000 | Train MSE: 0.000375
Epoch 55/2000 | Train MSE: 0.000267
Epoch 56/2000 | Train MSE: 0.000472
Epoch 57/2000 | Train MSE: 0.000247
Epoch 58/2000 | Train MSE: 0.000240
Epoch 59/2000 | Train MSE: 0.000223
Epoch 60/2000 | Train MSE: 0.000164
Epoch 61/2000 | Train MSE: 0.000196
Epoch 62/2000 | Train MSE: 0.000149
Epoch 63/2000 | Train MSE: 0.000119
Epoch 64/2000 | Train MSE: 0.000083
Epoch 65/2000 | Train MSE: 0.000054
Epoch 66/2000 | Train MSE: 0.000052
Epoch 67/2000 | Train MSE: 0.000060
Epoch 68/2000 | Train MSE: 0.000111
Epoch 69/2000 | Train MSE: 0.000120
Epoch 70/2000 | Train MSE: 0.000093
Epoch 71/2000 | Train MSE: 0.000083
Epoch 72/2000 | Train MSE: 0.000109
Epoch 73/2000 | Train MSE: 0.000111
Epoch 74/2000 | Train MSE: 0.000075
Epoch 75/2000 | Train MSE: 0.000050
Epoch 76/2000 | Train MSE: 0.000042
Epoch 77/2000 | Train MSE: 0.000028
Epoch 78/2000 | Train MSE: 0.000040
Epoch 79/2000 | Train MSE: 0.000029
Epoch 80/2000 | Train MSE: 0.000025
Epoch 81/2000 | Train MSE: 0.000018
Epoch 82/2000 | Train MSE: 0.000012
Epoch 83/2000 | Train MSE: 0.000012
Epoch 84/2000 | Train MSE: 0.000010
Epoch 85/2000 | Train MSE: 0.000007
Epoch 86/2000 | Train MSE: 0.000005
Epoch 87/2000 | Train MSE: 0.000005
Epoch 88/2000 | Train MSE: 0.000006
Epoch 89/2000 | Train MSE: 0.000007
Epoch 90/2000 | Train MSE: 0.000006
Epoch 91/2000 | Train MSE: 0.000002
Epoch 92/2000 | Train MSE: 0.000006
Epoch 93/2000 | Train MSE: 0.000005
Epoch 94/2000 | Train MSE: 0.000004
Epoch 95/2000 | Train MSE: 0.000008
Epoch 96/2000 | Train MSE: 0.000006
Epoch 97/2000 | Train MSE: 0.000004
Epoch 98/2000 | Train MSE: 0.000006
Epoch 99/2000 | Train MSE: 0.000004
Epoch 100/2000 | Train MSE: 0.000004
Epoch 101/2000 | Train MSE: 0.000003
Epoch 102/2000 | Train MSE: 0.000002
Epoch 103/2000 | Train MSE: 0.000003
Epoch 104/2000 | Train MSE: 0.000003
Epoch 105/2000 | Train MSE: 0.000002
Epoch 106/2000 | Train MSE: 0.000004
Epoch 107/2000 | Train MSE: 0.000004
Epoch 108/2000 | Train MSE: 0.000002
Epoch 109/2000 | Train MSE: 0.000002
Epoch 110/2000 | Train MSE: 0.000002
Epoch 111/2000 | Train MSE: 0.000002
Epoch 112/2000 | Train MSE: 0.000001
Epoch 113/2000 | Train MSE: 0.000002
Epoch 114/2000 | Train MSE: 0.000001
Epoch 115/2000 | Train MSE: 0.000001
Epoch 116/2000 | Train MSE: 0.000002
Epoch 117/2000 | Train MSE: 0.000002
Epoch 118/2000 | Train MSE: 0.000002
Epoch 119/2000 | Train MSE: 0.000002
Epoch 120/2000 | Train MSE: 0.000001
Epoch 121/2000 | Train MSE: 0.000001
Epoch 122/2000 | Train MSE: 0.000001
Epoch 123/2000 | Train MSE: 0.000002
Epoch 124/2000 | Train MSE: 0.000004
Epoch 125/2000 | Train MSE: 0.000004
Epoch 126/2000 | Train MSE: 0.000005
Epoch 127/2000 | Train MSE: 0.000004
Epoch 128/2000 | Train MSE: 0.000010
Epoch 129/2000 | Train MSE: 0.000020
Epoch 130/2000 | Train MSE: 0.000048
Epoch 131/2000 | Train MSE: 0.000084
Epoch 132/2000 | Train MSE: 0.000079
Epoch 133/2000 | Train MSE: 0.000076
Epoch 134/2000 | Train MSE: 0.000050
Epoch 135/2000 | Train MSE: 0.000041
Epoch 136/2000 | Train MSE: 0.000032
Epoch 137/2000 | Train MSE: 0.000029
Epoch 138/2000 | Train MSE: 0.000016
Epoch 139/2000 | Train MSE: 0.000012
Epoch 140/2000 | Train MSE: 0.000008
Epoch 141/2000 | Train MSE: 0.000011
Epoch 142/2000 | Train MSE: 0.000009
Epoch 143/2000 | Train MSE: 0.000010
Epoch 144/2000 | Train MSE: 0.000005
Epoch 145/2000 | Train MSE: 0.000006
Epoch 146/2000 | Train MSE: 0.000006
Epoch 147/2000 | Train MSE: 0.000003
Epoch 148/2000 | Train MSE: 0.000003
Epoch 149/2000 | Train MSE: 0.000003
Epoch 150/2000 | Train MSE: 0.000004
Epoch 151/2000 | Train MSE: 0.000002
Epoch 152/2000 | Train MSE: 0.000003
Epoch 153/2000 | Train MSE: 0.000003
Epoch 154/2000 | Train MSE: 0.000002
Epoch 155/2000 | Train MSE: 0.000001
Epoch 156/2000 | Train MSE: 0.000002
Epoch 157/2000 | Train MSE: 0.000002
Epoch 158/2000 | Train MSE: 0.000002
Epoch 159/2000 | Train MSE: 0.000002
Epoch 160/2000 | Train MSE: 0.000003
Epoch 161/2000 | Train MSE: 0.000003
Epoch 162/2000 | Train MSE: 0.000005
Epoch 163/2000 | Train MSE: 0.000007
Epoch 164/2000 | Train MSE: 0.000006
Epoch 165/2000 | Train MSE: 0.000005
Early stopping at epoch 165. Best training loss: 0.000001

Training H5

Epoch 1/2000 | Train MSE: 0.009520
Epoch 2/2000 | Train MSE: 0.005628
Epoch 3/2000 | Train MSE: 0.004917
Epoch 4/2000 | Train MSE: 0.003106
Epoch 5/2000 | Train MSE: 0.003019
Epoch 6/2000 | Train MSE: 0.002773
Epoch 7/2000 | Train MSE: 0.002581
Epoch 8/2000 | Train MSE: 0.002177
Epoch 9/2000 | Train MSE: 0.002022
Epoch 10/2000 | Train MSE: 0.001878
Epoch 11/2000 | Train MSE: 0.001704
Epoch 12/2000 | Train MSE: 0.001690
Epoch 13/2000 | Train MSE: 0.001687
Epoch 14/2000 | Train MSE: 0.001616
Epoch 15/2000 | Train MSE: 0.001672
Epoch 16/2000 | Train MSE: 0.001623
Epoch 17/2000 | Train MSE: 0.001662
Epoch 18/2000 | Train MSE: 0.001615
Epoch 19/2000 | Train MSE: 0.001601
Epoch 20/2000 | Train MSE: 0.001471
Epoch 21/2000 | Train MSE: 0.001565
Epoch 22/2000 | Train MSE: 0.001534
Epoch 23/2000 | Train MSE: 0.001517
Epoch 24/2000 | Train MSE: 0.001381
Epoch 25/2000 | Train MSE: 0.001339
Epoch 26/2000 | Train MSE: 0.001220
Epoch 27/2000 | Train MSE: 0.001161
Epoch 28/2000 | Train MSE: 0.001287
Epoch 29/2000 | Train MSE: 0.001334
Epoch 30/2000 | Train MSE: 0.001050
Epoch 31/2000 | Train MSE: 0.000944
Epoch 32/2000 | Train MSE: 0.000896
Epoch 33/2000 | Train MSE: 0.000826
Epoch 34/2000 | Train MSE: 0.000843
Epoch 35/2000 | Train MSE: 0.000771
Epoch 36/2000 | Train MSE: 0.000915
Epoch 37/2000 | Train MSE: 0.000671
Epoch 38/2000 | Train MSE: 0.000656
Epoch 39/2000 | Train MSE: 0.000809
Epoch 40/2000 | Train MSE: 0.001234
Epoch 41/2000 | Train MSE: 0.000991
Epoch 42/2000 | Train MSE: 0.000877
Epoch 43/2000 | Train MSE: 0.000724
Epoch 44/2000 | Train MSE: 0.000528
Epoch 45/2000 | Train MSE: 0.000490
Epoch 46/2000 | Train MSE: 0.000432
Epoch 47/2000 | Train MSE: 0.000466
Epoch 48/2000 | Train MSE: 0.000562
Epoch 49/2000 | Train MSE: 0.000463
Epoch 50/2000 | Train MSE: 0.000449
Epoch 51/2000 | Train MSE: 0.000522
Epoch 52/2000 | Train MSE: 0.000359
Epoch 53/2000 | Train MSE: 0.000274
Epoch 54/2000 | Train MSE: 0.000233
Epoch 55/2000 | Train MSE: 0.000215
Epoch 56/2000 | Train MSE: 0.000224
Epoch 57/2000 | Train MSE: 0.000220
Epoch 58/2000 | Train MSE: 0.000166
Epoch 59/2000 | Train MSE: 0.000135
Epoch 60/2000 | Train MSE: 0.000128
Epoch 61/2000 | Train MSE: 0.000089
Epoch 62/2000 | Train MSE: 0.000128
Epoch 63/2000 | Train MSE: 0.000178
Epoch 64/2000 | Train MSE: 0.000103
Epoch 65/2000 | Train MSE: 0.000117
Epoch 66/2000 | Train MSE: 0.000095
Epoch 67/2000 | Train MSE: 0.000104
Epoch 68/2000 | Train MSE: 0.000155
Epoch 69/2000 | Train MSE: 0.000132
Epoch 70/2000 | Train MSE: 0.000199
Epoch 71/2000 | Train MSE: 0.000216
Epoch 72/2000 | Train MSE: 0.000189
Epoch 73/2000 | Train MSE: 0.000172
Epoch 74/2000 | Train MSE: 0.000153
Epoch 75/2000 | Train MSE: 0.000110
Epoch 76/2000 | Train MSE: 0.000141
Epoch 77/2000 | Train MSE: 0.000121
Epoch 78/2000 | Train MSE: 0.000125
Epoch 79/2000 | Train MSE: 0.000136
Epoch 80/2000 | Train MSE: 0.000078
Epoch 81/2000 | Train MSE: 0.000049
Epoch 82/2000 | Train MSE: 0.000038
Epoch 83/2000 | Train MSE: 0.000037
Epoch 84/2000 | Train MSE: 0.000036
Epoch 85/2000 | Train MSE: 0.000035
Epoch 86/2000 | Train MSE: 0.000027
Epoch 87/2000 | Train MSE: 0.000026
Epoch 88/2000 | Train MSE: 0.000024
Epoch 89/2000 | Train MSE: 0.000025
Epoch 90/2000 | Train MSE: 0.000027
Epoch 91/2000 | Train MSE: 0.000031
Epoch 92/2000 | Train MSE: 0.000026
Epoch 93/2000 | Train MSE: 0.000017
Epoch 94/2000 | Train MSE: 0.000014
Epoch 95/2000 | Train MSE: 0.000019
Epoch 96/2000 | Train MSE: 0.000016
Epoch 97/2000 | Train MSE: 0.000019
Epoch 98/2000 | Train MSE: 0.000013
Epoch 99/2000 | Train MSE: 0.000016
Epoch 100/2000 | Train MSE: 0.000014
Epoch 101/2000 | Train MSE: 0.000017
Epoch 102/2000 | Train MSE: 0.000015
Epoch 103/2000 | Train MSE: 0.000012
Epoch 104/2000 | Train MSE: 0.000007
Epoch 105/2000 | Train MSE: 0.000013
Epoch 106/2000 | Train MSE: 0.000011
Epoch 107/2000 | Train MSE: 0.000011
Epoch 108/2000 | Train MSE: 0.000025
Epoch 109/2000 | Train MSE: 0.000024
Epoch 110/2000 | Train MSE: 0.000042
Epoch 111/2000 | Train MSE: 0.000031
Epoch 112/2000 | Train MSE: 0.000028
Epoch 113/2000 | Train MSE: 0.000033
Epoch 114/2000 | Train MSE: 0.000042
Epoch 115/2000 | Train MSE: 0.000046
Epoch 116/2000 | Train MSE: 0.000038
Epoch 117/2000 | Train MSE: 0.000035
Epoch 118/2000 | Train MSE: 0.000036
Epoch 119/2000 | Train MSE: 0.000037
Epoch 120/2000 | Train MSE: 0.000031
Epoch 121/2000 | Train MSE: 0.000021
Epoch 122/2000 | Train MSE: 0.000023
Epoch 123/2000 | Train MSE: 0.000015
Epoch 124/2000 | Train MSE: 0.000019
Epoch 125/2000 | Train MSE: 0.000011
Epoch 126/2000 | Train MSE: 0.000008
Epoch 127/2000 | Train MSE: 0.000008
Epoch 128/2000 | Train MSE: 0.000004
Epoch 129/2000 | Train MSE: 0.000005
Epoch 130/2000 | Train MSE: 0.000008
Epoch 131/2000 | Train MSE: 0.000008
Epoch 132/2000 | Train MSE: 0.000006
Epoch 133/2000 | Train MSE: 0.000006
Epoch 134/2000 | Train MSE: 0.000005
Epoch 135/2000 | Train MSE: 0.000004
Epoch 136/2000 | Train MSE: 0.000004
Epoch 137/2000 | Train MSE: 0.000006
Epoch 138/2000 | Train MSE: 0.000007
Epoch 139/2000 | Train MSE: 0.000008
Epoch 140/2000 | Train MSE: 0.000004
Epoch 141/2000 | Train MSE: 0.000004
Epoch 142/2000 | Train MSE: 0.000002
Epoch 143/2000 | Train MSE: 0.000002
Epoch 144/2000 | Train MSE: 0.000002
Epoch 145/2000 | Train MSE: 0.000002
Epoch 146/2000 | Train MSE: 0.000001
Epoch 147/2000 | Train MSE: 0.000001
Epoch 148/2000 | Train MSE: 0.000001
Epoch 149/2000 | Train MSE: 0.000001
Epoch 150/2000 | Train MSE: 0.000000
Epoch 151/2000 | Train MSE: 0.000001
Epoch 152/2000 | Train MSE: 0.000001
Epoch 153/2000 | Train MSE: 0.000001
Epoch 154/2000 | Train MSE: 0.000001
Epoch 155/2000 | Train MSE: 0.000002
Epoch 156/2000 | Train MSE: 0.000003
Epoch 157/2000 | Train MSE: 0.000003
Epoch 158/2000 | Train MSE: 0.000002
Epoch 159/2000 | Train MSE: 0.000005
Epoch 160/2000 | Train MSE: 0.000005
Epoch 161/2000 | Train MSE: 0.000007
Epoch 162/2000 | Train MSE: 0.000003
Epoch 163/2000 | Train MSE: 0.000003
Epoch 164/2000 | Train MSE: 0.000002
Epoch 165/2000 | Train MSE: 0.000002
Epoch 166/2000 | Train MSE: 0.000004
Epoch 167/2000 | Train MSE: 0.000006
Epoch 168/2000 | Train MSE: 0.000006
Epoch 169/2000 | Train MSE: 0.000008
Epoch 170/2000 | Train MSE: 0.000011
Epoch 171/2000 | Train MSE: 0.000010
Epoch 172/2000 | Train MSE: 0.000008
Epoch 173/2000 | Train MSE: 0.000020
Epoch 174/2000 | Train MSE: 0.000019
Epoch 175/2000 | Train MSE: 0.000035
Epoch 176/2000 | Train MSE: 0.000079
Epoch 177/2000 | Train MSE: 0.000068
Epoch 178/2000 | Train MSE: 0.000073
Epoch 179/2000 | Train MSE: 0.000054
Epoch 180/2000 | Train MSE: 0.000054
Epoch 181/2000 | Train MSE: 0.000042
Epoch 182/2000 | Train MSE: 0.000029
Epoch 183/2000 | Train MSE: 0.000032
Epoch 184/2000 | Train MSE: 0.000016
Epoch 185/2000 | Train MSE: 0.000013
Epoch 186/2000 | Train MSE: 0.000011
Epoch 187/2000 | Train MSE: 0.000007
Epoch 188/2000 | Train MSE: 0.000004
Epoch 189/2000 | Train MSE: 0.000008
Epoch 190/2000 | Train MSE: 0.000012
Epoch 191/2000 | Train MSE: 0.000010
Epoch 192/2000 | Train MSE: 0.000015
Epoch 193/2000 | Train MSE: 0.000011
Epoch 194/2000 | Train MSE: 0.000008
Epoch 195/2000 | Train MSE: 0.000013
Epoch 196/2000 | Train MSE: 0.000024
Epoch 197/2000 | Train MSE: 0.000018
Epoch 198/2000 | Train MSE: 0.000008
Epoch 199/2000 | Train MSE: 0.000010
Epoch 200/2000 | Train MSE: 0.000007
Early stopping at epoch 200. Best training loss: 0.000000

           ===== Results =====
           MSE : 0.00206512
           MAE : 0.03191893
           RMSE: 0.04544357
           R²  : -0.03706920

    --- Executing dataset BeijingPM25Quality --- 

Training H1

Epoch 1/2000 | Train MSE: 8981.130853
Epoch 2/2000 | Train MSE: 6685.101409
Epoch 3/2000 | Train MSE: 5738.972583
Epoch 4/2000 | Train MSE: 5308.094909
Epoch 5/2000 | Train MSE: 4593.893437
Epoch 6/2000 | Train MSE: 4292.540999
Epoch 7/2000 | Train MSE: 3676.071222
Epoch 8/2000 | Train MSE: 3668.906784
Epoch 9/2000 | Train MSE: 3109.038756
Epoch 10/2000 | Train MSE: 2817.587412
Epoch 11/2000 | Train MSE: 2682.964550
Epoch 12/2000 | Train MSE: 2458.934975
Epoch 13/2000 | Train MSE: 2152.735104
Epoch 14/2000 | Train MSE: 1968.962206
Epoch 15/2000 | Train MSE: 1755.063611
Epoch 16/2000 | Train MSE: 1598.363278
Epoch 17/2000 | Train MSE: 1448.780342
Epoch 18/2000 | Train MSE: 1323.049379
Epoch 19/2000 | Train MSE: 1269.846284
Epoch 20/2000 | Train MSE: 1010.393557
Epoch 21/2000 | Train MSE: 921.303078
Epoch 22/2000 | Train MSE: 877.715336
Epoch 23/2000 | Train MSE: 778.564351
Epoch 24/2000 | Train MSE: 727.538745
Epoch 25/2000 | Train MSE: 641.080753
Epoch 26/2000 | Train MSE: 589.907669
Epoch 27/2000 | Train MSE: 646.781130
Epoch 28/2000 | Train MSE: 583.941674
Epoch 29/2000 | Train MSE: 530.452394
Epoch 30/2000 | Train MSE: 577.140604
Epoch 31/2000 | Train MSE: 432.822075
Epoch 32/2000 | Train MSE: 467.991887
Epoch 33/2000 | Train MSE: 476.278938
Epoch 34/2000 | Train MSE: 445.489786
Epoch 35/2000 | Train MSE: 447.217471
Epoch 36/2000 | Train MSE: 439.174238
Epoch 37/2000 | Train MSE: 389.117502
Epoch 38/2000 | Train MSE: 428.513901
Epoch 39/2000 | Train MSE: 396.269378
Epoch 40/2000 | Train MSE: 306.656854
Epoch 41/2000 | Train MSE: 434.649367
Epoch 42/2000 | Train MSE: 485.480392
Epoch 43/2000 | Train MSE: 353.908376
Epoch 44/2000 | Train MSE: 248.735615
Epoch 45/2000 | Train MSE: 235.099009
Epoch 46/2000 | Train MSE: 251.726709
Epoch 47/2000 | Train MSE: 296.486266
Epoch 48/2000 | Train MSE: 310.290756
Epoch 49/2000 | Train MSE: 335.030915
Epoch 50/2000 | Train MSE: 281.925764
Epoch 51/2000 | Train MSE: 281.441891
Epoch 52/2000 | Train MSE: 323.248592
Epoch 53/2000 | Train MSE: 259.855120
Epoch 54/2000 | Train MSE: 304.634767
Epoch 55/2000 | Train MSE: 249.213804
Epoch 56/2000 | Train MSE: 253.701922
Epoch 57/2000 | Train MSE: 271.623419
Epoch 58/2000 | Train MSE: 283.641391
Epoch 59/2000 | Train MSE: 220.881319
Epoch 60/2000 | Train MSE: 231.438701
Epoch 61/2000 | Train MSE: 173.298117
Epoch 62/2000 | Train MSE: 161.312441
Epoch 63/2000 | Train MSE: 201.671988
Epoch 64/2000 | Train MSE: 237.571175
Epoch 65/2000 | Train MSE: 223.038407
Epoch 66/2000 | Train MSE: 225.128927
Epoch 67/2000 | Train MSE: 223.139321
Epoch 68/2000 | Train MSE: 186.929909
Epoch 69/2000 | Train MSE: 169.076140
Epoch 70/2000 | Train MSE: 185.834223
Epoch 71/2000 | Train MSE: 196.796830
Epoch 72/2000 | Train MSE: 205.432549
Epoch 73/2000 | Train MSE: 202.255992
Epoch 74/2000 | Train MSE: 151.863083
Epoch 75/2000 | Train MSE: 133.313644
Epoch 76/2000 | Train MSE: 161.572753
Epoch 77/2000 | Train MSE: 183.033806
Epoch 78/2000 | Train MSE: 189.748021
Epoch 79/2000 | Train MSE: 174.219469
Epoch 80/2000 | Train MSE: 177.365154
Epoch 81/2000 | Train MSE: 158.192732
Epoch 82/2000 | Train MSE: 184.374761
Epoch 83/2000 | Train MSE: 172.236992
Epoch 84/2000 | Train MSE: 169.754238
Epoch 85/2000 | Train MSE: 158.130067
Epoch 86/2000 | Train MSE: 166.607012
Epoch 87/2000 | Train MSE: 167.760916
Epoch 88/2000 | Train MSE: 166.481422
Epoch 89/2000 | Train MSE: 142.390130
Epoch 90/2000 | Train MSE: 129.830495
Epoch 91/2000 | Train MSE: 122.885049
Epoch 92/2000 | Train MSE: 143.970781
Epoch 93/2000 | Train MSE: 157.092228
Epoch 94/2000 | Train MSE: 182.113868
Epoch 95/2000 | Train MSE: 151.376678
Epoch 96/2000 | Train MSE: 146.631214
Epoch 97/2000 | Train MSE: 127.003478
Epoch 98/2000 | Train MSE: 104.020684
Epoch 99/2000 | Train MSE: 121.100473
Epoch 100/2000 | Train MSE: 122.290900
Epoch 101/2000 | Train MSE: 148.330005
Epoch 102/2000 | Train MSE: 141.210751
Epoch 103/2000 | Train MSE: 135.352547
Epoch 104/2000 | Train MSE: 124.212302
Epoch 105/2000 | Train MSE: 105.009735
Epoch 106/2000 | Train MSE: 114.468117
Epoch 107/2000 | Train MSE: 117.042661
Epoch 108/2000 | Train MSE: 108.029818
Epoch 109/2000 | Train MSE: 125.602955
Epoch 110/2000 | Train MSE: 135.386272
Epoch 111/2000 | Train MSE: 128.781076
Epoch 112/2000 | Train MSE: 118.945361
Epoch 113/2000 | Train MSE: 120.612529
Epoch 114/2000 | Train MSE: 117.651113
Epoch 115/2000 | Train MSE: 115.018919
Epoch 116/2000 | Train MSE: 102.031448
Epoch 117/2000 | Train MSE: 106.264312
Epoch 118/2000 | Train MSE: 108.540313
Epoch 119/2000 | Train MSE: 126.356315
Epoch 120/2000 | Train MSE: 96.838528
Epoch 121/2000 | Train MSE: 101.908331
Epoch 122/2000 | Train MSE: 111.248044
Epoch 123/2000 | Train MSE: 118.131855
Epoch 124/2000 | Train MSE: 117.194987
Epoch 125/2000 | Train MSE: 103.292589
Epoch 126/2000 | Train MSE: 92.152418
Epoch 127/2000 | Train MSE: 104.287250
Epoch 128/2000 | Train MSE: 113.321547
Epoch 129/2000 | Train MSE: 110.032291
Epoch 130/2000 | Train MSE: 112.920072
Epoch 131/2000 | Train MSE: 109.575044
Epoch 132/2000 | Train MSE: 141.458943
Epoch 133/2000 | Train MSE: 90.165244
Epoch 134/2000 | Train MSE: 74.925465
Epoch 135/2000 | Train MSE: 74.512648
Epoch 136/2000 | Train MSE: 91.397318
Epoch 137/2000 | Train MSE: 100.447098
Epoch 138/2000 | Train MSE: 112.872844
Epoch 139/2000 | Train MSE: 114.860596
Epoch 140/2000 | Train MSE: 91.557087
Epoch 141/2000 | Train MSE: 81.769460
Epoch 142/2000 | Train MSE: 119.158166
Epoch 143/2000 | Train MSE: 105.428449
Epoch 144/2000 | Train MSE: 87.754464
Epoch 145/2000 | Train MSE: 70.305233
Epoch 146/2000 | Train MSE: 89.862358
Epoch 147/2000 | Train MSE: 109.998443
Epoch 148/2000 | Train MSE: 87.915983
Epoch 149/2000 | Train MSE: 91.776299
Epoch 150/2000 | Train MSE: 110.119164
Epoch 151/2000 | Train MSE: 81.870135
Epoch 152/2000 | Train MSE: 83.986296
Epoch 153/2000 | Train MSE: 86.308691
Epoch 154/2000 | Train MSE: 90.275735
Epoch 155/2000 | Train MSE: 84.028188
Epoch 156/2000 | Train MSE: 79.314710
Epoch 157/2000 | Train MSE: 62.786400
Epoch 158/2000 | Train MSE: 74.372771
Epoch 159/2000 | Train MSE: 82.567051
Epoch 160/2000 | Train MSE: 84.964008
Epoch 161/2000 | Train MSE: 97.069119
Epoch 162/2000 | Train MSE: 118.877682
Epoch 163/2000 | Train MSE: 77.957747
Epoch 164/2000 | Train MSE: 71.253865
Epoch 165/2000 | Train MSE: 70.664884
Epoch 166/2000 | Train MSE: 67.130270
Epoch 167/2000 | Train MSE: 65.368106
Epoch 168/2000 | Train MSE: 90.992103
Epoch 169/2000 | Train MSE: 93.686124
Epoch 170/2000 | Train MSE: 94.031317
Epoch 171/2000 | Train MSE: 86.548930
Epoch 172/2000 | Train MSE: 74.562876
Epoch 173/2000 | Train MSE: 64.688390
Epoch 174/2000 | Train MSE: 62.828484
Epoch 175/2000 | Train MSE: 79.959947
Epoch 176/2000 | Train MSE: 75.907265
Epoch 177/2000 | Train MSE: 72.047384
Epoch 178/2000 | Train MSE: 72.028751
Epoch 179/2000 | Train MSE: 71.639485
Epoch 180/2000 | Train MSE: 68.039799
Epoch 181/2000 | Train MSE: 68.643800
Epoch 182/2000 | Train MSE: 60.240135
Epoch 183/2000 | Train MSE: 61.790079
Epoch 184/2000 | Train MSE: 72.353972
Epoch 185/2000 | Train MSE: 76.598548
Epoch 186/2000 | Train MSE: 77.384508
Epoch 187/2000 | Train MSE: 77.156910
Epoch 188/2000 | Train MSE: 88.438289
Epoch 189/2000 | Train MSE: 79.375058
Epoch 190/2000 | Train MSE: 67.105290
Epoch 191/2000 | Train MSE: 61.430414
Epoch 192/2000 | Train MSE: 56.691018
Epoch 193/2000 | Train MSE: 56.839973
Epoch 194/2000 | Train MSE: 65.135070
Epoch 195/2000 | Train MSE: 83.696297
Epoch 196/2000 | Train MSE: 91.755884
Epoch 197/2000 | Train MSE: 84.537441
Epoch 198/2000 | Train MSE: 64.954651
Epoch 199/2000 | Train MSE: 51.813203
Epoch 200/2000 | Train MSE: 70.184638
Epoch 201/2000 | Train MSE: 71.118696
Epoch 202/2000 | Train MSE: 56.516861
Epoch 203/2000 | Train MSE: 54.292608
Epoch 204/2000 | Train MSE: 63.276036
Epoch 205/2000 | Train MSE: 54.870817
Epoch 206/2000 | Train MSE: 63.796722
Epoch 207/2000 | Train MSE: 67.935992
Epoch 208/2000 | Train MSE: 67.183246
Epoch 209/2000 | Train MSE: 59.319695
Epoch 210/2000 | Train MSE: 59.913145
Epoch 211/2000 | Train MSE: 62.882838
Epoch 212/2000 | Train MSE: 54.671674
Epoch 213/2000 | Train MSE: 54.855562
Epoch 214/2000 | Train MSE: 54.214097
Epoch 215/2000 | Train MSE: 52.171323
Epoch 216/2000 | Train MSE: 85.556280
Epoch 217/2000 | Train MSE: 71.264347
Epoch 218/2000 | Train MSE: 55.614931
Epoch 219/2000 | Train MSE: 51.929858
Epoch 220/2000 | Train MSE: 50.956000
Epoch 221/2000 | Train MSE: 73.294978
Epoch 222/2000 | Train MSE: 77.003630
Epoch 223/2000 | Train MSE: 54.754289
Epoch 224/2000 | Train MSE: 42.076004
Epoch 225/2000 | Train MSE: 55.597299
Epoch 226/2000 | Train MSE: 63.072494
Epoch 227/2000 | Train MSE: 57.974989
Epoch 228/2000 | Train MSE: 52.746489
Epoch 229/2000 | Train MSE: 48.358750
Epoch 230/2000 | Train MSE: 57.080171
Epoch 231/2000 | Train MSE: 59.430926
Epoch 232/2000 | Train MSE: 62.461507
Epoch 233/2000 | Train MSE: 65.735949
Epoch 234/2000 | Train MSE: 60.474358
Epoch 235/2000 | Train MSE: 55.578641
Epoch 236/2000 | Train MSE: 48.912695
Epoch 237/2000 | Train MSE: 45.437900
Epoch 238/2000 | Train MSE: 100.198483
Epoch 239/2000 | Train MSE: 71.170412
Epoch 240/2000 | Train MSE: 42.129574
Epoch 241/2000 | Train MSE: 33.944252
Epoch 242/2000 | Train MSE: 37.759236
Epoch 243/2000 | Train MSE: 57.682855
Epoch 244/2000 | Train MSE: 58.297151
Epoch 245/2000 | Train MSE: 56.993574
Epoch 246/2000 | Train MSE: 55.884943
Epoch 247/2000 | Train MSE: 54.944444
Epoch 248/2000 | Train MSE: 49.191766
Epoch 249/2000 | Train MSE: 41.429346
Epoch 250/2000 | Train MSE: 41.894554
Epoch 251/2000 | Train MSE: 42.719143
Epoch 252/2000 | Train MSE: 56.158514
Epoch 253/2000 | Train MSE: 58.264279
Epoch 254/2000 | Train MSE: 57.296411
Epoch 255/2000 | Train MSE: 51.789768
Epoch 256/2000 | Train MSE: 61.430282
Epoch 257/2000 | Train MSE: 43.065948
Epoch 258/2000 | Train MSE: 44.466624
Epoch 259/2000 | Train MSE: 54.998270
Epoch 260/2000 | Train MSE: 59.063210
Epoch 261/2000 | Train MSE: 64.859970
Epoch 262/2000 | Train MSE: 50.357048
Epoch 263/2000 | Train MSE: 57.060014
Epoch 264/2000 | Train MSE: 39.547700
Epoch 265/2000 | Train MSE: 32.889410
Epoch 266/2000 | Train MSE: 37.440894
Epoch 267/2000 | Train MSE: 44.453844
Epoch 268/2000 | Train MSE: 55.120975
Epoch 269/2000 | Train MSE: 47.894530
Epoch 270/2000 | Train MSE: 44.596304
Epoch 271/2000 | Train MSE: 42.016417
Epoch 272/2000 | Train MSE: 45.219036
Epoch 273/2000 | Train MSE: 55.942339
Epoch 274/2000 | Train MSE: 50.028816
Epoch 275/2000 | Train MSE: 51.650100
Epoch 276/2000 | Train MSE: 51.356788
Epoch 277/2000 | Train MSE: 49.680664
Epoch 278/2000 | Train MSE: 41.923044
Epoch 279/2000 | Train MSE: 44.687040
Epoch 280/2000 | Train MSE: 68.398201
Epoch 281/2000 | Train MSE: 71.901825
Epoch 282/2000 | Train MSE: 52.588905
Epoch 283/2000 | Train MSE: 44.971393
Epoch 284/2000 | Train MSE: 33.459621
Epoch 285/2000 | Train MSE: 33.621865
Epoch 286/2000 | Train MSE: 52.483373
Epoch 287/2000 | Train MSE: 65.417517
Epoch 288/2000 | Train MSE: 48.109502
Epoch 289/2000 | Train MSE: 36.044805
Epoch 290/2000 | Train MSE: 34.733431
Epoch 291/2000 | Train MSE: 37.467324
Epoch 292/2000 | Train MSE: 59.666013
Epoch 293/2000 | Train MSE: 53.905533
Epoch 294/2000 | Train MSE: 42.135472
Epoch 295/2000 | Train MSE: 36.419849
Epoch 296/2000 | Train MSE: 47.906153
Epoch 297/2000 | Train MSE: 49.662701
Epoch 298/2000 | Train MSE: 57.695433
Epoch 299/2000 | Train MSE: 54.473142
Epoch 300/2000 | Train MSE: 45.858022
Epoch 301/2000 | Train MSE: 39.649683
Epoch 302/2000 | Train MSE: 33.093047
Epoch 303/2000 | Train MSE: 34.164599
Epoch 304/2000 | Train MSE: 35.716018
Epoch 305/2000 | Train MSE: 49.119316
Epoch 306/2000 | Train MSE: 55.121987
Epoch 307/2000 | Train MSE: 51.464887
Epoch 308/2000 | Train MSE: 43.361012
Epoch 309/2000 | Train MSE: 36.369950
Epoch 310/2000 | Train MSE: 36.376976
Epoch 311/2000 | Train MSE: 35.138906
Epoch 312/2000 | Train MSE: 41.190525
Epoch 313/2000 | Train MSE: 43.643767
Epoch 314/2000 | Train MSE: 40.019528
Epoch 315/2000 | Train MSE: 43.446390
Early stopping at epoch 315. Best training loss: 32.889410

Training H2

Epoch 1/2000 | Train MSE: 10212.562809
Epoch 2/2000 | Train MSE: 6418.921722
Epoch 3/2000 | Train MSE: 5701.599991
Epoch 4/2000 | Train MSE: 4916.556693
Epoch 5/2000 | Train MSE: 4555.175355
Epoch 6/2000 | Train MSE: 4163.322756
Epoch 7/2000 | Train MSE: 3725.226797
Epoch 8/2000 | Train MSE: 3478.935748
Epoch 9/2000 | Train MSE: 3000.824447
Epoch 10/2000 | Train MSE: 2682.105386
Epoch 11/2000 | Train MSE: 2383.314626
Epoch 12/2000 | Train MSE: 2287.481940
Epoch 13/2000 | Train MSE: 1930.135385
Epoch 14/2000 | Train MSE: 1693.443330
Epoch 15/2000 | Train MSE: 1704.338440
Epoch 16/2000 | Train MSE: 1398.372869
Epoch 17/2000 | Train MSE: 1221.296493
Epoch 18/2000 | Train MSE: 1090.498238
Epoch 19/2000 | Train MSE: 1040.393448
Epoch 20/2000 | Train MSE: 911.604060
Epoch 21/2000 | Train MSE: 956.319684
Epoch 22/2000 | Train MSE: 796.017071
Epoch 23/2000 | Train MSE: 704.781324
Epoch 24/2000 | Train MSE: 616.852336
Epoch 25/2000 | Train MSE: 686.296796
Epoch 26/2000 | Train MSE: 585.350124
Epoch 27/2000 | Train MSE: 475.593130
Epoch 28/2000 | Train MSE: 582.852634
Epoch 29/2000 | Train MSE: 563.499464
Epoch 30/2000 | Train MSE: 572.008092
Epoch 31/2000 | Train MSE: 432.892950
Epoch 32/2000 | Train MSE: 415.352517
Epoch 33/2000 | Train MSE: 418.695980
Epoch 34/2000 | Train MSE: 392.546958
Epoch 35/2000 | Train MSE: 400.720553
Epoch 36/2000 | Train MSE: 349.378088
Epoch 37/2000 | Train MSE: 401.620379
Epoch 38/2000 | Train MSE: 428.177877
Epoch 39/2000 | Train MSE: 412.106488
Epoch 40/2000 | Train MSE: 322.199281
Epoch 41/2000 | Train MSE: 403.365265
Epoch 42/2000 | Train MSE: 356.369159
Epoch 43/2000 | Train MSE: 297.610213
Epoch 44/2000 | Train MSE: 308.151531
Epoch 45/2000 | Train MSE: 293.881393
Epoch 46/2000 | Train MSE: 327.106739
Epoch 47/2000 | Train MSE: 314.972496
Epoch 48/2000 | Train MSE: 335.674763
Epoch 49/2000 | Train MSE: 249.744059
Epoch 50/2000 | Train MSE: 252.698965
Epoch 51/2000 | Train MSE: 255.391808
Epoch 52/2000 | Train MSE: 259.610482
Epoch 53/2000 | Train MSE: 261.586051
Epoch 54/2000 | Train MSE: 248.246790
Epoch 55/2000 | Train MSE: 264.824598
Epoch 56/2000 | Train MSE: 272.223659
Epoch 57/2000 | Train MSE: 234.414385
Epoch 58/2000 | Train MSE: 208.148024
Epoch 59/2000 | Train MSE: 210.898497
Epoch 60/2000 | Train MSE: 232.222500
Epoch 61/2000 | Train MSE: 204.242324
Epoch 62/2000 | Train MSE: 197.056280
Epoch 63/2000 | Train MSE: 268.445438
Epoch 64/2000 | Train MSE: 254.114041
Epoch 65/2000 | Train MSE: 208.786329
Epoch 66/2000 | Train MSE: 181.840278
Epoch 67/2000 | Train MSE: 163.275670
Epoch 68/2000 | Train MSE: 170.875555
Epoch 69/2000 | Train MSE: 215.133510
Epoch 70/2000 | Train MSE: 195.965220
Epoch 71/2000 | Train MSE: 161.033320
Epoch 72/2000 | Train MSE: 170.095918
Epoch 73/2000 | Train MSE: 154.720034
Epoch 74/2000 | Train MSE: 166.676201
Epoch 75/2000 | Train MSE: 201.431954
Epoch 76/2000 | Train MSE: 212.605657
Epoch 77/2000 | Train MSE: 175.049030
Epoch 78/2000 | Train MSE: 140.038400
Epoch 79/2000 | Train MSE: 139.134568
Epoch 80/2000 | Train MSE: 169.842250
Epoch 81/2000 | Train MSE: 197.970775
Epoch 82/2000 | Train MSE: 192.970849
Epoch 83/2000 | Train MSE: 147.085240
Epoch 84/2000 | Train MSE: 138.384354
Epoch 85/2000 | Train MSE: 115.289532
Epoch 86/2000 | Train MSE: 125.425084
Epoch 87/2000 | Train MSE: 129.779080
Epoch 88/2000 | Train MSE: 165.294315
Epoch 89/2000 | Train MSE: 161.504981
Epoch 90/2000 | Train MSE: 133.399072
Epoch 91/2000 | Train MSE: 154.524901
Epoch 92/2000 | Train MSE: 125.545110
Epoch 93/2000 | Train MSE: 191.947389
Epoch 94/2000 | Train MSE: 187.718032
Epoch 95/2000 | Train MSE: 133.154949
Epoch 96/2000 | Train MSE: 126.780615
Epoch 97/2000 | Train MSE: 101.693594
Epoch 98/2000 | Train MSE: 103.619562
Epoch 99/2000 | Train MSE: 114.156950
Epoch 100/2000 | Train MSE: 152.362794
Epoch 101/2000 | Train MSE: 159.471563
Epoch 102/2000 | Train MSE: 126.282872
Epoch 103/2000 | Train MSE: 126.803234
Epoch 104/2000 | Train MSE: 127.387787
Epoch 105/2000 | Train MSE: 105.940858
Epoch 106/2000 | Train MSE: 117.070751
Epoch 107/2000 | Train MSE: 145.012346
Epoch 108/2000 | Train MSE: 158.206600
Epoch 109/2000 | Train MSE: 123.644936
Epoch 110/2000 | Train MSE: 108.605629
Epoch 111/2000 | Train MSE: 89.010363
Epoch 112/2000 | Train MSE: 79.878530
Epoch 113/2000 | Train MSE: 98.165141
Epoch 114/2000 | Train MSE: 110.406842
Epoch 115/2000 | Train MSE: 110.071266
Epoch 116/2000 | Train MSE: 119.988940
Epoch 117/2000 | Train MSE: 130.319483
Epoch 118/2000 | Train MSE: 130.928040
Epoch 119/2000 | Train MSE: 105.526052
Epoch 120/2000 | Train MSE: 78.431226
Epoch 121/2000 | Train MSE: 78.972221
Epoch 122/2000 | Train MSE: 103.716464
Epoch 123/2000 | Train MSE: 123.758944
Epoch 124/2000 | Train MSE: 131.496901
Epoch 125/2000 | Train MSE: 112.356611
Epoch 126/2000 | Train MSE: 105.657040
Epoch 127/2000 | Train MSE: 87.337014
Epoch 128/2000 | Train MSE: 84.088967
Epoch 129/2000 | Train MSE: 89.461389
Epoch 130/2000 | Train MSE: 101.802350
Epoch 131/2000 | Train MSE: 122.077236
Epoch 132/2000 | Train MSE: 96.324753
Epoch 133/2000 | Train MSE: 87.465310
Epoch 134/2000 | Train MSE: 91.640379
Epoch 135/2000 | Train MSE: 113.344114
Epoch 136/2000 | Train MSE: 102.702462
Epoch 137/2000 | Train MSE: 75.992406
Epoch 138/2000 | Train MSE: 77.375220
Epoch 139/2000 | Train MSE: 88.985392
Epoch 140/2000 | Train MSE: 98.657566
Epoch 141/2000 | Train MSE: 99.655478
Epoch 142/2000 | Train MSE: 102.150113
Epoch 143/2000 | Train MSE: 80.124481
Epoch 144/2000 | Train MSE: 68.542332
Epoch 145/2000 | Train MSE: 64.569571
Epoch 146/2000 | Train MSE: 78.338554
Epoch 147/2000 | Train MSE: 94.657371
Epoch 148/2000 | Train MSE: 108.206932
Epoch 149/2000 | Train MSE: 90.226030
Epoch 150/2000 | Train MSE: 78.491834
Epoch 151/2000 | Train MSE: 90.215893
Epoch 152/2000 | Train MSE: 126.660131
Epoch 153/2000 | Train MSE: 88.073876
Epoch 154/2000 | Train MSE: 70.379562
Epoch 155/2000 | Train MSE: 59.060053
Epoch 156/2000 | Train MSE: 69.036072
Epoch 157/2000 | Train MSE: 120.998849
Epoch 158/2000 | Train MSE: 91.266566
Epoch 159/2000 | Train MSE: 108.232675
Epoch 160/2000 | Train MSE: 83.114871
Epoch 161/2000 | Train MSE: 68.474557
Epoch 162/2000 | Train MSE: 48.078386
Epoch 163/2000 | Train MSE: 52.454484
Epoch 164/2000 | Train MSE: 77.613996
Epoch 165/2000 | Train MSE: 80.836305
Epoch 166/2000 | Train MSE: 83.840076
Epoch 167/2000 | Train MSE: 83.242620
Epoch 168/2000 | Train MSE: 75.105995
Epoch 169/2000 | Train MSE: 80.950911
Epoch 170/2000 | Train MSE: 82.370079
Epoch 171/2000 | Train MSE: 93.019806
Epoch 172/2000 | Train MSE: 85.618330
Epoch 173/2000 | Train MSE: 74.014314
Epoch 174/2000 | Train MSE: 68.106951
Epoch 175/2000 | Train MSE: 76.885059
Epoch 176/2000 | Train MSE: 76.706654
Epoch 177/2000 | Train MSE: 78.763833
Epoch 178/2000 | Train MSE: 81.315139
Epoch 179/2000 | Train MSE: 73.490160
Epoch 180/2000 | Train MSE: 68.709686
Epoch 181/2000 | Train MSE: 67.028430
Epoch 182/2000 | Train MSE: 58.204838
Epoch 183/2000 | Train MSE: 68.320599
Epoch 184/2000 | Train MSE: 71.262933
Epoch 185/2000 | Train MSE: 74.187496
Epoch 186/2000 | Train MSE: 57.086542
Epoch 187/2000 | Train MSE: 66.921882
Epoch 188/2000 | Train MSE: 78.193470
Epoch 189/2000 | Train MSE: 72.025376
Epoch 190/2000 | Train MSE: 64.032241
Epoch 191/2000 | Train MSE: 58.460442
Epoch 192/2000 | Train MSE: 62.159253
Epoch 193/2000 | Train MSE: 72.275555
Epoch 194/2000 | Train MSE: 87.099397
Epoch 195/2000 | Train MSE: 71.405749
Epoch 196/2000 | Train MSE: 65.585920
Epoch 197/2000 | Train MSE: 64.139779
Epoch 198/2000 | Train MSE: 62.415865
Epoch 199/2000 | Train MSE: 71.386014
Epoch 200/2000 | Train MSE: 120.921353
Epoch 201/2000 | Train MSE: 65.789187
Epoch 202/2000 | Train MSE: 42.187070
Epoch 203/2000 | Train MSE: 40.767741
Epoch 204/2000 | Train MSE: 39.205341
Epoch 205/2000 | Train MSE: 44.933991
Epoch 206/2000 | Train MSE: 63.227642
Epoch 207/2000 | Train MSE: 94.748191
Epoch 208/2000 | Train MSE: 103.744592
Epoch 209/2000 | Train MSE: 67.546389
Epoch 210/2000 | Train MSE: 43.829627
Epoch 211/2000 | Train MSE: 33.732677
Epoch 212/2000 | Train MSE: 38.010760
Epoch 213/2000 | Train MSE: 60.895209
Epoch 214/2000 | Train MSE: 89.238110
Epoch 215/2000 | Train MSE: 83.822655
Epoch 216/2000 | Train MSE: 64.340426
Epoch 217/2000 | Train MSE: 46.566569
Epoch 218/2000 | Train MSE: 44.940430
Epoch 219/2000 | Train MSE: 45.134975
Epoch 220/2000 | Train MSE: 55.820962
Epoch 221/2000 | Train MSE: 64.792020
Epoch 222/2000 | Train MSE: 82.382948
Epoch 223/2000 | Train MSE: 56.347908
Epoch 224/2000 | Train MSE: 49.673552
Epoch 225/2000 | Train MSE: 46.223534
Epoch 226/2000 | Train MSE: 52.194534
Epoch 227/2000 | Train MSE: 56.007499
Epoch 228/2000 | Train MSE: 73.246819
Epoch 229/2000 | Train MSE: 69.473853
Epoch 230/2000 | Train MSE: 59.288359
Epoch 231/2000 | Train MSE: 45.781340
Epoch 232/2000 | Train MSE: 41.132516
Epoch 233/2000 | Train MSE: 36.613768
Epoch 234/2000 | Train MSE: 46.684059
Epoch 235/2000 | Train MSE: 60.924862
Epoch 236/2000 | Train MSE: 81.725143
Epoch 237/2000 | Train MSE: 69.935695
Epoch 238/2000 | Train MSE: 62.930566
Epoch 239/2000 | Train MSE: 44.404782
Epoch 240/2000 | Train MSE: 43.572926
Epoch 241/2000 | Train MSE: 41.887002
Epoch 242/2000 | Train MSE: 45.804738
Epoch 243/2000 | Train MSE: 58.187064
Epoch 244/2000 | Train MSE: 75.650167
Epoch 245/2000 | Train MSE: 62.228892
Epoch 246/2000 | Train MSE: 50.346012
Epoch 247/2000 | Train MSE: 44.374593
Epoch 248/2000 | Train MSE: 44.226889
Epoch 249/2000 | Train MSE: 40.741487
Epoch 250/2000 | Train MSE: 48.399520
Epoch 251/2000 | Train MSE: 56.060791
Epoch 252/2000 | Train MSE: 49.548132
Epoch 253/2000 | Train MSE: 47.917732
Epoch 254/2000 | Train MSE: 51.478712
Epoch 255/2000 | Train MSE: 52.442546
Epoch 256/2000 | Train MSE: 50.748707
Epoch 257/2000 | Train MSE: 46.640373
Epoch 258/2000 | Train MSE: 53.045336
Epoch 259/2000 | Train MSE: 50.408901
Epoch 260/2000 | Train MSE: 54.858184
Epoch 261/2000 | Train MSE: 48.604785
Early stopping at epoch 261. Best training loss: 33.732677

Training H3

Epoch 1/2000 | Train MSE: 10143.957304
Epoch 2/2000 | Train MSE: 6773.246822
Epoch 3/2000 | Train MSE: 5762.291712
Epoch 4/2000 | Train MSE: 5099.615922
Epoch 5/2000 | Train MSE: 4659.254443
Epoch 6/2000 | Train MSE: 4249.375446
Epoch 7/2000 | Train MSE: 3784.657481
Epoch 8/2000 | Train MSE: 3514.943012
Epoch 9/2000 | Train MSE: 3234.196063
Epoch 10/2000 | Train MSE: 3036.647601
Epoch 11/2000 | Train MSE: 2714.346491
Epoch 12/2000 | Train MSE: 2391.272421
Epoch 13/2000 | Train MSE: 2202.006218
Epoch 14/2000 | Train MSE: 2065.544985
Epoch 15/2000 | Train MSE: 1868.024859
Epoch 16/2000 | Train MSE: 1818.404117
Epoch 17/2000 | Train MSE: 1531.935761
Epoch 18/2000 | Train MSE: 1389.171209
Epoch 19/2000 | Train MSE: 1259.565493
Epoch 20/2000 | Train MSE: 1152.211773
Epoch 21/2000 | Train MSE: 1048.639612
Epoch 22/2000 | Train MSE: 963.701536
Epoch 23/2000 | Train MSE: 911.714199
Epoch 24/2000 | Train MSE: 797.621145
Epoch 25/2000 | Train MSE: 753.414155
Epoch 26/2000 | Train MSE: 760.513701
Epoch 27/2000 | Train MSE: 628.718332
Epoch 28/2000 | Train MSE: 605.394102
Epoch 29/2000 | Train MSE: 590.654058
Epoch 30/2000 | Train MSE: 524.230970
Epoch 31/2000 | Train MSE: 549.770820
Epoch 32/2000 | Train MSE: 482.357423
Epoch 33/2000 | Train MSE: 451.491707
Epoch 34/2000 | Train MSE: 500.421904
Epoch 35/2000 | Train MSE: 407.188908
Epoch 36/2000 | Train MSE: 385.378170
Epoch 37/2000 | Train MSE: 475.045370
Epoch 38/2000 | Train MSE: 414.609441
Epoch 39/2000 | Train MSE: 391.794161
Epoch 40/2000 | Train MSE: 398.004109
Epoch 41/2000 | Train MSE: 378.838063
Epoch 42/2000 | Train MSE: 368.726874
Epoch 43/2000 | Train MSE: 366.531500
Epoch 44/2000 | Train MSE: 337.044211
Epoch 45/2000 | Train MSE: 356.413946
Epoch 46/2000 | Train MSE: 318.865648
Epoch 47/2000 | Train MSE: 366.480291
Epoch 48/2000 | Train MSE: 353.394977
Epoch 49/2000 | Train MSE: 276.599538
Epoch 50/2000 | Train MSE: 281.159251
Epoch 51/2000 | Train MSE: 251.525377
Epoch 52/2000 | Train MSE: 294.363301
Epoch 53/2000 | Train MSE: 281.624193
Epoch 54/2000 | Train MSE: 250.591301
Epoch 55/2000 | Train MSE: 215.270785
Epoch 56/2000 | Train MSE: 228.360557
Epoch 57/2000 | Train MSE: 292.837822
Epoch 58/2000 | Train MSE: 308.750016
Epoch 59/2000 | Train MSE: 246.604759
Epoch 60/2000 | Train MSE: 229.379829
Epoch 61/2000 | Train MSE: 228.878150
Epoch 62/2000 | Train MSE: 243.805320
Epoch 63/2000 | Train MSE: 236.804638
Epoch 64/2000 | Train MSE: 192.728673
Epoch 65/2000 | Train MSE: 182.353863
Epoch 66/2000 | Train MSE: 223.656920
Epoch 67/2000 | Train MSE: 225.732982
Epoch 68/2000 | Train MSE: 197.255942
Epoch 69/2000 | Train MSE: 195.798992
Epoch 70/2000 | Train MSE: 188.613684
Epoch 71/2000 | Train MSE: 181.670901
Epoch 72/2000 | Train MSE: 172.420750
Epoch 73/2000 | Train MSE: 209.484080
Epoch 74/2000 | Train MSE: 213.129447
Epoch 75/2000 | Train MSE: 221.407792
Epoch 76/2000 | Train MSE: 213.343955
Epoch 77/2000 | Train MSE: 178.386425
Epoch 78/2000 | Train MSE: 185.721731
Epoch 79/2000 | Train MSE: 162.394843
Epoch 80/2000 | Train MSE: 134.507566
Epoch 81/2000 | Train MSE: 133.657898
Epoch 82/2000 | Train MSE: 156.998941
Epoch 83/2000 | Train MSE: 153.485990
Epoch 84/2000 | Train MSE: 168.138017
Epoch 85/2000 | Train MSE: 174.436435
Epoch 86/2000 | Train MSE: 167.782336
Epoch 87/2000 | Train MSE: 143.483317
Epoch 88/2000 | Train MSE: 144.744932
Epoch 89/2000 | Train MSE: 235.834225
Epoch 90/2000 | Train MSE: 181.010959
Epoch 91/2000 | Train MSE: 111.498244
Epoch 92/2000 | Train MSE: 113.278526
Epoch 93/2000 | Train MSE: 141.179166
Epoch 94/2000 | Train MSE: 134.914258
Epoch 95/2000 | Train MSE: 152.331928
Epoch 96/2000 | Train MSE: 169.750558
Epoch 97/2000 | Train MSE: 175.082659
Epoch 98/2000 | Train MSE: 135.301157
Epoch 99/2000 | Train MSE: 122.918099
Epoch 100/2000 | Train MSE: 117.459765
Epoch 101/2000 | Train MSE: 126.247234
Epoch 102/2000 | Train MSE: 111.151480
Epoch 103/2000 | Train MSE: 127.720882
Epoch 104/2000 | Train MSE: 155.396696
Epoch 105/2000 | Train MSE: 131.296194
Epoch 106/2000 | Train MSE: 124.626728
Epoch 107/2000 | Train MSE: 113.415253
Epoch 108/2000 | Train MSE: 131.808396
Epoch 109/2000 | Train MSE: 102.921398
Epoch 110/2000 | Train MSE: 103.158273
Epoch 111/2000 | Train MSE: 122.791106
Epoch 112/2000 | Train MSE: 132.904398
Epoch 113/2000 | Train MSE: 149.731794
Epoch 114/2000 | Train MSE: 156.790405
Epoch 115/2000 | Train MSE: 150.681507
Epoch 116/2000 | Train MSE: 108.445974
Epoch 117/2000 | Train MSE: 91.370004
Epoch 118/2000 | Train MSE: 84.694095
Epoch 119/2000 | Train MSE: 105.013743
Epoch 120/2000 | Train MSE: 127.270448
Epoch 121/2000 | Train MSE: 125.748407
Epoch 122/2000 | Train MSE: 126.424789
Epoch 123/2000 | Train MSE: 111.730841
Epoch 124/2000 | Train MSE: 102.439336
Epoch 125/2000 | Train MSE: 98.663534
Epoch 126/2000 | Train MSE: 97.818887
Epoch 127/2000 | Train MSE: 108.035616
Epoch 128/2000 | Train MSE: 97.669323
Epoch 129/2000 | Train MSE: 108.123573
Epoch 130/2000 | Train MSE: 105.644768
Epoch 131/2000 | Train MSE: 103.156776
Epoch 132/2000 | Train MSE: 108.326772
Epoch 133/2000 | Train MSE: 107.414435
Epoch 134/2000 | Train MSE: 111.316918
Epoch 135/2000 | Train MSE: 91.186636
Epoch 136/2000 | Train MSE: 79.868490
Epoch 137/2000 | Train MSE: 85.615809
Epoch 138/2000 | Train MSE: 84.425077
Epoch 139/2000 | Train MSE: 98.755401
Epoch 140/2000 | Train MSE: 104.417600
Epoch 141/2000 | Train MSE: 94.140766
Epoch 142/2000 | Train MSE: 74.403222
Epoch 143/2000 | Train MSE: 90.815200
Epoch 144/2000 | Train MSE: 118.586618
Epoch 145/2000 | Train MSE: 100.524932
Epoch 146/2000 | Train MSE: 92.115895
Epoch 147/2000 | Train MSE: 99.731885
Epoch 148/2000 | Train MSE: 87.827485
Epoch 149/2000 | Train MSE: 72.334231
Epoch 150/2000 | Train MSE: 76.723545
Epoch 151/2000 | Train MSE: 81.408103
Epoch 152/2000 | Train MSE: 97.976532
Epoch 153/2000 | Train MSE: 101.071486
Epoch 154/2000 | Train MSE: 83.845457
Epoch 155/2000 | Train MSE: 83.041067
Epoch 156/2000 | Train MSE: 86.197742
Epoch 157/2000 | Train MSE: 74.543982
Epoch 158/2000 | Train MSE: 84.182230
Epoch 159/2000 | Train MSE: 75.449366
Epoch 160/2000 | Train MSE: 72.139651
Epoch 161/2000 | Train MSE: 98.275694
Epoch 162/2000 | Train MSE: 106.866798
Epoch 163/2000 | Train MSE: 95.820910
Epoch 164/2000 | Train MSE: 74.274844
Epoch 165/2000 | Train MSE: 82.827144
Epoch 166/2000 | Train MSE: 69.376260
Epoch 167/2000 | Train MSE: 65.028110
Epoch 168/2000 | Train MSE: 63.684633
Epoch 169/2000 | Train MSE: 78.651094
Epoch 170/2000 | Train MSE: 95.396877
Epoch 171/2000 | Train MSE: 93.735160
Epoch 172/2000 | Train MSE: 66.234065
Epoch 173/2000 | Train MSE: 75.724332
Epoch 174/2000 | Train MSE: 87.490916
Epoch 175/2000 | Train MSE: 86.933184
Epoch 176/2000 | Train MSE: 75.073528
Epoch 177/2000 | Train MSE: 65.301422
Epoch 178/2000 | Train MSE: 72.511821
Epoch 179/2000 | Train MSE: 62.856204
Epoch 180/2000 | Train MSE: 65.167071
Epoch 181/2000 | Train MSE: 67.456769
Epoch 182/2000 | Train MSE: 73.907603
Epoch 183/2000 | Train MSE: 83.631193
Epoch 184/2000 | Train MSE: 84.598641
Epoch 185/2000 | Train MSE: 79.164026
Epoch 186/2000 | Train MSE: 68.769690
Epoch 187/2000 | Train MSE: 65.503048
Epoch 188/2000 | Train MSE: 62.876322
Epoch 189/2000 | Train MSE: 60.729825
Epoch 190/2000 | Train MSE: 74.741250
Epoch 191/2000 | Train MSE: 78.026197
Epoch 192/2000 | Train MSE: 78.064925
Epoch 193/2000 | Train MSE: 69.240457
Epoch 194/2000 | Train MSE: 59.559203
Epoch 195/2000 | Train MSE: 82.513115
Epoch 196/2000 | Train MSE: 65.294408
Epoch 197/2000 | Train MSE: 63.256579
Epoch 198/2000 | Train MSE: 60.389040
Epoch 199/2000 | Train MSE: 65.232236
Epoch 200/2000 | Train MSE: 62.158492
Epoch 201/2000 | Train MSE: 70.627046
Epoch 202/2000 | Train MSE: 72.482815
Epoch 203/2000 | Train MSE: 65.807101
Epoch 204/2000 | Train MSE: 68.441514
Epoch 205/2000 | Train MSE: 61.780617
Epoch 206/2000 | Train MSE: 63.076062
Epoch 207/2000 | Train MSE: 65.855440
Epoch 208/2000 | Train MSE: 57.833227
Epoch 209/2000 | Train MSE: 55.156787
Epoch 210/2000 | Train MSE: 66.094805
Epoch 211/2000 | Train MSE: 62.870295
Epoch 212/2000 | Train MSE: 61.928467
Epoch 213/2000 | Train MSE: 59.727214
Epoch 214/2000 | Train MSE: 62.795314
Epoch 215/2000 | Train MSE: 62.797626
Epoch 216/2000 | Train MSE: 61.139287
Epoch 217/2000 | Train MSE: 58.960836
Epoch 218/2000 | Train MSE: 54.729637
Epoch 219/2000 | Train MSE: 51.597472
Epoch 220/2000 | Train MSE: 55.905358
Epoch 221/2000 | Train MSE: 73.872002
Epoch 222/2000 | Train MSE: 70.312845
Epoch 223/2000 | Train MSE: 66.766562
Epoch 224/2000 | Train MSE: 50.668609
Epoch 225/2000 | Train MSE: 50.954392
Epoch 226/2000 | Train MSE: 56.073156
Epoch 227/2000 | Train MSE: 63.174501
Epoch 228/2000 | Train MSE: 53.943314
Epoch 229/2000 | Train MSE: 52.793835
Epoch 230/2000 | Train MSE: 61.964945
Epoch 231/2000 | Train MSE: 60.702878
Epoch 232/2000 | Train MSE: 59.662808
Epoch 233/2000 | Train MSE: 56.840950
Epoch 234/2000 | Train MSE: 45.500017
Epoch 235/2000 | Train MSE: 53.957464
Epoch 236/2000 | Train MSE: 53.903376
Epoch 237/2000 | Train MSE: 55.266045
Epoch 238/2000 | Train MSE: 56.307578
Epoch 239/2000 | Train MSE: 56.847008
Epoch 240/2000 | Train MSE: 53.402201
Epoch 241/2000 | Train MSE: 50.847035
Epoch 242/2000 | Train MSE: 42.034307
Epoch 243/2000 | Train MSE: 53.525253
Epoch 244/2000 | Train MSE: 71.425491
Epoch 245/2000 | Train MSE: 60.870210
Epoch 246/2000 | Train MSE: 49.543481
Epoch 247/2000 | Train MSE: 40.226262
Epoch 248/2000 | Train MSE: 44.717319
Epoch 249/2000 | Train MSE: 49.249940
Epoch 250/2000 | Train MSE: 52.588500
Epoch 251/2000 | Train MSE: 55.339798
Epoch 252/2000 | Train MSE: 58.015138
Epoch 253/2000 | Train MSE: 55.335057
Epoch 254/2000 | Train MSE: 62.600681
Epoch 255/2000 | Train MSE: 60.379696
Epoch 256/2000 | Train MSE: 50.228383
Epoch 257/2000 | Train MSE: 40.775871
Epoch 258/2000 | Train MSE: 40.269766
Epoch 259/2000 | Train MSE: 51.163466
Epoch 260/2000 | Train MSE: 55.951803
Epoch 261/2000 | Train MSE: 60.342918
Epoch 262/2000 | Train MSE: 69.798053
Epoch 263/2000 | Train MSE: 55.602485
Epoch 264/2000 | Train MSE: 52.381417
Epoch 265/2000 | Train MSE: 40.332366
Epoch 266/2000 | Train MSE: 48.595200
Epoch 267/2000 | Train MSE: 45.864824
Epoch 268/2000 | Train MSE: 38.409325
Epoch 269/2000 | Train MSE: 36.892480
Epoch 270/2000 | Train MSE: 46.527694
Epoch 271/2000 | Train MSE: 63.096810
Epoch 272/2000 | Train MSE: 55.070546
Epoch 273/2000 | Train MSE: 43.365450
Epoch 274/2000 | Train MSE: 49.250960
Epoch 275/2000 | Train MSE: 48.738535
Epoch 276/2000 | Train MSE: 49.843253
Epoch 277/2000 | Train MSE: 51.570603
Epoch 278/2000 | Train MSE: 58.469487
Epoch 279/2000 | Train MSE: 51.876010
Epoch 280/2000 | Train MSE: 45.155566
Epoch 281/2000 | Train MSE: 35.313108
Epoch 282/2000 | Train MSE: 27.140052
Epoch 283/2000 | Train MSE: 35.877035
Epoch 284/2000 | Train MSE: 43.731945
Epoch 285/2000 | Train MSE: 62.818189
Epoch 286/2000 | Train MSE: 67.108175
Epoch 287/2000 | Train MSE: 64.596091
Epoch 288/2000 | Train MSE: 39.609953
Epoch 289/2000 | Train MSE: 55.493632
Epoch 290/2000 | Train MSE: 42.027801
Epoch 291/2000 | Train MSE: 33.659872
Epoch 292/2000 | Train MSE: 30.698104
Epoch 293/2000 | Train MSE: 40.901128
Epoch 294/2000 | Train MSE: 63.217524
Epoch 295/2000 | Train MSE: 64.446629
Epoch 296/2000 | Train MSE: 67.305640
Epoch 297/2000 | Train MSE: 45.827415
Epoch 298/2000 | Train MSE: 37.093794
Epoch 299/2000 | Train MSE: 25.300997
Epoch 300/2000 | Train MSE: 29.382570
Epoch 301/2000 | Train MSE: 36.937890
Epoch 302/2000 | Train MSE: 49.218277
Epoch 303/2000 | Train MSE: 50.733527
Epoch 304/2000 | Train MSE: 43.271695
Epoch 305/2000 | Train MSE: 37.393358
Epoch 306/2000 | Train MSE: 35.486556
Epoch 307/2000 | Train MSE: 41.280074
Epoch 308/2000 | Train MSE: 39.817620
Epoch 309/2000 | Train MSE: 38.340771
Epoch 310/2000 | Train MSE: 64.297902
Epoch 311/2000 | Train MSE: 67.156013
Epoch 312/2000 | Train MSE: 51.315480
Epoch 313/2000 | Train MSE: 39.075154
Epoch 314/2000 | Train MSE: 33.591998
Epoch 315/2000 | Train MSE: 29.271367
Epoch 316/2000 | Train MSE: 26.073704
Epoch 317/2000 | Train MSE: 34.122352
Epoch 318/2000 | Train MSE: 47.107931
Epoch 319/2000 | Train MSE: 50.874034
Epoch 320/2000 | Train MSE: 50.554307
Epoch 321/2000 | Train MSE: 41.977191
Epoch 322/2000 | Train MSE: 38.329009
Epoch 323/2000 | Train MSE: 37.913055
Epoch 324/2000 | Train MSE: 39.943609
Epoch 325/2000 | Train MSE: 40.480714
Epoch 326/2000 | Train MSE: 37.446834
Epoch 327/2000 | Train MSE: 38.153823
Epoch 328/2000 | Train MSE: 39.865185
Epoch 329/2000 | Train MSE: 39.591329
Epoch 330/2000 | Train MSE: 37.133733
Epoch 331/2000 | Train MSE: 40.715373
Epoch 332/2000 | Train MSE: 39.817828
Epoch 333/2000 | Train MSE: 37.493902
Epoch 334/2000 | Train MSE: 42.590221
Epoch 335/2000 | Train MSE: 36.657142
Epoch 336/2000 | Train MSE: 33.615660
Epoch 337/2000 | Train MSE: 43.676935
Epoch 338/2000 | Train MSE: 45.292464
Epoch 339/2000 | Train MSE: 39.994307
Epoch 340/2000 | Train MSE: 32.465189
Epoch 341/2000 | Train MSE: 29.888626
Epoch 342/2000 | Train MSE: 33.870964
Epoch 343/2000 | Train MSE: 56.965412
Epoch 344/2000 | Train MSE: 49.615340
Epoch 345/2000 | Train MSE: 34.842162
Epoch 346/2000 | Train MSE: 29.713958
Epoch 347/2000 | Train MSE: 32.473580
Epoch 348/2000 | Train MSE: 37.269941
Epoch 349/2000 | Train MSE: 37.268517
Early stopping at epoch 349. Best training loss: 25.300997

Training H4

Epoch 1/2000 | Train MSE: 9224.717034
Epoch 2/2000 | Train MSE: 6564.213450
Epoch 3/2000 | Train MSE: 5764.641734
Epoch 4/2000 | Train MSE: 5154.492059
Epoch 5/2000 | Train MSE: 4710.015553
Epoch 6/2000 | Train MSE: 4363.133765
Epoch 7/2000 | Train MSE: 3967.123998
Epoch 8/2000 | Train MSE: 3560.326376
Epoch 9/2000 | Train MSE: 3383.047682
Epoch 10/2000 | Train MSE: 3034.226605
Epoch 11/2000 | Train MSE: 2644.201410
Epoch 12/2000 | Train MSE: 2430.345038
Epoch 13/2000 | Train MSE: 2263.432071
Epoch 14/2000 | Train MSE: 2115.939593
Epoch 15/2000 | Train MSE: 1938.793337
Epoch 16/2000 | Train MSE: 1698.386069
Epoch 17/2000 | Train MSE: 1577.725437
Epoch 18/2000 | Train MSE: 1385.547183
Epoch 19/2000 | Train MSE: 1162.480485
Epoch 20/2000 | Train MSE: 1183.884328
Epoch 21/2000 | Train MSE: 1057.891659
Epoch 22/2000 | Train MSE: 962.477497
Epoch 23/2000 | Train MSE: 919.081588
Epoch 24/2000 | Train MSE: 782.922661
Epoch 25/2000 | Train MSE: 695.291418
Epoch 26/2000 | Train MSE: 632.209241
Epoch 27/2000 | Train MSE: 604.943110
Epoch 28/2000 | Train MSE: 666.813545
Epoch 29/2000 | Train MSE: 655.776420
Epoch 30/2000 | Train MSE: 572.822882
Epoch 31/2000 | Train MSE: 539.682993
Epoch 32/2000 | Train MSE: 472.656609
Epoch 33/2000 | Train MSE: 438.395547
Epoch 34/2000 | Train MSE: 536.810112
Epoch 35/2000 | Train MSE: 422.399014
Epoch 36/2000 | Train MSE: 363.631650
Epoch 37/2000 | Train MSE: 348.635552
Epoch 38/2000 | Train MSE: 410.648567
Epoch 39/2000 | Train MSE: 454.469687
Epoch 40/2000 | Train MSE: 450.990105
Epoch 41/2000 | Train MSE: 427.312953
Epoch 42/2000 | Train MSE: 345.571358
Epoch 43/2000 | Train MSE: 389.141045
Epoch 44/2000 | Train MSE: 301.410637
Epoch 45/2000 | Train MSE: 281.523315
Epoch 46/2000 | Train MSE: 326.838197
Epoch 47/2000 | Train MSE: 331.172177
Epoch 48/2000 | Train MSE: 273.278151
Epoch 49/2000 | Train MSE: 268.858334
Epoch 50/2000 | Train MSE: 300.396409
Epoch 51/2000 | Train MSE: 269.607041
Epoch 52/2000 | Train MSE: 261.768608
Epoch 53/2000 | Train MSE: 271.661934
Epoch 54/2000 | Train MSE: 235.804330
Epoch 55/2000 | Train MSE: 284.383772
Epoch 56/2000 | Train MSE: 297.532530
Epoch 57/2000 | Train MSE: 278.063972
Epoch 58/2000 | Train MSE: 245.885889
Epoch 59/2000 | Train MSE: 247.773860
Epoch 60/2000 | Train MSE: 248.244968
Epoch 61/2000 | Train MSE: 213.894835
Epoch 62/2000 | Train MSE: 190.864820
Epoch 63/2000 | Train MSE: 201.561629
Epoch 64/2000 | Train MSE: 239.402638
Epoch 65/2000 | Train MSE: 258.561027
Epoch 66/2000 | Train MSE: 266.933337
Epoch 67/2000 | Train MSE: 200.468160
Epoch 68/2000 | Train MSE: 179.580980
Epoch 69/2000 | Train MSE: 177.626688
Epoch 70/2000 | Train MSE: 171.794040
Epoch 71/2000 | Train MSE: 198.429891
Epoch 72/2000 | Train MSE: 247.155644
Epoch 73/2000 | Train MSE: 205.082407
Epoch 74/2000 | Train MSE: 161.921199
Epoch 75/2000 | Train MSE: 133.823928
Epoch 76/2000 | Train MSE: 136.010516
Epoch 77/2000 | Train MSE: 174.554178
Epoch 78/2000 | Train MSE: 183.258966
Epoch 79/2000 | Train MSE: 208.725349
Epoch 80/2000 | Train MSE: 192.757153
Epoch 81/2000 | Train MSE: 153.302640
Epoch 82/2000 | Train MSE: 143.673688
Epoch 83/2000 | Train MSE: 155.059322
Epoch 84/2000 | Train MSE: 156.946718
Epoch 85/2000 | Train MSE: 197.108484
Epoch 86/2000 | Train MSE: 171.074561
Epoch 87/2000 | Train MSE: 127.856973
Epoch 88/2000 | Train MSE: 121.048277
Epoch 89/2000 | Train MSE: 147.313275
Epoch 90/2000 | Train MSE: 139.632339
Epoch 91/2000 | Train MSE: 160.196224
Epoch 92/2000 | Train MSE: 147.137406
Epoch 93/2000 | Train MSE: 126.025553
Epoch 94/2000 | Train MSE: 113.843160
Epoch 95/2000 | Train MSE: 131.802438
Epoch 96/2000 | Train MSE: 133.293185
Epoch 97/2000 | Train MSE: 125.761995
Epoch 98/2000 | Train MSE: 158.896194
Epoch 99/2000 | Train MSE: 261.074967
Epoch 100/2000 | Train MSE: 220.771399
Epoch 101/2000 | Train MSE: 113.843446
Epoch 102/2000 | Train MSE: 101.790735
Epoch 103/2000 | Train MSE: 118.201418
Epoch 104/2000 | Train MSE: 89.542611
Epoch 105/2000 | Train MSE: 91.428785
Epoch 106/2000 | Train MSE: 106.033558
Epoch 107/2000 | Train MSE: 156.555131
Epoch 108/2000 | Train MSE: 169.737034
Epoch 109/2000 | Train MSE: 137.792806
Epoch 110/2000 | Train MSE: 113.818573
Epoch 111/2000 | Train MSE: 101.483107
Epoch 112/2000 | Train MSE: 117.770159
Epoch 113/2000 | Train MSE: 112.404173
Epoch 114/2000 | Train MSE: 114.679524
Epoch 115/2000 | Train MSE: 109.339760
Epoch 116/2000 | Train MSE: 108.704429
Epoch 117/2000 | Train MSE: 97.942520
Epoch 118/2000 | Train MSE: 112.002214
Epoch 119/2000 | Train MSE: 109.572088
Epoch 120/2000 | Train MSE: 127.625191
Epoch 121/2000 | Train MSE: 122.330992
Epoch 122/2000 | Train MSE: 117.858944
Epoch 123/2000 | Train MSE: 116.577208
Epoch 124/2000 | Train MSE: 97.049917
Epoch 125/2000 | Train MSE: 101.138569
Epoch 126/2000 | Train MSE: 84.495209
Epoch 127/2000 | Train MSE: 98.114643
Epoch 128/2000 | Train MSE: 112.699795
Epoch 129/2000 | Train MSE: 102.944706
Epoch 130/2000 | Train MSE: 97.405420
Epoch 131/2000 | Train MSE: 85.288245
Epoch 132/2000 | Train MSE: 82.380710
Epoch 133/2000 | Train MSE: 95.540605
Epoch 134/2000 | Train MSE: 83.227637
Epoch 135/2000 | Train MSE: 93.742549
Epoch 136/2000 | Train MSE: 106.273692
Epoch 137/2000 | Train MSE: 117.260230
Epoch 138/2000 | Train MSE: 113.130564
Epoch 139/2000 | Train MSE: 99.058124
Epoch 140/2000 | Train MSE: 94.678983
Epoch 141/2000 | Train MSE: 88.867161
Epoch 142/2000 | Train MSE: 79.078027
Epoch 143/2000 | Train MSE: 73.810840
Epoch 144/2000 | Train MSE: 107.563191
Epoch 145/2000 | Train MSE: 108.040418
Epoch 146/2000 | Train MSE: 105.091174
Epoch 147/2000 | Train MSE: 107.004730
Epoch 148/2000 | Train MSE: 97.441578
Epoch 149/2000 | Train MSE: 82.174756
Epoch 150/2000 | Train MSE: 83.698854
Epoch 151/2000 | Train MSE: 71.336597
Epoch 152/2000 | Train MSE: 70.245317
Epoch 153/2000 | Train MSE: 66.736982
Epoch 154/2000 | Train MSE: 72.298103
Epoch 155/2000 | Train MSE: 94.635217
Epoch 156/2000 | Train MSE: 91.704367
Epoch 157/2000 | Train MSE: 89.047934
Epoch 158/2000 | Train MSE: 84.127475
Epoch 159/2000 | Train MSE: 72.176417
Epoch 160/2000 | Train MSE: 77.610456
Epoch 161/2000 | Train MSE: 79.145525
Epoch 162/2000 | Train MSE: 103.748433
Epoch 163/2000 | Train MSE: 101.005171
Epoch 164/2000 | Train MSE: 89.370193
Epoch 165/2000 | Train MSE: 63.429387
Epoch 166/2000 | Train MSE: 64.253934
Epoch 167/2000 | Train MSE: 69.679419
Epoch 168/2000 | Train MSE: 77.788085
Epoch 169/2000 | Train MSE: 81.695604
Epoch 170/2000 | Train MSE: 92.542061
Epoch 171/2000 | Train MSE: 81.272025
Epoch 172/2000 | Train MSE: 65.726089
Epoch 173/2000 | Train MSE: 82.556066
Epoch 174/2000 | Train MSE: 92.643615
Epoch 175/2000 | Train MSE: 77.036939
Epoch 176/2000 | Train MSE: 62.457657
Epoch 177/2000 | Train MSE: 58.788109
Epoch 178/2000 | Train MSE: 61.108305
Epoch 179/2000 | Train MSE: 66.297268
Epoch 180/2000 | Train MSE: 84.455219
Epoch 181/2000 | Train MSE: 80.471618
Epoch 182/2000 | Train MSE: 64.936793
Epoch 183/2000 | Train MSE: 62.073664
Epoch 184/2000 | Train MSE: 64.353369
Epoch 185/2000 | Train MSE: 68.419561
Epoch 186/2000 | Train MSE: 56.813653
Epoch 187/2000 | Train MSE: 65.453550
Epoch 188/2000 | Train MSE: 72.843562
Epoch 189/2000 | Train MSE: 67.047610
Epoch 190/2000 | Train MSE: 61.395445
Epoch 191/2000 | Train MSE: 73.073077
Epoch 192/2000 | Train MSE: 90.058799
Epoch 193/2000 | Train MSE: 93.745366
Epoch 194/2000 | Train MSE: 67.631110
Epoch 195/2000 | Train MSE: 59.612130
Epoch 196/2000 | Train MSE: 63.476897
Epoch 197/2000 | Train MSE: 78.642548
Epoch 198/2000 | Train MSE: 53.498107
Epoch 199/2000 | Train MSE: 58.736711
Epoch 200/2000 | Train MSE: 75.969849
Epoch 201/2000 | Train MSE: 96.847827
Epoch 202/2000 | Train MSE: 64.404884
Epoch 203/2000 | Train MSE: 52.755614
Epoch 204/2000 | Train MSE: 46.828507
Epoch 205/2000 | Train MSE: 53.470894
Epoch 206/2000 | Train MSE: 66.703043
Epoch 207/2000 | Train MSE: 76.242294
Epoch 208/2000 | Train MSE: 60.424286
Epoch 209/2000 | Train MSE: 56.664903
Epoch 210/2000 | Train MSE: 71.412212
Epoch 211/2000 | Train MSE: 61.214002
Epoch 212/2000 | Train MSE: 60.687573
Epoch 213/2000 | Train MSE: 62.232979
Epoch 214/2000 | Train MSE: 60.215892
Epoch 215/2000 | Train MSE: 59.745812
Epoch 216/2000 | Train MSE: 59.827314
Epoch 217/2000 | Train MSE: 51.905316
Epoch 218/2000 | Train MSE: 46.359968
Epoch 219/2000 | Train MSE: 47.830192
Epoch 220/2000 | Train MSE: 57.389532
Epoch 221/2000 | Train MSE: 59.046432
Epoch 222/2000 | Train MSE: 72.811065
Epoch 223/2000 | Train MSE: 93.523993
Epoch 224/2000 | Train MSE: 66.166615
Epoch 225/2000 | Train MSE: 53.711001
Epoch 226/2000 | Train MSE: 46.226638
Epoch 227/2000 | Train MSE: 41.835570
Epoch 228/2000 | Train MSE: 50.673281
Epoch 229/2000 | Train MSE: 55.866819
Epoch 230/2000 | Train MSE: 61.206403
Epoch 231/2000 | Train MSE: 60.699988
Epoch 232/2000 | Train MSE: 56.077657
Epoch 233/2000 | Train MSE: 58.578303
Epoch 234/2000 | Train MSE: 46.966418
Epoch 235/2000 | Train MSE: 49.566992
Epoch 236/2000 | Train MSE: 55.060494
Epoch 237/2000 | Train MSE: 76.793122
Epoch 238/2000 | Train MSE: 61.511493
Epoch 239/2000 | Train MSE: 50.667781
Epoch 240/2000 | Train MSE: 39.720000
Epoch 241/2000 | Train MSE: 33.316210
Epoch 242/2000 | Train MSE: 42.904269
Epoch 243/2000 | Train MSE: 59.181703
Epoch 244/2000 | Train MSE: 74.862953
Epoch 245/2000 | Train MSE: 55.509654
Epoch 246/2000 | Train MSE: 60.592937
Epoch 247/2000 | Train MSE: 52.420041
Epoch 248/2000 | Train MSE: 45.904045
Epoch 249/2000 | Train MSE: 49.809462
Epoch 250/2000 | Train MSE: 52.105165
Epoch 251/2000 | Train MSE: 57.741156
Epoch 252/2000 | Train MSE: 52.207704
Epoch 253/2000 | Train MSE: 49.046883
Epoch 254/2000 | Train MSE: 46.588690
Epoch 255/2000 | Train MSE: 38.592046
Epoch 256/2000 | Train MSE: 48.639163
Epoch 257/2000 | Train MSE: 67.638448
Epoch 258/2000 | Train MSE: 54.670198
Epoch 259/2000 | Train MSE: 45.765671
Epoch 260/2000 | Train MSE: 48.086150
Epoch 261/2000 | Train MSE: 52.853543
Epoch 262/2000 | Train MSE: 64.710087
Epoch 263/2000 | Train MSE: 50.471182
Epoch 264/2000 | Train MSE: 40.347232
Epoch 265/2000 | Train MSE: 33.011532
Epoch 266/2000 | Train MSE: 39.736464
Epoch 267/2000 | Train MSE: 62.643510
Epoch 268/2000 | Train MSE: 67.607454
Epoch 269/2000 | Train MSE: 55.534868
Epoch 270/2000 | Train MSE: 42.601023
Epoch 271/2000 | Train MSE: 62.268739
Epoch 272/2000 | Train MSE: 47.451643
Epoch 273/2000 | Train MSE: 36.206859
Epoch 274/2000 | Train MSE: 38.941779
Epoch 275/2000 | Train MSE: 51.775466
Epoch 276/2000 | Train MSE: 54.949081
Epoch 277/2000 | Train MSE: 44.097013
Epoch 278/2000 | Train MSE: 38.617857
Epoch 279/2000 | Train MSE: 42.890941
Epoch 280/2000 | Train MSE: 46.873414
Epoch 281/2000 | Train MSE: 47.754697
Epoch 282/2000 | Train MSE: 43.348348
Epoch 283/2000 | Train MSE: 39.729078
Epoch 284/2000 | Train MSE: 50.032987
Epoch 285/2000 | Train MSE: 47.234222
Epoch 286/2000 | Train MSE: 39.487880
Epoch 287/2000 | Train MSE: 38.759054
Epoch 288/2000 | Train MSE: 43.739399
Epoch 289/2000 | Train MSE: 52.864897
Epoch 290/2000 | Train MSE: 50.902627
Epoch 291/2000 | Train MSE: 48.626705
Epoch 292/2000 | Train MSE: 44.284535
Epoch 293/2000 | Train MSE: 39.052377
Epoch 294/2000 | Train MSE: 35.570235
Epoch 295/2000 | Train MSE: 36.640863
Epoch 296/2000 | Train MSE: 37.523685
Epoch 297/2000 | Train MSE: 40.583610
Epoch 298/2000 | Train MSE: 41.137135
Epoch 299/2000 | Train MSE: 50.744036
Epoch 300/2000 | Train MSE: 50.025323
Epoch 301/2000 | Train MSE: 50.093781
Epoch 302/2000 | Train MSE: 39.850724
Epoch 303/2000 | Train MSE: 43.728738
Epoch 304/2000 | Train MSE: 39.000399
Epoch 305/2000 | Train MSE: 36.289632
Epoch 306/2000 | Train MSE: 37.812181
Epoch 307/2000 | Train MSE: 42.520132
Epoch 308/2000 | Train MSE: 39.951708
Epoch 309/2000 | Train MSE: 42.696149
Epoch 310/2000 | Train MSE: 35.817277
Epoch 311/2000 | Train MSE: 30.783896
Epoch 312/2000 | Train MSE: 37.442096
Epoch 313/2000 | Train MSE: 54.563786
Epoch 314/2000 | Train MSE: 58.131414
Epoch 315/2000 | Train MSE: 50.008857
Epoch 316/2000 | Train MSE: 29.681509
Epoch 317/2000 | Train MSE: 26.961720
Epoch 318/2000 | Train MSE: 32.116630
Epoch 319/2000 | Train MSE: 46.809636
Epoch 320/2000 | Train MSE: 39.873782
Epoch 321/2000 | Train MSE: 38.274894
Epoch 322/2000 | Train MSE: 50.633037
Epoch 323/2000 | Train MSE: 68.849456
Epoch 324/2000 | Train MSE: 54.538803
Epoch 325/2000 | Train MSE: 32.342348
Epoch 326/2000 | Train MSE: 23.354554
Epoch 327/2000 | Train MSE: 21.572975
Epoch 328/2000 | Train MSE: 32.172607
Epoch 329/2000 | Train MSE: 42.502028
Epoch 330/2000 | Train MSE: 53.407221
Epoch 331/2000 | Train MSE: 44.062974
Epoch 332/2000 | Train MSE: 32.457081
Epoch 333/2000 | Train MSE: 28.731912
Epoch 334/2000 | Train MSE: 34.522625
Epoch 335/2000 | Train MSE: 43.017131
Epoch 336/2000 | Train MSE: 41.369713
Epoch 337/2000 | Train MSE: 32.329668
Epoch 338/2000 | Train MSE: 36.095082
Epoch 339/2000 | Train MSE: 41.009312
Epoch 340/2000 | Train MSE: 40.074564
Epoch 341/2000 | Train MSE: 35.487825
Epoch 342/2000 | Train MSE: 33.859495
Epoch 343/2000 | Train MSE: 39.409653
Epoch 344/2000 | Train MSE: 37.851275
Epoch 345/2000 | Train MSE: 36.569899
Epoch 346/2000 | Train MSE: 32.943831
Epoch 347/2000 | Train MSE: 35.506745
Epoch 348/2000 | Train MSE: 36.520287
Epoch 349/2000 | Train MSE: 41.113832
Epoch 350/2000 | Train MSE: 32.819158
Epoch 351/2000 | Train MSE: 30.209816
Epoch 352/2000 | Train MSE: 35.379621
Epoch 353/2000 | Train MSE: 36.885019
Epoch 354/2000 | Train MSE: 36.940057
Epoch 355/2000 | Train MSE: 36.567127
Epoch 356/2000 | Train MSE: 33.087609
Epoch 357/2000 | Train MSE: 29.680606
Epoch 358/2000 | Train MSE: 38.378784
Epoch 359/2000 | Train MSE: 42.045285
Epoch 360/2000 | Train MSE: 40.766573
Epoch 361/2000 | Train MSE: 31.952470
Epoch 362/2000 | Train MSE: 33.438751
Epoch 363/2000 | Train MSE: 44.626266
Epoch 364/2000 | Train MSE: 38.885842
Epoch 365/2000 | Train MSE: 37.974624
Epoch 366/2000 | Train MSE: 29.004878
Epoch 367/2000 | Train MSE: 19.469452
Epoch 368/2000 | Train MSE: 21.674148
Epoch 369/2000 | Train MSE: 37.423511
Epoch 370/2000 | Train MSE: 35.443494
Epoch 371/2000 | Train MSE: 39.759554
Epoch 372/2000 | Train MSE: 40.549416
Epoch 373/2000 | Train MSE: 35.396246
Epoch 374/2000 | Train MSE: 39.409969
Epoch 375/2000 | Train MSE: 34.534109
Epoch 376/2000 | Train MSE: 28.660941
Epoch 377/2000 | Train MSE: 27.197342
Epoch 378/2000 | Train MSE: 55.993313
Epoch 379/2000 | Train MSE: 37.376058
Epoch 380/2000 | Train MSE: 36.739590
Epoch 381/2000 | Train MSE: 26.030324
Epoch 382/2000 | Train MSE: 22.509985
Epoch 383/2000 | Train MSE: 25.107575
Epoch 384/2000 | Train MSE: 30.577806
Epoch 385/2000 | Train MSE: 36.332977
Epoch 386/2000 | Train MSE: 39.819233
Epoch 387/2000 | Train MSE: 35.281095
Epoch 388/2000 | Train MSE: 30.876483
Epoch 389/2000 | Train MSE: 27.586908
Epoch 390/2000 | Train MSE: 27.814278
Epoch 391/2000 | Train MSE: 24.741885
Epoch 392/2000 | Train MSE: 35.260731
Epoch 393/2000 | Train MSE: 41.926357
Epoch 394/2000 | Train MSE: 68.093891
Epoch 395/2000 | Train MSE: 38.444247
Epoch 396/2000 | Train MSE: 24.250478
Epoch 397/2000 | Train MSE: 25.333001
Epoch 398/2000 | Train MSE: 25.716335
Epoch 399/2000 | Train MSE: 27.790494
Epoch 400/2000 | Train MSE: 34.815422
Epoch 401/2000 | Train MSE: 37.738658
Epoch 402/2000 | Train MSE: 28.703039
Epoch 403/2000 | Train MSE: 29.957246
Epoch 404/2000 | Train MSE: 28.112284
Epoch 405/2000 | Train MSE: 32.938317
Epoch 406/2000 | Train MSE: 30.449333
Epoch 407/2000 | Train MSE: 27.933482
Epoch 408/2000 | Train MSE: 24.615848
Epoch 409/2000 | Train MSE: 24.110370
Epoch 410/2000 | Train MSE: 32.191195
Epoch 411/2000 | Train MSE: 32.857708
Epoch 412/2000 | Train MSE: 40.185850
Epoch 413/2000 | Train MSE: 47.154832
Epoch 414/2000 | Train MSE: 26.466595
Epoch 415/2000 | Train MSE: 19.418717
Epoch 416/2000 | Train MSE: 25.684722
Epoch 417/2000 | Train MSE: 25.951101
Epoch 418/2000 | Train MSE: 29.358029
Epoch 419/2000 | Train MSE: 34.137763
Epoch 420/2000 | Train MSE: 29.813356
Epoch 421/2000 | Train MSE: 30.438287
Epoch 422/2000 | Train MSE: 32.200998
Epoch 423/2000 | Train MSE: 26.175423
Epoch 424/2000 | Train MSE: 25.433856
Epoch 425/2000 | Train MSE: 31.488359
Epoch 426/2000 | Train MSE: 30.951155
Epoch 427/2000 | Train MSE: 25.671399
Epoch 428/2000 | Train MSE: 78.990631
Epoch 429/2000 | Train MSE: 33.487588
Epoch 430/2000 | Train MSE: 17.585570
Epoch 431/2000 | Train MSE: 12.447458
Epoch 432/2000 | Train MSE: 11.574342
Epoch 433/2000 | Train MSE: 14.258415
Epoch 434/2000 | Train MSE: 21.169678
Epoch 435/2000 | Train MSE: 46.649553
Epoch 436/2000 | Train MSE: 36.463914
Epoch 437/2000 | Train MSE: 28.765113
Epoch 438/2000 | Train MSE: 21.616424
Epoch 439/2000 | Train MSE: 18.848550
Epoch 440/2000 | Train MSE: 20.276972
Epoch 441/2000 | Train MSE: 24.883886
Epoch 442/2000 | Train MSE: 31.593127
Epoch 443/2000 | Train MSE: 36.790309
Epoch 444/2000 | Train MSE: 45.985754
Epoch 445/2000 | Train MSE: 38.836849
Epoch 446/2000 | Train MSE: 30.972312
Epoch 447/2000 | Train MSE: 23.017304
Epoch 448/2000 | Train MSE: 21.804068
Epoch 449/2000 | Train MSE: 25.589829
Epoch 450/2000 | Train MSE: 21.478557
Epoch 451/2000 | Train MSE: 25.846432
Epoch 452/2000 | Train MSE: 33.057824
Epoch 453/2000 | Train MSE: 30.798076
Epoch 454/2000 | Train MSE: 31.101428
Epoch 455/2000 | Train MSE: 31.261756
Epoch 456/2000 | Train MSE: 23.895581
Epoch 457/2000 | Train MSE: 21.444051
Epoch 458/2000 | Train MSE: 23.380073
Epoch 459/2000 | Train MSE: 28.345792
Epoch 460/2000 | Train MSE: 34.524890
Epoch 461/2000 | Train MSE: 34.917064
Epoch 462/2000 | Train MSE: 26.916255
Epoch 463/2000 | Train MSE: 20.205255
Epoch 464/2000 | Train MSE: 21.972058
Epoch 465/2000 | Train MSE: 23.864355
Epoch 466/2000 | Train MSE: 28.415728
Epoch 467/2000 | Train MSE: 38.226456
Epoch 468/2000 | Train MSE: 32.426775
Epoch 469/2000 | Train MSE: 25.633117
Epoch 470/2000 | Train MSE: 20.505488
Epoch 471/2000 | Train MSE: 17.062856
Epoch 472/2000 | Train MSE: 21.259966
Epoch 473/2000 | Train MSE: 26.710250
Epoch 474/2000 | Train MSE: 31.957104
Epoch 475/2000 | Train MSE: 30.790163
Epoch 476/2000 | Train MSE: 28.958079
Epoch 477/2000 | Train MSE: 24.219109
Epoch 478/2000 | Train MSE: 20.457969
Epoch 479/2000 | Train MSE: 21.469780
Epoch 480/2000 | Train MSE: 31.016920
Epoch 481/2000 | Train MSE: 33.583378
Epoch 482/2000 | Train MSE: 26.722068
Early stopping at epoch 482. Best training loss: 11.574342

Training H5

Epoch 1/2000 | Train MSE: 8836.539329
Epoch 2/2000 | Train MSE: 6358.278581
Epoch 3/2000 | Train MSE: 5885.091292
Epoch 4/2000 | Train MSE: 4851.938817
Epoch 5/2000 | Train MSE: 4574.090798
Epoch 6/2000 | Train MSE: 4096.649474
Epoch 7/2000 | Train MSE: 3590.707980
Epoch 8/2000 | Train MSE: 3426.437491
Epoch 9/2000 | Train MSE: 3039.875904
Epoch 10/2000 | Train MSE: 2818.716441
Epoch 11/2000 | Train MSE: 2526.245446
Epoch 12/2000 | Train MSE: 2243.525603
Epoch 13/2000 | Train MSE: 1828.386711
Epoch 14/2000 | Train MSE: 1836.607985
Epoch 15/2000 | Train MSE: 1613.409600
Epoch 16/2000 | Train MSE: 1392.895374
Epoch 17/2000 | Train MSE: 1337.494502
Epoch 18/2000 | Train MSE: 1216.795605
Epoch 19/2000 | Train MSE: 1055.435016
Epoch 20/2000 | Train MSE: 902.450706
Epoch 21/2000 | Train MSE: 779.241907
Epoch 22/2000 | Train MSE: 708.630413
Epoch 23/2000 | Train MSE: 691.897770
Epoch 24/2000 | Train MSE: 612.328077
Epoch 25/2000 | Train MSE: 683.059063
Epoch 26/2000 | Train MSE: 637.354032
Epoch 27/2000 | Train MSE: 545.414142
Epoch 28/2000 | Train MSE: 530.518163
Epoch 29/2000 | Train MSE: 520.258054
Epoch 30/2000 | Train MSE: 505.370153
Epoch 31/2000 | Train MSE: 479.875044
Epoch 32/2000 | Train MSE: 564.538725
Epoch 33/2000 | Train MSE: 409.820042
Epoch 34/2000 | Train MSE: 380.083547
Epoch 35/2000 | Train MSE: 426.191451
Epoch 36/2000 | Train MSE: 378.169511
Epoch 37/2000 | Train MSE: 407.776119
Epoch 38/2000 | Train MSE: 339.827589
Epoch 39/2000 | Train MSE: 349.575704
Epoch 40/2000 | Train MSE: 271.422772
Epoch 41/2000 | Train MSE: 287.452529
Epoch 42/2000 | Train MSE: 340.580332
Epoch 43/2000 | Train MSE: 380.379113
Epoch 44/2000 | Train MSE: 309.382740
Epoch 45/2000 | Train MSE: 283.406363
Epoch 46/2000 | Train MSE: 266.777107
Epoch 47/2000 | Train MSE: 259.345428
Epoch 48/2000 | Train MSE: 284.092144
Epoch 49/2000 | Train MSE: 265.478807
Epoch 50/2000 | Train MSE: 299.502502
Epoch 51/2000 | Train MSE: 276.998999
Epoch 52/2000 | Train MSE: 269.617305
Epoch 53/2000 | Train MSE: 275.530964
Epoch 54/2000 | Train MSE: 317.915030
Epoch 55/2000 | Train MSE: 228.802115
Epoch 56/2000 | Train MSE: 189.384393
Epoch 57/2000 | Train MSE: 227.717904
Epoch 58/2000 | Train MSE: 222.982525
Epoch 59/2000 | Train MSE: 218.424375
Epoch 60/2000 | Train MSE: 257.814183
Epoch 61/2000 | Train MSE: 203.157492
Epoch 62/2000 | Train MSE: 202.539747
Epoch 63/2000 | Train MSE: 180.137988
Epoch 64/2000 | Train MSE: 190.421723
Epoch 65/2000 | Train MSE: 194.051956
Epoch 66/2000 | Train MSE: 194.803874
Epoch 67/2000 | Train MSE: 215.213676
Epoch 68/2000 | Train MSE: 250.396917
Epoch 69/2000 | Train MSE: 215.714630
Epoch 70/2000 | Train MSE: 153.459646
Epoch 71/2000 | Train MSE: 183.146446
Epoch 72/2000 | Train MSE: 162.317679
Epoch 73/2000 | Train MSE: 152.508172
Epoch 74/2000 | Train MSE: 156.518922
Epoch 75/2000 | Train MSE: 207.600042
Epoch 76/2000 | Train MSE: 213.420476
Epoch 77/2000 | Train MSE: 214.881273
Epoch 78/2000 | Train MSE: 181.500168
Epoch 79/2000 | Train MSE: 157.177711
Epoch 80/2000 | Train MSE: 129.356992
Epoch 81/2000 | Train MSE: 143.131264
Epoch 82/2000 | Train MSE: 150.812924
Epoch 83/2000 | Train MSE: 138.658092
Epoch 84/2000 | Train MSE: 156.062991
Epoch 85/2000 | Train MSE: 172.447157
Epoch 86/2000 | Train MSE: 151.855488
Epoch 87/2000 | Train MSE: 144.850850
Epoch 88/2000 | Train MSE: 142.314306
Epoch 89/2000 | Train MSE: 143.513577
Epoch 90/2000 | Train MSE: 142.579074
Epoch 91/2000 | Train MSE: 143.928297
Epoch 92/2000 | Train MSE: 149.702703
Epoch 93/2000 | Train MSE: 157.110023
Epoch 94/2000 | Train MSE: 154.133483
Epoch 95/2000 | Train MSE: 132.748615
Epoch 96/2000 | Train MSE: 122.650028
Epoch 97/2000 | Train MSE: 166.530825
Epoch 98/2000 | Train MSE: 135.359513
Epoch 99/2000 | Train MSE: 112.016566
Epoch 100/2000 | Train MSE: 105.243822
Epoch 101/2000 | Train MSE: 108.995940
Epoch 102/2000 | Train MSE: 101.864978
Epoch 103/2000 | Train MSE: 120.280314
Epoch 104/2000 | Train MSE: 148.927527
Epoch 105/2000 | Train MSE: 153.269053
Epoch 106/2000 | Train MSE: 139.735362
Epoch 107/2000 | Train MSE: 107.654822
Epoch 108/2000 | Train MSE: 103.200405
Epoch 109/2000 | Train MSE: 105.774247
Epoch 110/2000 | Train MSE: 114.546771
Epoch 111/2000 | Train MSE: 110.086444
Epoch 112/2000 | Train MSE: 125.232159
Epoch 113/2000 | Train MSE: 140.160539
Epoch 114/2000 | Train MSE: 105.998003
Epoch 115/2000 | Train MSE: 107.906879
Epoch 116/2000 | Train MSE: 125.472099
Epoch 117/2000 | Train MSE: 123.758971
Epoch 118/2000 | Train MSE: 116.317073
Epoch 119/2000 | Train MSE: 107.331916
Epoch 120/2000 | Train MSE: 87.568446
Epoch 121/2000 | Train MSE: 88.689800
Epoch 122/2000 | Train MSE: 94.380514
Epoch 123/2000 | Train MSE: 89.257357
Epoch 124/2000 | Train MSE: 108.496127
Epoch 125/2000 | Train MSE: 123.436296
Epoch 126/2000 | Train MSE: 105.803642
Epoch 127/2000 | Train MSE: 92.413361
Epoch 128/2000 | Train MSE: 92.762904
Epoch 129/2000 | Train MSE: 92.570054
Epoch 130/2000 | Train MSE: 92.192335
Epoch 131/2000 | Train MSE: 82.072960
Epoch 132/2000 | Train MSE: 90.997131
Epoch 133/2000 | Train MSE: 110.920559
Epoch 134/2000 | Train MSE: 107.131404
Epoch 135/2000 | Train MSE: 98.273174
Epoch 136/2000 | Train MSE: 109.360775
Epoch 137/2000 | Train MSE: 86.109971
Epoch 138/2000 | Train MSE: 88.438734
Epoch 139/2000 | Train MSE: 78.867953
Epoch 140/2000 | Train MSE: 73.998668
Epoch 141/2000 | Train MSE: 90.934257
Epoch 142/2000 | Train MSE: 91.046020
Epoch 143/2000 | Train MSE: 91.919098
Epoch 144/2000 | Train MSE: 89.093981
Epoch 145/2000 | Train MSE: 85.757901
Epoch 146/2000 | Train MSE: 87.428864
Epoch 147/2000 | Train MSE: 75.788703
Epoch 148/2000 | Train MSE: 71.082622
Epoch 149/2000 | Train MSE: 72.458815
Epoch 150/2000 | Train MSE: 77.290340
Epoch 151/2000 | Train MSE: 80.901687
Epoch 152/2000 | Train MSE: 87.505634
Epoch 153/2000 | Train MSE: 102.536095
Epoch 154/2000 | Train MSE: 109.198723
Epoch 155/2000 | Train MSE: 85.518589
Epoch 156/2000 | Train MSE: 60.026569
Epoch 157/2000 | Train MSE: 73.079184
Epoch 158/2000 | Train MSE: 101.923198
Epoch 159/2000 | Train MSE: 76.524255
Epoch 160/2000 | Train MSE: 74.811604
Epoch 161/2000 | Train MSE: 80.832064
Epoch 162/2000 | Train MSE: 68.795197
Epoch 163/2000 | Train MSE: 81.991710
Epoch 164/2000 | Train MSE: 100.217937
Epoch 165/2000 | Train MSE: 85.236271
Epoch 166/2000 | Train MSE: 99.486347
Epoch 167/2000 | Train MSE: 94.265848
Epoch 168/2000 | Train MSE: 73.127472
Epoch 169/2000 | Train MSE: 66.070552
Epoch 170/2000 | Train MSE: 52.956210
Epoch 171/2000 | Train MSE: 63.951090
Epoch 172/2000 | Train MSE: 75.140709
Epoch 173/2000 | Train MSE: 89.603711
Epoch 174/2000 | Train MSE: 91.433772
Epoch 175/2000 | Train MSE: 84.256794
Epoch 176/2000 | Train MSE: 62.092077
Epoch 177/2000 | Train MSE: 48.646339
Epoch 178/2000 | Train MSE: 57.532116
Epoch 179/2000 | Train MSE: 66.124639
Epoch 180/2000 | Train MSE: 85.827096
Epoch 181/2000 | Train MSE: 81.490663
Epoch 182/2000 | Train MSE: 76.980425
Epoch 183/2000 | Train MSE: 71.813325
Epoch 184/2000 | Train MSE: 61.815864
Epoch 185/2000 | Train MSE: 60.240123
Epoch 186/2000 | Train MSE: 59.026955
Epoch 187/2000 | Train MSE: 97.844676
Epoch 188/2000 | Train MSE: 84.211877
Epoch 189/2000 | Train MSE: 65.410916
Epoch 190/2000 | Train MSE: 55.579291
Epoch 191/2000 | Train MSE: 54.220618
Epoch 192/2000 | Train MSE: 54.866744
Epoch 193/2000 | Train MSE: 63.044031
Epoch 194/2000 | Train MSE: 142.769637
Epoch 195/2000 | Train MSE: 89.331716
Epoch 196/2000 | Train MSE: 47.054739
Epoch 197/2000 | Train MSE: 38.110906
Epoch 198/2000 | Train MSE: 36.147994
Epoch 199/2000 | Train MSE: 40.989113
Epoch 200/2000 | Train MSE: 66.434759
Epoch 201/2000 | Train MSE: 79.267000
Epoch 202/2000 | Train MSE: 70.684257
Epoch 203/2000 | Train MSE: 72.939924
Epoch 204/2000 | Train MSE: 74.002592
Epoch 205/2000 | Train MSE: 58.656722
Epoch 206/2000 | Train MSE: 44.825045
Epoch 207/2000 | Train MSE: 64.780232
Epoch 208/2000 | Train MSE: 91.449906
Epoch 209/2000 | Train MSE: 79.188405
Epoch 210/2000 | Train MSE: 55.645174
Epoch 211/2000 | Train MSE: 44.752645
Epoch 212/2000 | Train MSE: 49.771861
Epoch 213/2000 | Train MSE: 52.310076
Epoch 214/2000 | Train MSE: 63.932346
Epoch 215/2000 | Train MSE: 76.554671
Epoch 216/2000 | Train MSE: 57.855761
Epoch 217/2000 | Train MSE: 51.071294
Epoch 218/2000 | Train MSE: 53.041627
Epoch 219/2000 | Train MSE: 53.895086
Epoch 220/2000 | Train MSE: 53.375493
Epoch 221/2000 | Train MSE: 51.869753
Epoch 222/2000 | Train MSE: 54.969820
Epoch 223/2000 | Train MSE: 72.098959
Epoch 224/2000 | Train MSE: 69.788365
Epoch 225/2000 | Train MSE: 77.543943
Epoch 226/2000 | Train MSE: 60.393081
Epoch 227/2000 | Train MSE: 55.541841
Epoch 228/2000 | Train MSE: 53.527435
Epoch 229/2000 | Train MSE: 51.244803
Epoch 230/2000 | Train MSE: 41.618285
Epoch 231/2000 | Train MSE: 45.409733
Epoch 232/2000 | Train MSE: 42.607992
Epoch 233/2000 | Train MSE: 52.281332
Epoch 234/2000 | Train MSE: 68.518336
Epoch 235/2000 | Train MSE: 61.998831
Epoch 236/2000 | Train MSE: 59.055707
Epoch 237/2000 | Train MSE: 52.403671
Epoch 238/2000 | Train MSE: 47.487397
Epoch 239/2000 | Train MSE: 51.572690
Epoch 240/2000 | Train MSE: 56.904778
Epoch 241/2000 | Train MSE: 58.293992
Epoch 242/2000 | Train MSE: 60.938694
Epoch 243/2000 | Train MSE: 60.938430
Epoch 244/2000 | Train MSE: 58.300954
Epoch 245/2000 | Train MSE: 48.646395
Epoch 246/2000 | Train MSE: 39.932151
Epoch 247/2000 | Train MSE: 46.303449
Epoch 248/2000 | Train MSE: 57.438148
Early stopping at epoch 248. Best training loss: 36.147994

           ===== Results =====
           MSE : 7078.26708984
           MAE : 56.85455322
           RMSE: 84.13243780
           R²  : 0.44183332

    --- Executing dataset NewsTitleSentiment --- 

Training H1

Epoch 1/2000 | Train MSE: 0.018965
Epoch 2/2000 | Train MSE: 0.018515
Epoch 3/2000 | Train MSE: 0.018516
Epoch 4/2000 | Train MSE: 0.018511
Epoch 5/2000 | Train MSE: 0.018652
Epoch 6/2000 | Train MSE: 0.018517
Epoch 7/2000 | Train MSE: 0.018517
Epoch 8/2000 | Train MSE: 0.018512
Epoch 9/2000 | Train MSE: 0.018513
Epoch 10/2000 | Train MSE: 0.018513
Epoch 11/2000 | Train MSE: 0.018515
Epoch 12/2000 | Train MSE: 0.018533
Epoch 13/2000 | Train MSE: 0.018514
Epoch 14/2000 | Train MSE: 0.018516
Epoch 15/2000 | Train MSE: 0.018515
Epoch 16/2000 | Train MSE: 0.018514
Epoch 17/2000 | Train MSE: 0.018517
Epoch 18/2000 | Train MSE: 0.018510
Epoch 19/2000 | Train MSE: 0.018513
Epoch 20/2000 | Train MSE: 0.018512
Epoch 21/2000 | Train MSE: 0.018515
Epoch 22/2000 | Train MSE: 0.018513
Epoch 23/2000 | Train MSE: 0.018509
Epoch 24/2000 | Train MSE: 0.018513
Epoch 25/2000 | Train MSE: 0.018516
Epoch 26/2000 | Train MSE: 0.018514
Epoch 27/2000 | Train MSE: 0.018514
Epoch 28/2000 | Train MSE: 0.018511
Epoch 29/2000 | Train MSE: 0.018518
Epoch 30/2000 | Train MSE: 0.018513
Epoch 31/2000 | Train MSE: 0.018513
Epoch 32/2000 | Train MSE: 0.018511
Epoch 33/2000 | Train MSE: 0.018510
Epoch 34/2000 | Train MSE: 0.018515
Epoch 35/2000 | Train MSE: 0.018511
Epoch 36/2000 | Train MSE: 0.018511
Epoch 37/2000 | Train MSE: 0.018512
Epoch 38/2000 | Train MSE: 0.018514
Epoch 39/2000 | Train MSE: 0.018540
Epoch 40/2000 | Train MSE: 0.018515
Epoch 41/2000 | Train MSE: 0.018512
Epoch 42/2000 | Train MSE: 0.018517
Epoch 43/2000 | Train MSE: 0.018519
Epoch 44/2000 | Train MSE: 0.018513
Epoch 45/2000 | Train MSE: 0.018516
Epoch 46/2000 | Train MSE: 0.018510
Epoch 47/2000 | Train MSE: 0.018513
Epoch 48/2000 | Train MSE: 0.018511
Epoch 49/2000 | Train MSE: 0.018514
Epoch 50/2000 | Train MSE: 0.018513
Epoch 51/2000 | Train MSE: 0.018516
Epoch 52/2000 | Train MSE: 0.018515
Epoch 53/2000 | Train MSE: 0.018516
Epoch 54/2000 | Train MSE: 0.018515
Epoch 55/2000 | Train MSE: 0.018512
Epoch 56/2000 | Train MSE: 0.018515
Epoch 57/2000 | Train MSE: 0.018514
Epoch 58/2000 | Train MSE: 0.018515
Epoch 59/2000 | Train MSE: 0.018514
Epoch 60/2000 | Train MSE: 0.018510
Epoch 61/2000 | Train MSE: 0.018513
Epoch 62/2000 | Train MSE: 0.018515
Epoch 63/2000 | Train MSE: 0.018513
Epoch 64/2000 | Train MSE: 0.018515
Epoch 65/2000 | Train MSE: 0.018516
Epoch 66/2000 | Train MSE: 0.018512
Epoch 67/2000 | Train MSE: 0.018511
Epoch 68/2000 | Train MSE: 0.018513
Epoch 69/2000 | Train MSE: 0.018512
Epoch 70/2000 | Train MSE: 0.018513
Epoch 71/2000 | Train MSE: 0.018514
Epoch 72/2000 | Train MSE: 0.018513
Epoch 73/2000 | Train MSE: 0.018515
Early stopping at epoch 73. Best training loss: 0.018509

Training H2

Epoch 1/2000 | Train MSE: 0.018848
Epoch 2/2000 | Train MSE: 0.018513
Epoch 3/2000 | Train MSE: 0.018515
Epoch 4/2000 | Train MSE: 0.018515
Epoch 5/2000 | Train MSE: 0.018512
Epoch 6/2000 | Train MSE: 0.018515
Epoch 7/2000 | Train MSE: 0.018514
Epoch 8/2000 | Train MSE: 0.018508
Epoch 9/2000 | Train MSE: 0.018513
Epoch 10/2000 | Train MSE: 0.018515
Epoch 11/2000 | Train MSE: 0.018518
Epoch 12/2000 | Train MSE: 0.018514
Epoch 13/2000 | Train MSE: 0.018515
Epoch 14/2000 | Train MSE: 0.018507
Epoch 15/2000 | Train MSE: 0.018518
Epoch 16/2000 | Train MSE: 0.018514
Epoch 17/2000 | Train MSE: 0.018514
Epoch 18/2000 | Train MSE: 0.018511
Epoch 19/2000 | Train MSE: 0.018514
Epoch 20/2000 | Train MSE: 0.018513
Epoch 21/2000 | Train MSE: 0.018515
Epoch 22/2000 | Train MSE: 0.018511
Epoch 23/2000 | Train MSE: 0.018519
Epoch 24/2000 | Train MSE: 0.018512
Epoch 25/2000 | Train MSE: 0.018515
Epoch 26/2000 | Train MSE: 0.018515
Epoch 27/2000 | Train MSE: 0.018513
Epoch 28/2000 | Train MSE: 0.018510
Epoch 29/2000 | Train MSE: 0.018519
Epoch 30/2000 | Train MSE: 0.018514
Epoch 31/2000 | Train MSE: 0.018509
Epoch 32/2000 | Train MSE: 0.018514
Epoch 33/2000 | Train MSE: 0.018515
Epoch 34/2000 | Train MSE: 0.018512
Epoch 35/2000 | Train MSE: 0.018512
Epoch 36/2000 | Train MSE: 0.018514
Epoch 37/2000 | Train MSE: 0.018517
Epoch 38/2000 | Train MSE: 0.018512
Epoch 39/2000 | Train MSE: 0.018514
Epoch 40/2000 | Train MSE: 0.018513
Epoch 41/2000 | Train MSE: 0.018511
Epoch 42/2000 | Train MSE: 0.018517
Epoch 43/2000 | Train MSE: 0.018518
Epoch 44/2000 | Train MSE: 0.018513
Epoch 45/2000 | Train MSE: 0.018512
Epoch 46/2000 | Train MSE: 0.018514
Epoch 47/2000 | Train MSE: 0.018511
Epoch 48/2000 | Train MSE: 0.018513
Epoch 49/2000 | Train MSE: 0.018510
Epoch 50/2000 | Train MSE: 0.018514
Epoch 51/2000 | Train MSE: 0.018512
Epoch 52/2000 | Train MSE: 0.018515
Epoch 53/2000 | Train MSE: 0.018511
Epoch 54/2000 | Train MSE: 0.018517
Epoch 55/2000 | Train MSE: 0.018514
Epoch 56/2000 | Train MSE: 0.018516
Epoch 57/2000 | Train MSE: 0.018516
Epoch 58/2000 | Train MSE: 0.018514
Epoch 59/2000 | Train MSE: 0.018515
Epoch 60/2000 | Train MSE: 0.018512
Epoch 61/2000 | Train MSE: 0.018511
Epoch 62/2000 | Train MSE: 0.018510
Epoch 63/2000 | Train MSE: 0.018515
Epoch 64/2000 | Train MSE: 0.018515
Early stopping at epoch 64. Best training loss: 0.018507

Training H3

Epoch 1/2000 | Train MSE: 0.018684
Epoch 2/2000 | Train MSE: 0.018514
Epoch 3/2000 | Train MSE: 0.018529
Epoch 4/2000 | Train MSE: 0.018513
Epoch 5/2000 | Train MSE: 0.018511
Epoch 6/2000 | Train MSE: 0.018514
Epoch 7/2000 | Train MSE: 0.018517
Epoch 8/2000 | Train MSE: 0.018886
Epoch 9/2000 | Train MSE: 0.018512
Epoch 10/2000 | Train MSE: 0.018516
Epoch 11/2000 | Train MSE: 0.018514
Epoch 12/2000 | Train MSE: 0.018513
Epoch 13/2000 | Train MSE: 0.018512
Epoch 14/2000 | Train MSE: 0.018517
Epoch 15/2000 | Train MSE: 0.018512
Epoch 16/2000 | Train MSE: 0.018515
Epoch 17/2000 | Train MSE: 0.018515
Epoch 18/2000 | Train MSE: 0.018513
Epoch 19/2000 | Train MSE: 0.018517
Epoch 20/2000 | Train MSE: 0.018514
Epoch 21/2000 | Train MSE: 0.018513
Epoch 22/2000 | Train MSE: 0.018516
Epoch 23/2000 | Train MSE: 0.018513
Epoch 24/2000 | Train MSE: 0.018511
Epoch 25/2000 | Train MSE: 0.018516
Epoch 26/2000 | Train MSE: 0.018511
Epoch 27/2000 | Train MSE: 0.018515
Epoch 28/2000 | Train MSE: 0.018513
Epoch 29/2000 | Train MSE: 0.018514
Epoch 30/2000 | Train MSE: 0.018515
Epoch 31/2000 | Train MSE: 0.018516
Epoch 32/2000 | Train MSE: 0.018512
Epoch 33/2000 | Train MSE: 0.018517
Epoch 34/2000 | Train MSE: 0.018512
Epoch 35/2000 | Train MSE: 0.018516
Epoch 36/2000 | Train MSE: 0.018514
Epoch 37/2000 | Train MSE: 0.018510
Epoch 38/2000 | Train MSE: 0.018512
Epoch 39/2000 | Train MSE: 0.018511
Epoch 40/2000 | Train MSE: 0.018515
Epoch 41/2000 | Train MSE: 0.018514
Epoch 42/2000 | Train MSE: 0.018510
Epoch 43/2000 | Train MSE: 0.018513
Epoch 44/2000 | Train MSE: 0.018516
Epoch 45/2000 | Train MSE: 0.018515
Epoch 46/2000 | Train MSE: 0.018516
Epoch 47/2000 | Train MSE: 0.018514
Epoch 48/2000 | Train MSE: 0.018517
Epoch 49/2000 | Train MSE: 0.018514
Epoch 50/2000 | Train MSE: 0.018513
Epoch 51/2000 | Train MSE: 0.018517
Epoch 52/2000 | Train MSE: 0.018507
Epoch 53/2000 | Train MSE: 0.018513
Epoch 54/2000 | Train MSE: 0.018513
Epoch 55/2000 | Train MSE: 0.018514
Epoch 56/2000 | Train MSE: 0.018508
Epoch 57/2000 | Train MSE: 0.018514
Epoch 58/2000 | Train MSE: 0.018514
Epoch 59/2000 | Train MSE: 0.018515
Epoch 60/2000 | Train MSE: 0.018515
Epoch 61/2000 | Train MSE: 0.018512
Epoch 62/2000 | Train MSE: 0.018514
Epoch 63/2000 | Train MSE: 0.018513
Epoch 64/2000 | Train MSE: 0.018509
Epoch 65/2000 | Train MSE: 0.018513
Epoch 66/2000 | Train MSE: 0.018515
Epoch 67/2000 | Train MSE: 0.018518
Epoch 68/2000 | Train MSE: 0.018510
Epoch 69/2000 | Train MSE: 0.018509
Epoch 70/2000 | Train MSE: 0.018514
Epoch 71/2000 | Train MSE: 0.018517
Epoch 72/2000 | Train MSE: 0.018518
Epoch 73/2000 | Train MSE: 0.018513
Epoch 74/2000 | Train MSE: 0.018515
Epoch 75/2000 | Train MSE: 0.018516
Epoch 76/2000 | Train MSE: 0.018514
Epoch 77/2000 | Train MSE: 0.018511
Epoch 78/2000 | Train MSE: 0.018510
Epoch 79/2000 | Train MSE: 0.018512
Epoch 80/2000 | Train MSE: 0.018510
Epoch 81/2000 | Train MSE: 0.018514
Epoch 82/2000 | Train MSE: 0.018513
Epoch 83/2000 | Train MSE: 0.018513
Epoch 84/2000 | Train MSE: 0.018513
Epoch 85/2000 | Train MSE: 0.018512
Epoch 86/2000 | Train MSE: 0.018510
Epoch 87/2000 | Train MSE: 0.018517
Epoch 88/2000 | Train MSE: 0.018515
Epoch 89/2000 | Train MSE: 0.018513
Epoch 90/2000 | Train MSE: 0.018514
Epoch 91/2000 | Train MSE: 0.018511
Epoch 92/2000 | Train MSE: 0.018513
Epoch 93/2000 | Train MSE: 0.018513
Epoch 94/2000 | Train MSE: 0.018510
Epoch 95/2000 | Train MSE: 0.018513
Epoch 96/2000 | Train MSE: 0.018515
Epoch 97/2000 | Train MSE: 0.018509
Epoch 98/2000 | Train MSE: 0.018516
Epoch 99/2000 | Train MSE: 0.018513
Epoch 100/2000 | Train MSE: 0.018515
Epoch 101/2000 | Train MSE: 0.018514
Epoch 102/2000 | Train MSE: 0.018513
Early stopping at epoch 102. Best training loss: 0.018507

Training H4

Epoch 1/2000 | Train MSE: 0.018636
Epoch 2/2000 | Train MSE: 0.022823
Epoch 3/2000 | Train MSE: 0.018509
Epoch 4/2000 | Train MSE: 0.018506
Epoch 5/2000 | Train MSE: 0.018516
Epoch 6/2000 | Train MSE: 0.018513
Epoch 7/2000 | Train MSE: 0.018513
Epoch 8/2000 | Train MSE: 0.018513
Epoch 9/2000 | Train MSE: 0.018538
Epoch 10/2000 | Train MSE: 0.018511
Epoch 11/2000 | Train MSE: 0.018512
Epoch 12/2000 | Train MSE: 0.018514
Epoch 13/2000 | Train MSE: 0.018518
Epoch 14/2000 | Train MSE: 0.018506
Epoch 15/2000 | Train MSE: 0.018511
Epoch 16/2000 | Train MSE: 0.018513
Epoch 17/2000 | Train MSE: 0.018512
Epoch 18/2000 | Train MSE: 0.018511
Epoch 19/2000 | Train MSE: 0.018514
Epoch 20/2000 | Train MSE: 0.018515
Epoch 21/2000 | Train MSE: 0.018518
Epoch 22/2000 | Train MSE: 0.018515
Epoch 23/2000 | Train MSE: 0.018513
Epoch 24/2000 | Train MSE: 0.018513
Epoch 25/2000 | Train MSE: 0.018514
Epoch 26/2000 | Train MSE: 0.018512
Epoch 27/2000 | Train MSE: 0.018511
Epoch 28/2000 | Train MSE: 0.018515
Epoch 29/2000 | Train MSE: 0.018508
Epoch 30/2000 | Train MSE: 0.018512
Epoch 31/2000 | Train MSE: 0.018515
Epoch 32/2000 | Train MSE: 0.018511
Epoch 33/2000 | Train MSE: 0.018518
Epoch 34/2000 | Train MSE: 0.018517
Epoch 35/2000 | Train MSE: 0.018515
Epoch 36/2000 | Train MSE: 0.018514
Epoch 37/2000 | Train MSE: 0.018512
Epoch 38/2000 | Train MSE: 0.018513
Epoch 39/2000 | Train MSE: 0.018512
Epoch 40/2000 | Train MSE: 0.018515
Epoch 41/2000 | Train MSE: 0.018509
Epoch 42/2000 | Train MSE: 0.018511
Epoch 43/2000 | Train MSE: 0.018517
Epoch 44/2000 | Train MSE: 0.018516
Epoch 45/2000 | Train MSE: 0.018510
Epoch 46/2000 | Train MSE: 0.018515
Epoch 47/2000 | Train MSE: 0.018514
Epoch 48/2000 | Train MSE: 0.018516
Epoch 49/2000 | Train MSE: 0.018512
Epoch 50/2000 | Train MSE: 0.018512
Epoch 51/2000 | Train MSE: 0.018514
Epoch 52/2000 | Train MSE: 0.018519
Epoch 53/2000 | Train MSE: 0.018509
Epoch 54/2000 | Train MSE: 0.018507
Epoch 55/2000 | Train MSE: 0.018511
Epoch 56/2000 | Train MSE: 0.018514
Epoch 57/2000 | Train MSE: 0.018510
Epoch 58/2000 | Train MSE: 0.018513
Epoch 59/2000 | Train MSE: 0.018515
Epoch 60/2000 | Train MSE: 0.018513
Epoch 61/2000 | Train MSE: 0.018514
Epoch 62/2000 | Train MSE: 0.018516
Epoch 63/2000 | Train MSE: 0.018515
Epoch 64/2000 | Train MSE: 0.018513
Early stopping at epoch 64. Best training loss: 0.018506

Training H5

Epoch 1/2000 | Train MSE: 0.288495
Epoch 2/2000 | Train MSE: 0.018614
Epoch 3/2000 | Train MSE: 0.018519
Epoch 4/2000 | Train MSE: 0.018507
Epoch 5/2000 | Train MSE: 0.018512
Epoch 6/2000 | Train MSE: 0.018552
Epoch 7/2000 | Train MSE: 0.018512
Epoch 8/2000 | Train MSE: 0.018512
Epoch 9/2000 | Train MSE: 0.018512
Epoch 10/2000 | Train MSE: 0.018510
Epoch 11/2000 | Train MSE: 0.018515
Epoch 12/2000 | Train MSE: 0.018512
Epoch 13/2000 | Train MSE: 0.018514
Epoch 14/2000 | Train MSE: 0.018517
Epoch 15/2000 | Train MSE: 0.018515
Epoch 16/2000 | Train MSE: 0.018913
Epoch 17/2000 | Train MSE: 0.018515
Epoch 18/2000 | Train MSE: 0.018512
Epoch 19/2000 | Train MSE: 0.018511
Epoch 20/2000 | Train MSE: 0.018514
Epoch 21/2000 | Train MSE: 0.018515
Epoch 22/2000 | Train MSE: 0.018514
Epoch 23/2000 | Train MSE: 0.018514
Epoch 24/2000 | Train MSE: 0.018516
Epoch 25/2000 | Train MSE: 0.018515
Epoch 26/2000 | Train MSE: 0.018519
Epoch 27/2000 | Train MSE: 0.018511
Epoch 28/2000 | Train MSE: 0.018514
Epoch 29/2000 | Train MSE: 0.018515
Epoch 30/2000 | Train MSE: 0.018510
Epoch 31/2000 | Train MSE: 0.018514
Epoch 32/2000 | Train MSE: 0.018515
Epoch 33/2000 | Train MSE: 0.018516
Epoch 34/2000 | Train MSE: 0.018514
Epoch 35/2000 | Train MSE: 0.018513
Epoch 36/2000 | Train MSE: 0.018518
Epoch 37/2000 | Train MSE: 0.018513
Epoch 38/2000 | Train MSE: 0.018511
Epoch 39/2000 | Train MSE: 0.018515
Epoch 40/2000 | Train MSE: 0.018514
Epoch 41/2000 | Train MSE: 0.018517
Epoch 42/2000 | Train MSE: 0.018515
Epoch 43/2000 | Train MSE: 0.018513
Epoch 44/2000 | Train MSE: 0.018515
Epoch 45/2000 | Train MSE: 0.018515
Epoch 46/2000 | Train MSE: 0.018517
Epoch 47/2000 | Train MSE: 0.018516
Epoch 48/2000 | Train MSE: 0.018516
Epoch 49/2000 | Train MSE: 0.018514
Epoch 50/2000 | Train MSE: 0.018516
Epoch 51/2000 | Train MSE: 0.018514
Epoch 52/2000 | Train MSE: 0.018513
Epoch 53/2000 | Train MSE: 0.018514
Epoch 54/2000 | Train MSE: 0.018516
Early stopping at epoch 54. Best training loss: 0.018507

           ===== Results =====
           MSE : 0.01907443
           MAE : 0.09751162
           RMSE: 0.13811020
           R²  : -0.00007212

    --- Executing dataset BIDMC32SpO2 --- 

Training H1

Epoch 1/2000 | Train MSE: 809.632468
Epoch 2/2000 | Train MSE: 12.843192
Epoch 3/2000 | Train MSE: 7.998481
Epoch 4/2000 | Train MSE: 7.114072
Epoch 5/2000 | Train MSE: 6.630649
Epoch 6/2000 | Train MSE: 5.442858
Epoch 7/2000 | Train MSE: 5.390969
Epoch 8/2000 | Train MSE: 6.571512
Epoch 9/2000 | Train MSE: 5.337597
Epoch 10/2000 | Train MSE: 6.230693
Epoch 11/2000 | Train MSE: 31.818978
Epoch 12/2000 | Train MSE: 4.206088
Epoch 13/2000 | Train MSE: 3.442562
Epoch 14/2000 | Train MSE: 4.760560
Epoch 15/2000 | Train MSE: 3.509850
Epoch 16/2000 | Train MSE: 6.277897
Epoch 17/2000 | Train MSE: 5.727926
Epoch 18/2000 | Train MSE: 4.591573
Epoch 19/2000 | Train MSE: 6.674008
Epoch 20/2000 | Train MSE: 7.771525
Epoch 21/2000 | Train MSE: 4.520812
Epoch 22/2000 | Train MSE: 8.755883
Epoch 23/2000 | Train MSE: 43.106460
Epoch 24/2000 | Train MSE: 7.249710
Epoch 25/2000 | Train MSE: 2.666592
Epoch 26/2000 | Train MSE: 2.813337
Epoch 27/2000 | Train MSE: 1.863591
Epoch 28/2000 | Train MSE: 2.832721
Epoch 29/2000 | Train MSE: 3.032700
Epoch 30/2000 | Train MSE: 2.712942
Epoch 31/2000 | Train MSE: 10.265306
Epoch 32/2000 | Train MSE: 3.149577
Epoch 33/2000 | Train MSE: 3.852263
Epoch 34/2000 | Train MSE: 2.902292
Epoch 35/2000 | Train MSE: 3.390111
Epoch 36/2000 | Train MSE: 1.329516
Epoch 37/2000 | Train MSE: 2.157740
Epoch 38/2000 | Train MSE: 2.703526
Epoch 39/2000 | Train MSE: 2.473182
Epoch 40/2000 | Train MSE: 2.187906
Epoch 41/2000 | Train MSE: 2.982736
Epoch 42/2000 | Train MSE: 3.952711
Epoch 43/2000 | Train MSE: 1.895001
Epoch 44/2000 | Train MSE: 2.261897
Epoch 45/2000 | Train MSE: 3.140087
Epoch 46/2000 | Train MSE: 1.791184
Epoch 47/2000 | Train MSE: 3.017421
Epoch 48/2000 | Train MSE: 2.134312
Epoch 49/2000 | Train MSE: 2.407499
Epoch 50/2000 | Train MSE: 4.457147
Epoch 51/2000 | Train MSE: 1.128898
Epoch 52/2000 | Train MSE: 1.450849
Epoch 53/2000 | Train MSE: 2.699149
Epoch 54/2000 | Train MSE: 2.084041
Epoch 55/2000 | Train MSE: 1.225568
Epoch 56/2000 | Train MSE: 1.691386
Epoch 57/2000 | Train MSE: 2.665839
Epoch 58/2000 | Train MSE: 1.862045
Epoch 59/2000 | Train MSE: 2.996290
Epoch 60/2000 | Train MSE: 3.001399
Epoch 61/2000 | Train MSE: 1.431030
Epoch 62/2000 | Train MSE: 1.175640
Epoch 63/2000 | Train MSE: 1.505025
Epoch 64/2000 | Train MSE: 1.576691
Epoch 65/2000 | Train MSE: 1.384164
Epoch 66/2000 | Train MSE: 2.033645
Epoch 67/2000 | Train MSE: 1.595686
Epoch 68/2000 | Train MSE: 1.334693
Epoch 69/2000 | Train MSE: 2.064893
Epoch 70/2000 | Train MSE: 1.101119
Epoch 71/2000 | Train MSE: 2.780339
Epoch 72/2000 | Train MSE: 1.241171
Epoch 73/2000 | Train MSE: 1.484920
Epoch 74/2000 | Train MSE: 1.053344
Epoch 75/2000 | Train MSE: 1.455991
Epoch 76/2000 | Train MSE: 1.806947
Epoch 77/2000 | Train MSE: 2.525775
Epoch 78/2000 | Train MSE: 0.959074
Epoch 79/2000 | Train MSE: 0.814171
Epoch 80/2000 | Train MSE: 1.082848
Epoch 81/2000 | Train MSE: 1.568888
Epoch 82/2000 | Train MSE: 0.902129
Epoch 83/2000 | Train MSE: 1.305471
Epoch 84/2000 | Train MSE: 1.255835
Epoch 85/2000 | Train MSE: 1.147154
Epoch 86/2000 | Train MSE: 2.305973
Epoch 87/2000 | Train MSE: 1.775751
Epoch 88/2000 | Train MSE: 0.804371
Epoch 89/2000 | Train MSE: 1.128916
Epoch 90/2000 | Train MSE: 0.701149
Epoch 91/2000 | Train MSE: 1.541668
Epoch 92/2000 | Train MSE: 1.438724
Epoch 93/2000 | Train MSE: 1.130192
Epoch 94/2000 | Train MSE: 1.334888
Epoch 95/2000 | Train MSE: 1.093722
Epoch 96/2000 | Train MSE: 0.723459
Epoch 97/2000 | Train MSE: 0.648359
Epoch 98/2000 | Train MSE: 1.155077
Epoch 99/2000 | Train MSE: 0.642045
Epoch 100/2000 | Train MSE: 364.585305
Epoch 101/2000 | Train MSE: 18.632312
Epoch 102/2000 | Train MSE: 6.128150
Epoch 103/2000 | Train MSE: 4.901756
Epoch 104/2000 | Train MSE: 3.928640
Epoch 105/2000 | Train MSE: 3.308097
Epoch 106/2000 | Train MSE: 3.059361
Epoch 107/2000 | Train MSE: 2.895075
Epoch 108/2000 | Train MSE: 2.629134
Epoch 109/2000 | Train MSE: 2.326417
Epoch 110/2000 | Train MSE: 2.481501
Epoch 111/2000 | Train MSE: 2.049555
Epoch 112/2000 | Train MSE: 2.167309
Epoch 113/2000 | Train MSE: 1.753356
Epoch 114/2000 | Train MSE: 1.781745
Epoch 115/2000 | Train MSE: 1.611821
Epoch 116/2000 | Train MSE: 1.670866
Epoch 117/2000 | Train MSE: 1.907172
Epoch 118/2000 | Train MSE: 1.517781
Epoch 119/2000 | Train MSE: 1.771951
Epoch 120/2000 | Train MSE: 1.880053
Epoch 121/2000 | Train MSE: 1.690593
Epoch 122/2000 | Train MSE: 2.081262
Epoch 123/2000 | Train MSE: 1.606539
Epoch 124/2000 | Train MSE: 1.508001
Epoch 125/2000 | Train MSE: 1.668441
Epoch 126/2000 | Train MSE: 1.429715
Epoch 127/2000 | Train MSE: 1.485400
Epoch 128/2000 | Train MSE: 1.242578
Epoch 129/2000 | Train MSE: 2.179755
Epoch 130/2000 | Train MSE: 1.497441
Epoch 131/2000 | Train MSE: 1.809257
Epoch 132/2000 | Train MSE: 1.231991
Epoch 133/2000 | Train MSE: 1.843055
Epoch 134/2000 | Train MSE: 1.056200
Epoch 135/2000 | Train MSE: 1.790137
Epoch 136/2000 | Train MSE: 1.243445
Epoch 137/2000 | Train MSE: 1.391763
Epoch 138/2000 | Train MSE: 1.850654
Epoch 139/2000 | Train MSE: 1.652201
Epoch 140/2000 | Train MSE: 0.956803
Epoch 141/2000 | Train MSE: 1.125483
Epoch 142/2000 | Train MSE: 1.044653
Epoch 143/2000 | Train MSE: 1.802641
Epoch 144/2000 | Train MSE: 1.329663
Epoch 145/2000 | Train MSE: 1.455531
Epoch 146/2000 | Train MSE: 1.035697
Epoch 147/2000 | Train MSE: 1.164821
Epoch 148/2000 | Train MSE: 1.110558
Epoch 149/2000 | Train MSE: 1.429875
Early stopping at epoch 149. Best training loss: 0.642045

Training H2

Epoch 1/2000 | Train MSE: 528.019039
Epoch 2/2000 | Train MSE: 9.135790
Epoch 3/2000 | Train MSE: 7.718576
Epoch 4/2000 | Train MSE: 5.203756
Epoch 5/2000 | Train MSE: 4.821022
Epoch 6/2000 | Train MSE: 4.063791
Epoch 7/2000 | Train MSE: 9.218410
Epoch 8/2000 | Train MSE: 5.012649
Epoch 9/2000 | Train MSE: 8.129399
Epoch 10/2000 | Train MSE: 9.420200
Epoch 11/2000 | Train MSE: 9.390852
Epoch 12/2000 | Train MSE: 245.391345
Epoch 13/2000 | Train MSE: 4.354613
Epoch 14/2000 | Train MSE: 3.040699
Epoch 15/2000 | Train MSE: 2.772921
Epoch 16/2000 | Train MSE: 2.763345
Epoch 17/2000 | Train MSE: 2.000579
Epoch 18/2000 | Train MSE: 2.355429
Epoch 19/2000 | Train MSE: 2.300559
Epoch 20/2000 | Train MSE: 1.927221
Epoch 21/2000 | Train MSE: 2.112825
Epoch 22/2000 | Train MSE: 2.169526
Epoch 23/2000 | Train MSE: 2.171030
Epoch 24/2000 | Train MSE: 4.035211
Epoch 25/2000 | Train MSE: 3.267540
Epoch 26/2000 | Train MSE: 3.678129
Epoch 27/2000 | Train MSE: 4.007486
Epoch 28/2000 | Train MSE: 2.958734
Epoch 29/2000 | Train MSE: 2.751669
Epoch 30/2000 | Train MSE: 3.981060
Epoch 31/2000 | Train MSE: 3.958355
Epoch 32/2000 | Train MSE: 2.873781
Epoch 33/2000 | Train MSE: 5.552976
Epoch 34/2000 | Train MSE: 7.577477
Epoch 35/2000 | Train MSE: 1.576826
Epoch 36/2000 | Train MSE: 10.838467
Epoch 37/2000 | Train MSE: 1.827259
Epoch 38/2000 | Train MSE: 1.270469
Epoch 39/2000 | Train MSE: 1.628236
Epoch 40/2000 | Train MSE: 3.050253
Epoch 41/2000 | Train MSE: 2.150636
Epoch 42/2000 | Train MSE: 12.612727
Epoch 43/2000 | Train MSE: 2.186038
Epoch 44/2000 | Train MSE: 1.109764
Epoch 45/2000 | Train MSE: 1.866183
Epoch 46/2000 | Train MSE: 1.874688
Epoch 47/2000 | Train MSE: 7.690886
Epoch 48/2000 | Train MSE: 1.956655
Epoch 49/2000 | Train MSE: 1.190215
Epoch 50/2000 | Train MSE: 1.143365
Epoch 51/2000 | Train MSE: 0.989734
Epoch 52/2000 | Train MSE: 2.535550
Epoch 53/2000 | Train MSE: 1.332736
Epoch 54/2000 | Train MSE: 2.258225
Epoch 55/2000 | Train MSE: 2.190055
Epoch 56/2000 | Train MSE: 1.205875
Epoch 57/2000 | Train MSE: 1.921620
Epoch 58/2000 | Train MSE: 1.821156
Epoch 59/2000 | Train MSE: 9.130751
Epoch 60/2000 | Train MSE: 2.175030
Epoch 61/2000 | Train MSE: 1.051304
Epoch 62/2000 | Train MSE: 1.050600
Epoch 63/2000 | Train MSE: 1.017785
Epoch 64/2000 | Train MSE: 0.952258
Epoch 65/2000 | Train MSE: 0.995975
Epoch 66/2000 | Train MSE: 0.943362
Epoch 67/2000 | Train MSE: 1.886146
Epoch 68/2000 | Train MSE: 3.613586
Epoch 69/2000 | Train MSE: 0.656046
Epoch 70/2000 | Train MSE: 1.071153
Epoch 71/2000 | Train MSE: 0.885743
Epoch 72/2000 | Train MSE: 1.141746
Epoch 73/2000 | Train MSE: 1.409888
Epoch 74/2000 | Train MSE: 1.050713
Epoch 75/2000 | Train MSE: 1.855520
Epoch 76/2000 | Train MSE: 1.116626
Epoch 77/2000 | Train MSE: 1.129463
Epoch 78/2000 | Train MSE: 1.773451
Epoch 79/2000 | Train MSE: 0.995379
Epoch 80/2000 | Train MSE: 0.793387
Epoch 81/2000 | Train MSE: 1.099557
Epoch 82/2000 | Train MSE: 1.311086
Epoch 83/2000 | Train MSE: 1.343374
Epoch 84/2000 | Train MSE: 0.779326
Epoch 85/2000 | Train MSE: 1.422243
Epoch 86/2000 | Train MSE: 1.165606
Epoch 87/2000 | Train MSE: 0.701105
Epoch 88/2000 | Train MSE: 1.919285
Epoch 89/2000 | Train MSE: 0.762538
Epoch 90/2000 | Train MSE: 0.959635
Epoch 91/2000 | Train MSE: 1.264171
Epoch 92/2000 | Train MSE: 1.434414
Epoch 93/2000 | Train MSE: 0.811244
Epoch 94/2000 | Train MSE: 1.082553
Epoch 95/2000 | Train MSE: 0.727342
Epoch 96/2000 | Train MSE: 0.760697
Epoch 97/2000 | Train MSE: 1.093256
Epoch 98/2000 | Train MSE: 0.556506
Epoch 99/2000 | Train MSE: 6.248892
Epoch 100/2000 | Train MSE: 0.488008
Epoch 101/2000 | Train MSE: 0.430047
Epoch 102/2000 | Train MSE: 0.691448
Epoch 103/2000 | Train MSE: 0.355889
Epoch 104/2000 | Train MSE: 0.436616
Epoch 105/2000 | Train MSE: 0.538827
Epoch 106/2000 | Train MSE: 0.713123
Epoch 107/2000 | Train MSE: 0.898175
Epoch 108/2000 | Train MSE: 0.748115
Epoch 109/2000 | Train MSE: 0.485408
Epoch 110/2000 | Train MSE: 0.706105
Epoch 111/2000 | Train MSE: 0.949722
Epoch 112/2000 | Train MSE: 0.422772
Epoch 113/2000 | Train MSE: 1.481456
Epoch 114/2000 | Train MSE: 0.507948
Epoch 115/2000 | Train MSE: 1.252675
Epoch 116/2000 | Train MSE: 0.537968
Epoch 117/2000 | Train MSE: 0.642950
Epoch 118/2000 | Train MSE: 0.565723
Epoch 119/2000 | Train MSE: 0.594287
Epoch 120/2000 | Train MSE: 1.589544
Epoch 121/2000 | Train MSE: 0.683090
Epoch 122/2000 | Train MSE: 0.502262
Epoch 123/2000 | Train MSE: 0.481132
Epoch 124/2000 | Train MSE: 0.774966
Epoch 125/2000 | Train MSE: 0.625876
Epoch 126/2000 | Train MSE: 0.590661
Epoch 127/2000 | Train MSE: 0.628565
Epoch 128/2000 | Train MSE: 0.495016
Epoch 129/2000 | Train MSE: 1.491791
Epoch 130/2000 | Train MSE: 0.630842
Epoch 131/2000 | Train MSE: 0.485501
Epoch 132/2000 | Train MSE: 0.422954
Epoch 133/2000 | Train MSE: 0.924314
Epoch 134/2000 | Train MSE: 0.436873
Epoch 135/2000 | Train MSE: 0.291283
Epoch 136/2000 | Train MSE: 0.745660
Epoch 137/2000 | Train MSE: 0.466274
Epoch 138/2000 | Train MSE: 0.484581
Epoch 139/2000 | Train MSE: 0.588675
Epoch 140/2000 | Train MSE: 0.842767
Epoch 141/2000 | Train MSE: 0.365438
Epoch 142/2000 | Train MSE: 0.345852
Epoch 143/2000 | Train MSE: 0.547902
Epoch 144/2000 | Train MSE: 0.495535
Epoch 145/2000 | Train MSE: 0.576766
Epoch 146/2000 | Train MSE: 0.869942
Epoch 147/2000 | Train MSE: 0.603682
Epoch 148/2000 | Train MSE: 0.563554
Epoch 149/2000 | Train MSE: 1.105206
Epoch 150/2000 | Train MSE: 0.377785
Epoch 151/2000 | Train MSE: 0.389375
Epoch 152/2000 | Train MSE: 0.483002
Epoch 153/2000 | Train MSE: 0.453359
Epoch 154/2000 | Train MSE: 0.381807
Epoch 155/2000 | Train MSE: 0.337005
Epoch 156/2000 | Train MSE: 0.862788
Epoch 157/2000 | Train MSE: 0.295360
Epoch 158/2000 | Train MSE: 0.293928
Epoch 159/2000 | Train MSE: 0.822504
Epoch 160/2000 | Train MSE: 0.327086
Epoch 161/2000 | Train MSE: 0.583818
Epoch 162/2000 | Train MSE: 0.367405
Epoch 163/2000 | Train MSE: 233.415100
Epoch 164/2000 | Train MSE: 4.091686
Epoch 165/2000 | Train MSE: 2.509811
Epoch 166/2000 | Train MSE: 2.098741
Epoch 167/2000 | Train MSE: 2.613179
Epoch 168/2000 | Train MSE: 1.850593
Epoch 169/2000 | Train MSE: 1.574771
Epoch 170/2000 | Train MSE: 1.811734
Epoch 171/2000 | Train MSE: 1.968031
Epoch 172/2000 | Train MSE: 1.459668
Epoch 173/2000 | Train MSE: 1.480430
Epoch 174/2000 | Train MSE: 1.708014
Epoch 175/2000 | Train MSE: 1.849239
Epoch 176/2000 | Train MSE: 1.323178
Epoch 177/2000 | Train MSE: 1.633841
Epoch 178/2000 | Train MSE: 2.049007
Epoch 179/2000 | Train MSE: 1.663567
Epoch 180/2000 | Train MSE: 1.180898
Epoch 181/2000 | Train MSE: 1.378370
Epoch 182/2000 | Train MSE: 1.373701
Epoch 183/2000 | Train MSE: 1.214290
Epoch 184/2000 | Train MSE: 1.405245
Epoch 185/2000 | Train MSE: 1.201664
Early stopping at epoch 185. Best training loss: 0.291283

Training H3

Epoch 1/2000 | Train MSE: 2020.556880
Epoch 2/2000 | Train MSE: 14.980997
Epoch 3/2000 | Train MSE: 9.553241
Epoch 4/2000 | Train MSE: 8.492456
Epoch 5/2000 | Train MSE: 6.031278
Epoch 6/2000 | Train MSE: 5.234442
Epoch 7/2000 | Train MSE: 4.763620
Epoch 8/2000 | Train MSE: 3.409386
Epoch 9/2000 | Train MSE: 3.265437
Epoch 10/2000 | Train MSE: 3.480236
Epoch 11/2000 | Train MSE: 4.628193
Epoch 12/2000 | Train MSE: 3.777333
Epoch 13/2000 | Train MSE: 3.551129
Epoch 14/2000 | Train MSE: 5.453560
Epoch 15/2000 | Train MSE: 5.539553
Epoch 16/2000 | Train MSE: 2.968474
Epoch 17/2000 | Train MSE: 5.903965
Epoch 18/2000 | Train MSE: 5.496762
Epoch 19/2000 | Train MSE: 6.000573
Epoch 20/2000 | Train MSE: 5.950988
Epoch 21/2000 | Train MSE: 7.694425
Epoch 22/2000 | Train MSE: 97.664897
Epoch 23/2000 | Train MSE: 2.572794
Epoch 24/2000 | Train MSE: 1.575570
Epoch 25/2000 | Train MSE: 2.103979
Epoch 26/2000 | Train MSE: 2.548028
Epoch 27/2000 | Train MSE: 1.995616
Epoch 28/2000 | Train MSE: 1.903106
Epoch 29/2000 | Train MSE: 1.699029
Epoch 30/2000 | Train MSE: 1.851030
Epoch 31/2000 | Train MSE: 2.760686
Epoch 32/2000 | Train MSE: 2.835533
Epoch 33/2000 | Train MSE: 2.856260
Epoch 34/2000 | Train MSE: 3.713018
Epoch 35/2000 | Train MSE: 2.698067
Epoch 36/2000 | Train MSE: 3.382140
Epoch 37/2000 | Train MSE: 6.152311
Epoch 38/2000 | Train MSE: 6.649926
Epoch 39/2000 | Train MSE: 1.986827
Epoch 40/2000 | Train MSE: 3.809357
Epoch 41/2000 | Train MSE: 1.267771
Epoch 42/2000 | Train MSE: 1.959055
Epoch 43/2000 | Train MSE: 3.206636
Epoch 44/2000 | Train MSE: 2.231137
Epoch 45/2000 | Train MSE: 2.494806
Epoch 46/2000 | Train MSE: 2.574396
Epoch 47/2000 | Train MSE: 1.987402
Epoch 48/2000 | Train MSE: 2.674750
Epoch 49/2000 | Train MSE: 2.106837
Epoch 50/2000 | Train MSE: 2.070078
Epoch 51/2000 | Train MSE: 3.403313
Epoch 52/2000 | Train MSE: 1.626882
Epoch 53/2000 | Train MSE: 2.127749
Epoch 54/2000 | Train MSE: 1.923492
Epoch 55/2000 | Train MSE: 2.202418
Epoch 56/2000 | Train MSE: 1.940737
Epoch 57/2000 | Train MSE: 2.167626
Epoch 58/2000 | Train MSE: 1.485542
Epoch 59/2000 | Train MSE: 5.722360
Epoch 60/2000 | Train MSE: 1.025062
Epoch 61/2000 | Train MSE: 0.717079
Epoch 62/2000 | Train MSE: 1.990182
Epoch 63/2000 | Train MSE: 1.514706
Epoch 64/2000 | Train MSE: 1.962269
Epoch 65/2000 | Train MSE: 1.330069
Epoch 66/2000 | Train MSE: 1.650596
Epoch 67/2000 | Train MSE: 10.498718
Epoch 68/2000 | Train MSE: 0.714355
Epoch 69/2000 | Train MSE: 0.732371
Epoch 70/2000 | Train MSE: 0.875456
Epoch 71/2000 | Train MSE: 0.785243
Epoch 72/2000 | Train MSE: 1.091590
Epoch 73/2000 | Train MSE: 1.659652
Epoch 74/2000 | Train MSE: 0.938739
Epoch 75/2000 | Train MSE: 0.997669
Epoch 76/2000 | Train MSE: 2.061010
Epoch 77/2000 | Train MSE: 1.565464
Epoch 78/2000 | Train MSE: 1.652429
Epoch 79/2000 | Train MSE: 0.590276
Epoch 80/2000 | Train MSE: 1.265974
Epoch 81/2000 | Train MSE: 1.901396
Epoch 82/2000 | Train MSE: 0.732424
Epoch 83/2000 | Train MSE: 1.706172
Epoch 84/2000 | Train MSE: 1.245608
Epoch 85/2000 | Train MSE: 1.776882
Epoch 86/2000 | Train MSE: 3.811707
Epoch 87/2000 | Train MSE: 1.072556
Epoch 88/2000 | Train MSE: 0.471485
Epoch 89/2000 | Train MSE: 0.724433
Epoch 90/2000 | Train MSE: 0.828035
Epoch 91/2000 | Train MSE: 1.247482
Epoch 92/2000 | Train MSE: 0.944113
Epoch 93/2000 | Train MSE: 0.891429
Epoch 94/2000 | Train MSE: 1.449347
Epoch 95/2000 | Train MSE: 1.501311
Epoch 96/2000 | Train MSE: 1.428959
Epoch 97/2000 | Train MSE: 0.551287
Epoch 98/2000 | Train MSE: 1.029148
Epoch 99/2000 | Train MSE: 0.740657
Epoch 100/2000 | Train MSE: 1.440451
Epoch 101/2000 | Train MSE: 1.324986
Epoch 102/2000 | Train MSE: 1.594663
Epoch 103/2000 | Train MSE: 0.652984
Epoch 104/2000 | Train MSE: 0.856612
Epoch 105/2000 | Train MSE: 1.232133
Epoch 106/2000 | Train MSE: 0.908807
Epoch 107/2000 | Train MSE: 0.473613
Epoch 108/2000 | Train MSE: 1.087519
Epoch 109/2000 | Train MSE: 0.997323
Epoch 110/2000 | Train MSE: 0.925262
Epoch 111/2000 | Train MSE: 11.772057
Epoch 112/2000 | Train MSE: 0.451311
Epoch 113/2000 | Train MSE: 0.291046
Epoch 114/2000 | Train MSE: 0.258350
Epoch 115/2000 | Train MSE: 0.239705
Epoch 116/2000 | Train MSE: 0.482053
Epoch 117/2000 | Train MSE: 0.274193
Epoch 118/2000 | Train MSE: 0.633243
Epoch 119/2000 | Train MSE: 0.351569
Epoch 120/2000 | Train MSE: 0.710355
Epoch 121/2000 | Train MSE: 0.814259
Epoch 122/2000 | Train MSE: 0.562977
Epoch 123/2000 | Train MSE: 0.444823
Epoch 124/2000 | Train MSE: 0.648522
Epoch 125/2000 | Train MSE: 0.737851
Epoch 126/2000 | Train MSE: 0.371687
Epoch 127/2000 | Train MSE: 1.486337
Epoch 128/2000 | Train MSE: 0.668832
Epoch 129/2000 | Train MSE: 0.705327
Epoch 130/2000 | Train MSE: 0.936369
Epoch 131/2000 | Train MSE: 0.716838
Epoch 132/2000 | Train MSE: 1.086607
Epoch 133/2000 | Train MSE: 1.003081
Epoch 134/2000 | Train MSE: 0.477129
Epoch 135/2000 | Train MSE: 0.425306
Epoch 136/2000 | Train MSE: 0.428108
Epoch 137/2000 | Train MSE: 0.769166
Epoch 138/2000 | Train MSE: 0.856382
Epoch 139/2000 | Train MSE: 0.539024
Epoch 140/2000 | Train MSE: 0.777050
Epoch 141/2000 | Train MSE: 1.080779
Epoch 142/2000 | Train MSE: 0.696201
Epoch 143/2000 | Train MSE: 0.310317
Epoch 144/2000 | Train MSE: 0.525636
Epoch 145/2000 | Train MSE: 0.661587
Epoch 146/2000 | Train MSE: 0.849655
Epoch 147/2000 | Train MSE: 0.732233
Epoch 148/2000 | Train MSE: 1.152737
Epoch 149/2000 | Train MSE: 0.519980
Epoch 150/2000 | Train MSE: 0.450691
Epoch 151/2000 | Train MSE: 0.753039
Epoch 152/2000 | Train MSE: 0.843148
Epoch 153/2000 | Train MSE: 0.365599
Epoch 154/2000 | Train MSE: 0.646085
Epoch 155/2000 | Train MSE: 0.376896
Epoch 156/2000 | Train MSE: 0.773454
Epoch 157/2000 | Train MSE: 0.560364
Epoch 158/2000 | Train MSE: 0.633861
Epoch 159/2000 | Train MSE: 0.454207
Epoch 160/2000 | Train MSE: 0.547407
Epoch 161/2000 | Train MSE: 0.745155
Epoch 162/2000 | Train MSE: 0.387535
Epoch 163/2000 | Train MSE: 1.501279
Epoch 164/2000 | Train MSE: 0.293987
Epoch 165/2000 | Train MSE: 0.549411
Early stopping at epoch 165. Best training loss: 0.239705

Training H4

Epoch 1/2000 | Train MSE: 1961.974560
Epoch 2/2000 | Train MSE: 11.682150
Epoch 3/2000 | Train MSE: 9.488821
Epoch 4/2000 | Train MSE: 7.221898
Epoch 5/2000 | Train MSE: 5.815487
Epoch 6/2000 | Train MSE: 4.842387
Epoch 7/2000 | Train MSE: 4.232026
Epoch 8/2000 | Train MSE: 3.480058
Epoch 9/2000 | Train MSE: 3.787755
Epoch 10/2000 | Train MSE: 3.924680
Epoch 11/2000 | Train MSE: 2.410954
Epoch 12/2000 | Train MSE: 3.341509
Epoch 13/2000 | Train MSE: 3.104606
Epoch 14/2000 | Train MSE: 3.165500
Epoch 15/2000 | Train MSE: 3.430470
Epoch 16/2000 | Train MSE: 6.503262
Epoch 17/2000 | Train MSE: 4.456136
Epoch 18/2000 | Train MSE: 2.986196
Epoch 19/2000 | Train MSE: 5.396329
Epoch 20/2000 | Train MSE: 6.123644
Epoch 21/2000 | Train MSE: 4.539709
Epoch 22/2000 | Train MSE: 6.178172
Epoch 23/2000 | Train MSE: 4.652677
Epoch 24/2000 | Train MSE: 6.783465
Epoch 25/2000 | Train MSE: 5.516663
Epoch 26/2000 | Train MSE: 3.962259
Epoch 27/2000 | Train MSE: 4.658837
Epoch 28/2000 | Train MSE: 2.396783
Epoch 29/2000 | Train MSE: 3.906290
Epoch 30/2000 | Train MSE: 4.420911
Epoch 31/2000 | Train MSE: 3.545014
Epoch 32/2000 | Train MSE: 4.219874
Epoch 33/2000 | Train MSE: 4.510262
Epoch 34/2000 | Train MSE: 38.844958
Epoch 35/2000 | Train MSE: 2.545283
Epoch 36/2000 | Train MSE: 1.702663
Epoch 37/2000 | Train MSE: 1.497958
Epoch 38/2000 | Train MSE: 1.309086
Epoch 39/2000 | Train MSE: 1.555045
Epoch 40/2000 | Train MSE: 1.093891
Epoch 41/2000 | Train MSE: 2.560945
Epoch 42/2000 | Train MSE: 1.123655
Epoch 43/2000 | Train MSE: 1.708114
Epoch 44/2000 | Train MSE: 1.653770
Epoch 45/2000 | Train MSE: 2.024752
Epoch 46/2000 | Train MSE: 4.526938
Epoch 47/2000 | Train MSE: 1.745567
Epoch 48/2000 | Train MSE: 6.502815
Epoch 49/2000 | Train MSE: 3.127175
Epoch 50/2000 | Train MSE: 1.160640
Epoch 51/2000 | Train MSE: 1.071793
Epoch 52/2000 | Train MSE: 1.151877
Epoch 53/2000 | Train MSE: 8.547569
Epoch 54/2000 | Train MSE: 1.519613
Epoch 55/2000 | Train MSE: 0.722569
Epoch 56/2000 | Train MSE: 0.890723
Epoch 57/2000 | Train MSE: 2.068930
Epoch 58/2000 | Train MSE: 3.265536
Epoch 59/2000 | Train MSE: 1.373555
Epoch 60/2000 | Train MSE: 2.904764
Epoch 61/2000 | Train MSE: 1.008945
Epoch 62/2000 | Train MSE: 0.737418
Epoch 63/2000 | Train MSE: 1.215069
Epoch 64/2000 | Train MSE: 1.737831
Epoch 65/2000 | Train MSE: 1.609007
Epoch 66/2000 | Train MSE: 2.099666
Epoch 67/2000 | Train MSE: 0.933064
Epoch 68/2000 | Train MSE: 1.456468
Epoch 69/2000 | Train MSE: 1.249426
Epoch 70/2000 | Train MSE: 0.954112
Epoch 71/2000 | Train MSE: 1.331235
Epoch 72/2000 | Train MSE: 1.464507
Epoch 73/2000 | Train MSE: 1.046141
Epoch 74/2000 | Train MSE: 2.048239
Epoch 75/2000 | Train MSE: 1.494112
Epoch 76/2000 | Train MSE: 1.352008
Epoch 77/2000 | Train MSE: 1.391992
Epoch 78/2000 | Train MSE: 0.915894
Epoch 79/2000 | Train MSE: 1.170145
Epoch 80/2000 | Train MSE: 1.304120
Epoch 81/2000 | Train MSE: 0.780271
Epoch 82/2000 | Train MSE: 1.831371
Epoch 83/2000 | Train MSE: 1.159388
Epoch 84/2000 | Train MSE: 1.874507
Epoch 85/2000 | Train MSE: 0.813288
Epoch 86/2000 | Train MSE: 0.707090
Epoch 87/2000 | Train MSE: 2.138197
Epoch 88/2000 | Train MSE: 0.976876
Epoch 89/2000 | Train MSE: 0.783401
Epoch 90/2000 | Train MSE: 0.703819
Epoch 91/2000 | Train MSE: 1.905227
Epoch 92/2000 | Train MSE: 0.979817
Epoch 93/2000 | Train MSE: 0.888607
Epoch 94/2000 | Train MSE: 0.681368
Epoch 95/2000 | Train MSE: 1.447798
Epoch 96/2000 | Train MSE: 0.618931
Epoch 97/2000 | Train MSE: 0.788909
Epoch 98/2000 | Train MSE: 0.848681
Epoch 99/2000 | Train MSE: 1.081717
Epoch 100/2000 | Train MSE: 0.754901
Epoch 101/2000 | Train MSE: 0.911450
Epoch 102/2000 | Train MSE: 0.986312
Epoch 103/2000 | Train MSE: 0.481849
Epoch 104/2000 | Train MSE: 0.892667
Epoch 105/2000 | Train MSE: 2.372811
Epoch 106/2000 | Train MSE: 0.730428
Epoch 107/2000 | Train MSE: 0.637488
Epoch 108/2000 | Train MSE: 0.543699
Epoch 109/2000 | Train MSE: 0.852148
Epoch 110/2000 | Train MSE: 0.668704
Epoch 111/2000 | Train MSE: 1.997340
Epoch 112/2000 | Train MSE: 0.518538
Epoch 113/2000 | Train MSE: 0.626247
Epoch 114/2000 | Train MSE: 0.658789
Epoch 115/2000 | Train MSE: 1.398369
Epoch 116/2000 | Train MSE: 0.438508
Epoch 117/2000 | Train MSE: 0.598801
Epoch 118/2000 | Train MSE: 0.886314
Epoch 119/2000 | Train MSE: 0.481058
Epoch 120/2000 | Train MSE: 1.222793
Epoch 121/2000 | Train MSE: 0.920181
Epoch 122/2000 | Train MSE: 0.578773
Epoch 123/2000 | Train MSE: 0.858819
Epoch 124/2000 | Train MSE: 0.362454
Epoch 125/2000 | Train MSE: 2.959879
Epoch 126/2000 | Train MSE: 0.435185
Epoch 127/2000 | Train MSE: 0.243805
Epoch 128/2000 | Train MSE: 0.364086
Epoch 129/2000 | Train MSE: 0.610803
Epoch 130/2000 | Train MSE: 0.469762
Epoch 131/2000 | Train MSE: 0.461569
Epoch 132/2000 | Train MSE: 0.606421
Epoch 133/2000 | Train MSE: 0.596359
Epoch 134/2000 | Train MSE: 0.855818
Epoch 135/2000 | Train MSE: 1.095794
Epoch 136/2000 | Train MSE: 0.675458
Epoch 137/2000 | Train MSE: 0.333100
Epoch 138/2000 | Train MSE: 0.690034
Epoch 139/2000 | Train MSE: 0.393543
Epoch 140/2000 | Train MSE: 0.482330
Epoch 141/2000 | Train MSE: 0.534406
Epoch 142/2000 | Train MSE: 0.713789
Epoch 143/2000 | Train MSE: 1.678293
Epoch 144/2000 | Train MSE: 0.280624
Epoch 145/2000 | Train MSE: 0.454934
Epoch 146/2000 | Train MSE: 0.490942
Epoch 147/2000 | Train MSE: 0.333797
Epoch 148/2000 | Train MSE: 0.340049
Epoch 149/2000 | Train MSE: 0.935321
Epoch 150/2000 | Train MSE: 0.343740
Epoch 151/2000 | Train MSE: 0.485168
Epoch 152/2000 | Train MSE: 0.402927
Epoch 153/2000 | Train MSE: 0.317564
Epoch 154/2000 | Train MSE: 0.718837
Epoch 155/2000 | Train MSE: 0.430460
Epoch 156/2000 | Train MSE: 1.722179
Epoch 157/2000 | Train MSE: 0.261200
Epoch 158/2000 | Train MSE: 0.521622
Epoch 159/2000 | Train MSE: 0.256604
Epoch 160/2000 | Train MSE: 0.519222
Epoch 161/2000 | Train MSE: 0.361572
Epoch 162/2000 | Train MSE: 0.811605
Epoch 163/2000 | Train MSE: 0.291931
Epoch 164/2000 | Train MSE: 0.371327
Epoch 165/2000 | Train MSE: 0.370128
Epoch 166/2000 | Train MSE: 0.458929
Epoch 167/2000 | Train MSE: 0.442598
Epoch 168/2000 | Train MSE: 0.471801
Epoch 169/2000 | Train MSE: 0.470530
Epoch 170/2000 | Train MSE: 0.574735
Epoch 171/2000 | Train MSE: 0.662313
Epoch 172/2000 | Train MSE: 0.297617
Epoch 173/2000 | Train MSE: 0.401039
Epoch 174/2000 | Train MSE: 0.877121
Epoch 175/2000 | Train MSE: 0.259345
Epoch 176/2000 | Train MSE: 0.278641
Epoch 177/2000 | Train MSE: 0.677565
Early stopping at epoch 177. Best training loss: 0.243805

Training H5

Epoch 1/2000 | Train MSE: 513.351902
Epoch 2/2000 | Train MSE: 8.813340
Epoch 3/2000 | Train MSE: 8.308865
Epoch 4/2000 | Train MSE: 7.197026
Epoch 5/2000 | Train MSE: 8.186579
Epoch 6/2000 | Train MSE: 8.902582
Epoch 7/2000 | Train MSE: 21.401637
Epoch 8/2000 | Train MSE: 4.623526
Epoch 9/2000 | Train MSE: 4.650362
Epoch 10/2000 | Train MSE: 5.735329
Epoch 11/2000 | Train MSE: 10.154548
Epoch 12/2000 | Train MSE: 6.344472
Epoch 13/2000 | Train MSE: 3.975809
Epoch 14/2000 | Train MSE: 8.045493
Epoch 15/2000 | Train MSE: 4.985989
Epoch 16/2000 | Train MSE: 6.096354
Epoch 17/2000 | Train MSE: 4.481009
Epoch 18/2000 | Train MSE: 4.041101
Epoch 19/2000 | Train MSE: 5.066412
Epoch 20/2000 | Train MSE: 4.338596
Epoch 21/2000 | Train MSE: 3.788197
Epoch 22/2000 | Train MSE: 4.023934
Epoch 23/2000 | Train MSE: 3.920935
Epoch 24/2000 | Train MSE: 4.731614
Epoch 25/2000 | Train MSE: 4.068035
Epoch 26/2000 | Train MSE: 5.188150
Epoch 27/2000 | Train MSE: 2.423806
Epoch 28/2000 | Train MSE: 3.791312
Epoch 29/2000 | Train MSE: 2.678244
Epoch 30/2000 | Train MSE: 2.855730
Epoch 31/2000 | Train MSE: 3.208574
Epoch 32/2000 | Train MSE: 2.149643
Epoch 33/2000 | Train MSE: 2.619119
Epoch 34/2000 | Train MSE: 3.831784
Epoch 35/2000 | Train MSE: 4.312334
Epoch 36/2000 | Train MSE: 1.597234
Epoch 37/2000 | Train MSE: 3.008035
Epoch 38/2000 | Train MSE: 2.340097
Epoch 39/2000 | Train MSE: 1.850175
Epoch 40/2000 | Train MSE: 2.466071
Epoch 41/2000 | Train MSE: 3.319300
Epoch 42/2000 | Train MSE: 1.695816
Epoch 43/2000 | Train MSE: 2.837495
Epoch 44/2000 | Train MSE: 2.745737
Epoch 45/2000 | Train MSE: 1.863650
Epoch 46/2000 | Train MSE: 1.148349
Epoch 47/2000 | Train MSE: 1.414859
Epoch 48/2000 | Train MSE: 2.377716
Epoch 49/2000 | Train MSE: 1.883186
Epoch 50/2000 | Train MSE: 2.278924
Epoch 51/2000 | Train MSE: 1.794390
Epoch 52/2000 | Train MSE: 1.859027
Epoch 53/2000 | Train MSE: 2.133409
Epoch 54/2000 | Train MSE: 3.285639
Epoch 55/2000 | Train MSE: 1.099873
Epoch 56/2000 | Train MSE: 1.231972
Epoch 57/2000 | Train MSE: 1.083055
Epoch 58/2000 | Train MSE: 10.234690
Epoch 59/2000 | Train MSE: 1.184921
Epoch 60/2000 | Train MSE: 1.100575
Epoch 61/2000 | Train MSE: 1.156398
Epoch 62/2000 | Train MSE: 0.945897
Epoch 63/2000 | Train MSE: 0.990941
Epoch 64/2000 | Train MSE: 1.693212
Epoch 65/2000 | Train MSE: 1.279950
Epoch 66/2000 | Train MSE: 1.262676
Epoch 67/2000 | Train MSE: 0.960177
Epoch 68/2000 | Train MSE: 1.845477
Epoch 69/2000 | Train MSE: 2.284109
Epoch 70/2000 | Train MSE: 2.095730
Epoch 71/2000 | Train MSE: 0.944892
Epoch 72/2000 | Train MSE: 0.720819
Epoch 73/2000 | Train MSE: 2.010043
Epoch 74/2000 | Train MSE: 0.871203
Epoch 75/2000 | Train MSE: 1.332966
Epoch 76/2000 | Train MSE: 1.093259
Epoch 77/2000 | Train MSE: 1.849940
Epoch 78/2000 | Train MSE: 1.219106
Epoch 79/2000 | Train MSE: 0.747304
Epoch 80/2000 | Train MSE: 0.930591
Epoch 81/2000 | Train MSE: 0.814757
Epoch 82/2000 | Train MSE: 7.064992
Epoch 83/2000 | Train MSE: 0.465184
Epoch 84/2000 | Train MSE: 0.540784
Epoch 85/2000 | Train MSE: 0.663784
Epoch 86/2000 | Train MSE: 0.691987
Epoch 87/2000 | Train MSE: 0.590418
Epoch 88/2000 | Train MSE: 0.842531
Epoch 89/2000 | Train MSE: 0.903629
Epoch 90/2000 | Train MSE: 1.296412
Epoch 91/2000 | Train MSE: 0.859758
Epoch 92/2000 | Train MSE: 0.841292
Epoch 93/2000 | Train MSE: 1.304913
Epoch 94/2000 | Train MSE: 0.744265
Epoch 95/2000 | Train MSE: 1.138615
Epoch 96/2000 | Train MSE: 1.239119
Epoch 97/2000 | Train MSE: 0.829037
Epoch 98/2000 | Train MSE: 0.883729
Epoch 99/2000 | Train MSE: 0.655832
Epoch 100/2000 | Train MSE: 0.698655
Epoch 101/2000 | Train MSE: 0.777385
Epoch 102/2000 | Train MSE: 1.069312
Epoch 103/2000 | Train MSE: 0.815862
Epoch 104/2000 | Train MSE: 0.918528
Epoch 105/2000 | Train MSE: 0.824254
Epoch 106/2000 | Train MSE: 1.661217
Epoch 107/2000 | Train MSE: 0.854136
Epoch 108/2000 | Train MSE: 0.480910
Epoch 109/2000 | Train MSE: 0.633654
Epoch 110/2000 | Train MSE: 0.656566
Epoch 111/2000 | Train MSE: 1.436496
Epoch 112/2000 | Train MSE: 0.668471
Epoch 113/2000 | Train MSE: 1.048394
Epoch 114/2000 | Train MSE: 0.465352
Epoch 115/2000 | Train MSE: 740.046743
Epoch 116/2000 | Train MSE: 7.095494
Epoch 117/2000 | Train MSE: 4.730497
Epoch 118/2000 | Train MSE: 3.932372
Epoch 119/2000 | Train MSE: 3.450789
Epoch 120/2000 | Train MSE: 3.050231
Epoch 121/2000 | Train MSE: 3.049076
Epoch 122/2000 | Train MSE: 2.776561
Epoch 123/2000 | Train MSE: 2.571250
Epoch 124/2000 | Train MSE: 2.510394
Epoch 125/2000 | Train MSE: 1.934437
Epoch 126/2000 | Train MSE: 2.094572
Epoch 127/2000 | Train MSE: 2.015747
Epoch 128/2000 | Train MSE: 1.890142
Epoch 129/2000 | Train MSE: 1.677275
Epoch 130/2000 | Train MSE: 1.713136
Epoch 131/2000 | Train MSE: 1.534414
Epoch 132/2000 | Train MSE: 1.461798
Epoch 133/2000 | Train MSE: 1.255514
Early stopping at epoch 133. Best training loss: 0.465184

           ===== Results =====
           MSE : 29.07563972
           MAE : 4.21638203
           RMSE: 5.39218321
           R²  : -0.32302928

    --- Executing dataset AppliancesEnergy --- 

Training H1

Epoch 1/2000 | Train MSE: 215.414851
Epoch 2/2000 | Train MSE: 329.894391
Epoch 3/2000 | Train MSE: 78.694010
Epoch 4/2000 | Train MSE: 185.777836
Epoch 5/2000 | Train MSE: 209.146710
Epoch 6/2000 | Train MSE: 213.557284
Epoch 7/2000 | Train MSE: 213.103935
Epoch 8/2000 | Train MSE: 208.746082
Epoch 9/2000 | Train MSE: 196.530957
Epoch 10/2000 | Train MSE: 160.812703
Epoch 11/2000 | Train MSE: 64.436641
Epoch 12/2000 | Train MSE: 76.403345
Epoch 13/2000 | Train MSE: 37.097305
Epoch 14/2000 | Train MSE: 57.910743
Epoch 15/2000 | Train MSE: 36.998506
Epoch 16/2000 | Train MSE: 30.819676
Epoch 17/2000 | Train MSE: 24.828295
Epoch 18/2000 | Train MSE: 26.320134
Epoch 19/2000 | Train MSE: 22.296732
Epoch 20/2000 | Train MSE: 18.660443
Epoch 21/2000 | Train MSE: 16.982524
Epoch 22/2000 | Train MSE: 15.638615
Epoch 23/2000 | Train MSE: 12.535428
Epoch 24/2000 | Train MSE: 13.226596
Epoch 25/2000 | Train MSE: 12.931314
Epoch 26/2000 | Train MSE: 11.614860
Epoch 27/2000 | Train MSE: 10.929727
Epoch 28/2000 | Train MSE: 9.456049
Epoch 29/2000 | Train MSE: 8.762261
Epoch 30/2000 | Train MSE: 7.607533
Epoch 31/2000 | Train MSE: 7.564542
Epoch 32/2000 | Train MSE: 7.096707
Epoch 33/2000 | Train MSE: 6.560485
Epoch 34/2000 | Train MSE: 5.811968
Epoch 35/2000 | Train MSE: 5.448933
Epoch 36/2000 | Train MSE: 4.755796
Epoch 37/2000 | Train MSE: 4.887357
Epoch 38/2000 | Train MSE: 4.308052
Epoch 39/2000 | Train MSE: 3.253994
Epoch 40/2000 | Train MSE: 3.114970
Epoch 41/2000 | Train MSE: 2.412157
Epoch 42/2000 | Train MSE: 2.814962
Epoch 43/2000 | Train MSE: 2.464136
Epoch 44/2000 | Train MSE: 1.971828
Epoch 45/2000 | Train MSE: 1.784944
Epoch 46/2000 | Train MSE: 1.442248
Epoch 47/2000 | Train MSE: 1.193954
Epoch 48/2000 | Train MSE: 0.869362
Epoch 49/2000 | Train MSE: 0.778953
Epoch 50/2000 | Train MSE: 0.550150
Epoch 51/2000 | Train MSE: 0.419440
Epoch 52/2000 | Train MSE: 0.337412
Epoch 53/2000 | Train MSE: 0.287843
Epoch 54/2000 | Train MSE: 0.214143
Epoch 55/2000 | Train MSE: 0.187625
Epoch 56/2000 | Train MSE: 0.138974
Epoch 57/2000 | Train MSE: 0.116135
Epoch 58/2000 | Train MSE: 0.095442
Epoch 59/2000 | Train MSE: 0.111809
Epoch 60/2000 | Train MSE: 0.096359
Epoch 61/2000 | Train MSE: 0.069788
Epoch 62/2000 | Train MSE: 0.072314
Epoch 63/2000 | Train MSE: 0.065448
Epoch 64/2000 | Train MSE: 0.069791
Epoch 65/2000 | Train MSE: 0.059751
Epoch 66/2000 | Train MSE: 0.056084
Epoch 67/2000 | Train MSE: 0.036300
Epoch 68/2000 | Train MSE: 0.068878
Epoch 69/2000 | Train MSE: 0.036012
Epoch 70/2000 | Train MSE: 0.049959
Epoch 71/2000 | Train MSE: 0.060990
Epoch 72/2000 | Train MSE: 0.041374
Epoch 73/2000 | Train MSE: 0.030417
Epoch 74/2000 | Train MSE: 0.026080
Epoch 75/2000 | Train MSE: 0.014513
Epoch 76/2000 | Train MSE: 0.017984
Epoch 77/2000 | Train MSE: 0.015972
Epoch 78/2000 | Train MSE: 0.016804
Epoch 79/2000 | Train MSE: 0.017574
Epoch 80/2000 | Train MSE: 0.024545
Epoch 81/2000 | Train MSE: 0.017632
Epoch 82/2000 | Train MSE: 0.027652
Epoch 83/2000 | Train MSE: 0.012190
Epoch 84/2000 | Train MSE: 0.015147
Epoch 85/2000 | Train MSE: 0.022434
Epoch 86/2000 | Train MSE: 0.013477
Epoch 87/2000 | Train MSE: 0.013953
Epoch 88/2000 | Train MSE: 0.009390
Epoch 89/2000 | Train MSE: 0.012255
Epoch 90/2000 | Train MSE: 0.030181
Epoch 91/2000 | Train MSE: 0.021271
Epoch 92/2000 | Train MSE: 0.032779
Epoch 93/2000 | Train MSE: 0.013963
Epoch 94/2000 | Train MSE: 0.015150
Epoch 95/2000 | Train MSE: 0.010284
Epoch 96/2000 | Train MSE: 0.010428
Epoch 97/2000 | Train MSE: 0.011913
Epoch 98/2000 | Train MSE: 0.006588
Epoch 99/2000 | Train MSE: 0.009194
Epoch 100/2000 | Train MSE: 0.007259
Epoch 101/2000 | Train MSE: 0.011758
Epoch 102/2000 | Train MSE: 0.004582
Epoch 103/2000 | Train MSE: 0.007219
Epoch 104/2000 | Train MSE: 0.012093
Epoch 105/2000 | Train MSE: 0.008471
Epoch 106/2000 | Train MSE: 0.014489
Epoch 107/2000 | Train MSE: 0.013327
Epoch 108/2000 | Train MSE: 0.022392
Epoch 109/2000 | Train MSE: 0.021582
Epoch 110/2000 | Train MSE: 0.016042
Epoch 111/2000 | Train MSE: 0.035084
Epoch 112/2000 | Train MSE: 0.024137
Epoch 113/2000 | Train MSE: 0.057889
Epoch 114/2000 | Train MSE: 0.033968
Epoch 115/2000 | Train MSE: 0.037172
Epoch 116/2000 | Train MSE: 0.034270
Epoch 117/2000 | Train MSE: 0.033024
Epoch 118/2000 | Train MSE: 0.019859
Epoch 119/2000 | Train MSE: 0.013030
Epoch 120/2000 | Train MSE: 0.010416
Epoch 121/2000 | Train MSE: 0.010732
Epoch 122/2000 | Train MSE: 0.017476
Epoch 123/2000 | Train MSE: 0.010068
Epoch 124/2000 | Train MSE: 0.019253
Epoch 125/2000 | Train MSE: 0.016081
Epoch 126/2000 | Train MSE: 0.026265
Epoch 127/2000 | Train MSE: 0.022280
Epoch 128/2000 | Train MSE: 0.046948
Epoch 129/2000 | Train MSE: 0.025626
Epoch 130/2000 | Train MSE: 0.050813
Epoch 131/2000 | Train MSE: 0.016181
Epoch 132/2000 | Train MSE: 0.017842
Epoch 133/2000 | Train MSE: 0.014883
Epoch 134/2000 | Train MSE: 0.017605
Epoch 135/2000 | Train MSE: 0.021865
Epoch 136/2000 | Train MSE: 0.021238
Epoch 137/2000 | Train MSE: 0.022093
Epoch 138/2000 | Train MSE: 0.012704
Epoch 139/2000 | Train MSE: 0.017791
Epoch 140/2000 | Train MSE: 0.008696
Epoch 141/2000 | Train MSE: 0.016470
Epoch 142/2000 | Train MSE: 0.014204
Epoch 143/2000 | Train MSE: 0.013221
Epoch 144/2000 | Train MSE: 0.016553
Epoch 145/2000 | Train MSE: 0.009994
Epoch 146/2000 | Train MSE: 0.025337
Epoch 147/2000 | Train MSE: 0.010202
Epoch 148/2000 | Train MSE: 0.020399
Epoch 149/2000 | Train MSE: 0.017222
Epoch 150/2000 | Train MSE: 0.053309
Epoch 151/2000 | Train MSE: 0.037583
Epoch 152/2000 | Train MSE: 0.108423
Early stopping at epoch 152. Best training loss: 0.004582

Training H2

Epoch 1/2000 | Train MSE: 217.423647
Epoch 2/2000 | Train MSE: 115.883577
Epoch 3/2000 | Train MSE: 130.578613
Epoch 4/2000 | Train MSE: 141.249770
Epoch 5/2000 | Train MSE: 165.952456
Epoch 6/2000 | Train MSE: 143.410668
Epoch 7/2000 | Train MSE: 60.494508
Epoch 8/2000 | Train MSE: 52.392597
Epoch 9/2000 | Train MSE: 31.251679
Epoch 10/2000 | Train MSE: 40.979028
Epoch 11/2000 | Train MSE: 26.866720
Epoch 12/2000 | Train MSE: 24.929038
Epoch 13/2000 | Train MSE: 23.804737
Epoch 14/2000 | Train MSE: 18.556843
Epoch 15/2000 | Train MSE: 20.297503
Epoch 16/2000 | Train MSE: 17.857347
Epoch 17/2000 | Train MSE: 17.846737
Epoch 18/2000 | Train MSE: 14.492221
Epoch 19/2000 | Train MSE: 12.958559
Epoch 20/2000 | Train MSE: 12.596008
Epoch 21/2000 | Train MSE: 11.071798
Epoch 22/2000 | Train MSE: 10.440099
Epoch 23/2000 | Train MSE: 9.464244
Epoch 24/2000 | Train MSE: 8.658406
Epoch 25/2000 | Train MSE: 8.086972
Epoch 26/2000 | Train MSE: 7.013366
Epoch 27/2000 | Train MSE: 7.075181
Epoch 28/2000 | Train MSE: 6.493473
Epoch 29/2000 | Train MSE: 5.556660
Epoch 30/2000 | Train MSE: 5.162124
Epoch 31/2000 | Train MSE: 4.648181
Epoch 32/2000 | Train MSE: 4.550348
Epoch 33/2000 | Train MSE: 3.922760
Epoch 34/2000 | Train MSE: 3.198673
Epoch 35/2000 | Train MSE: 3.040594
Epoch 36/2000 | Train MSE: 2.636064
Epoch 37/2000 | Train MSE: 1.968784
Epoch 38/2000 | Train MSE: 1.463577
Epoch 39/2000 | Train MSE: 1.244159
Epoch 40/2000 | Train MSE: 1.188320
Epoch 41/2000 | Train MSE: 1.681077
Epoch 42/2000 | Train MSE: 1.080902
Epoch 43/2000 | Train MSE: 0.732596
Epoch 44/2000 | Train MSE: 0.708219
Epoch 45/2000 | Train MSE: 0.563600
Epoch 46/2000 | Train MSE: 0.743844
Epoch 47/2000 | Train MSE: 0.413291
Epoch 48/2000 | Train MSE: 0.451170
Epoch 49/2000 | Train MSE: 0.443681
Epoch 50/2000 | Train MSE: 0.363551
Epoch 51/2000 | Train MSE: 0.200337
Epoch 52/2000 | Train MSE: 0.211885
Epoch 53/2000 | Train MSE: 0.125243
Epoch 54/2000 | Train MSE: 0.088523
Epoch 55/2000 | Train MSE: 0.097131
Epoch 56/2000 | Train MSE: 0.101760
Epoch 57/2000 | Train MSE: 0.053839
Epoch 58/2000 | Train MSE: 0.065999
Epoch 59/2000 | Train MSE: 0.063450
Epoch 60/2000 | Train MSE: 0.053113
Epoch 61/2000 | Train MSE: 0.056215
Epoch 62/2000 | Train MSE: 0.109496
Epoch 63/2000 | Train MSE: 0.073816
Epoch 64/2000 | Train MSE: 0.045294
Epoch 65/2000 | Train MSE: 0.062197
Epoch 66/2000 | Train MSE: 0.034960
Epoch 67/2000 | Train MSE: 0.035290
Epoch 68/2000 | Train MSE: 0.032232
Epoch 69/2000 | Train MSE: 0.029265
Epoch 70/2000 | Train MSE: 0.024416
Epoch 71/2000 | Train MSE: 0.024193
Epoch 72/2000 | Train MSE: 0.025158
Epoch 73/2000 | Train MSE: 0.038812
Epoch 74/2000 | Train MSE: 0.014731
Epoch 75/2000 | Train MSE: 0.016185
Epoch 76/2000 | Train MSE: 0.014496
Epoch 77/2000 | Train MSE: 0.008273
Epoch 78/2000 | Train MSE: 0.009160
Epoch 79/2000 | Train MSE: 0.005866
Epoch 80/2000 | Train MSE: 0.004199
Epoch 81/2000 | Train MSE: 0.004030
Epoch 82/2000 | Train MSE: 0.003140
Epoch 83/2000 | Train MSE: 0.003154
Epoch 84/2000 | Train MSE: 0.001428
Epoch 85/2000 | Train MSE: 0.002077
Epoch 86/2000 | Train MSE: 0.001218
Epoch 87/2000 | Train MSE: 0.001329
Epoch 88/2000 | Train MSE: 0.000744
Epoch 89/2000 | Train MSE: 0.000612
Epoch 90/2000 | Train MSE: 0.000431
Epoch 91/2000 | Train MSE: 0.000400
Epoch 92/2000 | Train MSE: 0.000196
Epoch 93/2000 | Train MSE: 0.000150
Epoch 94/2000 | Train MSE: 0.000132
Epoch 95/2000 | Train MSE: 0.000113
Epoch 96/2000 | Train MSE: 0.000073
Epoch 97/2000 | Train MSE: 0.000088
Epoch 98/2000 | Train MSE: 0.000089
Epoch 99/2000 | Train MSE: 0.000111
Epoch 100/2000 | Train MSE: 0.000202
Epoch 101/2000 | Train MSE: 0.000097
Epoch 102/2000 | Train MSE: 0.000195
Epoch 103/2000 | Train MSE: 0.000126
Epoch 104/2000 | Train MSE: 0.000178
Epoch 105/2000 | Train MSE: 0.000148
Epoch 106/2000 | Train MSE: 0.000463
Epoch 107/2000 | Train MSE: 0.000418
Epoch 108/2000 | Train MSE: 0.000319
Epoch 109/2000 | Train MSE: 0.000539
Epoch 110/2000 | Train MSE: 0.000333
Epoch 111/2000 | Train MSE: 0.000695
Epoch 112/2000 | Train MSE: 0.000468
Epoch 113/2000 | Train MSE: 0.000431
Epoch 114/2000 | Train MSE: 0.000314
Epoch 115/2000 | Train MSE: 0.000204
Epoch 116/2000 | Train MSE: 0.000266
Epoch 117/2000 | Train MSE: 0.000230
Epoch 118/2000 | Train MSE: 0.000121
Epoch 119/2000 | Train MSE: 0.000172
Epoch 120/2000 | Train MSE: 0.000121
Epoch 121/2000 | Train MSE: 0.000099
Epoch 122/2000 | Train MSE: 0.000090
Epoch 123/2000 | Train MSE: 0.000106
Epoch 124/2000 | Train MSE: 0.000073
Epoch 125/2000 | Train MSE: 0.000066
Epoch 126/2000 | Train MSE: 0.000080
Epoch 127/2000 | Train MSE: 0.000058
Epoch 128/2000 | Train MSE: 0.000058
Epoch 129/2000 | Train MSE: 0.000042
Epoch 130/2000 | Train MSE: 0.000065
Epoch 131/2000 | Train MSE: 0.000110
Epoch 132/2000 | Train MSE: 0.000136
Epoch 133/2000 | Train MSE: 0.000095
Epoch 134/2000 | Train MSE: 0.000121
Epoch 135/2000 | Train MSE: 0.000251
Epoch 136/2000 | Train MSE: 0.000252
Epoch 137/2000 | Train MSE: 0.000259
Epoch 138/2000 | Train MSE: 0.000626
Epoch 139/2000 | Train MSE: 0.000672
Epoch 140/2000 | Train MSE: 0.000191
Epoch 141/2000 | Train MSE: 0.000282
Epoch 142/2000 | Train MSE: 0.000243
Epoch 143/2000 | Train MSE: 0.000301
Epoch 144/2000 | Train MSE: 0.000207
Epoch 145/2000 | Train MSE: 0.000240
Epoch 146/2000 | Train MSE: 0.000516
Epoch 147/2000 | Train MSE: 0.000654
Epoch 148/2000 | Train MSE: 0.000547
Epoch 149/2000 | Train MSE: 0.000698
Epoch 150/2000 | Train MSE: 0.001088
Epoch 151/2000 | Train MSE: 0.000949
Epoch 152/2000 | Train MSE: 0.001305
Epoch 153/2000 | Train MSE: 0.000819
Epoch 154/2000 | Train MSE: 0.000614
Epoch 155/2000 | Train MSE: 0.000646
Epoch 156/2000 | Train MSE: 0.000944
Epoch 157/2000 | Train MSE: 0.001175
Epoch 158/2000 | Train MSE: 0.001220
Epoch 159/2000 | Train MSE: 0.000777
Epoch 160/2000 | Train MSE: 0.002103
Epoch 161/2000 | Train MSE: 0.003091
Epoch 162/2000 | Train MSE: 0.004085
Epoch 163/2000 | Train MSE: 0.004661
Epoch 164/2000 | Train MSE: 0.008743
Epoch 165/2000 | Train MSE: 0.012661
Epoch 166/2000 | Train MSE: 0.009301
Epoch 167/2000 | Train MSE: 0.017491
Epoch 168/2000 | Train MSE: 0.014873
Epoch 169/2000 | Train MSE: 0.017519
Epoch 170/2000 | Train MSE: 0.020570
Epoch 171/2000 | Train MSE: 0.012375
Epoch 172/2000 | Train MSE: 0.010260
Epoch 173/2000 | Train MSE: 0.006678
Epoch 174/2000 | Train MSE: 0.006073
Epoch 175/2000 | Train MSE: 0.006708
Epoch 176/2000 | Train MSE: 0.006655
Epoch 177/2000 | Train MSE: 0.004752
Epoch 178/2000 | Train MSE: 0.006035
Epoch 179/2000 | Train MSE: 0.007868
Early stopping at epoch 179. Best training loss: 0.000042

Training H3

Epoch 1/2000 | Train MSE: 217.986361
Epoch 2/2000 | Train MSE: 167.180204
Epoch 3/2000 | Train MSE: 49.843340
Epoch 4/2000 | Train MSE: 61.473661
Epoch 5/2000 | Train MSE: 27.978149
Epoch 6/2000 | Train MSE: 28.077519
Epoch 7/2000 | Train MSE: 36.363031
Epoch 8/2000 | Train MSE: 24.036752
Epoch 9/2000 | Train MSE: 21.520772
Epoch 10/2000 | Train MSE: 20.097848
Epoch 11/2000 | Train MSE: 19.855331
Epoch 12/2000 | Train MSE: 20.691935
Epoch 13/2000 | Train MSE: 16.949436
Epoch 14/2000 | Train MSE: 12.775967
Epoch 15/2000 | Train MSE: 14.537363
Epoch 16/2000 | Train MSE: 11.644054
Epoch 17/2000 | Train MSE: 8.913394
Epoch 18/2000 | Train MSE: 8.832461
Epoch 19/2000 | Train MSE: 8.278312
Epoch 20/2000 | Train MSE: 7.002421
Epoch 21/2000 | Train MSE: 6.598685
Epoch 22/2000 | Train MSE: 5.399488
Epoch 23/2000 | Train MSE: 4.906529
Epoch 24/2000 | Train MSE: 5.256008
Epoch 25/2000 | Train MSE: 5.264855
Epoch 26/2000 | Train MSE: 3.982485
Epoch 27/2000 | Train MSE: 3.037568
Epoch 28/2000 | Train MSE: 2.691694
Epoch 29/2000 | Train MSE: 3.046226
Epoch 30/2000 | Train MSE: 2.379433
Epoch 31/2000 | Train MSE: 2.261644
Epoch 32/2000 | Train MSE: 2.889917
Epoch 33/2000 | Train MSE: 4.045721
Epoch 34/2000 | Train MSE: 6.053149
Epoch 35/2000 | Train MSE: 4.938588
Epoch 36/2000 | Train MSE: 3.327821
Epoch 37/2000 | Train MSE: 2.383060
Epoch 38/2000 | Train MSE: 1.733810
Epoch 39/2000 | Train MSE: 1.547637
Epoch 40/2000 | Train MSE: 1.504578
Epoch 41/2000 | Train MSE: 0.999267
Epoch 42/2000 | Train MSE: 1.145608
Epoch 43/2000 | Train MSE: 0.748902
Epoch 44/2000 | Train MSE: 0.684185
Epoch 45/2000 | Train MSE: 0.642493
Epoch 46/2000 | Train MSE: 0.516982
Epoch 47/2000 | Train MSE: 0.316331
Epoch 48/2000 | Train MSE: 0.298139
Epoch 49/2000 | Train MSE: 0.253531
Epoch 50/2000 | Train MSE: 0.207929
Epoch 51/2000 | Train MSE: 0.185082
Epoch 52/2000 | Train MSE: 0.228623
Epoch 53/2000 | Train MSE: 0.191605
Epoch 54/2000 | Train MSE: 0.148988
Epoch 55/2000 | Train MSE: 0.150208
Epoch 56/2000 | Train MSE: 0.099777
Epoch 57/2000 | Train MSE: 0.068522
Epoch 58/2000 | Train MSE: 0.073521
Epoch 59/2000 | Train MSE: 0.078202
Epoch 60/2000 | Train MSE: 0.114987
Epoch 61/2000 | Train MSE: 0.092246
Epoch 62/2000 | Train MSE: 0.069784
Epoch 63/2000 | Train MSE: 0.090321
Epoch 64/2000 | Train MSE: 0.042673
Epoch 65/2000 | Train MSE: 0.049647
Epoch 66/2000 | Train MSE: 0.034581
Epoch 67/2000 | Train MSE: 0.035874
Epoch 68/2000 | Train MSE: 0.038014
Epoch 69/2000 | Train MSE: 0.025798
Epoch 70/2000 | Train MSE: 0.029782
Epoch 71/2000 | Train MSE: 0.015597
Epoch 72/2000 | Train MSE: 0.016684
Epoch 73/2000 | Train MSE: 0.008993
Epoch 74/2000 | Train MSE: 0.011554
Epoch 75/2000 | Train MSE: 0.008207
Epoch 76/2000 | Train MSE: 0.008612
Epoch 77/2000 | Train MSE: 0.003811
Epoch 78/2000 | Train MSE: 0.005631
Epoch 79/2000 | Train MSE: 0.005050
Epoch 80/2000 | Train MSE: 0.007790
Epoch 81/2000 | Train MSE: 0.004563
Epoch 82/2000 | Train MSE: 0.005853
Epoch 83/2000 | Train MSE: 0.003003
Epoch 84/2000 | Train MSE: 0.004126
Epoch 85/2000 | Train MSE: 0.001961
Epoch 86/2000 | Train MSE: 0.004332
Epoch 87/2000 | Train MSE: 0.002836
Epoch 88/2000 | Train MSE: 0.002209
Epoch 89/2000 | Train MSE: 0.003405
Epoch 90/2000 | Train MSE: 0.001358
Epoch 91/2000 | Train MSE: 0.001670
Epoch 92/2000 | Train MSE: 0.000966
Epoch 93/2000 | Train MSE: 0.000765
Epoch 94/2000 | Train MSE: 0.000803
Epoch 95/2000 | Train MSE: 0.000338
Epoch 96/2000 | Train MSE: 0.000434
Epoch 97/2000 | Train MSE: 0.000281
Epoch 98/2000 | Train MSE: 0.000218
Epoch 99/2000 | Train MSE: 0.000101
Epoch 100/2000 | Train MSE: 0.000148
Epoch 101/2000 | Train MSE: 0.000128
Epoch 102/2000 | Train MSE: 0.000127
Epoch 103/2000 | Train MSE: 0.000107
Epoch 104/2000 | Train MSE: 0.000183
Epoch 105/2000 | Train MSE: 0.000089
Epoch 106/2000 | Train MSE: 0.000088
Epoch 107/2000 | Train MSE: 0.000099
Epoch 108/2000 | Train MSE: 0.000099
Epoch 109/2000 | Train MSE: 0.000076
Epoch 110/2000 | Train MSE: 0.000057
Epoch 111/2000 | Train MSE: 0.000110
Epoch 112/2000 | Train MSE: 0.000049
Epoch 113/2000 | Train MSE: 0.000050
Epoch 114/2000 | Train MSE: 0.000026
Epoch 115/2000 | Train MSE: 0.000035
Epoch 116/2000 | Train MSE: 0.000029
Epoch 117/2000 | Train MSE: 0.000028
Epoch 118/2000 | Train MSE: 0.000022
Epoch 119/2000 | Train MSE: 0.000019
Epoch 120/2000 | Train MSE: 0.000021
Epoch 121/2000 | Train MSE: 0.000023
Epoch 122/2000 | Train MSE: 0.000021
Epoch 123/2000 | Train MSE: 0.000013
Epoch 124/2000 | Train MSE: 0.000010
Epoch 125/2000 | Train MSE: 0.000013
Epoch 126/2000 | Train MSE: 0.000008
Epoch 127/2000 | Train MSE: 0.000014
Epoch 128/2000 | Train MSE: 0.000017
Epoch 129/2000 | Train MSE: 0.000021
Epoch 130/2000 | Train MSE: 0.000014
Epoch 131/2000 | Train MSE: 0.000040
Epoch 132/2000 | Train MSE: 0.000044
Epoch 133/2000 | Train MSE: 0.000031
Epoch 134/2000 | Train MSE: 0.000046
Epoch 135/2000 | Train MSE: 0.000028
Epoch 136/2000 | Train MSE: 0.000022
Epoch 137/2000 | Train MSE: 0.000010
Epoch 138/2000 | Train MSE: 0.000010
Epoch 139/2000 | Train MSE: 0.000008
Epoch 140/2000 | Train MSE: 0.000012
Epoch 141/2000 | Train MSE: 0.000025
Epoch 142/2000 | Train MSE: 0.000040
Epoch 143/2000 | Train MSE: 0.000025
Epoch 144/2000 | Train MSE: 0.000027
Epoch 145/2000 | Train MSE: 0.000027
Epoch 146/2000 | Train MSE: 0.000031
Epoch 147/2000 | Train MSE: 0.000041
Epoch 148/2000 | Train MSE: 0.000043
Epoch 149/2000 | Train MSE: 0.000040
Epoch 150/2000 | Train MSE: 0.000014
Epoch 151/2000 | Train MSE: 0.000013
Epoch 152/2000 | Train MSE: 0.000009
Epoch 153/2000 | Train MSE: 0.000012
Epoch 154/2000 | Train MSE: 0.000010
Epoch 155/2000 | Train MSE: 0.000007
Epoch 156/2000 | Train MSE: 0.000005
Epoch 157/2000 | Train MSE: 0.000009
Epoch 158/2000 | Train MSE: 0.000015
Epoch 159/2000 | Train MSE: 0.000030
Epoch 160/2000 | Train MSE: 0.000058
Epoch 161/2000 | Train MSE: 0.000041
Epoch 162/2000 | Train MSE: 0.000034
Epoch 163/2000 | Train MSE: 0.000030
Epoch 164/2000 | Train MSE: 0.000035
Epoch 165/2000 | Train MSE: 0.000039
Epoch 166/2000 | Train MSE: 0.000080
Epoch 167/2000 | Train MSE: 0.000073
Epoch 168/2000 | Train MSE: 0.000093
Epoch 169/2000 | Train MSE: 0.000172
Epoch 170/2000 | Train MSE: 0.000106
Epoch 171/2000 | Train MSE: 0.000354
Epoch 172/2000 | Train MSE: 0.001051
Epoch 173/2000 | Train MSE: 0.001410
Epoch 174/2000 | Train MSE: 0.002082
Epoch 175/2000 | Train MSE: 0.002761
Epoch 176/2000 | Train MSE: 0.001555
Epoch 177/2000 | Train MSE: 0.001204
Epoch 178/2000 | Train MSE: 0.001023
Epoch 179/2000 | Train MSE: 0.000694
Epoch 180/2000 | Train MSE: 0.000640
Epoch 181/2000 | Train MSE: 0.000534
Epoch 182/2000 | Train MSE: 0.000558
Epoch 183/2000 | Train MSE: 0.000800
Epoch 184/2000 | Train MSE: 0.000670
Epoch 185/2000 | Train MSE: 0.001105
Epoch 186/2000 | Train MSE: 0.002277
Epoch 187/2000 | Train MSE: 0.001426
Epoch 188/2000 | Train MSE: 0.001521
Epoch 189/2000 | Train MSE: 0.001614
Epoch 190/2000 | Train MSE: 0.001944
Epoch 191/2000 | Train MSE: 0.000890
Epoch 192/2000 | Train MSE: 0.001439
Epoch 193/2000 | Train MSE: 0.001862
Epoch 194/2000 | Train MSE: 0.005799
Epoch 195/2000 | Train MSE: 0.043095
Epoch 196/2000 | Train MSE: 0.027773
Epoch 197/2000 | Train MSE: 0.024275
Epoch 198/2000 | Train MSE: 0.029501
Epoch 199/2000 | Train MSE: 0.033940
Epoch 200/2000 | Train MSE: 0.041554
Epoch 201/2000 | Train MSE: 0.038927
Epoch 202/2000 | Train MSE: 0.045017
Epoch 203/2000 | Train MSE: 0.033400
Epoch 204/2000 | Train MSE: 0.039362
Epoch 205/2000 | Train MSE: 0.038993
Epoch 206/2000 | Train MSE: 0.041942
Early stopping at epoch 206. Best training loss: 0.000005

Training H4

Epoch 1/2000 | Train MSE: 213.870360
Epoch 2/2000 | Train MSE: 105.161690
Epoch 3/2000 | Train MSE: 36.035517
Epoch 4/2000 | Train MSE: 30.093059
Epoch 5/2000 | Train MSE: 33.867058
Epoch 6/2000 | Train MSE: 31.013335
Epoch 7/2000 | Train MSE: 27.895028
Epoch 8/2000 | Train MSE: 21.752889
Epoch 9/2000 | Train MSE: 21.433084
Epoch 10/2000 | Train MSE: 19.316818
Epoch 11/2000 | Train MSE: 15.556293
Epoch 12/2000 | Train MSE: 13.403277
Epoch 13/2000 | Train MSE: 12.770731
Epoch 14/2000 | Train MSE: 9.820032
Epoch 15/2000 | Train MSE: 8.801944
Epoch 16/2000 | Train MSE: 9.939379
Epoch 17/2000 | Train MSE: 9.959478
Epoch 18/2000 | Train MSE: 7.534888
Epoch 19/2000 | Train MSE: 6.895201
Epoch 20/2000 | Train MSE: 6.481425
Epoch 21/2000 | Train MSE: 5.795090
Epoch 22/2000 | Train MSE: 5.460639
Epoch 23/2000 | Train MSE: 4.061792
Epoch 24/2000 | Train MSE: 3.662646
Epoch 25/2000 | Train MSE: 2.998430
Epoch 26/2000 | Train MSE: 2.640546
Epoch 27/2000 | Train MSE: 2.333385
Epoch 28/2000 | Train MSE: 2.360746
Epoch 29/2000 | Train MSE: 2.072235
Epoch 30/2000 | Train MSE: 1.966508
Epoch 31/2000 | Train MSE: 1.743566
Epoch 32/2000 | Train MSE: 1.956121
Epoch 33/2000 | Train MSE: 1.652841
Epoch 34/2000 | Train MSE: 1.424953
Epoch 35/2000 | Train MSE: 1.369743
Epoch 36/2000 | Train MSE: 1.391260
Epoch 37/2000 | Train MSE: 1.239116
Epoch 38/2000 | Train MSE: 1.031417
Epoch 39/2000 | Train MSE: 0.878258
Epoch 40/2000 | Train MSE: 1.529638
Epoch 41/2000 | Train MSE: 0.889218
Epoch 42/2000 | Train MSE: 0.895640
Epoch 43/2000 | Train MSE: 0.997680
Epoch 44/2000 | Train MSE: 1.016286
Epoch 45/2000 | Train MSE: 0.753789
Epoch 46/2000 | Train MSE: 1.130467
Epoch 47/2000 | Train MSE: 0.611702
Epoch 48/2000 | Train MSE: 0.568992
Epoch 49/2000 | Train MSE: 0.921726
Epoch 50/2000 | Train MSE: 0.901880
Epoch 51/2000 | Train MSE: 0.536725
Epoch 52/2000 | Train MSE: 0.753693
Epoch 53/2000 | Train MSE: 0.413513
Epoch 54/2000 | Train MSE: 0.214698
Epoch 55/2000 | Train MSE: 0.254444
Epoch 56/2000 | Train MSE: 0.151498
Epoch 57/2000 | Train MSE: 0.211467
Epoch 58/2000 | Train MSE: 0.165988
Epoch 59/2000 | Train MSE: 0.151363
Epoch 60/2000 | Train MSE: 0.178289
Epoch 61/2000 | Train MSE: 0.126084
Epoch 62/2000 | Train MSE: 0.120916
Epoch 63/2000 | Train MSE: 0.100977
Epoch 64/2000 | Train MSE: 0.167024
Epoch 65/2000 | Train MSE: 0.115123
Epoch 66/2000 | Train MSE: 0.085047
Epoch 67/2000 | Train MSE: 0.116537
Epoch 68/2000 | Train MSE: 0.075496
Epoch 69/2000 | Train MSE: 0.066433
Epoch 70/2000 | Train MSE: 0.159238
Epoch 71/2000 | Train MSE: 0.108221
Epoch 72/2000 | Train MSE: 0.129211
Epoch 73/2000 | Train MSE: 0.079795
Epoch 74/2000 | Train MSE: 0.100627
Epoch 75/2000 | Train MSE: 0.108451
Epoch 76/2000 | Train MSE: 0.059787
Epoch 77/2000 | Train MSE: 0.076662
Epoch 78/2000 | Train MSE: 0.052838
Epoch 79/2000 | Train MSE: 0.034366
Epoch 80/2000 | Train MSE: 0.016302
Epoch 81/2000 | Train MSE: 0.024431
Epoch 82/2000 | Train MSE: 0.012674
Epoch 83/2000 | Train MSE: 0.011362
Epoch 84/2000 | Train MSE: 0.008519
Epoch 85/2000 | Train MSE: 0.008041
Epoch 86/2000 | Train MSE: 0.007198
Epoch 87/2000 | Train MSE: 0.012138
Epoch 88/2000 | Train MSE: 0.007903
Epoch 89/2000 | Train MSE: 0.005282
Epoch 90/2000 | Train MSE: 0.004885
Epoch 91/2000 | Train MSE: 0.005262
Epoch 92/2000 | Train MSE: 0.003761
Epoch 93/2000 | Train MSE: 0.004292
Epoch 94/2000 | Train MSE: 0.001905
Epoch 95/2000 | Train MSE: 0.002186
Epoch 96/2000 | Train MSE: 0.001536
Epoch 97/2000 | Train MSE: 0.001676
Epoch 98/2000 | Train MSE: 0.001140
Epoch 99/2000 | Train MSE: 0.000601
Epoch 100/2000 | Train MSE: 0.000602
Epoch 101/2000 | Train MSE: 0.000844
Epoch 102/2000 | Train MSE: 0.000733
Epoch 103/2000 | Train MSE: 0.000663
Epoch 104/2000 | Train MSE: 0.000976
Epoch 105/2000 | Train MSE: 0.000828
Epoch 106/2000 | Train MSE: 0.000482
Epoch 107/2000 | Train MSE: 0.000349
Epoch 108/2000 | Train MSE: 0.000180
Epoch 109/2000 | Train MSE: 0.000305
Epoch 110/2000 | Train MSE: 0.000440
Epoch 111/2000 | Train MSE: 0.000327
Epoch 112/2000 | Train MSE: 0.000441
Epoch 113/2000 | Train MSE: 0.000800
Epoch 114/2000 | Train MSE: 0.000683
Epoch 115/2000 | Train MSE: 0.000957
Epoch 116/2000 | Train MSE: 0.001118
Epoch 117/2000 | Train MSE: 0.000591
Epoch 118/2000 | Train MSE: 0.000812
Epoch 119/2000 | Train MSE: 0.000678
Epoch 120/2000 | Train MSE: 0.000499
Epoch 121/2000 | Train MSE: 0.000307
Epoch 122/2000 | Train MSE: 0.000260
Epoch 123/2000 | Train MSE: 0.000171
Epoch 124/2000 | Train MSE: 0.000205
Epoch 125/2000 | Train MSE: 0.000192
Epoch 126/2000 | Train MSE: 0.000188
Epoch 127/2000 | Train MSE: 0.000131
Epoch 128/2000 | Train MSE: 0.000087
Epoch 129/2000 | Train MSE: 0.000090
Epoch 130/2000 | Train MSE: 0.000110
Epoch 131/2000 | Train MSE: 0.000066
Epoch 132/2000 | Train MSE: 0.000066
Epoch 133/2000 | Train MSE: 0.000050
Epoch 134/2000 | Train MSE: 0.000036
Epoch 135/2000 | Train MSE: 0.000037
Epoch 136/2000 | Train MSE: 0.000042
Epoch 137/2000 | Train MSE: 0.000024
Epoch 138/2000 | Train MSE: 0.000042
Epoch 139/2000 | Train MSE: 0.000018
Epoch 140/2000 | Train MSE: 0.000014
Epoch 141/2000 | Train MSE: 0.000012
Epoch 142/2000 | Train MSE: 0.000007
Epoch 143/2000 | Train MSE: 0.000005
Epoch 144/2000 | Train MSE: 0.000005
Epoch 145/2000 | Train MSE: 0.000008
Epoch 146/2000 | Train MSE: 0.000009
Epoch 147/2000 | Train MSE: 0.000019
Epoch 148/2000 | Train MSE: 0.000013
Epoch 149/2000 | Train MSE: 0.000015
Epoch 150/2000 | Train MSE: 0.000006
Epoch 151/2000 | Train MSE: 0.000005
Epoch 152/2000 | Train MSE: 0.000003
Epoch 153/2000 | Train MSE: 0.000004
Epoch 154/2000 | Train MSE: 0.000003
Epoch 155/2000 | Train MSE: 0.000002
Epoch 156/2000 | Train MSE: 0.000002
Epoch 157/2000 | Train MSE: 0.000001
Epoch 158/2000 | Train MSE: 0.000001
Epoch 159/2000 | Train MSE: 0.000001
Epoch 160/2000 | Train MSE: 0.000001
Epoch 161/2000 | Train MSE: 0.000001
Epoch 162/2000 | Train MSE: 0.000001
Epoch 163/2000 | Train MSE: 0.000000
Epoch 164/2000 | Train MSE: 0.000000
Epoch 165/2000 | Train MSE: 0.000000
Epoch 166/2000 | Train MSE: 0.000001
Epoch 167/2000 | Train MSE: 0.000002
Epoch 168/2000 | Train MSE: 0.000002
Epoch 169/2000 | Train MSE: 0.000004
Epoch 170/2000 | Train MSE: 0.000003
Epoch 171/2000 | Train MSE: 0.000006
Epoch 172/2000 | Train MSE: 0.000002
Epoch 173/2000 | Train MSE: 0.000005
Epoch 174/2000 | Train MSE: 0.000011
Epoch 175/2000 | Train MSE: 0.000008
Epoch 176/2000 | Train MSE: 0.000008
Epoch 177/2000 | Train MSE: 0.000012
Epoch 178/2000 | Train MSE: 0.000012
Epoch 179/2000 | Train MSE: 0.000009
Epoch 180/2000 | Train MSE: 0.000012
Epoch 181/2000 | Train MSE: 0.000023
Epoch 182/2000 | Train MSE: 0.000045
Epoch 183/2000 | Train MSE: 0.000032
Epoch 184/2000 | Train MSE: 0.000031
Epoch 185/2000 | Train MSE: 0.000021
Epoch 186/2000 | Train MSE: 0.000018
Epoch 187/2000 | Train MSE: 0.000015
Epoch 188/2000 | Train MSE: 0.000042
Epoch 189/2000 | Train MSE: 0.000085
Epoch 190/2000 | Train MSE: 0.000195
Epoch 191/2000 | Train MSE: 0.000359
Epoch 192/2000 | Train MSE: 0.000479
Epoch 193/2000 | Train MSE: 0.000400
Epoch 194/2000 | Train MSE: 0.000675
Epoch 195/2000 | Train MSE: 0.000691
Epoch 196/2000 | Train MSE: 0.000346
Epoch 197/2000 | Train MSE: 0.000526
Epoch 198/2000 | Train MSE: 0.000349
Epoch 199/2000 | Train MSE: 0.000494
Epoch 200/2000 | Train MSE: 0.000644
Epoch 201/2000 | Train MSE: 0.001931
Epoch 202/2000 | Train MSE: 0.001245
Epoch 203/2000 | Train MSE: 0.000868
Epoch 204/2000 | Train MSE: 0.000689
Epoch 205/2000 | Train MSE: 0.002595
Epoch 206/2000 | Train MSE: 0.006203
Epoch 207/2000 | Train MSE: 0.016594
Epoch 208/2000 | Train MSE: 0.020674
Epoch 209/2000 | Train MSE: 0.010529
Epoch 210/2000 | Train MSE: 0.062657
Epoch 211/2000 | Train MSE: 0.027841
Epoch 212/2000 | Train MSE: 0.039460
Epoch 213/2000 | Train MSE: 0.052458
Epoch 214/2000 | Train MSE: 0.093460
Epoch 215/2000 | Train MSE: 0.154975
Early stopping at epoch 215. Best training loss: 0.000000

Training H5

Epoch 1/2000 | Train MSE: 220.391729
Epoch 2/2000 | Train MSE: 167.105386
Epoch 3/2000 | Train MSE: 92.478010
Epoch 4/2000 | Train MSE: 88.990110
Epoch 5/2000 | Train MSE: 126.441511
Epoch 6/2000 | Train MSE: 81.444376
Epoch 7/2000 | Train MSE: 44.035479
Epoch 8/2000 | Train MSE: 35.292549
Epoch 9/2000 | Train MSE: 41.563048
Epoch 10/2000 | Train MSE: 29.007346
Epoch 11/2000 | Train MSE: 29.683625
Epoch 12/2000 | Train MSE: 22.584051
Epoch 13/2000 | Train MSE: 26.363936
Epoch 14/2000 | Train MSE: 17.146196
Epoch 15/2000 | Train MSE: 19.418433
Epoch 16/2000 | Train MSE: 16.111268
Epoch 17/2000 | Train MSE: 15.089814
Epoch 18/2000 | Train MSE: 13.916650
Epoch 19/2000 | Train MSE: 12.454636
Epoch 20/2000 | Train MSE: 12.061826
Epoch 21/2000 | Train MSE: 10.754352
Epoch 22/2000 | Train MSE: 10.488805
Epoch 23/2000 | Train MSE: 9.628697
Epoch 24/2000 | Train MSE: 8.374862
Epoch 25/2000 | Train MSE: 8.458636
Epoch 26/2000 | Train MSE: 7.785794
Epoch 27/2000 | Train MSE: 7.679851
Epoch 28/2000 | Train MSE: 6.735675
Epoch 29/2000 | Train MSE: 6.218798
Epoch 30/2000 | Train MSE: 5.331971
Epoch 31/2000 | Train MSE: 4.124637
Epoch 32/2000 | Train MSE: 3.809903
Epoch 33/2000 | Train MSE: 3.107793
Epoch 34/2000 | Train MSE: 2.586507
Epoch 35/2000 | Train MSE: 2.085152
Epoch 36/2000 | Train MSE: 1.794959
Epoch 37/2000 | Train MSE: 1.624878
Epoch 38/2000 | Train MSE: 1.212064
Epoch 39/2000 | Train MSE: 1.117737
Epoch 40/2000 | Train MSE: 0.931076
Epoch 41/2000 | Train MSE: 0.755477
Epoch 42/2000 | Train MSE: 0.778867
Epoch 43/2000 | Train MSE: 0.471258
Epoch 44/2000 | Train MSE: 0.399920
Epoch 45/2000 | Train MSE: 0.359205
Epoch 46/2000 | Train MSE: 0.336229
Epoch 47/2000 | Train MSE: 0.322988
Epoch 48/2000 | Train MSE: 0.239337
Epoch 49/2000 | Train MSE: 0.141825
Epoch 50/2000 | Train MSE: 0.109098
Epoch 51/2000 | Train MSE: 0.097669
Epoch 52/2000 | Train MSE: 0.074500
Epoch 53/2000 | Train MSE: 0.077923
Epoch 54/2000 | Train MSE: 0.044446
Epoch 55/2000 | Train MSE: 0.041984
Epoch 56/2000 | Train MSE: 0.021870
Epoch 57/2000 | Train MSE: 0.021093
Epoch 58/2000 | Train MSE: 0.019750
Epoch 59/2000 | Train MSE: 0.015592
Epoch 60/2000 | Train MSE: 0.010792
Epoch 61/2000 | Train MSE: 0.007508
Epoch 62/2000 | Train MSE: 0.005733
Epoch 63/2000 | Train MSE: 0.006338
Epoch 64/2000 | Train MSE: 0.006244
Epoch 65/2000 | Train MSE: 0.008576
Epoch 66/2000 | Train MSE: 0.006979
Epoch 67/2000 | Train MSE: 0.003469
Epoch 68/2000 | Train MSE: 0.002308
Epoch 69/2000 | Train MSE: 0.002217
Epoch 70/2000 | Train MSE: 0.002736
Epoch 71/2000 | Train MSE: 0.001792
Epoch 72/2000 | Train MSE: 0.001329
Epoch 73/2000 | Train MSE: 0.001951
Epoch 74/2000 | Train MSE: 0.001910
Epoch 75/2000 | Train MSE: 0.002759
Epoch 76/2000 | Train MSE: 0.002323
Epoch 77/2000 | Train MSE: 0.002561
Epoch 78/2000 | Train MSE: 0.003420
Epoch 79/2000 | Train MSE: 0.005384
Epoch 80/2000 | Train MSE: 0.009536
Epoch 81/2000 | Train MSE: 0.006641
Epoch 82/2000 | Train MSE: 0.004684
Epoch 83/2000 | Train MSE: 0.002813
Epoch 84/2000 | Train MSE: 0.001674
Epoch 85/2000 | Train MSE: 0.004314
Epoch 86/2000 | Train MSE: 0.007131
Epoch 87/2000 | Train MSE: 0.009879
Epoch 88/2000 | Train MSE: 0.008875
Epoch 89/2000 | Train MSE: 0.010337
Epoch 90/2000 | Train MSE: 0.011363
Epoch 91/2000 | Train MSE: 0.014113
Epoch 92/2000 | Train MSE: 0.015399
Epoch 93/2000 | Train MSE: 0.025708
Epoch 94/2000 | Train MSE: 0.015242
Epoch 95/2000 | Train MSE: 0.018051
Epoch 96/2000 | Train MSE: 0.023481
Epoch 97/2000 | Train MSE: 0.034094
Epoch 98/2000 | Train MSE: 0.023679
Epoch 99/2000 | Train MSE: 0.017882
Epoch 100/2000 | Train MSE: 0.019835
Epoch 101/2000 | Train MSE: 0.013595
Epoch 102/2000 | Train MSE: 0.036889
Epoch 103/2000 | Train MSE: 0.013001
Epoch 104/2000 | Train MSE: 0.016644
Epoch 105/2000 | Train MSE: 0.013826
Epoch 106/2000 | Train MSE: 0.013074
Epoch 107/2000 | Train MSE: 0.008719
Epoch 108/2000 | Train MSE: 0.011536
Epoch 109/2000 | Train MSE: 0.008838
Epoch 110/2000 | Train MSE: 0.011212
Epoch 111/2000 | Train MSE: 0.012233
Epoch 112/2000 | Train MSE: 0.007851
Epoch 113/2000 | Train MSE: 0.008098
Epoch 114/2000 | Train MSE: 0.008640
Epoch 115/2000 | Train MSE: 0.010736
Epoch 116/2000 | Train MSE: 0.006025
Epoch 117/2000 | Train MSE: 0.003426
Epoch 118/2000 | Train MSE: 0.004748
Epoch 119/2000 | Train MSE: 0.004434
Epoch 120/2000 | Train MSE: 0.007139
Epoch 121/2000 | Train MSE: 0.009080
Epoch 122/2000 | Train MSE: 0.011472
Early stopping at epoch 122. Best training loss: 0.001329

           ===== Results =====
           MSE : 6.84772825
           MAE : 2.10028577
           RMSE: 2.61681643
           R²  : 0.42077744

    --- Executing dataset FloodModeling3 --- 

Training H1

Epoch 1/2000 | Train MSE: 0.151044
Epoch 2/2000 | Train MSE: 0.048118
Epoch 3/2000 | Train MSE: 0.010400
Epoch 4/2000 | Train MSE: 0.005868
Epoch 5/2000 | Train MSE: 0.003977
Epoch 6/2000 | Train MSE: 0.003106
Epoch 7/2000 | Train MSE: 0.002420
Epoch 8/2000 | Train MSE: 0.002006
Epoch 9/2000 | Train MSE: 0.001582
Epoch 10/2000 | Train MSE: 0.001436
Epoch 11/2000 | Train MSE: 0.001213
Epoch 12/2000 | Train MSE: 0.000845
Epoch 13/2000 | Train MSE: 0.000899
Epoch 14/2000 | Train MSE: 0.000727
Epoch 15/2000 | Train MSE: 0.000677
Epoch 16/2000 | Train MSE: 0.000720
Epoch 17/2000 | Train MSE: 0.000667
Epoch 18/2000 | Train MSE: 0.000753
Epoch 19/2000 | Train MSE: 0.000570
Epoch 20/2000 | Train MSE: 0.000536
Epoch 21/2000 | Train MSE: 0.000529
Epoch 22/2000 | Train MSE: 0.000617
Epoch 23/2000 | Train MSE: 0.000447
Epoch 24/2000 | Train MSE: 0.000479
Epoch 25/2000 | Train MSE: 0.000469
Epoch 26/2000 | Train MSE: 0.000408
Epoch 27/2000 | Train MSE: 0.000546
Epoch 28/2000 | Train MSE: 0.000477
Epoch 29/2000 | Train MSE: 0.000447
Epoch 30/2000 | Train MSE: 0.000393
Epoch 31/2000 | Train MSE: 0.000400
Epoch 32/2000 | Train MSE: 0.000466
Epoch 33/2000 | Train MSE: 0.000685
Epoch 34/2000 | Train MSE: 0.000578
Epoch 35/2000 | Train MSE: 0.000355
Epoch 36/2000 | Train MSE: 0.000366
Epoch 37/2000 | Train MSE: 0.000350
Epoch 38/2000 | Train MSE: 0.000432
Epoch 39/2000 | Train MSE: 0.000491
Epoch 40/2000 | Train MSE: 0.000377
Epoch 41/2000 | Train MSE: 0.000311
Epoch 42/2000 | Train MSE: 0.000629
Epoch 43/2000 | Train MSE: 0.000387
Epoch 44/2000 | Train MSE: 0.000362
Epoch 45/2000 | Train MSE: 0.000345
Epoch 46/2000 | Train MSE: 0.000371
Epoch 47/2000 | Train MSE: 0.000416
Epoch 48/2000 | Train MSE: 0.000545
Epoch 49/2000 | Train MSE: 0.000328
Epoch 50/2000 | Train MSE: 0.000331
Epoch 51/2000 | Train MSE: 0.000328
Epoch 52/2000 | Train MSE: 0.000346
Epoch 53/2000 | Train MSE: 0.000387
Epoch 54/2000 | Train MSE: 0.000309
Epoch 55/2000 | Train MSE: 0.000344
Epoch 56/2000 | Train MSE: 0.000253
Epoch 57/2000 | Train MSE: 0.000228
Epoch 58/2000 | Train MSE: 0.000396
Epoch 59/2000 | Train MSE: 0.000532
Epoch 60/2000 | Train MSE: 0.000468
Epoch 61/2000 | Train MSE: 0.000415
Epoch 62/2000 | Train MSE: 0.000310
Epoch 63/2000 | Train MSE: 0.000377
Epoch 64/2000 | Train MSE: 0.000272
Epoch 65/2000 | Train MSE: 0.000234
Epoch 66/2000 | Train MSE: 0.000322
Epoch 67/2000 | Train MSE: 0.000324
Epoch 68/2000 | Train MSE: 0.000346
Epoch 69/2000 | Train MSE: 0.000265
Epoch 70/2000 | Train MSE: 0.000234
Epoch 71/2000 | Train MSE: 0.000278
Epoch 72/2000 | Train MSE: 0.000220
Epoch 73/2000 | Train MSE: 0.000223
Epoch 74/2000 | Train MSE: 0.000243
Epoch 75/2000 | Train MSE: 0.000308
Epoch 76/2000 | Train MSE: 0.000224
Epoch 77/2000 | Train MSE: 0.000359
Epoch 78/2000 | Train MSE: 0.000259
Epoch 79/2000 | Train MSE: 0.000222
Epoch 80/2000 | Train MSE: 0.000211
Epoch 81/2000 | Train MSE: 0.000314
Epoch 82/2000 | Train MSE: 0.000210
Epoch 83/2000 | Train MSE: 0.000209
Epoch 84/2000 | Train MSE: 0.000162
Epoch 85/2000 | Train MSE: 0.000241
Epoch 86/2000 | Train MSE: 0.000231
Epoch 87/2000 | Train MSE: 0.000196
Epoch 88/2000 | Train MSE: 0.000213
Epoch 89/2000 | Train MSE: 0.000160
Epoch 90/2000 | Train MSE: 0.000180
Epoch 91/2000 | Train MSE: 0.000215
Epoch 92/2000 | Train MSE: 0.000204
Epoch 93/2000 | Train MSE: 0.000156
Epoch 94/2000 | Train MSE: 0.000150
Epoch 95/2000 | Train MSE: 0.000119
Epoch 96/2000 | Train MSE: 0.000141
Epoch 97/2000 | Train MSE: 0.000185
Epoch 98/2000 | Train MSE: 0.000161
Epoch 99/2000 | Train MSE: 0.000189
Epoch 100/2000 | Train MSE: 0.000141
Epoch 101/2000 | Train MSE: 0.000124
Epoch 102/2000 | Train MSE: 0.000157
Epoch 103/2000 | Train MSE: 0.000128
Epoch 104/2000 | Train MSE: 0.000093
Epoch 105/2000 | Train MSE: 0.000107
Epoch 106/2000 | Train MSE: 0.000113
Epoch 107/2000 | Train MSE: 0.000116
Epoch 108/2000 | Train MSE: 0.000145
Epoch 109/2000 | Train MSE: 0.000091
Epoch 110/2000 | Train MSE: 0.000118
Epoch 111/2000 | Train MSE: 0.000170
Epoch 112/2000 | Train MSE: 0.000087
Epoch 113/2000 | Train MSE: 0.000090
Epoch 114/2000 | Train MSE: 0.000073
Epoch 115/2000 | Train MSE: 0.000078
Epoch 116/2000 | Train MSE: 0.000098
Epoch 117/2000 | Train MSE: 0.000193
Epoch 118/2000 | Train MSE: 0.000295
Epoch 119/2000 | Train MSE: 0.000284
Epoch 120/2000 | Train MSE: 0.000195
Epoch 121/2000 | Train MSE: 0.000191
Epoch 122/2000 | Train MSE: 0.000212
Epoch 123/2000 | Train MSE: 0.000100
Epoch 124/2000 | Train MSE: 0.000069
Epoch 125/2000 | Train MSE: 0.000077
Epoch 126/2000 | Train MSE: 0.000066
Epoch 127/2000 | Train MSE: 0.000067
Epoch 128/2000 | Train MSE: 0.000200
Epoch 129/2000 | Train MSE: 0.000123
Epoch 130/2000 | Train MSE: 0.000078
Epoch 131/2000 | Train MSE: 0.000089
Epoch 132/2000 | Train MSE: 0.000051
Epoch 133/2000 | Train MSE: 0.000086
Epoch 134/2000 | Train MSE: 0.000099
Epoch 135/2000 | Train MSE: 0.000049
Epoch 136/2000 | Train MSE: 0.000055
Epoch 137/2000 | Train MSE: 0.000055
Epoch 138/2000 | Train MSE: 0.000042
Epoch 139/2000 | Train MSE: 0.000062
Epoch 140/2000 | Train MSE: 0.000043
Epoch 141/2000 | Train MSE: 0.000038
Epoch 142/2000 | Train MSE: 0.000039
Epoch 143/2000 | Train MSE: 0.000064
Epoch 144/2000 | Train MSE: 0.000095
Epoch 145/2000 | Train MSE: 0.000109
Epoch 146/2000 | Train MSE: 0.000109
Epoch 147/2000 | Train MSE: 0.000085
Epoch 148/2000 | Train MSE: 0.000071
Epoch 149/2000 | Train MSE: 0.000065
Epoch 150/2000 | Train MSE: 0.000074
Epoch 151/2000 | Train MSE: 0.000067
Epoch 152/2000 | Train MSE: 0.000082
Epoch 153/2000 | Train MSE: 0.000131
Epoch 154/2000 | Train MSE: 0.000131
Epoch 155/2000 | Train MSE: 0.000053
Epoch 156/2000 | Train MSE: 0.000060
Epoch 157/2000 | Train MSE: 0.000042
Epoch 158/2000 | Train MSE: 0.000031
Epoch 159/2000 | Train MSE: 0.000073
Epoch 160/2000 | Train MSE: 0.000053
Epoch 161/2000 | Train MSE: 0.000029
Epoch 162/2000 | Train MSE: 0.000031
Epoch 163/2000 | Train MSE: 0.000020
Epoch 164/2000 | Train MSE: 0.000030
Epoch 165/2000 | Train MSE: 0.000038
Epoch 166/2000 | Train MSE: 0.000024
Epoch 167/2000 | Train MSE: 0.000056
Epoch 168/2000 | Train MSE: 0.000045
Epoch 169/2000 | Train MSE: 0.000068
Epoch 170/2000 | Train MSE: 0.000088
Epoch 171/2000 | Train MSE: 0.000032
Epoch 172/2000 | Train MSE: 0.000036
Epoch 173/2000 | Train MSE: 0.000020
Epoch 174/2000 | Train MSE: 0.000027
Epoch 175/2000 | Train MSE: 0.000056
Epoch 176/2000 | Train MSE: 0.000052
Epoch 177/2000 | Train MSE: 0.000073
Epoch 178/2000 | Train MSE: 0.000035
Epoch 179/2000 | Train MSE: 0.000019
Epoch 180/2000 | Train MSE: 0.000021
Epoch 181/2000 | Train MSE: 0.000033
Epoch 182/2000 | Train MSE: 0.000028
Epoch 183/2000 | Train MSE: 0.000048
Epoch 184/2000 | Train MSE: 0.000050
Epoch 185/2000 | Train MSE: 0.000036
Epoch 186/2000 | Train MSE: 0.000021
Epoch 187/2000 | Train MSE: 0.000040
Epoch 188/2000 | Train MSE: 0.000031
Epoch 189/2000 | Train MSE: 0.000024
Epoch 190/2000 | Train MSE: 0.000027
Epoch 191/2000 | Train MSE: 0.000018
Epoch 192/2000 | Train MSE: 0.000016
Epoch 193/2000 | Train MSE: 0.000042
Epoch 194/2000 | Train MSE: 0.000041
Epoch 195/2000 | Train MSE: 0.000024
Epoch 196/2000 | Train MSE: 0.000017
Epoch 197/2000 | Train MSE: 0.000027
Epoch 198/2000 | Train MSE: 0.000014
Epoch 199/2000 | Train MSE: 0.000028
Epoch 200/2000 | Train MSE: 0.000024
Epoch 201/2000 | Train MSE: 0.000026
Epoch 202/2000 | Train MSE: 0.000031
Epoch 203/2000 | Train MSE: 0.000026
Epoch 204/2000 | Train MSE: 0.000032
Epoch 205/2000 | Train MSE: 0.000037
Epoch 206/2000 | Train MSE: 0.000058
Epoch 207/2000 | Train MSE: 0.000067
Epoch 208/2000 | Train MSE: 0.000053
Epoch 209/2000 | Train MSE: 0.000067
Epoch 210/2000 | Train MSE: 0.000097
Epoch 211/2000 | Train MSE: 0.000149
Epoch 212/2000 | Train MSE: 0.000070
Epoch 213/2000 | Train MSE: 0.000043
Epoch 214/2000 | Train MSE: 0.000133
Epoch 215/2000 | Train MSE: 0.000148
Epoch 216/2000 | Train MSE: 0.000130
Epoch 217/2000 | Train MSE: 0.000050
Epoch 218/2000 | Train MSE: 0.000050
Epoch 219/2000 | Train MSE: 0.000051
Epoch 220/2000 | Train MSE: 0.000051
Epoch 221/2000 | Train MSE: 0.000048
Epoch 222/2000 | Train MSE: 0.000052
Epoch 223/2000 | Train MSE: 0.000023
Epoch 224/2000 | Train MSE: 0.000020
Epoch 225/2000 | Train MSE: 0.000012
Epoch 226/2000 | Train MSE: 0.000009
Epoch 227/2000 | Train MSE: 0.000009
Epoch 228/2000 | Train MSE: 0.000039
Epoch 229/2000 | Train MSE: 0.000038
Epoch 230/2000 | Train MSE: 0.000015
Epoch 231/2000 | Train MSE: 0.000018
Epoch 232/2000 | Train MSE: 0.000011
Epoch 233/2000 | Train MSE: 0.000008
Epoch 234/2000 | Train MSE: 0.000006
Epoch 235/2000 | Train MSE: 0.000009
Epoch 236/2000 | Train MSE: 0.000005
Epoch 237/2000 | Train MSE: 0.000007
Epoch 238/2000 | Train MSE: 0.000006
Epoch 239/2000 | Train MSE: 0.000011
Epoch 240/2000 | Train MSE: 0.000053
Epoch 241/2000 | Train MSE: 0.000150
Epoch 242/2000 | Train MSE: 0.000105
Epoch 243/2000 | Train MSE: 0.000058
Epoch 244/2000 | Train MSE: 0.000085
Epoch 245/2000 | Train MSE: 0.000088
Epoch 246/2000 | Train MSE: 0.000083
Epoch 247/2000 | Train MSE: 0.000146
Epoch 248/2000 | Train MSE: 0.000138
Epoch 249/2000 | Train MSE: 0.000096
Epoch 250/2000 | Train MSE: 0.000101
Epoch 251/2000 | Train MSE: 0.000154
Epoch 252/2000 | Train MSE: 0.000054
Epoch 253/2000 | Train MSE: 0.000032
Epoch 254/2000 | Train MSE: 0.000086
Epoch 255/2000 | Train MSE: 0.000140
Epoch 256/2000 | Train MSE: 0.000087
Epoch 257/2000 | Train MSE: 0.000095
Epoch 258/2000 | Train MSE: 0.000042
Epoch 259/2000 | Train MSE: 0.000040
Epoch 260/2000 | Train MSE: 0.000115
Epoch 261/2000 | Train MSE: 0.000149
Epoch 262/2000 | Train MSE: 0.000065
Epoch 263/2000 | Train MSE: 0.000032
Epoch 264/2000 | Train MSE: 0.000027
Epoch 265/2000 | Train MSE: 0.000020
Epoch 266/2000 | Train MSE: 0.000015
Epoch 267/2000 | Train MSE: 0.000012
Epoch 268/2000 | Train MSE: 0.000010
Epoch 269/2000 | Train MSE: 0.000009
Epoch 270/2000 | Train MSE: 0.000009
Epoch 271/2000 | Train MSE: 0.000007
Epoch 272/2000 | Train MSE: 0.000009
Epoch 273/2000 | Train MSE: 0.000016
Epoch 274/2000 | Train MSE: 0.000007
Epoch 275/2000 | Train MSE: 0.000005
Epoch 276/2000 | Train MSE: 0.000005
Epoch 277/2000 | Train MSE: 0.000007
Epoch 278/2000 | Train MSE: 0.000003
Epoch 279/2000 | Train MSE: 0.000004
Epoch 280/2000 | Train MSE: 0.000006
Epoch 281/2000 | Train MSE: 0.000010
Epoch 282/2000 | Train MSE: 0.000005
Epoch 283/2000 | Train MSE: 0.000013
Epoch 284/2000 | Train MSE: 0.000011
Epoch 285/2000 | Train MSE: 0.000010
Epoch 286/2000 | Train MSE: 0.000008
Epoch 287/2000 | Train MSE: 0.000031
Epoch 288/2000 | Train MSE: 0.000021
Epoch 289/2000 | Train MSE: 0.000011
Epoch 290/2000 | Train MSE: 0.000023
Epoch 291/2000 | Train MSE: 0.000019
Epoch 292/2000 | Train MSE: 0.000016
Epoch 293/2000 | Train MSE: 0.000013
Epoch 294/2000 | Train MSE: 0.000014
Epoch 295/2000 | Train MSE: 0.000019
Epoch 296/2000 | Train MSE: 0.000014
Epoch 297/2000 | Train MSE: 0.000014
Epoch 298/2000 | Train MSE: 0.000053
Epoch 299/2000 | Train MSE: 0.000100
Epoch 300/2000 | Train MSE: 0.000143
Epoch 301/2000 | Train MSE: 0.000181
Epoch 302/2000 | Train MSE: 0.000109
Epoch 303/2000 | Train MSE: 0.000140
Epoch 304/2000 | Train MSE: 0.000099
Epoch 305/2000 | Train MSE: 0.000164
Epoch 306/2000 | Train MSE: 0.000282
Epoch 307/2000 | Train MSE: 0.000311
Epoch 308/2000 | Train MSE: 0.000375
Epoch 309/2000 | Train MSE: 0.000196
Epoch 310/2000 | Train MSE: 0.000074
Epoch 311/2000 | Train MSE: 0.000069
Epoch 312/2000 | Train MSE: 0.000042
Epoch 313/2000 | Train MSE: 0.000023
Epoch 314/2000 | Train MSE: 0.000020
Epoch 315/2000 | Train MSE: 0.000022
Epoch 316/2000 | Train MSE: 0.000019
Epoch 317/2000 | Train MSE: 0.000023
Epoch 318/2000 | Train MSE: 0.000016
Epoch 319/2000 | Train MSE: 0.000010
Epoch 320/2000 | Train MSE: 0.000011
Epoch 321/2000 | Train MSE: 0.000008
Epoch 322/2000 | Train MSE: 0.000012
Epoch 323/2000 | Train MSE: 0.000015
Epoch 324/2000 | Train MSE: 0.000024
Epoch 325/2000 | Train MSE: 0.000026
Epoch 326/2000 | Train MSE: 0.000017
Epoch 327/2000 | Train MSE: 0.000009
Epoch 328/2000 | Train MSE: 0.000019
Early stopping at epoch 328. Best training loss: 0.000003

Training H2

Epoch 1/2000 | Train MSE: 0.048003
Epoch 2/2000 | Train MSE: 0.005573
Epoch 3/2000 | Train MSE: 0.003463
Epoch 4/2000 | Train MSE: 0.002015
Epoch 5/2000 | Train MSE: 0.002091
Epoch 6/2000 | Train MSE: 0.001174
Epoch 7/2000 | Train MSE: 0.000821
Epoch 8/2000 | Train MSE: 0.001099
Epoch 9/2000 | Train MSE: 0.000683
Epoch 10/2000 | Train MSE: 0.000714
Epoch 11/2000 | Train MSE: 0.000872
Epoch 12/2000 | Train MSE: 0.000859
Epoch 13/2000 | Train MSE: 0.000547
Epoch 14/2000 | Train MSE: 0.000563
Epoch 15/2000 | Train MSE: 0.000581
Epoch 16/2000 | Train MSE: 0.000693
Epoch 17/2000 | Train MSE: 0.000694
Epoch 18/2000 | Train MSE: 0.000486
Epoch 19/2000 | Train MSE: 0.000415
Epoch 20/2000 | Train MSE: 0.000385
Epoch 21/2000 | Train MSE: 0.000374
Epoch 22/2000 | Train MSE: 0.000365
Epoch 23/2000 | Train MSE: 0.000432
Epoch 24/2000 | Train MSE: 0.000337
Epoch 25/2000 | Train MSE: 0.000489
Epoch 26/2000 | Train MSE: 0.000447
Epoch 27/2000 | Train MSE: 0.000670
Epoch 28/2000 | Train MSE: 0.000736
Epoch 29/2000 | Train MSE: 0.001005
Epoch 30/2000 | Train MSE: 0.000700
Epoch 31/2000 | Train MSE: 0.000379
Epoch 32/2000 | Train MSE: 0.000331
Epoch 33/2000 | Train MSE: 0.000521
Epoch 34/2000 | Train MSE: 0.000476
Epoch 35/2000 | Train MSE: 0.000293
Epoch 36/2000 | Train MSE: 0.000394
Epoch 37/2000 | Train MSE: 0.000523
Epoch 38/2000 | Train MSE: 0.000855
Epoch 39/2000 | Train MSE: 0.001053
Epoch 40/2000 | Train MSE: 0.000656
Epoch 41/2000 | Train MSE: 0.000481
Epoch 42/2000 | Train MSE: 0.000376
Epoch 43/2000 | Train MSE: 0.000384
Epoch 44/2000 | Train MSE: 0.000666
Epoch 45/2000 | Train MSE: 0.000369
Epoch 46/2000 | Train MSE: 0.000346
Epoch 47/2000 | Train MSE: 0.000293
Epoch 48/2000 | Train MSE: 0.000371
Epoch 49/2000 | Train MSE: 0.000586
Epoch 50/2000 | Train MSE: 0.000973
Epoch 51/2000 | Train MSE: 0.000399
Epoch 52/2000 | Train MSE: 0.000568
Epoch 53/2000 | Train MSE: 0.000465
Epoch 54/2000 | Train MSE: 0.000469
Epoch 55/2000 | Train MSE: 0.000420
Epoch 56/2000 | Train MSE: 0.000239
Epoch 57/2000 | Train MSE: 0.000311
Epoch 58/2000 | Train MSE: 0.000221
Epoch 59/2000 | Train MSE: 0.000206
Epoch 60/2000 | Train MSE: 0.000223
Epoch 61/2000 | Train MSE: 0.000390
Epoch 62/2000 | Train MSE: 0.000301
Epoch 63/2000 | Train MSE: 0.000241
Epoch 64/2000 | Train MSE: 0.000194
Epoch 65/2000 | Train MSE: 0.000228
Epoch 66/2000 | Train MSE: 0.000201
Epoch 67/2000 | Train MSE: 0.000295
Epoch 68/2000 | Train MSE: 0.000345
Epoch 69/2000 | Train MSE: 0.000309
Epoch 70/2000 | Train MSE: 0.000339
Epoch 71/2000 | Train MSE: 0.000235
Epoch 72/2000 | Train MSE: 0.000224
Epoch 73/2000 | Train MSE: 0.000188
Epoch 74/2000 | Train MSE: 0.000209
Epoch 75/2000 | Train MSE: 0.000161
Epoch 76/2000 | Train MSE: 0.000147
Epoch 77/2000 | Train MSE: 0.000164
Epoch 78/2000 | Train MSE: 0.000234
Epoch 79/2000 | Train MSE: 0.000180
Epoch 80/2000 | Train MSE: 0.000169
Epoch 81/2000 | Train MSE: 0.000164
Epoch 82/2000 | Train MSE: 0.000162
Epoch 83/2000 | Train MSE: 0.000132
Epoch 84/2000 | Train MSE: 0.000152
Epoch 85/2000 | Train MSE: 0.000118
Epoch 86/2000 | Train MSE: 0.000153
Epoch 87/2000 | Train MSE: 0.000141
Epoch 88/2000 | Train MSE: 0.000176
Epoch 89/2000 | Train MSE: 0.000149
Epoch 90/2000 | Train MSE: 0.000127
Epoch 91/2000 | Train MSE: 0.000137
Epoch 92/2000 | Train MSE: 0.000110
Epoch 93/2000 | Train MSE: 0.000132
Epoch 94/2000 | Train MSE: 0.000193
Epoch 95/2000 | Train MSE: 0.000112
Epoch 96/2000 | Train MSE: 0.000120
Epoch 97/2000 | Train MSE: 0.000196
Epoch 98/2000 | Train MSE: 0.000158
Epoch 99/2000 | Train MSE: 0.000146
Epoch 100/2000 | Train MSE: 0.000259
Epoch 101/2000 | Train MSE: 0.000203
Epoch 102/2000 | Train MSE: 0.000114
Epoch 103/2000 | Train MSE: 0.000110
Epoch 104/2000 | Train MSE: 0.000075
Epoch 105/2000 | Train MSE: 0.000162
Epoch 106/2000 | Train MSE: 0.000120
Epoch 107/2000 | Train MSE: 0.000196
Epoch 108/2000 | Train MSE: 0.000179
Epoch 109/2000 | Train MSE: 0.000342
Epoch 110/2000 | Train MSE: 0.000258
Epoch 111/2000 | Train MSE: 0.000182
Epoch 112/2000 | Train MSE: 0.000152
Epoch 113/2000 | Train MSE: 0.000083
Epoch 114/2000 | Train MSE: 0.000080
Epoch 115/2000 | Train MSE: 0.000123
Epoch 116/2000 | Train MSE: 0.000075
Epoch 117/2000 | Train MSE: 0.000096
Epoch 118/2000 | Train MSE: 0.000065
Epoch 119/2000 | Train MSE: 0.000077
Epoch 120/2000 | Train MSE: 0.000052
Epoch 121/2000 | Train MSE: 0.000072
Epoch 122/2000 | Train MSE: 0.000067
Epoch 123/2000 | Train MSE: 0.000070
Epoch 124/2000 | Train MSE: 0.000173
Epoch 125/2000 | Train MSE: 0.000235
Epoch 126/2000 | Train MSE: 0.000155
Epoch 127/2000 | Train MSE: 0.000123
Epoch 128/2000 | Train MSE: 0.000114
Epoch 129/2000 | Train MSE: 0.000197
Epoch 130/2000 | Train MSE: 0.000069
Epoch 131/2000 | Train MSE: 0.000060
Epoch 132/2000 | Train MSE: 0.000075
Epoch 133/2000 | Train MSE: 0.000133
Epoch 134/2000 | Train MSE: 0.000071
Epoch 135/2000 | Train MSE: 0.000056
Epoch 136/2000 | Train MSE: 0.000084
Epoch 137/2000 | Train MSE: 0.000065
Epoch 138/2000 | Train MSE: 0.000036
Epoch 139/2000 | Train MSE: 0.000047
Epoch 140/2000 | Train MSE: 0.000045
Epoch 141/2000 | Train MSE: 0.000037
Epoch 142/2000 | Train MSE: 0.000024
Epoch 143/2000 | Train MSE: 0.000024
Epoch 144/2000 | Train MSE: 0.000032
Epoch 145/2000 | Train MSE: 0.000049
Epoch 146/2000 | Train MSE: 0.000052
Epoch 147/2000 | Train MSE: 0.000094
Epoch 148/2000 | Train MSE: 0.000100
Epoch 149/2000 | Train MSE: 0.000082
Epoch 150/2000 | Train MSE: 0.000039
Epoch 151/2000 | Train MSE: 0.000050
Epoch 152/2000 | Train MSE: 0.000037
Epoch 153/2000 | Train MSE: 0.000019
Epoch 154/2000 | Train MSE: 0.000025
Epoch 155/2000 | Train MSE: 0.000047
Epoch 156/2000 | Train MSE: 0.000035
Epoch 157/2000 | Train MSE: 0.000027
Epoch 158/2000 | Train MSE: 0.000023
Epoch 159/2000 | Train MSE: 0.000026
Epoch 160/2000 | Train MSE: 0.000023
Epoch 161/2000 | Train MSE: 0.000026
Epoch 162/2000 | Train MSE: 0.000024
Epoch 163/2000 | Train MSE: 0.000021
Epoch 164/2000 | Train MSE: 0.000014
Epoch 165/2000 | Train MSE: 0.000012
Epoch 166/2000 | Train MSE: 0.000019
Epoch 167/2000 | Train MSE: 0.000013
Epoch 168/2000 | Train MSE: 0.000038
Epoch 169/2000 | Train MSE: 0.000039
Epoch 170/2000 | Train MSE: 0.000018
Epoch 171/2000 | Train MSE: 0.000019
Epoch 172/2000 | Train MSE: 0.000037
Epoch 173/2000 | Train MSE: 0.000064
Epoch 174/2000 | Train MSE: 0.000069
Epoch 175/2000 | Train MSE: 0.000065
Epoch 176/2000 | Train MSE: 0.000073
Epoch 177/2000 | Train MSE: 0.000171
Epoch 178/2000 | Train MSE: 0.000115
Epoch 179/2000 | Train MSE: 0.000075
Epoch 180/2000 | Train MSE: 0.000129
Epoch 181/2000 | Train MSE: 0.000071
Epoch 182/2000 | Train MSE: 0.000085
Epoch 183/2000 | Train MSE: 0.000112
Epoch 184/2000 | Train MSE: 0.000079
Epoch 185/2000 | Train MSE: 0.000040
Epoch 186/2000 | Train MSE: 0.000027
Epoch 187/2000 | Train MSE: 0.000026
Epoch 188/2000 | Train MSE: 0.000011
Epoch 189/2000 | Train MSE: 0.000008
Epoch 190/2000 | Train MSE: 0.000011
Epoch 191/2000 | Train MSE: 0.000010
Epoch 192/2000 | Train MSE: 0.000020
Epoch 193/2000 | Train MSE: 0.000045
Epoch 194/2000 | Train MSE: 0.000024
Epoch 195/2000 | Train MSE: 0.000011
Epoch 196/2000 | Train MSE: 0.000018
Epoch 197/2000 | Train MSE: 0.000012
Epoch 198/2000 | Train MSE: 0.000042
Epoch 199/2000 | Train MSE: 0.000022
Epoch 200/2000 | Train MSE: 0.000014
Epoch 201/2000 | Train MSE: 0.000044
Epoch 202/2000 | Train MSE: 0.000026
Epoch 203/2000 | Train MSE: 0.000013
Epoch 204/2000 | Train MSE: 0.000013
Epoch 205/2000 | Train MSE: 0.000024
Epoch 206/2000 | Train MSE: 0.000056
Epoch 207/2000 | Train MSE: 0.000093
Epoch 208/2000 | Train MSE: 0.000045
Epoch 209/2000 | Train MSE: 0.000090
Epoch 210/2000 | Train MSE: 0.000155
Epoch 211/2000 | Train MSE: 0.000367
Epoch 212/2000 | Train MSE: 0.000376
Epoch 213/2000 | Train MSE: 0.000194
Epoch 214/2000 | Train MSE: 0.000225
Epoch 215/2000 | Train MSE: 0.000094
Epoch 216/2000 | Train MSE: 0.000059
Epoch 217/2000 | Train MSE: 0.000119
Epoch 218/2000 | Train MSE: 0.000068
Epoch 219/2000 | Train MSE: 0.000100
Epoch 220/2000 | Train MSE: 0.000083
Epoch 221/2000 | Train MSE: 0.000073
Epoch 222/2000 | Train MSE: 0.000052
Epoch 223/2000 | Train MSE: 0.000051
Epoch 224/2000 | Train MSE: 0.000063
Epoch 225/2000 | Train MSE: 0.000017
Epoch 226/2000 | Train MSE: 0.000041
Epoch 227/2000 | Train MSE: 0.000029
Epoch 228/2000 | Train MSE: 0.000015
Epoch 229/2000 | Train MSE: 0.000013
Epoch 230/2000 | Train MSE: 0.000017
Epoch 231/2000 | Train MSE: 0.000012
Epoch 232/2000 | Train MSE: 0.000013
Epoch 233/2000 | Train MSE: 0.000015
Epoch 234/2000 | Train MSE: 0.000073
Epoch 235/2000 | Train MSE: 0.000049
Epoch 236/2000 | Train MSE: 0.000027
Epoch 237/2000 | Train MSE: 0.000032
Epoch 238/2000 | Train MSE: 0.000033
Epoch 239/2000 | Train MSE: 0.000027
Early stopping at epoch 239. Best training loss: 0.000008

Training H3

Epoch 1/2000 | Train MSE: 0.056282
Epoch 2/2000 | Train MSE: 0.009701
Epoch 3/2000 | Train MSE: 0.005684
Epoch 4/2000 | Train MSE: 0.003671
Epoch 5/2000 | Train MSE: 0.002352
Epoch 6/2000 | Train MSE: 0.001740
Epoch 7/2000 | Train MSE: 0.001553
Epoch 8/2000 | Train MSE: 0.000858
Epoch 9/2000 | Train MSE: 0.000873
Epoch 10/2000 | Train MSE: 0.000884
Epoch 11/2000 | Train MSE: 0.000671
Epoch 12/2000 | Train MSE: 0.000776
Epoch 13/2000 | Train MSE: 0.001428
Epoch 14/2000 | Train MSE: 0.000919
Epoch 15/2000 | Train MSE: 0.000865
Epoch 16/2000 | Train MSE: 0.000791
Epoch 17/2000 | Train MSE: 0.000674
Epoch 18/2000 | Train MSE: 0.000948
Epoch 19/2000 | Train MSE: 0.000514
Epoch 20/2000 | Train MSE: 0.000433
Epoch 21/2000 | Train MSE: 0.000527
Epoch 22/2000 | Train MSE: 0.000507
Epoch 23/2000 | Train MSE: 0.000517
Epoch 24/2000 | Train MSE: 0.000706
Epoch 25/2000 | Train MSE: 0.000655
Epoch 26/2000 | Train MSE: 0.000351
Epoch 27/2000 | Train MSE: 0.000418
Epoch 28/2000 | Train MSE: 0.000455
Epoch 29/2000 | Train MSE: 0.000854
Epoch 30/2000 | Train MSE: 0.000594
Epoch 31/2000 | Train MSE: 0.000473
Epoch 32/2000 | Train MSE: 0.000404
Epoch 33/2000 | Train MSE: 0.000316
Epoch 34/2000 | Train MSE: 0.000299
Epoch 35/2000 | Train MSE: 0.000266
Epoch 36/2000 | Train MSE: 0.000384
Epoch 37/2000 | Train MSE: 0.000458
Epoch 38/2000 | Train MSE: 0.000300
Epoch 39/2000 | Train MSE: 0.000614
Epoch 40/2000 | Train MSE: 0.000547
Epoch 41/2000 | Train MSE: 0.000379
Epoch 42/2000 | Train MSE: 0.000397
Epoch 43/2000 | Train MSE: 0.000326
Epoch 44/2000 | Train MSE: 0.000240
Epoch 45/2000 | Train MSE: 0.000313
Epoch 46/2000 | Train MSE: 0.000263
Epoch 47/2000 | Train MSE: 0.000244
Epoch 48/2000 | Train MSE: 0.000279
Epoch 49/2000 | Train MSE: 0.000264
Epoch 50/2000 | Train MSE: 0.000356
Epoch 51/2000 | Train MSE: 0.000322
Epoch 52/2000 | Train MSE: 0.000299
Epoch 53/2000 | Train MSE: 0.001011
Epoch 54/2000 | Train MSE: 0.000590
Epoch 55/2000 | Train MSE: 0.000300
Epoch 56/2000 | Train MSE: 0.000253
Epoch 57/2000 | Train MSE: 0.000223
Epoch 58/2000 | Train MSE: 0.000295
Epoch 59/2000 | Train MSE: 0.000608
Epoch 60/2000 | Train MSE: 0.000859
Epoch 61/2000 | Train MSE: 0.000551
Epoch 62/2000 | Train MSE: 0.000351
Epoch 63/2000 | Train MSE: 0.000387
Epoch 64/2000 | Train MSE: 0.000454
Epoch 65/2000 | Train MSE: 0.000463
Epoch 66/2000 | Train MSE: 0.000208
Epoch 67/2000 | Train MSE: 0.000246
Epoch 68/2000 | Train MSE: 0.000193
Epoch 69/2000 | Train MSE: 0.000237
Epoch 70/2000 | Train MSE: 0.000252
Epoch 71/2000 | Train MSE: 0.000257
Epoch 72/2000 | Train MSE: 0.000249
Epoch 73/2000 | Train MSE: 0.000345
Epoch 74/2000 | Train MSE: 0.000411
Epoch 75/2000 | Train MSE: 0.000495
Epoch 76/2000 | Train MSE: 0.000214
Epoch 77/2000 | Train MSE: 0.000159
Epoch 78/2000 | Train MSE: 0.000202
Epoch 79/2000 | Train MSE: 0.000170
Epoch 80/2000 | Train MSE: 0.000128
Epoch 81/2000 | Train MSE: 0.000225
Epoch 82/2000 | Train MSE: 0.000287
Epoch 83/2000 | Train MSE: 0.000164
Epoch 84/2000 | Train MSE: 0.000151
Epoch 85/2000 | Train MSE: 0.000315
Epoch 86/2000 | Train MSE: 0.000334
Epoch 87/2000 | Train MSE: 0.000194
Epoch 88/2000 | Train MSE: 0.000171
Epoch 89/2000 | Train MSE: 0.000130
Epoch 90/2000 | Train MSE: 0.000148
Epoch 91/2000 | Train MSE: 0.000118
Epoch 92/2000 | Train MSE: 0.000178
Epoch 93/2000 | Train MSE: 0.000247
Epoch 94/2000 | Train MSE: 0.000175
Epoch 95/2000 | Train MSE: 0.000220
Epoch 96/2000 | Train MSE: 0.000146
Epoch 97/2000 | Train MSE: 0.000189
Epoch 98/2000 | Train MSE: 0.000193
Epoch 99/2000 | Train MSE: 0.000157
Epoch 100/2000 | Train MSE: 0.000273
Epoch 101/2000 | Train MSE: 0.000229
Epoch 102/2000 | Train MSE: 0.000157
Epoch 103/2000 | Train MSE: 0.000135
Epoch 104/2000 | Train MSE: 0.000145
Epoch 105/2000 | Train MSE: 0.000186
Epoch 106/2000 | Train MSE: 0.000296
Epoch 107/2000 | Train MSE: 0.000129
Epoch 108/2000 | Train MSE: 0.000089
Epoch 109/2000 | Train MSE: 0.000083
Epoch 110/2000 | Train MSE: 0.000133
Epoch 111/2000 | Train MSE: 0.000101
Epoch 112/2000 | Train MSE: 0.000091
Epoch 113/2000 | Train MSE: 0.000127
Epoch 114/2000 | Train MSE: 0.000101
Epoch 115/2000 | Train MSE: 0.000117
Epoch 116/2000 | Train MSE: 0.000073
Epoch 117/2000 | Train MSE: 0.000071
Epoch 118/2000 | Train MSE: 0.000063
Epoch 119/2000 | Train MSE: 0.000076
Epoch 120/2000 | Train MSE: 0.000098
Epoch 121/2000 | Train MSE: 0.000128
Epoch 122/2000 | Train MSE: 0.000132
Epoch 123/2000 | Train MSE: 0.000173
Epoch 124/2000 | Train MSE: 0.000109
Epoch 125/2000 | Train MSE: 0.000060
Epoch 126/2000 | Train MSE: 0.000090
Epoch 127/2000 | Train MSE: 0.000078
Epoch 128/2000 | Train MSE: 0.000131
Epoch 129/2000 | Train MSE: 0.000065
Epoch 130/2000 | Train MSE: 0.000049
Epoch 131/2000 | Train MSE: 0.000070
Epoch 132/2000 | Train MSE: 0.000115
Epoch 133/2000 | Train MSE: 0.000053
Epoch 134/2000 | Train MSE: 0.000053
Epoch 135/2000 | Train MSE: 0.000075
Epoch 136/2000 | Train MSE: 0.000062
Epoch 137/2000 | Train MSE: 0.000083
Epoch 138/2000 | Train MSE: 0.000108
Epoch 139/2000 | Train MSE: 0.000082
Epoch 140/2000 | Train MSE: 0.000094
Epoch 141/2000 | Train MSE: 0.000073
Epoch 142/2000 | Train MSE: 0.000083
Epoch 143/2000 | Train MSE: 0.000129
Epoch 144/2000 | Train MSE: 0.000096
Epoch 145/2000 | Train MSE: 0.000110
Epoch 146/2000 | Train MSE: 0.000043
Epoch 147/2000 | Train MSE: 0.000030
Epoch 148/2000 | Train MSE: 0.000037
Epoch 149/2000 | Train MSE: 0.000033
Epoch 150/2000 | Train MSE: 0.000026
Epoch 151/2000 | Train MSE: 0.000026
Epoch 152/2000 | Train MSE: 0.000029
Epoch 153/2000 | Train MSE: 0.000038
Epoch 154/2000 | Train MSE: 0.000078
Epoch 155/2000 | Train MSE: 0.000063
Epoch 156/2000 | Train MSE: 0.000046
Epoch 157/2000 | Train MSE: 0.000055
Epoch 158/2000 | Train MSE: 0.000131
Epoch 159/2000 | Train MSE: 0.000079
Epoch 160/2000 | Train MSE: 0.000098
Epoch 161/2000 | Train MSE: 0.000171
Epoch 162/2000 | Train MSE: 0.000307
Epoch 163/2000 | Train MSE: 0.000190
Epoch 164/2000 | Train MSE: 0.000154
Epoch 165/2000 | Train MSE: 0.000136
Epoch 166/2000 | Train MSE: 0.000122
Epoch 167/2000 | Train MSE: 0.000117
Epoch 168/2000 | Train MSE: 0.000059
Epoch 169/2000 | Train MSE: 0.000050
Epoch 170/2000 | Train MSE: 0.000038
Epoch 171/2000 | Train MSE: 0.000027
Epoch 172/2000 | Train MSE: 0.000023
Epoch 173/2000 | Train MSE: 0.000119
Epoch 174/2000 | Train MSE: 0.000081
Epoch 175/2000 | Train MSE: 0.000218
Epoch 176/2000 | Train MSE: 0.000073
Epoch 177/2000 | Train MSE: 0.000039
Epoch 178/2000 | Train MSE: 0.000084
Epoch 179/2000 | Train MSE: 0.000032
Epoch 180/2000 | Train MSE: 0.000038
Epoch 181/2000 | Train MSE: 0.000076
Epoch 182/2000 | Train MSE: 0.000096
Epoch 183/2000 | Train MSE: 0.000069
Epoch 184/2000 | Train MSE: 0.000040
Epoch 185/2000 | Train MSE: 0.000032
Epoch 186/2000 | Train MSE: 0.000027
Epoch 187/2000 | Train MSE: 0.000058
Epoch 188/2000 | Train MSE: 0.000023
Epoch 189/2000 | Train MSE: 0.000017
Epoch 190/2000 | Train MSE: 0.000014
Epoch 191/2000 | Train MSE: 0.000033
Epoch 192/2000 | Train MSE: 0.000035
Epoch 193/2000 | Train MSE: 0.000048
Epoch 194/2000 | Train MSE: 0.000040
Epoch 195/2000 | Train MSE: 0.000025
Epoch 196/2000 | Train MSE: 0.000041
Epoch 197/2000 | Train MSE: 0.000021
Epoch 198/2000 | Train MSE: 0.000020
Epoch 199/2000 | Train MSE: 0.000015
Epoch 200/2000 | Train MSE: 0.000012
Epoch 201/2000 | Train MSE: 0.000020
Epoch 202/2000 | Train MSE: 0.000016
Epoch 203/2000 | Train MSE: 0.000032
Epoch 204/2000 | Train MSE: 0.000028
Epoch 205/2000 | Train MSE: 0.000029
Epoch 206/2000 | Train MSE: 0.000022
Epoch 207/2000 | Train MSE: 0.000020
Epoch 208/2000 | Train MSE: 0.000035
Epoch 209/2000 | Train MSE: 0.000088
Epoch 210/2000 | Train MSE: 0.000053
Epoch 211/2000 | Train MSE: 0.000133
Epoch 212/2000 | Train MSE: 0.000318
Epoch 213/2000 | Train MSE: 0.001696
Epoch 214/2000 | Train MSE: 1.574423
Epoch 215/2000 | Train MSE: 15.188682
Epoch 216/2000 | Train MSE: 17.519275
Epoch 217/2000 | Train MSE: 0.260734
Epoch 218/2000 | Train MSE: 0.025678
Epoch 219/2000 | Train MSE: 0.008285
Epoch 220/2000 | Train MSE: 0.005085
Epoch 221/2000 | Train MSE: 0.004198
Epoch 222/2000 | Train MSE: 0.003753
Epoch 223/2000 | Train MSE: 0.003433
Epoch 224/2000 | Train MSE: 0.003253
Epoch 225/2000 | Train MSE: 0.003024
Epoch 226/2000 | Train MSE: 0.002897
Epoch 227/2000 | Train MSE: 0.002775
Epoch 228/2000 | Train MSE: 0.002670
Epoch 229/2000 | Train MSE: 0.002748
Epoch 230/2000 | Train MSE: 0.002499
Epoch 231/2000 | Train MSE: 0.002408
Epoch 232/2000 | Train MSE: 0.002490
Epoch 233/2000 | Train MSE: 0.002284
Epoch 234/2000 | Train MSE: 0.002229
Epoch 235/2000 | Train MSE: 0.002131
Epoch 236/2000 | Train MSE: 0.002084
Epoch 237/2000 | Train MSE: 0.002033
Epoch 238/2000 | Train MSE: 0.002016
Epoch 239/2000 | Train MSE: 0.001909
Epoch 240/2000 | Train MSE: 0.001964
Epoch 241/2000 | Train MSE: 0.001870
Epoch 242/2000 | Train MSE: 0.001848
Epoch 243/2000 | Train MSE: 0.001798
Epoch 244/2000 | Train MSE: 0.001773
Epoch 245/2000 | Train MSE: 0.001663
Epoch 246/2000 | Train MSE: 0.001752
Epoch 247/2000 | Train MSE: 0.001587
Epoch 248/2000 | Train MSE: 0.001569
Epoch 249/2000 | Train MSE: 0.001597
Epoch 250/2000 | Train MSE: 0.001638
Early stopping at epoch 250. Best training loss: 0.000012

Training H4

Epoch 1/2000 | Train MSE: 0.287609
Epoch 2/2000 | Train MSE: 0.127780
Epoch 3/2000 | Train MSE: 0.028887
Epoch 4/2000 | Train MSE: 0.009758
Epoch 5/2000 | Train MSE: 0.008859
Epoch 6/2000 | Train MSE: 0.006632
Epoch 7/2000 | Train MSE: 0.005745
Epoch 8/2000 | Train MSE: 0.004588
Epoch 9/2000 | Train MSE: 0.003464
Epoch 10/2000 | Train MSE: 0.002936
Epoch 11/2000 | Train MSE: 0.002202
Epoch 12/2000 | Train MSE: 0.001804
Epoch 13/2000 | Train MSE: 0.001460
Epoch 14/2000 | Train MSE: 0.001220
Epoch 15/2000 | Train MSE: 0.001150
Epoch 16/2000 | Train MSE: 0.000975
Epoch 17/2000 | Train MSE: 0.000869
Epoch 18/2000 | Train MSE: 0.000819
Epoch 19/2000 | Train MSE: 0.000815
Epoch 20/2000 | Train MSE: 0.000764
Epoch 21/2000 | Train MSE: 0.000632
Epoch 22/2000 | Train MSE: 0.000633
Epoch 23/2000 | Train MSE: 0.000851
Epoch 24/2000 | Train MSE: 0.000582
Epoch 25/2000 | Train MSE: 0.000670
Epoch 26/2000 | Train MSE: 0.000520
Epoch 27/2000 | Train MSE: 0.000611
Epoch 28/2000 | Train MSE: 0.000712
Epoch 29/2000 | Train MSE: 0.000654
Epoch 30/2000 | Train MSE: 0.000536
Epoch 31/2000 | Train MSE: 0.000386
Epoch 32/2000 | Train MSE: 0.000391
Epoch 33/2000 | Train MSE: 0.000377
Epoch 34/2000 | Train MSE: 0.000426
Epoch 35/2000 | Train MSE: 0.000414
Epoch 36/2000 | Train MSE: 0.000484
Epoch 37/2000 | Train MSE: 0.000516
Epoch 38/2000 | Train MSE: 0.000984
Epoch 39/2000 | Train MSE: 0.000645
Epoch 40/2000 | Train MSE: 0.000594
Epoch 41/2000 | Train MSE: 0.000590
Epoch 42/2000 | Train MSE: 0.000370
Epoch 43/2000 | Train MSE: 0.000475
Epoch 44/2000 | Train MSE: 0.000324
Epoch 45/2000 | Train MSE: 0.000360
Epoch 46/2000 | Train MSE: 0.000286
Epoch 47/2000 | Train MSE: 0.000294
Epoch 48/2000 | Train MSE: 0.000350
Epoch 49/2000 | Train MSE: 0.000260
Epoch 50/2000 | Train MSE: 0.000273
Epoch 51/2000 | Train MSE: 0.000292
Epoch 52/2000 | Train MSE: 0.000292
Epoch 53/2000 | Train MSE: 0.000244
Epoch 54/2000 | Train MSE: 0.000224
Epoch 55/2000 | Train MSE: 0.000323
Epoch 56/2000 | Train MSE: 0.000347
Epoch 57/2000 | Train MSE: 0.000292
Epoch 58/2000 | Train MSE: 0.000228
Epoch 59/2000 | Train MSE: 0.000224
Epoch 60/2000 | Train MSE: 0.000201
Epoch 61/2000 | Train MSE: 0.000224
Epoch 62/2000 | Train MSE: 0.000333
Epoch 63/2000 | Train MSE: 0.000305
Epoch 64/2000 | Train MSE: 0.000217
Epoch 65/2000 | Train MSE: 0.000331
Epoch 66/2000 | Train MSE: 0.000416
Epoch 67/2000 | Train MSE: 0.000185
Epoch 68/2000 | Train MSE: 0.000273
Epoch 69/2000 | Train MSE: 0.000195
Epoch 70/2000 | Train MSE: 0.000182
Epoch 71/2000 | Train MSE: 0.000219
Epoch 72/2000 | Train MSE: 0.000156
Epoch 73/2000 | Train MSE: 0.000151
Epoch 74/2000 | Train MSE: 0.000310
Epoch 75/2000 | Train MSE: 0.000264
Epoch 76/2000 | Train MSE: 0.000213
Epoch 77/2000 | Train MSE: 0.000205
Epoch 78/2000 | Train MSE: 0.000170
Epoch 79/2000 | Train MSE: 0.000169
Epoch 80/2000 | Train MSE: 0.000206
Epoch 81/2000 | Train MSE: 0.000154
Epoch 82/2000 | Train MSE: 0.000167
Epoch 83/2000 | Train MSE: 0.000168
Epoch 84/2000 | Train MSE: 0.000147
Epoch 85/2000 | Train MSE: 0.000146
Epoch 86/2000 | Train MSE: 0.000194
Epoch 87/2000 | Train MSE: 0.000125
Epoch 88/2000 | Train MSE: 0.000141
Epoch 89/2000 | Train MSE: 0.000307
Epoch 90/2000 | Train MSE: 0.000163
Epoch 91/2000 | Train MSE: 0.000158
Epoch 92/2000 | Train MSE: 0.000154
Epoch 93/2000 | Train MSE: 0.000182
Epoch 94/2000 | Train MSE: 0.000161
Epoch 95/2000 | Train MSE: 0.000134
Epoch 96/2000 | Train MSE: 0.000136
Epoch 97/2000 | Train MSE: 0.000166
Epoch 98/2000 | Train MSE: 0.000189
Epoch 99/2000 | Train MSE: 0.000154
Epoch 100/2000 | Train MSE: 0.000118
Epoch 101/2000 | Train MSE: 0.000117
Epoch 102/2000 | Train MSE: 0.000248
Epoch 103/2000 | Train MSE: 0.000171
Epoch 104/2000 | Train MSE: 0.000174
Epoch 105/2000 | Train MSE: 0.000513
Epoch 106/2000 | Train MSE: 0.000274
Epoch 107/2000 | Train MSE: 0.000230
Epoch 108/2000 | Train MSE: 0.000135
Epoch 109/2000 | Train MSE: 0.000204
Epoch 110/2000 | Train MSE: 0.000314
Epoch 111/2000 | Train MSE: 0.000262
Epoch 112/2000 | Train MSE: 0.000187
Epoch 113/2000 | Train MSE: 0.000111
Epoch 114/2000 | Train MSE: 0.000149
Epoch 115/2000 | Train MSE: 0.000164
Epoch 116/2000 | Train MSE: 0.000106
Epoch 117/2000 | Train MSE: 0.000094
Epoch 118/2000 | Train MSE: 0.000086
Epoch 119/2000 | Train MSE: 0.000083
Epoch 120/2000 | Train MSE: 0.000075
Epoch 121/2000 | Train MSE: 0.000091
Epoch 122/2000 | Train MSE: 0.000113
Epoch 123/2000 | Train MSE: 0.000192
Epoch 124/2000 | Train MSE: 0.000170
Epoch 125/2000 | Train MSE: 0.000110
Epoch 126/2000 | Train MSE: 0.000084
Epoch 127/2000 | Train MSE: 0.000109
Epoch 128/2000 | Train MSE: 0.000067
Epoch 129/2000 | Train MSE: 0.000110
Epoch 130/2000 | Train MSE: 0.000197
Epoch 131/2000 | Train MSE: 0.000145
Epoch 132/2000 | Train MSE: 0.000070
Epoch 133/2000 | Train MSE: 0.000079
Epoch 134/2000 | Train MSE: 0.000150
Epoch 135/2000 | Train MSE: 0.000099
Epoch 136/2000 | Train MSE: 0.000098
Epoch 137/2000 | Train MSE: 0.000100
Epoch 138/2000 | Train MSE: 0.000094
Epoch 139/2000 | Train MSE: 0.000160
Epoch 140/2000 | Train MSE: 0.000126
Epoch 141/2000 | Train MSE: 0.000117
Epoch 142/2000 | Train MSE: 0.000077
Epoch 143/2000 | Train MSE: 0.000074
Epoch 144/2000 | Train MSE: 0.000074
Epoch 145/2000 | Train MSE: 0.000165
Epoch 146/2000 | Train MSE: 0.000295
Epoch 147/2000 | Train MSE: 0.000180
Epoch 148/2000 | Train MSE: 0.000307
Epoch 149/2000 | Train MSE: 0.000218
Epoch 150/2000 | Train MSE: 0.000108
Epoch 151/2000 | Train MSE: 0.000155
Epoch 152/2000 | Train MSE: 0.000177
Epoch 153/2000 | Train MSE: 0.000150
Epoch 154/2000 | Train MSE: 0.000061
Epoch 155/2000 | Train MSE: 0.000071
Epoch 156/2000 | Train MSE: 0.000143
Epoch 157/2000 | Train MSE: 0.000242
Epoch 158/2000 | Train MSE: 0.000106
Epoch 159/2000 | Train MSE: 0.000087
Epoch 160/2000 | Train MSE: 0.000056
Epoch 161/2000 | Train MSE: 0.000052
Epoch 162/2000 | Train MSE: 0.000051
Epoch 163/2000 | Train MSE: 0.000079
Epoch 164/2000 | Train MSE: 0.000036
Epoch 165/2000 | Train MSE: 0.000058
Epoch 166/2000 | Train MSE: 0.000072
Epoch 167/2000 | Train MSE: 0.000095
Epoch 168/2000 | Train MSE: 0.000113
Epoch 169/2000 | Train MSE: 0.000107
Epoch 170/2000 | Train MSE: 0.000101
Epoch 171/2000 | Train MSE: 0.000137
Epoch 172/2000 | Train MSE: 0.000060
Epoch 173/2000 | Train MSE: 0.000043
Epoch 174/2000 | Train MSE: 0.000059
Epoch 175/2000 | Train MSE: 0.000032
Epoch 176/2000 | Train MSE: 0.000029
Epoch 177/2000 | Train MSE: 0.000029
Epoch 178/2000 | Train MSE: 0.000039
Epoch 179/2000 | Train MSE: 0.000070
Epoch 180/2000 | Train MSE: 0.000039
Epoch 181/2000 | Train MSE: 0.000037
Epoch 182/2000 | Train MSE: 0.000063
Epoch 183/2000 | Train MSE: 0.000169
Epoch 184/2000 | Train MSE: 0.000367
Epoch 185/2000 | Train MSE: 0.000239
Epoch 186/2000 | Train MSE: 0.000157
Epoch 187/2000 | Train MSE: 0.000158
Epoch 188/2000 | Train MSE: 0.000087
Epoch 189/2000 | Train MSE: 0.000103
Epoch 190/2000 | Train MSE: 0.000060
Epoch 191/2000 | Train MSE: 0.000077
Epoch 192/2000 | Train MSE: 0.000107
Epoch 193/2000 | Train MSE: 0.000101
Epoch 194/2000 | Train MSE: 0.000064
Epoch 195/2000 | Train MSE: 0.000104
Epoch 196/2000 | Train MSE: 0.000064
Epoch 197/2000 | Train MSE: 0.000079
Epoch 198/2000 | Train MSE: 0.000051
Epoch 199/2000 | Train MSE: 0.000032
Epoch 200/2000 | Train MSE: 0.000035
Epoch 201/2000 | Train MSE: 0.000057
Epoch 202/2000 | Train MSE: 0.000065
Epoch 203/2000 | Train MSE: 0.000106
Epoch 204/2000 | Train MSE: 0.000123
Epoch 205/2000 | Train MSE: 0.000090
Epoch 206/2000 | Train MSE: 0.000237
Epoch 207/2000 | Train MSE: 0.000238
Epoch 208/2000 | Train MSE: 0.000068
Epoch 209/2000 | Train MSE: 0.000073
Epoch 210/2000 | Train MSE: 0.000111
Epoch 211/2000 | Train MSE: 0.000306
Epoch 212/2000 | Train MSE: 0.000122
Epoch 213/2000 | Train MSE: 0.000157
Epoch 214/2000 | Train MSE: 0.000107
Epoch 215/2000 | Train MSE: 0.000082
Epoch 216/2000 | Train MSE: 0.000045
Epoch 217/2000 | Train MSE: 0.000028
Epoch 218/2000 | Train MSE: 0.000039
Epoch 219/2000 | Train MSE: 0.000060
Epoch 220/2000 | Train MSE: 0.000030
Epoch 221/2000 | Train MSE: 0.000023
Epoch 222/2000 | Train MSE: 0.000025
Epoch 223/2000 | Train MSE: 0.000022
Epoch 224/2000 | Train MSE: 0.000015
Epoch 225/2000 | Train MSE: 0.000016
Epoch 226/2000 | Train MSE: 0.000021
Epoch 227/2000 | Train MSE: 0.000015
Epoch 228/2000 | Train MSE: 0.000011
Epoch 229/2000 | Train MSE: 0.000018
Epoch 230/2000 | Train MSE: 0.000017
Epoch 231/2000 | Train MSE: 0.000016
Epoch 232/2000 | Train MSE: 0.000014
Epoch 233/2000 | Train MSE: 0.000012
Epoch 234/2000 | Train MSE: 0.000011
Epoch 235/2000 | Train MSE: 0.000013
Epoch 236/2000 | Train MSE: 0.000029
Epoch 237/2000 | Train MSE: 0.000067
Epoch 238/2000 | Train MSE: 0.000064
Epoch 239/2000 | Train MSE: 0.000110
Epoch 240/2000 | Train MSE: 0.000286
Epoch 241/2000 | Train MSE: 0.000197
Epoch 242/2000 | Train MSE: 0.000059
Epoch 243/2000 | Train MSE: 0.000175
Epoch 244/2000 | Train MSE: 0.000147
Epoch 245/2000 | Train MSE: 0.000161
Epoch 246/2000 | Train MSE: 0.000110
Epoch 247/2000 | Train MSE: 0.000068
Epoch 248/2000 | Train MSE: 0.000041
Epoch 249/2000 | Train MSE: 0.000065
Epoch 250/2000 | Train MSE: 0.000069
Epoch 251/2000 | Train MSE: 0.000030
Epoch 252/2000 | Train MSE: 0.000048
Epoch 253/2000 | Train MSE: 0.000032
Epoch 254/2000 | Train MSE: 0.000016
Epoch 255/2000 | Train MSE: 0.000056
Epoch 256/2000 | Train MSE: 0.000054
Epoch 257/2000 | Train MSE: 0.000023
Epoch 258/2000 | Train MSE: 0.000030
Epoch 259/2000 | Train MSE: 0.000039
Epoch 260/2000 | Train MSE: 0.000028
Epoch 261/2000 | Train MSE: 0.000062
Epoch 262/2000 | Train MSE: 0.000230
Epoch 263/2000 | Train MSE: 0.000227
Epoch 264/2000 | Train MSE: 0.001025
Epoch 265/2000 | Train MSE: 0.008967
Epoch 266/2000 | Train MSE: 0.006837
Epoch 267/2000 | Train MSE: 0.001291
Epoch 268/2000 | Train MSE: 0.000538
Epoch 269/2000 | Train MSE: 0.000468
Epoch 270/2000 | Train MSE: 0.000263
Epoch 271/2000 | Train MSE: 0.000208
Epoch 272/2000 | Train MSE: 0.000269
Epoch 273/2000 | Train MSE: 0.000218
Epoch 274/2000 | Train MSE: 0.000211
Epoch 275/2000 | Train MSE: 0.000322
Epoch 276/2000 | Train MSE: 0.000244
Epoch 277/2000 | Train MSE: 0.000232
Epoch 278/2000 | Train MSE: 0.000284
Early stopping at epoch 278. Best training loss: 0.000011

Training H5

Epoch 1/2000 | Train MSE: 0.057676
Epoch 2/2000 | Train MSE: 0.010494
Epoch 3/2000 | Train MSE: 0.010654
Epoch 4/2000 | Train MSE: 0.003984
Epoch 5/2000 | Train MSE: 0.002832
Epoch 6/2000 | Train MSE: 0.002593
Epoch 7/2000 | Train MSE: 0.002021
Epoch 8/2000 | Train MSE: 0.001256
Epoch 9/2000 | Train MSE: 0.001035
Epoch 10/2000 | Train MSE: 0.001062
Epoch 11/2000 | Train MSE: 0.000817
Epoch 12/2000 | Train MSE: 0.000710
Epoch 13/2000 | Train MSE: 0.000702
Epoch 14/2000 | Train MSE: 0.000782
Epoch 15/2000 | Train MSE: 0.000822
Epoch 16/2000 | Train MSE: 0.000613
Epoch 17/2000 | Train MSE: 0.000651
Epoch 18/2000 | Train MSE: 0.000681
Epoch 19/2000 | Train MSE: 0.000637
Epoch 20/2000 | Train MSE: 0.000638
Epoch 21/2000 | Train MSE: 0.000735
Epoch 22/2000 | Train MSE: 0.000499
Epoch 23/2000 | Train MSE: 0.000513
Epoch 24/2000 | Train MSE: 0.000445
Epoch 25/2000 | Train MSE: 0.000519
Epoch 26/2000 | Train MSE: 0.000808
Epoch 27/2000 | Train MSE: 0.000682
Epoch 28/2000 | Train MSE: 0.000707
Epoch 29/2000 | Train MSE: 0.000661
Epoch 30/2000 | Train MSE: 0.000447
Epoch 31/2000 | Train MSE: 0.000677
Epoch 32/2000 | Train MSE: 0.000490
Epoch 33/2000 | Train MSE: 0.000518
Epoch 34/2000 | Train MSE: 0.000536
Epoch 35/2000 | Train MSE: 0.000566
Epoch 36/2000 | Train MSE: 0.000437
Epoch 37/2000 | Train MSE: 0.000565
Epoch 38/2000 | Train MSE: 0.000328
Epoch 39/2000 | Train MSE: 0.000616
Epoch 40/2000 | Train MSE: 0.000322
Epoch 41/2000 | Train MSE: 0.000293
Epoch 42/2000 | Train MSE: 0.000434
Epoch 43/2000 | Train MSE: 0.000370
Epoch 44/2000 | Train MSE: 0.000427
Epoch 45/2000 | Train MSE: 0.000325
Epoch 46/2000 | Train MSE: 0.000480
Epoch 47/2000 | Train MSE: 0.000276
Epoch 48/2000 | Train MSE: 0.000275
Epoch 49/2000 | Train MSE: 0.000261
Epoch 50/2000 | Train MSE: 0.000403
Epoch 51/2000 | Train MSE: 0.000577
Epoch 52/2000 | Train MSE: 0.000425
Epoch 53/2000 | Train MSE: 0.000282
Epoch 54/2000 | Train MSE: 0.000248
Epoch 55/2000 | Train MSE: 0.000247
Epoch 56/2000 | Train MSE: 0.000337
Epoch 57/2000 | Train MSE: 0.000390
Epoch 58/2000 | Train MSE: 0.000302
Epoch 59/2000 | Train MSE: 0.000249
Epoch 60/2000 | Train MSE: 0.000207
Epoch 61/2000 | Train MSE: 0.000280
Epoch 62/2000 | Train MSE: 0.000614
Epoch 63/2000 | Train MSE: 0.000218
Epoch 64/2000 | Train MSE: 0.000221
Epoch 65/2000 | Train MSE: 0.000246
Epoch 66/2000 | Train MSE: 0.000235
Epoch 67/2000 | Train MSE: 0.000274
Epoch 68/2000 | Train MSE: 0.000370
Epoch 69/2000 | Train MSE: 0.000306
Epoch 70/2000 | Train MSE: 0.000221
Epoch 71/2000 | Train MSE: 0.000174
Epoch 72/2000 | Train MSE: 0.000262
Epoch 73/2000 | Train MSE: 0.000304
Epoch 74/2000 | Train MSE: 0.000296
Epoch 75/2000 | Train MSE: 0.000796
Epoch 76/2000 | Train MSE: 0.000451
Epoch 77/2000 | Train MSE: 0.000213
Epoch 78/2000 | Train MSE: 0.000340
Epoch 79/2000 | Train MSE: 0.000435
Epoch 80/2000 | Train MSE: 0.000304
Epoch 81/2000 | Train MSE: 0.000197
Epoch 82/2000 | Train MSE: 0.000167
Epoch 83/2000 | Train MSE: 0.000303
Epoch 84/2000 | Train MSE: 0.000236
Epoch 85/2000 | Train MSE: 0.000386
Epoch 86/2000 | Train MSE: 0.000321
Epoch 87/2000 | Train MSE: 0.000333
Epoch 88/2000 | Train MSE: 0.000187
Epoch 89/2000 | Train MSE: 0.000187
Epoch 90/2000 | Train MSE: 0.000172
Epoch 91/2000 | Train MSE: 0.000121
Epoch 92/2000 | Train MSE: 0.000160
Epoch 93/2000 | Train MSE: 0.000146
Epoch 94/2000 | Train MSE: 0.000213
Epoch 95/2000 | Train MSE: 0.000293
Epoch 96/2000 | Train MSE: 0.000556
Epoch 97/2000 | Train MSE: 0.000396
Epoch 98/2000 | Train MSE: 0.000176
Epoch 99/2000 | Train MSE: 0.000146
Epoch 100/2000 | Train MSE: 0.000107
Epoch 101/2000 | Train MSE: 0.000168
Epoch 102/2000 | Train MSE: 0.000375
Epoch 103/2000 | Train MSE: 0.000193
Epoch 104/2000 | Train MSE: 0.000309
Epoch 105/2000 | Train MSE: 0.000574
Epoch 106/2000 | Train MSE: 0.000295
Epoch 107/2000 | Train MSE: 0.000268
Epoch 108/2000 | Train MSE: 0.000141
Epoch 109/2000 | Train MSE: 0.000178
Epoch 110/2000 | Train MSE: 0.000165
Epoch 111/2000 | Train MSE: 0.000218
Epoch 112/2000 | Train MSE: 0.000271
Epoch 113/2000 | Train MSE: 0.000104
Epoch 114/2000 | Train MSE: 0.000091
Epoch 115/2000 | Train MSE: 0.000099
Epoch 116/2000 | Train MSE: 0.000100
Epoch 117/2000 | Train MSE: 0.000149
Epoch 118/2000 | Train MSE: 0.000264
Epoch 119/2000 | Train MSE: 0.000112
Epoch 120/2000 | Train MSE: 0.000102
Epoch 121/2000 | Train MSE: 0.000110
Epoch 122/2000 | Train MSE: 0.000099
Epoch 123/2000 | Train MSE: 0.000058
Epoch 124/2000 | Train MSE: 0.000069
Epoch 125/2000 | Train MSE: 0.000091
Epoch 126/2000 | Train MSE: 0.000067
Epoch 127/2000 | Train MSE: 0.000095
Epoch 128/2000 | Train MSE: 0.000192
Epoch 129/2000 | Train MSE: 0.000107
Epoch 130/2000 | Train MSE: 0.000047
Epoch 131/2000 | Train MSE: 0.000076
Epoch 132/2000 | Train MSE: 0.000076
Epoch 133/2000 | Train MSE: 0.000107
Epoch 134/2000 | Train MSE: 0.000169
Epoch 135/2000 | Train MSE: 0.000162
Epoch 136/2000 | Train MSE: 0.000072
Epoch 137/2000 | Train MSE: 0.000093
Epoch 138/2000 | Train MSE: 0.000106
Epoch 139/2000 | Train MSE: 0.000076
Epoch 140/2000 | Train MSE: 0.000039
Epoch 141/2000 | Train MSE: 0.000038
Epoch 142/2000 | Train MSE: 0.000065
Epoch 143/2000 | Train MSE: 0.000042
Epoch 144/2000 | Train MSE: 0.000101
Epoch 145/2000 | Train MSE: 0.000100
Epoch 146/2000 | Train MSE: 0.000089
Epoch 147/2000 | Train MSE: 0.000072
Epoch 148/2000 | Train MSE: 0.000094
Epoch 149/2000 | Train MSE: 0.000071
Epoch 150/2000 | Train MSE: 0.000049
Epoch 151/2000 | Train MSE: 0.000044
Epoch 152/2000 | Train MSE: 0.000040
Epoch 153/2000 | Train MSE: 0.000028
Epoch 154/2000 | Train MSE: 0.000020
Epoch 155/2000 | Train MSE: 0.000068
Epoch 156/2000 | Train MSE: 0.000085
Epoch 157/2000 | Train MSE: 0.000082
Epoch 158/2000 | Train MSE: 0.000077
Epoch 159/2000 | Train MSE: 0.000029
Epoch 160/2000 | Train MSE: 0.000019
Epoch 161/2000 | Train MSE: 0.000044
Epoch 162/2000 | Train MSE: 0.000073
Epoch 163/2000 | Train MSE: 0.000075
Epoch 164/2000 | Train MSE: 0.000166
Epoch 165/2000 | Train MSE: 0.000147
Epoch 166/2000 | Train MSE: 0.000083
Epoch 167/2000 | Train MSE: 0.000045
Epoch 168/2000 | Train MSE: 0.000033
Epoch 169/2000 | Train MSE: 0.000019
Epoch 170/2000 | Train MSE: 0.000032
Epoch 171/2000 | Train MSE: 0.000029
Epoch 172/2000 | Train MSE: 0.000027
Epoch 173/2000 | Train MSE: 0.000026
Epoch 174/2000 | Train MSE: 0.000025
Epoch 175/2000 | Train MSE: 0.000034
Epoch 176/2000 | Train MSE: 0.000042
Epoch 177/2000 | Train MSE: 0.000028
Epoch 178/2000 | Train MSE: 0.000019
Epoch 179/2000 | Train MSE: 0.000061
Epoch 180/2000 | Train MSE: 0.000087
Epoch 181/2000 | Train MSE: 0.000048
Epoch 182/2000 | Train MSE: 0.000028
Epoch 183/2000 | Train MSE: 0.000032
Epoch 184/2000 | Train MSE: 0.000044
Epoch 185/2000 | Train MSE: 0.000052
Epoch 186/2000 | Train MSE: 0.000053
Epoch 187/2000 | Train MSE: 0.000031
Epoch 188/2000 | Train MSE: 0.000029
Epoch 189/2000 | Train MSE: 0.000021
Epoch 190/2000 | Train MSE: 0.000012
Epoch 191/2000 | Train MSE: 0.000014
Epoch 192/2000 | Train MSE: 0.000009
Epoch 193/2000 | Train MSE: 0.000018
Epoch 194/2000 | Train MSE: 0.000009
Epoch 195/2000 | Train MSE: 0.000014
Epoch 196/2000 | Train MSE: 0.000036
Epoch 197/2000 | Train MSE: 0.000014
Epoch 198/2000 | Train MSE: 0.000015
Epoch 199/2000 | Train MSE: 0.000037
Epoch 200/2000 | Train MSE: 0.000177
Epoch 201/2000 | Train MSE: 0.000131
Epoch 202/2000 | Train MSE: 0.000088
Epoch 203/2000 | Train MSE: 0.000144
Epoch 204/2000 | Train MSE: 0.000080
Epoch 205/2000 | Train MSE: 0.000306
Epoch 206/2000 | Train MSE: 0.000177
Epoch 207/2000 | Train MSE: 0.000089
Epoch 208/2000 | Train MSE: 0.000077
Epoch 209/2000 | Train MSE: 0.000186
Epoch 210/2000 | Train MSE: 0.000204
Epoch 211/2000 | Train MSE: 0.000215
Epoch 212/2000 | Train MSE: 0.000270
Epoch 213/2000 | Train MSE: 0.000103
Epoch 214/2000 | Train MSE: 0.000079
Epoch 215/2000 | Train MSE: 0.000072
Epoch 216/2000 | Train MSE: 0.000107
Epoch 217/2000 | Train MSE: 0.000157
Epoch 218/2000 | Train MSE: 0.000173
Epoch 219/2000 | Train MSE: 0.000162
Epoch 220/2000 | Train MSE: 0.000093
Epoch 221/2000 | Train MSE: 0.000057
Epoch 222/2000 | Train MSE: 0.000124
Epoch 223/2000 | Train MSE: 0.000180
Epoch 224/2000 | Train MSE: 0.000158
Epoch 225/2000 | Train MSE: 0.000087
Epoch 226/2000 | Train MSE: 0.000059
Epoch 227/2000 | Train MSE: 0.000073
Epoch 228/2000 | Train MSE: 0.000200
Epoch 229/2000 | Train MSE: 0.000053
Epoch 230/2000 | Train MSE: 0.000057
Epoch 231/2000 | Train MSE: 0.000032
Epoch 232/2000 | Train MSE: 0.000034
Epoch 233/2000 | Train MSE: 0.000046
Epoch 234/2000 | Train MSE: 0.000032
Epoch 235/2000 | Train MSE: 0.000045
Epoch 236/2000 | Train MSE: 0.000034
Epoch 237/2000 | Train MSE: 0.000032
Epoch 238/2000 | Train MSE: 0.000033
Epoch 239/2000 | Train MSE: 0.000019
Epoch 240/2000 | Train MSE: 0.000013
Epoch 241/2000 | Train MSE: 0.000024
Epoch 242/2000 | Train MSE: 0.000014
Epoch 243/2000 | Train MSE: 0.000021
Epoch 244/2000 | Train MSE: 0.000016
Early stopping at epoch 244. Best training loss: 0.000009

           ===== Results =====
           MSE : 0.00061185
           MAE : 0.01853714
           RMSE: 0.02473570
           R²  : -0.19102478

    --- Executing dataset FloodModeling1 --- 

Training H1

Epoch 1/2000 | Train MSE: 0.134691
Epoch 2/2000 | Train MSE: 0.019636
Epoch 3/2000 | Train MSE: 0.007627
Epoch 4/2000 | Train MSE: 0.005494
Epoch 5/2000 | Train MSE: 0.003781
Epoch 6/2000 | Train MSE: 0.002370
Epoch 7/2000 | Train MSE: 0.001794
Epoch 8/2000 | Train MSE: 0.001149
Epoch 9/2000 | Train MSE: 0.001298
Epoch 10/2000 | Train MSE: 0.001014
Epoch 11/2000 | Train MSE: 0.000887
Epoch 12/2000 | Train MSE: 0.000897
Epoch 13/2000 | Train MSE: 0.000832
Epoch 14/2000 | Train MSE: 0.000816
Epoch 15/2000 | Train MSE: 0.000850
Epoch 16/2000 | Train MSE: 0.000748
Epoch 17/2000 | Train MSE: 0.000652
Epoch 18/2000 | Train MSE: 0.000853
Epoch 19/2000 | Train MSE: 0.001124
Epoch 20/2000 | Train MSE: 0.000688
Epoch 21/2000 | Train MSE: 0.000542
Epoch 22/2000 | Train MSE: 0.000535
Epoch 23/2000 | Train MSE: 0.000871
Epoch 24/2000 | Train MSE: 0.000893
Epoch 25/2000 | Train MSE: 0.000651
Epoch 26/2000 | Train MSE: 0.000635
Epoch 27/2000 | Train MSE: 0.000608
Epoch 28/2000 | Train MSE: 0.000586
Epoch 29/2000 | Train MSE: 0.000491
Epoch 30/2000 | Train MSE: 0.000534
Epoch 31/2000 | Train MSE: 0.000433
Epoch 32/2000 | Train MSE: 0.000432
Epoch 33/2000 | Train MSE: 0.000698
Epoch 34/2000 | Train MSE: 0.000509
Epoch 35/2000 | Train MSE: 0.000379
Epoch 36/2000 | Train MSE: 0.000373
Epoch 37/2000 | Train MSE: 0.000393
Epoch 38/2000 | Train MSE: 0.000391
Epoch 39/2000 | Train MSE: 0.000357
Epoch 40/2000 | Train MSE: 0.000326
Epoch 41/2000 | Train MSE: 0.000305
Epoch 42/2000 | Train MSE: 0.000324
Epoch 43/2000 | Train MSE: 0.000316
Epoch 44/2000 | Train MSE: 0.000336
Epoch 45/2000 | Train MSE: 0.000358
Epoch 46/2000 | Train MSE: 0.000490
Epoch 47/2000 | Train MSE: 0.000298
Epoch 48/2000 | Train MSE: 0.000372
Epoch 49/2000 | Train MSE: 0.000302
Epoch 50/2000 | Train MSE: 0.000353
Epoch 51/2000 | Train MSE: 0.000255
Epoch 52/2000 | Train MSE: 0.000343
Epoch 53/2000 | Train MSE: 0.000305
Epoch 54/2000 | Train MSE: 0.000269
Epoch 55/2000 | Train MSE: 0.000266
Epoch 56/2000 | Train MSE: 0.000318
Epoch 57/2000 | Train MSE: 0.000365
Epoch 58/2000 | Train MSE: 0.000355
Epoch 59/2000 | Train MSE: 0.000339
Epoch 60/2000 | Train MSE: 0.000344
Epoch 61/2000 | Train MSE: 0.000519
Epoch 62/2000 | Train MSE: 0.000395
Epoch 63/2000 | Train MSE: 0.000305
Epoch 64/2000 | Train MSE: 0.000243
Epoch 65/2000 | Train MSE: 0.000260
Epoch 66/2000 | Train MSE: 0.000225
Epoch 67/2000 | Train MSE: 0.000366
Epoch 68/2000 | Train MSE: 0.000649
Epoch 69/2000 | Train MSE: 0.000482
Epoch 70/2000 | Train MSE: 0.000461
Epoch 71/2000 | Train MSE: 0.000218
Epoch 72/2000 | Train MSE: 0.000198
Epoch 73/2000 | Train MSE: 0.000185
Epoch 74/2000 | Train MSE: 0.000188
Epoch 75/2000 | Train MSE: 0.000294
Epoch 76/2000 | Train MSE: 0.000281
Epoch 77/2000 | Train MSE: 0.000299
Epoch 78/2000 | Train MSE: 0.000197
Epoch 79/2000 | Train MSE: 0.000242
Epoch 80/2000 | Train MSE: 0.000177
Epoch 81/2000 | Train MSE: 0.000182
Epoch 82/2000 | Train MSE: 0.000218
Epoch 83/2000 | Train MSE: 0.000151
Epoch 84/2000 | Train MSE: 0.000151
Epoch 85/2000 | Train MSE: 0.000140
Epoch 86/2000 | Train MSE: 0.000194
Epoch 87/2000 | Train MSE: 0.000223
Epoch 88/2000 | Train MSE: 0.000197
Epoch 89/2000 | Train MSE: 0.000204
Epoch 90/2000 | Train MSE: 0.000333
Epoch 91/2000 | Train MSE: 0.000150
Epoch 92/2000 | Train MSE: 0.000219
Epoch 93/2000 | Train MSE: 0.000141
Epoch 94/2000 | Train MSE: 0.000135
Epoch 95/2000 | Train MSE: 0.000270
Epoch 96/2000 | Train MSE: 0.000211
Epoch 97/2000 | Train MSE: 0.000130
Epoch 98/2000 | Train MSE: 0.000226
Epoch 99/2000 | Train MSE: 0.000172
Epoch 100/2000 | Train MSE: 0.000106
Epoch 101/2000 | Train MSE: 0.000093
Epoch 102/2000 | Train MSE: 0.000106
Epoch 103/2000 | Train MSE: 0.000102
Epoch 104/2000 | Train MSE: 0.000094
Epoch 105/2000 | Train MSE: 0.000107
Epoch 106/2000 | Train MSE: 0.000136
Epoch 107/2000 | Train MSE: 0.000276
Epoch 108/2000 | Train MSE: 0.000327
Epoch 109/2000 | Train MSE: 0.000206
Epoch 110/2000 | Train MSE: 0.000253
Epoch 111/2000 | Train MSE: 0.000408
Epoch 112/2000 | Train MSE: 0.000524
Epoch 113/2000 | Train MSE: 0.000274
Epoch 114/2000 | Train MSE: 0.000192
Epoch 115/2000 | Train MSE: 0.000149
Epoch 116/2000 | Train MSE: 0.000126
Epoch 117/2000 | Train MSE: 0.000087
Epoch 118/2000 | Train MSE: 0.000080
Epoch 119/2000 | Train MSE: 0.000066
Epoch 120/2000 | Train MSE: 0.000106
Epoch 121/2000 | Train MSE: 0.000142
Epoch 122/2000 | Train MSE: 0.000189
Epoch 123/2000 | Train MSE: 0.000262
Epoch 124/2000 | Train MSE: 0.000114
Epoch 125/2000 | Train MSE: 0.000115
Epoch 126/2000 | Train MSE: 0.000072
Epoch 127/2000 | Train MSE: 0.000074
Epoch 128/2000 | Train MSE: 0.000060
Epoch 129/2000 | Train MSE: 0.000078
Epoch 130/2000 | Train MSE: 0.000063
Epoch 131/2000 | Train MSE: 0.000073
Epoch 132/2000 | Train MSE: 0.000073
Epoch 133/2000 | Train MSE: 0.000061
Epoch 134/2000 | Train MSE: 0.000067
Epoch 135/2000 | Train MSE: 0.000070
Epoch 136/2000 | Train MSE: 0.000086
Epoch 137/2000 | Train MSE: 0.000111
Epoch 138/2000 | Train MSE: 0.000068
Epoch 139/2000 | Train MSE: 0.000059
Epoch 140/2000 | Train MSE: 0.000084
Epoch 141/2000 | Train MSE: 0.000136
Epoch 142/2000 | Train MSE: 0.000114
Epoch 143/2000 | Train MSE: 0.000081
Epoch 144/2000 | Train MSE: 0.000090
Epoch 145/2000 | Train MSE: 0.000055
Epoch 146/2000 | Train MSE: 0.000045
Epoch 147/2000 | Train MSE: 0.000094
Epoch 148/2000 | Train MSE: 0.000064
Epoch 149/2000 | Train MSE: 0.000068
Epoch 150/2000 | Train MSE: 0.000092
Epoch 151/2000 | Train MSE: 0.000058
Epoch 152/2000 | Train MSE: 0.000050
Epoch 153/2000 | Train MSE: 0.000111
Epoch 154/2000 | Train MSE: 0.000109
Epoch 155/2000 | Train MSE: 0.000087
Epoch 156/2000 | Train MSE: 0.000070
Epoch 157/2000 | Train MSE: 0.000078
Epoch 158/2000 | Train MSE: 0.000162
Epoch 159/2000 | Train MSE: 0.000156
Epoch 160/2000 | Train MSE: 0.000060
Epoch 161/2000 | Train MSE: 0.000056
Epoch 162/2000 | Train MSE: 0.000092
Epoch 163/2000 | Train MSE: 0.000066
Epoch 164/2000 | Train MSE: 0.000040
Epoch 165/2000 | Train MSE: 0.000041
Epoch 166/2000 | Train MSE: 0.000043
Epoch 167/2000 | Train MSE: 0.000029
Epoch 168/2000 | Train MSE: 0.000059
Epoch 169/2000 | Train MSE: 0.000208
Epoch 170/2000 | Train MSE: 0.000243
Epoch 171/2000 | Train MSE: 0.000124
Epoch 172/2000 | Train MSE: 0.000080
Epoch 173/2000 | Train MSE: 0.000099
Epoch 174/2000 | Train MSE: 0.000095
Epoch 175/2000 | Train MSE: 0.000153
Epoch 176/2000 | Train MSE: 0.000127
Epoch 177/2000 | Train MSE: 0.000053
Epoch 178/2000 | Train MSE: 0.000056
Epoch 179/2000 | Train MSE: 0.000087
Epoch 180/2000 | Train MSE: 0.000140
Epoch 181/2000 | Train MSE: 0.000130
Epoch 182/2000 | Train MSE: 0.000053
Epoch 183/2000 | Train MSE: 0.000063
Epoch 184/2000 | Train MSE: 0.000041
Epoch 185/2000 | Train MSE: 0.000029
Epoch 186/2000 | Train MSE: 0.000039
Epoch 187/2000 | Train MSE: 0.000032
Epoch 188/2000 | Train MSE: 0.000025
Epoch 189/2000 | Train MSE: 0.000026
Epoch 190/2000 | Train MSE: 0.000023
Epoch 191/2000 | Train MSE: 0.000033
Epoch 192/2000 | Train MSE: 0.000022
Epoch 193/2000 | Train MSE: 0.000042
Epoch 194/2000 | Train MSE: 0.000101
Epoch 195/2000 | Train MSE: 0.000053
Epoch 196/2000 | Train MSE: 0.000046
Epoch 197/2000 | Train MSE: 0.000075
Epoch 198/2000 | Train MSE: 0.000081
Epoch 199/2000 | Train MSE: 0.000095
Epoch 200/2000 | Train MSE: 0.000057
Epoch 201/2000 | Train MSE: 0.000055
Epoch 202/2000 | Train MSE: 0.000035
Epoch 203/2000 | Train MSE: 0.000021
Epoch 204/2000 | Train MSE: 0.000018
Epoch 205/2000 | Train MSE: 0.000035
Epoch 206/2000 | Train MSE: 0.000073
Epoch 207/2000 | Train MSE: 0.000174
Epoch 208/2000 | Train MSE: 0.000604
Epoch 209/2000 | Train MSE: 0.000253
Epoch 210/2000 | Train MSE: 0.000239
Epoch 211/2000 | Train MSE: 0.000158
Epoch 212/2000 | Train MSE: 0.000186
Epoch 213/2000 | Train MSE: 0.000216
Epoch 214/2000 | Train MSE: 0.000361
Epoch 215/2000 | Train MSE: 0.000126
Epoch 216/2000 | Train MSE: 0.000064
Epoch 217/2000 | Train MSE: 0.000080
Epoch 218/2000 | Train MSE: 0.000059
Epoch 219/2000 | Train MSE: 0.000064
Epoch 220/2000 | Train MSE: 0.000055
Epoch 221/2000 | Train MSE: 0.000046
Epoch 222/2000 | Train MSE: 0.000048
Epoch 223/2000 | Train MSE: 0.000042
Epoch 224/2000 | Train MSE: 0.000050
Epoch 225/2000 | Train MSE: 0.000050
Epoch 226/2000 | Train MSE: 0.000035
Epoch 227/2000 | Train MSE: 0.000024
Epoch 228/2000 | Train MSE: 0.000019
Epoch 229/2000 | Train MSE: 0.000019
Epoch 230/2000 | Train MSE: 0.000028
Epoch 231/2000 | Train MSE: 0.000022
Epoch 232/2000 | Train MSE: 0.000017
Epoch 233/2000 | Train MSE: 0.000047
Epoch 234/2000 | Train MSE: 0.000043
Epoch 235/2000 | Train MSE: 0.000028
Epoch 236/2000 | Train MSE: 0.000041
Epoch 237/2000 | Train MSE: 0.000020
Epoch 238/2000 | Train MSE: 0.000017
Epoch 239/2000 | Train MSE: 0.000021
Epoch 240/2000 | Train MSE: 0.000013
Epoch 241/2000 | Train MSE: 0.000013
Epoch 242/2000 | Train MSE: 0.000038
Epoch 243/2000 | Train MSE: 0.000020
Epoch 244/2000 | Train MSE: 0.000012
Epoch 245/2000 | Train MSE: 0.000009
Epoch 246/2000 | Train MSE: 0.000010
Epoch 247/2000 | Train MSE: 0.000014
Epoch 248/2000 | Train MSE: 0.000022
Epoch 249/2000 | Train MSE: 0.000017
Epoch 250/2000 | Train MSE: 0.000027
Epoch 251/2000 | Train MSE: 0.000018
Epoch 252/2000 | Train MSE: 0.000016
Epoch 253/2000 | Train MSE: 0.000014
Epoch 254/2000 | Train MSE: 0.000009
Epoch 255/2000 | Train MSE: 0.000014
Epoch 256/2000 | Train MSE: 0.000019
Epoch 257/2000 | Train MSE: 0.000034
Epoch 258/2000 | Train MSE: 0.000029
Epoch 259/2000 | Train MSE: 0.000023
Epoch 260/2000 | Train MSE: 0.000067
Epoch 261/2000 | Train MSE: 0.000042
Epoch 262/2000 | Train MSE: 0.000091
Epoch 263/2000 | Train MSE: 0.000163
Epoch 264/2000 | Train MSE: 0.000089
Epoch 265/2000 | Train MSE: 0.000051
Epoch 266/2000 | Train MSE: 0.000105
Epoch 267/2000 | Train MSE: 0.000895
Epoch 268/2000 | Train MSE: 0.087136
Epoch 269/2000 | Train MSE: 0.903076
Epoch 270/2000 | Train MSE: 0.027181
Epoch 271/2000 | Train MSE: 0.009409
Epoch 272/2000 | Train MSE: 0.005907
Epoch 273/2000 | Train MSE: 0.005434
Epoch 274/2000 | Train MSE: 0.003035
Epoch 275/2000 | Train MSE: 0.002315
Epoch 276/2000 | Train MSE: 0.002375
Epoch 277/2000 | Train MSE: 0.003062
Epoch 278/2000 | Train MSE: 0.001907
Epoch 279/2000 | Train MSE: 0.001871
Epoch 280/2000 | Train MSE: 0.002177
Epoch 281/2000 | Train MSE: 0.002187
Epoch 282/2000 | Train MSE: 0.001543
Epoch 283/2000 | Train MSE: 0.001419
Epoch 284/2000 | Train MSE: 0.001512
Epoch 285/2000 | Train MSE: 0.001312
Epoch 286/2000 | Train MSE: 0.001420
Epoch 287/2000 | Train MSE: 0.001195
Epoch 288/2000 | Train MSE: 0.001292
Epoch 289/2000 | Train MSE: 0.001186
Epoch 290/2000 | Train MSE: 0.001438
Epoch 291/2000 | Train MSE: 0.001679
Epoch 292/2000 | Train MSE: 0.001494
Epoch 293/2000 | Train MSE: 0.001419
Epoch 294/2000 | Train MSE: 0.001288
Epoch 295/2000 | Train MSE: 0.001123
Early stopping at epoch 295. Best training loss: 0.000009

Training H2

Epoch 1/2000 | Train MSE: 0.047451
Epoch 2/2000 | Train MSE: 0.006694
Epoch 3/2000 | Train MSE: 0.005162
Epoch 4/2000 | Train MSE: 0.002812
Epoch 5/2000 | Train MSE: 0.001678
Epoch 6/2000 | Train MSE: 0.001237
Epoch 7/2000 | Train MSE: 0.001124
Epoch 8/2000 | Train MSE: 0.001204
Epoch 9/2000 | Train MSE: 0.001026
Epoch 10/2000 | Train MSE: 0.001208
Epoch 11/2000 | Train MSE: 0.002380
Epoch 12/2000 | Train MSE: 0.001304
Epoch 13/2000 | Train MSE: 0.000925
Epoch 14/2000 | Train MSE: 0.001216
Epoch 15/2000 | Train MSE: 0.002000
Epoch 16/2000 | Train MSE: 0.000894
Epoch 17/2000 | Train MSE: 0.000707
Epoch 18/2000 | Train MSE: 0.000609
Epoch 19/2000 | Train MSE: 0.000515
Epoch 20/2000 | Train MSE: 0.000487
Epoch 21/2000 | Train MSE: 0.000600
Epoch 22/2000 | Train MSE: 0.000725
Epoch 23/2000 | Train MSE: 0.000604
Epoch 24/2000 | Train MSE: 0.000401
Epoch 25/2000 | Train MSE: 0.000415
Epoch 26/2000 | Train MSE: 0.000435
Epoch 27/2000 | Train MSE: 0.000511
Epoch 28/2000 | Train MSE: 0.000454
Epoch 29/2000 | Train MSE: 0.000395
Epoch 30/2000 | Train MSE: 0.000470
Epoch 31/2000 | Train MSE: 0.000423
Epoch 32/2000 | Train MSE: 0.000339
Epoch 33/2000 | Train MSE: 0.000363
Epoch 34/2000 | Train MSE: 0.000500
Epoch 35/2000 | Train MSE: 0.000528
Epoch 36/2000 | Train MSE: 0.000422
Epoch 37/2000 | Train MSE: 0.000379
Epoch 38/2000 | Train MSE: 0.000395
Epoch 39/2000 | Train MSE: 0.000375
Epoch 40/2000 | Train MSE: 0.000482
Epoch 41/2000 | Train MSE: 0.000472
Epoch 42/2000 | Train MSE: 0.000338
Epoch 43/2000 | Train MSE: 0.000502
Epoch 44/2000 | Train MSE: 0.000554
Epoch 45/2000 | Train MSE: 0.000446
Epoch 46/2000 | Train MSE: 0.000325
Epoch 47/2000 | Train MSE: 0.000299
Epoch 48/2000 | Train MSE: 0.000399
Epoch 49/2000 | Train MSE: 0.000343
Epoch 50/2000 | Train MSE: 0.000364
Epoch 51/2000 | Train MSE: 0.000326
Epoch 52/2000 | Train MSE: 0.000353
Epoch 53/2000 | Train MSE: 0.000431
Epoch 54/2000 | Train MSE: 0.000727
Epoch 55/2000 | Train MSE: 0.000781
Epoch 56/2000 | Train MSE: 0.000492
Epoch 57/2000 | Train MSE: 0.000585
Epoch 58/2000 | Train MSE: 0.000371
Epoch 59/2000 | Train MSE: 0.000369
Epoch 60/2000 | Train MSE: 0.000250
Epoch 61/2000 | Train MSE: 0.000248
Epoch 62/2000 | Train MSE: 0.000257
Epoch 63/2000 | Train MSE: 0.000305
Epoch 64/2000 | Train MSE: 0.000378
Epoch 65/2000 | Train MSE: 0.000294
Epoch 66/2000 | Train MSE: 0.000243
Epoch 67/2000 | Train MSE: 0.000250
Epoch 68/2000 | Train MSE: 0.000288
Epoch 69/2000 | Train MSE: 0.000295
Epoch 70/2000 | Train MSE: 0.000397
Epoch 71/2000 | Train MSE: 0.000280
Epoch 72/2000 | Train MSE: 0.000216
Epoch 73/2000 | Train MSE: 0.000173
Epoch 74/2000 | Train MSE: 0.000197
Epoch 75/2000 | Train MSE: 0.000250
Epoch 76/2000 | Train MSE: 0.000359
Epoch 77/2000 | Train MSE: 0.000238
Epoch 78/2000 | Train MSE: 0.000263
Epoch 79/2000 | Train MSE: 0.000365
Epoch 80/2000 | Train MSE: 0.000334
Epoch 81/2000 | Train MSE: 0.000403
Epoch 82/2000 | Train MSE: 0.000288
Epoch 83/2000 | Train MSE: 0.000268
Epoch 84/2000 | Train MSE: 0.000421
Epoch 85/2000 | Train MSE: 0.000377
Epoch 86/2000 | Train MSE: 0.000173
Epoch 87/2000 | Train MSE: 0.000246
Epoch 88/2000 | Train MSE: 0.000318
Epoch 89/2000 | Train MSE: 0.000271
Epoch 90/2000 | Train MSE: 0.000334
Epoch 91/2000 | Train MSE: 0.000354
Epoch 92/2000 | Train MSE: 0.000317
Epoch 93/2000 | Train MSE: 0.000290
Epoch 94/2000 | Train MSE: 0.000232
Epoch 95/2000 | Train MSE: 0.000179
Epoch 96/2000 | Train MSE: 0.000139
Epoch 97/2000 | Train MSE: 0.000178
Epoch 98/2000 | Train MSE: 0.000323
Epoch 99/2000 | Train MSE: 0.000330
Epoch 100/2000 | Train MSE: 0.000431
Epoch 101/2000 | Train MSE: 0.000217
Epoch 102/2000 | Train MSE: 0.000146
Epoch 103/2000 | Train MSE: 0.000132
Epoch 104/2000 | Train MSE: 0.000158
Epoch 105/2000 | Train MSE: 0.000127
Epoch 106/2000 | Train MSE: 0.000143
Epoch 107/2000 | Train MSE: 0.000139
Epoch 108/2000 | Train MSE: 0.000211
Epoch 109/2000 | Train MSE: 0.000203
Epoch 110/2000 | Train MSE: 0.000227
Epoch 111/2000 | Train MSE: 0.000128
Epoch 112/2000 | Train MSE: 0.000161
Epoch 113/2000 | Train MSE: 0.000117
Epoch 114/2000 | Train MSE: 0.000115
Epoch 115/2000 | Train MSE: 0.000164
Epoch 116/2000 | Train MSE: 0.000268
Epoch 117/2000 | Train MSE: 0.000143
Epoch 118/2000 | Train MSE: 0.000114
Epoch 119/2000 | Train MSE: 0.000120
Epoch 120/2000 | Train MSE: 0.000119
Epoch 121/2000 | Train MSE: 0.000137
Epoch 122/2000 | Train MSE: 0.000107
Epoch 123/2000 | Train MSE: 0.000075
Epoch 124/2000 | Train MSE: 0.000142
Epoch 125/2000 | Train MSE: 0.000122
Epoch 126/2000 | Train MSE: 0.000120
Epoch 127/2000 | Train MSE: 0.000131
Epoch 128/2000 | Train MSE: 0.000125
Epoch 129/2000 | Train MSE: 0.000126
Epoch 130/2000 | Train MSE: 0.000090
Epoch 131/2000 | Train MSE: 0.000086
Epoch 132/2000 | Train MSE: 0.000088
Epoch 133/2000 | Train MSE: 0.000135
Epoch 134/2000 | Train MSE: 0.000318
Epoch 135/2000 | Train MSE: 0.000464
Epoch 136/2000 | Train MSE: 0.000166
Epoch 137/2000 | Train MSE: 0.000103
Epoch 138/2000 | Train MSE: 0.000100
Epoch 139/2000 | Train MSE: 0.000148
Epoch 140/2000 | Train MSE: 0.000247
Epoch 141/2000 | Train MSE: 0.000129
Epoch 142/2000 | Train MSE: 0.000125
Epoch 143/2000 | Train MSE: 0.000223
Epoch 144/2000 | Train MSE: 0.000251
Epoch 145/2000 | Train MSE: 0.000118
Epoch 146/2000 | Train MSE: 0.000179
Epoch 147/2000 | Train MSE: 0.000133
Epoch 148/2000 | Train MSE: 0.000094
Epoch 149/2000 | Train MSE: 0.000177
Epoch 150/2000 | Train MSE: 0.000132
Epoch 151/2000 | Train MSE: 0.000141
Epoch 152/2000 | Train MSE: 0.000091
Epoch 153/2000 | Train MSE: 0.000070
Epoch 154/2000 | Train MSE: 0.000046
Epoch 155/2000 | Train MSE: 0.000041
Epoch 156/2000 | Train MSE: 0.000073
Epoch 157/2000 | Train MSE: 0.000053
Epoch 158/2000 | Train MSE: 0.000036
Epoch 159/2000 | Train MSE: 0.000052
Epoch 160/2000 | Train MSE: 0.000058
Epoch 161/2000 | Train MSE: 0.000054
Epoch 162/2000 | Train MSE: 0.000156
Epoch 163/2000 | Train MSE: 0.000155
Epoch 164/2000 | Train MSE: 0.000074
Epoch 165/2000 | Train MSE: 0.000066
Epoch 166/2000 | Train MSE: 0.000042
Epoch 167/2000 | Train MSE: 0.000147
Epoch 168/2000 | Train MSE: 0.000146
Epoch 169/2000 | Train MSE: 0.000061
Epoch 170/2000 | Train MSE: 0.000045
Epoch 171/2000 | Train MSE: 0.000053
Epoch 172/2000 | Train MSE: 0.000072
Epoch 173/2000 | Train MSE: 0.000089
Epoch 174/2000 | Train MSE: 0.000039
Epoch 175/2000 | Train MSE: 0.000055
Epoch 176/2000 | Train MSE: 0.000034
Epoch 177/2000 | Train MSE: 0.000037
Epoch 178/2000 | Train MSE: 0.000063
Epoch 179/2000 | Train MSE: 0.000063
Epoch 180/2000 | Train MSE: 0.000043
Epoch 181/2000 | Train MSE: 0.000089
Epoch 182/2000 | Train MSE: 0.000056
Epoch 183/2000 | Train MSE: 0.000094
Epoch 184/2000 | Train MSE: 0.000165
Epoch 185/2000 | Train MSE: 0.000064
Epoch 186/2000 | Train MSE: 0.000069
Epoch 187/2000 | Train MSE: 0.000048
Epoch 188/2000 | Train MSE: 0.000055
Epoch 189/2000 | Train MSE: 0.000101
Epoch 190/2000 | Train MSE: 0.000082
Epoch 191/2000 | Train MSE: 0.000040
Epoch 192/2000 | Train MSE: 0.000042
Epoch 193/2000 | Train MSE: 0.000028
Epoch 194/2000 | Train MSE: 0.000036
Epoch 195/2000 | Train MSE: 0.000036
Epoch 196/2000 | Train MSE: 0.000040
Epoch 197/2000 | Train MSE: 0.000047
Epoch 198/2000 | Train MSE: 0.000044
Epoch 199/2000 | Train MSE: 0.000056
Epoch 200/2000 | Train MSE: 0.000046
Epoch 201/2000 | Train MSE: 0.000061
Epoch 202/2000 | Train MSE: 0.000065
Epoch 203/2000 | Train MSE: 0.000070
Epoch 204/2000 | Train MSE: 0.000044
Epoch 205/2000 | Train MSE: 0.000030
Epoch 206/2000 | Train MSE: 0.000040
Epoch 207/2000 | Train MSE: 0.000029
Epoch 208/2000 | Train MSE: 0.000036
Epoch 209/2000 | Train MSE: 0.000044
Epoch 210/2000 | Train MSE: 0.000053
Epoch 211/2000 | Train MSE: 0.000050
Epoch 212/2000 | Train MSE: 0.000033
Epoch 213/2000 | Train MSE: 0.000046
Epoch 214/2000 | Train MSE: 0.000036
Epoch 215/2000 | Train MSE: 0.000047
Epoch 216/2000 | Train MSE: 0.000022
Epoch 217/2000 | Train MSE: 0.000015
Epoch 218/2000 | Train MSE: 0.000044
Epoch 219/2000 | Train MSE: 0.000089
Epoch 220/2000 | Train MSE: 0.000049
Epoch 221/2000 | Train MSE: 0.000023
Epoch 222/2000 | Train MSE: 0.000027
Epoch 223/2000 | Train MSE: 0.000027
Epoch 224/2000 | Train MSE: 0.000034
Epoch 225/2000 | Train MSE: 0.000025
Epoch 226/2000 | Train MSE: 0.000038
Epoch 227/2000 | Train MSE: 0.000020
Epoch 228/2000 | Train MSE: 0.000017
Epoch 229/2000 | Train MSE: 0.000023
Epoch 230/2000 | Train MSE: 0.000025
Epoch 231/2000 | Train MSE: 0.000015
Epoch 232/2000 | Train MSE: 0.000028
Epoch 233/2000 | Train MSE: 0.000038
Epoch 234/2000 | Train MSE: 0.000053
Epoch 235/2000 | Train MSE: 0.000041
Epoch 236/2000 | Train MSE: 0.000036
Epoch 237/2000 | Train MSE: 0.000056
Epoch 238/2000 | Train MSE: 0.000033
Epoch 239/2000 | Train MSE: 0.000030
Epoch 240/2000 | Train MSE: 0.000012
Epoch 241/2000 | Train MSE: 0.000051
Epoch 242/2000 | Train MSE: 0.000029
Epoch 243/2000 | Train MSE: 0.000040
Epoch 244/2000 | Train MSE: 0.000069
Epoch 245/2000 | Train MSE: 0.000169
Epoch 246/2000 | Train MSE: 0.000089
Epoch 247/2000 | Train MSE: 0.000068
Epoch 248/2000 | Train MSE: 0.000042
Epoch 249/2000 | Train MSE: 0.000094
Epoch 250/2000 | Train MSE: 0.000056
Epoch 251/2000 | Train MSE: 0.000068
Epoch 252/2000 | Train MSE: 0.000052
Epoch 253/2000 | Train MSE: 0.000079
Epoch 254/2000 | Train MSE: 0.000108
Epoch 255/2000 | Train MSE: 0.000076
Epoch 256/2000 | Train MSE: 0.000037
Epoch 257/2000 | Train MSE: 0.000021
Epoch 258/2000 | Train MSE: 0.000025
Epoch 259/2000 | Train MSE: 0.000015
Epoch 260/2000 | Train MSE: 0.000013
Epoch 261/2000 | Train MSE: 0.000017
Epoch 262/2000 | Train MSE: 0.000029
Epoch 263/2000 | Train MSE: 0.000046
Epoch 264/2000 | Train MSE: 0.000091
Epoch 265/2000 | Train MSE: 0.000429
Epoch 266/2000 | Train MSE: 0.000185
Epoch 267/2000 | Train MSE: 0.000264
Epoch 268/2000 | Train MSE: 0.000340
Epoch 269/2000 | Train MSE: 0.000275
Epoch 270/2000 | Train MSE: 0.000114
Epoch 271/2000 | Train MSE: 0.000071
Epoch 272/2000 | Train MSE: 0.000109
Epoch 273/2000 | Train MSE: 0.000144
Epoch 274/2000 | Train MSE: 0.000289
Epoch 275/2000 | Train MSE: 0.000198
Epoch 276/2000 | Train MSE: 0.000246
Epoch 277/2000 | Train MSE: 0.000107
Epoch 278/2000 | Train MSE: 0.000100
Epoch 279/2000 | Train MSE: 0.000071
Epoch 280/2000 | Train MSE: 0.000064
Epoch 281/2000 | Train MSE: 0.000023
Epoch 282/2000 | Train MSE: 0.000028
Epoch 283/2000 | Train MSE: 0.000015
Epoch 284/2000 | Train MSE: 0.000012
Epoch 285/2000 | Train MSE: 0.000024
Epoch 286/2000 | Train MSE: 0.000015
Epoch 287/2000 | Train MSE: 0.000016
Epoch 288/2000 | Train MSE: 0.000038
Epoch 289/2000 | Train MSE: 0.000022
Epoch 290/2000 | Train MSE: 0.000013
Early stopping at epoch 290. Best training loss: 0.000012

Training H3

Epoch 1/2000 | Train MSE: 0.054289
Epoch 2/2000 | Train MSE: 0.007606
Epoch 3/2000 | Train MSE: 0.004539
Epoch 4/2000 | Train MSE: 0.004584
Epoch 5/2000 | Train MSE: 0.002081
Epoch 6/2000 | Train MSE: 0.001478
Epoch 7/2000 | Train MSE: 0.001236
Epoch 8/2000 | Train MSE: 0.001331
Epoch 9/2000 | Train MSE: 0.001477
Epoch 10/2000 | Train MSE: 0.001405
Epoch 11/2000 | Train MSE: 0.001566
Epoch 12/2000 | Train MSE: 0.000991
Epoch 13/2000 | Train MSE: 0.000899
Epoch 14/2000 | Train MSE: 0.000958
Epoch 15/2000 | Train MSE: 0.001252
Epoch 16/2000 | Train MSE: 0.001096
Epoch 17/2000 | Train MSE: 0.000735
Epoch 18/2000 | Train MSE: 0.000520
Epoch 19/2000 | Train MSE: 0.000725
Epoch 20/2000 | Train MSE: 0.000540
Epoch 21/2000 | Train MSE: 0.000568
Epoch 22/2000 | Train MSE: 0.000497
Epoch 23/2000 | Train MSE: 0.000605
Epoch 24/2000 | Train MSE: 0.000475
Epoch 25/2000 | Train MSE: 0.000454
Epoch 26/2000 | Train MSE: 0.000494
Epoch 27/2000 | Train MSE: 0.000601
Epoch 28/2000 | Train MSE: 0.000558
Epoch 29/2000 | Train MSE: 0.000571
Epoch 30/2000 | Train MSE: 0.000414
Epoch 31/2000 | Train MSE: 0.000470
Epoch 32/2000 | Train MSE: 0.000773
Epoch 33/2000 | Train MSE: 0.000505
Epoch 34/2000 | Train MSE: 0.000353
Epoch 35/2000 | Train MSE: 0.000380
Epoch 36/2000 | Train MSE: 0.000404
Epoch 37/2000 | Train MSE: 0.000483
Epoch 38/2000 | Train MSE: 0.000416
Epoch 39/2000 | Train MSE: 0.000433
Epoch 40/2000 | Train MSE: 0.000524
Epoch 41/2000 | Train MSE: 0.000409
Epoch 42/2000 | Train MSE: 0.000846
Epoch 43/2000 | Train MSE: 0.000590
Epoch 44/2000 | Train MSE: 0.000676
Epoch 45/2000 | Train MSE: 0.000385
Epoch 46/2000 | Train MSE: 0.000439
Epoch 47/2000 | Train MSE: 0.000386
Epoch 48/2000 | Train MSE: 0.000663
Epoch 49/2000 | Train MSE: 0.000575
Epoch 50/2000 | Train MSE: 0.000289
Epoch 51/2000 | Train MSE: 0.000368
Epoch 52/2000 | Train MSE: 0.000679
Epoch 53/2000 | Train MSE: 0.000812
Epoch 54/2000 | Train MSE: 0.000419
Epoch 55/2000 | Train MSE: 0.000402
Epoch 56/2000 | Train MSE: 0.000452
Epoch 57/2000 | Train MSE: 0.000282
Epoch 58/2000 | Train MSE: 0.000364
Epoch 59/2000 | Train MSE: 0.000280
Epoch 60/2000 | Train MSE: 0.000240
Epoch 61/2000 | Train MSE: 0.000499
Epoch 62/2000 | Train MSE: 0.000341
Epoch 63/2000 | Train MSE: 0.000408
Epoch 64/2000 | Train MSE: 0.000350
Epoch 65/2000 | Train MSE: 0.000454
Epoch 66/2000 | Train MSE: 0.000302
Epoch 67/2000 | Train MSE: 0.000212
Epoch 68/2000 | Train MSE: 0.000255
Epoch 69/2000 | Train MSE: 0.000272
Epoch 70/2000 | Train MSE: 0.000362
Epoch 71/2000 | Train MSE: 0.000347
Epoch 72/2000 | Train MSE: 0.000218
Epoch 73/2000 | Train MSE: 0.000306
Epoch 74/2000 | Train MSE: 0.000326
Epoch 75/2000 | Train MSE: 0.000331
Epoch 76/2000 | Train MSE: 0.000264
Epoch 77/2000 | Train MSE: 0.000204
Epoch 78/2000 | Train MSE: 0.000187
Epoch 79/2000 | Train MSE: 0.000209
Epoch 80/2000 | Train MSE: 0.000240
Epoch 81/2000 | Train MSE: 0.000192
Epoch 82/2000 | Train MSE: 0.000207
Epoch 83/2000 | Train MSE: 0.000262
Epoch 84/2000 | Train MSE: 0.000431
Epoch 85/2000 | Train MSE: 0.000350
Epoch 86/2000 | Train MSE: 0.000309
Epoch 87/2000 | Train MSE: 0.000146
Epoch 88/2000 | Train MSE: 0.000334
Epoch 89/2000 | Train MSE: 0.000442
Epoch 90/2000 | Train MSE: 0.000630
Epoch 91/2000 | Train MSE: 0.000453
Epoch 92/2000 | Train MSE: 0.000369
Epoch 93/2000 | Train MSE: 0.000233
Epoch 94/2000 | Train MSE: 0.000155
Epoch 95/2000 | Train MSE: 0.000143
Epoch 96/2000 | Train MSE: 0.000159
Epoch 97/2000 | Train MSE: 0.000276
Epoch 98/2000 | Train MSE: 0.000248
Epoch 99/2000 | Train MSE: 0.000147
Epoch 100/2000 | Train MSE: 0.000195
Epoch 101/2000 | Train MSE: 0.000156
Epoch 102/2000 | Train MSE: 0.000262
Epoch 103/2000 | Train MSE: 0.000198
Epoch 104/2000 | Train MSE: 0.000373
Epoch 105/2000 | Train MSE: 0.000322
Epoch 106/2000 | Train MSE: 0.000321
Epoch 107/2000 | Train MSE: 0.000290
Epoch 108/2000 | Train MSE: 0.000232
Epoch 109/2000 | Train MSE: 0.000209
Epoch 110/2000 | Train MSE: 0.000156
Epoch 111/2000 | Train MSE: 0.000187
Epoch 112/2000 | Train MSE: 0.000128
Epoch 113/2000 | Train MSE: 0.000398
Epoch 114/2000 | Train MSE: 0.000145
Epoch 115/2000 | Train MSE: 0.000153
Epoch 116/2000 | Train MSE: 0.000258
Epoch 117/2000 | Train MSE: 0.000188
Epoch 118/2000 | Train MSE: 0.000112
Epoch 119/2000 | Train MSE: 0.000129
Epoch 120/2000 | Train MSE: 0.000128
Epoch 121/2000 | Train MSE: 0.000120
Epoch 122/2000 | Train MSE: 0.000098
Epoch 123/2000 | Train MSE: 0.000097
Epoch 124/2000 | Train MSE: 0.000098
Epoch 125/2000 | Train MSE: 0.000111
Epoch 126/2000 | Train MSE: 0.000093
Epoch 127/2000 | Train MSE: 0.000096
Epoch 128/2000 | Train MSE: 0.000068
Epoch 129/2000 | Train MSE: 0.000074
Epoch 130/2000 | Train MSE: 0.000071
Epoch 131/2000 | Train MSE: 0.000060
Epoch 132/2000 | Train MSE: 0.000039
Epoch 133/2000 | Train MSE: 0.000049
Epoch 134/2000 | Train MSE: 0.000131
Epoch 135/2000 | Train MSE: 0.000125
Epoch 136/2000 | Train MSE: 0.000050
Epoch 137/2000 | Train MSE: 0.000066
Epoch 138/2000 | Train MSE: 0.000102
Epoch 139/2000 | Train MSE: 0.000067
Epoch 140/2000 | Train MSE: 0.000073
Epoch 141/2000 | Train MSE: 0.000118
Epoch 142/2000 | Train MSE: 0.000089
Epoch 143/2000 | Train MSE: 0.000157
Epoch 144/2000 | Train MSE: 0.000130
Epoch 145/2000 | Train MSE: 0.000073
Epoch 146/2000 | Train MSE: 0.000062
Epoch 147/2000 | Train MSE: 0.000087
Epoch 148/2000 | Train MSE: 0.000046
Epoch 149/2000 | Train MSE: 0.000034
Epoch 150/2000 | Train MSE: 0.000085
Epoch 151/2000 | Train MSE: 0.000040
Epoch 152/2000 | Train MSE: 0.000030
Epoch 153/2000 | Train MSE: 0.000086
Epoch 154/2000 | Train MSE: 0.000162
Epoch 155/2000 | Train MSE: 0.000085
Epoch 156/2000 | Train MSE: 0.000096
Epoch 157/2000 | Train MSE: 0.000102
Epoch 158/2000 | Train MSE: 0.000046
Epoch 159/2000 | Train MSE: 0.000044
Epoch 160/2000 | Train MSE: 0.000072
Epoch 161/2000 | Train MSE: 0.000097
Epoch 162/2000 | Train MSE: 0.000102
Epoch 163/2000 | Train MSE: 0.000138
Epoch 164/2000 | Train MSE: 0.000125
Epoch 165/2000 | Train MSE: 0.000063
Epoch 166/2000 | Train MSE: 0.000039
Epoch 167/2000 | Train MSE: 0.000087
Epoch 168/2000 | Train MSE: 0.000108
Epoch 169/2000 | Train MSE: 0.000066
Epoch 170/2000 | Train MSE: 0.000170
Epoch 171/2000 | Train MSE: 0.000118
Epoch 172/2000 | Train MSE: 0.000075
Epoch 173/2000 | Train MSE: 0.000047
Epoch 174/2000 | Train MSE: 0.000211
Epoch 175/2000 | Train MSE: 0.000158
Epoch 176/2000 | Train MSE: 0.000262
Epoch 177/2000 | Train MSE: 0.000292
Epoch 178/2000 | Train MSE: 0.000201
Epoch 179/2000 | Train MSE: 0.000156
Epoch 180/2000 | Train MSE: 0.000203
Epoch 181/2000 | Train MSE: 0.000108
Epoch 182/2000 | Train MSE: 0.000178
Epoch 183/2000 | Train MSE: 0.000296
Epoch 184/2000 | Train MSE: 0.000161
Epoch 185/2000 | Train MSE: 0.000076
Epoch 186/2000 | Train MSE: 0.000066
Epoch 187/2000 | Train MSE: 0.000081
Epoch 188/2000 | Train MSE: 0.000085
Epoch 189/2000 | Train MSE: 0.000071
Epoch 190/2000 | Train MSE: 0.000032
Epoch 191/2000 | Train MSE: 0.000025
Epoch 192/2000 | Train MSE: 0.000024
Epoch 193/2000 | Train MSE: 0.000026
Epoch 194/2000 | Train MSE: 0.000022
Epoch 195/2000 | Train MSE: 0.000033
Epoch 196/2000 | Train MSE: 0.000030
Epoch 197/2000 | Train MSE: 0.000026
Epoch 198/2000 | Train MSE: 0.000032
Epoch 199/2000 | Train MSE: 0.000019
Epoch 200/2000 | Train MSE: 0.000031
Epoch 201/2000 | Train MSE: 0.000028
Epoch 202/2000 | Train MSE: 0.000023
Epoch 203/2000 | Train MSE: 0.000016
Epoch 204/2000 | Train MSE: 0.000023
Epoch 205/2000 | Train MSE: 0.000035
Epoch 206/2000 | Train MSE: 0.000027
Epoch 207/2000 | Train MSE: 0.000044
Epoch 208/2000 | Train MSE: 0.000034
Epoch 209/2000 | Train MSE: 0.000030
Epoch 210/2000 | Train MSE: 0.000017
Epoch 211/2000 | Train MSE: 0.000015
Epoch 212/2000 | Train MSE: 0.000011
Epoch 213/2000 | Train MSE: 0.000010
Epoch 214/2000 | Train MSE: 0.000008
Epoch 215/2000 | Train MSE: 0.000019
Epoch 216/2000 | Train MSE: 0.000059
Epoch 217/2000 | Train MSE: 0.000026
Epoch 218/2000 | Train MSE: 0.000032
Epoch 219/2000 | Train MSE: 0.000030
Epoch 220/2000 | Train MSE: 0.000046
Epoch 221/2000 | Train MSE: 0.000045
Epoch 222/2000 | Train MSE: 0.000025
Epoch 223/2000 | Train MSE: 0.000054
Epoch 224/2000 | Train MSE: 0.000331
Epoch 225/2000 | Train MSE: 0.000527
Epoch 226/2000 | Train MSE: 0.000347
Epoch 227/2000 | Train MSE: 0.000312
Epoch 228/2000 | Train MSE: 0.000316
Epoch 229/2000 | Train MSE: 0.000252
Epoch 230/2000 | Train MSE: 0.000139
Epoch 231/2000 | Train MSE: 0.000052
Epoch 232/2000 | Train MSE: 0.000030
Epoch 233/2000 | Train MSE: 0.000044
Epoch 234/2000 | Train MSE: 0.000034
Epoch 235/2000 | Train MSE: 0.000062
Epoch 236/2000 | Train MSE: 0.000057
Epoch 237/2000 | Train MSE: 0.000051
Epoch 238/2000 | Train MSE: 0.000050
Epoch 239/2000 | Train MSE: 0.000074
Epoch 240/2000 | Train MSE: 0.000088
Epoch 241/2000 | Train MSE: 0.000043
Epoch 242/2000 | Train MSE: 0.000036
Epoch 243/2000 | Train MSE: 0.000036
Epoch 244/2000 | Train MSE: 0.000018
Epoch 245/2000 | Train MSE: 0.000027
Epoch 246/2000 | Train MSE: 0.000028
Epoch 247/2000 | Train MSE: 0.000014
Epoch 248/2000 | Train MSE: 0.000013
Epoch 249/2000 | Train MSE: 0.000019
Epoch 250/2000 | Train MSE: 0.000010
Epoch 251/2000 | Train MSE: 0.000009
Epoch 252/2000 | Train MSE: 0.000007
Epoch 253/2000 | Train MSE: 0.000015
Epoch 254/2000 | Train MSE: 0.000009
Epoch 255/2000 | Train MSE: 0.000014
Epoch 256/2000 | Train MSE: 0.000007
Epoch 257/2000 | Train MSE: 0.000041
Epoch 258/2000 | Train MSE: 0.000031
Epoch 259/2000 | Train MSE: 0.000046
Epoch 260/2000 | Train MSE: 0.000066
Epoch 261/2000 | Train MSE: 0.000037
Epoch 262/2000 | Train MSE: 0.000048
Epoch 263/2000 | Train MSE: 0.000054
Epoch 264/2000 | Train MSE: 0.000093
Epoch 265/2000 | Train MSE: 0.000056
Epoch 266/2000 | Train MSE: 0.000040
Epoch 267/2000 | Train MSE: 0.000041
Epoch 268/2000 | Train MSE: 0.000028
Epoch 269/2000 | Train MSE: 0.000017
Epoch 270/2000 | Train MSE: 0.000048
Epoch 271/2000 | Train MSE: 0.000073
Epoch 272/2000 | Train MSE: 0.000115
Epoch 273/2000 | Train MSE: 0.000130
Epoch 274/2000 | Train MSE: 0.000043
Epoch 275/2000 | Train MSE: 0.000069
Epoch 276/2000 | Train MSE: 0.000115
Epoch 277/2000 | Train MSE: 0.000087
Epoch 278/2000 | Train MSE: 0.000063
Epoch 279/2000 | Train MSE: 0.000233
Epoch 280/2000 | Train MSE: 0.000684
Epoch 281/2000 | Train MSE: 0.000565
Epoch 282/2000 | Train MSE: 0.000327
Epoch 283/2000 | Train MSE: 0.000197
Epoch 284/2000 | Train MSE: 0.000287
Epoch 285/2000 | Train MSE: 0.000195
Epoch 286/2000 | Train MSE: 0.000443
Epoch 287/2000 | Train MSE: 0.000427
Epoch 288/2000 | Train MSE: 0.000366
Epoch 289/2000 | Train MSE: 0.000168
Epoch 290/2000 | Train MSE: 0.000056
Epoch 291/2000 | Train MSE: 0.000047
Epoch 292/2000 | Train MSE: 0.000035
Epoch 293/2000 | Train MSE: 0.000041
Epoch 294/2000 | Train MSE: 0.000028
Epoch 295/2000 | Train MSE: 0.000018
Epoch 296/2000 | Train MSE: 0.000012
Epoch 297/2000 | Train MSE: 0.000011
Epoch 298/2000 | Train MSE: 0.000015
Epoch 299/2000 | Train MSE: 0.000021
Epoch 300/2000 | Train MSE: 0.000008
Epoch 301/2000 | Train MSE: 0.000015
Epoch 302/2000 | Train MSE: 0.000010
Early stopping at epoch 302. Best training loss: 0.000007

Training H4

Epoch 1/2000 | Train MSE: 0.267541
Epoch 2/2000 | Train MSE: 0.099071
Epoch 3/2000 | Train MSE: 0.018560
Epoch 4/2000 | Train MSE: 0.010706
Epoch 5/2000 | Train MSE: 0.008387
Epoch 6/2000 | Train MSE: 0.007497
Epoch 7/2000 | Train MSE: 0.007029
Epoch 8/2000 | Train MSE: 0.005382
Epoch 9/2000 | Train MSE: 0.004035
Epoch 10/2000 | Train MSE: 0.003218
Epoch 11/2000 | Train MSE: 0.002718
Epoch 12/2000 | Train MSE: 0.001924
Epoch 13/2000 | Train MSE: 0.001669
Epoch 14/2000 | Train MSE: 0.001519
Epoch 15/2000 | Train MSE: 0.001208
Epoch 16/2000 | Train MSE: 0.001040
Epoch 17/2000 | Train MSE: 0.000966
Epoch 18/2000 | Train MSE: 0.000900
Epoch 19/2000 | Train MSE: 0.000866
Epoch 20/2000 | Train MSE: 0.001075
Epoch 21/2000 | Train MSE: 0.000777
Epoch 22/2000 | Train MSE: 0.000746
Epoch 23/2000 | Train MSE: 0.000675
Epoch 24/2000 | Train MSE: 0.000723
Epoch 25/2000 | Train MSE: 0.000686
Epoch 26/2000 | Train MSE: 0.000602
Epoch 27/2000 | Train MSE: 0.000643
Epoch 28/2000 | Train MSE: 0.000596
Epoch 29/2000 | Train MSE: 0.000648
Epoch 30/2000 | Train MSE: 0.000585
Epoch 31/2000 | Train MSE: 0.000639
Epoch 32/2000 | Train MSE: 0.000701
Epoch 33/2000 | Train MSE: 0.000804
Epoch 34/2000 | Train MSE: 0.000717
Epoch 35/2000 | Train MSE: 0.000724
Epoch 36/2000 | Train MSE: 0.000563
Epoch 37/2000 | Train MSE: 0.000454
Epoch 38/2000 | Train MSE: 0.000407
Epoch 39/2000 | Train MSE: 0.000513
Epoch 40/2000 | Train MSE: 0.000501
Epoch 41/2000 | Train MSE: 0.000456
Epoch 42/2000 | Train MSE: 0.000408
Epoch 43/2000 | Train MSE: 0.000350
Epoch 44/2000 | Train MSE: 0.000610
Epoch 45/2000 | Train MSE: 0.000603
Epoch 46/2000 | Train MSE: 0.000647
Epoch 47/2000 | Train MSE: 0.000950
Epoch 48/2000 | Train MSE: 0.000669
Epoch 49/2000 | Train MSE: 0.000452
Epoch 50/2000 | Train MSE: 0.000435
Epoch 51/2000 | Train MSE: 0.000385
Epoch 52/2000 | Train MSE: 0.000310
Epoch 53/2000 | Train MSE: 0.000353
Epoch 54/2000 | Train MSE: 0.000366
Epoch 55/2000 | Train MSE: 0.000306
Epoch 56/2000 | Train MSE: 0.000292
Epoch 57/2000 | Train MSE: 0.000427
Epoch 58/2000 | Train MSE: 0.000516
Epoch 59/2000 | Train MSE: 0.000376
Epoch 60/2000 | Train MSE: 0.000454
Epoch 61/2000 | Train MSE: 0.000413
Epoch 62/2000 | Train MSE: 0.000292
Epoch 63/2000 | Train MSE: 0.000320
Epoch 64/2000 | Train MSE: 0.000257
Epoch 65/2000 | Train MSE: 0.000282
Epoch 66/2000 | Train MSE: 0.000332
Epoch 67/2000 | Train MSE: 0.000393
Epoch 68/2000 | Train MSE: 0.000370
Epoch 69/2000 | Train MSE: 0.000334
Epoch 70/2000 | Train MSE: 0.000311
Epoch 71/2000 | Train MSE: 0.000235
Epoch 72/2000 | Train MSE: 0.000319
Epoch 73/2000 | Train MSE: 0.000370
Epoch 74/2000 | Train MSE: 0.000553
Epoch 75/2000 | Train MSE: 0.000351
Epoch 76/2000 | Train MSE: 0.000374
Epoch 77/2000 | Train MSE: 0.000348
Epoch 78/2000 | Train MSE: 0.000252
Epoch 79/2000 | Train MSE: 0.000236
Epoch 80/2000 | Train MSE: 0.000227
Epoch 81/2000 | Train MSE: 0.000189
Epoch 82/2000 | Train MSE: 0.000179
Epoch 83/2000 | Train MSE: 0.000202
Epoch 84/2000 | Train MSE: 0.000339
Epoch 85/2000 | Train MSE: 0.000243
Epoch 86/2000 | Train MSE: 0.000188
Epoch 87/2000 | Train MSE: 0.000210
Epoch 88/2000 | Train MSE: 0.000195
Epoch 89/2000 | Train MSE: 0.000258
Epoch 90/2000 | Train MSE: 0.000221
Epoch 91/2000 | Train MSE: 0.000204
Epoch 92/2000 | Train MSE: 0.000369
Epoch 93/2000 | Train MSE: 0.000239
Epoch 94/2000 | Train MSE: 0.000217
Epoch 95/2000 | Train MSE: 0.000331
Epoch 96/2000 | Train MSE: 0.000285
Epoch 97/2000 | Train MSE: 0.000328
Epoch 98/2000 | Train MSE: 0.000181
Epoch 99/2000 | Train MSE: 0.000289
Epoch 100/2000 | Train MSE: 0.000337
Epoch 101/2000 | Train MSE: 0.000401
Epoch 102/2000 | Train MSE: 0.000250
Epoch 103/2000 | Train MSE: 0.000238
Epoch 104/2000 | Train MSE: 0.000186
Epoch 105/2000 | Train MSE: 0.000232
Epoch 106/2000 | Train MSE: 0.000279
Epoch 107/2000 | Train MSE: 0.000224
Epoch 108/2000 | Train MSE: 0.000331
Epoch 109/2000 | Train MSE: 0.000247
Epoch 110/2000 | Train MSE: 0.000337
Epoch 111/2000 | Train MSE: 0.000300
Epoch 112/2000 | Train MSE: 0.000215
Epoch 113/2000 | Train MSE: 0.000181
Epoch 114/2000 | Train MSE: 0.000161
Epoch 115/2000 | Train MSE: 0.000181
Epoch 116/2000 | Train MSE: 0.000331
Epoch 117/2000 | Train MSE: 0.000175
Epoch 118/2000 | Train MSE: 0.000191
Epoch 119/2000 | Train MSE: 0.000141
Epoch 120/2000 | Train MSE: 0.000131
Epoch 121/2000 | Train MSE: 0.000359
Epoch 122/2000 | Train MSE: 0.000209
Epoch 123/2000 | Train MSE: 0.000174
Epoch 124/2000 | Train MSE: 0.000336
Epoch 125/2000 | Train MSE: 0.000328
Epoch 126/2000 | Train MSE: 0.000320
Epoch 127/2000 | Train MSE: 0.000389
Epoch 128/2000 | Train MSE: 0.000297
Epoch 129/2000 | Train MSE: 0.000197
Epoch 130/2000 | Train MSE: 0.000111
Epoch 131/2000 | Train MSE: 0.000111
Epoch 132/2000 | Train MSE: 0.000226
Epoch 133/2000 | Train MSE: 0.000124
Epoch 134/2000 | Train MSE: 0.000099
Epoch 135/2000 | Train MSE: 0.000091
Epoch 136/2000 | Train MSE: 0.000098
Epoch 137/2000 | Train MSE: 0.000088
Epoch 138/2000 | Train MSE: 0.000096
Epoch 139/2000 | Train MSE: 0.000100
Epoch 140/2000 | Train MSE: 0.000142
Epoch 141/2000 | Train MSE: 0.000119
Epoch 142/2000 | Train MSE: 0.000134
Epoch 143/2000 | Train MSE: 0.000081
Epoch 144/2000 | Train MSE: 0.000072
Epoch 145/2000 | Train MSE: 0.000080
Epoch 146/2000 | Train MSE: 0.000072
Epoch 147/2000 | Train MSE: 0.000194
Epoch 148/2000 | Train MSE: 0.000369
Epoch 149/2000 | Train MSE: 0.000227
Epoch 150/2000 | Train MSE: 0.000115
Epoch 151/2000 | Train MSE: 0.000112
Epoch 152/2000 | Train MSE: 0.000073
Epoch 153/2000 | Train MSE: 0.000073
Epoch 154/2000 | Train MSE: 0.000081
Epoch 155/2000 | Train MSE: 0.000125
Epoch 156/2000 | Train MSE: 0.000088
Epoch 157/2000 | Train MSE: 0.000068
Epoch 158/2000 | Train MSE: 0.000066
Epoch 159/2000 | Train MSE: 0.000114
Epoch 160/2000 | Train MSE: 0.000202
Epoch 161/2000 | Train MSE: 0.000232
Epoch 162/2000 | Train MSE: 0.000134
Epoch 163/2000 | Train MSE: 0.000114
Epoch 164/2000 | Train MSE: 0.000095
Epoch 165/2000 | Train MSE: 0.000141
Epoch 166/2000 | Train MSE: 0.000104
Epoch 167/2000 | Train MSE: 0.000134
Epoch 168/2000 | Train MSE: 0.000116
Epoch 169/2000 | Train MSE: 0.000107
Epoch 170/2000 | Train MSE: 0.000093
Epoch 171/2000 | Train MSE: 0.000102
Epoch 172/2000 | Train MSE: 0.000085
Epoch 173/2000 | Train MSE: 0.000120
Epoch 174/2000 | Train MSE: 0.000087
Epoch 175/2000 | Train MSE: 0.000103
Epoch 176/2000 | Train MSE: 0.000068
Epoch 177/2000 | Train MSE: 0.000049
Epoch 178/2000 | Train MSE: 0.000049
Epoch 179/2000 | Train MSE: 0.000140
Epoch 180/2000 | Train MSE: 0.000348
Epoch 181/2000 | Train MSE: 0.000541
Epoch 182/2000 | Train MSE: 0.000510
Epoch 183/2000 | Train MSE: 0.000267
Epoch 184/2000 | Train MSE: 0.000157
Epoch 185/2000 | Train MSE: 0.000129
Epoch 186/2000 | Train MSE: 0.000112
Epoch 187/2000 | Train MSE: 0.000185
Epoch 188/2000 | Train MSE: 0.000102
Epoch 189/2000 | Train MSE: 0.000064
Epoch 190/2000 | Train MSE: 0.000062
Epoch 191/2000 | Train MSE: 0.000068
Epoch 192/2000 | Train MSE: 0.000064
Epoch 193/2000 | Train MSE: 0.000043
Epoch 194/2000 | Train MSE: 0.000050
Epoch 195/2000 | Train MSE: 0.000139
Epoch 196/2000 | Train MSE: 0.000232
Epoch 197/2000 | Train MSE: 0.000207
Epoch 198/2000 | Train MSE: 0.000133
Epoch 199/2000 | Train MSE: 0.000086
Epoch 200/2000 | Train MSE: 0.000074
Epoch 201/2000 | Train MSE: 0.000080
Epoch 202/2000 | Train MSE: 0.000068
Epoch 203/2000 | Train MSE: 0.000062
Epoch 204/2000 | Train MSE: 0.000073
Epoch 205/2000 | Train MSE: 0.000073
Epoch 206/2000 | Train MSE: 0.000098
Epoch 207/2000 | Train MSE: 0.000102
Epoch 208/2000 | Train MSE: 0.000100
Epoch 209/2000 | Train MSE: 0.000094
Epoch 210/2000 | Train MSE: 0.000281
Epoch 211/2000 | Train MSE: 0.000471
Epoch 212/2000 | Train MSE: 0.000284
Epoch 213/2000 | Train MSE: 0.000259
Epoch 214/2000 | Train MSE: 0.000226
Epoch 215/2000 | Train MSE: 0.000180
Epoch 216/2000 | Train MSE: 0.000171
Epoch 217/2000 | Train MSE: 0.000122
Epoch 218/2000 | Train MSE: 0.000054
Epoch 219/2000 | Train MSE: 0.000081
Epoch 220/2000 | Train MSE: 0.000225
Epoch 221/2000 | Train MSE: 0.000254
Epoch 222/2000 | Train MSE: 0.000217
Epoch 223/2000 | Train MSE: 0.000183
Epoch 224/2000 | Train MSE: 0.000092
Epoch 225/2000 | Train MSE: 0.000103
Epoch 226/2000 | Train MSE: 0.000073
Epoch 227/2000 | Train MSE: 0.000129
Epoch 228/2000 | Train MSE: 0.000078
Epoch 229/2000 | Train MSE: 0.000076
Epoch 230/2000 | Train MSE: 0.000056
Epoch 231/2000 | Train MSE: 0.000041
Epoch 232/2000 | Train MSE: 0.000026
Epoch 233/2000 | Train MSE: 0.000048
Epoch 234/2000 | Train MSE: 0.000197
Epoch 235/2000 | Train MSE: 0.000654
Epoch 236/2000 | Train MSE: 0.000303
Epoch 237/2000 | Train MSE: 0.000329
Epoch 238/2000 | Train MSE: 0.000183
Epoch 239/2000 | Train MSE: 0.000133
Epoch 240/2000 | Train MSE: 0.000089
Epoch 241/2000 | Train MSE: 0.000062
Epoch 242/2000 | Train MSE: 0.000056
Epoch 243/2000 | Train MSE: 0.000062
Epoch 244/2000 | Train MSE: 0.000040
Epoch 245/2000 | Train MSE: 0.000033
Epoch 246/2000 | Train MSE: 0.000034
Epoch 247/2000 | Train MSE: 0.000043
Epoch 248/2000 | Train MSE: 0.000049
Epoch 249/2000 | Train MSE: 0.000069
Epoch 250/2000 | Train MSE: 0.000057
Epoch 251/2000 | Train MSE: 0.000035
Epoch 252/2000 | Train MSE: 0.000055
Epoch 253/2000 | Train MSE: 0.000136
Epoch 254/2000 | Train MSE: 0.000208
Epoch 255/2000 | Train MSE: 0.000277
Epoch 256/2000 | Train MSE: 0.000093
Epoch 257/2000 | Train MSE: 0.000064
Epoch 258/2000 | Train MSE: 0.000084
Epoch 259/2000 | Train MSE: 0.000181
Epoch 260/2000 | Train MSE: 0.000318
Epoch 261/2000 | Train MSE: 0.000616
Epoch 262/2000 | Train MSE: 0.000464
Epoch 263/2000 | Train MSE: 0.000277
Epoch 264/2000 | Train MSE: 0.000119
Epoch 265/2000 | Train MSE: 0.000090
Epoch 266/2000 | Train MSE: 0.000064
Epoch 267/2000 | Train MSE: 0.000060
Epoch 268/2000 | Train MSE: 0.000054
Epoch 269/2000 | Train MSE: 0.000042
Epoch 270/2000 | Train MSE: 0.000061
Epoch 271/2000 | Train MSE: 0.000063
Epoch 272/2000 | Train MSE: 0.000066
Epoch 273/2000 | Train MSE: 0.000043
Epoch 274/2000 | Train MSE: 0.000027
Epoch 275/2000 | Train MSE: 0.000028
Epoch 276/2000 | Train MSE: 0.000036
Epoch 277/2000 | Train MSE: 0.000019
Epoch 278/2000 | Train MSE: 0.000017
Epoch 279/2000 | Train MSE: 0.000031
Epoch 280/2000 | Train MSE: 0.000025
Epoch 281/2000 | Train MSE: 0.000025
Epoch 282/2000 | Train MSE: 0.000023
Epoch 283/2000 | Train MSE: 0.000040
Epoch 284/2000 | Train MSE: 0.000052
Epoch 285/2000 | Train MSE: 0.000099
Epoch 286/2000 | Train MSE: 0.000068
Epoch 287/2000 | Train MSE: 0.000058
Epoch 288/2000 | Train MSE: 0.000073
Epoch 289/2000 | Train MSE: 0.000057
Epoch 290/2000 | Train MSE: 0.000047
Epoch 291/2000 | Train MSE: 0.000030
Epoch 292/2000 | Train MSE: 0.000035
Epoch 293/2000 | Train MSE: 0.000032
Epoch 294/2000 | Train MSE: 0.000033
Epoch 295/2000 | Train MSE: 0.000112
Epoch 296/2000 | Train MSE: 0.000261
Epoch 297/2000 | Train MSE: 0.001472
Epoch 298/2000 | Train MSE: 0.000823
Epoch 299/2000 | Train MSE: 0.001021
Epoch 300/2000 | Train MSE: 0.000341
Epoch 301/2000 | Train MSE: 0.000250
Epoch 302/2000 | Train MSE: 0.000141
Epoch 303/2000 | Train MSE: 0.000110
Epoch 304/2000 | Train MSE: 0.000101
Epoch 305/2000 | Train MSE: 0.000082
Epoch 306/2000 | Train MSE: 0.000065
Epoch 307/2000 | Train MSE: 0.000059
Epoch 308/2000 | Train MSE: 0.000046
Epoch 309/2000 | Train MSE: 0.000047
Epoch 310/2000 | Train MSE: 0.000066
Epoch 311/2000 | Train MSE: 0.000074
Epoch 312/2000 | Train MSE: 0.000034
Epoch 313/2000 | Train MSE: 0.000036
Epoch 314/2000 | Train MSE: 0.000050
Epoch 315/2000 | Train MSE: 0.000061
Epoch 316/2000 | Train MSE: 0.000066
Epoch 317/2000 | Train MSE: 0.000083
Epoch 318/2000 | Train MSE: 0.000085
Epoch 319/2000 | Train MSE: 0.000084
Epoch 320/2000 | Train MSE: 0.000175
Epoch 321/2000 | Train MSE: 0.000152
Epoch 322/2000 | Train MSE: 0.000115
Epoch 323/2000 | Train MSE: 0.000076
Epoch 324/2000 | Train MSE: 0.000066
Epoch 325/2000 | Train MSE: 0.000083
Epoch 326/2000 | Train MSE: 0.000088
Epoch 327/2000 | Train MSE: 0.000054
Epoch 328/2000 | Train MSE: 0.000043
Early stopping at epoch 328. Best training loss: 0.000017

Training H5

Epoch 1/2000 | Train MSE: 0.142834
Epoch 2/2000 | Train MSE: 0.017389
Epoch 3/2000 | Train MSE: 0.009068
Epoch 4/2000 | Train MSE: 0.007311
Epoch 5/2000 | Train MSE: 0.004801
Epoch 6/2000 | Train MSE: 0.003310
Epoch 7/2000 | Train MSE: 0.002562
Epoch 8/2000 | Train MSE: 0.002159
Epoch 9/2000 | Train MSE: 0.001557
Epoch 10/2000 | Train MSE: 0.001419
Epoch 11/2000 | Train MSE: 0.001384
Epoch 12/2000 | Train MSE: 0.001843
Epoch 13/2000 | Train MSE: 0.001381
Epoch 14/2000 | Train MSE: 0.001178
Epoch 15/2000 | Train MSE: 0.001343
Epoch 16/2000 | Train MSE: 0.000970
Epoch 17/2000 | Train MSE: 0.000758
Epoch 18/2000 | Train MSE: 0.000920
Epoch 19/2000 | Train MSE: 0.000889
Epoch 20/2000 | Train MSE: 0.001013
Epoch 21/2000 | Train MSE: 0.001245
Epoch 22/2000 | Train MSE: 0.000759
Epoch 23/2000 | Train MSE: 0.000632
Epoch 24/2000 | Train MSE: 0.000676
Epoch 25/2000 | Train MSE: 0.000634
Epoch 26/2000 | Train MSE: 0.000575
Epoch 27/2000 | Train MSE: 0.000542
Epoch 28/2000 | Train MSE: 0.000673
Epoch 29/2000 | Train MSE: 0.000511
Epoch 30/2000 | Train MSE: 0.000535
Epoch 31/2000 | Train MSE: 0.000475
Epoch 32/2000 | Train MSE: 0.000555
Epoch 33/2000 | Train MSE: 0.000551
Epoch 34/2000 | Train MSE: 0.000495
Epoch 35/2000 | Train MSE: 0.000454
Epoch 36/2000 | Train MSE: 0.000615
Epoch 37/2000 | Train MSE: 0.000487
Epoch 38/2000 | Train MSE: 0.000764
Epoch 39/2000 | Train MSE: 0.000760
Epoch 40/2000 | Train MSE: 0.000488
Epoch 41/2000 | Train MSE: 0.000453
Epoch 42/2000 | Train MSE: 0.000665
Epoch 43/2000 | Train MSE: 0.000416
Epoch 44/2000 | Train MSE: 0.000393
Epoch 45/2000 | Train MSE: 0.000349
Epoch 46/2000 | Train MSE: 0.000368
Epoch 47/2000 | Train MSE: 0.000337
Epoch 48/2000 | Train MSE: 0.000390
Epoch 49/2000 | Train MSE: 0.000296
Epoch 50/2000 | Train MSE: 0.000327
Epoch 51/2000 | Train MSE: 0.000308
Epoch 52/2000 | Train MSE: 0.000348
Epoch 53/2000 | Train MSE: 0.000384
Epoch 54/2000 | Train MSE: 0.000304
Epoch 55/2000 | Train MSE: 0.000267
Epoch 56/2000 | Train MSE: 0.000347
Epoch 57/2000 | Train MSE: 0.000258
Epoch 58/2000 | Train MSE: 0.000294
Epoch 59/2000 | Train MSE: 0.000317
Epoch 60/2000 | Train MSE: 0.000299
Epoch 61/2000 | Train MSE: 0.000262
Epoch 62/2000 | Train MSE: 0.000326
Epoch 63/2000 | Train MSE: 0.000298
Epoch 64/2000 | Train MSE: 0.000286
Epoch 65/2000 | Train MSE: 0.000450
Epoch 66/2000 | Train MSE: 0.000551
Epoch 67/2000 | Train MSE: 0.000318
Epoch 68/2000 | Train MSE: 0.000284
Epoch 69/2000 | Train MSE: 0.000222
Epoch 70/2000 | Train MSE: 0.000324
Epoch 71/2000 | Train MSE: 0.000371
Epoch 72/2000 | Train MSE: 0.000440
Epoch 73/2000 | Train MSE: 0.000251
Epoch 74/2000 | Train MSE: 0.000211
Epoch 75/2000 | Train MSE: 0.000205
Epoch 76/2000 | Train MSE: 0.000241
Epoch 77/2000 | Train MSE: 0.000209
Epoch 78/2000 | Train MSE: 0.000329
Epoch 79/2000 | Train MSE: 0.000470
Epoch 80/2000 | Train MSE: 0.000557
Epoch 81/2000 | Train MSE: 0.000420
Epoch 82/2000 | Train MSE: 0.000463
Epoch 83/2000 | Train MSE: 0.000572
Epoch 84/2000 | Train MSE: 0.000430
Epoch 85/2000 | Train MSE: 0.000464
Epoch 86/2000 | Train MSE: 0.000476
Epoch 87/2000 | Train MSE: 0.000348
Epoch 88/2000 | Train MSE: 0.000346
Epoch 89/2000 | Train MSE: 0.000191
Epoch 90/2000 | Train MSE: 0.000155
Epoch 91/2000 | Train MSE: 0.000163
Epoch 92/2000 | Train MSE: 0.000183
Epoch 93/2000 | Train MSE: 0.000242
Epoch 94/2000 | Train MSE: 0.000244
Epoch 95/2000 | Train MSE: 0.000280
Epoch 96/2000 | Train MSE: 0.000226
Epoch 97/2000 | Train MSE: 0.000226
Epoch 98/2000 | Train MSE: 0.000144
Epoch 99/2000 | Train MSE: 0.000177
Epoch 100/2000 | Train MSE: 0.000357
Epoch 101/2000 | Train MSE: 0.000230
Epoch 102/2000 | Train MSE: 0.000210
Epoch 103/2000 | Train MSE: 0.000113
Epoch 104/2000 | Train MSE: 0.000199
Epoch 105/2000 | Train MSE: 0.000148
Epoch 106/2000 | Train MSE: 0.000208
Epoch 107/2000 | Train MSE: 0.000198
Epoch 108/2000 | Train MSE: 0.000127
Epoch 109/2000 | Train MSE: 0.000105
Epoch 110/2000 | Train MSE: 0.000102
Epoch 111/2000 | Train MSE: 0.000110
Epoch 112/2000 | Train MSE: 0.000104
Epoch 113/2000 | Train MSE: 0.000104
Epoch 114/2000 | Train MSE: 0.000119
Epoch 115/2000 | Train MSE: 0.000121
Epoch 116/2000 | Train MSE: 0.000330
Epoch 117/2000 | Train MSE: 0.000404
Epoch 118/2000 | Train MSE: 0.000341
Epoch 119/2000 | Train MSE: 0.000165
Epoch 120/2000 | Train MSE: 0.000114
Epoch 121/2000 | Train MSE: 0.000100
Epoch 122/2000 | Train MSE: 0.000132
Epoch 123/2000 | Train MSE: 0.000194
Epoch 124/2000 | Train MSE: 0.000118
Epoch 125/2000 | Train MSE: 0.000152
Epoch 126/2000 | Train MSE: 0.000112
Epoch 127/2000 | Train MSE: 0.000125
Epoch 128/2000 | Train MSE: 0.000220
Epoch 129/2000 | Train MSE: 0.000394
Epoch 130/2000 | Train MSE: 0.000270
Epoch 131/2000 | Train MSE: 0.000245
Epoch 132/2000 | Train MSE: 0.000329
Epoch 133/2000 | Train MSE: 0.000139
Epoch 134/2000 | Train MSE: 0.000083
Epoch 135/2000 | Train MSE: 0.000069
Epoch 136/2000 | Train MSE: 0.000104
Epoch 137/2000 | Train MSE: 0.000158
Epoch 138/2000 | Train MSE: 0.000236
Epoch 139/2000 | Train MSE: 0.000097
Epoch 140/2000 | Train MSE: 0.000081
Epoch 141/2000 | Train MSE: 0.000074
Epoch 142/2000 | Train MSE: 0.000078
Epoch 143/2000 | Train MSE: 0.000079
Epoch 144/2000 | Train MSE: 0.000178
Epoch 145/2000 | Train MSE: 0.000226
Epoch 146/2000 | Train MSE: 0.000188
Epoch 147/2000 | Train MSE: 0.000078
Epoch 148/2000 | Train MSE: 0.000136
Epoch 149/2000 | Train MSE: 0.000167
Epoch 150/2000 | Train MSE: 0.000124
Epoch 151/2000 | Train MSE: 0.000080
Epoch 152/2000 | Train MSE: 0.000109
Epoch 153/2000 | Train MSE: 0.000115
Epoch 154/2000 | Train MSE: 0.000073
Epoch 155/2000 | Train MSE: 0.000117
Epoch 156/2000 | Train MSE: 0.000203
Epoch 157/2000 | Train MSE: 0.000163
Epoch 158/2000 | Train MSE: 0.000092
Epoch 159/2000 | Train MSE: 0.000063
Epoch 160/2000 | Train MSE: 0.000042
Epoch 161/2000 | Train MSE: 0.000048
Epoch 162/2000 | Train MSE: 0.000057
Epoch 163/2000 | Train MSE: 0.000042
Epoch 164/2000 | Train MSE: 0.000195
Epoch 165/2000 | Train MSE: 0.000280
Epoch 166/2000 | Train MSE: 0.000107
Epoch 167/2000 | Train MSE: 0.000092
Epoch 168/2000 | Train MSE: 0.000078
Epoch 169/2000 | Train MSE: 0.000140
Epoch 170/2000 | Train MSE: 0.000182
Epoch 171/2000 | Train MSE: 0.000113
Epoch 172/2000 | Train MSE: 0.000116
Epoch 173/2000 | Train MSE: 0.000042
Epoch 174/2000 | Train MSE: 0.000176
Epoch 175/2000 | Train MSE: 0.000276
Epoch 176/2000 | Train MSE: 0.000226
Epoch 177/2000 | Train MSE: 0.000131
Epoch 178/2000 | Train MSE: 0.000082
Epoch 179/2000 | Train MSE: 0.000075
Epoch 180/2000 | Train MSE: 0.000063
Epoch 181/2000 | Train MSE: 0.000184
Epoch 182/2000 | Train MSE: 0.000094
Epoch 183/2000 | Train MSE: 0.000142
Epoch 184/2000 | Train MSE: 0.000101
Epoch 185/2000 | Train MSE: 0.000118
Epoch 186/2000 | Train MSE: 0.000074
Epoch 187/2000 | Train MSE: 0.000031
Epoch 188/2000 | Train MSE: 0.000065
Epoch 189/2000 | Train MSE: 0.000147
Epoch 190/2000 | Train MSE: 0.000078
Epoch 191/2000 | Train MSE: 0.000048
Epoch 192/2000 | Train MSE: 0.000034
Epoch 193/2000 | Train MSE: 0.000031
Epoch 194/2000 | Train MSE: 0.000048
Epoch 195/2000 | Train MSE: 0.000049
Epoch 196/2000 | Train MSE: 0.000114
Epoch 197/2000 | Train MSE: 0.000128
Epoch 198/2000 | Train MSE: 0.000076
Epoch 199/2000 | Train MSE: 0.000060
Epoch 200/2000 | Train MSE: 0.000030
Epoch 201/2000 | Train MSE: 0.000028
Epoch 202/2000 | Train MSE: 0.000026
Epoch 203/2000 | Train MSE: 0.000034
Epoch 204/2000 | Train MSE: 0.000032
Epoch 205/2000 | Train MSE: 0.000031
Epoch 206/2000 | Train MSE: 0.000074
Epoch 207/2000 | Train MSE: 0.000077
Epoch 208/2000 | Train MSE: 0.000149
Epoch 209/2000 | Train MSE: 0.000110
Epoch 210/2000 | Train MSE: 0.000092
Epoch 211/2000 | Train MSE: 0.000068
Epoch 212/2000 | Train MSE: 0.000037
Epoch 213/2000 | Train MSE: 0.000027
Epoch 214/2000 | Train MSE: 0.000035
Epoch 215/2000 | Train MSE: 0.000075
Epoch 216/2000 | Train MSE: 0.000156
Epoch 217/2000 | Train MSE: 0.000138
Epoch 218/2000 | Train MSE: 0.000062
Epoch 219/2000 | Train MSE: 0.000069
Epoch 220/2000 | Train MSE: 0.000032
Epoch 221/2000 | Train MSE: 0.000065
Epoch 222/2000 | Train MSE: 0.000070
Epoch 223/2000 | Train MSE: 0.000132
Epoch 224/2000 | Train MSE: 0.000172
Epoch 225/2000 | Train MSE: 0.000135
Epoch 226/2000 | Train MSE: 0.000120
Epoch 227/2000 | Train MSE: 0.000084
Epoch 228/2000 | Train MSE: 0.000103
Epoch 229/2000 | Train MSE: 0.000124
Epoch 230/2000 | Train MSE: 0.000062
Epoch 231/2000 | Train MSE: 0.000055
Epoch 232/2000 | Train MSE: 0.000026
Epoch 233/2000 | Train MSE: 0.000026
Epoch 234/2000 | Train MSE: 0.000043
Epoch 235/2000 | Train MSE: 0.000024
Epoch 236/2000 | Train MSE: 0.000070
Epoch 237/2000 | Train MSE: 0.000022
Epoch 238/2000 | Train MSE: 0.000041
Epoch 239/2000 | Train MSE: 0.000022
Epoch 240/2000 | Train MSE: 0.000026
Epoch 241/2000 | Train MSE: 0.000029
Epoch 242/2000 | Train MSE: 0.000047
Epoch 243/2000 | Train MSE: 0.000074
Epoch 244/2000 | Train MSE: 0.000022
Epoch 245/2000 | Train MSE: 0.000032
Epoch 246/2000 | Train MSE: 0.000105
Epoch 247/2000 | Train MSE: 0.000145
Epoch 248/2000 | Train MSE: 0.000041
Epoch 249/2000 | Train MSE: 0.000037
Epoch 250/2000 | Train MSE: 0.000074
Epoch 251/2000 | Train MSE: 0.000099
Epoch 252/2000 | Train MSE: 0.000057
Epoch 253/2000 | Train MSE: 0.000036
Epoch 254/2000 | Train MSE: 0.000085
Epoch 255/2000 | Train MSE: 0.000103
Epoch 256/2000 | Train MSE: 0.000067
Epoch 257/2000 | Train MSE: 0.000101
Epoch 258/2000 | Train MSE: 0.000033
Epoch 259/2000 | Train MSE: 0.000032
Epoch 260/2000 | Train MSE: 0.000023
Epoch 261/2000 | Train MSE: 0.000029
Epoch 262/2000 | Train MSE: 0.000120
Epoch 263/2000 | Train MSE: 0.000064
Epoch 264/2000 | Train MSE: 0.000090
Epoch 265/2000 | Train MSE: 0.000298
Epoch 266/2000 | Train MSE: 0.013926
Epoch 267/2000 | Train MSE: 0.544525
Epoch 268/2000 | Train MSE: 0.762019
Epoch 269/2000 | Train MSE: 0.104471
Epoch 270/2000 | Train MSE: 0.020478
Epoch 271/2000 | Train MSE: 0.009751
Epoch 272/2000 | Train MSE: 0.006041
Epoch 273/2000 | Train MSE: 0.003964
Epoch 274/2000 | Train MSE: 0.003342
Epoch 275/2000 | Train MSE: 0.002651
Epoch 276/2000 | Train MSE: 0.002556
Epoch 277/2000 | Train MSE: 0.002313
Epoch 278/2000 | Train MSE: 0.002049
Epoch 279/2000 | Train MSE: 0.001835
Epoch 280/2000 | Train MSE: 0.001839
Epoch 281/2000 | Train MSE: 0.001720
Epoch 282/2000 | Train MSE: 0.001547
Epoch 283/2000 | Train MSE: 0.001391
Epoch 284/2000 | Train MSE: 0.001302
Epoch 285/2000 | Train MSE: 0.001344
Epoch 286/2000 | Train MSE: 0.001186
Epoch 287/2000 | Train MSE: 0.001323
Epoch 288/2000 | Train MSE: 0.001206
Epoch 289/2000 | Train MSE: 0.001113
Epoch 290/2000 | Train MSE: 0.001044
Epoch 291/2000 | Train MSE: 0.001009
Epoch 292/2000 | Train MSE: 0.001048
Epoch 293/2000 | Train MSE: 0.000934
Epoch 294/2000 | Train MSE: 0.000948
Early stopping at epoch 294. Best training loss: 0.000022

           ===== Results =====
           MSE : 0.00041457
           MAE : 0.01501264
           RMSE: 0.02036109
           R²  : -0.16697788

    --- Executing dataset HouseholdPowerConsumption2 --- 

Training H1

Epoch 1/2000 | Train MSE: 12161.797373
Epoch 2/2000 | Train MSE: 3169.561730
Epoch 3/2000 | Train MSE: 2803.465298
Epoch 4/2000 | Train MSE: 2232.485264
Epoch 5/2000 | Train MSE: 1737.904223
Epoch 6/2000 | Train MSE: 1891.211379
Epoch 7/2000 | Train MSE: 1645.683699
Epoch 8/2000 | Train MSE: 1673.405550
Epoch 9/2000 | Train MSE: 1876.539935
Epoch 10/2000 | Train MSE: 1464.614948
Epoch 11/2000 | Train MSE: 1546.819596
Epoch 12/2000 | Train MSE: 1424.591891
Epoch 13/2000 | Train MSE: 1427.854693
Epoch 14/2000 | Train MSE: 1753.134404
Epoch 15/2000 | Train MSE: 1850.716478
Epoch 16/2000 | Train MSE: 1362.290756
Epoch 17/2000 | Train MSE: 1637.347155
Epoch 18/2000 | Train MSE: 1440.070765
Epoch 19/2000 | Train MSE: 1393.134676
Epoch 20/2000 | Train MSE: 1232.279210
Epoch 21/2000 | Train MSE: 1280.476816
Epoch 22/2000 | Train MSE: 1307.580100
Epoch 23/2000 | Train MSE: 1122.683068
Epoch 24/2000 | Train MSE: 1053.744955
Epoch 25/2000 | Train MSE: 1214.381544
Epoch 26/2000 | Train MSE: 1059.710691
Epoch 27/2000 | Train MSE: 1068.748425
Epoch 28/2000 | Train MSE: 1063.592924
Epoch 29/2000 | Train MSE: 1043.056587
Epoch 30/2000 | Train MSE: 1294.272995
Epoch 31/2000 | Train MSE: 2313.999571
Epoch 32/2000 | Train MSE: 1460.025179
Epoch 33/2000 | Train MSE: 1324.291963
Epoch 34/2000 | Train MSE: 1040.799217
Epoch 35/2000 | Train MSE: 1267.857785
Epoch 36/2000 | Train MSE: 1488.917108
Epoch 37/2000 | Train MSE: 954.483455
Epoch 38/2000 | Train MSE: 1038.362104
Epoch 39/2000 | Train MSE: 1123.844649
Epoch 40/2000 | Train MSE: 1339.619112
Epoch 41/2000 | Train MSE: 1219.291590
Epoch 42/2000 | Train MSE: 1186.527395
Epoch 43/2000 | Train MSE: 1038.576037
Epoch 44/2000 | Train MSE: 1175.079806
Epoch 45/2000 | Train MSE: 1039.389929
Epoch 46/2000 | Train MSE: 997.424578
Epoch 47/2000 | Train MSE: 1223.467270
Epoch 48/2000 | Train MSE: 1023.037942
Epoch 49/2000 | Train MSE: 949.757248
Epoch 50/2000 | Train MSE: 1070.910536
Epoch 51/2000 | Train MSE: 964.238160
Epoch 52/2000 | Train MSE: 974.065333
Epoch 53/2000 | Train MSE: 981.048130
Epoch 54/2000 | Train MSE: 913.376148
Epoch 55/2000 | Train MSE: 960.662535
Epoch 56/2000 | Train MSE: 870.526798
Epoch 57/2000 | Train MSE: 817.588754
Epoch 58/2000 | Train MSE: 822.837590
Epoch 59/2000 | Train MSE: 1009.504337
Epoch 60/2000 | Train MSE: 861.758744
Epoch 61/2000 | Train MSE: 1248.481915
Epoch 62/2000 | Train MSE: 722.210193
Epoch 63/2000 | Train MSE: 746.894462
Epoch 64/2000 | Train MSE: 762.960522
Epoch 65/2000 | Train MSE: 1156.927301
Epoch 66/2000 | Train MSE: 744.700800
Epoch 67/2000 | Train MSE: 860.982825
Epoch 68/2000 | Train MSE: 763.742547
Epoch 69/2000 | Train MSE: 690.412193
Epoch 70/2000 | Train MSE: 694.979421
Epoch 71/2000 | Train MSE: 612.235252
Epoch 72/2000 | Train MSE: 610.018599
Epoch 73/2000 | Train MSE: 742.510464
Epoch 74/2000 | Train MSE: 670.747003
Epoch 75/2000 | Train MSE: 538.427991
Epoch 76/2000 | Train MSE: 883.378086
Epoch 77/2000 | Train MSE: 707.346874
Epoch 78/2000 | Train MSE: 537.184306
Epoch 79/2000 | Train MSE: 598.411590
Epoch 80/2000 | Train MSE: 744.016394
Epoch 81/2000 | Train MSE: 659.606631
Epoch 82/2000 | Train MSE: 803.416663
Epoch 83/2000 | Train MSE: 545.249277
Epoch 84/2000 | Train MSE: 482.111315
Epoch 85/2000 | Train MSE: 488.575188
Epoch 86/2000 | Train MSE: 441.384518
Epoch 87/2000 | Train MSE: 398.509611
Epoch 88/2000 | Train MSE: 388.697319
Epoch 89/2000 | Train MSE: 360.626266
Epoch 90/2000 | Train MSE: 350.972851
Epoch 91/2000 | Train MSE: 310.215187
Epoch 92/2000 | Train MSE: 370.122094
Epoch 93/2000 | Train MSE: 319.775721
Epoch 94/2000 | Train MSE: 320.183700
Epoch 95/2000 | Train MSE: 485.643714
Epoch 96/2000 | Train MSE: 315.525068
Epoch 97/2000 | Train MSE: 241.832084
Epoch 98/2000 | Train MSE: 362.191153
Epoch 99/2000 | Train MSE: 223.136332
Epoch 100/2000 | Train MSE: 274.184237
Epoch 101/2000 | Train MSE: 305.842012
Epoch 102/2000 | Train MSE: 276.004720
Epoch 103/2000 | Train MSE: 251.982724
Epoch 104/2000 | Train MSE: 322.196893
Epoch 105/2000 | Train MSE: 260.968958
Epoch 106/2000 | Train MSE: 196.797419
Epoch 107/2000 | Train MSE: 170.784649
Epoch 108/2000 | Train MSE: 182.360791
Epoch 109/2000 | Train MSE: 188.873713
Epoch 110/2000 | Train MSE: 141.746189
Epoch 111/2000 | Train MSE: 117.403296
Epoch 112/2000 | Train MSE: 145.380076
Epoch 113/2000 | Train MSE: 116.284999
Epoch 114/2000 | Train MSE: 131.130097
Epoch 115/2000 | Train MSE: 107.152586
Epoch 116/2000 | Train MSE: 109.746750
Epoch 117/2000 | Train MSE: 99.498695
Epoch 118/2000 | Train MSE: 122.372255
Epoch 119/2000 | Train MSE: 154.820311
Epoch 120/2000 | Train MSE: 93.812046
Epoch 121/2000 | Train MSE: 115.789769
Epoch 122/2000 | Train MSE: 99.175224
Epoch 123/2000 | Train MSE: 60.319366
Epoch 124/2000 | Train MSE: 56.068298
Epoch 125/2000 | Train MSE: 54.911432
Epoch 126/2000 | Train MSE: 99.931197
Epoch 127/2000 | Train MSE: 82.303433
Epoch 128/2000 | Train MSE: 156.324881
Epoch 129/2000 | Train MSE: 195.474352
Epoch 130/2000 | Train MSE: 102.670027
Epoch 131/2000 | Train MSE: 59.530455
Epoch 132/2000 | Train MSE: 66.953872
Epoch 133/2000 | Train MSE: 105.472238
Epoch 134/2000 | Train MSE: 68.339966
Epoch 135/2000 | Train MSE: 82.631044
Epoch 136/2000 | Train MSE: 75.115436
Epoch 137/2000 | Train MSE: 59.915604
Epoch 138/2000 | Train MSE: 76.291315
Epoch 139/2000 | Train MSE: 83.564974
Epoch 140/2000 | Train MSE: 65.026092
Epoch 141/2000 | Train MSE: 46.955779
Epoch 142/2000 | Train MSE: 126.085785
Epoch 143/2000 | Train MSE: 149.069615
Epoch 144/2000 | Train MSE: 137.909168
Epoch 145/2000 | Train MSE: 99.018097
Epoch 146/2000 | Train MSE: 128.157521
Epoch 147/2000 | Train MSE: 153.441461
Epoch 148/2000 | Train MSE: 66.698915
Epoch 149/2000 | Train MSE: 68.597822
Epoch 150/2000 | Train MSE: 51.431250
Epoch 151/2000 | Train MSE: 60.266457
Epoch 152/2000 | Train MSE: 106.888865
Epoch 153/2000 | Train MSE: 75.204860
Epoch 154/2000 | Train MSE: 39.973609
Epoch 155/2000 | Train MSE: 36.360909
Epoch 156/2000 | Train MSE: 25.109298
Epoch 157/2000 | Train MSE: 25.200270
Epoch 158/2000 | Train MSE: 41.786467
Epoch 159/2000 | Train MSE: 35.197350
Epoch 160/2000 | Train MSE: 39.076074
Epoch 161/2000 | Train MSE: 61.681941
Epoch 162/2000 | Train MSE: 77.495333
Epoch 163/2000 | Train MSE: 95.021722
Epoch 164/2000 | Train MSE: 56.589150
Epoch 165/2000 | Train MSE: 47.240054
Epoch 166/2000 | Train MSE: 31.463223
Epoch 167/2000 | Train MSE: 24.435972
Epoch 168/2000 | Train MSE: 16.428226
Epoch 169/2000 | Train MSE: 18.356884
Epoch 170/2000 | Train MSE: 30.018808
Epoch 171/2000 | Train MSE: 19.951320
Epoch 172/2000 | Train MSE: 31.948848
Epoch 173/2000 | Train MSE: 25.337001
Epoch 174/2000 | Train MSE: 22.589764
Epoch 175/2000 | Train MSE: 34.995390
Epoch 176/2000 | Train MSE: 29.419755
Epoch 177/2000 | Train MSE: 38.369773
Epoch 178/2000 | Train MSE: 41.254354
Epoch 179/2000 | Train MSE: 123.528140
Epoch 180/2000 | Train MSE: 189.162968
Epoch 181/2000 | Train MSE: 193.682878
Epoch 182/2000 | Train MSE: 120.651383
Epoch 183/2000 | Train MSE: 91.584415
Epoch 184/2000 | Train MSE: 68.463245
Epoch 185/2000 | Train MSE: 80.015110
Epoch 186/2000 | Train MSE: 79.324082
Epoch 187/2000 | Train MSE: 143.494124
Epoch 188/2000 | Train MSE: 130.070482
Epoch 189/2000 | Train MSE: 149.203789
Epoch 190/2000 | Train MSE: 223.539186
Epoch 191/2000 | Train MSE: 143.032291
Epoch 192/2000 | Train MSE: 130.389254
Epoch 193/2000 | Train MSE: 103.166874
Epoch 194/2000 | Train MSE: 55.300988
Epoch 195/2000 | Train MSE: 31.093451
Epoch 196/2000 | Train MSE: 29.679740
Epoch 197/2000 | Train MSE: 21.451398
Epoch 198/2000 | Train MSE: 33.095471
Epoch 199/2000 | Train MSE: 19.587474
Epoch 200/2000 | Train MSE: 25.370988
Epoch 201/2000 | Train MSE: 25.788570
Epoch 202/2000 | Train MSE: 21.446966
Epoch 203/2000 | Train MSE: 16.248138
Epoch 204/2000 | Train MSE: 14.942020
Epoch 205/2000 | Train MSE: 10.079082
Epoch 206/2000 | Train MSE: 10.588767
Epoch 207/2000 | Train MSE: 20.297603
Epoch 208/2000 | Train MSE: 16.851843
Epoch 209/2000 | Train MSE: 10.548532
Epoch 210/2000 | Train MSE: 18.916772
Epoch 211/2000 | Train MSE: 13.242289
Epoch 212/2000 | Train MSE: 10.982564
Epoch 213/2000 | Train MSE: 7.554787
Epoch 214/2000 | Train MSE: 7.313789
Epoch 215/2000 | Train MSE: 20.478687
Epoch 216/2000 | Train MSE: 27.312542
Epoch 217/2000 | Train MSE: 57.570127
Epoch 218/2000 | Train MSE: 137.803397
Epoch 219/2000 | Train MSE: 1028.293704
Epoch 220/2000 | Train MSE: 917.630947
Epoch 221/2000 | Train MSE: 654.785015
Epoch 222/2000 | Train MSE: 392.436533
Epoch 223/2000 | Train MSE: 254.530799
Epoch 224/2000 | Train MSE: 133.454001
Epoch 225/2000 | Train MSE: 111.147502
Epoch 226/2000 | Train MSE: 117.904975
Epoch 227/2000 | Train MSE: 56.128868
Epoch 228/2000 | Train MSE: 42.173112
Epoch 229/2000 | Train MSE: 26.557975
Epoch 230/2000 | Train MSE: 25.987121
Epoch 231/2000 | Train MSE: 44.795460
Epoch 232/2000 | Train MSE: 25.313424
Epoch 233/2000 | Train MSE: 15.877501
Epoch 234/2000 | Train MSE: 17.755717
Epoch 235/2000 | Train MSE: 16.592393
Epoch 236/2000 | Train MSE: 19.531377
Epoch 237/2000 | Train MSE: 12.196695
Epoch 238/2000 | Train MSE: 9.537539
Epoch 239/2000 | Train MSE: 6.001287
Epoch 240/2000 | Train MSE: 4.148073
Epoch 241/2000 | Train MSE: 3.609606
Epoch 242/2000 | Train MSE: 2.356369
Epoch 243/2000 | Train MSE: 2.491677
Epoch 244/2000 | Train MSE: 2.530263
Epoch 245/2000 | Train MSE: 2.030550
Epoch 246/2000 | Train MSE: 1.621713
Epoch 247/2000 | Train MSE: 2.102415
Epoch 248/2000 | Train MSE: 2.018497
Epoch 249/2000 | Train MSE: 1.532260
Epoch 250/2000 | Train MSE: 1.188870
Epoch 251/2000 | Train MSE: 2.416243
Epoch 252/2000 | Train MSE: 3.302986
Epoch 253/2000 | Train MSE: 3.808051
Epoch 254/2000 | Train MSE: 3.495218
Epoch 255/2000 | Train MSE: 5.116610
Epoch 256/2000 | Train MSE: 15.733469
Epoch 257/2000 | Train MSE: 36.623643
Epoch 258/2000 | Train MSE: 35.182103
Epoch 259/2000 | Train MSE: 51.179148
Epoch 260/2000 | Train MSE: 61.296662
Epoch 261/2000 | Train MSE: 86.890591
Epoch 262/2000 | Train MSE: 65.289165
Epoch 263/2000 | Train MSE: 60.321962
Epoch 264/2000 | Train MSE: 50.430646
Epoch 265/2000 | Train MSE: 111.609969
Epoch 266/2000 | Train MSE: 113.845137
Epoch 267/2000 | Train MSE: 108.036579
Epoch 268/2000 | Train MSE: 67.226601
Epoch 269/2000 | Train MSE: 33.376861
Epoch 270/2000 | Train MSE: 32.370575
Epoch 271/2000 | Train MSE: 25.924642
Epoch 272/2000 | Train MSE: 28.277230
Epoch 273/2000 | Train MSE: 17.513183
Epoch 274/2000 | Train MSE: 12.322532
Epoch 275/2000 | Train MSE: 25.857001
Epoch 276/2000 | Train MSE: 21.263443
Epoch 277/2000 | Train MSE: 14.801249
Epoch 278/2000 | Train MSE: 39.488373
Epoch 279/2000 | Train MSE: 73.646379
Epoch 280/2000 | Train MSE: 49.826438
Epoch 281/2000 | Train MSE: 69.083460
Epoch 282/2000 | Train MSE: 82.489947
Epoch 283/2000 | Train MSE: 153.001144
Epoch 284/2000 | Train MSE: 142.087014
Epoch 285/2000 | Train MSE: 88.062969
Epoch 286/2000 | Train MSE: 52.358789
Epoch 287/2000 | Train MSE: 38.537798
Epoch 288/2000 | Train MSE: 46.366507
Epoch 289/2000 | Train MSE: 33.038131
Epoch 290/2000 | Train MSE: 24.968123
Epoch 291/2000 | Train MSE: 69.343670
Epoch 292/2000 | Train MSE: 39.874745
Epoch 293/2000 | Train MSE: 34.074534
Epoch 294/2000 | Train MSE: 52.068073
Epoch 295/2000 | Train MSE: 53.118395
Epoch 296/2000 | Train MSE: 48.634312
Epoch 297/2000 | Train MSE: 64.126946
Epoch 298/2000 | Train MSE: 83.677270
Epoch 299/2000 | Train MSE: 88.728118
Epoch 300/2000 | Train MSE: 62.475674
Early stopping at epoch 300. Best training loss: 1.188870

Training H2

Epoch 1/2000 | Train MSE: 11592.958628
Epoch 2/2000 | Train MSE: 2151.811829
Epoch 3/2000 | Train MSE: 1739.510252
Epoch 4/2000 | Train MSE: 1721.239597
Epoch 5/2000 | Train MSE: 1663.400677
Epoch 6/2000 | Train MSE: 1523.506444
Epoch 7/2000 | Train MSE: 1715.761183
Epoch 8/2000 | Train MSE: 1774.421162
Epoch 9/2000 | Train MSE: 1387.307346
Epoch 10/2000 | Train MSE: 1635.485612
Epoch 11/2000 | Train MSE: 1454.725375
Epoch 12/2000 | Train MSE: 2441.074234
Epoch 13/2000 | Train MSE: 2764.018242
Epoch 14/2000 | Train MSE: 1296.813683
Epoch 15/2000 | Train MSE: 1858.918896
Epoch 16/2000 | Train MSE: 1558.332388
Epoch 17/2000 | Train MSE: 1306.780584
Epoch 18/2000 | Train MSE: 1508.249022
Epoch 19/2000 | Train MSE: 1099.660796
Epoch 20/2000 | Train MSE: 1098.931369
Epoch 21/2000 | Train MSE: 1212.817119
Epoch 22/2000 | Train MSE: 1193.402736
Epoch 23/2000 | Train MSE: 1596.127739
Epoch 24/2000 | Train MSE: 1217.206752
Epoch 25/2000 | Train MSE: 1057.071486
Epoch 26/2000 | Train MSE: 1108.026107
Epoch 27/2000 | Train MSE: 1075.948490
Epoch 28/2000 | Train MSE: 1290.101894
Epoch 29/2000 | Train MSE: 1121.483216
Epoch 30/2000 | Train MSE: 1072.434388
Epoch 31/2000 | Train MSE: 976.265555
Epoch 32/2000 | Train MSE: 1332.790763
Epoch 33/2000 | Train MSE: 988.039737
Epoch 34/2000 | Train MSE: 976.783787
Epoch 35/2000 | Train MSE: 1019.026754
Epoch 36/2000 | Train MSE: 1076.958926
Epoch 37/2000 | Train MSE: 1009.713472
Epoch 38/2000 | Train MSE: 987.455752
Epoch 39/2000 | Train MSE: 1191.592676
Epoch 40/2000 | Train MSE: 1025.381893
Epoch 41/2000 | Train MSE: 1067.372959
Epoch 42/2000 | Train MSE: 898.088602
Epoch 43/2000 | Train MSE: 980.777999
Epoch 44/2000 | Train MSE: 867.162257
Epoch 45/2000 | Train MSE: 829.570023
Epoch 46/2000 | Train MSE: 931.613524
Epoch 47/2000 | Train MSE: 1184.630850
Epoch 48/2000 | Train MSE: 927.029752
Epoch 49/2000 | Train MSE: 1212.051212
Epoch 50/2000 | Train MSE: 918.088175
Epoch 51/2000 | Train MSE: 839.451142
Epoch 52/2000 | Train MSE: 979.399777
Epoch 53/2000 | Train MSE: 749.978304
Epoch 54/2000 | Train MSE: 787.811220
Epoch 55/2000 | Train MSE: 798.136061
Epoch 56/2000 | Train MSE: 943.387287
Epoch 57/2000 | Train MSE: 1105.908867
Epoch 58/2000 | Train MSE: 735.217962
Epoch 59/2000 | Train MSE: 762.699534
Epoch 60/2000 | Train MSE: 891.609712
Epoch 61/2000 | Train MSE: 881.153715
Epoch 62/2000 | Train MSE: 816.370070
Epoch 63/2000 | Train MSE: 1104.451675
Epoch 64/2000 | Train MSE: 709.256901
Epoch 65/2000 | Train MSE: 713.712488
Epoch 66/2000 | Train MSE: 672.030844
Epoch 67/2000 | Train MSE: 668.790843
Epoch 68/2000 | Train MSE: 843.258073
Epoch 69/2000 | Train MSE: 748.718447
Epoch 70/2000 | Train MSE: 807.143239
Epoch 71/2000 | Train MSE: 705.301846
Epoch 72/2000 | Train MSE: 640.667823
Epoch 73/2000 | Train MSE: 585.317244
Epoch 74/2000 | Train MSE: 818.821930
Epoch 75/2000 | Train MSE: 577.866976
Epoch 76/2000 | Train MSE: 530.357291
Epoch 77/2000 | Train MSE: 490.355675
Epoch 78/2000 | Train MSE: 519.952488
Epoch 79/2000 | Train MSE: 773.368321
Epoch 80/2000 | Train MSE: 678.254931
Epoch 81/2000 | Train MSE: 646.712468
Epoch 82/2000 | Train MSE: 450.611598
Epoch 83/2000 | Train MSE: 642.782054
Epoch 84/2000 | Train MSE: 588.160101
Epoch 85/2000 | Train MSE: 452.906383
Epoch 86/2000 | Train MSE: 420.070373
Epoch 87/2000 | Train MSE: 452.023179
Epoch 88/2000 | Train MSE: 695.859832
Epoch 89/2000 | Train MSE: 667.028373
Epoch 90/2000 | Train MSE: 426.799619
Epoch 91/2000 | Train MSE: 432.689450
Epoch 92/2000 | Train MSE: 497.471389
Epoch 93/2000 | Train MSE: 340.105111
Epoch 94/2000 | Train MSE: 557.547191
Epoch 95/2000 | Train MSE: 999.433532
Epoch 96/2000 | Train MSE: 656.533855
Epoch 97/2000 | Train MSE: 552.613797
Epoch 98/2000 | Train MSE: 379.039603
Epoch 99/2000 | Train MSE: 297.072356
Epoch 100/2000 | Train MSE: 306.562638
Epoch 101/2000 | Train MSE: 483.886199
Epoch 102/2000 | Train MSE: 336.600677
Epoch 103/2000 | Train MSE: 354.858786
Epoch 104/2000 | Train MSE: 316.976747
Epoch 105/2000 | Train MSE: 319.192607
Epoch 106/2000 | Train MSE: 232.261153
Epoch 107/2000 | Train MSE: 270.800763
Epoch 108/2000 | Train MSE: 310.226462
Epoch 109/2000 | Train MSE: 352.933892
Epoch 110/2000 | Train MSE: 243.354813
Epoch 111/2000 | Train MSE: 213.338754
Epoch 112/2000 | Train MSE: 241.977418
Epoch 113/2000 | Train MSE: 208.571652
Epoch 114/2000 | Train MSE: 176.134285
Epoch 115/2000 | Train MSE: 136.835669
Epoch 116/2000 | Train MSE: 131.410713
Epoch 117/2000 | Train MSE: 133.670904
Epoch 118/2000 | Train MSE: 180.514829
Epoch 119/2000 | Train MSE: 255.568275
Epoch 120/2000 | Train MSE: 251.891032
Epoch 121/2000 | Train MSE: 165.671137
Epoch 122/2000 | Train MSE: 137.020359
Epoch 123/2000 | Train MSE: 184.627796
Epoch 124/2000 | Train MSE: 176.604885
Epoch 125/2000 | Train MSE: 176.658931
Epoch 126/2000 | Train MSE: 436.377845
Epoch 127/2000 | Train MSE: 266.396349
Epoch 128/2000 | Train MSE: 168.775037
Epoch 129/2000 | Train MSE: 231.535598
Epoch 130/2000 | Train MSE: 156.304302
Epoch 131/2000 | Train MSE: 120.660417
Epoch 132/2000 | Train MSE: 93.834123
Epoch 133/2000 | Train MSE: 101.128937
Epoch 134/2000 | Train MSE: 94.737553
Epoch 135/2000 | Train MSE: 75.302931
Epoch 136/2000 | Train MSE: 54.837309
Epoch 137/2000 | Train MSE: 53.804263
Epoch 138/2000 | Train MSE: 51.018918
Epoch 139/2000 | Train MSE: 70.791670
Epoch 140/2000 | Train MSE: 88.446213
Epoch 141/2000 | Train MSE: 102.046240
Epoch 142/2000 | Train MSE: 97.532814
Epoch 143/2000 | Train MSE: 97.849768
Epoch 144/2000 | Train MSE: 125.273203
Epoch 145/2000 | Train MSE: 65.426927
Epoch 146/2000 | Train MSE: 98.397627
Epoch 147/2000 | Train MSE: 119.131632
Epoch 148/2000 | Train MSE: 87.408662
Epoch 149/2000 | Train MSE: 58.344057
Epoch 150/2000 | Train MSE: 69.515303
Epoch 151/2000 | Train MSE: 92.329960
Epoch 152/2000 | Train MSE: 85.902782
Epoch 153/2000 | Train MSE: 98.728817
Epoch 154/2000 | Train MSE: 93.155740
Epoch 155/2000 | Train MSE: 126.765475
Epoch 156/2000 | Train MSE: 62.366404
Epoch 157/2000 | Train MSE: 34.230610
Epoch 158/2000 | Train MSE: 25.001979
Epoch 159/2000 | Train MSE: 18.195089
Epoch 160/2000 | Train MSE: 16.701655
Epoch 161/2000 | Train MSE: 16.309683
Epoch 162/2000 | Train MSE: 20.140653
Epoch 163/2000 | Train MSE: 15.635514
Epoch 164/2000 | Train MSE: 15.936356
Epoch 165/2000 | Train MSE: 15.595735
Epoch 166/2000 | Train MSE: 18.859146
Epoch 167/2000 | Train MSE: 15.493893
Epoch 168/2000 | Train MSE: 46.073564
Epoch 169/2000 | Train MSE: 65.588521
Epoch 170/2000 | Train MSE: 107.181161
Epoch 171/2000 | Train MSE: 143.310460
Epoch 172/2000 | Train MSE: 387.672783
Epoch 173/2000 | Train MSE: 331.704867
Epoch 174/2000 | Train MSE: 260.759169
Epoch 175/2000 | Train MSE: 162.316574
Epoch 176/2000 | Train MSE: 254.169520
Epoch 177/2000 | Train MSE: 410.422715
Epoch 178/2000 | Train MSE: 380.354062
Epoch 179/2000 | Train MSE: 375.728441
Epoch 180/2000 | Train MSE: 350.672896
Epoch 181/2000 | Train MSE: 211.651694
Epoch 182/2000 | Train MSE: 187.092874
Epoch 183/2000 | Train MSE: 103.073471
Epoch 184/2000 | Train MSE: 115.090404
Epoch 185/2000 | Train MSE: 81.449783
Epoch 186/2000 | Train MSE: 48.762660
Epoch 187/2000 | Train MSE: 27.141144
Epoch 188/2000 | Train MSE: 38.416073
Epoch 189/2000 | Train MSE: 40.567659
Epoch 190/2000 | Train MSE: 70.286386
Epoch 191/2000 | Train MSE: 48.409828
Epoch 192/2000 | Train MSE: 45.728208
Epoch 193/2000 | Train MSE: 19.918615
Epoch 194/2000 | Train MSE: 21.752146
Epoch 195/2000 | Train MSE: 19.410016
Epoch 196/2000 | Train MSE: 27.212337
Epoch 197/2000 | Train MSE: 37.581845
Epoch 198/2000 | Train MSE: 33.317481
Epoch 199/2000 | Train MSE: 23.590502
Epoch 200/2000 | Train MSE: 31.468352
Epoch 201/2000 | Train MSE: 33.833722
Epoch 202/2000 | Train MSE: 29.676397
Epoch 203/2000 | Train MSE: 49.899867
Epoch 204/2000 | Train MSE: 116.317255
Epoch 205/2000 | Train MSE: 82.108969
Epoch 206/2000 | Train MSE: 119.432656
Epoch 207/2000 | Train MSE: 117.689711
Epoch 208/2000 | Train MSE: 70.267293
Epoch 209/2000 | Train MSE: 47.470601
Epoch 210/2000 | Train MSE: 67.975415
Epoch 211/2000 | Train MSE: 70.337372
Epoch 212/2000 | Train MSE: 51.689207
Epoch 213/2000 | Train MSE: 42.760179
Epoch 214/2000 | Train MSE: 47.308028
Epoch 215/2000 | Train MSE: 31.572905
Epoch 216/2000 | Train MSE: 24.344462
Epoch 217/2000 | Train MSE: 19.399184
Early stopping at epoch 217. Best training loss: 15.493893

Training H3

Epoch 1/2000 | Train MSE: 13078.493736
Epoch 2/2000 | Train MSE: 2881.772538
Epoch 3/2000 | Train MSE: 2101.843004
Epoch 4/2000 | Train MSE: 2159.919694
Epoch 5/2000 | Train MSE: 1709.441616
Epoch 6/2000 | Train MSE: 1630.198495
Epoch 7/2000 | Train MSE: 1673.871986
Epoch 8/2000 | Train MSE: 1962.661962
Epoch 9/2000 | Train MSE: 1874.731141
Epoch 10/2000 | Train MSE: 1640.608030
Epoch 11/2000 | Train MSE: 1794.381745
Epoch 12/2000 | Train MSE: 1702.226274
Epoch 13/2000 | Train MSE: 1334.661723
Epoch 14/2000 | Train MSE: 1362.717584
Epoch 15/2000 | Train MSE: 1430.286476
Epoch 16/2000 | Train MSE: 1638.102112
Epoch 17/2000 | Train MSE: 1482.906526
Epoch 18/2000 | Train MSE: 1318.624425
Epoch 19/2000 | Train MSE: 1199.227906
Epoch 20/2000 | Train MSE: 1192.078639
Epoch 21/2000 | Train MSE: 1395.477471
Epoch 22/2000 | Train MSE: 1253.107756
Epoch 23/2000 | Train MSE: 1343.357928
Epoch 24/2000 | Train MSE: 1256.070556
Epoch 25/2000 | Train MSE: 1402.446386
Epoch 26/2000 | Train MSE: 1049.128818
Epoch 27/2000 | Train MSE: 1190.401928
Epoch 28/2000 | Train MSE: 1675.428168
Epoch 29/2000 | Train MSE: 1521.597501
Epoch 30/2000 | Train MSE: 1154.691281
Epoch 31/2000 | Train MSE: 1067.809296
Epoch 32/2000 | Train MSE: 1039.530798
Epoch 33/2000 | Train MSE: 1261.233857
Epoch 34/2000 | Train MSE: 1572.710885
Epoch 35/2000 | Train MSE: 1029.656015
Epoch 36/2000 | Train MSE: 1008.880525
Epoch 37/2000 | Train MSE: 988.644455
Epoch 38/2000 | Train MSE: 933.663328
Epoch 39/2000 | Train MSE: 1012.429233
Epoch 40/2000 | Train MSE: 892.026170
Epoch 41/2000 | Train MSE: 1222.426807
Epoch 42/2000 | Train MSE: 941.730583
Epoch 43/2000 | Train MSE: 1431.158051
Epoch 44/2000 | Train MSE: 1117.594558
Epoch 45/2000 | Train MSE: 909.232521
Epoch 46/2000 | Train MSE: 930.569121
Epoch 47/2000 | Train MSE: 988.272414
Epoch 48/2000 | Train MSE: 948.759865
Epoch 49/2000 | Train MSE: 1028.637772
Epoch 50/2000 | Train MSE: 1028.755126
Epoch 51/2000 | Train MSE: 1012.000662
Epoch 52/2000 | Train MSE: 1055.476617
Epoch 53/2000 | Train MSE: 1266.068667
Epoch 54/2000 | Train MSE: 936.365554
Epoch 55/2000 | Train MSE: 787.325728
Epoch 56/2000 | Train MSE: 899.767372
Epoch 57/2000 | Train MSE: 925.570422
Epoch 58/2000 | Train MSE: 1500.202053
Epoch 59/2000 | Train MSE: 864.156466
Epoch 60/2000 | Train MSE: 993.939344
Epoch 61/2000 | Train MSE: 760.689399
Epoch 62/2000 | Train MSE: 734.404352
Epoch 63/2000 | Train MSE: 719.788817
Epoch 64/2000 | Train MSE: 644.916575
Epoch 65/2000 | Train MSE: 678.029720
Epoch 66/2000 | Train MSE: 846.943574
Epoch 67/2000 | Train MSE: 708.974944
Epoch 68/2000 | Train MSE: 595.913507
Epoch 69/2000 | Train MSE: 673.255726
Epoch 70/2000 | Train MSE: 708.500349
Epoch 71/2000 | Train MSE: 610.240127
Epoch 72/2000 | Train MSE: 613.421014
Epoch 73/2000 | Train MSE: 874.484287
Epoch 74/2000 | Train MSE: 599.353843
Epoch 75/2000 | Train MSE: 538.807014
Epoch 76/2000 | Train MSE: 874.080482
Epoch 77/2000 | Train MSE: 1520.530362
Epoch 78/2000 | Train MSE: 781.510871
Epoch 79/2000 | Train MSE: 614.754758
Epoch 80/2000 | Train MSE: 574.080260
Epoch 81/2000 | Train MSE: 594.111136
Epoch 82/2000 | Train MSE: 586.607792
Epoch 83/2000 | Train MSE: 426.654525
Epoch 84/2000 | Train MSE: 488.765911
Epoch 85/2000 | Train MSE: 366.983328
Epoch 86/2000 | Train MSE: 363.615480
Epoch 87/2000 | Train MSE: 436.090005
Epoch 88/2000 | Train MSE: 380.684474
Epoch 89/2000 | Train MSE: 499.699616
Epoch 90/2000 | Train MSE: 486.763562
Epoch 91/2000 | Train MSE: 348.189028
Epoch 92/2000 | Train MSE: 290.666231
Epoch 93/2000 | Train MSE: 273.373903
Epoch 94/2000 | Train MSE: 275.441352
Epoch 95/2000 | Train MSE: 281.809498
Epoch 96/2000 | Train MSE: 297.756936
Epoch 97/2000 | Train MSE: 482.940433
Epoch 98/2000 | Train MSE: 252.202610
Epoch 99/2000 | Train MSE: 249.330683
Epoch 100/2000 | Train MSE: 268.151129
Epoch 101/2000 | Train MSE: 249.666763
Epoch 102/2000 | Train MSE: 215.240658
Epoch 103/2000 | Train MSE: 214.621692
Epoch 104/2000 | Train MSE: 242.778936
Epoch 105/2000 | Train MSE: 278.801705
Epoch 106/2000 | Train MSE: 213.440897
Epoch 107/2000 | Train MSE: 272.056673
Epoch 108/2000 | Train MSE: 323.241676
Epoch 109/2000 | Train MSE: 249.310551
Epoch 110/2000 | Train MSE: 237.210305
Epoch 111/2000 | Train MSE: 195.625055
Epoch 112/2000 | Train MSE: 199.538723
Epoch 113/2000 | Train MSE: 135.268034
Epoch 114/2000 | Train MSE: 111.872428
Epoch 115/2000 | Train MSE: 111.945927
Epoch 116/2000 | Train MSE: 104.966441
Epoch 117/2000 | Train MSE: 93.303857
Epoch 118/2000 | Train MSE: 97.577069
Epoch 119/2000 | Train MSE: 111.326795
Epoch 120/2000 | Train MSE: 138.771628
Epoch 121/2000 | Train MSE: 95.259218
Epoch 122/2000 | Train MSE: 125.044447
Epoch 123/2000 | Train MSE: 111.887801
Epoch 124/2000 | Train MSE: 80.422328
Epoch 125/2000 | Train MSE: 100.901919
Epoch 126/2000 | Train MSE: 124.801263
Epoch 127/2000 | Train MSE: 133.028215
Epoch 128/2000 | Train MSE: 101.821741
Epoch 129/2000 | Train MSE: 67.738925
Epoch 130/2000 | Train MSE: 68.266122
Epoch 131/2000 | Train MSE: 57.659520
Epoch 132/2000 | Train MSE: 68.364705
Epoch 133/2000 | Train MSE: 78.313238
Epoch 134/2000 | Train MSE: 68.555762
Epoch 135/2000 | Train MSE: 89.875872
Epoch 136/2000 | Train MSE: 115.697281
Epoch 137/2000 | Train MSE: 173.807216
Epoch 138/2000 | Train MSE: 115.496294
Epoch 139/2000 | Train MSE: 192.079859
Epoch 140/2000 | Train MSE: 117.206839
Epoch 141/2000 | Train MSE: 115.983171
Epoch 142/2000 | Train MSE: 86.213078
Epoch 143/2000 | Train MSE: 63.314030
Epoch 144/2000 | Train MSE: 120.654169
Epoch 145/2000 | Train MSE: 107.242711
Epoch 146/2000 | Train MSE: 88.719043
Epoch 147/2000 | Train MSE: 109.169935
Epoch 148/2000 | Train MSE: 74.438419
Epoch 149/2000 | Train MSE: 64.474996
Epoch 150/2000 | Train MSE: 45.898228
Epoch 151/2000 | Train MSE: 54.026704
Epoch 152/2000 | Train MSE: 71.108364
Epoch 153/2000 | Train MSE: 92.777754
Epoch 154/2000 | Train MSE: 136.824282
Epoch 155/2000 | Train MSE: 121.635599
Epoch 156/2000 | Train MSE: 70.573498
Epoch 157/2000 | Train MSE: 59.112607
Epoch 158/2000 | Train MSE: 70.038103
Epoch 159/2000 | Train MSE: 52.764804
Epoch 160/2000 | Train MSE: 58.833023
Epoch 161/2000 | Train MSE: 47.370802
Epoch 162/2000 | Train MSE: 48.119193
Epoch 163/2000 | Train MSE: 56.645379
Epoch 164/2000 | Train MSE: 65.703746
Epoch 165/2000 | Train MSE: 159.076557
Epoch 166/2000 | Train MSE: 104.273918
Epoch 167/2000 | Train MSE: 122.149170
Epoch 168/2000 | Train MSE: 96.486378
Epoch 169/2000 | Train MSE: 107.417551
Epoch 170/2000 | Train MSE: 101.386191
Epoch 171/2000 | Train MSE: 94.654367
Epoch 172/2000 | Train MSE: 76.675744
Epoch 173/2000 | Train MSE: 250.967787
Epoch 174/2000 | Train MSE: 115.933362
Epoch 175/2000 | Train MSE: 219.932525
Epoch 176/2000 | Train MSE: 194.345464
Epoch 177/2000 | Train MSE: 414.556785
Epoch 178/2000 | Train MSE: 219.669217
Epoch 179/2000 | Train MSE: 107.889076
Epoch 180/2000 | Train MSE: 115.557252
Epoch 181/2000 | Train MSE: 100.961315
Epoch 182/2000 | Train MSE: 50.237296
Epoch 183/2000 | Train MSE: 35.728575
Epoch 184/2000 | Train MSE: 39.662123
Epoch 185/2000 | Train MSE: 36.073425
Epoch 186/2000 | Train MSE: 45.108283
Epoch 187/2000 | Train MSE: 59.636893
Epoch 188/2000 | Train MSE: 56.989903
Epoch 189/2000 | Train MSE: 29.364687
Epoch 190/2000 | Train MSE: 29.171115
Epoch 191/2000 | Train MSE: 36.498935
Epoch 192/2000 | Train MSE: 32.354943
Epoch 193/2000 | Train MSE: 20.629985
Epoch 194/2000 | Train MSE: 27.839045
Epoch 195/2000 | Train MSE: 37.350852
Epoch 196/2000 | Train MSE: 37.961941
Epoch 197/2000 | Train MSE: 23.293579
Epoch 198/2000 | Train MSE: 50.074201
Epoch 199/2000 | Train MSE: 113.483661
Epoch 200/2000 | Train MSE: 64.732584
Epoch 201/2000 | Train MSE: 47.117044
Epoch 202/2000 | Train MSE: 34.524908
Epoch 203/2000 | Train MSE: 21.415317
Epoch 204/2000 | Train MSE: 29.713746
Epoch 205/2000 | Train MSE: 31.263304
Epoch 206/2000 | Train MSE: 22.181862
Epoch 207/2000 | Train MSE: 24.574043
Epoch 208/2000 | Train MSE: 20.232500
Epoch 209/2000 | Train MSE: 28.839853
Epoch 210/2000 | Train MSE: 22.449505
Epoch 211/2000 | Train MSE: 20.991069
Epoch 212/2000 | Train MSE: 20.359236
Epoch 213/2000 | Train MSE: 30.883888
Epoch 214/2000 | Train MSE: 23.841197
Epoch 215/2000 | Train MSE: 29.855492
Epoch 216/2000 | Train MSE: 37.782531
Epoch 217/2000 | Train MSE: 59.791369
Epoch 218/2000 | Train MSE: 41.669294
Epoch 219/2000 | Train MSE: 85.347213
Epoch 220/2000 | Train MSE: 60.298505
Epoch 221/2000 | Train MSE: 48.979318
Epoch 222/2000 | Train MSE: 76.217448
Epoch 223/2000 | Train MSE: 70.051191
Epoch 224/2000 | Train MSE: 136.000621
Epoch 225/2000 | Train MSE: 307.750950
Epoch 226/2000 | Train MSE: 164.397434
Epoch 227/2000 | Train MSE: 109.230439
Epoch 228/2000 | Train MSE: 93.571380
Epoch 229/2000 | Train MSE: 147.771895
Epoch 230/2000 | Train MSE: 95.547101
Epoch 231/2000 | Train MSE: 58.576801
Epoch 232/2000 | Train MSE: 97.745804
Epoch 233/2000 | Train MSE: 93.267815
Epoch 234/2000 | Train MSE: 57.968796
Epoch 235/2000 | Train MSE: 30.477970
Epoch 236/2000 | Train MSE: 27.045090
Epoch 237/2000 | Train MSE: 24.354591
Epoch 238/2000 | Train MSE: 31.714300
Epoch 239/2000 | Train MSE: 29.256178
Epoch 240/2000 | Train MSE: 27.732077
Epoch 241/2000 | Train MSE: 31.192346
Epoch 242/2000 | Train MSE: 65.225471
Epoch 243/2000 | Train MSE: 30.196441
Epoch 244/2000 | Train MSE: 33.153059
Epoch 245/2000 | Train MSE: 27.704504
Epoch 246/2000 | Train MSE: 72.634888
Epoch 247/2000 | Train MSE: 90.156751
Epoch 248/2000 | Train MSE: 128.300310
Epoch 249/2000 | Train MSE: 100.786649
Epoch 250/2000 | Train MSE: 102.135632
Epoch 251/2000 | Train MSE: 185.050007
Epoch 252/2000 | Train MSE: 131.048576
Epoch 253/2000 | Train MSE: 95.504254
Epoch 254/2000 | Train MSE: 56.483855
Epoch 255/2000 | Train MSE: 64.530872
Epoch 256/2000 | Train MSE: 38.692543
Epoch 257/2000 | Train MSE: 35.756631
Epoch 258/2000 | Train MSE: 22.783852
Early stopping at epoch 258. Best training loss: 20.232500

Training H4

Epoch 1/2000 | Train MSE: 12095.676326
Epoch 2/2000 | Train MSE: 2197.983565
Epoch 3/2000 | Train MSE: 2060.965548
Epoch 4/2000 | Train MSE: 1785.218981
Epoch 5/2000 | Train MSE: 2070.249533
Epoch 6/2000 | Train MSE: 1791.769615
Epoch 7/2000 | Train MSE: 1540.588541
Epoch 8/2000 | Train MSE: 1749.288756
Epoch 9/2000 | Train MSE: 1515.354758
Epoch 10/2000 | Train MSE: 1457.838745
Epoch 11/2000 | Train MSE: 1833.191065
Epoch 12/2000 | Train MSE: 1310.002619
Epoch 13/2000 | Train MSE: 1368.712141
Epoch 14/2000 | Train MSE: 1589.996175
Epoch 15/2000 | Train MSE: 1386.034611
Epoch 16/2000 | Train MSE: 1223.889968
Epoch 17/2000 | Train MSE: 1127.563016
Epoch 18/2000 | Train MSE: 1192.710966
Epoch 19/2000 | Train MSE: 1288.482570
Epoch 20/2000 | Train MSE: 1135.004324
Epoch 21/2000 | Train MSE: 1317.581471
Epoch 22/2000 | Train MSE: 1106.297143
Epoch 23/2000 | Train MSE: 1319.965213
Epoch 24/2000 | Train MSE: 1125.078060
Epoch 25/2000 | Train MSE: 1200.149677
Epoch 26/2000 | Train MSE: 1162.567209
Epoch 27/2000 | Train MSE: 1267.134648
Epoch 28/2000 | Train MSE: 1036.529965
Epoch 29/2000 | Train MSE: 988.309824
Epoch 30/2000 | Train MSE: 1002.382591
Epoch 31/2000 | Train MSE: 1058.465971
Epoch 32/2000 | Train MSE: 1099.711454
Epoch 33/2000 | Train MSE: 922.399140
Epoch 34/2000 | Train MSE: 1251.448015
Epoch 35/2000 | Train MSE: 1527.970538
Epoch 36/2000 | Train MSE: 953.815984
Epoch 37/2000 | Train MSE: 900.637146
Epoch 38/2000 | Train MSE: 1010.226840
Epoch 39/2000 | Train MSE: 1136.149342
Epoch 40/2000 | Train MSE: 1073.299107
Epoch 41/2000 | Train MSE: 1082.511738
Epoch 42/2000 | Train MSE: 1039.765146
Epoch 43/2000 | Train MSE: 901.314050
Epoch 44/2000 | Train MSE: 867.096488
Epoch 45/2000 | Train MSE: 975.836973
Epoch 46/2000 | Train MSE: 1097.853872
Epoch 47/2000 | Train MSE: 1200.884546
Epoch 48/2000 | Train MSE: 896.777052
Epoch 49/2000 | Train MSE: 1372.938506
Epoch 50/2000 | Train MSE: 809.803794
Epoch 51/2000 | Train MSE: 863.889983
Epoch 52/2000 | Train MSE: 973.510193
Epoch 53/2000 | Train MSE: 778.236066
Epoch 54/2000 | Train MSE: 923.526750
Epoch 55/2000 | Train MSE: 796.294969
Epoch 56/2000 | Train MSE: 1065.200190
Epoch 57/2000 | Train MSE: 760.037207
Epoch 58/2000 | Train MSE: 737.432001
Epoch 59/2000 | Train MSE: 915.822476
Epoch 60/2000 | Train MSE: 735.452037
Epoch 61/2000 | Train MSE: 929.481786
Epoch 62/2000 | Train MSE: 875.539604
Epoch 63/2000 | Train MSE: 718.053887
Epoch 64/2000 | Train MSE: 742.124801
Epoch 65/2000 | Train MSE: 641.412849
Epoch 66/2000 | Train MSE: 710.670797
Epoch 67/2000 | Train MSE: 778.100715
Epoch 68/2000 | Train MSE: 622.780540
Epoch 69/2000 | Train MSE: 607.379723
Epoch 70/2000 | Train MSE: 691.016986
Epoch 71/2000 | Train MSE: 729.479073
Epoch 72/2000 | Train MSE: 767.830910
Epoch 73/2000 | Train MSE: 547.133764
Epoch 74/2000 | Train MSE: 645.444856
Epoch 75/2000 | Train MSE: 698.842943
Epoch 76/2000 | Train MSE: 622.701732
Epoch 77/2000 | Train MSE: 588.482102
Epoch 78/2000 | Train MSE: 463.615456
Epoch 79/2000 | Train MSE: 662.737119
Epoch 80/2000 | Train MSE: 779.417579
Epoch 81/2000 | Train MSE: 526.400765
Epoch 82/2000 | Train MSE: 466.000498
Epoch 83/2000 | Train MSE: 459.317918
Epoch 84/2000 | Train MSE: 615.189547
Epoch 85/2000 | Train MSE: 519.057976
Epoch 86/2000 | Train MSE: 557.236837
Epoch 87/2000 | Train MSE: 483.167052
Epoch 88/2000 | Train MSE: 512.654039
Epoch 89/2000 | Train MSE: 512.108738
Epoch 90/2000 | Train MSE: 430.504330
Epoch 91/2000 | Train MSE: 320.699621
Epoch 92/2000 | Train MSE: 469.403220
Epoch 93/2000 | Train MSE: 385.319385
Epoch 94/2000 | Train MSE: 275.655898
Epoch 95/2000 | Train MSE: 295.918860
Epoch 96/2000 | Train MSE: 320.253960
Epoch 97/2000 | Train MSE: 313.941763
Epoch 98/2000 | Train MSE: 293.165448
Epoch 99/2000 | Train MSE: 239.759726
Epoch 100/2000 | Train MSE: 198.349764
Epoch 101/2000 | Train MSE: 214.374966
Epoch 102/2000 | Train MSE: 180.508166
Epoch 103/2000 | Train MSE: 174.642073
Epoch 104/2000 | Train MSE: 157.460209
Epoch 105/2000 | Train MSE: 171.035177
Epoch 106/2000 | Train MSE: 207.995581
Epoch 107/2000 | Train MSE: 179.491365
Epoch 108/2000 | Train MSE: 150.245932
Epoch 109/2000 | Train MSE: 144.344239
Epoch 110/2000 | Train MSE: 132.268095
Epoch 111/2000 | Train MSE: 198.708642
Epoch 112/2000 | Train MSE: 238.666089
Epoch 113/2000 | Train MSE: 183.288696
Epoch 114/2000 | Train MSE: 164.231597
Epoch 115/2000 | Train MSE: 172.696836
Epoch 116/2000 | Train MSE: 200.355524
Epoch 117/2000 | Train MSE: 139.907284
Epoch 118/2000 | Train MSE: 130.156836
Epoch 119/2000 | Train MSE: 105.169016
Epoch 120/2000 | Train MSE: 91.435032
Epoch 121/2000 | Train MSE: 95.480480
Epoch 122/2000 | Train MSE: 81.415736
Epoch 123/2000 | Train MSE: 89.711780
Epoch 124/2000 | Train MSE: 74.633651
Epoch 125/2000 | Train MSE: 117.992334
Epoch 126/2000 | Train MSE: 121.725270
Epoch 127/2000 | Train MSE: 140.771964
Epoch 128/2000 | Train MSE: 109.275849
Epoch 129/2000 | Train MSE: 88.412032
Epoch 130/2000 | Train MSE: 273.973774
Epoch 131/2000 | Train MSE: 323.418137
Epoch 132/2000 | Train MSE: 248.464097
Epoch 133/2000 | Train MSE: 312.674591
Epoch 134/2000 | Train MSE: 240.737191
Epoch 135/2000 | Train MSE: 123.970517
Epoch 136/2000 | Train MSE: 124.891890
Epoch 137/2000 | Train MSE: 91.443148
Epoch 138/2000 | Train MSE: 64.332615
Epoch 139/2000 | Train MSE: 77.550197
Epoch 140/2000 | Train MSE: 41.914470
Epoch 141/2000 | Train MSE: 52.187182
Epoch 142/2000 | Train MSE: 71.844073
Epoch 143/2000 | Train MSE: 81.857100
Epoch 144/2000 | Train MSE: 43.701740
Epoch 145/2000 | Train MSE: 42.303994
Epoch 146/2000 | Train MSE: 27.951903
Epoch 147/2000 | Train MSE: 26.949448
Epoch 148/2000 | Train MSE: 21.981356
Epoch 149/2000 | Train MSE: 20.168423
Epoch 150/2000 | Train MSE: 19.547461
Epoch 151/2000 | Train MSE: 18.243044
Epoch 152/2000 | Train MSE: 14.429987
Epoch 153/2000 | Train MSE: 16.272498
Epoch 154/2000 | Train MSE: 31.622800
Epoch 155/2000 | Train MSE: 42.995561
Epoch 156/2000 | Train MSE: 76.241912
Epoch 157/2000 | Train MSE: 70.116535
Epoch 158/2000 | Train MSE: 43.417722
Epoch 159/2000 | Train MSE: 79.206891
Epoch 160/2000 | Train MSE: 35.741528
Epoch 161/2000 | Train MSE: 37.422364
Epoch 162/2000 | Train MSE: 83.222409
Epoch 163/2000 | Train MSE: 91.062072
Epoch 164/2000 | Train MSE: 126.974527
Epoch 165/2000 | Train MSE: 141.307842
Epoch 166/2000 | Train MSE: 269.766499
Epoch 167/2000 | Train MSE: 381.171910
Epoch 168/2000 | Train MSE: 244.032622
Epoch 169/2000 | Train MSE: 196.760529
Epoch 170/2000 | Train MSE: 174.742944
Epoch 171/2000 | Train MSE: 129.857148
Epoch 172/2000 | Train MSE: 110.788177
Epoch 173/2000 | Train MSE: 69.913644
Epoch 174/2000 | Train MSE: 80.386803
Epoch 175/2000 | Train MSE: 51.075840
Epoch 176/2000 | Train MSE: 44.852670
Epoch 177/2000 | Train MSE: 31.349191
Epoch 178/2000 | Train MSE: 35.094454
Epoch 179/2000 | Train MSE: 25.562464
Epoch 180/2000 | Train MSE: 28.223406
Epoch 181/2000 | Train MSE: 28.333505
Epoch 182/2000 | Train MSE: 31.402335
Epoch 183/2000 | Train MSE: 27.035255
Epoch 184/2000 | Train MSE: 21.157417
Epoch 185/2000 | Train MSE: 15.615935
Epoch 186/2000 | Train MSE: 15.599331
Epoch 187/2000 | Train MSE: 21.332940
Epoch 188/2000 | Train MSE: 21.291647
Epoch 189/2000 | Train MSE: 19.698835
Epoch 190/2000 | Train MSE: 14.333753
Epoch 191/2000 | Train MSE: 13.458455
Epoch 192/2000 | Train MSE: 12.040291
Epoch 193/2000 | Train MSE: 19.264008
Epoch 194/2000 | Train MSE: 16.654698
Epoch 195/2000 | Train MSE: 14.959362
Epoch 196/2000 | Train MSE: 23.538616
Epoch 197/2000 | Train MSE: 35.403065
Epoch 198/2000 | Train MSE: 81.711741
Epoch 199/2000 | Train MSE: 103.384228
Epoch 200/2000 | Train MSE: 81.527813
Epoch 201/2000 | Train MSE: 107.536009
Epoch 202/2000 | Train MSE: 88.328482
Epoch 203/2000 | Train MSE: 77.802324
Epoch 204/2000 | Train MSE: 52.508652
Epoch 205/2000 | Train MSE: 72.665834
Epoch 206/2000 | Train MSE: 103.979186
Epoch 207/2000 | Train MSE: 107.009696
Epoch 208/2000 | Train MSE: 92.528397
Epoch 209/2000 | Train MSE: 197.882748
Epoch 210/2000 | Train MSE: 128.872596
Epoch 211/2000 | Train MSE: 292.946074
Epoch 212/2000 | Train MSE: 364.202122
Epoch 213/2000 | Train MSE: 230.252999
Epoch 214/2000 | Train MSE: 170.408659
Epoch 215/2000 | Train MSE: 88.304812
Epoch 216/2000 | Train MSE: 75.509169
Epoch 217/2000 | Train MSE: 48.906723
Epoch 218/2000 | Train MSE: 57.800429
Epoch 219/2000 | Train MSE: 69.341172
Epoch 220/2000 | Train MSE: 48.417055
Epoch 221/2000 | Train MSE: 53.152118
Epoch 222/2000 | Train MSE: 41.444204
Epoch 223/2000 | Train MSE: 26.590999
Epoch 224/2000 | Train MSE: 15.862379
Epoch 225/2000 | Train MSE: 22.961611
Epoch 226/2000 | Train MSE: 18.442263
Epoch 227/2000 | Train MSE: 25.133577
Epoch 228/2000 | Train MSE: 36.934390
Epoch 229/2000 | Train MSE: 56.152206
Epoch 230/2000 | Train MSE: 47.970068
Epoch 231/2000 | Train MSE: 51.487849
Epoch 232/2000 | Train MSE: 36.267732
Epoch 233/2000 | Train MSE: 39.295329
Epoch 234/2000 | Train MSE: 24.591590
Epoch 235/2000 | Train MSE: 28.968738
Epoch 236/2000 | Train MSE: 28.385174
Epoch 237/2000 | Train MSE: 22.037894
Epoch 238/2000 | Train MSE: 21.544892
Epoch 239/2000 | Train MSE: 11.592692
Epoch 240/2000 | Train MSE: 7.562824
Epoch 241/2000 | Train MSE: 7.679535
Epoch 242/2000 | Train MSE: 5.191054
Epoch 243/2000 | Train MSE: 5.997927
Epoch 244/2000 | Train MSE: 4.547757
Epoch 245/2000 | Train MSE: 3.905871
Epoch 246/2000 | Train MSE: 2.405436
Epoch 247/2000 | Train MSE: 2.294217
Epoch 248/2000 | Train MSE: 1.438790
Epoch 249/2000 | Train MSE: 2.414981
Epoch 250/2000 | Train MSE: 2.730617
Epoch 251/2000 | Train MSE: 3.146284
Epoch 252/2000 | Train MSE: 3.668115
Epoch 253/2000 | Train MSE: 5.317711
Epoch 254/2000 | Train MSE: 5.297772
Epoch 255/2000 | Train MSE: 5.340335
Epoch 256/2000 | Train MSE: 6.436156
Epoch 257/2000 | Train MSE: 4.708917
Epoch 258/2000 | Train MSE: 3.728680
Epoch 259/2000 | Train MSE: 2.615172
Epoch 260/2000 | Train MSE: 5.710749
Epoch 261/2000 | Train MSE: 5.683125
Epoch 262/2000 | Train MSE: 8.867976
Epoch 263/2000 | Train MSE: 20.252512
Epoch 264/2000 | Train MSE: 16.556196
Epoch 265/2000 | Train MSE: 20.631906
Epoch 266/2000 | Train MSE: 54.505585
Epoch 267/2000 | Train MSE: 82.131043
Epoch 268/2000 | Train MSE: 518.283963
Epoch 269/2000 | Train MSE: 449.497582
Epoch 270/2000 | Train MSE: 676.428298
Epoch 271/2000 | Train MSE: 694.089817
Epoch 272/2000 | Train MSE: 620.316519
Epoch 273/2000 | Train MSE: 713.408535
Epoch 274/2000 | Train MSE: 384.136342
Epoch 275/2000 | Train MSE: 185.388476
Epoch 276/2000 | Train MSE: 147.963386
Epoch 277/2000 | Train MSE: 94.192330
Epoch 278/2000 | Train MSE: 66.921486
Epoch 279/2000 | Train MSE: 75.829747
Epoch 280/2000 | Train MSE: 47.028633
Epoch 281/2000 | Train MSE: 45.614341
Epoch 282/2000 | Train MSE: 38.480564
Epoch 283/2000 | Train MSE: 27.428801
Epoch 284/2000 | Train MSE: 22.031766
Epoch 285/2000 | Train MSE: 14.580897
Epoch 286/2000 | Train MSE: 9.304313
Epoch 287/2000 | Train MSE: 7.114895
Epoch 288/2000 | Train MSE: 5.321248
Epoch 289/2000 | Train MSE: 3.931656
Epoch 290/2000 | Train MSE: 4.214178
Epoch 291/2000 | Train MSE: 4.188211
Epoch 292/2000 | Train MSE: 3.827111
Epoch 293/2000 | Train MSE: 3.142283
Epoch 294/2000 | Train MSE: 2.314551
Epoch 295/2000 | Train MSE: 2.329214
Epoch 296/2000 | Train MSE: 2.425242
Epoch 297/2000 | Train MSE: 1.721131
Epoch 298/2000 | Train MSE: 1.418033
Epoch 299/2000 | Train MSE: 1.385553
Epoch 300/2000 | Train MSE: 0.995412
Epoch 301/2000 | Train MSE: 1.489897
Epoch 302/2000 | Train MSE: 2.672298
Epoch 303/2000 | Train MSE: 4.647534
Epoch 304/2000 | Train MSE: 5.623963
Epoch 305/2000 | Train MSE: 14.657610
Epoch 306/2000 | Train MSE: 8.600789
Epoch 307/2000 | Train MSE: 8.818054
Epoch 308/2000 | Train MSE: 8.872318
Epoch 309/2000 | Train MSE: 7.071504
Epoch 310/2000 | Train MSE: 5.907870
Epoch 311/2000 | Train MSE: 5.809726
Epoch 312/2000 | Train MSE: 6.278418
Epoch 313/2000 | Train MSE: 18.166221
Epoch 314/2000 | Train MSE: 30.808763
Epoch 315/2000 | Train MSE: 30.631375
Epoch 316/2000 | Train MSE: 35.934292
Epoch 317/2000 | Train MSE: 37.282049
Epoch 318/2000 | Train MSE: 72.151290
Epoch 319/2000 | Train MSE: 61.981368
Epoch 320/2000 | Train MSE: 34.819686
Epoch 321/2000 | Train MSE: 30.705521
Epoch 322/2000 | Train MSE: 31.612438
Epoch 323/2000 | Train MSE: 40.814068
Epoch 324/2000 | Train MSE: 93.787954
Epoch 325/2000 | Train MSE: 101.443872
Epoch 326/2000 | Train MSE: 124.321932
Epoch 327/2000 | Train MSE: 118.639070
Epoch 328/2000 | Train MSE: 107.280961
Epoch 329/2000 | Train MSE: 100.879172
Epoch 330/2000 | Train MSE: 316.056790
Epoch 331/2000 | Train MSE: 298.571321
Epoch 332/2000 | Train MSE: 189.256699
Epoch 333/2000 | Train MSE: 167.904338
Epoch 334/2000 | Train MSE: 128.584135
Epoch 335/2000 | Train MSE: 68.246790
Epoch 336/2000 | Train MSE: 49.876519
Epoch 337/2000 | Train MSE: 31.142512
Epoch 338/2000 | Train MSE: 18.494464
Epoch 339/2000 | Train MSE: 10.244493
Epoch 340/2000 | Train MSE: 9.682374
Epoch 341/2000 | Train MSE: 11.788905
Epoch 342/2000 | Train MSE: 24.042802
Epoch 343/2000 | Train MSE: 21.242691
Epoch 344/2000 | Train MSE: 30.846636
Epoch 345/2000 | Train MSE: 67.289725
Epoch 346/2000 | Train MSE: 67.852908
Epoch 347/2000 | Train MSE: 47.067580
Epoch 348/2000 | Train MSE: 62.916828
Epoch 349/2000 | Train MSE: 23.257399
Epoch 350/2000 | Train MSE: 26.340199
Early stopping at epoch 350. Best training loss: 0.995412

Training H5

Epoch 1/2000 | Train MSE: 18395.914154
Epoch 2/2000 | Train MSE: 3862.107214
Epoch 3/2000 | Train MSE: 2326.175619
Epoch 4/2000 | Train MSE: 1929.513658
Epoch 5/2000 | Train MSE: 1879.364875
Epoch 6/2000 | Train MSE: 1673.513503
Epoch 7/2000 | Train MSE: 1713.371715
Epoch 8/2000 | Train MSE: 1601.281079
Epoch 9/2000 | Train MSE: 1482.473236
Epoch 10/2000 | Train MSE: 1460.366150
Epoch 11/2000 | Train MSE: 1443.145091
Epoch 12/2000 | Train MSE: 1396.231200
Epoch 13/2000 | Train MSE: 1359.978995
Epoch 14/2000 | Train MSE: 1493.029950
Epoch 15/2000 | Train MSE: 1479.318624
Epoch 16/2000 | Train MSE: 1338.285797
Epoch 17/2000 | Train MSE: 1203.767551
Epoch 18/2000 | Train MSE: 1305.890957
Epoch 19/2000 | Train MSE: 1405.090951
Epoch 20/2000 | Train MSE: 1360.251410
Epoch 21/2000 | Train MSE: 1702.488738
Epoch 22/2000 | Train MSE: 1122.773293
Epoch 23/2000 | Train MSE: 1437.730812
Epoch 24/2000 | Train MSE: 1309.055540
Epoch 25/2000 | Train MSE: 1431.107758
Epoch 26/2000 | Train MSE: 1060.364928
Epoch 27/2000 | Train MSE: 1306.024116
Epoch 28/2000 | Train MSE: 1053.533538
Epoch 29/2000 | Train MSE: 1025.957854
Epoch 30/2000 | Train MSE: 1178.397195
Epoch 31/2000 | Train MSE: 1006.800227
Epoch 32/2000 | Train MSE: 1207.774586
Epoch 33/2000 | Train MSE: 1290.174055
Epoch 34/2000 | Train MSE: 1232.897490
Epoch 35/2000 | Train MSE: 1254.531344
Epoch 36/2000 | Train MSE: 1010.089871
Epoch 37/2000 | Train MSE: 1027.531149
Epoch 38/2000 | Train MSE: 1040.352696
Epoch 39/2000 | Train MSE: 944.881947
Epoch 40/2000 | Train MSE: 1112.883487
Epoch 41/2000 | Train MSE: 1044.317953
Epoch 42/2000 | Train MSE: 1086.802062
Epoch 43/2000 | Train MSE: 1662.346700
Epoch 44/2000 | Train MSE: 942.761414
Epoch 45/2000 | Train MSE: 1103.476845
Epoch 46/2000 | Train MSE: 1073.594248
Epoch 47/2000 | Train MSE: 1031.897605
Epoch 48/2000 | Train MSE: 883.092325
Epoch 49/2000 | Train MSE: 1086.973827
Epoch 50/2000 | Train MSE: 949.830170
Epoch 51/2000 | Train MSE: 822.072192
Epoch 52/2000 | Train MSE: 898.944623
Epoch 53/2000 | Train MSE: 854.907482
Epoch 54/2000 | Train MSE: 798.375183
Epoch 55/2000 | Train MSE: 846.123271
Epoch 56/2000 | Train MSE: 1000.758192
Epoch 57/2000 | Train MSE: 1105.684083
Epoch 58/2000 | Train MSE: 866.583401
Epoch 59/2000 | Train MSE: 984.884019
Epoch 60/2000 | Train MSE: 1234.168713
Epoch 61/2000 | Train MSE: 1037.783938
Epoch 62/2000 | Train MSE: 826.338145
Epoch 63/2000 | Train MSE: 882.463904
Epoch 64/2000 | Train MSE: 729.139443
Epoch 65/2000 | Train MSE: 727.291398
Epoch 66/2000 | Train MSE: 1112.709155
Epoch 67/2000 | Train MSE: 1057.827657
Epoch 68/2000 | Train MSE: 914.928083
Epoch 69/2000 | Train MSE: 710.606938
Epoch 70/2000 | Train MSE: 830.100413
Epoch 71/2000 | Train MSE: 689.090960
Epoch 72/2000 | Train MSE: 734.084181
Epoch 73/2000 | Train MSE: 901.600500
Epoch 74/2000 | Train MSE: 809.980069
Epoch 75/2000 | Train MSE: 669.107761
Epoch 76/2000 | Train MSE: 756.753418
Epoch 77/2000 | Train MSE: 786.541582
Epoch 78/2000 | Train MSE: 703.098490
Epoch 79/2000 | Train MSE: 807.865260
Epoch 80/2000 | Train MSE: 630.508954
Epoch 81/2000 | Train MSE: 750.440920
Epoch 82/2000 | Train MSE: 908.647721
Epoch 83/2000 | Train MSE: 803.219039
Epoch 84/2000 | Train MSE: 662.628861
Epoch 85/2000 | Train MSE: 597.377942
Epoch 86/2000 | Train MSE: 530.074797
Epoch 87/2000 | Train MSE: 550.397456
Epoch 88/2000 | Train MSE: 534.383179
Epoch 89/2000 | Train MSE: 562.100889
Epoch 90/2000 | Train MSE: 518.304347
Epoch 91/2000 | Train MSE: 509.251957
Epoch 92/2000 | Train MSE: 368.355368
Epoch 93/2000 | Train MSE: 540.023447
Epoch 94/2000 | Train MSE: 518.124524
Epoch 95/2000 | Train MSE: 510.773151
Epoch 96/2000 | Train MSE: 594.343076
Epoch 97/2000 | Train MSE: 454.534800
Epoch 98/2000 | Train MSE: 402.443449
Epoch 99/2000 | Train MSE: 467.652473
Epoch 100/2000 | Train MSE: 528.594577
Epoch 101/2000 | Train MSE: 356.446906
Epoch 102/2000 | Train MSE: 360.070850
Epoch 103/2000 | Train MSE: 318.130325
Epoch 104/2000 | Train MSE: 589.357096
Epoch 105/2000 | Train MSE: 474.723506
Epoch 106/2000 | Train MSE: 312.678634
Epoch 107/2000 | Train MSE: 319.623832
Epoch 108/2000 | Train MSE: 464.344146
Epoch 109/2000 | Train MSE: 319.640461
Epoch 110/2000 | Train MSE: 251.667284
Epoch 111/2000 | Train MSE: 221.871890
Epoch 112/2000 | Train MSE: 450.189387
Epoch 113/2000 | Train MSE: 359.355853
Epoch 114/2000 | Train MSE: 243.125523
Epoch 115/2000 | Train MSE: 286.668435
Epoch 116/2000 | Train MSE: 295.332656
Epoch 117/2000 | Train MSE: 196.383654
Epoch 118/2000 | Train MSE: 170.071032
Epoch 119/2000 | Train MSE: 157.358922
Epoch 120/2000 | Train MSE: 180.888657
Epoch 121/2000 | Train MSE: 129.882322
Epoch 122/2000 | Train MSE: 136.008148
Epoch 123/2000 | Train MSE: 123.288322
Epoch 124/2000 | Train MSE: 130.959797
Epoch 125/2000 | Train MSE: 167.430818
Epoch 126/2000 | Train MSE: 151.974203
Epoch 127/2000 | Train MSE: 235.967324
Epoch 128/2000 | Train MSE: 201.766621
Epoch 129/2000 | Train MSE: 206.657453
Epoch 130/2000 | Train MSE: 215.142740
Epoch 131/2000 | Train MSE: 115.286676
Epoch 132/2000 | Train MSE: 82.807808
Epoch 133/2000 | Train MSE: 73.569154
Epoch 134/2000 | Train MSE: 107.502529
Epoch 135/2000 | Train MSE: 161.812527
Epoch 136/2000 | Train MSE: 130.771998
Epoch 137/2000 | Train MSE: 144.509585
Epoch 138/2000 | Train MSE: 220.666816
Epoch 139/2000 | Train MSE: 152.658534
Epoch 140/2000 | Train MSE: 114.459530
Epoch 141/2000 | Train MSE: 100.385201
Epoch 142/2000 | Train MSE: 122.053803
Epoch 143/2000 | Train MSE: 169.410030
Epoch 144/2000 | Train MSE: 145.527084
Epoch 145/2000 | Train MSE: 96.878055
Epoch 146/2000 | Train MSE: 86.489375
Epoch 147/2000 | Train MSE: 80.043853
Epoch 148/2000 | Train MSE: 89.182621
Epoch 149/2000 | Train MSE: 62.898573
Epoch 150/2000 | Train MSE: 72.560097
Epoch 151/2000 | Train MSE: 116.030612
Epoch 152/2000 | Train MSE: 153.654946
Epoch 153/2000 | Train MSE: 175.358848
Epoch 154/2000 | Train MSE: 95.188162
Epoch 155/2000 | Train MSE: 126.293926
Epoch 156/2000 | Train MSE: 163.633209
Epoch 157/2000 | Train MSE: 210.812052
Epoch 158/2000 | Train MSE: 165.095275
Epoch 159/2000 | Train MSE: 192.141529
Epoch 160/2000 | Train MSE: 141.180426
Epoch 161/2000 | Train MSE: 105.117712
Epoch 162/2000 | Train MSE: 78.052454
Epoch 163/2000 | Train MSE: 67.826195
Epoch 164/2000 | Train MSE: 52.124135
Epoch 165/2000 | Train MSE: 55.230381
Epoch 166/2000 | Train MSE: 42.225975
Epoch 167/2000 | Train MSE: 36.023901
Epoch 168/2000 | Train MSE: 19.264953
Epoch 169/2000 | Train MSE: 18.407488
Epoch 170/2000 | Train MSE: 19.151726
Epoch 171/2000 | Train MSE: 15.373934
Epoch 172/2000 | Train MSE: 15.187593
Epoch 173/2000 | Train MSE: 23.147702
Epoch 174/2000 | Train MSE: 18.878089
Epoch 175/2000 | Train MSE: 15.514984
Epoch 176/2000 | Train MSE: 14.524576
Epoch 177/2000 | Train MSE: 15.855366
Epoch 178/2000 | Train MSE: 32.612773
Epoch 179/2000 | Train MSE: 17.545044
Epoch 180/2000 | Train MSE: 13.936224
Epoch 181/2000 | Train MSE: 15.653682
Epoch 182/2000 | Train MSE: 14.409737
Epoch 183/2000 | Train MSE: 24.326367
Epoch 184/2000 | Train MSE: 25.351235
Epoch 185/2000 | Train MSE: 31.532522
Epoch 186/2000 | Train MSE: 30.009201
Epoch 187/2000 | Train MSE: 34.987610
Epoch 188/2000 | Train MSE: 33.315533
Epoch 189/2000 | Train MSE: 55.374971
Epoch 190/2000 | Train MSE: 48.702977
Epoch 191/2000 | Train MSE: 38.064693
Epoch 192/2000 | Train MSE: 48.441718
Epoch 193/2000 | Train MSE: 40.843664
Epoch 194/2000 | Train MSE: 76.139460
Epoch 195/2000 | Train MSE: 138.306939
Epoch 196/2000 | Train MSE: 339.550984
Epoch 197/2000 | Train MSE: 428.713424
Epoch 198/2000 | Train MSE: 339.496480
Epoch 199/2000 | Train MSE: 299.234349
Epoch 200/2000 | Train MSE: 209.171685
Epoch 201/2000 | Train MSE: 232.137983
Epoch 202/2000 | Train MSE: 253.243052
Epoch 203/2000 | Train MSE: 156.179013
Epoch 204/2000 | Train MSE: 106.021097
Epoch 205/2000 | Train MSE: 124.870135
Epoch 206/2000 | Train MSE: 113.997834
Epoch 207/2000 | Train MSE: 165.171052
Epoch 208/2000 | Train MSE: 348.123951
Epoch 209/2000 | Train MSE: 102.360205
Epoch 210/2000 | Train MSE: 85.071374
Epoch 211/2000 | Train MSE: 91.966609
Epoch 212/2000 | Train MSE: 69.145452
Epoch 213/2000 | Train MSE: 36.748527
Epoch 214/2000 | Train MSE: 21.976728
Epoch 215/2000 | Train MSE: 16.005438
Epoch 216/2000 | Train MSE: 14.151323
Epoch 217/2000 | Train MSE: 15.774263
Epoch 218/2000 | Train MSE: 41.193655
Epoch 219/2000 | Train MSE: 63.692666
Epoch 220/2000 | Train MSE: 31.110653
Epoch 221/2000 | Train MSE: 32.573223
Epoch 222/2000 | Train MSE: 20.793148
Epoch 223/2000 | Train MSE: 30.423209
Epoch 224/2000 | Train MSE: 23.391286
Epoch 225/2000 | Train MSE: 27.942649
Epoch 226/2000 | Train MSE: 24.454776
Epoch 227/2000 | Train MSE: 16.730211
Epoch 228/2000 | Train MSE: 15.745921
Epoch 229/2000 | Train MSE: 13.651516
Epoch 230/2000 | Train MSE: 12.942408
Epoch 231/2000 | Train MSE: 10.993928
Epoch 232/2000 | Train MSE: 11.712896
Epoch 233/2000 | Train MSE: 5.630914
Epoch 234/2000 | Train MSE: 5.880546
Epoch 235/2000 | Train MSE: 11.171554
Epoch 236/2000 | Train MSE: 16.351903
Epoch 237/2000 | Train MSE: 11.363813
Epoch 238/2000 | Train MSE: 8.579459
Epoch 239/2000 | Train MSE: 9.615467
Epoch 240/2000 | Train MSE: 20.939360
Epoch 241/2000 | Train MSE: 17.504583
Epoch 242/2000 | Train MSE: 43.875564
Epoch 243/2000 | Train MSE: 43.049827
Epoch 244/2000 | Train MSE: 107.459841
Epoch 245/2000 | Train MSE: 127.653249
Epoch 246/2000 | Train MSE: 110.898226
Epoch 247/2000 | Train MSE: 386.995621
Epoch 248/2000 | Train MSE: 570.068937
Epoch 249/2000 | Train MSE: 529.920941
Epoch 250/2000 | Train MSE: 232.522097
Epoch 251/2000 | Train MSE: 249.363540
Epoch 252/2000 | Train MSE: 156.432780
Epoch 253/2000 | Train MSE: 95.762992
Epoch 254/2000 | Train MSE: 71.576774
Epoch 255/2000 | Train MSE: 71.428122
Epoch 256/2000 | Train MSE: 68.613719
Epoch 257/2000 | Train MSE: 89.650652
Epoch 258/2000 | Train MSE: 69.534480
Epoch 259/2000 | Train MSE: 61.810992
Epoch 260/2000 | Train MSE: 40.581207
Epoch 261/2000 | Train MSE: 51.484636
Epoch 262/2000 | Train MSE: 64.849813
Epoch 263/2000 | Train MSE: 38.677502
Epoch 264/2000 | Train MSE: 53.076145
Epoch 265/2000 | Train MSE: 34.468126
Epoch 266/2000 | Train MSE: 25.745846
Epoch 267/2000 | Train MSE: 17.920250
Epoch 268/2000 | Train MSE: 11.605965
Epoch 269/2000 | Train MSE: 9.191958
Epoch 270/2000 | Train MSE: 6.866881
Epoch 271/2000 | Train MSE: 6.738860
Epoch 272/2000 | Train MSE: 5.575282
Epoch 273/2000 | Train MSE: 7.865070
Epoch 274/2000 | Train MSE: 10.781786
Epoch 275/2000 | Train MSE: 15.613088
Epoch 276/2000 | Train MSE: 12.066745
Epoch 277/2000 | Train MSE: 19.049934
Epoch 278/2000 | Train MSE: 24.442563
Epoch 279/2000 | Train MSE: 16.340877
Epoch 280/2000 | Train MSE: 16.864836
Epoch 281/2000 | Train MSE: 12.966408
Epoch 282/2000 | Train MSE: 18.012896
Epoch 283/2000 | Train MSE: 44.117854
Epoch 284/2000 | Train MSE: 154.006460
Epoch 285/2000 | Train MSE: 154.297497
Epoch 286/2000 | Train MSE: 369.811754
Epoch 287/2000 | Train MSE: 381.031916
Epoch 288/2000 | Train MSE: 371.769894
Epoch 289/2000 | Train MSE: 220.436790
Epoch 290/2000 | Train MSE: 206.635112
Epoch 291/2000 | Train MSE: 274.475168
Epoch 292/2000 | Train MSE: 187.861650
Epoch 293/2000 | Train MSE: 97.798942
Epoch 294/2000 | Train MSE: 67.817657
Epoch 295/2000 | Train MSE: 38.986085
Epoch 296/2000 | Train MSE: 33.766420
Epoch 297/2000 | Train MSE: 20.998260
Epoch 298/2000 | Train MSE: 26.521500
Epoch 299/2000 | Train MSE: 14.106972
Epoch 300/2000 | Train MSE: 24.614522
Epoch 301/2000 | Train MSE: 20.536039
Epoch 302/2000 | Train MSE: 12.294779
Epoch 303/2000 | Train MSE: 7.492032
Epoch 304/2000 | Train MSE: 7.139445
Epoch 305/2000 | Train MSE: 6.603530
Epoch 306/2000 | Train MSE: 7.095475
Epoch 307/2000 | Train MSE: 4.695877
Epoch 308/2000 | Train MSE: 3.405999
Epoch 309/2000 | Train MSE: 2.760188
Epoch 310/2000 | Train MSE: 4.957460
Epoch 311/2000 | Train MSE: 8.603087
Epoch 312/2000 | Train MSE: 7.979073
Epoch 313/2000 | Train MSE: 4.886128
Epoch 314/2000 | Train MSE: 4.271327
Epoch 315/2000 | Train MSE: 4.121086
Epoch 316/2000 | Train MSE: 3.195698
Epoch 317/2000 | Train MSE: 4.140949
Epoch 318/2000 | Train MSE: 4.248582
Epoch 319/2000 | Train MSE: 11.179569
Epoch 320/2000 | Train MSE: 11.769681
Epoch 321/2000 | Train MSE: 17.999714
Epoch 322/2000 | Train MSE: 15.184945
Epoch 323/2000 | Train MSE: 17.653725
Epoch 324/2000 | Train MSE: 8.283451
Epoch 325/2000 | Train MSE: 5.687173
Epoch 326/2000 | Train MSE: 12.378855
Epoch 327/2000 | Train MSE: 12.478514
Epoch 328/2000 | Train MSE: 21.448594
Epoch 329/2000 | Train MSE: 17.191586
Epoch 330/2000 | Train MSE: 16.840546
Epoch 331/2000 | Train MSE: 24.085517
Epoch 332/2000 | Train MSE: 26.758114
Epoch 333/2000 | Train MSE: 22.564954
Epoch 334/2000 | Train MSE: 15.837252
Epoch 335/2000 | Train MSE: 12.746442
Epoch 336/2000 | Train MSE: 32.127547
Epoch 337/2000 | Train MSE: 58.283711
Epoch 338/2000 | Train MSE: 117.556417
Epoch 339/2000 | Train MSE: 180.327535
Epoch 340/2000 | Train MSE: 222.134576
Epoch 341/2000 | Train MSE: 483.204096
Epoch 342/2000 | Train MSE: 874.680634
Epoch 343/2000 | Train MSE: 329.170609
Epoch 344/2000 | Train MSE: 175.397329
Epoch 345/2000 | Train MSE: 143.936643
Epoch 346/2000 | Train MSE: 106.516960
Epoch 347/2000 | Train MSE: 125.109475
Epoch 348/2000 | Train MSE: 64.753833
Epoch 349/2000 | Train MSE: 40.877113
Epoch 350/2000 | Train MSE: 41.721257
Epoch 351/2000 | Train MSE: 20.656910
Epoch 352/2000 | Train MSE: 14.970282
Epoch 353/2000 | Train MSE: 14.722031
Epoch 354/2000 | Train MSE: 12.472873
Epoch 355/2000 | Train MSE: 7.959175
Epoch 356/2000 | Train MSE: 9.174050
Epoch 357/2000 | Train MSE: 6.222773
Epoch 358/2000 | Train MSE: 4.931250
Epoch 359/2000 | Train MSE: 7.451430
Early stopping at epoch 359. Best training loss: 2.760188

           ===== Results =====
           MSE : 1497.87402344
           MAE : 28.08540535
           RMSE: 38.70237749
           R²  : 0.46719772

    --- Executing dataset BIDMC32HR --- 

Training H1

Epoch 1/2000 | Train MSE: 488.711471
Epoch 2/2000 | Train MSE: 27.608576
Epoch 3/2000 | Train MSE: 14.441052
Epoch 4/2000 | Train MSE: 11.351177
Epoch 5/2000 | Train MSE: 9.042280
Epoch 6/2000 | Train MSE: 10.866046
Epoch 7/2000 | Train MSE: 10.534998
Epoch 8/2000 | Train MSE: 7.772352
Epoch 9/2000 | Train MSE: 17.468517
Epoch 10/2000 | Train MSE: 7.844908
Epoch 11/2000 | Train MSE: 8.936731
Epoch 12/2000 | Train MSE: 3.674460
Epoch 13/2000 | Train MSE: 19.803650
Epoch 14/2000 | Train MSE: 3.810827
Epoch 15/2000 | Train MSE: 4.501678
Epoch 16/2000 | Train MSE: 5.884800
Epoch 17/2000 | Train MSE: 14.689167
Epoch 18/2000 | Train MSE: 6.521822
Epoch 19/2000 | Train MSE: 2.529381
Epoch 20/2000 | Train MSE: 9.921505
Epoch 21/2000 | Train MSE: 8.611291
Epoch 22/2000 | Train MSE: 4.461043
Epoch 23/2000 | Train MSE: 2.457897
Epoch 24/2000 | Train MSE: 8.093280
Epoch 25/2000 | Train MSE: 3.364008
Epoch 26/2000 | Train MSE: 5.327835
Epoch 27/2000 | Train MSE: 5.844316
Epoch 28/2000 | Train MSE: 7.542544
Epoch 29/2000 | Train MSE: 3.339193
Epoch 30/2000 | Train MSE: 2.367570
Epoch 31/2000 | Train MSE: 7.861247
Epoch 32/2000 | Train MSE: 4.543684
Epoch 33/2000 | Train MSE: 2.784645
Epoch 34/2000 | Train MSE: 3.464673
Epoch 35/2000 | Train MSE: 2.868946
Epoch 36/2000 | Train MSE: 8.440762
Epoch 37/2000 | Train MSE: 2.477279
Epoch 38/2000 | Train MSE: 3.519589
Epoch 39/2000 | Train MSE: 2.194151
Epoch 40/2000 | Train MSE: 5.000953
Epoch 41/2000 | Train MSE: 1.967155
Epoch 42/2000 | Train MSE: 2.744513
Epoch 43/2000 | Train MSE: 4.355355
Epoch 44/2000 | Train MSE: 2.212037
Epoch 45/2000 | Train MSE: 1.821634
Epoch 46/2000 | Train MSE: 2.516891
Epoch 47/2000 | Train MSE: 5.028543
Epoch 48/2000 | Train MSE: 3481.548140
Epoch 49/2000 | Train MSE: 32.962160
Epoch 50/2000 | Train MSE: 19.789968
Epoch 51/2000 | Train MSE: 12.169960
Epoch 52/2000 | Train MSE: 10.732905
Epoch 53/2000 | Train MSE: 7.586841
Epoch 54/2000 | Train MSE: 6.658466
Epoch 55/2000 | Train MSE: 6.387441
Epoch 56/2000 | Train MSE: 6.550600
Epoch 57/2000 | Train MSE: 5.398935
Epoch 58/2000 | Train MSE: 5.333801
Epoch 59/2000 | Train MSE: 4.457198
Epoch 60/2000 | Train MSE: 4.573327
Epoch 61/2000 | Train MSE: 4.935006
Epoch 62/2000 | Train MSE: 4.608239
Epoch 63/2000 | Train MSE: 3.863818
Epoch 64/2000 | Train MSE: 5.010483
Epoch 65/2000 | Train MSE: 4.600402
Epoch 66/2000 | Train MSE: 5.244244
Epoch 67/2000 | Train MSE: 5.357570
Epoch 68/2000 | Train MSE: 4.273250
Epoch 69/2000 | Train MSE: 3.075298
Epoch 70/2000 | Train MSE: 4.928697
Epoch 71/2000 | Train MSE: 4.090810
Epoch 72/2000 | Train MSE: 3.553714
Epoch 73/2000 | Train MSE: 3.810137
Epoch 74/2000 | Train MSE: 4.328632
Epoch 75/2000 | Train MSE: 3.166299
Epoch 76/2000 | Train MSE: 3.357051
Epoch 77/2000 | Train MSE: 3.467710
Epoch 78/2000 | Train MSE: 4.695757
Epoch 79/2000 | Train MSE: 2.958626
Epoch 80/2000 | Train MSE: 2.667099
Epoch 81/2000 | Train MSE: 3.720226
Epoch 82/2000 | Train MSE: 2.643074
Epoch 83/2000 | Train MSE: 2.400748
Epoch 84/2000 | Train MSE: 2.659079
Epoch 85/2000 | Train MSE: 4.199323
Epoch 86/2000 | Train MSE: 3.052514
Epoch 87/2000 | Train MSE: 4.058869
Epoch 88/2000 | Train MSE: 4.423482
Epoch 89/2000 | Train MSE: 4.115996
Epoch 90/2000 | Train MSE: 2.120799
Epoch 91/2000 | Train MSE: 2.074678
Epoch 92/2000 | Train MSE: 2.274733
Epoch 93/2000 | Train MSE: 2.515282
Epoch 94/2000 | Train MSE: 2.788523
Epoch 95/2000 | Train MSE: 3.797255
Early stopping at epoch 95. Best training loss: 1.821634

Training H2

Epoch 1/2000 | Train MSE: 666.893542
Epoch 2/2000 | Train MSE: 13.466259
Epoch 3/2000 | Train MSE: 7.560918
Epoch 4/2000 | Train MSE: 7.882644
Epoch 5/2000 | Train MSE: 6.726629
Epoch 6/2000 | Train MSE: 5.819123
Epoch 7/2000 | Train MSE: 5.301023
Epoch 8/2000 | Train MSE: 5.491457
Epoch 9/2000 | Train MSE: 16.014457
Epoch 10/2000 | Train MSE: 7.993655
Epoch 11/2000 | Train MSE: 6.571175
Epoch 12/2000 | Train MSE: 4.846681
Epoch 13/2000 | Train MSE: 10.171512
Epoch 14/2000 | Train MSE: 38.812005
Epoch 15/2000 | Train MSE: 3.413769
Epoch 16/2000 | Train MSE: 3.811470
Epoch 17/2000 | Train MSE: 3.157074
Epoch 18/2000 | Train MSE: 2.872322
Epoch 19/2000 | Train MSE: 3.855631
Epoch 20/2000 | Train MSE: 1.971949
Epoch 21/2000 | Train MSE: 6826.652341
Epoch 22/2000 | Train MSE: 77.415681
Epoch 23/2000 | Train MSE: 26.827457
Epoch 24/2000 | Train MSE: 15.544977
Epoch 25/2000 | Train MSE: 13.125129
Epoch 26/2000 | Train MSE: 10.044110
Epoch 27/2000 | Train MSE: 9.147955
Epoch 28/2000 | Train MSE: 7.473559
Epoch 29/2000 | Train MSE: 7.169356
Epoch 30/2000 | Train MSE: 10.114744
Epoch 31/2000 | Train MSE: 6.743385
Epoch 32/2000 | Train MSE: 6.634699
Epoch 33/2000 | Train MSE: 6.913234
Epoch 34/2000 | Train MSE: 6.897326
Epoch 35/2000 | Train MSE: 5.846414
Epoch 36/2000 | Train MSE: 7.057966
Epoch 37/2000 | Train MSE: 5.722257
Epoch 38/2000 | Train MSE: 5.429761
Epoch 39/2000 | Train MSE: 6.988680
Epoch 40/2000 | Train MSE: 4.443444
Epoch 41/2000 | Train MSE: 8.612115
Epoch 42/2000 | Train MSE: 5.104699
Epoch 43/2000 | Train MSE: 4.412057
Epoch 44/2000 | Train MSE: 4.341108
Epoch 45/2000 | Train MSE: 4.641536
Epoch 46/2000 | Train MSE: 5.993817
Epoch 47/2000 | Train MSE: 5.472807
Epoch 48/2000 | Train MSE: 4.790210
Epoch 49/2000 | Train MSE: 6.151925
Epoch 50/2000 | Train MSE: 3.771729
Epoch 51/2000 | Train MSE: 5.860043
Epoch 52/2000 | Train MSE: 4.932348
Epoch 53/2000 | Train MSE: 5.009273
Epoch 54/2000 | Train MSE: 4.201643
Epoch 55/2000 | Train MSE: 5.052517
Epoch 56/2000 | Train MSE: 4.545468
Epoch 57/2000 | Train MSE: 6.967555
Epoch 58/2000 | Train MSE: 4.793170
Epoch 59/2000 | Train MSE: 5.731577
Epoch 60/2000 | Train MSE: 4.680288
Epoch 61/2000 | Train MSE: 3.555535
Epoch 62/2000 | Train MSE: 4.314099
Epoch 63/2000 | Train MSE: 4.299455
Epoch 64/2000 | Train MSE: 4.080101
Epoch 65/2000 | Train MSE: 4.722419
Epoch 66/2000 | Train MSE: 4.490879
Epoch 67/2000 | Train MSE: 4.251212
Epoch 68/2000 | Train MSE: 3.831132
Epoch 69/2000 | Train MSE: 4.301455
Epoch 70/2000 | Train MSE: 17.055938
Early stopping at epoch 70. Best training loss: 1.971949

Training H3

Epoch 1/2000 | Train MSE: 1991.694791
Epoch 2/2000 | Train MSE: 56.948886
Epoch 3/2000 | Train MSE: 11.118085
Epoch 4/2000 | Train MSE: 6.039550
Epoch 5/2000 | Train MSE: 6.070773
Epoch 6/2000 | Train MSE: 5.378207
Epoch 7/2000 | Train MSE: 5.704072
Epoch 8/2000 | Train MSE: 5.580600
Epoch 9/2000 | Train MSE: 6.961154
Epoch 10/2000 | Train MSE: 3.941537
Epoch 11/2000 | Train MSE: 4.811670
Epoch 12/2000 | Train MSE: 4.551636
Epoch 13/2000 | Train MSE: 6.247016
Epoch 14/2000 | Train MSE: 7.738328
Epoch 15/2000 | Train MSE: 6.759579
Epoch 16/2000 | Train MSE: 4.012268
Epoch 17/2000 | Train MSE: 7.342113
Epoch 18/2000 | Train MSE: 6.448343
Epoch 19/2000 | Train MSE: 4.136024
Epoch 20/2000 | Train MSE: 32.575681
Epoch 21/2000 | Train MSE: 3.555001
Epoch 22/2000 | Train MSE: 3.242343
Epoch 23/2000 | Train MSE: 3.587870
Epoch 24/2000 | Train MSE: 3.616944
Epoch 25/2000 | Train MSE: 3.040103
Epoch 26/2000 | Train MSE: 9.845948
Epoch 27/2000 | Train MSE: 5.129702
Epoch 28/2000 | Train MSE: 7.441629
Epoch 29/2000 | Train MSE: 3.276551
Epoch 30/2000 | Train MSE: 4.649915
Epoch 31/2000 | Train MSE: 2.372120
Epoch 32/2000 | Train MSE: 6.544508
Epoch 33/2000 | Train MSE: 3.829756
Epoch 34/2000 | Train MSE: 4.330941
Epoch 35/2000 | Train MSE: 4.148100
Epoch 36/2000 | Train MSE: 5.546814
Epoch 37/2000 | Train MSE: 3.182233
Epoch 38/2000 | Train MSE: 3.997861
Epoch 39/2000 | Train MSE: 2.939481
Epoch 40/2000 | Train MSE: 3.609577
Epoch 41/2000 | Train MSE: 6.042060
Epoch 42/2000 | Train MSE: 4.311027
Epoch 43/2000 | Train MSE: 2.200037
Epoch 44/2000 | Train MSE: 3.217993
Epoch 45/2000 | Train MSE: 2.995178
Epoch 46/2000 | Train MSE: 1.859980
Epoch 47/2000 | Train MSE: 2.891230
Epoch 48/2000 | Train MSE: 3.757098
Epoch 49/2000 | Train MSE: 3.406216
Epoch 50/2000 | Train MSE: 1.942463
Epoch 51/2000 | Train MSE: 1.916306
Epoch 52/2000 | Train MSE: 1.564527
Epoch 53/2000 | Train MSE: 4.006710
Epoch 54/2000 | Train MSE: 2.841386
Epoch 55/2000 | Train MSE: 2.533423
Epoch 56/2000 | Train MSE: 2.086663
Epoch 57/2000 | Train MSE: 2.735623
Epoch 58/2000 | Train MSE: 1.340498
Epoch 59/2000 | Train MSE: 2.432922
Epoch 60/2000 | Train MSE: 1.672377
Epoch 61/2000 | Train MSE: 5.985987
Epoch 62/2000 | Train MSE: 1.870589
Epoch 63/2000 | Train MSE: 1.723630
Epoch 64/2000 | Train MSE: 1.698607
Epoch 65/2000 | Train MSE: 1.502391
Epoch 66/2000 | Train MSE: 4.479092
Epoch 67/2000 | Train MSE: 1.727077
Epoch 68/2000 | Train MSE: 2.107039
Epoch 69/2000 | Train MSE: 1.189139
Epoch 70/2000 | Train MSE: 1.244590
Epoch 71/2000 | Train MSE: 2.423969
Epoch 72/2000 | Train MSE: 1.938770
Epoch 73/2000 | Train MSE: 18.346140
Epoch 74/2000 | Train MSE: 1.292816
Epoch 75/2000 | Train MSE: 0.969884
Epoch 76/2000 | Train MSE: 1.131102
Epoch 77/2000 | Train MSE: 1.145153
Epoch 78/2000 | Train MSE: 1.032538
Epoch 79/2000 | Train MSE: 1.172231
Epoch 80/2000 | Train MSE: 1.064610
Epoch 81/2000 | Train MSE: 0.936534
Epoch 82/2000 | Train MSE: 2.037388
Epoch 83/2000 | Train MSE: 1.027369
Epoch 84/2000 | Train MSE: 1.140519
Epoch 85/2000 | Train MSE: 1.115898
Epoch 86/2000 | Train MSE: 1.516928
Epoch 87/2000 | Train MSE: 1.938955
Epoch 88/2000 | Train MSE: 1.312442
Epoch 89/2000 | Train MSE: 1.196396
Epoch 90/2000 | Train MSE: 1.117467
Epoch 91/2000 | Train MSE: 1.333916
Epoch 92/2000 | Train MSE: 1.615347
Epoch 93/2000 | Train MSE: 1.986821
Epoch 94/2000 | Train MSE: 0.706778
Epoch 95/2000 | Train MSE: 1.026850
Epoch 96/2000 | Train MSE: 1.152499
Epoch 97/2000 | Train MSE: 0.913781
Epoch 98/2000 | Train MSE: 1.850093
Epoch 99/2000 | Train MSE: 1.974565
Epoch 100/2000 | Train MSE: 1.255248
Epoch 101/2000 | Train MSE: 1.042881
Epoch 102/2000 | Train MSE: 0.782923
Epoch 103/2000 | Train MSE: 3.734101
Epoch 104/2000 | Train MSE: 1.768977
Epoch 105/2000 | Train MSE: 0.801746
Epoch 106/2000 | Train MSE: 0.701613
Epoch 107/2000 | Train MSE: 0.918029
Epoch 108/2000 | Train MSE: 0.990967
Epoch 109/2000 | Train MSE: 0.639920
Epoch 110/2000 | Train MSE: 1.079601
Epoch 111/2000 | Train MSE: 1.263022
Epoch 112/2000 | Train MSE: 1.161260
Epoch 113/2000 | Train MSE: 0.976801
Epoch 114/2000 | Train MSE: 1.003342
Epoch 115/2000 | Train MSE: 0.932059
Epoch 116/2000 | Train MSE: 1.280693
Epoch 117/2000 | Train MSE: 0.797424
Epoch 118/2000 | Train MSE: 0.807806
Epoch 119/2000 | Train MSE: 0.918059
Epoch 120/2000 | Train MSE: 2.560181
Epoch 121/2000 | Train MSE: 0.928686
Epoch 122/2000 | Train MSE: 0.656255
Epoch 123/2000 | Train MSE: 0.837833
Epoch 124/2000 | Train MSE: 0.789565
Epoch 125/2000 | Train MSE: 0.920239
Epoch 126/2000 | Train MSE: 1.172248
Epoch 127/2000 | Train MSE: 0.874245
Epoch 128/2000 | Train MSE: 0.606357
Epoch 129/2000 | Train MSE: 1.133809
Epoch 130/2000 | Train MSE: 0.954990
Epoch 131/2000 | Train MSE: 0.734425
Epoch 132/2000 | Train MSE: 1.765934
Epoch 133/2000 | Train MSE: 0.940990
Epoch 134/2000 | Train MSE: 0.466114
Epoch 135/2000 | Train MSE: 0.550403
Epoch 136/2000 | Train MSE: 1.060410
Epoch 137/2000 | Train MSE: 0.817137
Epoch 138/2000 | Train MSE: 1.277626
Epoch 139/2000 | Train MSE: 0.889060
Epoch 140/2000 | Train MSE: 1.074627
Epoch 141/2000 | Train MSE: 0.512324
Epoch 142/2000 | Train MSE: 0.606744
Epoch 143/2000 | Train MSE: 1.162203
Epoch 144/2000 | Train MSE: 0.587173
Epoch 145/2000 | Train MSE: 0.773731
Epoch 146/2000 | Train MSE: 1.909223
Epoch 147/2000 | Train MSE: 0.767971
Epoch 148/2000 | Train MSE: 0.560509
Epoch 149/2000 | Train MSE: 0.616736
Epoch 150/2000 | Train MSE: 1.094057
Epoch 151/2000 | Train MSE: 0.800817
Epoch 152/2000 | Train MSE: 0.608271
Epoch 153/2000 | Train MSE: 0.621828
Epoch 154/2000 | Train MSE: 0.745759
Epoch 155/2000 | Train MSE: 1.043862
Epoch 156/2000 | Train MSE: 0.852577
Epoch 157/2000 | Train MSE: 0.851063
Epoch 158/2000 | Train MSE: 0.633903
Epoch 159/2000 | Train MSE: 0.544879
Epoch 160/2000 | Train MSE: 0.813280
Epoch 161/2000 | Train MSE: 0.968731
Epoch 162/2000 | Train MSE: 0.606524
Epoch 163/2000 | Train MSE: 0.741145
Epoch 164/2000 | Train MSE: 0.828516
Epoch 165/2000 | Train MSE: 0.912316
Epoch 166/2000 | Train MSE: 0.637799
Epoch 167/2000 | Train MSE: 0.570950
Epoch 168/2000 | Train MSE: 0.681385
Epoch 169/2000 | Train MSE: 1.024043
Epoch 170/2000 | Train MSE: 1.263517
Epoch 171/2000 | Train MSE: 0.657770
Epoch 172/2000 | Train MSE: 0.406341
Epoch 173/2000 | Train MSE: 0.750318
Epoch 174/2000 | Train MSE: 0.854912
Epoch 175/2000 | Train MSE: 0.534305
Epoch 176/2000 | Train MSE: 0.649060
Epoch 177/2000 | Train MSE: 0.656522
Epoch 178/2000 | Train MSE: 0.495764
Epoch 179/2000 | Train MSE: 0.764798
Epoch 180/2000 | Train MSE: 0.755491
Epoch 181/2000 | Train MSE: 0.494331
Epoch 182/2000 | Train MSE: 0.551664
Epoch 183/2000 | Train MSE: 0.623549
Epoch 184/2000 | Train MSE: 0.709175
Epoch 185/2000 | Train MSE: 1.161461
Epoch 186/2000 | Train MSE: 0.976009
Epoch 187/2000 | Train MSE: 0.513660
Epoch 188/2000 | Train MSE: 0.539488
Epoch 189/2000 | Train MSE: 1.055388
Epoch 190/2000 | Train MSE: 0.635649
Epoch 191/2000 | Train MSE: 0.539589
Epoch 192/2000 | Train MSE: 0.501622
Epoch 193/2000 | Train MSE: 0.386375
Epoch 194/2000 | Train MSE: 0.863759
Epoch 195/2000 | Train MSE: 0.736970
Epoch 196/2000 | Train MSE: 0.460012
Epoch 197/2000 | Train MSE: 0.949512
Epoch 198/2000 | Train MSE: 0.596044
Epoch 199/2000 | Train MSE: 0.608804
Epoch 200/2000 | Train MSE: 0.570597
Epoch 201/2000 | Train MSE: 0.726488
Epoch 202/2000 | Train MSE: 0.625792
Epoch 203/2000 | Train MSE: 0.659734
Epoch 204/2000 | Train MSE: 0.536130
Epoch 205/2000 | Train MSE: 0.650103
Epoch 206/2000 | Train MSE: 0.593935
Epoch 207/2000 | Train MSE: 0.433878
Epoch 208/2000 | Train MSE: 0.496657
Epoch 209/2000 | Train MSE: 0.562406
Epoch 210/2000 | Train MSE: 0.435809
Epoch 211/2000 | Train MSE: 0.423180
Epoch 212/2000 | Train MSE: 0.620035
Epoch 213/2000 | Train MSE: 0.440202
Epoch 214/2000 | Train MSE: 1.258371
Epoch 215/2000 | Train MSE: 0.485642
Epoch 216/2000 | Train MSE: 0.431627
Epoch 217/2000 | Train MSE: 0.496016
Epoch 218/2000 | Train MSE: 0.399074
Epoch 219/2000 | Train MSE: 0.608979
Epoch 220/2000 | Train MSE: 0.544364
Epoch 221/2000 | Train MSE: 0.564479
Epoch 222/2000 | Train MSE: 0.447662
Epoch 223/2000 | Train MSE: 0.708474
Epoch 224/2000 | Train MSE: 0.561465
Epoch 225/2000 | Train MSE: 0.376710
Epoch 226/2000 | Train MSE: 0.966283
Epoch 227/2000 | Train MSE: 0.601901
Epoch 228/2000 | Train MSE: 0.497652
Epoch 229/2000 | Train MSE: 0.403849
Epoch 230/2000 | Train MSE: 0.645651
Epoch 231/2000 | Train MSE: 1.499311
Epoch 232/2000 | Train MSE: 0.674192
Epoch 233/2000 | Train MSE: 0.427610
Epoch 234/2000 | Train MSE: 0.591263
Epoch 235/2000 | Train MSE: 0.537317
Epoch 236/2000 | Train MSE: 0.568133
Epoch 237/2000 | Train MSE: 0.644106
Epoch 238/2000 | Train MSE: 0.367709
Epoch 239/2000 | Train MSE: 0.512450
Epoch 240/2000 | Train MSE: 0.411782
Epoch 241/2000 | Train MSE: 0.577038
Epoch 242/2000 | Train MSE: 0.500272
Epoch 243/2000 | Train MSE: 0.435885
Epoch 244/2000 | Train MSE: 0.841132
Epoch 245/2000 | Train MSE: 0.346973
Epoch 246/2000 | Train MSE: 0.432147
Epoch 247/2000 | Train MSE: 0.597369
Epoch 248/2000 | Train MSE: 0.348157
Epoch 249/2000 | Train MSE: 0.438813
Epoch 250/2000 | Train MSE: 0.324754
Epoch 251/2000 | Train MSE: 0.309410
Epoch 252/2000 | Train MSE: 0.713818
Epoch 253/2000 | Train MSE: 0.620122
Epoch 254/2000 | Train MSE: 0.394063
Epoch 255/2000 | Train MSE: 0.494698
Epoch 256/2000 | Train MSE: 0.398338
Epoch 257/2000 | Train MSE: 0.525760
Epoch 258/2000 | Train MSE: 0.673193
Epoch 259/2000 | Train MSE: 0.397984
Epoch 260/2000 | Train MSE: 0.324758
Epoch 261/2000 | Train MSE: 0.649093
Epoch 262/2000 | Train MSE: 0.567811
Epoch 263/2000 | Train MSE: 0.402492
Epoch 264/2000 | Train MSE: 0.311081
Epoch 265/2000 | Train MSE: 0.472936
Epoch 266/2000 | Train MSE: 0.387471
Epoch 267/2000 | Train MSE: 0.527304
Epoch 268/2000 | Train MSE: 0.696906
Epoch 269/2000 | Train MSE: 0.534184
Epoch 270/2000 | Train MSE: 0.407646
Epoch 271/2000 | Train MSE: 0.494533
Epoch 272/2000 | Train MSE: 0.392308
Epoch 273/2000 | Train MSE: 0.439718
Epoch 274/2000 | Train MSE: 0.373984
Epoch 275/2000 | Train MSE: 0.340338
Epoch 276/2000 | Train MSE: 0.433415
Epoch 277/2000 | Train MSE: 0.867037
Epoch 278/2000 | Train MSE: 0.460419
Epoch 279/2000 | Train MSE: 0.341509
Epoch 280/2000 | Train MSE: 0.319575
Epoch 281/2000 | Train MSE: 0.402551
Epoch 282/2000 | Train MSE: 0.328002
Epoch 283/2000 | Train MSE: 0.457329
Epoch 284/2000 | Train MSE: 0.310121
Epoch 285/2000 | Train MSE: 0.993444
Epoch 286/2000 | Train MSE: 0.780732
Epoch 287/2000 | Train MSE: 0.370577
Epoch 288/2000 | Train MSE: 0.417106
Epoch 289/2000 | Train MSE: 0.441987
Epoch 290/2000 | Train MSE: 0.527583
Epoch 291/2000 | Train MSE: 0.316417
Epoch 292/2000 | Train MSE: 0.250684
Epoch 293/2000 | Train MSE: 0.316422
Epoch 294/2000 | Train MSE: 0.552592
Epoch 295/2000 | Train MSE: 0.261361
Epoch 296/2000 | Train MSE: 0.358056
Epoch 297/2000 | Train MSE: 0.926390
Epoch 298/2000 | Train MSE: 0.993990
Epoch 299/2000 | Train MSE: 0.299771
Epoch 300/2000 | Train MSE: 0.269350
Epoch 301/2000 | Train MSE: 0.322639
Epoch 302/2000 | Train MSE: 0.556824
Epoch 303/2000 | Train MSE: 0.384282
Epoch 304/2000 | Train MSE: 0.566019
Epoch 305/2000 | Train MSE: 0.309309
Epoch 306/2000 | Train MSE: 0.287821
Epoch 307/2000 | Train MSE: 0.245577
Epoch 308/2000 | Train MSE: 0.595423
Epoch 309/2000 | Train MSE: 0.467793
Epoch 310/2000 | Train MSE: 0.426957
Epoch 311/2000 | Train MSE: 0.227868
Epoch 312/2000 | Train MSE: 0.289379
Epoch 313/2000 | Train MSE: 0.337921
Epoch 314/2000 | Train MSE: 0.552607
Epoch 315/2000 | Train MSE: 0.443960
Epoch 316/2000 | Train MSE: 0.283780
Epoch 317/2000 | Train MSE: 0.416791
Epoch 318/2000 | Train MSE: 0.292497
Epoch 319/2000 | Train MSE: 0.398750
Epoch 320/2000 | Train MSE: 0.406714
Epoch 321/2000 | Train MSE: 0.715197
Epoch 322/2000 | Train MSE: 0.410647
Epoch 323/2000 | Train MSE: 0.414765
Epoch 324/2000 | Train MSE: 0.248689
Epoch 325/2000 | Train MSE: 0.273245
Epoch 326/2000 | Train MSE: 0.340407
Epoch 327/2000 | Train MSE: 0.430040
Epoch 328/2000 | Train MSE: 0.292872
Epoch 329/2000 | Train MSE: 0.470131
Epoch 330/2000 | Train MSE: 0.467011
Epoch 331/2000 | Train MSE: 0.477898
Epoch 332/2000 | Train MSE: 0.326201
Epoch 333/2000 | Train MSE: 0.568646
Epoch 334/2000 | Train MSE: 0.327694
Epoch 335/2000 | Train MSE: 0.227781
Epoch 336/2000 | Train MSE: 0.576850
Epoch 337/2000 | Train MSE: 0.317354
Epoch 338/2000 | Train MSE: 0.489026
Epoch 339/2000 | Train MSE: 0.349547
Epoch 340/2000 | Train MSE: 0.307827
Epoch 341/2000 | Train MSE: 0.261062
Epoch 342/2000 | Train MSE: 0.266894
Epoch 343/2000 | Train MSE: 0.298438
Epoch 344/2000 | Train MSE: 0.716942
Epoch 345/2000 | Train MSE: 0.313509
Epoch 346/2000 | Train MSE: 0.434575
Epoch 347/2000 | Train MSE: 0.339406
Epoch 348/2000 | Train MSE: 0.201400
Epoch 349/2000 | Train MSE: 0.521722
Epoch 350/2000 | Train MSE: 0.245703
Epoch 351/2000 | Train MSE: 0.389644
Epoch 352/2000 | Train MSE: 0.463277
Epoch 353/2000 | Train MSE: 0.354823
Epoch 354/2000 | Train MSE: 0.412488
Epoch 355/2000 | Train MSE: 0.200770
Epoch 356/2000 | Train MSE: 0.382589
Epoch 357/2000 | Train MSE: 0.287531
Epoch 358/2000 | Train MSE: 0.271571
Epoch 359/2000 | Train MSE: 0.629661
Epoch 360/2000 | Train MSE: 0.351271
Epoch 361/2000 | Train MSE: 0.517835
Epoch 362/2000 | Train MSE: 0.319366
Epoch 363/2000 | Train MSE: 0.247790
Epoch 364/2000 | Train MSE: 0.333961
Epoch 365/2000 | Train MSE: 0.197541
Epoch 366/2000 | Train MSE: 0.361601
Epoch 367/2000 | Train MSE: 0.410611
Epoch 368/2000 | Train MSE: 0.335127
Epoch 369/2000 | Train MSE: 0.387551
Epoch 370/2000 | Train MSE: 0.324569
Epoch 371/2000 | Train MSE: 0.385824
Epoch 372/2000 | Train MSE: 0.229632
Epoch 373/2000 | Train MSE: 0.322836
Epoch 374/2000 | Train MSE: 0.540650
Epoch 375/2000 | Train MSE: 0.293729
Epoch 376/2000 | Train MSE: 0.234979
Epoch 377/2000 | Train MSE: 0.178470
Epoch 378/2000 | Train MSE: 0.285026
Epoch 379/2000 | Train MSE: 0.382111
Epoch 380/2000 | Train MSE: 0.243586
Epoch 381/2000 | Train MSE: 0.242813
Epoch 382/2000 | Train MSE: 0.547535
Epoch 383/2000 | Train MSE: 0.285875
Epoch 384/2000 | Train MSE: 0.463551
Epoch 385/2000 | Train MSE: 0.254694
Epoch 386/2000 | Train MSE: 0.181583
Epoch 387/2000 | Train MSE: 0.243916
Epoch 388/2000 | Train MSE: 0.324334
Epoch 389/2000 | Train MSE: 0.314729
Epoch 390/2000 | Train MSE: 1.153919
Epoch 391/2000 | Train MSE: 0.259798
Epoch 392/2000 | Train MSE: 0.250235
Epoch 393/2000 | Train MSE: 0.356372
Epoch 394/2000 | Train MSE: 0.133961
Epoch 395/2000 | Train MSE: 0.146158
Epoch 396/2000 | Train MSE: 0.210240
Epoch 397/2000 | Train MSE: 0.136654
Epoch 398/2000 | Train MSE: 0.240354
Epoch 399/2000 | Train MSE: 0.413701
Epoch 400/2000 | Train MSE: 0.254154
Epoch 401/2000 | Train MSE: 0.399388
Epoch 402/2000 | Train MSE: 0.309566
Epoch 403/2000 | Train MSE: 0.229752
Epoch 404/2000 | Train MSE: 0.228606
Epoch 405/2000 | Train MSE: 0.301729
Epoch 406/2000 | Train MSE: 0.472819
Epoch 407/2000 | Train MSE: 0.365493
Epoch 408/2000 | Train MSE: 0.334833
Epoch 409/2000 | Train MSE: 0.280350
Epoch 410/2000 | Train MSE: 0.160567
Epoch 411/2000 | Train MSE: 0.217977
Epoch 412/2000 | Train MSE: 0.274393
Epoch 413/2000 | Train MSE: 0.307176
Epoch 414/2000 | Train MSE: 0.262795
Epoch 415/2000 | Train MSE: 0.515191
Epoch 416/2000 | Train MSE: 0.380347
Epoch 417/2000 | Train MSE: 0.217900
Epoch 418/2000 | Train MSE: 0.224928
Epoch 419/2000 | Train MSE: 0.210818
Epoch 420/2000 | Train MSE: 0.237934
Epoch 421/2000 | Train MSE: 0.220322
Epoch 422/2000 | Train MSE: 0.802522
Epoch 423/2000 | Train MSE: 0.230192
Epoch 424/2000 | Train MSE: 0.158074
Epoch 425/2000 | Train MSE: 0.292424
Epoch 426/2000 | Train MSE: 0.198051
Epoch 427/2000 | Train MSE: 0.242805
Epoch 428/2000 | Train MSE: 0.313357
Epoch 429/2000 | Train MSE: 0.175942
Epoch 430/2000 | Train MSE: 0.201640
Epoch 431/2000 | Train MSE: 0.369497
Epoch 432/2000 | Train MSE: 0.344610
Epoch 433/2000 | Train MSE: 0.449118
Epoch 434/2000 | Train MSE: 0.248989
Epoch 435/2000 | Train MSE: 0.297003
Epoch 436/2000 | Train MSE: 0.219008
Epoch 437/2000 | Train MSE: 0.203961
Epoch 438/2000 | Train MSE: 0.205746
Epoch 439/2000 | Train MSE: 0.415396
Epoch 440/2000 | Train MSE: 0.445769
Epoch 441/2000 | Train MSE: 0.262814
Epoch 442/2000 | Train MSE: 0.271408
Epoch 443/2000 | Train MSE: 0.227622
Epoch 444/2000 | Train MSE: 0.213468
Early stopping at epoch 444. Best training loss: 0.133961

Training H4

Epoch 1/2000 | Train MSE: 1203.948220
Epoch 2/2000 | Train MSE: 33.646039
Epoch 3/2000 | Train MSE: 10.666573
Epoch 4/2000 | Train MSE: 5.829611
Epoch 5/2000 | Train MSE: 7.269990
Epoch 6/2000 | Train MSE: 4.866714
Epoch 7/2000 | Train MSE: 4.036081
Epoch 8/2000 | Train MSE: 4.669155
Epoch 9/2000 | Train MSE: 3.836151
Epoch 10/2000 | Train MSE: 5.310449
Epoch 11/2000 | Train MSE: 6.385083
Epoch 12/2000 | Train MSE: 6.051724
Epoch 13/2000 | Train MSE: 4.590922
Epoch 14/2000 | Train MSE: 6.841456
Epoch 15/2000 | Train MSE: 3.786133
Epoch 16/2000 | Train MSE: 12.523150
Epoch 17/2000 | Train MSE: 3.194124
Epoch 18/2000 | Train MSE: 4.143312
Epoch 19/2000 | Train MSE: 3.187113
Epoch 20/2000 | Train MSE: 2.977662
Epoch 21/2000 | Train MSE: 4.079362
Epoch 22/2000 | Train MSE: 1495.890279
Epoch 23/2000 | Train MSE: 171.180651
Epoch 24/2000 | Train MSE: 54.452199
Epoch 25/2000 | Train MSE: 32.061553
Epoch 26/2000 | Train MSE: 20.732315
Epoch 27/2000 | Train MSE: 13.513955
Epoch 28/2000 | Train MSE: 11.785919
Epoch 29/2000 | Train MSE: 10.803563
Epoch 30/2000 | Train MSE: 9.226775
Epoch 31/2000 | Train MSE: 7.624816
Epoch 32/2000 | Train MSE: 6.452534
Epoch 33/2000 | Train MSE: 5.289209
Epoch 34/2000 | Train MSE: 4.912455
Epoch 35/2000 | Train MSE: 5.069032
Epoch 36/2000 | Train MSE: 4.116200
Epoch 37/2000 | Train MSE: 4.960710
Epoch 38/2000 | Train MSE: 4.671313
Epoch 39/2000 | Train MSE: 3.696765
Epoch 40/2000 | Train MSE: 4.411997
Epoch 41/2000 | Train MSE: 3.158958
Epoch 42/2000 | Train MSE: 6.692101
Epoch 43/2000 | Train MSE: 4.458810
Epoch 44/2000 | Train MSE: 3.682366
Epoch 45/2000 | Train MSE: 3.450007
Epoch 46/2000 | Train MSE: 5.811505
Epoch 47/2000 | Train MSE: 3.116351
Epoch 48/2000 | Train MSE: 4.493075
Epoch 49/2000 | Train MSE: 4.370433
Epoch 50/2000 | Train MSE: 3.461363
Epoch 51/2000 | Train MSE: 4.074750
Epoch 52/2000 | Train MSE: 4.417207
Epoch 53/2000 | Train MSE: 3.729804
Epoch 54/2000 | Train MSE: 2.381824
Epoch 55/2000 | Train MSE: 3.492478
Epoch 56/2000 | Train MSE: 4.436040
Epoch 57/2000 | Train MSE: 4.224760
Epoch 58/2000 | Train MSE: 3.139428
Epoch 59/2000 | Train MSE: 2.688994
Epoch 60/2000 | Train MSE: 2.934026
Epoch 61/2000 | Train MSE: 3.744836
Epoch 62/2000 | Train MSE: 3.231190
Epoch 63/2000 | Train MSE: 3.618006
Epoch 64/2000 | Train MSE: 4.239650
Epoch 65/2000 | Train MSE: 2.475707
Epoch 66/2000 | Train MSE: 4.075958
Epoch 67/2000 | Train MSE: 3.098995
Epoch 68/2000 | Train MSE: 3.825484
Epoch 69/2000 | Train MSE: 3.178819
Epoch 70/2000 | Train MSE: 2.229407
Epoch 71/2000 | Train MSE: 2.112087
Epoch 72/2000 | Train MSE: 2.134334
Epoch 73/2000 | Train MSE: 3.466577
Epoch 74/2000 | Train MSE: 3.256918
Epoch 75/2000 | Train MSE: 2.711361
Epoch 76/2000 | Train MSE: 2.985692
Epoch 77/2000 | Train MSE: 2.004163
Epoch 78/2000 | Train MSE: 2.987378
Epoch 79/2000 | Train MSE: 3.559968
Epoch 80/2000 | Train MSE: 2.651830
Epoch 81/2000 | Train MSE: 1.840787
Epoch 82/2000 | Train MSE: 2.791872
Epoch 83/2000 | Train MSE: 2.682813
Epoch 84/2000 | Train MSE: 1.767218
Epoch 85/2000 | Train MSE: 2.127259
Epoch 86/2000 | Train MSE: 2.701365
Epoch 87/2000 | Train MSE: 2.650082
Epoch 88/2000 | Train MSE: 1.782877
Epoch 89/2000 | Train MSE: 2.759959
Epoch 90/2000 | Train MSE: 2.149403
Epoch 91/2000 | Train MSE: 1.560053
Epoch 92/2000 | Train MSE: 2.070836
Epoch 93/2000 | Train MSE: 2.822882
Epoch 94/2000 | Train MSE: 2.315179
Epoch 95/2000 | Train MSE: 3.649105
Epoch 96/2000 | Train MSE: 2.121500
Epoch 97/2000 | Train MSE: 1.490425
Epoch 98/2000 | Train MSE: 3.567124
Epoch 99/2000 | Train MSE: 1.940396
Epoch 100/2000 | Train MSE: 2.167860
Epoch 101/2000 | Train MSE: 2.335333
Epoch 102/2000 | Train MSE: 1.297576
Epoch 103/2000 | Train MSE: 1.984008
Epoch 104/2000 | Train MSE: 1.748273
Epoch 105/2000 | Train MSE: 1.791808
Epoch 106/2000 | Train MSE: 2.459651
Epoch 107/2000 | Train MSE: 2.561341
Epoch 108/2000 | Train MSE: 1.670902
Epoch 109/2000 | Train MSE: 1.531088
Epoch 110/2000 | Train MSE: 1.558585
Epoch 111/2000 | Train MSE: 2.870578
Epoch 112/2000 | Train MSE: 2.726688
Epoch 113/2000 | Train MSE: 1.150582
Epoch 114/2000 | Train MSE: 1.229362
Epoch 115/2000 | Train MSE: 1.163457
Epoch 116/2000 | Train MSE: 1.947262
Epoch 117/2000 | Train MSE: 2.039777
Epoch 118/2000 | Train MSE: 3.093228
Epoch 119/2000 | Train MSE: 1.280367
Epoch 120/2000 | Train MSE: 1.852751
Epoch 121/2000 | Train MSE: 1.940597
Epoch 122/2000 | Train MSE: 1.119496
Epoch 123/2000 | Train MSE: 2.188569
Epoch 124/2000 | Train MSE: 1.291045
Epoch 125/2000 | Train MSE: 1.253972
Epoch 126/2000 | Train MSE: 1.565796
Epoch 127/2000 | Train MSE: 1.316403
Epoch 128/2000 | Train MSE: 1.302237
Epoch 129/2000 | Train MSE: 3.344830
Epoch 130/2000 | Train MSE: 1.265864
Epoch 131/2000 | Train MSE: 1.058333
Epoch 132/2000 | Train MSE: 1.224089
Epoch 133/2000 | Train MSE: 1.787877
Epoch 134/2000 | Train MSE: 1.666090
Epoch 135/2000 | Train MSE: 1.491256
Epoch 136/2000 | Train MSE: 1.158989
Epoch 137/2000 | Train MSE: 1.072522
Epoch 138/2000 | Train MSE: 2.253543
Epoch 139/2000 | Train MSE: 4.729942
Epoch 140/2000 | Train MSE: 0.771164
Epoch 141/2000 | Train MSE: 0.907538
Epoch 142/2000 | Train MSE: 1.738375
Epoch 143/2000 | Train MSE: 1.213494
Epoch 144/2000 | Train MSE: 0.995058
Epoch 145/2000 | Train MSE: 0.894651
Epoch 146/2000 | Train MSE: 2.917102
Epoch 147/2000 | Train MSE: 3.050310
Epoch 148/2000 | Train MSE: 0.787805
Epoch 149/2000 | Train MSE: 0.970396
Epoch 150/2000 | Train MSE: 1.354452
Epoch 151/2000 | Train MSE: 1.052618
Epoch 152/2000 | Train MSE: 0.726668
Epoch 153/2000 | Train MSE: 1.157654
Epoch 154/2000 | Train MSE: 1.647137
Epoch 155/2000 | Train MSE: 0.952693
Epoch 156/2000 | Train MSE: 1.151059
Epoch 157/2000 | Train MSE: 1.456610
Epoch 158/2000 | Train MSE: 1.225221
Epoch 159/2000 | Train MSE: 1.134647
Epoch 160/2000 | Train MSE: 0.806559
Epoch 161/2000 | Train MSE: 0.999243
Epoch 162/2000 | Train MSE: 1.689491
Epoch 163/2000 | Train MSE: 1.697681
Epoch 164/2000 | Train MSE: 0.893852
Epoch 165/2000 | Train MSE: 1.283290
Epoch 166/2000 | Train MSE: 0.958016
Epoch 167/2000 | Train MSE: 1.063386
Epoch 168/2000 | Train MSE: 1.208990
Epoch 169/2000 | Train MSE: 1.363362
Epoch 170/2000 | Train MSE: 0.604484
Epoch 171/2000 | Train MSE: 1.553601
Epoch 172/2000 | Train MSE: 1.341146
Epoch 173/2000 | Train MSE: 1.153983
Epoch 174/2000 | Train MSE: 1.159709
Epoch 175/2000 | Train MSE: 0.911787
Epoch 176/2000 | Train MSE: 0.825741
Epoch 177/2000 | Train MSE: 1.136051
Epoch 178/2000 | Train MSE: 1.086805
Epoch 179/2000 | Train MSE: 1.042841
Epoch 180/2000 | Train MSE: 0.804786
Epoch 181/2000 | Train MSE: 1.595487
Epoch 182/2000 | Train MSE: 0.972931
Epoch 183/2000 | Train MSE: 0.921821
Epoch 184/2000 | Train MSE: 0.787312
Epoch 185/2000 | Train MSE: 0.732361
Epoch 186/2000 | Train MSE: 1.104664
Epoch 187/2000 | Train MSE: 1.168371
Epoch 188/2000 | Train MSE: 1.210446
Epoch 189/2000 | Train MSE: 0.773342
Epoch 190/2000 | Train MSE: 0.547749
Epoch 191/2000 | Train MSE: 1.506908
Epoch 192/2000 | Train MSE: 1.512971
Epoch 193/2000 | Train MSE: 0.852897
Epoch 194/2000 | Train MSE: 0.727343
Epoch 195/2000 | Train MSE: 1.081696
Epoch 196/2000 | Train MSE: 1.061194
Epoch 197/2000 | Train MSE: 0.721962
Epoch 198/2000 | Train MSE: 0.551837
Epoch 199/2000 | Train MSE: 0.925951
Epoch 200/2000 | Train MSE: 0.781381
Epoch 201/2000 | Train MSE: 0.923974
Epoch 202/2000 | Train MSE: 1.332650
Epoch 203/2000 | Train MSE: 0.978803
Epoch 204/2000 | Train MSE: 0.801364
Epoch 205/2000 | Train MSE: 0.692416
Epoch 206/2000 | Train MSE: 0.533750
Epoch 207/2000 | Train MSE: 0.943016
Epoch 208/2000 | Train MSE: 0.646627
Epoch 209/2000 | Train MSE: 0.923137
Epoch 210/2000 | Train MSE: 0.832524
Epoch 211/2000 | Train MSE: 2.856524
Epoch 212/2000 | Train MSE: 0.516046
Epoch 213/2000 | Train MSE: 0.540701
Epoch 214/2000 | Train MSE: 0.816758
Epoch 215/2000 | Train MSE: 0.734859
Epoch 216/2000 | Train MSE: 0.771931
Epoch 217/2000 | Train MSE: 1.174942
Epoch 218/2000 | Train MSE: 0.879871
Epoch 219/2000 | Train MSE: 2.183236
Epoch 220/2000 | Train MSE: 0.619841
Epoch 221/2000 | Train MSE: 0.521585
Epoch 222/2000 | Train MSE: 0.749113
Epoch 223/2000 | Train MSE: 0.640553
Epoch 224/2000 | Train MSE: 0.754807
Epoch 225/2000 | Train MSE: 0.714312
Epoch 226/2000 | Train MSE: 0.880319
Epoch 227/2000 | Train MSE: 0.733108
Epoch 228/2000 | Train MSE: 0.758760
Epoch 229/2000 | Train MSE: 0.564678
Epoch 230/2000 | Train MSE: 0.529504
Epoch 231/2000 | Train MSE: 0.511058
Epoch 232/2000 | Train MSE: 1.040631
Epoch 233/2000 | Train MSE: 0.838763
Epoch 234/2000 | Train MSE: 1.090684
Epoch 235/2000 | Train MSE: 0.580524
Epoch 236/2000 | Train MSE: 0.695772
Epoch 237/2000 | Train MSE: 1.018498
Epoch 238/2000 | Train MSE: 0.733846
Epoch 239/2000 | Train MSE: 0.496025
Epoch 240/2000 | Train MSE: 0.542969
Epoch 241/2000 | Train MSE: 0.889221
Epoch 242/2000 | Train MSE: 0.467500
Epoch 243/2000 | Train MSE: 0.674480
Epoch 244/2000 | Train MSE: 0.748390
Epoch 245/2000 | Train MSE: 1.442509
Epoch 246/2000 | Train MSE: 0.593053
Epoch 247/2000 | Train MSE: 0.590349
Epoch 248/2000 | Train MSE: 0.786293
Epoch 249/2000 | Train MSE: 0.506689
Epoch 250/2000 | Train MSE: 0.877758
Epoch 251/2000 | Train MSE: 0.673362
Epoch 252/2000 | Train MSE: 0.987789
Epoch 253/2000 | Train MSE: 0.699186
Epoch 254/2000 | Train MSE: 0.568282
Epoch 255/2000 | Train MSE: 0.799303
Epoch 256/2000 | Train MSE: 0.761833
Epoch 257/2000 | Train MSE: 0.385222
Epoch 258/2000 | Train MSE: 0.428249
Epoch 259/2000 | Train MSE: 1.272614
Epoch 260/2000 | Train MSE: 0.648586
Epoch 261/2000 | Train MSE: 0.628615
Epoch 262/2000 | Train MSE: 0.599146
Epoch 263/2000 | Train MSE: 0.794139
Epoch 264/2000 | Train MSE: 0.950188
Epoch 265/2000 | Train MSE: 0.419456
Epoch 266/2000 | Train MSE: 0.551487
Epoch 267/2000 | Train MSE: 0.595244
Epoch 268/2000 | Train MSE: 0.561768
Epoch 269/2000 | Train MSE: 0.785222
Epoch 270/2000 | Train MSE: 0.772336
Epoch 271/2000 | Train MSE: 0.713582
Epoch 272/2000 | Train MSE: 0.630187
Epoch 273/2000 | Train MSE: 0.554257
Epoch 274/2000 | Train MSE: 0.384597
Epoch 275/2000 | Train MSE: 0.462740
Epoch 276/2000 | Train MSE: 1.043794
Epoch 277/2000 | Train MSE: 0.487068
Epoch 278/2000 | Train MSE: 0.565962
Epoch 279/2000 | Train MSE: 0.509783
Epoch 280/2000 | Train MSE: 0.738237
Epoch 281/2000 | Train MSE: 0.940499
Epoch 282/2000 | Train MSE: 0.508549
Epoch 283/2000 | Train MSE: 0.538714
Epoch 284/2000 | Train MSE: 0.541260
Epoch 285/2000 | Train MSE: 0.431270
Epoch 286/2000 | Train MSE: 0.492782
Epoch 287/2000 | Train MSE: 0.654414
Epoch 288/2000 | Train MSE: 0.537656
Epoch 289/2000 | Train MSE: 0.667498
Epoch 290/2000 | Train MSE: 1.246463
Epoch 291/2000 | Train MSE: 0.326139
Epoch 292/2000 | Train MSE: 0.386077
Epoch 293/2000 | Train MSE: 0.565812
Epoch 294/2000 | Train MSE: 0.566382
Epoch 295/2000 | Train MSE: 0.427348
Epoch 296/2000 | Train MSE: 0.638505
Epoch 297/2000 | Train MSE: 0.465907
Epoch 298/2000 | Train MSE: 0.551468
Epoch 299/2000 | Train MSE: 0.870681
Epoch 300/2000 | Train MSE: 0.464774
Epoch 301/2000 | Train MSE: 0.583926
Epoch 302/2000 | Train MSE: 0.630632
Epoch 303/2000 | Train MSE: 0.509399
Epoch 304/2000 | Train MSE: 0.472571
Epoch 305/2000 | Train MSE: 0.691077
Epoch 306/2000 | Train MSE: 0.437006
Epoch 307/2000 | Train MSE: 0.459270
Epoch 308/2000 | Train MSE: 0.491145
Epoch 309/2000 | Train MSE: 0.499947
Epoch 310/2000 | Train MSE: 0.438348
Epoch 311/2000 | Train MSE: 0.590410
Epoch 312/2000 | Train MSE: 0.492773
Epoch 313/2000 | Train MSE: 0.356122
Epoch 314/2000 | Train MSE: 0.727308
Epoch 315/2000 | Train MSE: 0.613697
Epoch 316/2000 | Train MSE: 0.470898
Epoch 317/2000 | Train MSE: 0.409813
Epoch 318/2000 | Train MSE: 0.468219
Epoch 319/2000 | Train MSE: 0.503343
Epoch 320/2000 | Train MSE: 0.430036
Epoch 321/2000 | Train MSE: 0.336386
Epoch 322/2000 | Train MSE: 0.601830
Epoch 323/2000 | Train MSE: 0.646880
Epoch 324/2000 | Train MSE: 0.718094
Epoch 325/2000 | Train MSE: 0.460655
Epoch 326/2000 | Train MSE: 0.295631
Epoch 327/2000 | Train MSE: 0.376388
Epoch 328/2000 | Train MSE: 0.521939
Epoch 329/2000 | Train MSE: 0.581755
Epoch 330/2000 | Train MSE: 0.494002
Epoch 331/2000 | Train MSE: 0.346237
Epoch 332/2000 | Train MSE: 0.414989
Epoch 333/2000 | Train MSE: 0.931023
Epoch 334/2000 | Train MSE: 0.810459
Epoch 335/2000 | Train MSE: 0.305689
Epoch 336/2000 | Train MSE: 0.313908
Epoch 337/2000 | Train MSE: 0.397790
Epoch 338/2000 | Train MSE: 0.386958
Epoch 339/2000 | Train MSE: 0.591161
Epoch 340/2000 | Train MSE: 0.660182
Epoch 341/2000 | Train MSE: 0.457501
Epoch 342/2000 | Train MSE: 0.343238
Epoch 343/2000 | Train MSE: 0.287993
Epoch 344/2000 | Train MSE: 0.503029
Epoch 345/2000 | Train MSE: 0.291565
Epoch 346/2000 | Train MSE: 0.581086
Epoch 347/2000 | Train MSE: 0.392352
Epoch 348/2000 | Train MSE: 0.430352
Epoch 349/2000 | Train MSE: 0.465755
Epoch 350/2000 | Train MSE: 0.450565
Epoch 351/2000 | Train MSE: 0.505742
Epoch 352/2000 | Train MSE: 1.021423
Epoch 353/2000 | Train MSE: 0.355313
Epoch 354/2000 | Train MSE: 0.376728
Epoch 355/2000 | Train MSE: 0.363179
Epoch 356/2000 | Train MSE: 0.556743
Epoch 357/2000 | Train MSE: 0.327533
Epoch 358/2000 | Train MSE: 0.336060
Epoch 359/2000 | Train MSE: 0.438850
Epoch 360/2000 | Train MSE: 0.316196
Epoch 361/2000 | Train MSE: 0.381169
Epoch 362/2000 | Train MSE: 0.386452
Epoch 363/2000 | Train MSE: 0.318287
Epoch 364/2000 | Train MSE: 0.767160
Epoch 365/2000 | Train MSE: 0.376655
Epoch 366/2000 | Train MSE: 0.327665
Epoch 367/2000 | Train MSE: 0.353647
Epoch 368/2000 | Train MSE: 0.238046
Epoch 369/2000 | Train MSE: 0.384857
Epoch 370/2000 | Train MSE: 0.431022
Epoch 371/2000 | Train MSE: 0.453800
Epoch 372/2000 | Train MSE: 0.758096
Epoch 373/2000 | Train MSE: 0.456543
Epoch 374/2000 | Train MSE: 0.531586
Epoch 375/2000 | Train MSE: 0.395276
Epoch 376/2000 | Train MSE: 0.421530
Epoch 377/2000 | Train MSE: 0.257325
Epoch 378/2000 | Train MSE: 0.282772
Epoch 379/2000 | Train MSE: 0.663684
Epoch 380/2000 | Train MSE: 0.516312
Epoch 381/2000 | Train MSE: 0.392764
Epoch 382/2000 | Train MSE: 0.284597
Epoch 383/2000 | Train MSE: 0.545939
Epoch 384/2000 | Train MSE: 0.425796
Epoch 385/2000 | Train MSE: 0.354041
Epoch 386/2000 | Train MSE: 0.244421
Epoch 387/2000 | Train MSE: 0.527848
Epoch 388/2000 | Train MSE: 0.366913
Epoch 389/2000 | Train MSE: 0.328213
Epoch 390/2000 | Train MSE: 0.310652
Epoch 391/2000 | Train MSE: 0.380205
Epoch 392/2000 | Train MSE: 0.340081
Epoch 393/2000 | Train MSE: 0.685012
Epoch 394/2000 | Train MSE: 0.393790
Epoch 395/2000 | Train MSE: 0.429453
Epoch 396/2000 | Train MSE: 0.357919
Epoch 397/2000 | Train MSE: 0.274979
Epoch 398/2000 | Train MSE: 0.302932
Epoch 399/2000 | Train MSE: 0.251850
Epoch 400/2000 | Train MSE: 0.303210
Epoch 401/2000 | Train MSE: 0.325013
Epoch 402/2000 | Train MSE: 0.901148
Epoch 403/2000 | Train MSE: 0.270920
Epoch 404/2000 | Train MSE: 0.230299
Epoch 405/2000 | Train MSE: 0.345192
Epoch 406/2000 | Train MSE: 0.860463
Epoch 407/2000 | Train MSE: 0.238715
Epoch 408/2000 | Train MSE: 0.343198
Epoch 409/2000 | Train MSE: 0.284778
Epoch 410/2000 | Train MSE: 0.233165
Epoch 411/2000 | Train MSE: 0.208740
Epoch 412/2000 | Train MSE: 0.442329
Epoch 413/2000 | Train MSE: 0.555027
Epoch 414/2000 | Train MSE: 0.319016
Epoch 415/2000 | Train MSE: 0.299558
Epoch 416/2000 | Train MSE: 0.231322
Epoch 417/2000 | Train MSE: 0.366261
Epoch 418/2000 | Train MSE: 0.309401
Epoch 419/2000 | Train MSE: 0.355755
Epoch 420/2000 | Train MSE: 0.415871
Epoch 421/2000 | Train MSE: 0.324145
Epoch 422/2000 | Train MSE: 0.424428
Epoch 423/2000 | Train MSE: 0.208766
Epoch 424/2000 | Train MSE: 0.314692
Epoch 425/2000 | Train MSE: 0.309692
Epoch 426/2000 | Train MSE: 0.371255
Epoch 427/2000 | Train MSE: 0.246524
Epoch 428/2000 | Train MSE: 0.313404
Epoch 429/2000 | Train MSE: 0.460855
Epoch 430/2000 | Train MSE: 0.389601
Epoch 431/2000 | Train MSE: 0.307426
Epoch 432/2000 | Train MSE: 0.484432
Epoch 433/2000 | Train MSE: 0.242121
Epoch 434/2000 | Train MSE: 0.267455
Epoch 435/2000 | Train MSE: 0.435884
Epoch 436/2000 | Train MSE: 0.354369
Epoch 437/2000 | Train MSE: 0.349712
Epoch 438/2000 | Train MSE: 0.695216
Epoch 439/2000 | Train MSE: 0.202138
Epoch 440/2000 | Train MSE: 0.309824
Epoch 441/2000 | Train MSE: 0.335548
Epoch 442/2000 | Train MSE: 0.269817
Epoch 443/2000 | Train MSE: 0.377703
Epoch 444/2000 | Train MSE: 0.377508
Epoch 445/2000 | Train MSE: 0.324246
Epoch 446/2000 | Train MSE: 0.521703
Epoch 447/2000 | Train MSE: 0.355429
Epoch 448/2000 | Train MSE: 0.179235
Epoch 449/2000 | Train MSE: 0.208987
Epoch 450/2000 | Train MSE: 0.268880
Epoch 451/2000 | Train MSE: 0.530261
Epoch 452/2000 | Train MSE: 0.424678
Epoch 453/2000 | Train MSE: 0.179315
Epoch 454/2000 | Train MSE: 0.249127
Epoch 455/2000 | Train MSE: 0.276376
Epoch 456/2000 | Train MSE: 0.274543
Epoch 457/2000 | Train MSE: 0.283538
Epoch 458/2000 | Train MSE: 0.335234
Epoch 459/2000 | Train MSE: 0.381074
Epoch 460/2000 | Train MSE: 0.311697
Epoch 461/2000 | Train MSE: 0.374960
Epoch 462/2000 | Train MSE: 0.347070
Epoch 463/2000 | Train MSE: 0.251172
Epoch 464/2000 | Train MSE: 0.228180
Epoch 465/2000 | Train MSE: 0.393130
Epoch 466/2000 | Train MSE: 0.310206
Epoch 467/2000 | Train MSE: 0.261740
Epoch 468/2000 | Train MSE: 0.345553
Epoch 469/2000 | Train MSE: 0.589163
Epoch 470/2000 | Train MSE: 0.278964
Epoch 471/2000 | Train MSE: 0.334819
Epoch 472/2000 | Train MSE: 0.229571
Epoch 473/2000 | Train MSE: 0.550742
Epoch 474/2000 | Train MSE: 0.253489
Epoch 475/2000 | Train MSE: 0.213768
Epoch 476/2000 | Train MSE: 0.200058
Epoch 477/2000 | Train MSE: 0.342964
Epoch 478/2000 | Train MSE: 0.272661
Epoch 479/2000 | Train MSE: 0.312472
Epoch 480/2000 | Train MSE: 0.263239
Epoch 481/2000 | Train MSE: 0.300749
Epoch 482/2000 | Train MSE: 0.248231
Epoch 483/2000 | Train MSE: 0.216627
Epoch 484/2000 | Train MSE: 0.333546
Epoch 485/2000 | Train MSE: 0.295150
Epoch 486/2000 | Train MSE: 0.315398
Epoch 487/2000 | Train MSE: 0.221180
Epoch 488/2000 | Train MSE: 0.420005
Epoch 489/2000 | Train MSE: 0.206488
Epoch 490/2000 | Train MSE: 0.302678
Epoch 491/2000 | Train MSE: 0.333941
Epoch 492/2000 | Train MSE: 0.343199
Epoch 493/2000 | Train MSE: 0.261066
Epoch 494/2000 | Train MSE: 0.744820
Epoch 495/2000 | Train MSE: 0.292667
Epoch 496/2000 | Train MSE: 0.164746
Epoch 497/2000 | Train MSE: 0.191903
Epoch 498/2000 | Train MSE: 0.238859
Epoch 499/2000 | Train MSE: 0.201782
Epoch 500/2000 | Train MSE: 0.228323
Epoch 501/2000 | Train MSE: 0.175175
Epoch 502/2000 | Train MSE: 0.282455
Epoch 503/2000 | Train MSE: 0.238298
Epoch 504/2000 | Train MSE: 0.269090
Epoch 505/2000 | Train MSE: 0.379636
Epoch 506/2000 | Train MSE: 0.327777
Epoch 507/2000 | Train MSE: 0.362402
Epoch 508/2000 | Train MSE: 0.259267
Epoch 509/2000 | Train MSE: 0.291851
Epoch 510/2000 | Train MSE: 0.401364
Epoch 511/2000 | Train MSE: 0.260836
Epoch 512/2000 | Train MSE: 0.245041
Epoch 513/2000 | Train MSE: 0.180278
Epoch 514/2000 | Train MSE: 0.224800
Epoch 515/2000 | Train MSE: 0.174315
Epoch 516/2000 | Train MSE: 0.221459
Epoch 517/2000 | Train MSE: 0.252805
Epoch 518/2000 | Train MSE: 0.390498
Epoch 519/2000 | Train MSE: 0.330219
Epoch 520/2000 | Train MSE: 0.227388
Epoch 521/2000 | Train MSE: 0.541831
Epoch 522/2000 | Train MSE: 0.255684
Epoch 523/2000 | Train MSE: 0.191449
Epoch 524/2000 | Train MSE: 0.165784
Epoch 525/2000 | Train MSE: 0.228075
Epoch 526/2000 | Train MSE: 0.218110
Epoch 527/2000 | Train MSE: 0.510508
Epoch 528/2000 | Train MSE: 0.365217
Epoch 529/2000 | Train MSE: 0.272101
Epoch 530/2000 | Train MSE: 0.166175
Epoch 531/2000 | Train MSE: 0.207675
Epoch 532/2000 | Train MSE: 0.213651
Epoch 533/2000 | Train MSE: 0.241702
Epoch 534/2000 | Train MSE: 0.201655
Epoch 535/2000 | Train MSE: 0.171359
Epoch 536/2000 | Train MSE: 0.201367
Epoch 537/2000 | Train MSE: 0.433196
Epoch 538/2000 | Train MSE: 0.262522
Epoch 539/2000 | Train MSE: 0.176289
Epoch 540/2000 | Train MSE: 0.226863
Epoch 541/2000 | Train MSE: 0.594032
Epoch 542/2000 | Train MSE: 0.339584
Epoch 543/2000 | Train MSE: 0.229174
Epoch 544/2000 | Train MSE: 0.163239
Epoch 545/2000 | Train MSE: 0.137690
Epoch 546/2000 | Train MSE: 0.244108
Epoch 547/2000 | Train MSE: 0.245013
Epoch 548/2000 | Train MSE: 0.349058
Epoch 549/2000 | Train MSE: 0.252832
Epoch 550/2000 | Train MSE: 0.180355
Epoch 551/2000 | Train MSE: 0.179277
Epoch 552/2000 | Train MSE: 0.341778
Epoch 553/2000 | Train MSE: 0.331192
Epoch 554/2000 | Train MSE: 0.169342
Epoch 555/2000 | Train MSE: 0.208238
Epoch 556/2000 | Train MSE: 0.269640
Epoch 557/2000 | Train MSE: 0.147989
Epoch 558/2000 | Train MSE: 0.375413
Epoch 559/2000 | Train MSE: 0.173399
Epoch 560/2000 | Train MSE: 0.268912
Epoch 561/2000 | Train MSE: 0.214306
Epoch 562/2000 | Train MSE: 0.221403
Epoch 563/2000 | Train MSE: 0.211683
Epoch 564/2000 | Train MSE: 0.209595
Epoch 565/2000 | Train MSE: 0.297888
Epoch 566/2000 | Train MSE: 0.377904
Epoch 567/2000 | Train MSE: 0.317428
Epoch 568/2000 | Train MSE: 0.206082
Epoch 569/2000 | Train MSE: 0.190099
Epoch 570/2000 | Train MSE: 0.240445
Epoch 571/2000 | Train MSE: 0.475200
Epoch 572/2000 | Train MSE: 0.313399
Epoch 573/2000 | Train MSE: 0.161350
Epoch 574/2000 | Train MSE: 0.252261
Epoch 575/2000 | Train MSE: 0.263471
Epoch 576/2000 | Train MSE: 0.279529
Epoch 577/2000 | Train MSE: 0.267103
Epoch 578/2000 | Train MSE: 0.237415
Epoch 579/2000 | Train MSE: 0.190840
Epoch 580/2000 | Train MSE: 0.156513
Epoch 581/2000 | Train MSE: 0.245965
Epoch 582/2000 | Train MSE: 0.186460
Epoch 583/2000 | Train MSE: 0.280814
Epoch 584/2000 | Train MSE: 0.194732
Epoch 585/2000 | Train MSE: 0.314767
Epoch 586/2000 | Train MSE: 0.211054
Epoch 587/2000 | Train MSE: 0.150015
Epoch 588/2000 | Train MSE: 0.359679
Epoch 589/2000 | Train MSE: 0.317587
Epoch 590/2000 | Train MSE: 0.123118
Epoch 591/2000 | Train MSE: 0.236285
Epoch 592/2000 | Train MSE: 0.358318
Epoch 593/2000 | Train MSE: 0.180493
Epoch 594/2000 | Train MSE: 0.152714
Epoch 595/2000 | Train MSE: 0.181348
Epoch 596/2000 | Train MSE: 0.356128
Epoch 597/2000 | Train MSE: 0.413039
Epoch 598/2000 | Train MSE: 0.227151
Epoch 599/2000 | Train MSE: 0.129221
Epoch 600/2000 | Train MSE: 0.128995
Epoch 601/2000 | Train MSE: 0.170818
Epoch 602/2000 | Train MSE: 0.293761
Epoch 603/2000 | Train MSE: 0.234252
Epoch 604/2000 | Train MSE: 0.178747
Epoch 605/2000 | Train MSE: 0.267692
Epoch 606/2000 | Train MSE: 0.341329
Epoch 607/2000 | Train MSE: 0.414937
Epoch 608/2000 | Train MSE: 0.108757
Epoch 609/2000 | Train MSE: 0.180720
Epoch 610/2000 | Train MSE: 0.190047
Epoch 611/2000 | Train MSE: 0.222471
Epoch 612/2000 | Train MSE: 0.199716
Epoch 613/2000 | Train MSE: 0.199996
Epoch 614/2000 | Train MSE: 0.281272
Epoch 615/2000 | Train MSE: 0.186641
Epoch 616/2000 | Train MSE: 0.409081
Epoch 617/2000 | Train MSE: 0.153409
Epoch 618/2000 | Train MSE: 0.181420
Epoch 619/2000 | Train MSE: 0.198063
Epoch 620/2000 | Train MSE: 0.248820
Epoch 621/2000 | Train MSE: 0.145163
Epoch 622/2000 | Train MSE: 0.135085
Epoch 623/2000 | Train MSE: 0.206362
Epoch 624/2000 | Train MSE: 0.303825
Epoch 625/2000 | Train MSE: 0.130234
Epoch 626/2000 | Train MSE: 0.168436
Epoch 627/2000 | Train MSE: 0.262259
Epoch 628/2000 | Train MSE: 0.291459
Epoch 629/2000 | Train MSE: 0.207021
Epoch 630/2000 | Train MSE: 0.151719
Epoch 631/2000 | Train MSE: 0.214401
Epoch 632/2000 | Train MSE: 0.171239
Epoch 633/2000 | Train MSE: 0.250815
Epoch 634/2000 | Train MSE: 0.215617
Epoch 635/2000 | Train MSE: 0.235064
Epoch 636/2000 | Train MSE: 0.189670
Epoch 637/2000 | Train MSE: 0.132751
Epoch 638/2000 | Train MSE: 0.199103
Epoch 639/2000 | Train MSE: 0.125012
Epoch 640/2000 | Train MSE: 0.417914
Epoch 641/2000 | Train MSE: 0.150112
Epoch 642/2000 | Train MSE: 0.285345
Epoch 643/2000 | Train MSE: 0.132793
Epoch 644/2000 | Train MSE: 0.170068
Epoch 645/2000 | Train MSE: 0.194809
Epoch 646/2000 | Train MSE: 0.111331
Epoch 647/2000 | Train MSE: 0.142440
Epoch 648/2000 | Train MSE: 0.182900
Epoch 649/2000 | Train MSE: 0.434479
Epoch 650/2000 | Train MSE: 0.196110
Epoch 651/2000 | Train MSE: 0.130105
Epoch 652/2000 | Train MSE: 0.241297
Epoch 653/2000 | Train MSE: 0.189012
Epoch 654/2000 | Train MSE: 0.116880
Epoch 655/2000 | Train MSE: 0.259956
Epoch 656/2000 | Train MSE: 0.155304
Epoch 657/2000 | Train MSE: 0.166184
Epoch 658/2000 | Train MSE: 0.131318
Early stopping at epoch 658. Best training loss: 0.108757

Training H5

Epoch 1/2000 | Train MSE: 457.915067
Epoch 2/2000 | Train MSE: 20.974818
Epoch 3/2000 | Train MSE: 11.889876
Epoch 4/2000 | Train MSE: 8.616616
Epoch 5/2000 | Train MSE: 12.835257
Epoch 6/2000 | Train MSE: 8.122709
Epoch 7/2000 | Train MSE: 12.902933
Epoch 8/2000 | Train MSE: 6.373585
Epoch 9/2000 | Train MSE: 12.055962
Epoch 10/2000 | Train MSE: 15.050510
Epoch 11/2000 | Train MSE: 6.100366
Epoch 12/2000 | Train MSE: 5.124958
Epoch 13/2000 | Train MSE: 3.401490
Epoch 14/2000 | Train MSE: 8.420118
Epoch 15/2000 | Train MSE: 3.690845
Epoch 16/2000 | Train MSE: 41.549412
Epoch 17/2000 | Train MSE: 9.455746
Epoch 18/2000 | Train MSE: 4.962080
Epoch 19/2000 | Train MSE: 4.781172
Epoch 20/2000 | Train MSE: 4.303467
Epoch 21/2000 | Train MSE: 4.310513
Epoch 22/2000 | Train MSE: 5.948666
Epoch 23/2000 | Train MSE: 4.886174
Epoch 24/2000 | Train MSE: 4.331474
Epoch 25/2000 | Train MSE: 3.524335
Epoch 26/2000 | Train MSE: 6.035892
Epoch 27/2000 | Train MSE: 2.702799
Epoch 28/2000 | Train MSE: 5.595419
Epoch 29/2000 | Train MSE: 3.030973
Epoch 30/2000 | Train MSE: 4.404765
Epoch 31/2000 | Train MSE: 3.572261
Epoch 32/2000 | Train MSE: 3.629902
Epoch 33/2000 | Train MSE: 3.244514
Epoch 34/2000 | Train MSE: 2.541849
Epoch 35/2000 | Train MSE: 6.418298
Epoch 36/2000 | Train MSE: 3.530068
Epoch 37/2000 | Train MSE: 3.570629
Epoch 38/2000 | Train MSE: 3.110112
Epoch 39/2000 | Train MSE: 3.403982
Epoch 40/2000 | Train MSE: 2.927628
Epoch 41/2000 | Train MSE: 2.912048
Epoch 42/2000 | Train MSE: 5.503790
Epoch 43/2000 | Train MSE: 2.846173
Epoch 44/2000 | Train MSE: 2.185593
Epoch 45/2000 | Train MSE: 2.053268
Epoch 46/2000 | Train MSE: 3.832241
Epoch 47/2000 | Train MSE: 2.708138
Epoch 48/2000 | Train MSE: 2.771466
Epoch 49/2000 | Train MSE: 2.716790
Epoch 50/2000 | Train MSE: 1.571597
Epoch 51/2000 | Train MSE: 4.074920
Epoch 52/2000 | Train MSE: 2.431593
Epoch 53/2000 | Train MSE: 3.391597
Epoch 54/2000 | Train MSE: 1.383673
Epoch 55/2000 | Train MSE: 2.292986
Epoch 56/2000 | Train MSE: 3.516173
Epoch 57/2000 | Train MSE: 1.973529
Epoch 58/2000 | Train MSE: 1.488631
Epoch 59/2000 | Train MSE: 2.043706
Epoch 60/2000 | Train MSE: 1.701263
Epoch 61/2000 | Train MSE: 1.824455
Epoch 62/2000 | Train MSE: 2.844409
Epoch 63/2000 | Train MSE: 2.274723
Epoch 64/2000 | Train MSE: 2.053554
Epoch 65/2000 | Train MSE: 1.077018
Epoch 66/2000 | Train MSE: 2.398482
Epoch 67/2000 | Train MSE: 1.866513
Epoch 68/2000 | Train MSE: 1.422368
Epoch 69/2000 | Train MSE: 1.174500
Epoch 70/2000 | Train MSE: 1.585936
Epoch 71/2000 | Train MSE: 2.059736
Epoch 72/2000 | Train MSE: 2.026261
Epoch 73/2000 | Train MSE: 2.306324
Epoch 74/2000 | Train MSE: 1.119994
Epoch 75/2000 | Train MSE: 1.292306
Epoch 76/2000 | Train MSE: 1.511270
Epoch 77/2000 | Train MSE: 1.580768
Epoch 78/2000 | Train MSE: 1.189616
Epoch 79/2000 | Train MSE: 1.716289
Epoch 80/2000 | Train MSE: 0.974170
Epoch 81/2000 | Train MSE: 1.656032
Epoch 82/2000 | Train MSE: 1.024975
Epoch 83/2000 | Train MSE: 1.771950
Epoch 84/2000 | Train MSE: 1.755708
Epoch 85/2000 | Train MSE: 1.089218
Epoch 86/2000 | Train MSE: 1.718530
Epoch 87/2000 | Train MSE: 1.623714
Epoch 88/2000 | Train MSE: 1.135884
Epoch 89/2000 | Train MSE: 1.108007
Epoch 90/2000 | Train MSE: 2.146635
Epoch 91/2000 | Train MSE: 1.170423
Epoch 92/2000 | Train MSE: 1.651831
Epoch 93/2000 | Train MSE: 0.823626
Epoch 94/2000 | Train MSE: 1.165643
Epoch 95/2000 | Train MSE: 0.906454
Epoch 96/2000 | Train MSE: 1.316944
Epoch 97/2000 | Train MSE: 0.918898
Epoch 98/2000 | Train MSE: 1.621292
Epoch 99/2000 | Train MSE: 1.321873
Epoch 100/2000 | Train MSE: 0.891422
Epoch 101/2000 | Train MSE: 2.938578
Epoch 102/2000 | Train MSE: 1.043374
Epoch 103/2000 | Train MSE: 1.016862
Epoch 104/2000 | Train MSE: 0.717031
Epoch 105/2000 | Train MSE: 1.054269
Epoch 106/2000 | Train MSE: 1.318541
Epoch 107/2000 | Train MSE: 1.125217
Epoch 108/2000 | Train MSE: 0.600839
Epoch 109/2000 | Train MSE: 1.099580
Epoch 110/2000 | Train MSE: 1.589485
Epoch 111/2000 | Train MSE: 0.761260
Epoch 112/2000 | Train MSE: 1.237572
Epoch 113/2000 | Train MSE: 0.805688
Epoch 114/2000 | Train MSE: 0.748165
Epoch 115/2000 | Train MSE: 1.310031
Epoch 116/2000 | Train MSE: 1.248602
Epoch 117/2000 | Train MSE: 0.781092
Epoch 118/2000 | Train MSE: 0.973408
Epoch 119/2000 | Train MSE: 0.933988
Epoch 120/2000 | Train MSE: 0.741249
Epoch 121/2000 | Train MSE: 1.043928
Epoch 122/2000 | Train MSE: 1.445664
Epoch 123/2000 | Train MSE: 0.759137
Epoch 124/2000 | Train MSE: 0.693995
Epoch 125/2000 | Train MSE: 0.909760
Epoch 126/2000 | Train MSE: 1.191146
Epoch 127/2000 | Train MSE: 0.602768
Epoch 128/2000 | Train MSE: 1.353390
Epoch 129/2000 | Train MSE: 1.201805
Epoch 130/2000 | Train MSE: 0.765675
Epoch 131/2000 | Train MSE: 0.552850
Epoch 132/2000 | Train MSE: 0.652155
Epoch 133/2000 | Train MSE: 0.863347
Epoch 134/2000 | Train MSE: 0.894115
Epoch 135/2000 | Train MSE: 0.872961
Epoch 136/2000 | Train MSE: 0.594382
Epoch 137/2000 | Train MSE: 0.629962
Epoch 138/2000 | Train MSE: 0.775892
Epoch 139/2000 | Train MSE: 0.666802
Epoch 140/2000 | Train MSE: 0.872598
Epoch 141/2000 | Train MSE: 0.531261
Epoch 142/2000 | Train MSE: 0.750226
Epoch 143/2000 | Train MSE: 0.573144
Epoch 144/2000 | Train MSE: 0.878592
Epoch 145/2000 | Train MSE: 0.628598
Epoch 146/2000 | Train MSE: 1.515597
Epoch 147/2000 | Train MSE: 0.918905
Epoch 148/2000 | Train MSE: 0.661429
Epoch 149/2000 | Train MSE: 0.730395
Epoch 150/2000 | Train MSE: 0.671809
Epoch 151/2000 | Train MSE: 0.942527
Epoch 152/2000 | Train MSE: 0.690047
Epoch 153/2000 | Train MSE: 1.256274
Epoch 154/2000 | Train MSE: 0.692740
Epoch 155/2000 | Train MSE: 0.426483
Epoch 156/2000 | Train MSE: 0.658284
Epoch 157/2000 | Train MSE: 0.622912
Epoch 158/2000 | Train MSE: 0.543717
Epoch 159/2000 | Train MSE: 0.992099
Epoch 160/2000 | Train MSE: 0.585732
Epoch 161/2000 | Train MSE: 0.495035
Epoch 162/2000 | Train MSE: 0.522857
Epoch 163/2000 | Train MSE: 0.745238
Epoch 164/2000 | Train MSE: 0.526418
Epoch 165/2000 | Train MSE: 0.780036
Epoch 166/2000 | Train MSE: 0.555063
Epoch 167/2000 | Train MSE: 1.398361
Epoch 168/2000 | Train MSE: 0.496745
Epoch 169/2000 | Train MSE: 0.837115
Epoch 170/2000 | Train MSE: 0.613148
Epoch 171/2000 | Train MSE: 0.471376
Epoch 172/2000 | Train MSE: 0.656155
Epoch 173/2000 | Train MSE: 0.554304
Epoch 174/2000 | Train MSE: 0.460062
Epoch 175/2000 | Train MSE: 0.490477
Epoch 176/2000 | Train MSE: 0.628482
Epoch 177/2000 | Train MSE: 0.985733
Epoch 178/2000 | Train MSE: 1.415205
Epoch 179/2000 | Train MSE: 0.443047
Epoch 180/2000 | Train MSE: 0.366184
Epoch 181/2000 | Train MSE: 0.625216
Epoch 182/2000 | Train MSE: 0.674145
Epoch 183/2000 | Train MSE: 0.603363
Epoch 184/2000 | Train MSE: 0.699737
Epoch 185/2000 | Train MSE: 0.378841
Epoch 186/2000 | Train MSE: 0.644592
Epoch 187/2000 | Train MSE: 0.362924
Epoch 188/2000 | Train MSE: 0.586888
Epoch 189/2000 | Train MSE: 0.551168
Epoch 190/2000 | Train MSE: 0.382196
Epoch 191/2000 | Train MSE: 0.502860
Epoch 192/2000 | Train MSE: 0.619745
Epoch 193/2000 | Train MSE: 0.556034
Epoch 194/2000 | Train MSE: 0.734663
Epoch 195/2000 | Train MSE: 0.453881
Epoch 196/2000 | Train MSE: 0.588512
Epoch 197/2000 | Train MSE: 0.561274
Epoch 198/2000 | Train MSE: 0.713543
Epoch 199/2000 | Train MSE: 0.443257
Epoch 200/2000 | Train MSE: 0.424998
Epoch 201/2000 | Train MSE: 1.167676
Epoch 202/2000 | Train MSE: 0.519880
Epoch 203/2000 | Train MSE: 0.564997
Epoch 204/2000 | Train MSE: 0.625924
Epoch 205/2000 | Train MSE: 0.490515
Epoch 206/2000 | Train MSE: 0.331213
Epoch 207/2000 | Train MSE: 0.288041
Epoch 208/2000 | Train MSE: 0.321108
Epoch 209/2000 | Train MSE: 1.534286
Epoch 210/2000 | Train MSE: 0.560913
Epoch 211/2000 | Train MSE: 0.489581
Epoch 212/2000 | Train MSE: 0.634425
Epoch 213/2000 | Train MSE: 0.527268
Epoch 214/2000 | Train MSE: 0.532591
Epoch 215/2000 | Train MSE: 0.597966
Epoch 216/2000 | Train MSE: 0.389681
Epoch 217/2000 | Train MSE: 0.380685
Epoch 218/2000 | Train MSE: 0.823390
Epoch 219/2000 | Train MSE: 0.486942
Epoch 220/2000 | Train MSE: 0.480046
Epoch 221/2000 | Train MSE: 0.687210
Epoch 222/2000 | Train MSE: 0.404814
Epoch 223/2000 | Train MSE: 0.339569
Epoch 224/2000 | Train MSE: 0.345469
Epoch 225/2000 | Train MSE: 0.784175
Epoch 226/2000 | Train MSE: 0.357497
Epoch 227/2000 | Train MSE: 0.361035
Epoch 228/2000 | Train MSE: 0.499799
Epoch 229/2000 | Train MSE: 0.491382
Epoch 230/2000 | Train MSE: 0.544199
Epoch 231/2000 | Train MSE: 0.619404
Epoch 232/2000 | Train MSE: 0.506340
Epoch 233/2000 | Train MSE: 0.616435
Epoch 234/2000 | Train MSE: 0.299534
Epoch 235/2000 | Train MSE: 0.419190
Epoch 236/2000 | Train MSE: 0.504268
Epoch 237/2000 | Train MSE: 0.488683
Epoch 238/2000 | Train MSE: 0.327581
Epoch 239/2000 | Train MSE: 0.454281
Epoch 240/2000 | Train MSE: 0.808811
Epoch 241/2000 | Train MSE: 0.323360
Epoch 242/2000 | Train MSE: 0.458641
Epoch 243/2000 | Train MSE: 0.480475
Epoch 244/2000 | Train MSE: 0.605536
Epoch 245/2000 | Train MSE: 0.272877
Epoch 246/2000 | Train MSE: 0.367489
Epoch 247/2000 | Train MSE: 0.488798
Epoch 248/2000 | Train MSE: 0.401644
Epoch 249/2000 | Train MSE: 0.456012
Epoch 250/2000 | Train MSE: 0.396759
Epoch 251/2000 | Train MSE: 0.468477
Epoch 252/2000 | Train MSE: 0.408289
Epoch 253/2000 | Train MSE: 0.345934
Epoch 254/2000 | Train MSE: 0.413043
Epoch 255/2000 | Train MSE: 0.682476
Epoch 256/2000 | Train MSE: 0.561857
Epoch 257/2000 | Train MSE: 0.329455
Epoch 258/2000 | Train MSE: 0.361225
Epoch 259/2000 | Train MSE: 0.682850
Epoch 260/2000 | Train MSE: 0.311177
Epoch 261/2000 | Train MSE: 0.220474
Epoch 262/2000 | Train MSE: 0.306498
Epoch 263/2000 | Train MSE: 0.482695
Epoch 264/2000 | Train MSE: 0.618140
Epoch 265/2000 | Train MSE: 0.268505
Epoch 266/2000 | Train MSE: 0.441188
Epoch 267/2000 | Train MSE: 0.314934
Epoch 268/2000 | Train MSE: 0.353762
Epoch 269/2000 | Train MSE: 0.631271
Epoch 270/2000 | Train MSE: 0.433266
Epoch 271/2000 | Train MSE: 0.384325
Epoch 272/2000 | Train MSE: 0.334117
Epoch 273/2000 | Train MSE: 0.262363
Epoch 274/2000 | Train MSE: 0.410936
Epoch 275/2000 | Train MSE: 0.644553
Epoch 276/2000 | Train MSE: 0.378270
Epoch 277/2000 | Train MSE: 0.439825
Epoch 278/2000 | Train MSE: 0.378205
Epoch 279/2000 | Train MSE: 0.495883
Epoch 280/2000 | Train MSE: 0.241172
Epoch 281/2000 | Train MSE: 0.400149
Epoch 282/2000 | Train MSE: 0.464502
Epoch 283/2000 | Train MSE: 0.543269
Epoch 284/2000 | Train MSE: 0.535976
Epoch 285/2000 | Train MSE: 0.337175
Epoch 286/2000 | Train MSE: 0.287565
Epoch 287/2000 | Train MSE: 0.356821
Epoch 288/2000 | Train MSE: 0.326551
Epoch 289/2000 | Train MSE: 0.551347
Epoch 290/2000 | Train MSE: 0.443104
Epoch 291/2000 | Train MSE: 0.354116
Epoch 292/2000 | Train MSE: 0.405296
Epoch 293/2000 | Train MSE: 0.623580
Epoch 294/2000 | Train MSE: 0.297987
Epoch 295/2000 | Train MSE: 0.249905
Epoch 296/2000 | Train MSE: 0.210805
Epoch 297/2000 | Train MSE: 0.232105
Epoch 298/2000 | Train MSE: 0.964710
Epoch 299/2000 | Train MSE: 0.264685
Epoch 300/2000 | Train MSE: 0.276633
Epoch 301/2000 | Train MSE: 0.291988
Epoch 302/2000 | Train MSE: 0.343777
Epoch 303/2000 | Train MSE: 1.431744
Epoch 304/2000 | Train MSE: 0.225343
Epoch 305/2000 | Train MSE: 0.207703
Epoch 306/2000 | Train MSE: 0.246944
Epoch 307/2000 | Train MSE: 0.287044
Epoch 308/2000 | Train MSE: 0.286595
Epoch 309/2000 | Train MSE: 0.337984
Epoch 310/2000 | Train MSE: 0.342983
Epoch 311/2000 | Train MSE: 0.292425
Epoch 312/2000 | Train MSE: 0.447352
Epoch 313/2000 | Train MSE: 0.328366
Epoch 314/2000 | Train MSE: 0.570265
Epoch 315/2000 | Train MSE: 0.282034
Epoch 316/2000 | Train MSE: 0.244781
Epoch 317/2000 | Train MSE: 0.276782
Epoch 318/2000 | Train MSE: 0.528134
Epoch 319/2000 | Train MSE: 0.471782
Epoch 320/2000 | Train MSE: 0.264267
Epoch 321/2000 | Train MSE: 0.395543
Epoch 322/2000 | Train MSE: 0.447584
Epoch 323/2000 | Train MSE: 0.478839
Epoch 324/2000 | Train MSE: 0.188617
Epoch 325/2000 | Train MSE: 0.446143
Epoch 326/2000 | Train MSE: 0.434682
Epoch 327/2000 | Train MSE: 0.304736
Epoch 328/2000 | Train MSE: 0.304084
Epoch 329/2000 | Train MSE: 0.314909
Epoch 330/2000 | Train MSE: 0.380856
Epoch 331/2000 | Train MSE: 0.286450
Epoch 332/2000 | Train MSE: 0.218202
Epoch 333/2000 | Train MSE: 0.466039
Epoch 334/2000 | Train MSE: 0.543404
Epoch 335/2000 | Train MSE: 0.215556
Epoch 336/2000 | Train MSE: 0.151120
Epoch 337/2000 | Train MSE: 0.172812
Epoch 338/2000 | Train MSE: 0.478693
Epoch 339/2000 | Train MSE: 1.159923
Epoch 340/2000 | Train MSE: 0.312741
Epoch 341/2000 | Train MSE: 0.213173
Epoch 342/2000 | Train MSE: 0.199199
Epoch 343/2000 | Train MSE: 0.159569
Epoch 344/2000 | Train MSE: 0.327838
Epoch 345/2000 | Train MSE: 0.558660
Epoch 346/2000 | Train MSE: 0.500512
Epoch 347/2000 | Train MSE: 0.214254
Epoch 348/2000 | Train MSE: 0.210766
Epoch 349/2000 | Train MSE: 0.354402
Epoch 350/2000 | Train MSE: 0.330926
Epoch 351/2000 | Train MSE: 0.352602
Epoch 352/2000 | Train MSE: 0.279103
Epoch 353/2000 | Train MSE: 0.255253
Epoch 354/2000 | Train MSE: 0.244481
Epoch 355/2000 | Train MSE: 0.236441
Epoch 356/2000 | Train MSE: 0.290972
Epoch 357/2000 | Train MSE: 0.533799
Epoch 358/2000 | Train MSE: 0.373332
Epoch 359/2000 | Train MSE: 0.249796
Epoch 360/2000 | Train MSE: 0.349236
Epoch 361/2000 | Train MSE: 0.287893
Epoch 362/2000 | Train MSE: 0.453761
Epoch 363/2000 | Train MSE: 0.278018
Epoch 364/2000 | Train MSE: 0.170156
Epoch 365/2000 | Train MSE: 0.363453
Epoch 366/2000 | Train MSE: 0.271810
Epoch 367/2000 | Train MSE: 0.273578
Epoch 368/2000 | Train MSE: 0.392890
Epoch 369/2000 | Train MSE: 0.399003
Epoch 370/2000 | Train MSE: 0.255573
Epoch 371/2000 | Train MSE: 0.180236
Epoch 372/2000 | Train MSE: 0.205416
Epoch 373/2000 | Train MSE: 0.294120
Epoch 374/2000 | Train MSE: 0.317112
Epoch 375/2000 | Train MSE: 0.226860
Epoch 376/2000 | Train MSE: 0.403755
Epoch 377/2000 | Train MSE: 0.294824
Epoch 378/2000 | Train MSE: 0.328817
Epoch 379/2000 | Train MSE: 0.243319
Epoch 380/2000 | Train MSE: 0.432750
Epoch 381/2000 | Train MSE: 0.532673
Epoch 382/2000 | Train MSE: 0.259983
Epoch 383/2000 | Train MSE: 0.274118
Epoch 384/2000 | Train MSE: 0.164395
Epoch 385/2000 | Train MSE: 0.227918
Epoch 386/2000 | Train MSE: 0.257363
Early stopping at epoch 386. Best training loss: 0.151120

           ===== Results =====
           MSE : 24.78196716
           MAE : 3.30179477
           RMSE: 4.97814897
           R²  : 0.87465656

 === Started run 2 === 

    --- Executing dataset Covid3Month --- 

Training H1

Epoch 1/2000 | Train MSE: 0.004380
Epoch 2/2000 | Train MSE: 0.002944
Epoch 3/2000 | Train MSE: 0.002722
Epoch 4/2000 | Train MSE: 0.002045
Epoch 5/2000 | Train MSE: 0.001745
Epoch 6/2000 | Train MSE: 0.001669
Epoch 7/2000 | Train MSE: 0.001654
Epoch 8/2000 | Train MSE: 0.001613
Epoch 9/2000 | Train MSE: 0.001790
Epoch 10/2000 | Train MSE: 0.001649
Epoch 11/2000 | Train MSE: 0.001622
Epoch 12/2000 | Train MSE: 0.001576
Epoch 13/2000 | Train MSE: 0.001539
Epoch 14/2000 | Train MSE: 0.001649
Epoch 15/2000 | Train MSE: 0.001565
Epoch 16/2000 | Train MSE: 0.001502
Epoch 17/2000 | Train MSE: 0.001465
Epoch 18/2000 | Train MSE: 0.001431
Epoch 19/2000 | Train MSE: 0.001445
Epoch 20/2000 | Train MSE: 0.001180
Epoch 21/2000 | Train MSE: 0.001042
Epoch 22/2000 | Train MSE: 0.001366
Epoch 23/2000 | Train MSE: 0.001134
Epoch 24/2000 | Train MSE: 0.001090
Epoch 25/2000 | Train MSE: 0.000968
Epoch 26/2000 | Train MSE: 0.000804
Epoch 27/2000 | Train MSE: 0.000906
Epoch 28/2000 | Train MSE: 0.000866
Epoch 29/2000 | Train MSE: 0.001368
Epoch 30/2000 | Train MSE: 0.001150
Epoch 31/2000 | Train MSE: 0.000856
Epoch 32/2000 | Train MSE: 0.000947
Epoch 33/2000 | Train MSE: 0.000815
Epoch 34/2000 | Train MSE: 0.000779
Epoch 35/2000 | Train MSE: 0.000651
Epoch 36/2000 | Train MSE: 0.000489
Epoch 37/2000 | Train MSE: 0.000456
Epoch 38/2000 | Train MSE: 0.000382
Epoch 39/2000 | Train MSE: 0.000382
Epoch 40/2000 | Train MSE: 0.000331
Epoch 41/2000 | Train MSE: 0.000299
Epoch 42/2000 | Train MSE: 0.000263
Epoch 43/2000 | Train MSE: 0.000383
Epoch 44/2000 | Train MSE: 0.000281
Epoch 45/2000 | Train MSE: 0.000269
Epoch 46/2000 | Train MSE: 0.000186
Epoch 47/2000 | Train MSE: 0.000203
Epoch 48/2000 | Train MSE: 0.000192
Epoch 49/2000 | Train MSE: 0.000223
Epoch 50/2000 | Train MSE: 0.000498
Epoch 51/2000 | Train MSE: 0.000351
Epoch 52/2000 | Train MSE: 0.000259
Epoch 53/2000 | Train MSE: 0.000263
Epoch 54/2000 | Train MSE: 0.000176
Epoch 55/2000 | Train MSE: 0.000171
Epoch 56/2000 | Train MSE: 0.000132
Epoch 57/2000 | Train MSE: 0.000151
Epoch 58/2000 | Train MSE: 0.000110
Epoch 59/2000 | Train MSE: 0.000135
Epoch 60/2000 | Train MSE: 0.000118
Epoch 61/2000 | Train MSE: 0.000062
Epoch 62/2000 | Train MSE: 0.000068
Epoch 63/2000 | Train MSE: 0.000048
Epoch 64/2000 | Train MSE: 0.000031
Epoch 65/2000 | Train MSE: 0.000031
Epoch 66/2000 | Train MSE: 0.000020
Epoch 67/2000 | Train MSE: 0.000023
Epoch 68/2000 | Train MSE: 0.000044
Epoch 69/2000 | Train MSE: 0.000028
Epoch 70/2000 | Train MSE: 0.000027
Epoch 71/2000 | Train MSE: 0.000024
Epoch 72/2000 | Train MSE: 0.000030
Epoch 73/2000 | Train MSE: 0.000043
Epoch 74/2000 | Train MSE: 0.000037
Epoch 75/2000 | Train MSE: 0.000026
Epoch 76/2000 | Train MSE: 0.000020
Epoch 77/2000 | Train MSE: 0.000019
Epoch 78/2000 | Train MSE: 0.000015
Epoch 79/2000 | Train MSE: 0.000013
Epoch 80/2000 | Train MSE: 0.000012
Epoch 81/2000 | Train MSE: 0.000018
Epoch 82/2000 | Train MSE: 0.000018
Epoch 83/2000 | Train MSE: 0.000013
Epoch 84/2000 | Train MSE: 0.000010
Epoch 85/2000 | Train MSE: 0.000008
Epoch 86/2000 | Train MSE: 0.000010
Epoch 87/2000 | Train MSE: 0.000008
Epoch 88/2000 | Train MSE: 0.000015
Epoch 89/2000 | Train MSE: 0.000009
Epoch 90/2000 | Train MSE: 0.000009
Epoch 91/2000 | Train MSE: 0.000014
Epoch 92/2000 | Train MSE: 0.000011
Epoch 93/2000 | Train MSE: 0.000016
Epoch 94/2000 | Train MSE: 0.000006
Epoch 95/2000 | Train MSE: 0.000009
Epoch 96/2000 | Train MSE: 0.000006
Epoch 97/2000 | Train MSE: 0.000007
Epoch 98/2000 | Train MSE: 0.000006
Epoch 99/2000 | Train MSE: 0.000006
Epoch 100/2000 | Train MSE: 0.000008
Epoch 101/2000 | Train MSE: 0.000014
Epoch 102/2000 | Train MSE: 0.000015
Epoch 103/2000 | Train MSE: 0.000017
Epoch 104/2000 | Train MSE: 0.000055
Epoch 105/2000 | Train MSE: 0.000045
Epoch 106/2000 | Train MSE: 0.000065
Epoch 107/2000 | Train MSE: 0.000053
Epoch 108/2000 | Train MSE: 0.000041
Epoch 109/2000 | Train MSE: 0.000031
Epoch 110/2000 | Train MSE: 0.000019
Epoch 111/2000 | Train MSE: 0.000021
Epoch 112/2000 | Train MSE: 0.000025
Epoch 113/2000 | Train MSE: 0.000017
Epoch 114/2000 | Train MSE: 0.000021
Epoch 115/2000 | Train MSE: 0.000018
Epoch 116/2000 | Train MSE: 0.000019
Epoch 117/2000 | Train MSE: 0.000031
Epoch 118/2000 | Train MSE: 0.000023
Epoch 119/2000 | Train MSE: 0.000040
Epoch 120/2000 | Train MSE: 0.000043
Epoch 121/2000 | Train MSE: 0.000057
Epoch 122/2000 | Train MSE: 0.000048
Epoch 123/2000 | Train MSE: 0.000052
Epoch 124/2000 | Train MSE: 0.000034
Epoch 125/2000 | Train MSE: 0.000016
Epoch 126/2000 | Train MSE: 0.000014
Epoch 127/2000 | Train MSE: 0.000009
Epoch 128/2000 | Train MSE: 0.000010
Epoch 129/2000 | Train MSE: 0.000008
Epoch 130/2000 | Train MSE: 0.000008
Epoch 131/2000 | Train MSE: 0.000015
Epoch 132/2000 | Train MSE: 0.000017
Epoch 133/2000 | Train MSE: 0.000011
Epoch 134/2000 | Train MSE: 0.000012
Epoch 135/2000 | Train MSE: 0.000012
Epoch 136/2000 | Train MSE: 0.000009
Epoch 137/2000 | Train MSE: 0.000012
Epoch 138/2000 | Train MSE: 0.000010
Epoch 139/2000 | Train MSE: 0.000009
Epoch 140/2000 | Train MSE: 0.000009
Epoch 141/2000 | Train MSE: 0.000017
Epoch 142/2000 | Train MSE: 0.000016
Epoch 143/2000 | Train MSE: 0.000018
Epoch 144/2000 | Train MSE: 0.000008
Epoch 145/2000 | Train MSE: 0.000010
Epoch 146/2000 | Train MSE: 0.000011
Early stopping at epoch 146. Best training loss: 0.000006

Training H2

Epoch 1/2000 | Train MSE: 0.002885
Epoch 2/2000 | Train MSE: 0.001869
Epoch 3/2000 | Train MSE: 0.001714
Epoch 4/2000 | Train MSE: 0.001580
Epoch 5/2000 | Train MSE: 0.001632
Epoch 6/2000 | Train MSE: 0.001581
Epoch 7/2000 | Train MSE: 0.001551
Epoch 8/2000 | Train MSE: 0.001558
Epoch 9/2000 | Train MSE: 0.001554
Epoch 10/2000 | Train MSE: 0.001526
Epoch 11/2000 | Train MSE: 0.001541
Epoch 12/2000 | Train MSE: 0.001532
Epoch 13/2000 | Train MSE: 0.001554
Epoch 14/2000 | Train MSE: 0.001464
Epoch 15/2000 | Train MSE: 0.001436
Epoch 16/2000 | Train MSE: 0.001398
Epoch 17/2000 | Train MSE: 0.001366
Epoch 18/2000 | Train MSE: 0.001356
Epoch 19/2000 | Train MSE: 0.001378
Epoch 20/2000 | Train MSE: 0.001296
Epoch 21/2000 | Train MSE: 0.001256
Epoch 22/2000 | Train MSE: 0.001371
Epoch 23/2000 | Train MSE: 0.001321
Epoch 24/2000 | Train MSE: 0.001316
Epoch 25/2000 | Train MSE: 0.001297
Epoch 26/2000 | Train MSE: 0.001200
Epoch 27/2000 | Train MSE: 0.001215
Epoch 28/2000 | Train MSE: 0.001224
Epoch 29/2000 | Train MSE: 0.001077
Epoch 30/2000 | Train MSE: 0.001073
Epoch 31/2000 | Train MSE: 0.000816
Epoch 32/2000 | Train MSE: 0.000885
Epoch 33/2000 | Train MSE: 0.000690
Epoch 34/2000 | Train MSE: 0.000644
Epoch 35/2000 | Train MSE: 0.000663
Epoch 36/2000 | Train MSE: 0.000485
Epoch 37/2000 | Train MSE: 0.000660
Epoch 38/2000 | Train MSE: 0.000837
Epoch 39/2000 | Train MSE: 0.000615
Epoch 40/2000 | Train MSE: 0.000653
Epoch 41/2000 | Train MSE: 0.000777
Epoch 42/2000 | Train MSE: 0.000471
Epoch 43/2000 | Train MSE: 0.000531
Epoch 44/2000 | Train MSE: 0.000437
Epoch 45/2000 | Train MSE: 0.000271
Epoch 46/2000 | Train MSE: 0.000225
Epoch 47/2000 | Train MSE: 0.000187
Epoch 48/2000 | Train MSE: 0.000175
Epoch 49/2000 | Train MSE: 0.000147
Epoch 50/2000 | Train MSE: 0.000157
Epoch 51/2000 | Train MSE: 0.000128
Epoch 52/2000 | Train MSE: 0.000086
Epoch 53/2000 | Train MSE: 0.000081
Epoch 54/2000 | Train MSE: 0.000069
Epoch 55/2000 | Train MSE: 0.000052
Epoch 56/2000 | Train MSE: 0.000070
Epoch 57/2000 | Train MSE: 0.000067
Epoch 58/2000 | Train MSE: 0.000047
Epoch 59/2000 | Train MSE: 0.000038
Epoch 60/2000 | Train MSE: 0.000027
Epoch 61/2000 | Train MSE: 0.000014
Epoch 62/2000 | Train MSE: 0.000033
Epoch 63/2000 | Train MSE: 0.000035
Epoch 64/2000 | Train MSE: 0.000019
Epoch 65/2000 | Train MSE: 0.000025
Epoch 66/2000 | Train MSE: 0.000029
Epoch 67/2000 | Train MSE: 0.000031
Epoch 68/2000 | Train MSE: 0.000031
Epoch 69/2000 | Train MSE: 0.000021
Epoch 70/2000 | Train MSE: 0.000018
Epoch 71/2000 | Train MSE: 0.000014
Epoch 72/2000 | Train MSE: 0.000021
Epoch 73/2000 | Train MSE: 0.000012
Epoch 74/2000 | Train MSE: 0.000014
Epoch 75/2000 | Train MSE: 0.000011
Epoch 76/2000 | Train MSE: 0.000008
Epoch 77/2000 | Train MSE: 0.000012
Epoch 78/2000 | Train MSE: 0.000010
Epoch 79/2000 | Train MSE: 0.000008
Epoch 80/2000 | Train MSE: 0.000008
Epoch 81/2000 | Train MSE: 0.000008
Epoch 82/2000 | Train MSE: 0.000006
Epoch 83/2000 | Train MSE: 0.000009
Epoch 84/2000 | Train MSE: 0.000004
Epoch 85/2000 | Train MSE: 0.000004
Epoch 86/2000 | Train MSE: 0.000002
Epoch 87/2000 | Train MSE: 0.000001
Epoch 88/2000 | Train MSE: 0.000001
Epoch 89/2000 | Train MSE: 0.000002
Epoch 90/2000 | Train MSE: 0.000001
Epoch 91/2000 | Train MSE: 0.000001
Epoch 92/2000 | Train MSE: 0.000001
Epoch 93/2000 | Train MSE: 0.000001
Epoch 94/2000 | Train MSE: 0.000001
Epoch 95/2000 | Train MSE: 0.000001
Epoch 96/2000 | Train MSE: 0.000001
Epoch 97/2000 | Train MSE: 0.000001
Epoch 98/2000 | Train MSE: 0.000001
Epoch 99/2000 | Train MSE: 0.000001
Epoch 100/2000 | Train MSE: 0.000001
Epoch 101/2000 | Train MSE: 0.000001
Epoch 102/2000 | Train MSE: 0.000001
Epoch 103/2000 | Train MSE: 0.000001
Epoch 104/2000 | Train MSE: 0.000001
Epoch 105/2000 | Train MSE: 0.000001
Epoch 106/2000 | Train MSE: 0.000002
Epoch 107/2000 | Train MSE: 0.000002
Epoch 108/2000 | Train MSE: 0.000004
Epoch 109/2000 | Train MSE: 0.000005
Epoch 110/2000 | Train MSE: 0.000005
Epoch 111/2000 | Train MSE: 0.000004
Epoch 112/2000 | Train MSE: 0.000006
Epoch 113/2000 | Train MSE: 0.000011
Epoch 114/2000 | Train MSE: 0.000014
Epoch 115/2000 | Train MSE: 0.000008
Epoch 116/2000 | Train MSE: 0.000008
Epoch 117/2000 | Train MSE: 0.000009
Epoch 118/2000 | Train MSE: 0.000017
Epoch 119/2000 | Train MSE: 0.000017
Epoch 120/2000 | Train MSE: 0.000018
Epoch 121/2000 | Train MSE: 0.000019
Epoch 122/2000 | Train MSE: 0.000018
Epoch 123/2000 | Train MSE: 0.000012
Epoch 124/2000 | Train MSE: 0.000016
Epoch 125/2000 | Train MSE: 0.000012
Epoch 126/2000 | Train MSE: 0.000019
Epoch 127/2000 | Train MSE: 0.000022
Epoch 128/2000 | Train MSE: 0.000024
Epoch 129/2000 | Train MSE: 0.000021
Epoch 130/2000 | Train MSE: 0.000038
Epoch 131/2000 | Train MSE: 0.000025
Epoch 132/2000 | Train MSE: 0.000016
Epoch 133/2000 | Train MSE: 0.000013
Epoch 134/2000 | Train MSE: 0.000012
Epoch 135/2000 | Train MSE: 0.000017
Epoch 136/2000 | Train MSE: 0.000009
Epoch 137/2000 | Train MSE: 0.000007
Epoch 138/2000 | Train MSE: 0.000011
Epoch 139/2000 | Train MSE: 0.000009
Epoch 140/2000 | Train MSE: 0.000006
Epoch 141/2000 | Train MSE: 0.000008
Epoch 142/2000 | Train MSE: 0.000008
Epoch 143/2000 | Train MSE: 0.000006
Epoch 144/2000 | Train MSE: 0.000005
Epoch 145/2000 | Train MSE: 0.000003
Epoch 146/2000 | Train MSE: 0.000003
Epoch 147/2000 | Train MSE: 0.000002
Epoch 148/2000 | Train MSE: 0.000002
Epoch 149/2000 | Train MSE: 0.000002
Epoch 150/2000 | Train MSE: 0.000001
Early stopping at epoch 150. Best training loss: 0.000001

Training H3

Epoch 1/2000 | Train MSE: 0.003399
Epoch 2/2000 | Train MSE: 0.002776
Epoch 3/2000 | Train MSE: 0.002451
Epoch 4/2000 | Train MSE: 0.001998
Epoch 5/2000 | Train MSE: 0.001696
Epoch 6/2000 | Train MSE: 0.001707
Epoch 7/2000 | Train MSE: 0.001656
Epoch 8/2000 | Train MSE: 0.001657
Epoch 9/2000 | Train MSE: 0.001619
Epoch 10/2000 | Train MSE: 0.001589
Epoch 11/2000 | Train MSE: 0.001559
Epoch 12/2000 | Train MSE: 0.001595
Epoch 13/2000 | Train MSE: 0.001584
Epoch 14/2000 | Train MSE: 0.001515
Epoch 15/2000 | Train MSE: 0.001493
Epoch 16/2000 | Train MSE: 0.001532
Epoch 17/2000 | Train MSE: 0.001454
Epoch 18/2000 | Train MSE: 0.001440
Epoch 19/2000 | Train MSE: 0.001403
Epoch 20/2000 | Train MSE: 0.001267
Epoch 21/2000 | Train MSE: 0.001283
Epoch 22/2000 | Train MSE: 0.002247
Epoch 23/2000 | Train MSE: 0.001838
Epoch 24/2000 | Train MSE: 0.001697
Epoch 25/2000 | Train MSE: 0.001445
Epoch 26/2000 | Train MSE: 0.001457
Epoch 27/2000 | Train MSE: 0.001347
Epoch 28/2000 | Train MSE: 0.001203
Epoch 29/2000 | Train MSE: 0.000985
Epoch 30/2000 | Train MSE: 0.001024
Epoch 31/2000 | Train MSE: 0.000842
Epoch 32/2000 | Train MSE: 0.000718
Epoch 33/2000 | Train MSE: 0.000651
Epoch 34/2000 | Train MSE: 0.000594
Epoch 35/2000 | Train MSE: 0.000599
Epoch 36/2000 | Train MSE: 0.000541
Epoch 37/2000 | Train MSE: 0.000644
Epoch 38/2000 | Train MSE: 0.000921
Epoch 39/2000 | Train MSE: 0.000836
Epoch 40/2000 | Train MSE: 0.000662
Epoch 41/2000 | Train MSE: 0.000425
Epoch 42/2000 | Train MSE: 0.000425
Epoch 43/2000 | Train MSE: 0.000365
Epoch 44/2000 | Train MSE: 0.000281
Epoch 45/2000 | Train MSE: 0.000276
Epoch 46/2000 | Train MSE: 0.000265
Epoch 47/2000 | Train MSE: 0.000284
Epoch 48/2000 | Train MSE: 0.000330
Epoch 49/2000 | Train MSE: 0.000268
Epoch 50/2000 | Train MSE: 0.000293
Epoch 51/2000 | Train MSE: 0.000239
Epoch 52/2000 | Train MSE: 0.000300
Epoch 53/2000 | Train MSE: 0.000268
Epoch 54/2000 | Train MSE: 0.000204
Epoch 55/2000 | Train MSE: 0.000154
Epoch 56/2000 | Train MSE: 0.000162
Epoch 57/2000 | Train MSE: 0.000130
Epoch 58/2000 | Train MSE: 0.000109
Epoch 59/2000 | Train MSE: 0.000089
Epoch 60/2000 | Train MSE: 0.000091
Epoch 61/2000 | Train MSE: 0.000096
Epoch 62/2000 | Train MSE: 0.000107
Epoch 63/2000 | Train MSE: 0.000089
Epoch 64/2000 | Train MSE: 0.000080
Epoch 65/2000 | Train MSE: 0.000070
Epoch 66/2000 | Train MSE: 0.000053
Epoch 67/2000 | Train MSE: 0.000051
Epoch 68/2000 | Train MSE: 0.000059
Epoch 69/2000 | Train MSE: 0.000042
Epoch 70/2000 | Train MSE: 0.000039
Epoch 71/2000 | Train MSE: 0.000036
Epoch 72/2000 | Train MSE: 0.000025
Epoch 73/2000 | Train MSE: 0.000028
Epoch 74/2000 | Train MSE: 0.000021
Epoch 75/2000 | Train MSE: 0.000023
Epoch 76/2000 | Train MSE: 0.000027
Epoch 77/2000 | Train MSE: 0.000039
Epoch 78/2000 | Train MSE: 0.000032
Epoch 79/2000 | Train MSE: 0.000027
Epoch 80/2000 | Train MSE: 0.000021
Epoch 81/2000 | Train MSE: 0.000023
Epoch 82/2000 | Train MSE: 0.000027
Epoch 83/2000 | Train MSE: 0.000016
Epoch 84/2000 | Train MSE: 0.000018
Epoch 85/2000 | Train MSE: 0.000014
Epoch 86/2000 | Train MSE: 0.000019
Epoch 87/2000 | Train MSE: 0.000024
Epoch 88/2000 | Train MSE: 0.000023
Epoch 89/2000 | Train MSE: 0.000025
Epoch 90/2000 | Train MSE: 0.000024
Epoch 91/2000 | Train MSE: 0.000028
Epoch 92/2000 | Train MSE: 0.000039
Epoch 93/2000 | Train MSE: 0.000021
Epoch 94/2000 | Train MSE: 0.000022
Epoch 95/2000 | Train MSE: 0.000013
Epoch 96/2000 | Train MSE: 0.000027
Epoch 97/2000 | Train MSE: 0.000026
Epoch 98/2000 | Train MSE: 0.000033
Epoch 99/2000 | Train MSE: 0.000025
Epoch 100/2000 | Train MSE: 0.000032
Epoch 101/2000 | Train MSE: 0.000035
Epoch 102/2000 | Train MSE: 0.000039
Epoch 103/2000 | Train MSE: 0.000028
Epoch 104/2000 | Train MSE: 0.000047
Epoch 105/2000 | Train MSE: 0.000062
Epoch 106/2000 | Train MSE: 0.000046
Epoch 107/2000 | Train MSE: 0.000066
Epoch 108/2000 | Train MSE: 0.000058
Epoch 109/2000 | Train MSE: 0.000044
Epoch 110/2000 | Train MSE: 0.000090
Epoch 111/2000 | Train MSE: 0.000121
Epoch 112/2000 | Train MSE: 0.000079
Epoch 113/2000 | Train MSE: 0.000116
Epoch 114/2000 | Train MSE: 0.000036
Epoch 115/2000 | Train MSE: 0.000038
Epoch 116/2000 | Train MSE: 0.000036
Epoch 117/2000 | Train MSE: 0.000029
Epoch 118/2000 | Train MSE: 0.000019
Epoch 119/2000 | Train MSE: 0.000018
Epoch 120/2000 | Train MSE: 0.000014
Epoch 121/2000 | Train MSE: 0.000012
Epoch 122/2000 | Train MSE: 0.000011
Epoch 123/2000 | Train MSE: 0.000007
Epoch 124/2000 | Train MSE: 0.000005
Epoch 125/2000 | Train MSE: 0.000003
Epoch 126/2000 | Train MSE: 0.000003
Epoch 127/2000 | Train MSE: 0.000002
Epoch 128/2000 | Train MSE: 0.000002
Epoch 129/2000 | Train MSE: 0.000004
Epoch 130/2000 | Train MSE: 0.000004
Epoch 131/2000 | Train MSE: 0.000002
Epoch 132/2000 | Train MSE: 0.000003
Epoch 133/2000 | Train MSE: 0.000004
Epoch 134/2000 | Train MSE: 0.000005
Epoch 135/2000 | Train MSE: 0.000009
Epoch 136/2000 | Train MSE: 0.000007
Epoch 137/2000 | Train MSE: 0.000007
Epoch 138/2000 | Train MSE: 0.000009
Epoch 139/2000 | Train MSE: 0.000006
Epoch 140/2000 | Train MSE: 0.000005
Epoch 141/2000 | Train MSE: 0.000005
Epoch 142/2000 | Train MSE: 0.000005
Epoch 143/2000 | Train MSE: 0.000006
Epoch 144/2000 | Train MSE: 0.000004
Epoch 145/2000 | Train MSE: 0.000003
Epoch 146/2000 | Train MSE: 0.000003
Epoch 147/2000 | Train MSE: 0.000004
Epoch 148/2000 | Train MSE: 0.000003
Epoch 149/2000 | Train MSE: 0.000002
Epoch 150/2000 | Train MSE: 0.000001
Epoch 151/2000 | Train MSE: 0.000001
Epoch 152/2000 | Train MSE: 0.000001
Epoch 153/2000 | Train MSE: 0.000001
Epoch 154/2000 | Train MSE: 0.000000
Epoch 155/2000 | Train MSE: 0.000000
Epoch 156/2000 | Train MSE: 0.000000
Epoch 157/2000 | Train MSE: 0.000000
Epoch 158/2000 | Train MSE: 0.000000
Epoch 159/2000 | Train MSE: 0.000000
Epoch 160/2000 | Train MSE: 0.000000
Epoch 161/2000 | Train MSE: 0.000000
Epoch 162/2000 | Train MSE: 0.000000
Epoch 163/2000 | Train MSE: 0.000000
Epoch 164/2000 | Train MSE: 0.000000
Epoch 165/2000 | Train MSE: 0.000000
Epoch 166/2000 | Train MSE: 0.000000
Epoch 167/2000 | Train MSE: 0.000000
Epoch 168/2000 | Train MSE: 0.000000
Epoch 169/2000 | Train MSE: 0.000000
Epoch 170/2000 | Train MSE: 0.000000
Epoch 171/2000 | Train MSE: 0.000000
Epoch 172/2000 | Train MSE: 0.000000
Epoch 173/2000 | Train MSE: 0.000000
Epoch 174/2000 | Train MSE: 0.000000
Epoch 175/2000 | Train MSE: 0.000000
Epoch 176/2000 | Train MSE: 0.000000
Epoch 177/2000 | Train MSE: 0.000000
Epoch 178/2000 | Train MSE: 0.000000
Epoch 179/2000 | Train MSE: 0.000000
Epoch 180/2000 | Train MSE: 0.000000
Epoch 181/2000 | Train MSE: 0.000000
Epoch 182/2000 | Train MSE: 0.000000
Epoch 183/2000 | Train MSE: 0.000000
Epoch 184/2000 | Train MSE: 0.000000
Epoch 185/2000 | Train MSE: 0.000000
Epoch 186/2000 | Train MSE: 0.000000
Epoch 187/2000 | Train MSE: 0.000000
Epoch 188/2000 | Train MSE: 0.000000
Epoch 189/2000 | Train MSE: 0.000000
Epoch 190/2000 | Train MSE: 0.000000
Epoch 191/2000 | Train MSE: 0.000000
Epoch 192/2000 | Train MSE: 0.000000
Epoch 193/2000 | Train MSE: 0.000000
Epoch 194/2000 | Train MSE: 0.000000
Epoch 195/2000 | Train MSE: 0.000000
Epoch 196/2000 | Train MSE: 0.000000
Epoch 197/2000 | Train MSE: 0.000000
Epoch 198/2000 | Train MSE: 0.000000
Epoch 199/2000 | Train MSE: 0.000000
Epoch 200/2000 | Train MSE: 0.000000
Epoch 201/2000 | Train MSE: 0.000000
Epoch 202/2000 | Train MSE: 0.000000
Epoch 203/2000 | Train MSE: 0.000000
Epoch 204/2000 | Train MSE: 0.000000
Epoch 205/2000 | Train MSE: 0.000000
Epoch 206/2000 | Train MSE: 0.000000
Epoch 207/2000 | Train MSE: 0.000000
Epoch 208/2000 | Train MSE: 0.000000
Epoch 209/2000 | Train MSE: 0.000000
Epoch 210/2000 | Train MSE: 0.000000
Epoch 211/2000 | Train MSE: 0.000000
Epoch 212/2000 | Train MSE: 0.000000
Epoch 213/2000 | Train MSE: 0.000000
Epoch 214/2000 | Train MSE: 0.000000
Epoch 215/2000 | Train MSE: 0.000000
Epoch 216/2000 | Train MSE: 0.000000
Epoch 217/2000 | Train MSE: 0.000000
Epoch 218/2000 | Train MSE: 0.000000
Epoch 219/2000 | Train MSE: 0.000000
Epoch 220/2000 | Train MSE: 0.000000
Epoch 221/2000 | Train MSE: 0.000000
Epoch 222/2000 | Train MSE: 0.000000
Epoch 223/2000 | Train MSE: 0.000000
Epoch 224/2000 | Train MSE: 0.000000
Epoch 225/2000 | Train MSE: 0.000000
Epoch 226/2000 | Train MSE: 0.000000
Epoch 227/2000 | Train MSE: 0.000000
Epoch 228/2000 | Train MSE: 0.000000
Epoch 229/2000 | Train MSE: 0.000000
Epoch 230/2000 | Train MSE: 0.000000
Epoch 231/2000 | Train MSE: 0.000000
Epoch 232/2000 | Train MSE: 0.000000
Epoch 233/2000 | Train MSE: 0.000001
Epoch 234/2000 | Train MSE: 0.000001
Epoch 235/2000 | Train MSE: 0.000001
Epoch 236/2000 | Train MSE: 0.000002
Epoch 237/2000 | Train MSE: 0.000001
Epoch 238/2000 | Train MSE: 0.000003
Epoch 239/2000 | Train MSE: 0.000003
Epoch 240/2000 | Train MSE: 0.000004
Epoch 241/2000 | Train MSE: 0.000003
Epoch 242/2000 | Train MSE: 0.000003
Epoch 243/2000 | Train MSE: 0.000004
Epoch 244/2000 | Train MSE: 0.000002
Epoch 245/2000 | Train MSE: 0.000004
Epoch 246/2000 | Train MSE: 0.000004
Epoch 247/2000 | Train MSE: 0.000002
Epoch 248/2000 | Train MSE: 0.000002
Epoch 249/2000 | Train MSE: 0.000002
Epoch 250/2000 | Train MSE: 0.000002
Epoch 251/2000 | Train MSE: 0.000001
Epoch 252/2000 | Train MSE: 0.000002
Epoch 253/2000 | Train MSE: 0.000002
Epoch 254/2000 | Train MSE: 0.000003
Epoch 255/2000 | Train MSE: 0.000005
Epoch 256/2000 | Train MSE: 0.000008
Epoch 257/2000 | Train MSE: 0.000008
Epoch 258/2000 | Train MSE: 0.000009
Epoch 259/2000 | Train MSE: 0.000030
Epoch 260/2000 | Train MSE: 0.000019
Early stopping at epoch 260. Best training loss: 0.000000

Training H4

Epoch 1/2000 | Train MSE: 0.004509
Epoch 2/2000 | Train MSE: 0.002278
Epoch 3/2000 | Train MSE: 0.001953
Epoch 4/2000 | Train MSE: 0.002342
Epoch 5/2000 | Train MSE: 0.001998
Epoch 6/2000 | Train MSE: 0.001831
Epoch 7/2000 | Train MSE: 0.001677
Epoch 8/2000 | Train MSE: 0.001598
Epoch 9/2000 | Train MSE: 0.001600
Epoch 10/2000 | Train MSE: 0.001601
Epoch 11/2000 | Train MSE: 0.001527
Epoch 12/2000 | Train MSE: 0.001717
Epoch 13/2000 | Train MSE: 0.001572
Epoch 14/2000 | Train MSE: 0.001538
Epoch 15/2000 | Train MSE: 0.001564
Epoch 16/2000 | Train MSE: 0.001459
Epoch 17/2000 | Train MSE: 0.001458
Epoch 18/2000 | Train MSE: 0.001273
Epoch 19/2000 | Train MSE: 0.001171
Epoch 20/2000 | Train MSE: 0.001154
Epoch 21/2000 | Train MSE: 0.000970
Epoch 22/2000 | Train MSE: 0.001264
Epoch 23/2000 | Train MSE: 0.001399
Epoch 24/2000 | Train MSE: 0.000979
Epoch 25/2000 | Train MSE: 0.001287
Epoch 26/2000 | Train MSE: 0.000980
Epoch 27/2000 | Train MSE: 0.000850
Epoch 28/2000 | Train MSE: 0.000716
Epoch 29/2000 | Train MSE: 0.000764
Epoch 30/2000 | Train MSE: 0.000898
Epoch 31/2000 | Train MSE: 0.000655
Epoch 32/2000 | Train MSE: 0.000505
Epoch 33/2000 | Train MSE: 0.000632
Epoch 34/2000 | Train MSE: 0.000552
Epoch 35/2000 | Train MSE: 0.000536
Epoch 36/2000 | Train MSE: 0.000502
Epoch 37/2000 | Train MSE: 0.000533
Epoch 38/2000 | Train MSE: 0.000388
Epoch 39/2000 | Train MSE: 0.000413
Epoch 40/2000 | Train MSE: 0.000348
Epoch 41/2000 | Train MSE: 0.000291
Epoch 42/2000 | Train MSE: 0.000211
Epoch 43/2000 | Train MSE: 0.000200
Epoch 44/2000 | Train MSE: 0.000229
Epoch 45/2000 | Train MSE: 0.000175
Epoch 46/2000 | Train MSE: 0.000148
Epoch 47/2000 | Train MSE: 0.000130
Epoch 48/2000 | Train MSE: 0.000123
Epoch 49/2000 | Train MSE: 0.000099
Epoch 50/2000 | Train MSE: 0.000135
Epoch 51/2000 | Train MSE: 0.000123
Epoch 52/2000 | Train MSE: 0.000102
Epoch 53/2000 | Train MSE: 0.000062
Epoch 54/2000 | Train MSE: 0.000046
Epoch 55/2000 | Train MSE: 0.000051
Epoch 56/2000 | Train MSE: 0.000071
Epoch 57/2000 | Train MSE: 0.000058
Epoch 58/2000 | Train MSE: 0.000041
Epoch 59/2000 | Train MSE: 0.000032
Epoch 60/2000 | Train MSE: 0.000024
Epoch 61/2000 | Train MSE: 0.000020
Epoch 62/2000 | Train MSE: 0.000015
Epoch 63/2000 | Train MSE: 0.000034
Epoch 64/2000 | Train MSE: 0.000026
Epoch 65/2000 | Train MSE: 0.000020
Epoch 66/2000 | Train MSE: 0.000021
Epoch 67/2000 | Train MSE: 0.000011
Epoch 68/2000 | Train MSE: 0.000012
Epoch 69/2000 | Train MSE: 0.000007
Epoch 70/2000 | Train MSE: 0.000009
Epoch 71/2000 | Train MSE: 0.000006
Epoch 72/2000 | Train MSE: 0.000006
Epoch 73/2000 | Train MSE: 0.000008
Epoch 74/2000 | Train MSE: 0.000012
Epoch 75/2000 | Train MSE: 0.000016
Epoch 76/2000 | Train MSE: 0.000014
Epoch 77/2000 | Train MSE: 0.000048
Epoch 78/2000 | Train MSE: 0.000063
Epoch 79/2000 | Train MSE: 0.000035
Epoch 80/2000 | Train MSE: 0.000118
Epoch 81/2000 | Train MSE: 0.000141
Epoch 82/2000 | Train MSE: 0.000270
Epoch 83/2000 | Train MSE: 0.000242
Epoch 84/2000 | Train MSE: 0.000222
Epoch 85/2000 | Train MSE: 0.000132
Epoch 86/2000 | Train MSE: 0.000082
Epoch 87/2000 | Train MSE: 0.000056
Epoch 88/2000 | Train MSE: 0.000063
Epoch 89/2000 | Train MSE: 0.000085
Epoch 90/2000 | Train MSE: 0.000072
Epoch 91/2000 | Train MSE: 0.000052
Epoch 92/2000 | Train MSE: 0.000068
Epoch 93/2000 | Train MSE: 0.000074
Epoch 94/2000 | Train MSE: 0.000065
Epoch 95/2000 | Train MSE: 0.000045
Epoch 96/2000 | Train MSE: 0.000036
Epoch 97/2000 | Train MSE: 0.000032
Epoch 98/2000 | Train MSE: 0.000033
Epoch 99/2000 | Train MSE: 0.000020
Epoch 100/2000 | Train MSE: 0.000028
Epoch 101/2000 | Train MSE: 0.000020
Epoch 102/2000 | Train MSE: 0.000026
Epoch 103/2000 | Train MSE: 0.000026
Epoch 104/2000 | Train MSE: 0.000014
Epoch 105/2000 | Train MSE: 0.000013
Epoch 106/2000 | Train MSE: 0.000007
Epoch 107/2000 | Train MSE: 0.000004
Epoch 108/2000 | Train MSE: 0.000004
Epoch 109/2000 | Train MSE: 0.000005
Epoch 110/2000 | Train MSE: 0.000006
Epoch 111/2000 | Train MSE: 0.000004
Epoch 112/2000 | Train MSE: 0.000005
Epoch 113/2000 | Train MSE: 0.000005
Epoch 114/2000 | Train MSE: 0.000005
Epoch 115/2000 | Train MSE: 0.000003
Epoch 116/2000 | Train MSE: 0.000003
Epoch 117/2000 | Train MSE: 0.000004
Epoch 118/2000 | Train MSE: 0.000004
Epoch 119/2000 | Train MSE: 0.000004
Epoch 120/2000 | Train MSE: 0.000002
Epoch 121/2000 | Train MSE: 0.000003
Epoch 122/2000 | Train MSE: 0.000002
Epoch 123/2000 | Train MSE: 0.000002
Epoch 124/2000 | Train MSE: 0.000002
Epoch 125/2000 | Train MSE: 0.000002
Epoch 126/2000 | Train MSE: 0.000002
Epoch 127/2000 | Train MSE: 0.000004
Epoch 128/2000 | Train MSE: 0.000003
Epoch 129/2000 | Train MSE: 0.000004
Epoch 130/2000 | Train MSE: 0.000002
Epoch 131/2000 | Train MSE: 0.000002
Epoch 132/2000 | Train MSE: 0.000001
Epoch 133/2000 | Train MSE: 0.000002
Epoch 134/2000 | Train MSE: 0.000002
Epoch 135/2000 | Train MSE: 0.000002
Epoch 136/2000 | Train MSE: 0.000001
Epoch 137/2000 | Train MSE: 0.000002
Epoch 138/2000 | Train MSE: 0.000004
Epoch 139/2000 | Train MSE: 0.000005
Epoch 140/2000 | Train MSE: 0.000004
Epoch 141/2000 | Train MSE: 0.000004
Epoch 142/2000 | Train MSE: 0.000004
Epoch 143/2000 | Train MSE: 0.000002
Epoch 144/2000 | Train MSE: 0.000001
Epoch 145/2000 | Train MSE: 0.000002
Epoch 146/2000 | Train MSE: 0.000007
Epoch 147/2000 | Train MSE: 0.000003
Epoch 148/2000 | Train MSE: 0.000004
Epoch 149/2000 | Train MSE: 0.000005
Epoch 150/2000 | Train MSE: 0.000005
Epoch 151/2000 | Train MSE: 0.000003
Epoch 152/2000 | Train MSE: 0.000004
Epoch 153/2000 | Train MSE: 0.000003
Epoch 154/2000 | Train MSE: 0.000003
Epoch 155/2000 | Train MSE: 0.000003
Epoch 156/2000 | Train MSE: 0.000002
Epoch 157/2000 | Train MSE: 0.000001
Epoch 158/2000 | Train MSE: 0.000001
Epoch 159/2000 | Train MSE: 0.000001
Epoch 160/2000 | Train MSE: 0.000001
Epoch 161/2000 | Train MSE: 0.000002
Epoch 162/2000 | Train MSE: 0.000003
Epoch 163/2000 | Train MSE: 0.000001
Epoch 164/2000 | Train MSE: 0.000001
Epoch 165/2000 | Train MSE: 0.000001
Epoch 166/2000 | Train MSE: 0.000001
Epoch 167/2000 | Train MSE: 0.000001
Epoch 168/2000 | Train MSE: 0.000001
Epoch 169/2000 | Train MSE: 0.000001
Epoch 170/2000 | Train MSE: 0.000001
Epoch 171/2000 | Train MSE: 0.000000
Epoch 172/2000 | Train MSE: 0.000000
Epoch 173/2000 | Train MSE: 0.000001
Epoch 174/2000 | Train MSE: 0.000001
Epoch 175/2000 | Train MSE: 0.000001
Epoch 176/2000 | Train MSE: 0.000001
Epoch 177/2000 | Train MSE: 0.000001
Epoch 178/2000 | Train MSE: 0.000002
Epoch 179/2000 | Train MSE: 0.000002
Epoch 180/2000 | Train MSE: 0.000001
Epoch 181/2000 | Train MSE: 0.000001
Epoch 182/2000 | Train MSE: 0.000002
Epoch 183/2000 | Train MSE: 0.000001
Epoch 184/2000 | Train MSE: 0.000001
Epoch 185/2000 | Train MSE: 0.000001
Epoch 186/2000 | Train MSE: 0.000001
Epoch 187/2000 | Train MSE: 0.000001
Epoch 188/2000 | Train MSE: 0.000001
Epoch 189/2000 | Train MSE: 0.000001
Epoch 190/2000 | Train MSE: 0.000001
Epoch 191/2000 | Train MSE: 0.000003
Epoch 192/2000 | Train MSE: 0.000004
Epoch 193/2000 | Train MSE: 0.000003
Epoch 194/2000 | Train MSE: 0.000002
Epoch 195/2000 | Train MSE: 0.000003
Epoch 196/2000 | Train MSE: 0.000002
Epoch 197/2000 | Train MSE: 0.000003
Epoch 198/2000 | Train MSE: 0.000004
Epoch 199/2000 | Train MSE: 0.000010
Epoch 200/2000 | Train MSE: 0.000015
Epoch 201/2000 | Train MSE: 0.000010
Epoch 202/2000 | Train MSE: 0.000021
Epoch 203/2000 | Train MSE: 0.000024
Epoch 204/2000 | Train MSE: 0.000029
Epoch 205/2000 | Train MSE: 0.000026
Epoch 206/2000 | Train MSE: 0.000040
Epoch 207/2000 | Train MSE: 0.000054
Epoch 208/2000 | Train MSE: 0.000036
Epoch 209/2000 | Train MSE: 0.000022
Epoch 210/2000 | Train MSE: 0.000029
Epoch 211/2000 | Train MSE: 0.000017
Epoch 212/2000 | Train MSE: 0.000020
Epoch 213/2000 | Train MSE: 0.000018
Epoch 214/2000 | Train MSE: 0.000024
Epoch 215/2000 | Train MSE: 0.000016
Epoch 216/2000 | Train MSE: 0.000020
Epoch 217/2000 | Train MSE: 0.000044
Epoch 218/2000 | Train MSE: 0.000055
Epoch 219/2000 | Train MSE: 0.000101
Epoch 220/2000 | Train MSE: 0.000131
Epoch 221/2000 | Train MSE: 0.000104
Epoch 222/2000 | Train MSE: 0.000082
Early stopping at epoch 222. Best training loss: 0.000000

Training H5

Epoch 1/2000 | Train MSE: 0.012866
Epoch 2/2000 | Train MSE: 0.007143
Epoch 3/2000 | Train MSE: 0.004853
Epoch 4/2000 | Train MSE: 0.003179
Epoch 5/2000 | Train MSE: 0.002172
Epoch 6/2000 | Train MSE: 0.001986
Epoch 7/2000 | Train MSE: 0.002113
Epoch 8/2000 | Train MSE: 0.001799
Epoch 9/2000 | Train MSE: 0.001847
Epoch 10/2000 | Train MSE: 0.001736
Epoch 11/2000 | Train MSE: 0.001732
Epoch 12/2000 | Train MSE: 0.001686
Epoch 13/2000 | Train MSE: 0.001633
Epoch 14/2000 | Train MSE: 0.001654
Epoch 15/2000 | Train MSE: 0.001690
Epoch 16/2000 | Train MSE: 0.001685
Epoch 17/2000 | Train MSE: 0.001818
Epoch 18/2000 | Train MSE: 0.001744
Epoch 19/2000 | Train MSE: 0.001717
Epoch 20/2000 | Train MSE: 0.001649
Epoch 21/2000 | Train MSE: 0.001588
Epoch 22/2000 | Train MSE: 0.001650
Epoch 23/2000 | Train MSE: 0.001599
Epoch 24/2000 | Train MSE: 0.001669
Epoch 25/2000 | Train MSE: 0.001508
Epoch 26/2000 | Train MSE: 0.001430
Epoch 27/2000 | Train MSE: 0.001348
Epoch 28/2000 | Train MSE: 0.001265
Epoch 29/2000 | Train MSE: 0.001232
Epoch 30/2000 | Train MSE: 0.001283
Epoch 31/2000 | Train MSE: 0.001191
Epoch 32/2000 | Train MSE: 0.001212
Epoch 33/2000 | Train MSE: 0.001382
Epoch 34/2000 | Train MSE: 0.001680
Epoch 35/2000 | Train MSE: 0.001337
Epoch 36/2000 | Train MSE: 0.001150
Epoch 37/2000 | Train MSE: 0.001033
Epoch 38/2000 | Train MSE: 0.000901
Epoch 39/2000 | Train MSE: 0.000870
Epoch 40/2000 | Train MSE: 0.000800
Epoch 41/2000 | Train MSE: 0.001103
Epoch 42/2000 | Train MSE: 0.000967
Epoch 43/2000 | Train MSE: 0.001084
Epoch 44/2000 | Train MSE: 0.000986
Epoch 45/2000 | Train MSE: 0.000765
Epoch 46/2000 | Train MSE: 0.000819
Epoch 47/2000 | Train MSE: 0.000810
Epoch 48/2000 | Train MSE: 0.000584
Epoch 49/2000 | Train MSE: 0.000650
Epoch 50/2000 | Train MSE: 0.000579
Epoch 51/2000 | Train MSE: 0.000623
Epoch 52/2000 | Train MSE: 0.000527
Epoch 53/2000 | Train MSE: 0.000427
Epoch 54/2000 | Train MSE: 0.000415
Epoch 55/2000 | Train MSE: 0.000445
Epoch 56/2000 | Train MSE: 0.000359
Epoch 57/2000 | Train MSE: 0.000474
Epoch 58/2000 | Train MSE: 0.000421
Epoch 59/2000 | Train MSE: 0.000455
Epoch 60/2000 | Train MSE: 0.000376
Epoch 61/2000 | Train MSE: 0.000387
Epoch 62/2000 | Train MSE: 0.000326
Epoch 63/2000 | Train MSE: 0.000266
Epoch 64/2000 | Train MSE: 0.000275
Epoch 65/2000 | Train MSE: 0.000197
Epoch 66/2000 | Train MSE: 0.000178
Epoch 67/2000 | Train MSE: 0.000164
Epoch 68/2000 | Train MSE: 0.000150
Epoch 69/2000 | Train MSE: 0.000172
Epoch 70/2000 | Train MSE: 0.000150
Epoch 71/2000 | Train MSE: 0.000139
Epoch 72/2000 | Train MSE: 0.000106
Epoch 73/2000 | Train MSE: 0.000100
Epoch 74/2000 | Train MSE: 0.000075
Epoch 75/2000 | Train MSE: 0.000078
Epoch 76/2000 | Train MSE: 0.000092
Epoch 77/2000 | Train MSE: 0.000070
Epoch 78/2000 | Train MSE: 0.000086
Epoch 79/2000 | Train MSE: 0.000076
Epoch 80/2000 | Train MSE: 0.000066
Epoch 81/2000 | Train MSE: 0.000061
Epoch 82/2000 | Train MSE: 0.000060
Epoch 83/2000 | Train MSE: 0.000057
Epoch 84/2000 | Train MSE: 0.000053
Epoch 85/2000 | Train MSE: 0.000047
Epoch 86/2000 | Train MSE: 0.000065
Epoch 87/2000 | Train MSE: 0.000069
Epoch 88/2000 | Train MSE: 0.000054
Epoch 89/2000 | Train MSE: 0.000051
Epoch 90/2000 | Train MSE: 0.000056
Epoch 91/2000 | Train MSE: 0.000071
Epoch 92/2000 | Train MSE: 0.000062
Epoch 93/2000 | Train MSE: 0.000051
Epoch 94/2000 | Train MSE: 0.000026
Epoch 95/2000 | Train MSE: 0.000026
Epoch 96/2000 | Train MSE: 0.000018
Epoch 97/2000 | Train MSE: 0.000024
Epoch 98/2000 | Train MSE: 0.000030
Epoch 99/2000 | Train MSE: 0.000029
Epoch 100/2000 | Train MSE: 0.000035
Epoch 101/2000 | Train MSE: 0.000042
Epoch 102/2000 | Train MSE: 0.000036
Epoch 103/2000 | Train MSE: 0.000026
Epoch 104/2000 | Train MSE: 0.000012
Epoch 105/2000 | Train MSE: 0.000013
Epoch 106/2000 | Train MSE: 0.000014
Epoch 107/2000 | Train MSE: 0.000007
Epoch 108/2000 | Train MSE: 0.000007
Epoch 109/2000 | Train MSE: 0.000009
Epoch 110/2000 | Train MSE: 0.000006
Epoch 111/2000 | Train MSE: 0.000007
Epoch 112/2000 | Train MSE: 0.000006
Epoch 113/2000 | Train MSE: 0.000006
Epoch 114/2000 | Train MSE: 0.000005
Epoch 115/2000 | Train MSE: 0.000005
Epoch 116/2000 | Train MSE: 0.000006
Epoch 117/2000 | Train MSE: 0.000005
Epoch 118/2000 | Train MSE: 0.000008
Epoch 119/2000 | Train MSE: 0.000009
Epoch 120/2000 | Train MSE: 0.000005
Epoch 121/2000 | Train MSE: 0.000007
Epoch 122/2000 | Train MSE: 0.000008
Epoch 123/2000 | Train MSE: 0.000012
Epoch 124/2000 | Train MSE: 0.000015
Epoch 125/2000 | Train MSE: 0.000017
Epoch 126/2000 | Train MSE: 0.000017
Epoch 127/2000 | Train MSE: 0.000037
Epoch 128/2000 | Train MSE: 0.000031
Epoch 129/2000 | Train MSE: 0.000049
Epoch 130/2000 | Train MSE: 0.000024
Epoch 131/2000 | Train MSE: 0.000021
Epoch 132/2000 | Train MSE: 0.000024
Epoch 133/2000 | Train MSE: 0.000019
Epoch 134/2000 | Train MSE: 0.000017
Epoch 135/2000 | Train MSE: 0.000020
Epoch 136/2000 | Train MSE: 0.000015
Epoch 137/2000 | Train MSE: 0.000013
Epoch 138/2000 | Train MSE: 0.000007
Epoch 139/2000 | Train MSE: 0.000009
Epoch 140/2000 | Train MSE: 0.000006
Epoch 141/2000 | Train MSE: 0.000008
Epoch 142/2000 | Train MSE: 0.000007
Epoch 143/2000 | Train MSE: 0.000007
Epoch 144/2000 | Train MSE: 0.000009
Epoch 145/2000 | Train MSE: 0.000007
Epoch 146/2000 | Train MSE: 0.000008
Epoch 147/2000 | Train MSE: 0.000005
Epoch 148/2000 | Train MSE: 0.000005
Epoch 149/2000 | Train MSE: 0.000002
Epoch 150/2000 | Train MSE: 0.000003
Epoch 151/2000 | Train MSE: 0.000003
Epoch 152/2000 | Train MSE: 0.000002
Epoch 153/2000 | Train MSE: 0.000003
Epoch 154/2000 | Train MSE: 0.000001
Epoch 155/2000 | Train MSE: 0.000001
Epoch 156/2000 | Train MSE: 0.000001
Epoch 157/2000 | Train MSE: 0.000002
Epoch 158/2000 | Train MSE: 0.000001
Epoch 159/2000 | Train MSE: 0.000001
Epoch 160/2000 | Train MSE: 0.000001
Epoch 161/2000 | Train MSE: 0.000001
Epoch 162/2000 | Train MSE: 0.000001
Epoch 163/2000 | Train MSE: 0.000002
Epoch 164/2000 | Train MSE: 0.000001
Epoch 165/2000 | Train MSE: 0.000001
Epoch 166/2000 | Train MSE: 0.000001
Epoch 167/2000 | Train MSE: 0.000001
Epoch 168/2000 | Train MSE: 0.000001
Epoch 169/2000 | Train MSE: 0.000001
Epoch 170/2000 | Train MSE: 0.000001
Epoch 171/2000 | Train MSE: 0.000001
Epoch 172/2000 | Train MSE: 0.000001
Epoch 173/2000 | Train MSE: 0.000002
Epoch 174/2000 | Train MSE: 0.000001
Epoch 175/2000 | Train MSE: 0.000001
Epoch 176/2000 | Train MSE: 0.000001
Epoch 177/2000 | Train MSE: 0.000001
Epoch 178/2000 | Train MSE: 0.000001
Epoch 179/2000 | Train MSE: 0.000002
Epoch 180/2000 | Train MSE: 0.000003
Epoch 181/2000 | Train MSE: 0.000003
Epoch 182/2000 | Train MSE: 0.000005
Epoch 183/2000 | Train MSE: 0.000004
Epoch 184/2000 | Train MSE: 0.000004
Epoch 185/2000 | Train MSE: 0.000007
Epoch 186/2000 | Train MSE: 0.000011
Epoch 187/2000 | Train MSE: 0.000013
Epoch 188/2000 | Train MSE: 0.000010
Epoch 189/2000 | Train MSE: 0.000010
Epoch 190/2000 | Train MSE: 0.000016
Epoch 191/2000 | Train MSE: 0.000012
Epoch 192/2000 | Train MSE: 0.000017
Epoch 193/2000 | Train MSE: 0.000015
Epoch 194/2000 | Train MSE: 0.000012
Epoch 195/2000 | Train MSE: 0.000015
Epoch 196/2000 | Train MSE: 0.000015
Epoch 197/2000 | Train MSE: 0.000016
Epoch 198/2000 | Train MSE: 0.000016
Epoch 199/2000 | Train MSE: 0.000013
Epoch 200/2000 | Train MSE: 0.000013
Epoch 201/2000 | Train MSE: 0.000012
Epoch 202/2000 | Train MSE: 0.000006
Epoch 203/2000 | Train MSE: 0.000008
Epoch 204/2000 | Train MSE: 0.000009
Epoch 205/2000 | Train MSE: 0.000006
Epoch 206/2000 | Train MSE: 0.000006
Early stopping at epoch 206. Best training loss: 0.000001

           ===== Results =====
           MSE : 0.00210361
           MAE : 0.03205547
           RMSE: 0.04586509
           R²  : -0.05639780

    --- Executing dataset BeijingPM25Quality --- 

Training H1

Epoch 1/2000 | Train MSE: 9090.973758
Epoch 2/2000 | Train MSE: 6526.898087
Epoch 3/2000 | Train MSE: 5758.019905
Epoch 4/2000 | Train MSE: 5274.177080
Epoch 5/2000 | Train MSE: 5036.603365
Epoch 6/2000 | Train MSE: 4392.401015
Epoch 7/2000 | Train MSE: 4116.254666
Epoch 8/2000 | Train MSE: 3861.854953
Epoch 9/2000 | Train MSE: 3399.595295
Epoch 10/2000 | Train MSE: 3104.166750
Epoch 11/2000 | Train MSE: 2845.306665
Epoch 12/2000 | Train MSE: 2630.731616
Epoch 13/2000 | Train MSE: 2292.274044
Epoch 14/2000 | Train MSE: 2010.170325
Epoch 15/2000 | Train MSE: 1951.983499
Epoch 16/2000 | Train MSE: 1768.738128
Epoch 17/2000 | Train MSE: 1651.211322
Epoch 18/2000 | Train MSE: 1461.415279
Epoch 19/2000 | Train MSE: 1333.195435
Epoch 20/2000 | Train MSE: 1098.689787
Epoch 21/2000 | Train MSE: 1023.133779
Epoch 22/2000 | Train MSE: 926.325555
Epoch 23/2000 | Train MSE: 849.928770
Epoch 24/2000 | Train MSE: 813.310624
Epoch 25/2000 | Train MSE: 745.818907
Epoch 26/2000 | Train MSE: 669.781220
Epoch 27/2000 | Train MSE: 655.018883
Epoch 28/2000 | Train MSE: 687.273164
Epoch 29/2000 | Train MSE: 605.178680
Epoch 30/2000 | Train MSE: 543.921172
Epoch 31/2000 | Train MSE: 535.321942
Epoch 32/2000 | Train MSE: 523.143493
Epoch 33/2000 | Train MSE: 441.462246
Epoch 34/2000 | Train MSE: 427.880237
Epoch 35/2000 | Train MSE: 530.435749
Epoch 36/2000 | Train MSE: 467.001423
Epoch 37/2000 | Train MSE: 439.666200
Epoch 38/2000 | Train MSE: 390.752050
Epoch 39/2000 | Train MSE: 402.332335
Epoch 40/2000 | Train MSE: 356.577695
Epoch 41/2000 | Train MSE: 352.904568
Epoch 42/2000 | Train MSE: 363.092884
Epoch 43/2000 | Train MSE: 354.007379
Epoch 44/2000 | Train MSE: 350.072774
Epoch 45/2000 | Train MSE: 308.859298
Epoch 46/2000 | Train MSE: 308.149548
Epoch 47/2000 | Train MSE: 275.481875
Epoch 48/2000 | Train MSE: 277.926990
Epoch 49/2000 | Train MSE: 295.988343
Epoch 50/2000 | Train MSE: 310.996225
Epoch 51/2000 | Train MSE: 257.937131
Epoch 52/2000 | Train MSE: 306.780862
Epoch 53/2000 | Train MSE: 336.280868
Epoch 54/2000 | Train MSE: 223.636157
Epoch 55/2000 | Train MSE: 203.441361
Epoch 56/2000 | Train MSE: 231.094250
Epoch 57/2000 | Train MSE: 266.353985
Epoch 58/2000 | Train MSE: 312.478708
Epoch 59/2000 | Train MSE: 241.265058
Epoch 60/2000 | Train MSE: 195.719324
Epoch 61/2000 | Train MSE: 209.794534
Epoch 62/2000 | Train MSE: 235.590278
Epoch 63/2000 | Train MSE: 220.548738
Epoch 64/2000 | Train MSE: 250.560255
Epoch 65/2000 | Train MSE: 211.577165
Epoch 66/2000 | Train MSE: 206.551434
Epoch 67/2000 | Train MSE: 225.990983
Epoch 68/2000 | Train MSE: 206.681149
Epoch 69/2000 | Train MSE: 186.212593
Epoch 70/2000 | Train MSE: 175.691775
Epoch 71/2000 | Train MSE: 202.317848
Epoch 72/2000 | Train MSE: 201.663647
Epoch 73/2000 | Train MSE: 185.438897
Epoch 74/2000 | Train MSE: 174.479183
Epoch 75/2000 | Train MSE: 221.340519
Epoch 76/2000 | Train MSE: 191.758533
Epoch 77/2000 | Train MSE: 214.676825
Epoch 78/2000 | Train MSE: 158.421177
Epoch 79/2000 | Train MSE: 135.212757
Epoch 80/2000 | Train MSE: 150.478739
Epoch 81/2000 | Train MSE: 148.873752
Epoch 82/2000 | Train MSE: 172.413517
Epoch 83/2000 | Train MSE: 185.141253
Epoch 84/2000 | Train MSE: 203.949171
Epoch 85/2000 | Train MSE: 182.488734
Epoch 86/2000 | Train MSE: 205.095938
Epoch 87/2000 | Train MSE: 154.579089
Epoch 88/2000 | Train MSE: 119.375774
Epoch 89/2000 | Train MSE: 100.177785
Epoch 90/2000 | Train MSE: 108.064557
Epoch 91/2000 | Train MSE: 147.043142
Epoch 92/2000 | Train MSE: 195.063961
Epoch 93/2000 | Train MSE: 160.172512
Epoch 94/2000 | Train MSE: 137.348244
Epoch 95/2000 | Train MSE: 134.185463
Epoch 96/2000 | Train MSE: 137.116849
Epoch 97/2000 | Train MSE: 109.980516
Epoch 98/2000 | Train MSE: 127.909272
Epoch 99/2000 | Train MSE: 168.066019
Epoch 100/2000 | Train MSE: 144.080361
Epoch 101/2000 | Train MSE: 134.422323
Epoch 102/2000 | Train MSE: 131.851876
Epoch 103/2000 | Train MSE: 132.998721
Epoch 104/2000 | Train MSE: 126.378836
Epoch 105/2000 | Train MSE: 145.160895
Epoch 106/2000 | Train MSE: 132.508470
Epoch 107/2000 | Train MSE: 119.349744
Epoch 108/2000 | Train MSE: 115.933729
Epoch 109/2000 | Train MSE: 111.763646
Epoch 110/2000 | Train MSE: 110.401764
Epoch 111/2000 | Train MSE: 110.348225
Epoch 112/2000 | Train MSE: 111.867597
Epoch 113/2000 | Train MSE: 133.139485
Epoch 114/2000 | Train MSE: 108.609265
Epoch 115/2000 | Train MSE: 104.732811
Epoch 116/2000 | Train MSE: 119.042893
Epoch 117/2000 | Train MSE: 103.488719
Epoch 118/2000 | Train MSE: 99.970462
Epoch 119/2000 | Train MSE: 114.196163
Epoch 120/2000 | Train MSE: 114.043266
Epoch 121/2000 | Train MSE: 110.043060
Epoch 122/2000 | Train MSE: 136.073455
Epoch 123/2000 | Train MSE: 134.470471
Epoch 124/2000 | Train MSE: 116.578322
Epoch 125/2000 | Train MSE: 88.252271
Epoch 126/2000 | Train MSE: 86.019662
Epoch 127/2000 | Train MSE: 87.944674
Epoch 128/2000 | Train MSE: 108.213024
Epoch 129/2000 | Train MSE: 99.557317
Epoch 130/2000 | Train MSE: 92.434468
Epoch 131/2000 | Train MSE: 94.998719
Epoch 132/2000 | Train MSE: 113.798535
Epoch 133/2000 | Train MSE: 118.317916
Epoch 134/2000 | Train MSE: 99.538168
Epoch 135/2000 | Train MSE: 118.560428
Epoch 136/2000 | Train MSE: 87.158139
Epoch 137/2000 | Train MSE: 89.974078
Epoch 138/2000 | Train MSE: 90.016424
Epoch 139/2000 | Train MSE: 87.475906
Epoch 140/2000 | Train MSE: 98.031233
Epoch 141/2000 | Train MSE: 92.252938
Epoch 142/2000 | Train MSE: 89.984786
Epoch 143/2000 | Train MSE: 93.350773
Epoch 144/2000 | Train MSE: 100.696220
Epoch 145/2000 | Train MSE: 127.810657
Epoch 146/2000 | Train MSE: 133.457278
Epoch 147/2000 | Train MSE: 78.994280
Epoch 148/2000 | Train MSE: 57.414296
Epoch 149/2000 | Train MSE: 64.882095
Epoch 150/2000 | Train MSE: 73.303424
Epoch 151/2000 | Train MSE: 78.328548
Epoch 152/2000 | Train MSE: 92.445389
Epoch 153/2000 | Train MSE: 97.040305
Epoch 154/2000 | Train MSE: 103.748544
Epoch 155/2000 | Train MSE: 98.153031
Epoch 156/2000 | Train MSE: 86.268299
Epoch 157/2000 | Train MSE: 75.203399
Epoch 158/2000 | Train MSE: 79.271368
Epoch 159/2000 | Train MSE: 76.994090
Epoch 160/2000 | Train MSE: 75.298806
Epoch 161/2000 | Train MSE: 80.609611
Epoch 162/2000 | Train MSE: 82.242018
Epoch 163/2000 | Train MSE: 75.781440
Epoch 164/2000 | Train MSE: 75.542527
Epoch 165/2000 | Train MSE: 86.381519
Epoch 166/2000 | Train MSE: 87.700297
Epoch 167/2000 | Train MSE: 95.041055
Epoch 168/2000 | Train MSE: 82.195860
Epoch 169/2000 | Train MSE: 67.962249
Epoch 170/2000 | Train MSE: 87.818476
Epoch 171/2000 | Train MSE: 69.540307
Epoch 172/2000 | Train MSE: 70.546963
Epoch 173/2000 | Train MSE: 75.338568
Epoch 174/2000 | Train MSE: 72.944568
Epoch 175/2000 | Train MSE: 79.932840
Epoch 176/2000 | Train MSE: 92.873505
Epoch 177/2000 | Train MSE: 79.975752
Epoch 178/2000 | Train MSE: 66.049554
Epoch 179/2000 | Train MSE: 64.604757
Epoch 180/2000 | Train MSE: 69.352830
Epoch 181/2000 | Train MSE: 72.984775
Epoch 182/2000 | Train MSE: 70.512820
Epoch 183/2000 | Train MSE: 68.316933
Epoch 184/2000 | Train MSE: 70.463144
Epoch 185/2000 | Train MSE: 74.590933
Epoch 186/2000 | Train MSE: 74.628186
Epoch 187/2000 | Train MSE: 70.713180
Epoch 188/2000 | Train MSE: 75.765841
Epoch 189/2000 | Train MSE: 83.370973
Epoch 190/2000 | Train MSE: 69.528669
Epoch 191/2000 | Train MSE: 59.310875
Epoch 192/2000 | Train MSE: 66.794423
Epoch 193/2000 | Train MSE: 79.518330
Epoch 194/2000 | Train MSE: 77.437700
Epoch 195/2000 | Train MSE: 67.328209
Epoch 196/2000 | Train MSE: 59.657508
Epoch 197/2000 | Train MSE: 55.248381
Epoch 198/2000 | Train MSE: 63.849394
Epoch 199/2000 | Train MSE: 72.918508
Epoch 200/2000 | Train MSE: 65.658648
Epoch 201/2000 | Train MSE: 69.741630
Epoch 202/2000 | Train MSE: 81.419372
Epoch 203/2000 | Train MSE: 64.480214
Epoch 204/2000 | Train MSE: 54.309894
Epoch 205/2000 | Train MSE: 53.632060
Epoch 206/2000 | Train MSE: 56.382508
Epoch 207/2000 | Train MSE: 82.586595
Epoch 208/2000 | Train MSE: 76.246397
Epoch 209/2000 | Train MSE: 68.453052
Epoch 210/2000 | Train MSE: 64.612727
Epoch 211/2000 | Train MSE: 54.453339
Epoch 212/2000 | Train MSE: 67.727965
Epoch 213/2000 | Train MSE: 64.715773
Epoch 214/2000 | Train MSE: 63.313071
Epoch 215/2000 | Train MSE: 52.606416
Epoch 216/2000 | Train MSE: 47.267752
Epoch 217/2000 | Train MSE: 50.811004
Epoch 218/2000 | Train MSE: 75.012001
Epoch 219/2000 | Train MSE: 66.104706
Epoch 220/2000 | Train MSE: 60.306664
Epoch 221/2000 | Train MSE: 52.413671
Epoch 222/2000 | Train MSE: 51.108852
Epoch 223/2000 | Train MSE: 64.054102
Epoch 224/2000 | Train MSE: 87.621372
Epoch 225/2000 | Train MSE: 89.293195
Epoch 226/2000 | Train MSE: 55.790564
Epoch 227/2000 | Train MSE: 37.356413
Epoch 228/2000 | Train MSE: 29.953701
Epoch 229/2000 | Train MSE: 47.347791
Epoch 230/2000 | Train MSE: 74.292048
Epoch 231/2000 | Train MSE: 84.397687
Epoch 232/2000 | Train MSE: 66.591800
Epoch 233/2000 | Train MSE: 58.224078
Epoch 234/2000 | Train MSE: 44.429543
Epoch 235/2000 | Train MSE: 56.759655
Epoch 236/2000 | Train MSE: 62.930352
Epoch 237/2000 | Train MSE: 54.275591
Epoch 238/2000 | Train MSE: 79.201326
Epoch 239/2000 | Train MSE: 61.937923
Epoch 240/2000 | Train MSE: 57.501198
Epoch 241/2000 | Train MSE: 46.612295
Epoch 242/2000 | Train MSE: 42.544539
Epoch 243/2000 | Train MSE: 55.735042
Epoch 244/2000 | Train MSE: 52.651133
Epoch 245/2000 | Train MSE: 50.407040
Epoch 246/2000 | Train MSE: 53.463149
Epoch 247/2000 | Train MSE: 55.360214
Epoch 248/2000 | Train MSE: 67.383796
Epoch 249/2000 | Train MSE: 51.343935
Epoch 250/2000 | Train MSE: 43.785935
Epoch 251/2000 | Train MSE: 43.323064
Epoch 252/2000 | Train MSE: 55.505730
Epoch 253/2000 | Train MSE: 53.564656
Epoch 254/2000 | Train MSE: 66.155417
Epoch 255/2000 | Train MSE: 51.953452
Epoch 256/2000 | Train MSE: 46.700748
Epoch 257/2000 | Train MSE: 51.464772
Epoch 258/2000 | Train MSE: 54.286551
Epoch 259/2000 | Train MSE: 56.611470
Epoch 260/2000 | Train MSE: 49.314356
Epoch 261/2000 | Train MSE: 38.316101
Epoch 262/2000 | Train MSE: 40.934908
Epoch 263/2000 | Train MSE: 42.221142
Epoch 264/2000 | Train MSE: 58.169103
Epoch 265/2000 | Train MSE: 52.140679
Epoch 266/2000 | Train MSE: 51.835590
Epoch 267/2000 | Train MSE: 57.057911
Epoch 268/2000 | Train MSE: 59.363083
Epoch 269/2000 | Train MSE: 50.550068
Epoch 270/2000 | Train MSE: 42.422799
Epoch 271/2000 | Train MSE: 38.041541
Epoch 272/2000 | Train MSE: 40.024721
Epoch 273/2000 | Train MSE: 41.755091
Epoch 274/2000 | Train MSE: 50.657905
Epoch 275/2000 | Train MSE: 63.600399
Epoch 276/2000 | Train MSE: 60.417639
Epoch 277/2000 | Train MSE: 44.192218
Epoch 278/2000 | Train MSE: 44.935893
Early stopping at epoch 278. Best training loss: 29.953701

Training H2

Epoch 1/2000 | Train MSE: 8963.401450
Epoch 2/2000 | Train MSE: 6566.363145
Epoch 3/2000 | Train MSE: 5681.194398
Epoch 4/2000 | Train MSE: 5179.021483
Epoch 5/2000 | Train MSE: 4743.819402
Epoch 6/2000 | Train MSE: 4147.782910
Epoch 7/2000 | Train MSE: 3679.177615
Epoch 8/2000 | Train MSE: 3317.508639
Epoch 9/2000 | Train MSE: 3120.470608
Epoch 10/2000 | Train MSE: 2656.906153
Epoch 11/2000 | Train MSE: 2493.961787
Epoch 12/2000 | Train MSE: 2150.407647
Epoch 13/2000 | Train MSE: 1887.193324
Epoch 14/2000 | Train MSE: 1658.082287
Epoch 15/2000 | Train MSE: 1483.765973
Epoch 16/2000 | Train MSE: 1334.424631
Epoch 17/2000 | Train MSE: 1261.234036
Epoch 18/2000 | Train MSE: 1071.356618
Epoch 19/2000 | Train MSE: 1014.465199
Epoch 20/2000 | Train MSE: 952.173975
Epoch 21/2000 | Train MSE: 835.758022
Epoch 22/2000 | Train MSE: 818.562665
Epoch 23/2000 | Train MSE: 718.993108
Epoch 24/2000 | Train MSE: 667.932109
Epoch 25/2000 | Train MSE: 709.050922
Epoch 26/2000 | Train MSE: 597.140529
Epoch 27/2000 | Train MSE: 643.390523
Epoch 28/2000 | Train MSE: 531.701241
Epoch 29/2000 | Train MSE: 505.644949
Epoch 30/2000 | Train MSE: 555.319655
Epoch 31/2000 | Train MSE: 646.540472
Epoch 32/2000 | Train MSE: 471.321564
Epoch 33/2000 | Train MSE: 434.360784
Epoch 34/2000 | Train MSE: 407.770714
Epoch 35/2000 | Train MSE: 416.946844
Epoch 36/2000 | Train MSE: 416.781588
Epoch 37/2000 | Train MSE: 378.647524
Epoch 38/2000 | Train MSE: 419.163624
Epoch 39/2000 | Train MSE: 399.352404
Epoch 40/2000 | Train MSE: 356.548252
Epoch 41/2000 | Train MSE: 440.473179
Epoch 42/2000 | Train MSE: 312.284994
Epoch 43/2000 | Train MSE: 296.862631
Epoch 44/2000 | Train MSE: 314.557609
Epoch 45/2000 | Train MSE: 319.998843
Epoch 46/2000 | Train MSE: 301.021558
Epoch 47/2000 | Train MSE: 299.071258
Epoch 48/2000 | Train MSE: 283.650313
Epoch 49/2000 | Train MSE: 254.899970
Epoch 50/2000 | Train MSE: 306.855884
Epoch 51/2000 | Train MSE: 287.297169
Epoch 52/2000 | Train MSE: 281.993624
Epoch 53/2000 | Train MSE: 250.446775
Epoch 54/2000 | Train MSE: 263.713484
Epoch 55/2000 | Train MSE: 268.060326
Epoch 56/2000 | Train MSE: 249.378582
Epoch 57/2000 | Train MSE: 236.686840
Epoch 58/2000 | Train MSE: 262.431226
Epoch 59/2000 | Train MSE: 245.288629
Epoch 60/2000 | Train MSE: 256.957921
Epoch 61/2000 | Train MSE: 218.363186
Epoch 62/2000 | Train MSE: 224.378032
Epoch 63/2000 | Train MSE: 186.463487
Epoch 64/2000 | Train MSE: 206.997404
Epoch 65/2000 | Train MSE: 203.798346
Epoch 66/2000 | Train MSE: 203.073858
Epoch 67/2000 | Train MSE: 207.966269
Epoch 68/2000 | Train MSE: 189.590831
Epoch 69/2000 | Train MSE: 162.214250
Epoch 70/2000 | Train MSE: 180.068693
Epoch 71/2000 | Train MSE: 197.842160
Epoch 72/2000 | Train MSE: 236.896340
Epoch 73/2000 | Train MSE: 174.163454
Epoch 74/2000 | Train MSE: 156.008618
Epoch 75/2000 | Train MSE: 141.751446
Epoch 76/2000 | Train MSE: 164.356653
Epoch 77/2000 | Train MSE: 158.560891
Epoch 78/2000 | Train MSE: 172.033966
Epoch 79/2000 | Train MSE: 159.059986
Epoch 80/2000 | Train MSE: 171.547385
Epoch 81/2000 | Train MSE: 171.687139
Epoch 82/2000 | Train MSE: 160.828748
Epoch 83/2000 | Train MSE: 143.010824
Epoch 84/2000 | Train MSE: 145.558624
Epoch 85/2000 | Train MSE: 172.681191
Epoch 86/2000 | Train MSE: 178.917107
Epoch 87/2000 | Train MSE: 140.227480
Epoch 88/2000 | Train MSE: 133.368888
Epoch 89/2000 | Train MSE: 178.480149
Epoch 90/2000 | Train MSE: 160.471485
Epoch 91/2000 | Train MSE: 142.083597
Epoch 92/2000 | Train MSE: 137.500018
Epoch 93/2000 | Train MSE: 143.611625
Epoch 94/2000 | Train MSE: 138.806042
Epoch 95/2000 | Train MSE: 131.246516
Epoch 96/2000 | Train MSE: 118.483445
Epoch 97/2000 | Train MSE: 122.872799
Epoch 98/2000 | Train MSE: 123.286985
Epoch 99/2000 | Train MSE: 159.388899
Epoch 100/2000 | Train MSE: 152.376257
Epoch 101/2000 | Train MSE: 139.625427
Epoch 102/2000 | Train MSE: 128.860375
Epoch 103/2000 | Train MSE: 100.528261
Epoch 104/2000 | Train MSE: 113.590389
Epoch 105/2000 | Train MSE: 118.538079
Epoch 106/2000 | Train MSE: 114.990369
Epoch 107/2000 | Train MSE: 155.055111
Epoch 108/2000 | Train MSE: 161.794624
Epoch 109/2000 | Train MSE: 121.384038
Epoch 110/2000 | Train MSE: 101.981146
Epoch 111/2000 | Train MSE: 112.109489
Epoch 112/2000 | Train MSE: 113.792161
Epoch 113/2000 | Train MSE: 119.900946
Epoch 114/2000 | Train MSE: 107.149891
Epoch 115/2000 | Train MSE: 120.930942
Epoch 116/2000 | Train MSE: 115.181048
Epoch 117/2000 | Train MSE: 106.206052
Epoch 118/2000 | Train MSE: 85.683801
Epoch 119/2000 | Train MSE: 100.618107
Epoch 120/2000 | Train MSE: 118.142273
Epoch 121/2000 | Train MSE: 113.888894
Epoch 122/2000 | Train MSE: 103.175003
Epoch 123/2000 | Train MSE: 102.520115
Epoch 124/2000 | Train MSE: 102.945411
Epoch 125/2000 | Train MSE: 101.270329
Epoch 126/2000 | Train MSE: 118.843028
Epoch 127/2000 | Train MSE: 119.239063
Epoch 128/2000 | Train MSE: 115.121751
Epoch 129/2000 | Train MSE: 110.843732
Epoch 130/2000 | Train MSE: 113.882528
Epoch 131/2000 | Train MSE: 92.213041
Epoch 132/2000 | Train MSE: 80.696973
Epoch 133/2000 | Train MSE: 86.988974
Epoch 134/2000 | Train MSE: 84.162904
Epoch 135/2000 | Train MSE: 80.822900
Epoch 136/2000 | Train MSE: 107.698772
Epoch 137/2000 | Train MSE: 126.347995
Epoch 138/2000 | Train MSE: 134.358384
Epoch 139/2000 | Train MSE: 102.369730
Epoch 140/2000 | Train MSE: 83.556130
Epoch 141/2000 | Train MSE: 68.624630
Epoch 142/2000 | Train MSE: 79.115399
Epoch 143/2000 | Train MSE: 86.449506
Epoch 144/2000 | Train MSE: 98.377253
Epoch 145/2000 | Train MSE: 141.713425
Epoch 146/2000 | Train MSE: 145.140661
Epoch 147/2000 | Train MSE: 84.380760
Epoch 148/2000 | Train MSE: 58.929001
Epoch 149/2000 | Train MSE: 59.374291
Epoch 150/2000 | Train MSE: 75.849902
Epoch 151/2000 | Train MSE: 88.903011
Epoch 152/2000 | Train MSE: 94.342608
Epoch 153/2000 | Train MSE: 83.127246
Epoch 154/2000 | Train MSE: 80.056179
Epoch 155/2000 | Train MSE: 77.604813
Epoch 156/2000 | Train MSE: 76.760647
Epoch 157/2000 | Train MSE: 100.287181
Epoch 158/2000 | Train MSE: 104.566608
Epoch 159/2000 | Train MSE: 88.176957
Epoch 160/2000 | Train MSE: 94.752011
Epoch 161/2000 | Train MSE: 76.080108
Epoch 162/2000 | Train MSE: 77.596884
Epoch 163/2000 | Train MSE: 78.844711
Epoch 164/2000 | Train MSE: 75.788774
Epoch 165/2000 | Train MSE: 65.425896
Epoch 166/2000 | Train MSE: 84.925391
Epoch 167/2000 | Train MSE: 89.994018
Epoch 168/2000 | Train MSE: 75.875463
Epoch 169/2000 | Train MSE: 76.433228
Epoch 170/2000 | Train MSE: 79.940402
Epoch 171/2000 | Train MSE: 69.467715
Epoch 172/2000 | Train MSE: 76.407452
Epoch 173/2000 | Train MSE: 92.125330
Epoch 174/2000 | Train MSE: 91.941186
Epoch 175/2000 | Train MSE: 80.389342
Epoch 176/2000 | Train MSE: 71.144972
Epoch 177/2000 | Train MSE: 62.397209
Epoch 178/2000 | Train MSE: 61.950985
Epoch 179/2000 | Train MSE: 70.009830
Epoch 180/2000 | Train MSE: 84.292915
Epoch 181/2000 | Train MSE: 70.322972
Epoch 182/2000 | Train MSE: 69.281114
Epoch 183/2000 | Train MSE: 70.439474
Epoch 184/2000 | Train MSE: 68.075059
Epoch 185/2000 | Train MSE: 70.797290
Epoch 186/2000 | Train MSE: 73.238713
Epoch 187/2000 | Train MSE: 68.756177
Epoch 188/2000 | Train MSE: 73.943594
Epoch 189/2000 | Train MSE: 70.474324
Epoch 190/2000 | Train MSE: 63.678161
Epoch 191/2000 | Train MSE: 65.717168
Epoch 192/2000 | Train MSE: 64.710082
Epoch 193/2000 | Train MSE: 70.860096
Epoch 194/2000 | Train MSE: 67.456396
Epoch 195/2000 | Train MSE: 59.992681
Epoch 196/2000 | Train MSE: 55.560582
Epoch 197/2000 | Train MSE: 61.338219
Epoch 198/2000 | Train MSE: 64.267012
Epoch 199/2000 | Train MSE: 67.933832
Epoch 200/2000 | Train MSE: 76.003404
Epoch 201/2000 | Train MSE: 75.654860
Epoch 202/2000 | Train MSE: 69.844888
Epoch 203/2000 | Train MSE: 52.625873
Epoch 204/2000 | Train MSE: 50.215118
Epoch 205/2000 | Train MSE: 56.460050
Epoch 206/2000 | Train MSE: 72.659229
Epoch 207/2000 | Train MSE: 86.140511
Epoch 208/2000 | Train MSE: 74.875329
Epoch 209/2000 | Train MSE: 59.567249
Epoch 210/2000 | Train MSE: 49.358421
Epoch 211/2000 | Train MSE: 46.129419
Epoch 212/2000 | Train MSE: 45.070870
Epoch 213/2000 | Train MSE: 57.591532
Epoch 214/2000 | Train MSE: 88.862505
Epoch 215/2000 | Train MSE: 88.578127
Epoch 216/2000 | Train MSE: 68.886550
Epoch 217/2000 | Train MSE: 47.488240
Epoch 218/2000 | Train MSE: 41.689942
Epoch 219/2000 | Train MSE: 51.593487
Epoch 220/2000 | Train MSE: 52.834756
Epoch 221/2000 | Train MSE: 54.064449
Epoch 222/2000 | Train MSE: 84.157577
Epoch 223/2000 | Train MSE: 89.182353
Epoch 224/2000 | Train MSE: 54.552850
Epoch 225/2000 | Train MSE: 45.308978
Epoch 226/2000 | Train MSE: 48.759992
Epoch 227/2000 | Train MSE: 54.927440
Epoch 228/2000 | Train MSE: 56.973341
Epoch 229/2000 | Train MSE: 80.467696
Epoch 230/2000 | Train MSE: 63.039648
Epoch 231/2000 | Train MSE: 52.469226
Epoch 232/2000 | Train MSE: 55.117713
Epoch 233/2000 | Train MSE: 52.286592
Epoch 234/2000 | Train MSE: 46.394570
Epoch 235/2000 | Train MSE: 47.904564
Epoch 236/2000 | Train MSE: 49.412007
Epoch 237/2000 | Train MSE: 61.252820
Epoch 238/2000 | Train MSE: 58.585423
Epoch 239/2000 | Train MSE: 73.273653
Epoch 240/2000 | Train MSE: 55.955947
Epoch 241/2000 | Train MSE: 51.116417
Epoch 242/2000 | Train MSE: 45.525060
Epoch 243/2000 | Train MSE: 52.260638
Epoch 244/2000 | Train MSE: 44.390175
Epoch 245/2000 | Train MSE: 49.592373
Epoch 246/2000 | Train MSE: 54.980072
Epoch 247/2000 | Train MSE: 70.500071
Epoch 248/2000 | Train MSE: 51.811367
Epoch 249/2000 | Train MSE: 45.769857
Epoch 250/2000 | Train MSE: 38.801098
Epoch 251/2000 | Train MSE: 47.971170
Epoch 252/2000 | Train MSE: 54.582248
Epoch 253/2000 | Train MSE: 51.866247
Epoch 254/2000 | Train MSE: 67.015094
Epoch 255/2000 | Train MSE: 49.524292
Epoch 256/2000 | Train MSE: 49.279569
Epoch 257/2000 | Train MSE: 83.384404
Epoch 258/2000 | Train MSE: 78.576293
Epoch 259/2000 | Train MSE: 53.449953
Epoch 260/2000 | Train MSE: 37.328226
Epoch 261/2000 | Train MSE: 33.853779
Epoch 262/2000 | Train MSE: 29.266265
Epoch 263/2000 | Train MSE: 44.828247
Epoch 264/2000 | Train MSE: 66.101976
Epoch 265/2000 | Train MSE: 60.219304
Epoch 266/2000 | Train MSE: 55.259468
Epoch 267/2000 | Train MSE: 48.254732
Epoch 268/2000 | Train MSE: 43.650353
Epoch 269/2000 | Train MSE: 47.992723
Epoch 270/2000 | Train MSE: 51.807903
Epoch 271/2000 | Train MSE: 45.418097
Epoch 272/2000 | Train MSE: 41.157928
Epoch 273/2000 | Train MSE: 44.703412
Epoch 274/2000 | Train MSE: 52.092190
Epoch 275/2000 | Train MSE: 44.602471
Epoch 276/2000 | Train MSE: 44.291326
Epoch 277/2000 | Train MSE: 57.441320
Epoch 278/2000 | Train MSE: 53.255897
Epoch 279/2000 | Train MSE: 51.018619
Epoch 280/2000 | Train MSE: 52.003754
Epoch 281/2000 | Train MSE: 46.104479
Epoch 282/2000 | Train MSE: 41.966741
Epoch 283/2000 | Train MSE: 39.692981
Epoch 284/2000 | Train MSE: 44.102816
Epoch 285/2000 | Train MSE: 46.624516
Epoch 286/2000 | Train MSE: 51.219257
Epoch 287/2000 | Train MSE: 43.146558
Epoch 288/2000 | Train MSE: 38.948431
Epoch 289/2000 | Train MSE: 38.896209
Epoch 290/2000 | Train MSE: 44.911451
Epoch 291/2000 | Train MSE: 48.795198
Epoch 292/2000 | Train MSE: 67.746808
Epoch 293/2000 | Train MSE: 68.224199
Epoch 294/2000 | Train MSE: 49.681490
Epoch 295/2000 | Train MSE: 33.363327
Epoch 296/2000 | Train MSE: 35.227391
Epoch 297/2000 | Train MSE: 36.255185
Epoch 298/2000 | Train MSE: 32.771737
Epoch 299/2000 | Train MSE: 44.036737
Epoch 300/2000 | Train MSE: 48.998807
Epoch 301/2000 | Train MSE: 47.919682
Epoch 302/2000 | Train MSE: 49.951079
Epoch 303/2000 | Train MSE: 47.279351
Epoch 304/2000 | Train MSE: 36.310534
Epoch 305/2000 | Train MSE: 34.970299
Epoch 306/2000 | Train MSE: 34.121115
Epoch 307/2000 | Train MSE: 39.798863
Epoch 308/2000 | Train MSE: 45.872586
Epoch 309/2000 | Train MSE: 50.018596
Epoch 310/2000 | Train MSE: 74.076486
Epoch 311/2000 | Train MSE: 66.050962
Epoch 312/2000 | Train MSE: 47.634584
Early stopping at epoch 312. Best training loss: 29.266265

Training H3

Epoch 1/2000 | Train MSE: 9674.598699
Epoch 2/2000 | Train MSE: 7192.720507
Epoch 3/2000 | Train MSE: 5759.814238
Epoch 4/2000 | Train MSE: 5362.621919
Epoch 5/2000 | Train MSE: 4600.008562
Epoch 6/2000 | Train MSE: 4315.112154
Epoch 7/2000 | Train MSE: 3769.701448
Epoch 8/2000 | Train MSE: 3322.196814
Epoch 9/2000 | Train MSE: 3044.812840
Epoch 10/2000 | Train MSE: 2759.344928
Epoch 11/2000 | Train MSE: 2434.553111
Epoch 12/2000 | Train MSE: 2286.752193
Epoch 13/2000 | Train MSE: 2011.607120
Epoch 14/2000 | Train MSE: 1779.106472
Epoch 15/2000 | Train MSE: 1622.408373
Epoch 16/2000 | Train MSE: 1589.144298
Epoch 17/2000 | Train MSE: 1470.325292
Epoch 18/2000 | Train MSE: 1287.186710
Epoch 19/2000 | Train MSE: 1113.065501
Epoch 20/2000 | Train MSE: 962.436650
Epoch 21/2000 | Train MSE: 1007.555753
Epoch 22/2000 | Train MSE: 824.220788
Epoch 23/2000 | Train MSE: 810.377064
Epoch 24/2000 | Train MSE: 827.063088
Epoch 25/2000 | Train MSE: 731.852505
Epoch 26/2000 | Train MSE: 702.424699
Epoch 27/2000 | Train MSE: 610.858152
Epoch 28/2000 | Train MSE: 523.098381
Epoch 29/2000 | Train MSE: 532.985852
Epoch 30/2000 | Train MSE: 527.911097
Epoch 31/2000 | Train MSE: 527.458628
Epoch 32/2000 | Train MSE: 566.724966
Epoch 33/2000 | Train MSE: 484.766447
Epoch 34/2000 | Train MSE: 443.482477
Epoch 35/2000 | Train MSE: 478.838266
Epoch 36/2000 | Train MSE: 414.639618
Epoch 37/2000 | Train MSE: 394.334581
Epoch 38/2000 | Train MSE: 360.735134
Epoch 39/2000 | Train MSE: 348.049741
Epoch 40/2000 | Train MSE: 399.126448
Epoch 41/2000 | Train MSE: 429.790063
Epoch 42/2000 | Train MSE: 373.698372
Epoch 43/2000 | Train MSE: 341.584984
Epoch 44/2000 | Train MSE: 283.243961
Epoch 45/2000 | Train MSE: 314.135343
Epoch 46/2000 | Train MSE: 324.611391
Epoch 47/2000 | Train MSE: 345.786544
Epoch 48/2000 | Train MSE: 274.556909
Epoch 49/2000 | Train MSE: 281.213403
Epoch 50/2000 | Train MSE: 309.024382
Epoch 51/2000 | Train MSE: 351.622409
Epoch 52/2000 | Train MSE: 318.982748
Epoch 53/2000 | Train MSE: 256.633219
Epoch 54/2000 | Train MSE: 193.786527
Epoch 55/2000 | Train MSE: 272.282201
Epoch 56/2000 | Train MSE: 230.835353
Epoch 57/2000 | Train MSE: 258.646882
Epoch 58/2000 | Train MSE: 222.009671
Epoch 59/2000 | Train MSE: 222.844953
Epoch 60/2000 | Train MSE: 228.948711
Epoch 61/2000 | Train MSE: 178.483020
Epoch 62/2000 | Train MSE: 218.876319
Epoch 63/2000 | Train MSE: 311.967076
Epoch 64/2000 | Train MSE: 284.587762
Epoch 65/2000 | Train MSE: 239.661709
Epoch 66/2000 | Train MSE: 187.335239
Epoch 67/2000 | Train MSE: 156.179934
Epoch 68/2000 | Train MSE: 157.362417
Epoch 69/2000 | Train MSE: 178.211701
Epoch 70/2000 | Train MSE: 209.661585
Epoch 71/2000 | Train MSE: 246.756558
Epoch 72/2000 | Train MSE: 212.318775
Epoch 73/2000 | Train MSE: 170.494209
Epoch 74/2000 | Train MSE: 190.286079
Epoch 75/2000 | Train MSE: 207.123283
Epoch 76/2000 | Train MSE: 215.083041
Epoch 77/2000 | Train MSE: 171.401590
Epoch 78/2000 | Train MSE: 160.832642
Epoch 79/2000 | Train MSE: 156.524357
Epoch 80/2000 | Train MSE: 154.547301
Epoch 81/2000 | Train MSE: 151.944794
Epoch 82/2000 | Train MSE: 162.697622
Epoch 83/2000 | Train MSE: 170.106209
Epoch 84/2000 | Train MSE: 172.396784
Epoch 85/2000 | Train MSE: 163.875438
Epoch 86/2000 | Train MSE: 177.300767
Epoch 87/2000 | Train MSE: 167.071721
Epoch 88/2000 | Train MSE: 132.452961
Epoch 89/2000 | Train MSE: 132.189529
Epoch 90/2000 | Train MSE: 134.100713
Epoch 91/2000 | Train MSE: 147.482619
Epoch 92/2000 | Train MSE: 145.677778
Epoch 93/2000 | Train MSE: 143.503833
Epoch 94/2000 | Train MSE: 148.499702
Epoch 95/2000 | Train MSE: 154.356579
Epoch 96/2000 | Train MSE: 111.532901
Epoch 97/2000 | Train MSE: 111.926075
Epoch 98/2000 | Train MSE: 146.628379
Epoch 99/2000 | Train MSE: 144.977578
Epoch 100/2000 | Train MSE: 170.596233
Epoch 101/2000 | Train MSE: 132.170709
Epoch 102/2000 | Train MSE: 113.941555
Epoch 103/2000 | Train MSE: 140.281986
Epoch 104/2000 | Train MSE: 157.387924
Epoch 105/2000 | Train MSE: 104.689238
Epoch 106/2000 | Train MSE: 89.439526
Epoch 107/2000 | Train MSE: 93.660062
Epoch 108/2000 | Train MSE: 112.809295
Epoch 109/2000 | Train MSE: 136.593147
Epoch 110/2000 | Train MSE: 141.465683
Epoch 111/2000 | Train MSE: 144.289733
Epoch 112/2000 | Train MSE: 136.442152
Epoch 113/2000 | Train MSE: 105.902745
Epoch 114/2000 | Train MSE: 113.837276
Epoch 115/2000 | Train MSE: 129.764198
Epoch 116/2000 | Train MSE: 116.292403
Epoch 117/2000 | Train MSE: 103.476194
Epoch 118/2000 | Train MSE: 129.255484
Epoch 119/2000 | Train MSE: 95.333590
Epoch 120/2000 | Train MSE: 93.375928
Epoch 121/2000 | Train MSE: 110.040037
Epoch 122/2000 | Train MSE: 112.824737
Epoch 123/2000 | Train MSE: 108.451142
Epoch 124/2000 | Train MSE: 106.942821
Epoch 125/2000 | Train MSE: 109.256077
Epoch 126/2000 | Train MSE: 92.693763
Epoch 127/2000 | Train MSE: 89.774053
Epoch 128/2000 | Train MSE: 87.512465
Epoch 129/2000 | Train MSE: 109.414479
Epoch 130/2000 | Train MSE: 106.550271
Epoch 131/2000 | Train MSE: 118.835819
Epoch 132/2000 | Train MSE: 109.115392
Epoch 133/2000 | Train MSE: 90.997680
Epoch 134/2000 | Train MSE: 79.063575
Epoch 135/2000 | Train MSE: 80.058058
Epoch 136/2000 | Train MSE: 87.669460
Epoch 137/2000 | Train MSE: 107.402407
Epoch 138/2000 | Train MSE: 84.959291
Epoch 139/2000 | Train MSE: 95.704139
Epoch 140/2000 | Train MSE: 102.991427
Epoch 141/2000 | Train MSE: 113.489001
Epoch 142/2000 | Train MSE: 86.351693
Epoch 143/2000 | Train MSE: 76.229194
Epoch 144/2000 | Train MSE: 72.958095
Epoch 145/2000 | Train MSE: 72.139160
Epoch 146/2000 | Train MSE: 80.744193
Epoch 147/2000 | Train MSE: 82.434618
Epoch 148/2000 | Train MSE: 80.288324
Epoch 149/2000 | Train MSE: 106.016313
Epoch 150/2000 | Train MSE: 124.730391
Epoch 151/2000 | Train MSE: 114.665601
Epoch 152/2000 | Train MSE: 121.162873
Epoch 153/2000 | Train MSE: 104.436964
Epoch 154/2000 | Train MSE: 70.630570
Epoch 155/2000 | Train MSE: 62.581093
Epoch 156/2000 | Train MSE: 69.988118
Epoch 157/2000 | Train MSE: 75.227501
Epoch 158/2000 | Train MSE: 100.966888
Epoch 159/2000 | Train MSE: 100.375446
Epoch 160/2000 | Train MSE: 92.148190
Epoch 161/2000 | Train MSE: 75.008160
Epoch 162/2000 | Train MSE: 61.459437
Epoch 163/2000 | Train MSE: 65.417827
Epoch 164/2000 | Train MSE: 61.703256
Epoch 165/2000 | Train MSE: 73.550836
Epoch 166/2000 | Train MSE: 76.843257
Epoch 167/2000 | Train MSE: 79.530270
Epoch 168/2000 | Train MSE: 96.992117
Epoch 169/2000 | Train MSE: 84.972320
Epoch 170/2000 | Train MSE: 73.496090
Epoch 171/2000 | Train MSE: 72.938286
Epoch 172/2000 | Train MSE: 88.385285
Epoch 173/2000 | Train MSE: 70.405854
Epoch 174/2000 | Train MSE: 61.989077
Epoch 175/2000 | Train MSE: 64.059201
Epoch 176/2000 | Train MSE: 72.831050
Epoch 177/2000 | Train MSE: 67.171279
Epoch 178/2000 | Train MSE: 69.553967
Epoch 179/2000 | Train MSE: 81.354245
Epoch 180/2000 | Train MSE: 83.617904
Epoch 181/2000 | Train MSE: 73.573141
Epoch 182/2000 | Train MSE: 77.992708
Epoch 183/2000 | Train MSE: 64.026961
Epoch 184/2000 | Train MSE: 77.626274
Epoch 185/2000 | Train MSE: 67.737706
Epoch 186/2000 | Train MSE: 60.066499
Epoch 187/2000 | Train MSE: 64.061119
Epoch 188/2000 | Train MSE: 70.359343
Epoch 189/2000 | Train MSE: 67.013655
Epoch 190/2000 | Train MSE: 66.681974
Epoch 191/2000 | Train MSE: 80.966144
Epoch 192/2000 | Train MSE: 68.753913
Epoch 193/2000 | Train MSE: 89.438847
Epoch 194/2000 | Train MSE: 68.426738
Epoch 195/2000 | Train MSE: 50.761332
Epoch 196/2000 | Train MSE: 48.796780
Epoch 197/2000 | Train MSE: 50.085772
Epoch 198/2000 | Train MSE: 48.885721
Epoch 199/2000 | Train MSE: 76.841924
Epoch 200/2000 | Train MSE: 98.697510
Epoch 201/2000 | Train MSE: 87.220756
Epoch 202/2000 | Train MSE: 63.032251
Epoch 203/2000 | Train MSE: 50.204618
Epoch 204/2000 | Train MSE: 50.816147
Epoch 205/2000 | Train MSE: 58.295609
Epoch 206/2000 | Train MSE: 65.585297
Epoch 207/2000 | Train MSE: 72.280674
Epoch 208/2000 | Train MSE: 58.831449
Epoch 209/2000 | Train MSE: 107.346495
Epoch 210/2000 | Train MSE: 68.588198
Epoch 211/2000 | Train MSE: 52.348071
Epoch 212/2000 | Train MSE: 44.772654
Epoch 213/2000 | Train MSE: 60.908780
Epoch 214/2000 | Train MSE: 52.047291
Epoch 215/2000 | Train MSE: 57.073841
Epoch 216/2000 | Train MSE: 51.808065
Epoch 217/2000 | Train MSE: 59.574706
Epoch 218/2000 | Train MSE: 54.899788
Epoch 219/2000 | Train MSE: 59.159858
Epoch 220/2000 | Train MSE: 68.811007
Epoch 221/2000 | Train MSE: 61.801748
Epoch 222/2000 | Train MSE: 47.245650
Epoch 223/2000 | Train MSE: 42.366226
Epoch 224/2000 | Train MSE: 52.961254
Epoch 225/2000 | Train MSE: 97.115440
Epoch 226/2000 | Train MSE: 79.746607
Epoch 227/2000 | Train MSE: 56.427149
Epoch 228/2000 | Train MSE: 43.193131
Epoch 229/2000 | Train MSE: 47.159663
Epoch 230/2000 | Train MSE: 56.577526
Epoch 231/2000 | Train MSE: 52.700487
Epoch 232/2000 | Train MSE: 52.722706
Epoch 233/2000 | Train MSE: 50.171813
Epoch 234/2000 | Train MSE: 48.092743
Epoch 235/2000 | Train MSE: 51.373588
Epoch 236/2000 | Train MSE: 62.549229
Epoch 237/2000 | Train MSE: 68.149013
Epoch 238/2000 | Train MSE: 71.280126
Epoch 239/2000 | Train MSE: 54.165400
Epoch 240/2000 | Train MSE: 50.670642
Epoch 241/2000 | Train MSE: 42.592356
Epoch 242/2000 | Train MSE: 45.021835
Epoch 243/2000 | Train MSE: 51.507701
Epoch 244/2000 | Train MSE: 55.559184
Epoch 245/2000 | Train MSE: 56.313247
Epoch 246/2000 | Train MSE: 51.172944
Epoch 247/2000 | Train MSE: 48.536433
Epoch 248/2000 | Train MSE: 46.378273
Epoch 249/2000 | Train MSE: 37.947931
Epoch 250/2000 | Train MSE: 39.924570
Epoch 251/2000 | Train MSE: 45.779558
Epoch 252/2000 | Train MSE: 90.652510
Epoch 253/2000 | Train MSE: 65.774839
Epoch 254/2000 | Train MSE: 57.199835
Epoch 255/2000 | Train MSE: 36.640653
Epoch 256/2000 | Train MSE: 32.906770
Epoch 257/2000 | Train MSE: 33.492950
Epoch 258/2000 | Train MSE: 45.615454
Epoch 259/2000 | Train MSE: 54.314807
Epoch 260/2000 | Train MSE: 60.214545
Epoch 261/2000 | Train MSE: 57.650792
Epoch 262/2000 | Train MSE: 49.890277
Epoch 263/2000 | Train MSE: 48.047845
Epoch 264/2000 | Train MSE: 53.257360
Epoch 265/2000 | Train MSE: 55.598613
Epoch 266/2000 | Train MSE: 49.462239
Epoch 267/2000 | Train MSE: 39.311077
Epoch 268/2000 | Train MSE: 36.233325
Epoch 269/2000 | Train MSE: 41.512715
Epoch 270/2000 | Train MSE: 51.875348
Epoch 271/2000 | Train MSE: 54.320093
Epoch 272/2000 | Train MSE: 77.306549
Epoch 273/2000 | Train MSE: 72.751087
Epoch 274/2000 | Train MSE: 65.911369
Epoch 275/2000 | Train MSE: 32.593847
Epoch 276/2000 | Train MSE: 22.110222
Epoch 277/2000 | Train MSE: 23.937195
Epoch 278/2000 | Train MSE: 37.556236
Epoch 279/2000 | Train MSE: 62.351844
Epoch 280/2000 | Train MSE: 61.812565
Epoch 281/2000 | Train MSE: 59.456236
Epoch 282/2000 | Train MSE: 50.814970
Epoch 283/2000 | Train MSE: 36.337135
Epoch 284/2000 | Train MSE: 32.690395
Epoch 285/2000 | Train MSE: 33.576418
Epoch 286/2000 | Train MSE: 41.473827
Epoch 287/2000 | Train MSE: 44.993002
Epoch 288/2000 | Train MSE: 45.317216
Epoch 289/2000 | Train MSE: 46.612360
Epoch 290/2000 | Train MSE: 49.102082
Epoch 291/2000 | Train MSE: 50.800200
Epoch 292/2000 | Train MSE: 42.416187
Epoch 293/2000 | Train MSE: 40.154586
Epoch 294/2000 | Train MSE: 47.077564
Epoch 295/2000 | Train MSE: 42.356171
Epoch 296/2000 | Train MSE: 42.803918
Epoch 297/2000 | Train MSE: 51.001418
Epoch 298/2000 | Train MSE: 47.149692
Epoch 299/2000 | Train MSE: 40.627419
Epoch 300/2000 | Train MSE: 49.442208
Epoch 301/2000 | Train MSE: 53.325153
Epoch 302/2000 | Train MSE: 36.820852
Epoch 303/2000 | Train MSE: 36.267648
Epoch 304/2000 | Train MSE: 37.180102
Epoch 305/2000 | Train MSE: 38.990468
Epoch 306/2000 | Train MSE: 38.139841
Epoch 307/2000 | Train MSE: 40.714340
Epoch 308/2000 | Train MSE: 57.630661
Epoch 309/2000 | Train MSE: 43.177762
Epoch 310/2000 | Train MSE: 31.324602
Epoch 311/2000 | Train MSE: 31.791572
Epoch 312/2000 | Train MSE: 34.654604
Epoch 313/2000 | Train MSE: 43.607137
Epoch 314/2000 | Train MSE: 36.071365
Epoch 315/2000 | Train MSE: 34.389734
Epoch 316/2000 | Train MSE: 46.425681
Epoch 317/2000 | Train MSE: 55.749403
Epoch 318/2000 | Train MSE: 52.663653
Epoch 319/2000 | Train MSE: 43.646138
Epoch 320/2000 | Train MSE: 36.611926
Epoch 321/2000 | Train MSE: 32.985968
Epoch 322/2000 | Train MSE: 36.949073
Epoch 323/2000 | Train MSE: 32.255418
Epoch 324/2000 | Train MSE: 35.571034
Epoch 325/2000 | Train MSE: 42.575887
Epoch 326/2000 | Train MSE: 44.745568
Early stopping at epoch 326. Best training loss: 22.110222

Training H4

Epoch 1/2000 | Train MSE: 9287.221946
Epoch 2/2000 | Train MSE: 6408.603201
Epoch 3/2000 | Train MSE: 5770.185746
Epoch 4/2000 | Train MSE: 5100.094559
Epoch 5/2000 | Train MSE: 4489.240234
Epoch 6/2000 | Train MSE: 4081.246923
Epoch 7/2000 | Train MSE: 3824.346152
Epoch 8/2000 | Train MSE: 3303.130835
Epoch 9/2000 | Train MSE: 3207.410327
Epoch 10/2000 | Train MSE: 2818.362494
Epoch 11/2000 | Train MSE: 2552.588033
Epoch 12/2000 | Train MSE: 2275.156828
Epoch 13/2000 | Train MSE: 2101.718256
Epoch 14/2000 | Train MSE: 1955.614782
Epoch 15/2000 | Train MSE: 1735.161833
Epoch 16/2000 | Train MSE: 1571.232499
Epoch 17/2000 | Train MSE: 1287.417209
Epoch 18/2000 | Train MSE: 1230.179666
Epoch 19/2000 | Train MSE: 1157.597459
Epoch 20/2000 | Train MSE: 1139.801845
Epoch 21/2000 | Train MSE: 958.872739
Epoch 22/2000 | Train MSE: 784.788994
Epoch 23/2000 | Train MSE: 828.979232
Epoch 24/2000 | Train MSE: 724.044223
Epoch 25/2000 | Train MSE: 690.819429
Epoch 26/2000 | Train MSE: 577.293831
Epoch 27/2000 | Train MSE: 567.196568
Epoch 28/2000 | Train MSE: 599.169887
Epoch 29/2000 | Train MSE: 573.479366
Epoch 30/2000 | Train MSE: 492.842113
Epoch 31/2000 | Train MSE: 530.039707
Epoch 32/2000 | Train MSE: 439.281715
Epoch 33/2000 | Train MSE: 439.277094
Epoch 34/2000 | Train MSE: 407.679619
Epoch 35/2000 | Train MSE: 412.330947
Epoch 36/2000 | Train MSE: 390.248153
Epoch 37/2000 | Train MSE: 434.199589
Epoch 38/2000 | Train MSE: 413.244162
Epoch 39/2000 | Train MSE: 433.508464
Epoch 40/2000 | Train MSE: 347.433727
Epoch 41/2000 | Train MSE: 340.578323
Epoch 42/2000 | Train MSE: 417.631397
Epoch 43/2000 | Train MSE: 332.373309
Epoch 44/2000 | Train MSE: 348.067974
Epoch 45/2000 | Train MSE: 302.566460
Epoch 46/2000 | Train MSE: 227.903010
Epoch 47/2000 | Train MSE: 260.360076
Epoch 48/2000 | Train MSE: 318.765117
Epoch 49/2000 | Train MSE: 340.297291
Epoch 50/2000 | Train MSE: 293.290063
Epoch 51/2000 | Train MSE: 239.748717
Epoch 52/2000 | Train MSE: 271.548788
Epoch 53/2000 | Train MSE: 275.908410
Epoch 54/2000 | Train MSE: 228.449088
Epoch 55/2000 | Train MSE: 257.344442
Epoch 56/2000 | Train MSE: 250.814766
Epoch 57/2000 | Train MSE: 298.229568
Epoch 58/2000 | Train MSE: 249.211931
Epoch 59/2000 | Train MSE: 224.518617
Epoch 60/2000 | Train MSE: 197.762651
Epoch 61/2000 | Train MSE: 232.754918
Epoch 62/2000 | Train MSE: 216.599055
Epoch 63/2000 | Train MSE: 195.668650
Epoch 64/2000 | Train MSE: 177.222341
Epoch 65/2000 | Train MSE: 203.436578
Epoch 66/2000 | Train MSE: 213.532852
Epoch 67/2000 | Train MSE: 208.725536
Epoch 68/2000 | Train MSE: 207.657246
Epoch 69/2000 | Train MSE: 178.901702
Epoch 70/2000 | Train MSE: 158.114023
Epoch 71/2000 | Train MSE: 197.292231
Epoch 72/2000 | Train MSE: 216.249202
Epoch 73/2000 | Train MSE: 178.444685
Epoch 74/2000 | Train MSE: 221.253556
Epoch 75/2000 | Train MSE: 176.212375
Epoch 76/2000 | Train MSE: 188.093001
Epoch 77/2000 | Train MSE: 195.627606
Epoch 78/2000 | Train MSE: 155.580117
Epoch 79/2000 | Train MSE: 163.222142
Epoch 80/2000 | Train MSE: 178.049052
Epoch 81/2000 | Train MSE: 163.794665
Epoch 82/2000 | Train MSE: 157.218209
Epoch 83/2000 | Train MSE: 126.035228
Epoch 84/2000 | Train MSE: 142.496364
Epoch 85/2000 | Train MSE: 168.066550
Epoch 86/2000 | Train MSE: 168.610579
Epoch 87/2000 | Train MSE: 171.075506
Epoch 88/2000 | Train MSE: 133.983756
Epoch 89/2000 | Train MSE: 118.815137
Epoch 90/2000 | Train MSE: 140.379078
Epoch 91/2000 | Train MSE: 134.940199
Epoch 92/2000 | Train MSE: 135.504236
Epoch 93/2000 | Train MSE: 150.016931
Epoch 94/2000 | Train MSE: 131.213369
Epoch 95/2000 | Train MSE: 159.516743
Epoch 96/2000 | Train MSE: 151.644354
Epoch 97/2000 | Train MSE: 144.892693
Epoch 98/2000 | Train MSE: 143.463035
Epoch 99/2000 | Train MSE: 106.292746
Epoch 100/2000 | Train MSE: 92.907667
Epoch 101/2000 | Train MSE: 110.822034
Epoch 102/2000 | Train MSE: 155.904273
Epoch 103/2000 | Train MSE: 147.112982
Epoch 104/2000 | Train MSE: 105.039421
Epoch 105/2000 | Train MSE: 103.675844
Epoch 106/2000 | Train MSE: 107.670913
Epoch 107/2000 | Train MSE: 126.874499
Epoch 108/2000 | Train MSE: 127.091365
Epoch 109/2000 | Train MSE: 170.116031
Epoch 110/2000 | Train MSE: 128.587607
Epoch 111/2000 | Train MSE: 102.146231
Epoch 112/2000 | Train MSE: 92.104151
Epoch 113/2000 | Train MSE: 98.068356
Epoch 114/2000 | Train MSE: 150.768886
Epoch 115/2000 | Train MSE: 122.274870
Epoch 116/2000 | Train MSE: 102.436603
Epoch 117/2000 | Train MSE: 101.903750
Epoch 118/2000 | Train MSE: 100.126439
Epoch 119/2000 | Train MSE: 103.363783
Epoch 120/2000 | Train MSE: 117.236359
Epoch 121/2000 | Train MSE: 121.070499
Epoch 122/2000 | Train MSE: 114.638658
Epoch 123/2000 | Train MSE: 88.070884
Epoch 124/2000 | Train MSE: 119.725042
Epoch 125/2000 | Train MSE: 114.473615
Epoch 126/2000 | Train MSE: 91.382615
Epoch 127/2000 | Train MSE: 81.692595
Epoch 128/2000 | Train MSE: 89.161285
Epoch 129/2000 | Train MSE: 99.514552
Epoch 130/2000 | Train MSE: 98.652037
Epoch 131/2000 | Train MSE: 115.666479
Epoch 132/2000 | Train MSE: 113.481066
Epoch 133/2000 | Train MSE: 90.313977
Epoch 134/2000 | Train MSE: 90.823502
Epoch 135/2000 | Train MSE: 76.719001
Epoch 136/2000 | Train MSE: 78.304343
Epoch 137/2000 | Train MSE: 87.406313
Epoch 138/2000 | Train MSE: 118.737635
Epoch 139/2000 | Train MSE: 111.983921
Epoch 140/2000 | Train MSE: 116.876023
Epoch 141/2000 | Train MSE: 128.504411
Epoch 142/2000 | Train MSE: 98.263474
Epoch 143/2000 | Train MSE: 73.228136
Epoch 144/2000 | Train MSE: 64.014123
Epoch 145/2000 | Train MSE: 65.474627
Epoch 146/2000 | Train MSE: 60.169328
Epoch 147/2000 | Train MSE: 82.164654
Epoch 148/2000 | Train MSE: 93.425856
Epoch 149/2000 | Train MSE: 94.011441
Epoch 150/2000 | Train MSE: 82.675777
Epoch 151/2000 | Train MSE: 89.246795
Epoch 152/2000 | Train MSE: 84.152366
Epoch 153/2000 | Train MSE: 77.422586
Epoch 154/2000 | Train MSE: 63.126995
Epoch 155/2000 | Train MSE: 81.487352
Epoch 156/2000 | Train MSE: 87.588221
Epoch 157/2000 | Train MSE: 90.612722
Epoch 158/2000 | Train MSE: 100.061022
Epoch 159/2000 | Train MSE: 99.468612
Epoch 160/2000 | Train MSE: 78.690578
Epoch 161/2000 | Train MSE: 62.155772
Epoch 162/2000 | Train MSE: 69.119478
Epoch 163/2000 | Train MSE: 72.749618
Epoch 164/2000 | Train MSE: 65.729932
Epoch 165/2000 | Train MSE: 91.352390
Epoch 166/2000 | Train MSE: 81.933681
Epoch 167/2000 | Train MSE: 84.407232
Epoch 168/2000 | Train MSE: 75.347285
Epoch 169/2000 | Train MSE: 104.265418
Epoch 170/2000 | Train MSE: 91.182573
Epoch 171/2000 | Train MSE: 78.988304
Epoch 172/2000 | Train MSE: 59.015489
Epoch 173/2000 | Train MSE: 59.934741
Epoch 174/2000 | Train MSE: 67.514404
Epoch 175/2000 | Train MSE: 73.712376
Epoch 176/2000 | Train MSE: 71.699696
Epoch 177/2000 | Train MSE: 57.488282
Epoch 178/2000 | Train MSE: 67.969230
Epoch 179/2000 | Train MSE: 77.446466
Epoch 180/2000 | Train MSE: 83.646822
Epoch 181/2000 | Train MSE: 73.257179
Epoch 182/2000 | Train MSE: 77.577775
Epoch 183/2000 | Train MSE: 65.073326
Epoch 184/2000 | Train MSE: 64.959871
Epoch 185/2000 | Train MSE: 61.317766
Epoch 186/2000 | Train MSE: 71.747792
Epoch 187/2000 | Train MSE: 73.962608
Epoch 188/2000 | Train MSE: 66.210885
Epoch 189/2000 | Train MSE: 65.289353
Epoch 190/2000 | Train MSE: 77.785802
Epoch 191/2000 | Train MSE: 64.000905
Epoch 192/2000 | Train MSE: 54.665489
Epoch 193/2000 | Train MSE: 70.457184
Epoch 194/2000 | Train MSE: 72.397156
Epoch 195/2000 | Train MSE: 84.920476
Epoch 196/2000 | Train MSE: 67.280614
Epoch 197/2000 | Train MSE: 53.781411
Epoch 198/2000 | Train MSE: 54.313173
Epoch 199/2000 | Train MSE: 65.032707
Epoch 200/2000 | Train MSE: 86.465609
Epoch 201/2000 | Train MSE: 68.096525
Epoch 202/2000 | Train MSE: 53.109202
Epoch 203/2000 | Train MSE: 50.323808
Epoch 204/2000 | Train MSE: 59.759450
Epoch 205/2000 | Train MSE: 60.731460
Epoch 206/2000 | Train MSE: 75.201986
Epoch 207/2000 | Train MSE: 76.539979
Epoch 208/2000 | Train MSE: 68.962372
Epoch 209/2000 | Train MSE: 64.838713
Epoch 210/2000 | Train MSE: 59.010097
Epoch 211/2000 | Train MSE: 58.036314
Epoch 212/2000 | Train MSE: 45.794902
Epoch 213/2000 | Train MSE: 54.205622
Epoch 214/2000 | Train MSE: 54.120067
Epoch 215/2000 | Train MSE: 56.805921
Epoch 216/2000 | Train MSE: 62.268351
Epoch 217/2000 | Train MSE: 64.026157
Epoch 218/2000 | Train MSE: 83.152937
Epoch 219/2000 | Train MSE: 60.858298
Epoch 220/2000 | Train MSE: 43.968385
Epoch 221/2000 | Train MSE: 34.298305
Epoch 222/2000 | Train MSE: 57.636489
Epoch 223/2000 | Train MSE: 70.706733
Epoch 224/2000 | Train MSE: 73.012140
Epoch 225/2000 | Train MSE: 54.731163
Epoch 226/2000 | Train MSE: 57.899655
Epoch 227/2000 | Train MSE: 49.302447
Epoch 228/2000 | Train MSE: 40.776551
Epoch 229/2000 | Train MSE: 49.264870
Epoch 230/2000 | Train MSE: 53.382795
Epoch 231/2000 | Train MSE: 82.719611
Epoch 232/2000 | Train MSE: 74.144380
Epoch 233/2000 | Train MSE: 61.849962
Epoch 234/2000 | Train MSE: 47.432668
Epoch 235/2000 | Train MSE: 44.357516
Epoch 236/2000 | Train MSE: 42.246950
Epoch 237/2000 | Train MSE: 41.739357
Epoch 238/2000 | Train MSE: 43.112915
Epoch 239/2000 | Train MSE: 53.008282
Epoch 240/2000 | Train MSE: 62.356900
Epoch 241/2000 | Train MSE: 63.643990
Epoch 242/2000 | Train MSE: 72.398398
Epoch 243/2000 | Train MSE: 86.517555
Epoch 244/2000 | Train MSE: 60.600044
Epoch 245/2000 | Train MSE: 41.723968
Epoch 246/2000 | Train MSE: 37.049760
Epoch 247/2000 | Train MSE: 42.661254
Epoch 248/2000 | Train MSE: 44.565926
Epoch 249/2000 | Train MSE: 59.560416
Epoch 250/2000 | Train MSE: 53.550626
Epoch 251/2000 | Train MSE: 48.483223
Epoch 252/2000 | Train MSE: 44.943625
Epoch 253/2000 | Train MSE: 57.864469
Epoch 254/2000 | Train MSE: 47.701004
Epoch 255/2000 | Train MSE: 43.718482
Epoch 256/2000 | Train MSE: 45.698769
Epoch 257/2000 | Train MSE: 59.545279
Epoch 258/2000 | Train MSE: 81.798074
Epoch 259/2000 | Train MSE: 66.613651
Epoch 260/2000 | Train MSE: 38.277738
Epoch 261/2000 | Train MSE: 28.732813
Epoch 262/2000 | Train MSE: 32.684680
Epoch 263/2000 | Train MSE: 38.675968
Epoch 264/2000 | Train MSE: 49.000784
Epoch 265/2000 | Train MSE: 68.347937
Epoch 266/2000 | Train MSE: 55.388226
