
 === Started run 1 === 

    --- Executing dataset Covid3Month --- 

        -> Running model MiniRocket  

           ===== Results =====
           MSE : 0.00168244
           MAE : 0.03052962
           RMSE: 0.04101762
           R²  : 0.15510301

    --- Executing dataset FloodModeling1 --- 

        -> Running model MiniRocket  

           ===== Results =====
           MSE : 0.00004048
           MAE : 0.00423108
           RMSE: 0.00636276
           R²  : 0.88604014

    --- Executing dataset FloodModeling2 --- 

        -> Running model MiniRocket  

           ===== Results =====
           MSE : 0.00004750
           MAE : 0.00262748
           RMSE: 0.00689212
           R²  : 0.86134115

    --- Executing dataset FloodModeling3 --- 

        -> Running model MiniRocket  

           ===== Results =====
           MSE : 0.00003520
           MAE : 0.00362984
           RMSE: 0.00593293
           R²  : 0.93148114

    --- Executing dataset IEEEPPG --- 

        -> Running model MiniRocket  

           ===== Results =====
           MSE : 1524.47543511
           MAE : 32.28724909
           RMSE: 39.04453144
           R²  : -0.57779623

    --- Executing dataset HouseholdPowerConsumption2_nmv --- 

        -> Running model MiniRocket  

           ===== Results =====
           MSE : 930.52687782
           MAE : 23.47632348
           RMSE: 30.50453864
           R²  : 0.66900629

    --- Executing dataset HouseholdPowerConsumption1_nmv --- 

        -> Running model MiniRocket  

           ===== Results =====
           MSE : 15672.97303635
           MAE : 74.21618660
           RMSE: 125.19174508
           R²  : 0.94122681

    --- Executing dataset AppliancesEnergy --- 

        -> Running model MiniRocket  

           ===== Results =====
           MSE : 5.91266487
           MAE : 1.97215400
           RMSE: 2.43159718
           R²  : 0.49987076

    --- Executing dataset BenzeneConcentration_nmv --- 

        -> Running model MiniRocket  

           ===== Results =====
           MSE : 109.37452440
           MAE : 8.39239577
           RMSE: 10.45822759
           R²  : -0.70271607

    --- Executing dataset LiveFuelMoistureContent --- 

        -> Running model MiniRocket  

           ===== Results =====
           MSE : 2106.31965809
           MAE : 34.42865808
           RMSE: 45.89465827
           R²  : -0.24521982

    --- Executing dataset BIDMC32RR --- 

        -> Running model MiniRocket  

           ===== Results =====
           MSE : 38.44864475
           MAE : 4.19839322
           RMSE: 6.20069712
           R²  : -2.17220582

    --- Executing dataset BIDMC32SpO2 --- 

        -> Running model MiniRocket  

           ===== Results =====
           MSE : 36.02312851
           MAE : 4.48553153
           RMSE: 6.00192707
           R²  : -0.63916093

    --- Executing dataset BIDMC32HR --- 

        -> Running model MiniRocket  

           ===== Results =====
           MSE : 114.16963280
           MAE : 7.09014118
           RMSE: 10.68501908
           R²  : 0.42254706

    --- Executing dataset AcousticContaminationMadrid_nmv --- 

        -> Running model MiniRocket  

           ===== Results =====
           MSE : 17.45713853
           MAE : 2.93184197
           RMSE: 4.17817407
           R²  : 0.57102740

    --- Executing dataset AluminiumConcentration --- 

        -> Running model MiniRocket  

           ===== Results =====
           MSE : 45176.15196380
           MAE : 146.51932086
           RMSE: 212.54682299
           R²  : 0.79802426

    --- Executing dataset BarCrawl6min --- 

        -> Running model MiniRocket  

           ===== Results =====
           MSE : 0.00160209
           MAE : 0.03240226
           RMSE: 0.04002609
           R²  : 0.48172172

    --- Executing dataset BeijingIntAirportPM25Quality --- 

        -> Running model MiniRocket  

           ===== Results =====
           MSE : 2823.62977765
           MAE : 40.68374590
           RMSE: 53.13783753
           R²  : 0.50086302

    --- Executing dataset BinanceCoinSentiment --- 

        -> Running model MiniRocket  

           ===== Results =====
           MSE : 0.13988999
           MAE : 0.30104519
           RMSE: 0.37401871
           R²  : -0.06995138

    --- Executing dataset BitcoinSentiment --- 

        -> Running model MiniRocket  

           ===== Results =====
           MSE : 0.05028588
           MAE : 0.16298312
           RMSE: 0.22424514
           R²  : 0.32192500

    --- Executing dataset BoronConcentration --- 

        -> Running model MiniRocket  

           ===== Results =====
           MSE : 0.90610369
           MAE : 0.56478551
           RMSE: 0.95189479
           R²  : -0.08187149

    --- Executing dataset CalciumConcentration --- 

        -> Running model MiniRocket  

           ===== Results =====
           MSE : 4741027.42597738
           MAE : 1350.45191029
           RMSE: 2177.39004911
           R²  : 0.61378698

    --- Executing dataset CardanoSentiment --- 

        -> Running model MiniRocket  

           ===== Results =====
           MSE : 0.10342832
           MAE : 0.22839952
           RMSE: 0.32160274
           R²  : -0.39473955

    --- Executing dataset ChilledWaterPredictor --- 

        -> Running model MiniRocket  

           ===== Results =====
           MSE : 2438030.41134443
           MAE : 1208.48529201
           RMSE: 1561.41935794
           R²  : -8.42485781

    --- Executing dataset CopperConcentration --- 

        -> Running model MiniRocket  

           ===== Results =====
           MSE : 2.92103907
           MAE : 0.84339482
           RMSE: 1.70910476
           R²  : 0.39942579

    --- Executing dataset Covid19Andalusia --- 

        -> Running model MiniRocket  

           ===== Results =====
           MSE : 0.00020690
           MAE : 0.00933484
           RMSE: 0.01438397
           R²  : 0.78193108

    --- Executing dataset DailyOilGasPrices --- 

        -> Running model MiniRocket  

           ===== Results =====
           MSE : 1.85938321
           MAE : 1.00628643
           RMSE: 1.36359203
           R²  : 0.42554889

    --- Executing dataset DhakaHourlyAirQuality --- 

        -> Running model MiniRocket  

           ===== Results =====
           MSE : 17.02285919
           MAE : 2.94964338
           RMSE: 4.12587678
           R²  : 0.99583753

    --- Executing dataset ElectricityPredictor --- 

        -> Running model MiniRocket  

           ===== Results =====
           MSE : 300679.70247004
           MAE : 287.50491151
           RMSE: 548.34268708
           R²  : -0.13850207

    --- Executing dataset EthereumSentiment --- 

        -> Running model MiniRocket  

           ===== Results =====
           MSE : 0.05735819
           MAE : 0.18412608
           RMSE: 0.23949569
           R²  : 0.20301280

    --- Executing dataset GasSensorArrayAcetone --- 

        -> Running model MiniRocket  

           ===== Results =====
           MSE : 0.03625328
           MAE : 0.12407191
           RMSE: 0.19040294
           R²  : 0.59381473

    --- Executing dataset GasSensorArrayEthanol --- 

        -> Running model MiniRocket  

           ===== Results =====
           MSE : 11.28675096
           MAE : 0.43088541
           RMSE: 3.35957601
           R²  : -98.84848924

    --- Executing dataset HotwaterPredictor --- 

        -> Running model MiniRocket  

           ===== Results =====
           MSE : 1346305.71325889
           MAE : 742.11456000
           RMSE: 1160.30414688
           R²  : 0.22675294

    --- Executing dataset IronConcentration --- 

        -> Running model MiniRocket  

           ===== Results =====
           MSE : 3367.11511424
           MAE : 39.87791184
           RMSE: 58.02684822
           R²  : 0.51130939

    --- Executing dataset LPGasMonitoringHomeActivity --- 

        -> Running model MiniRocket  

           ===== Results =====
           MSE : 1.63824691
           MAE : 0.93249539
           RMSE: 1.27994020
           R²  : 0.04937433

    --- Executing dataset MadridPM10Quality_nmv --- 

        -> Running model MiniRocket  

           ===== Results =====
           MSE : 58.63332683
           MAE : 5.82164758
           RMSE: 7.65724016
           R²  : 0.65711686

    --- Executing dataset MagnesiumConcentration --- 

        -> Running model MiniRocket  

           ===== Results =====
           MSE : 11505.99273390
           MAE : 74.23386549
           RMSE: 107.26599057
           R²  : 0.94164156

    --- Executing dataset ManganeseConcentration --- 

        -> Running model MiniRocket  

           ===== Results =====
           MSE : 5680.43881020
           MAE : 52.53920055
           RMSE: 75.36868587
           R²  : 0.49529502

    --- Executing dataset MethaneMonitoringHomeActivity --- 

        -> Running model MiniRocket  

           ===== Results =====
           MSE : 0.28426349
           MAE : 0.35020380
           RMSE: 0.53316366
           R²  : 0.14539056

    --- Executing dataset MetroInterstateTrafficVolume --- 

        -> Running model MiniRocket  

           ===== Results =====
           MSE : 330657.97359461
           MAE : 467.65349024
           RMSE: 575.02867198
           R²  : -0.14120532

    --- Executing dataset NaturalGasPricesSentiment --- 

        -> Running model MiniRocket  

           ===== Results =====
           MSE : 0.00294453
           MAE : 0.04182044
           RMSE: 0.05426351
           R²  : 0.63785002

    --- Executing dataset OccupancyDetectionLight --- 

        -> Running model MiniRocket  

           ===== Results =====
           MSE : 5986.91789032
           MAE : 54.85096594
           RMSE: 77.37517619
           R²  : 0.85081329

    --- Executing dataset ParkingBirmingham_eq --- 

        -> Running model MiniRocket  

           ===== Results =====
           MSE : 0.01945475
           MAE : 0.10526527
           RMSE: 0.13948029
           R²  : 0.64347376

    --- Executing dataset PhosphorusConcentration --- 

        -> Running model MiniRocket  

           ===== Results =====
           MSE : 207.85893728
           MAE : 8.70449354
           RMSE: 14.41731380
           R²  : 0.69126770

    --- Executing dataset PotassiumConcentration --- 

        -> Running model MiniRocket  

           ===== Results =====
           MSE : 24575.13489931
           MAE : 83.91681532
           RMSE: 156.76458433
           R²  : 0.59650297

    --- Executing dataset PrecipitationAndalusia_nmv --- 

        -> Running model MiniRocket  

           ===== Results =====
           MSE : 0.16432985
           MAE : 0.25201343
           RMSE: 0.40537618
           R²  : 0.62658870

    --- Executing dataset SierraNevadaMountainsSnow --- 

        -> Running model MiniRocket  

           ===== Results =====
           MSE : 1279.35726095
           MAE : 25.39250027
           RMSE: 35.76810396
           R²  : 0.84323813

    --- Executing dataset SodiumConcentration --- 

        -> Running model MiniRocket  

           ===== Results =====
           MSE : 52939.25201817
           MAE : 147.36441787
           RMSE: 230.08531465
           R²  : -24.99861396

    --- Executing dataset SolarRadiationAndalusia_nmv --- 

        -> Running model MiniRocket  

           ===== Results =====
           MSE : 0.41004435
           MAE : 0.48624566
           RMSE: 0.64034705
           R²  : 0.32735175

    --- Executing dataset SteamPredictor --- 

        -> Running model MiniRocket  

           ===== Results =====
           MSE : 946554857.88582611
           MAE : 17869.69660142
           RMSE: 30766.13166919
           R²  : 0.04895288

    --- Executing dataset SulphurConcentration --- 

        -> Running model MiniRocket  

           ===== Results =====
           MSE : 102580.38248800
           MAE : 69.29888711
           RMSE: 320.28172362
           R²  : -0.09297915

    --- Executing dataset WaveDataTension --- 

        -> Running model MiniRocket  

           ===== Results =====
           MSE : 255.58592925
           MAE : 13.09462836
           RMSE: 15.98705505
           R²  : 0.26663826

    --- Executing dataset WindTurbinePower --- 

        -> Running model MiniRocket  

           ===== Results =====
           MSE : 8438.44391265
           MAE : 67.93558633
           RMSE: 91.86100322
           R²  : 0.98974634

    --- Executing dataset ZincConcentration --- 

        -> Running model MiniRocket  

           ===== Results =====
           MSE : 3.91074546
           MAE : 0.87056698
           RMSE: 1.97756048
           R²  : 0.11296779

    --- Executing dataset ElectricMotorTemperature --- 

        -> Running model MiniRocket  

           ===== Results =====
           MSE : 49.32627288
           MAE : 5.20982489
           RMSE: 7.02326654
           R²  : 0.86568024

    --- Executing dataset DailyTemperatureLatitude --- 

        -> Running model MiniRocket  

           ===== Results =====
           MSE : 9.32322112
           MAE : 2.23497348
           RMSE: 3.05339501
           R²  : 0.97907554

    --- Executing dataset BeijingPM10Quality_nmv --- 

        -> Running model MiniRocket  

           ===== Results =====
           MSE : 9817.64734593
           MAE : 61.82543068
           RMSE: 99.08404183
           R²  : 0.46273853

    --- Executing dataset BeijingPM25Quality_nmv --- 

        -> Running model MiniRocket  

           ===== Results =====
           MSE : 4619.85195750
           MAE : 42.45355935
           RMSE: 67.96949284
           R²  : 0.63569508

 === Started run 2 === 

    --- Executing dataset Covid3Month --- 

        -> Running model MiniRocket  

           ===== Results =====
           MSE : 0.00120331
           MAE : 0.02767792
           RMSE: 0.03468870
           R²  : 0.24356470

    --- Executing dataset FloodModeling1 --- 

        -> Running model MiniRocket  

           ===== Results =====
           MSE : 0.00019155
           MAE : 0.00519619
           RMSE: 0.01384020
           R²  : 0.68649876

    --- Executing dataset FloodModeling2 --- 

        -> Running model MiniRocket  

           ===== Results =====
           MSE : 0.00002380
           MAE : 0.00255189
           RMSE: 0.00487830
           R²  : 0.89851125

    --- Executing dataset FloodModeling3 --- 

        -> Running model MiniRocket  

           ===== Results =====
           MSE : 0.00004971
           MAE : 0.00372561
           RMSE: 0.00705060
           R²  : 0.88768859

    --- Executing dataset IEEEPPG --- 

        -> Running model MiniRocket  

           ===== Results =====
           MSE : 39.77156140
           MAE : 4.71250599
           RMSE: 6.30646980
           R²  : 0.95338922

    --- Executing dataset HouseholdPowerConsumption2_nmv --- 

        -> Running model MiniRocket  

           ===== Results =====
           MSE : 769.55505653
           MAE : 20.40952811
           RMSE: 27.74085537
           R²  : 0.67763787

    --- Executing dataset HouseholdPowerConsumption1_nmv --- 

        -> Running model MiniRocket  

           ===== Results =====
           MSE : 14318.28093319
           MAE : 79.12800040
           RMSE: 119.65901944
           R²  : 0.96164540

    --- Executing dataset AppliancesEnergy --- 

        -> Running model MiniRocket  

           ===== Results =====
           MSE : 7.42302901
           MAE : 2.21533010
           RMSE: 2.72452363
           R²  : 0.64558798

    --- Executing dataset BenzeneConcentration_nmv --- 

        -> Running model MiniRocket  

           ===== Results =====
           MSE : 2.52092858
           MAE : 1.09371778
           RMSE: 1.58774323
           R²  : 0.95457788

    --- Executing dataset LiveFuelMoistureContent --- 

        -> Running model MiniRocket  

           ===== Results =====
           MSE : 1758.49284751
           MAE : 31.85298602
           RMSE: 41.93438741
           R²  : -0.03460547

    --- Executing dataset BIDMC32RR --- 

        -> Running model MiniRocket  

           ===== Results =====
           MSE : 0.13963555
           MAE : 0.27341260
           RMSE: 0.37367840
           R²  : 0.98503764

    --- Executing dataset BIDMC32SpO2 --- 

        -> Running model MiniRocket  

           ===== Results =====
           MSE : 0.01606156
           MAE : 0.09581737
           RMSE: 0.12673422
           R²  : 0.99846676

    --- Executing dataset BIDMC32HR --- 

        -> Running model MiniRocket  

           ===== Results =====
           MSE : 0.17410394
           MAE : 0.30189806
           RMSE: 0.41725765
           R²  : 0.99893629

    --- Executing dataset AcousticContaminationMadrid_nmv --- 

        -> Running model MiniRocket  

           ===== Results =====
           MSE : 16.54603483
           MAE : 2.67330643
           RMSE: 4.06768175
           R²  : 0.57963181

    --- Executing dataset AluminiumConcentration --- 

        -> Running model MiniRocket  

           ===== Results =====
           MSE : 57623.74281361
           MAE : 159.90462715
           RMSE: 240.04945910
           R²  : 0.75066303

    --- Executing dataset BarCrawl6min --- 

        -> Running model MiniRocket  

           ===== Results =====
           MSE : 0.00223249
           MAE : 0.03446752
           RMSE: 0.04724920
           R²  : 0.24590229

    --- Executing dataset BeijingIntAirportPM25Quality --- 

        -> Running model MiniRocket  

           ===== Results =====
           MSE : 3168.41165294
           MAE : 41.23895772
           RMSE: 56.28864586
           R²  : 0.37633492

    --- Executing dataset BinanceCoinSentiment --- 

        -> Running model MiniRocket  

           ===== Results =====
           MSE : 0.15801083
           MAE : 0.32092347
           RMSE: 0.39750576
           R²  : -0.45635020

    --- Executing dataset BitcoinSentiment --- 

        -> Running model MiniRocket  

           ===== Results =====
           MSE : 0.03114292
           MAE : 0.13613370
           RMSE: 0.17647357
           R²  : 0.40659077

    --- Executing dataset BoronConcentration --- 

        -> Running model MiniRocket  

           ===== Results =====
           MSE : 15.73060820
           MAE : 0.62178427
           RMSE: 3.96618308
           R²  : 0.11711403

    --- Executing dataset CalciumConcentration --- 

        -> Running model MiniRocket  

           ===== Results =====
           MSE : 4777700.81639711
           MAE : 1401.32012052
           RMSE: 2185.79523661
           R²  : 0.44082297

    --- Executing dataset CardanoSentiment --- 

        -> Running model MiniRocket  

           ===== Results =====
           MSE : 0.09643050
           MAE : 0.22438844
           RMSE: 0.31053261
           R²  : -0.48826583

    --- Executing dataset ChilledWaterPredictor --- 

        -> Running model MiniRocket  

           ===== Results =====
           MSE : 4980423.57707431
           MAE : 1304.97161734
           RMSE: 2231.68626314
           R²  : -0.46946232

    --- Executing dataset CopperConcentration --- 

        -> Running model MiniRocket  

           ===== Results =====
           MSE : 3.71335894
           MAE : 0.95897126
           RMSE: 1.92700777
           R²  : 0.32024187

    --- Executing dataset Covid19Andalusia --- 

        -> Running model MiniRocket  

           ===== Results =====
           MSE : 0.00022098
           MAE : 0.00982009
           RMSE: 0.01486523
           R²  : 0.38068273

    --- Executing dataset DailyOilGasPrices --- 

        -> Running model MiniRocket  

           ===== Results =====
           MSE : 3.01669276
           MAE : 1.25105412
           RMSE: 1.73686291
           R²  : 0.52479667

    --- Executing dataset DhakaHourlyAirQuality --- 

        -> Running model MiniRocket  

           ===== Results =====
           MSE : 26.46742544
           MAE : 3.23354444
           RMSE: 5.14465018
           R²  : 0.99340250

    --- Executing dataset ElectricityPredictor --- 

        -> Running model MiniRocket  

           ===== Results =====
           MSE : 252453.38799519
           MAE : 259.80727134
           RMSE: 502.44739824
           R²  : -0.25395452

    --- Executing dataset EthereumSentiment --- 

        -> Running model MiniRocket  

           ===== Results =====
           MSE : 0.07891222
           MAE : 0.21984129
           RMSE: 0.28091319
           R²  : -0.00489996

    --- Executing dataset GasSensorArrayAcetone --- 

        -> Running model MiniRocket  

           ===== Results =====
           MSE : 0.03236006
           MAE : 0.11232510
           RMSE: 0.17988901
           R²  : 0.68033167

    --- Executing dataset GasSensorArrayEthanol --- 

        -> Running model MiniRocket  

           ===== Results =====
           MSE : 0.04898166
           MAE : 0.11119410
           RMSE: 0.22131801
           R²  : 0.45246605

    --- Executing dataset HotwaterPredictor --- 

        -> Running model MiniRocket  

           ===== Results =====
           MSE : 1078574.44819025
           MAE : 713.80926928
           RMSE: 1038.54438913
           R²  : 0.38961140

    --- Executing dataset IronConcentration --- 

        -> Running model MiniRocket  

           ===== Results =====
           MSE : 2971.39280961
           MAE : 37.46773077
           RMSE: 54.51048348
           R²  : 0.47149272

    --- Executing dataset LPGasMonitoringHomeActivity --- 

        -> Running model MiniRocket  

           ===== Results =====
           MSE : 1.54075813
           MAE : 0.90988690
           RMSE: 1.24127278
           R²  : 0.09078604

    --- Executing dataset MadridPM10Quality_nmv --- 

        -> Running model MiniRocket  

           ===== Results =====
           MSE : 59.71871836
           MAE : 5.92251859
           RMSE: 7.72778871
           R²  : 0.63273793

    --- Executing dataset MagnesiumConcentration --- 

        -> Running model MiniRocket  

           ===== Results =====
           MSE : 26708.01929698
           MAE : 80.36156562
           RMSE: 163.42588319
           R²  : 0.88032118

    --- Executing dataset ManganeseConcentration --- 

        -> Running model MiniRocket  

           ===== Results =====
           MSE : 5243.31403180
           MAE : 54.67258619
           RMSE: 72.41073147
           R²  : 0.53093911

    --- Executing dataset MethaneMonitoringHomeActivity --- 

        -> Running model MiniRocket  

           ===== Results =====
           MSE : 0.27397474
           MAE : 0.35405573
           RMSE: 0.52342596
           R²  : 0.20390251

    --- Executing dataset MetroInterstateTrafficVolume --- 

        -> Running model MiniRocket  

           ===== Results =====
           MSE : 363673.39132909
           MAE : 477.87851181
           RMSE: 603.05339011
           R²  : -0.20576323

    --- Executing dataset NaturalGasPricesSentiment --- 

        -> Running model MiniRocket  

           ===== Results =====
           MSE : 0.00239789
           MAE : 0.03561535
           RMSE: 0.04896821
           R²  : 0.72642762

    --- Executing dataset OccupancyDetectionLight --- 

        -> Running model MiniRocket  

           ===== Results =====
           MSE : 7132.11928179
           MAE : 54.99754928
           RMSE: 84.45187554
           R²  : 0.85288311

    --- Executing dataset ParkingBirmingham_eq --- 

        -> Running model MiniRocket  

           ===== Results =====
           MSE : 0.01900031
           MAE : 0.10239031
           RMSE: 0.13784160
           R²  : 0.60714261

    --- Executing dataset PhosphorusConcentration --- 

        -> Running model MiniRocket  

           ===== Results =====
           MSE : 391.31649107
           MAE : 9.83994732
           RMSE: 19.78172114
           R²  : 0.59543119

    --- Executing dataset PotassiumConcentration --- 

        -> Running model MiniRocket  

           ===== Results =====
           MSE : 80444.93371401
           MAE : 93.84247846
           RMSE: 283.62816100
           R²  : 0.48098123

    --- Executing dataset PrecipitationAndalusia_nmv --- 

        -> Running model MiniRocket  

           ===== Results =====
           MSE : 0.16796354
           MAE : 0.27190131
           RMSE: 0.40983355
           R²  : 0.57354108

    --- Executing dataset SierraNevadaMountainsSnow --- 

        -> Running model MiniRocket  

           ===== Results =====
           MSE : 2987.79617230
           MAE : 32.50500544
           RMSE: 54.66073703
           R²  : 0.72177457

    --- Executing dataset SodiumConcentration --- 

        -> Running model MiniRocket  

           ===== Results =====
           MSE : 127897.05724297
           MAE : 206.04081923
           RMSE: 357.62698059
           R²  : -33.45746338

    --- Executing dataset SolarRadiationAndalusia_nmv --- 

        -> Running model MiniRocket  

           ===== Results =====
           MSE : 0.34210851
           MAE : 0.45915691
           RMSE: 0.58490043
           R²  : 0.39697579

    --- Executing dataset SteamPredictor --- 

        -> Running model MiniRocket  

           ===== Results =====
           MSE : 950917159.65380430
           MAE : 19553.27259776
           RMSE: 30836.94471983
           R²  : -0.24524962

    --- Executing dataset SulphurConcentration --- 

        -> Running model MiniRocket  

           ===== Results =====
           MSE : 1963735.20720843
           MAE : 177.61531427
           RMSE: 1401.33336762
           R²  : -18.40096755

    --- Executing dataset WaveDataTension --- 

        -> Running model MiniRocket  

           ===== Results =====
           MSE : 249.63280981
           MAE : 12.49914798
           RMSE: 15.79977246
           R²  : 0.26334071

    --- Executing dataset WindTurbinePower --- 

        -> Running model MiniRocket  

           ===== Results =====
           MSE : 9740.06313764
           MAE : 67.39623827
           RMSE: 98.69175821
           R²  : 0.98730608

    --- Executing dataset ZincConcentration --- 

        -> Running model MiniRocket  

           ===== Results =====
           MSE : 2.05080710
           MAE : 0.76331662
           RMSE: 1.43206393
           R²  : 0.03400036

    --- Executing dataset ElectricMotorTemperature --- 

        -> Running model MiniRocket  

           ===== Results =====
           MSE : 47.85537277
           MAE : 5.13728394
           RMSE: 6.91775779
           R²  : 0.86710115

    --- Executing dataset DailyTemperatureLatitude --- 

        -> Running model MiniRocket  

           ===== Results =====
           MSE : 9.14777020
           MAE : 2.20548600
           RMSE: 3.02452809
           R²  : 0.97969823

    --- Executing dataset BeijingPM10Quality_nmv --- 

        -> Running model MiniRocket  

           ===== Results =====
           MSE : 7588.50241609
           MAE : 57.62902929
           RMSE: 87.11201075
           R²  : 0.52508469

    --- Executing dataset BeijingPM25Quality_nmv --- 

        -> Running model MiniRocket  

           ===== Results =====
           MSE : 3133.26945086
           MAE : 38.68037094
           RMSE: 55.97561479
           R²  : 0.71168873

 === Started run 3 === 

    --- Executing dataset Covid3Month --- 

        -> Running model MiniRocket  

           ===== Results =====
           MSE : 0.00291499
           MAE : 0.03051850
           RMSE: 0.05399064
           R²  : -2.07567555

    --- Executing dataset FloodModeling1 --- 

        -> Running model MiniRocket  

           ===== Results =====
           MSE : 0.00003866
           MAE : 0.00426696
           RMSE: 0.00621768
           R²  : 0.89808405

    --- Executing dataset FloodModeling2 --- 

        -> Running model MiniRocket  

           ===== Results =====
           MSE : 0.00004852
           MAE : 0.00267778
           RMSE: 0.00696551
           R²  : 0.78262407

    --- Executing dataset FloodModeling3 --- 

        -> Running model MiniRocket  

           ===== Results =====
           MSE : 0.00007062
           MAE : 0.00388704
           RMSE: 0.00840382
           R²  : 0.80366635

    --- Executing dataset IEEEPPG --- 

        -> Running model MiniRocket  

           ===== Results =====
           MSE : 36.49432474
           MAE : 4.57617431
           RMSE: 6.04105328
           R²  : 0.95675473

    --- Executing dataset HouseholdPowerConsumption2_nmv --- 

        -> Running model MiniRocket  

           ===== Results =====
           MSE : 719.07302663
           MAE : 20.41922808
           RMSE: 26.81553704
           R²  : 0.71753798

    --- Executing dataset HouseholdPowerConsumption1_nmv --- 

        -> Running model MiniRocket  

           ===== Results =====
           MSE : 15394.55863088
           MAE : 74.19230573
           RMSE: 124.07481062
           R²  : 0.95744925

    --- Executing dataset AppliancesEnergy --- 

        -> Running model MiniRocket  

           ===== Results =====
           MSE : 4.16594825
           MAE : 1.71910049
           RMSE: 2.04106547
           R²  : 0.58308689

    --- Executing dataset BenzeneConcentration_nmv --- 

        -> Running model MiniRocket  

           ===== Results =====
           MSE : 2.19428650
           MAE : 1.07462104
           RMSE: 1.48131242
           R²  : 0.96107137

    --- Executing dataset LiveFuelMoistureContent --- 

        -> Running model MiniRocket  

           ===== Results =====
           MSE : 1907.22508805
           MAE : 33.41378043
           RMSE: 43.67178824
           R²  : -0.07985225

    --- Executing dataset BIDMC32RR --- 

        -> Running model MiniRocket  

           ===== Results =====
           MSE : 0.14632999
           MAE : 0.27793367
           RMSE: 0.38253103
           R²  : 0.98406171

    --- Executing dataset BIDMC32SpO2 --- 

        -> Running model MiniRocket  

           ===== Results =====
           MSE : 0.01467690
           MAE : 0.09168051
           RMSE: 0.12114828
           R²  : 0.99868627

    --- Executing dataset BIDMC32HR --- 

        -> Running model MiniRocket  

           ===== Results =====
           MSE : 0.17233128
           MAE : 0.29648431
           RMSE: 0.41512803
           R²  : 0.99900691

    --- Executing dataset AcousticContaminationMadrid_nmv --- 

        -> Running model MiniRocket  

           ===== Results =====
           MSE : 13.23435249
           MAE : 2.75378854
           RMSE: 3.63790496
           R²  : 0.67823309

    --- Executing dataset AluminiumConcentration --- 

        -> Running model MiniRocket  

           ===== Results =====
           MSE : 54132.65948022
           MAE : 154.68558389
           RMSE: 232.66426344
           R²  : 0.72409402

    --- Executing dataset BarCrawl6min --- 

        -> Running model MiniRocket  

           ===== Results =====
           MSE : 0.00136367
           MAE : 0.02829815
           RMSE: 0.03692791
           R²  : 0.48786077

    --- Executing dataset BeijingIntAirportPM25Quality --- 

        -> Running model MiniRocket  

           ===== Results =====
           MSE : 2539.17601589
           MAE : 38.79619576
           RMSE: 50.39023731
           R²  : 0.49090331

    --- Executing dataset BinanceCoinSentiment --- 

        -> Running model MiniRocket  

           ===== Results =====
           MSE : 0.16629242
           MAE : 0.31507621
           RMSE: 0.40778968
           R²  : -0.41281719

    --- Executing dataset BitcoinSentiment --- 

        -> Running model MiniRocket  

           ===== Results =====
           MSE : 0.03053049
           MAE : 0.13029578
           RMSE: 0.17472976
           R²  : 0.41404144

    --- Executing dataset BoronConcentration --- 

        -> Running model MiniRocket  

           ===== Results =====
           MSE : 1.45270654
           MAE : 0.64824156
           RMSE: 1.20528276
           R²  : -0.95549989

    --- Executing dataset CalciumConcentration --- 

        -> Running model MiniRocket  

           ===== Results =====
           MSE : 9431158.47764055
           MAE : 1442.79556891
           RMSE: 3071.01912688
           R²  : 0.55453798

    --- Executing dataset CardanoSentiment --- 

        -> Running model MiniRocket  

           ===== Results =====
           MSE : 0.10702683
           MAE : 0.26051528
           RMSE: 0.32714955
           R²  : -0.16883181

    --- Executing dataset ChilledWaterPredictor --- 

        -> Running model MiniRocket  

           ===== Results =====
           MSE : 4607676.59106890
           MAE : 1247.97507281
           RMSE: 2146.54992746
           R²  : -0.32483871

    --- Executing dataset CopperConcentration --- 

        -> Running model MiniRocket  

           ===== Results =====
           MSE : 4.39901457
           MAE : 0.96026288
           RMSE: 2.09738279
           R²  : 0.14992847

    --- Executing dataset Covid19Andalusia --- 

        -> Running model MiniRocket  

           ===== Results =====
           MSE : 0.00007644
           MAE : 0.00668007
           RMSE: 0.00874327
           R²  : 0.93494370

    --- Executing dataset DailyOilGasPrices --- 

        -> Running model MiniRocket  

           ===== Results =====
           MSE : 2.23494848
           MAE : 1.11368046
           RMSE: 1.49497441
           R²  : 0.41345972

    --- Executing dataset DhakaHourlyAirQuality --- 

        -> Running model MiniRocket  

           ===== Results =====
           MSE : 23.77872146
           MAE : 3.15249283
           RMSE: 4.87634304
           R²  : 0.99400703

    --- Executing dataset ElectricityPredictor --- 

        -> Running model MiniRocket  

           ===== Results =====
           MSE : 352111.44521333
           MAE : 321.78462010
           RMSE: 593.38979197
           R²  : -0.20289800

    --- Executing dataset EthereumSentiment --- 

        -> Running model MiniRocket  

           ===== Results =====
           MSE : 0.06890978
           MAE : 0.20343491
           RMSE: 0.26250673
           R²  : 0.16070821

    --- Executing dataset GasSensorArrayAcetone --- 

        -> Running model MiniRocket  

           ===== Results =====
           MSE : 0.02776814
           MAE : 0.11544690
           RMSE: 0.16663774
           R²  : 0.70958171

    --- Executing dataset GasSensorArrayEthanol --- 

        -> Running model MiniRocket  

           ===== Results =====
           MSE : 0.02111437
           MAE : 0.10058225
           RMSE: 0.14530785
           R²  : 0.78656844

    --- Executing dataset HotwaterPredictor --- 

        -> Running model MiniRocket  

           ===== Results =====
           MSE : 1271859.63661854
           MAE : 755.64866216
           RMSE: 1127.76754547
           R²  : 0.41808043

    --- Executing dataset IronConcentration --- 

        -> Running model MiniRocket  

           ===== Results =====
           MSE : 3232.86692245
           MAE : 39.58492992
           RMSE: 56.85830566
           R²  : 0.46862653

    --- Executing dataset LPGasMonitoringHomeActivity --- 

        -> Running model MiniRocket  

           ===== Results =====
           MSE : 1.61577535
           MAE : 0.91549551
           RMSE: 1.27113152
           R²  : 0.05119747

    --- Executing dataset MadridPM10Quality_nmv --- 

        -> Running model MiniRocket  

           ===== Results =====
           MSE : 57.88725495
           MAE : 5.78534214
           RMSE: 7.60836743
           R²  : 0.66735878

    --- Executing dataset MagnesiumConcentration --- 

        -> Running model MiniRocket  

           ===== Results =====
           MSE : 13687.74257257
           MAE : 75.63704780
           RMSE: 116.99462626
           R²  : 0.93746597

    --- Executing dataset ManganeseConcentration --- 

        -> Running model MiniRocket  

           ===== Results =====
           MSE : 6482.64857012
           MAE : 55.35042822
           RMSE: 80.51489657
           R²  : 0.48108817

    --- Executing dataset MethaneMonitoringHomeActivity --- 

        -> Running model MiniRocket  

           ===== Results =====
           MSE : 0.29275531
           MAE : 0.34992642
           RMSE: 0.54106867
           R²  : 0.19369281

    --- Executing dataset MetroInterstateTrafficVolume --- 

        -> Running model MiniRocket  

           ===== Results =====
           MSE : 348282.09390837
           MAE : 491.33125517
           RMSE: 590.15429670
           R²  : -0.28302436

    --- Executing dataset NaturalGasPricesSentiment --- 

        -> Running model MiniRocket  

           ===== Results =====
           MSE : 0.00456582
           MAE : 0.05678218
           RMSE: 0.06757085
           R²  : 0.14462025

    --- Executing dataset OccupancyDetectionLight --- 

        -> Running model MiniRocket  

           ===== Results =====
           MSE : 7151.75252950
           MAE : 60.43286732
           RMSE: 84.56803492
           R²  : 0.84558113

    --- Executing dataset ParkingBirmingham_eq --- 

        -> Running model MiniRocket  

           ===== Results =====
           MSE : 0.01902828
           MAE : 0.10679649
           RMSE: 0.13794303
           R²  : 0.63842629

    --- Executing dataset PhosphorusConcentration --- 

        -> Running model MiniRocket  

           ===== Results =====
           MSE : 327.34934502
           MAE : 9.66586131
           RMSE: 18.09279815
           R²  : 0.48617356

    --- Executing dataset PotassiumConcentration --- 

        -> Running model MiniRocket  

           ===== Results =====
           MSE : 17926.37402334
           MAE : 81.58462361
           RMSE: 133.88940968
           R²  : 0.77924345

    --- Executing dataset PrecipitationAndalusia_nmv --- 

        -> Running model MiniRocket  

           ===== Results =====
           MSE : 0.12803208
           MAE : 0.23943698
           RMSE: 0.35781571
           R²  : 0.64946524

    --- Executing dataset SierraNevadaMountainsSnow --- 

        -> Running model MiniRocket  

           ===== Results =====
           MSE : 1550.63621273
           MAE : 25.25017984
           RMSE: 39.37811845
           R²  : 0.84088830

    --- Executing dataset SodiumConcentration --- 

        -> Running model MiniRocket  

           ===== Results =====
           MSE : 260868.40396481
           MAE : 199.44500900
           RMSE: 510.75278165
           R²  : -0.54477614

    --- Executing dataset SolarRadiationAndalusia_nmv --- 

        -> Running model MiniRocket  

           ===== Results =====
           MSE : 0.48052803
           MAE : 0.52472326
           RMSE: 0.69320129
           R²  : 0.28493367

    --- Executing dataset SteamPredictor --- 

        -> Running model MiniRocket  

           ===== Results =====
           MSE : 932042893.90027571
           MAE : 20744.03840459
           RMSE: 30529.37755507
           R²  : 0.00173070

    --- Executing dataset SulphurConcentration --- 

        -> Running model MiniRocket  

           ===== Results =====
           MSE : 61451.42399734
           MAE : 77.79496870
           RMSE: 247.89397733
           R²  : -0.09038350

    --- Executing dataset WaveDataTension --- 

        -> Running model MiniRocket  

           ===== Results =====
           MSE : 241.44175447
           MAE : 12.45263816
           RMSE: 15.53839614
           R²  : 0.24063544

    --- Executing dataset WindTurbinePower --- 

        -> Running model MiniRocket  

           ===== Results =====
           MSE : 8097.03881555
           MAE : 63.70903507
           RMSE: 89.98354747
           R²  : 0.98915809

    --- Executing dataset ZincConcentration --- 

        -> Running model MiniRocket  

           ===== Results =====
           MSE : 3.13662122
           MAE : 0.95106836
           RMSE: 1.77105088
           R²  : 0.13904527

    --- Executing dataset ElectricMotorTemperature --- 

        -> Running model MiniRocket  

           ===== Results =====
           MSE : 47.95555137
           MAE : 5.15962373
           RMSE: 6.92499468
           R²  : 0.86880350

    --- Executing dataset DailyTemperatureLatitude --- 

        -> Running model MiniRocket  

           ===== Results =====
           MSE : 9.57023556
           MAE : 2.25342214
           RMSE: 3.09357973
           R²  : 0.97903041

    --- Executing dataset BeijingPM10Quality_nmv --- 

        -> Running model MiniRocket  

           ===== Results =====
           MSE : 7161.49819296
           MAE : 56.16829655
           RMSE: 84.62563555
           R²  : 0.58025628

    --- Executing dataset BeijingPM25Quality_nmv --- 

        -> Running model MiniRocket  

           ===== Results =====
           MSE : 3103.42237763
           MAE : 36.78303656
           RMSE: 55.70836901
           R²  : 0.74226825

 === Started run 4 === 

    --- Executing dataset Covid3Month --- 

        -> Running model MiniRocket  

           ===== Results =====
           MSE : 0.00228049
           MAE : 0.03142596
           RMSE: 0.04775452
           R²  : -0.67336119

    --- Executing dataset FloodModeling1 --- 

        -> Running model MiniRocket  

           ===== Results =====
           MSE : 0.00022707
           MAE : 0.00547192
           RMSE: 0.01506881
           R²  : 0.64429796

    --- Executing dataset FloodModeling2 --- 

        -> Running model MiniRocket  

           ===== Results =====
           MSE : 0.00000956
           MAE : 0.00189796
           RMSE: 0.00309162
           R²  : 0.94789916

    --- Executing dataset FloodModeling3 --- 

        -> Running model MiniRocket  

           ===== Results =====
           MSE : 0.00005732
           MAE : 0.00422703
           RMSE: 0.00757088
           R²  : 0.85044451

    --- Executing dataset IEEEPPG --- 

        -> Running model MiniRocket  

           ===== Results =====
           MSE : 49.37171240
           MAE : 4.95729237
           RMSE: 7.02650072
           R²  : 0.94388281

    --- Executing dataset HouseholdPowerConsumption2_nmv --- 

        -> Running model MiniRocket  

           ===== Results =====
           MSE : 715.71310195
           MAE : 19.69591007
           RMSE: 26.75281484
           R²  : 0.70264020

    --- Executing dataset HouseholdPowerConsumption1_nmv --- 

        -> Running model MiniRocket  

           ===== Results =====
           MSE : 14792.77406459
           MAE : 73.92302415
           RMSE: 121.62554857
           R²  : 0.95942366

    --- Executing dataset AppliancesEnergy --- 

        -> Running model MiniRocket  

           ===== Results =====
           MSE : 4.33761796
           MAE : 1.76012290
           RMSE: 2.08269488
           R²  : 0.78138020

    --- Executing dataset BenzeneConcentration_nmv --- 

        -> Running model MiniRocket  

           ===== Results =====
           MSE : 2.39837818
           MAE : 1.08517621
           RMSE: 1.54866981
           R²  : 0.95757995

    --- Executing dataset LiveFuelMoistureContent --- 

        -> Running model MiniRocket  

           ===== Results =====
           MSE : 1830.99661688
           MAE : 32.55874277
           RMSE: 42.79014626
           R²  : -0.07358047

    --- Executing dataset BIDMC32RR --- 

        -> Running model MiniRocket  

           ===== Results =====
           MSE : 0.13783476
           MAE : 0.27067544
           RMSE: 0.37126104
           R²  : 0.98530365

    --- Executing dataset BIDMC32SpO2 --- 

        -> Running model MiniRocket  

           ===== Results =====
           MSE : 0.01489665
           MAE : 0.09159878
           RMSE: 0.12205184
           R²  : 0.99857313

    --- Executing dataset BIDMC32HR --- 

        -> Running model MiniRocket  

           ===== Results =====
           MSE : 0.18297497
           MAE : 0.30477361
           RMSE: 0.42775574
           R²  : 0.99895372

    --- Executing dataset AcousticContaminationMadrid_nmv --- 

        -> Running model MiniRocket  

           ===== Results =====
           MSE : 19.06974487
           MAE : 3.44123158
           RMSE: 4.36689190
           R²  : 0.52846183

    --- Executing dataset AluminiumConcentration --- 

        -> Running model MiniRocket  

           ===== Results =====
           MSE : 57584.05916448
           MAE : 165.84966767
           RMSE: 239.96678763
           R²  : 0.72289215

    --- Executing dataset BarCrawl6min --- 

        -> Running model MiniRocket  

           ===== Results =====
           MSE : 0.00187429
           MAE : 0.03337151
           RMSE: 0.04329310
           R²  : 0.45967004

    --- Executing dataset BeijingIntAirportPM25Quality --- 

        -> Running model MiniRocket  

           ===== Results =====
           MSE : 2898.80317441
           MAE : 40.26746492
           RMSE: 53.84053468
           R²  : 0.49663097

    --- Executing dataset BinanceCoinSentiment --- 

        -> Running model MiniRocket  

           ===== Results =====
           MSE : 0.12345676
           MAE : 0.25815615
           RMSE: 0.35136415
           R²  : -0.32664411

    --- Executing dataset BitcoinSentiment --- 

        -> Running model MiniRocket  

           ===== Results =====
           MSE : 0.04794981
           MAE : 0.14505518
           RMSE: 0.21897445
           R²  : 0.30384636

    --- Executing dataset BoronConcentration --- 

        -> Running model MiniRocket  

           ===== Results =====
           MSE : 15.66932424
           MAE : 0.62149096
           RMSE: 3.95844973
           R²  : 0.10161471

    --- Executing dataset CalciumConcentration --- 

        -> Running model MiniRocket  

           ===== Results =====
           MSE : 4202815.35813924
           MAE : 1369.74299048
           RMSE: 2050.07691518
           R²  : 0.49490561

    --- Executing dataset CardanoSentiment --- 

        -> Running model MiniRocket  

           ===== Results =====
           MSE : 0.08742000
           MAE : 0.23642124
           RMSE: 0.29566874
           R²  : -0.26501382

    --- Executing dataset ChilledWaterPredictor --- 

        -> Running model MiniRocket  

           ===== Results =====
           MSE : 2151547.69572105
           MAE : 1111.82048685
           RMSE: 1466.81549478
           R²  : -3.49484525

    --- Executing dataset CopperConcentration --- 

        -> Running model MiniRocket  

           ===== Results =====
           MSE : 3.28546041
           MAE : 0.92799573
           RMSE: 1.81258390
           R²  : 0.40176259

    --- Executing dataset Covid19Andalusia --- 

        -> Running model MiniRocket  

           ===== Results =====
           MSE : 0.00012514
           MAE : 0.00767217
           RMSE: 0.01118682
           R²  : 0.90410822

    --- Executing dataset DailyOilGasPrices --- 

        -> Running model MiniRocket  

           ===== Results =====
           MSE : 3.04382386
           MAE : 1.22819516
           RMSE: 1.74465580
           R²  : 0.48951090

    --- Executing dataset DhakaHourlyAirQuality --- 

        -> Running model MiniRocket  

           ===== Results =====
           MSE : 18.15749094
           MAE : 2.87614924
           RMSE: 4.26116075
           R²  : 0.99552812

    --- Executing dataset ElectricityPredictor --- 

        -> Running model MiniRocket  

           ===== Results =====
           MSE : 261992.90617494
           MAE : 277.41653347
           RMSE: 511.85242617
           R²  : -0.39116585

    --- Executing dataset EthereumSentiment --- 

        -> Running model MiniRocket  

           ===== Results =====
           MSE : 0.04983259
           MAE : 0.17656351
           RMSE: 0.22323215
           R²  : 0.15052153

    --- Executing dataset GasSensorArrayAcetone --- 

        -> Running model MiniRocket  

           ===== Results =====
           MSE : 0.41653260
           MAE : 0.16891501
           RMSE: 0.64539337
           R²  : -3.44153992

    --- Executing dataset GasSensorArrayEthanol --- 

        -> Running model MiniRocket  

           ===== Results =====
           MSE : 0.02144976
           MAE : 0.10642039
           RMSE: 0.14645737
           R²  : 0.83176658

    --- Executing dataset HotwaterPredictor --- 

        -> Running model MiniRocket  

           ===== Results =====
           MSE : 1520128.44502642
           MAE : 789.67959858
           RMSE: 1232.93489083
           R²  : 0.32893334

    --- Executing dataset IronConcentration --- 

        -> Running model MiniRocket  

           ===== Results =====
           MSE : 2414.56677093
           MAE : 37.44852062
           RMSE: 49.13824143
           R²  : 0.53552198

    --- Executing dataset LPGasMonitoringHomeActivity --- 

        -> Running model MiniRocket  

           ===== Results =====
           MSE : 1.66975117
           MAE : 0.95301794
           RMSE: 1.29218852
           R²  : 0.05906185

    --- Executing dataset MadridPM10Quality_nmv --- 

        -> Running model MiniRocket  

           ===== Results =====
           MSE : 65.97028863
           MAE : 6.06675604
           RMSE: 8.12220959
           R²  : 0.61666104

    --- Executing dataset MagnesiumConcentration --- 

        -> Running model MiniRocket  

           ===== Results =====
           MSE : 28700.62116350
           MAE : 80.06718310
           RMSE: 169.41257676
           R²  : 0.86157480

    --- Executing dataset ManganeseConcentration --- 

        -> Running model MiniRocket  

           ===== Results =====
           MSE : 6344.94440846
           MAE : 56.14053220
           RMSE: 79.65515933
           R²  : 0.48488127

    --- Executing dataset MethaneMonitoringHomeActivity --- 

        -> Running model MiniRocket  

           ===== Results =====
           MSE : 0.32195771
           MAE : 0.36014088
           RMSE: 0.56741317
           R²  : 0.17534977

    --- Executing dataset MetroInterstateTrafficVolume --- 

        -> Running model MiniRocket  

           ===== Results =====
           MSE : 372648.13142519
           MAE : 499.18804110
           RMSE: 610.44912272
           R²  : -0.21800985

    --- Executing dataset NaturalGasPricesSentiment --- 

        -> Running model MiniRocket  

           ===== Results =====
           MSE : 0.00600354
           MAE : 0.06577226
           RMSE: 0.07748249
           R²  : 0.01535384

    --- Executing dataset OccupancyDetectionLight --- 

        -> Running model MiniRocket  

           ===== Results =====
           MSE : 6208.42581598
           MAE : 56.15662971
           RMSE: 78.79356456
           R²  : 0.84387830

    --- Executing dataset ParkingBirmingham_eq --- 

        -> Running model MiniRocket  

           ===== Results =====
           MSE : 0.01971726
           MAE : 0.10655070
           RMSE: 0.14041817
           R²  : 0.61337969

    --- Executing dataset PhosphorusConcentration --- 

        -> Running model MiniRocket  

           ===== Results =====
           MSE : 219.52388649
           MAE : 9.56135589
           RMSE: 14.81633850
           R²  : 0.60435917

    --- Executing dataset PotassiumConcentration --- 

        -> Running model MiniRocket  

           ===== Results =====
           MSE : 42929.88384250
           MAE : 100.73759496
           RMSE: 207.19527949
           R²  : 0.62064108

    --- Executing dataset PrecipitationAndalusia_nmv --- 

        -> Running model MiniRocket  

           ===== Results =====
           MSE : 0.07587211
           MAE : 0.21326030
           RMSE: 0.27544892
           R²  : 0.74086641

    --- Executing dataset SierraNevadaMountainsSnow --- 

        -> Running model MiniRocket  

           ===== Results =====
           MSE : 1326.99457279
           MAE : 25.49569112
           RMSE: 36.42793671
           R²  : 0.84547506

    --- Executing dataset SodiumConcentration --- 

        -> Running model MiniRocket  

           ===== Results =====
           MSE : 50261.44941139
           MAE : 138.13401333
           RMSE: 224.19065416
           R²  : -1.79308331

    --- Executing dataset SolarRadiationAndalusia_nmv --- 

        -> Running model MiniRocket  

           ===== Results =====
           MSE : 0.35687702
           MAE : 0.46667802
           RMSE: 0.59739185
           R²  : 0.43535468

    --- Executing dataset SteamPredictor --- 

        -> Running model MiniRocket  

           ===== Results =====
           MSE : 1143035509.40705228
           MAE : 17622.31969188
           RMSE: 33808.80816307
           R²  : 0.12538545

    --- Executing dataset SulphurConcentration --- 

        -> Running model MiniRocket  

           ===== Results =====
           MSE : 17043.66304542
           MAE : 60.35620096
           RMSE: 130.55138086
           R²  : -0.18256951

    --- Executing dataset WaveDataTension --- 

        -> Running model MiniRocket  

           ===== Results =====
           MSE : 239.05249862
           MAE : 12.44523304
           RMSE: 15.46132267
           R²  : 0.26202365

    --- Executing dataset WindTurbinePower --- 

        -> Running model MiniRocket  

           ===== Results =====
           MSE : 7215.89391325
           MAE : 62.45880206
           RMSE: 84.94641790
           R²  : 0.99068466

    --- Executing dataset ZincConcentration --- 

        -> Running model MiniRocket  

           ===== Results =====
           MSE : 1.76045304
           MAE : 0.80284801
           RMSE: 1.32682065
           R²  : 0.18580636

    --- Executing dataset ElectricMotorTemperature --- 

        -> Running model MiniRocket  

           ===== Results =====
           MSE : 49.02390939
           MAE : 5.20752443
           RMSE: 7.00170761
           R²  : 0.86716049

    --- Executing dataset DailyTemperatureLatitude --- 

        -> Running model MiniRocket  

           ===== Results =====
           MSE : 9.22370499
           MAE : 2.20123306
           RMSE: 3.03705532
           R²  : 0.97960955

    --- Executing dataset BeijingPM10Quality_nmv --- 

        -> Running model MiniRocket  

           ===== Results =====
           MSE : 6659.00154771
           MAE : 56.45653609
           RMSE: 81.60270552
           R²  : 0.58648872

    --- Executing dataset BeijingPM25Quality_nmv --- 

        -> Running model MiniRocket  

           ===== Results =====
           MSE : 2761.02687775
           MAE : 36.50259987
           RMSE: 52.54547438
           R²  : 0.75960747

 === Started run 5 === 

    --- Executing dataset Covid3Month --- 

        -> Running model MiniRocket  

           ===== Results =====
           MSE : 0.00185011
           MAE : 0.03105421
           RMSE: 0.04301289
           R²  : 0.00836170

    --- Executing dataset FloodModeling1 --- 

        -> Running model MiniRocket  

           ===== Results =====
           MSE : 0.00003026
           MAE : 0.00430488
           RMSE: 0.00550060
           R²  : 0.92204441

    --- Executing dataset FloodModeling2 --- 

        -> Running model MiniRocket  

           ===== Results =====
           MSE : 0.00007692
           MAE : 0.00269653
           RMSE: 0.00877034
           R²  : 0.29144023

    --- Executing dataset FloodModeling3 --- 

        -> Running model MiniRocket  

           ===== Results =====
           MSE : 0.00002144
           MAE : 0.00317547
           RMSE: 0.00463047
           R²  : 0.94784526

    --- Executing dataset IEEEPPG --- 

        -> Running model MiniRocket  

           ===== Results =====
           MSE : 39.72285951
           MAE : 4.77111024
           RMSE: 6.30260736
           R²  : 0.95458603

    --- Executing dataset HouseholdPowerConsumption2_nmv --- 

        -> Running model MiniRocket  

           ===== Results =====
           MSE : 823.19844757
           MAE : 21.01181435
           RMSE: 28.69143509
           R²  : 0.68661902

    --- Executing dataset HouseholdPowerConsumption1_nmv --- 

        -> Running model MiniRocket  

           ===== Results =====
           MSE : 15967.99696953
           MAE : 82.98889889
           RMSE: 126.36454000
           R²  : 0.95803620

    --- Executing dataset AppliancesEnergy --- 

        -> Running model MiniRocket  

           ===== Results =====
           MSE : 5.41471683
           MAE : 1.88218832
           RMSE: 2.32695441
           R²  : 0.49667615

    --- Executing dataset BenzeneConcentration_nmv --- 

        -> Running model MiniRocket  

           ===== Results =====
           MSE : 2.42074883
           MAE : 1.03254407
           RMSE: 1.55587558
           R²  : 0.95692705

    --- Executing dataset LiveFuelMoistureContent --- 

        -> Running model MiniRocket  

           ===== Results =====
           MSE : 1732.31953505
           MAE : 31.48224976
           RMSE: 41.62114288
           R²  : -0.06980526

    --- Executing dataset BIDMC32RR --- 

        -> Running model MiniRocket  

           ===== Results =====
           MSE : 0.13925999
           MAE : 0.26677814
           RMSE: 0.37317554
           R²  : 0.98463272

    --- Executing dataset BIDMC32SpO2 --- 

        -> Running model MiniRocket  

           ===== Results =====
           MSE : 0.01453860
           MAE : 0.09200968
           RMSE: 0.12057612
           R²  : 0.99869376

    --- Executing dataset BIDMC32HR --- 

        -> Running model MiniRocket  

           ===== Results =====
           MSE : 0.16135324
           MAE : 0.28968045
           RMSE: 0.40168799
           R²  : 0.99904540

    --- Executing dataset AcousticContaminationMadrid_nmv --- 

        -> Running model MiniRocket  

           ===== Results =====
           MSE : 14.59230173
           MAE : 3.00609454
           RMSE: 3.81998714
           R²  : 0.66219338

    --- Executing dataset AluminiumConcentration --- 

        -> Running model MiniRocket  

           ===== Results =====
           MSE : 51987.19000259
           MAE : 160.32194422
           RMSE: 228.00699551
           R²  : 0.77761550

    --- Executing dataset BarCrawl6min --- 

        -> Running model MiniRocket  

           ===== Results =====
           MSE : 0.00210512
           MAE : 0.03531388
           RMSE: 0.04588162
           R²  : 0.14866908

    --- Executing dataset BeijingIntAirportPM25Quality --- 

        -> Running model MiniRocket  

           ===== Results =====
           MSE : 3160.24671200
           MAE : 42.31145045
           RMSE: 56.21607165
           R²  : 0.48542984

    --- Executing dataset BinanceCoinSentiment --- 

        -> Running model MiniRocket  

           ===== Results =====
           MSE : 0.12999529
           MAE : 0.27286543
           RMSE: 0.36054860
           R²  : -0.34064656

    --- Executing dataset BitcoinSentiment --- 

        -> Running model MiniRocket  

           ===== Results =====
           MSE : 0.03939076
           MAE : 0.13897808
           RMSE: 0.19847107
           R²  : 0.28133085

    --- Executing dataset BoronConcentration --- 

        -> Running model MiniRocket  

           ===== Results =====
           MSE : 1.37420742
           MAE : 0.59722143
           RMSE: 1.17226594
           R²  : -0.02717956

    --- Executing dataset CalciumConcentration --- 

        -> Running model MiniRocket  

           ===== Results =====
           MSE : 9240217.93363041
           MAE : 1373.63599258
           RMSE: 3039.77267795
           R²  : 0.52096244

    --- Executing dataset CardanoSentiment --- 

        -> Running model MiniRocket  

           ===== Results =====
           MSE : 0.10638757
           MAE : 0.25104973
           RMSE: 0.32617107
           R²  : -0.56991573

    --- Executing dataset ChilledWaterPredictor --- 

        -> Running model MiniRocket  

           ===== Results =====
           MSE : 6518136.94883578
           MAE : 1160.37181165
           RMSE: 2553.06422732
           R²  : -0.02579207

    --- Executing dataset CopperConcentration --- 

        -> Running model MiniRocket  

           ===== Results =====
           MSE : 3.57717483
           MAE : 0.91789955
           RMSE: 1.89134207
           R²  : 0.37145595

    --- Executing dataset Covid19Andalusia --- 

        -> Running model MiniRocket  

           ===== Results =====
           MSE : 0.00019951
           MAE : 0.00887630
           RMSE: 0.01412472
           R²  : 0.75574963

    --- Executing dataset DailyOilGasPrices --- 

        -> Running model MiniRocket  

           ===== Results =====
           MSE : 2.06216518
           MAE : 1.13459429
           RMSE: 1.43602409
           R²  : 0.48150168

    --- Executing dataset DhakaHourlyAirQuality --- 

        -> Running model MiniRocket  

           ===== Results =====
           MSE : 26.45560546
           MAE : 3.41408415
           RMSE: 5.14350128
           R²  : 0.99314135

    --- Executing dataset ElectricityPredictor --- 

        -> Running model MiniRocket  

           ===== Results =====
           MSE : 304869.30932370
           MAE : 289.18551755
           RMSE: 552.14971640
           R²  : -0.52965131

    --- Executing dataset EthereumSentiment --- 

        -> Running model MiniRocket  

           ===== Results =====
           MSE : 0.08635863
           MAE : 0.19402709
           RMSE: 0.29386839
           R²  : -0.02378546

    --- Executing dataset GasSensorArrayAcetone --- 

        -> Running model MiniRocket  

           ===== Results =====
           MSE : 0.03180699
           MAE : 0.11202437
           RMSE: 0.17834514
           R²  : 0.66151021

    --- Executing dataset GasSensorArrayEthanol --- 

        -> Running model MiniRocket  

           ===== Results =====
           MSE : 0.02363205
           MAE : 0.10864464
           RMSE: 0.15372719
           R²  : 0.79042303

    --- Executing dataset HotwaterPredictor --- 

        -> Running model MiniRocket  

           ===== Results =====
           MSE : 1283783.97776266
           MAE : 732.72557514
           RMSE: 1133.04191351
           R²  : 0.39986393

    --- Executing dataset IronConcentration --- 

        -> Running model MiniRocket  

           ===== Results =====
           MSE : 2951.08950649
           MAE : 37.44246374
           RMSE: 54.32393125
           R²  : 0.54144149

    --- Executing dataset LPGasMonitoringHomeActivity --- 

        -> Running model MiniRocket  

           ===== Results =====
           MSE : 1.74024286
           MAE : 0.94944678
           RMSE: 1.31918265
           R²  : 0.08238261

    --- Executing dataset MadridPM10Quality_nmv --- 

        -> Running model MiniRocket  

           ===== Results =====
           MSE : 63.02716245
           MAE : 5.92393447
           RMSE: 7.93896482
           R²  : 0.62817236

    --- Executing dataset MagnesiumConcentration --- 

        -> Running model MiniRocket  

           ===== Results =====
           MSE : 13688.87233645
           MAE : 77.73282827
           RMSE: 116.99945443
           R²  : 0.92195365

    --- Executing dataset ManganeseConcentration --- 

        -> Running model MiniRocket  

           ===== Results =====
           MSE : 7224.74984129
           MAE : 56.90758401
           RMSE: 84.99852847
           R²  : 0.45666863

    --- Executing dataset MethaneMonitoringHomeActivity --- 

        -> Running model MiniRocket  

           ===== Results =====
           MSE : 0.29721147
           MAE : 0.35481355
           RMSE: 0.54517105
           R²  : 0.23525728

    --- Executing dataset MetroInterstateTrafficVolume --- 

        -> Running model MiniRocket  

           ===== Results =====
           MSE : 368216.40945643
           MAE : 505.67038452
           RMSE: 606.80837952
           R²  : -0.30209670

    --- Executing dataset NaturalGasPricesSentiment --- 

        -> Running model MiniRocket  

           ===== Results =====
           MSE : 0.00475703
           MAE : 0.05539743
           RMSE: 0.06897125
           R²  : 0.50699293

    --- Executing dataset OccupancyDetectionLight --- 

        -> Running model MiniRocket  

           ===== Results =====
           MSE : 5119.84718073
           MAE : 49.07601445
           RMSE: 71.55310741
           R²  : 0.87595996

    --- Executing dataset ParkingBirmingham_eq --- 

        -> Running model MiniRocket  

           ===== Results =====
           MSE : 0.01847350
           MAE : 0.10394581
           RMSE: 0.13591727
           R²  : 0.64381274

    --- Executing dataset PhosphorusConcentration --- 

        -> Running model MiniRocket  

           ===== Results =====
           MSE : 1110.88264076
           MAE : 10.45793245
           RMSE: 33.32990610
           R²  : 0.24985503

    --- Executing dataset PotassiumConcentration --- 

        -> Running model MiniRocket  

           ===== Results =====
           MSE : 36210.81087618
           MAE : 86.21530720
           RMSE: 190.29138414
           R²  : 0.67046729

    --- Executing dataset PrecipitationAndalusia_nmv --- 

        -> Running model MiniRocket  

           ===== Results =====
           MSE : 0.09329162
           MAE : 0.22663871
           RMSE: 0.30543677
           R²  : 0.63351935

    --- Executing dataset SierraNevadaMountainsSnow --- 

        -> Running model MiniRocket  

           ===== Results =====
           MSE : 2483.83284500
           MAE : 31.65963811
           RMSE: 49.83806622
           R²  : 0.79423225

    --- Executing dataset SodiumConcentration --- 

        -> Running model MiniRocket  

           ===== Results =====
           MSE : 225215.61077564
           MAE : 191.09756199
           RMSE: 474.56886832
           R²  : -0.97151251

    --- Executing dataset SolarRadiationAndalusia_nmv --- 

        -> Running model MiniRocket  

           ===== Results =====
           MSE : 0.33894268
           MAE : 0.44742416
           RMSE: 0.58218784
           R²  : 0.37320345

    --- Executing dataset SteamPredictor --- 

        -> Running model MiniRocket  

           ===== Results =====
           MSE : 1218364989.27829528
           MAE : 19690.76451749
           RMSE: 34905.08543577
           R²  : 0.05040518

    --- Executing dataset SulphurConcentration --- 

        -> Running model MiniRocket  

           ===== Results =====
           MSE : 48728.98073415
           MAE : 71.15518222
           RMSE: 220.74641726
           R²  : 0.02409912

    --- Executing dataset WaveDataTension --- 

        -> Running model MiniRocket  

           ===== Results =====
           MSE : 263.37720731
           MAE : 13.11467835
           RMSE: 16.22890037
           R²  : 0.19484137

    --- Executing dataset WindTurbinePower --- 

        -> Running model MiniRocket  

           ===== Results =====
           MSE : 6921.36893423
           MAE : 59.18115703
           RMSE: 83.19476507
           R²  : 0.99169391

    --- Executing dataset ZincConcentration --- 

        -> Running model MiniRocket  

           ===== Results =====
           MSE : 1.93135565
           MAE : 0.85203010
           RMSE: 1.38973222
           R²  : 0.12393160

    --- Executing dataset ElectricMotorTemperature --- 

        -> Running model MiniRocket  

           ===== Results =====
           MSE : 46.47539843
           MAE : 5.07134592
           RMSE: 6.81728673
           R²  : 0.87209583

    --- Executing dataset DailyTemperatureLatitude --- 

        -> Running model MiniRocket  

           ===== Results =====
           MSE : 9.10996345
           MAE : 2.20448299
           RMSE: 3.01827160
           R²  : 0.97964514

    --- Executing dataset BeijingPM10Quality_nmv --- 

        -> Running model MiniRocket  

           ===== Results =====
           MSE : 7075.43125908
           MAE : 56.78238838
           RMSE: 84.11558274
           R²  : 0.56491978

    --- Executing dataset BeijingPM25Quality_nmv --- 

        -> Running model MiniRocket  

           ===== Results =====
           MSE : 2848.06492287
           MAE : 37.09351020
           RMSE: 53.36726452
           R²  : 0.74313268

 === Started run 6 === 

    --- Executing dataset Covid3Month --- 

        -> Running model MiniRocket  

           ===== Results =====
           MSE : 0.00117173
           MAE : 0.02924139
           RMSE: 0.03423053
           R²  : 0.19957317

    --- Executing dataset FloodModeling1 --- 

        -> Running model MiniRocket  

           ===== Results =====
           MSE : 0.00005778
           MAE : 0.00478631
           RMSE: 0.00760151
           R²  : 0.78930664

    --- Executing dataset FloodModeling2 --- 

        -> Running model MiniRocket  

           ===== Results =====
           MSE : 0.00002261
           MAE : 0.00220065
           RMSE: 0.00475489
           R²  : 0.81346709

    --- Executing dataset FloodModeling3 --- 

        -> Running model MiniRocket  

           ===== Results =====
           MSE : 0.00002186
           MAE : 0.00328757
           RMSE: 0.00467541
           R²  : 0.92351731

    --- Executing dataset IEEEPPG --- 

        -> Running model MiniRocket  

           ===== Results =====
           MSE : 40.51454243
           MAE : 4.82992991
           RMSE: 6.36510349
           R²  : 0.95297978

    --- Executing dataset HouseholdPowerConsumption2_nmv --- 

        -> Running model MiniRocket  

           ===== Results =====
           MSE : 769.37607935
           MAE : 19.98356069
           RMSE: 27.73762930
           R²  : 0.69699095

    --- Executing dataset HouseholdPowerConsumption1_nmv --- 

        -> Running model MiniRocket  

           ===== Results =====
           MSE : 14700.22660100
           MAE : 70.67521037
           RMSE: 121.24449101
           R²  : 0.96137520

    --- Executing dataset AppliancesEnergy --- 

        -> Running model MiniRocket  

           ===== Results =====
           MSE : 7.36987762
           MAE : 2.28736068
           RMSE: 2.71475185
           R²  : 0.46138696

    --- Executing dataset BenzeneConcentration_nmv --- 

        -> Running model MiniRocket  

           ===== Results =====
           MSE : 2.27002612
           MAE : 1.09129070
           RMSE: 1.50666059
           R²  : 0.95951422

    --- Executing dataset LiveFuelMoistureContent --- 

        -> Running model MiniRocket  

           ===== Results =====
           MSE : 1663.01370801
           MAE : 31.60348393
           RMSE: 40.78006508
           R²  : -0.04965753

    --- Executing dataset BIDMC32RR --- 

        -> Running model MiniRocket  

           ===== Results =====
           MSE : 0.13016424
           MAE : 0.26121440
           RMSE: 0.36078281
           R²  : 0.98526952

    --- Executing dataset BIDMC32SpO2 --- 

        -> Running model MiniRocket  

           ===== Results =====
           MSE : 0.01703136
           MAE : 0.09588687
           RMSE: 0.13050427
           R²  : 0.99838390

    --- Executing dataset BIDMC32HR --- 

        -> Running model MiniRocket  

           ===== Results =====
           MSE : 0.18582208
           MAE : 0.29899658
           RMSE: 0.43107085
           R²  : 0.99888720

    --- Executing dataset AcousticContaminationMadrid_nmv --- 

        -> Running model MiniRocket  

           ===== Results =====
           MSE : 13.18326413
           MAE : 2.80255182
           RMSE: 3.63087650
           R²  : 0.68260715

    --- Executing dataset AluminiumConcentration --- 

        -> Running model MiniRocket  

           ===== Results =====
           MSE : 52141.05109360
           MAE : 146.39523384
           RMSE: 228.34415056
           R²  : 0.76578249

    --- Executing dataset BarCrawl6min --- 

        -> Running model MiniRocket  

           ===== Results =====
           MSE : 0.00184798
           MAE : 0.03235732
           RMSE: 0.04298815
           R²  : 0.33286154

    --- Executing dataset BeijingIntAirportPM25Quality --- 

        -> Running model MiniRocket  

           ===== Results =====
           MSE : 3185.84612433
           MAE : 42.18936281
           RMSE: 56.44330008
           R²  : 0.46750291

    --- Executing dataset BinanceCoinSentiment --- 

        -> Running model MiniRocket  

           ===== Results =====
           MSE : 0.12885360
           MAE : 0.27541289
           RMSE: 0.35896183
           R²  : -0.01677831

    --- Executing dataset BitcoinSentiment --- 

        -> Running model MiniRocket  

           ===== Results =====
           MSE : 0.04657433
           MAE : 0.14473685
           RMSE: 0.21581087
           R²  : 0.17917052

    --- Executing dataset BoronConcentration --- 

        -> Running model MiniRocket  

           ===== Results =====
           MSE : 16.00540480
           MAE : 0.62968010
           RMSE: 4.00067554
           R²  : 0.10667938

    --- Executing dataset CalciumConcentration --- 

        -> Running model MiniRocket  

           ===== Results =====
           MSE : 2773531.09091785
           MAE : 1252.12898160
           RMSE: 1665.39217331
           R²  : 0.67035421

    --- Executing dataset CardanoSentiment --- 

        -> Running model MiniRocket  

           ===== Results =====
           MSE : 0.07907983
           MAE : 0.20785593
           RMSE: 0.28121137
           R²  : -0.42324909

    --- Executing dataset ChilledWaterPredictor --- 

        -> Running model MiniRocket  

           ===== Results =====
           MSE : 10447218.52410915
           MAE : 1184.33658079
           RMSE: 3232.21572982
           R²  : 0.03395854

    --- Executing dataset CopperConcentration --- 

        -> Running model MiniRocket  

           ===== Results =====
           MSE : 3.22966949
           MAE : 0.96896676
           RMSE: 1.79712812
           R²  : 0.36226735

    --- Executing dataset Covid19Andalusia --- 

        -> Running model MiniRocket  

           ===== Results =====
           MSE : 0.00012357
           MAE : 0.00743014
           RMSE: 0.01111642
           R²  : 0.90333332

    --- Executing dataset DailyOilGasPrices --- 

        -> Running model MiniRocket  

           ===== Results =====
           MSE : 2.90365606
           MAE : 1.18887020
           RMSE: 1.70401175
           R²  : 0.38032025

    --- Executing dataset DhakaHourlyAirQuality --- 

        -> Running model MiniRocket  

           ===== Results =====
           MSE : 30.40529382
           MAE : 3.33284676
           RMSE: 5.51409955
           R²  : 0.99259555

    --- Executing dataset ElectricityPredictor --- 

        -> Running model MiniRocket  

           ===== Results =====
           MSE : 257431.13818399
           MAE : 275.56615344
           RMSE: 507.37672215
           R²  : -0.52621453

    --- Executing dataset EthereumSentiment --- 

        -> Running model MiniRocket  

           ===== Results =====
           MSE : 0.07090034
           MAE : 0.19096741
           RMSE: 0.26627118
           R²  : 0.03647961

    --- Executing dataset GasSensorArrayAcetone --- 

        -> Running model MiniRocket  

           ===== Results =====
           MSE : 0.02630059
           MAE : 0.10630302
           RMSE: 0.16217455
           R²  : 0.70745783

    --- Executing dataset GasSensorArrayEthanol --- 

        -> Running model MiniRocket  

           ===== Results =====
           MSE : 0.02411048
           MAE : 0.10498242
           RMSE: 0.15527551
           R²  : 0.78876545

    --- Executing dataset HotwaterPredictor --- 

        -> Running model MiniRocket  

           ===== Results =====
           MSE : 1385850.70230821
           MAE : 759.76208845
           RMSE: 1177.22160289
           R²  : 0.41243068

    --- Executing dataset IronConcentration --- 

        -> Running model MiniRocket  

           ===== Results =====
           MSE : 4837.02729037
           MAE : 43.98896809
           RMSE: 69.54874039
           R²  : 0.32745992

    --- Executing dataset LPGasMonitoringHomeActivity --- 

        -> Running model MiniRocket  

           ===== Results =====
           MSE : 1.53286421
           MAE : 0.91881612
           RMSE: 1.23808893
           R²  : 0.10721671

    --- Executing dataset MadridPM10Quality_nmv --- 

        -> Running model MiniRocket  

           ===== Results =====
           MSE : 60.84606333
           MAE : 5.94844445
           RMSE: 7.80038867
           R²  : 0.62543860

    --- Executing dataset MagnesiumConcentration --- 

        -> Running model MiniRocket  

           ===== Results =====
           MSE : 14222.14062654
           MAE : 77.01600340
           RMSE: 119.25661670
           R²  : 0.93724130

    --- Executing dataset ManganeseConcentration --- 

        -> Running model MiniRocket  

           ===== Results =====
           MSE : 7210.17461270
           MAE : 55.76223065
           RMSE: 84.91274706
           R²  : 0.44619118

    --- Executing dataset MethaneMonitoringHomeActivity --- 

        -> Running model MiniRocket  

           ===== Results =====
           MSE : 0.23744934
           MAE : 0.34249055
           RMSE: 0.48728774
           R²  : 0.29959856

    --- Executing dataset MetroInterstateTrafficVolume --- 

        -> Running model MiniRocket  

           ===== Results =====
           MSE : 385921.79362393
           MAE : 497.91126102
           RMSE: 621.22604068
           R²  : -0.16652305

    --- Executing dataset NaturalGasPricesSentiment --- 

        -> Running model MiniRocket  

           ===== Results =====
           MSE : 0.00325863
           MAE : 0.04392108
           RMSE: 0.05708440
           R²  : 0.66352619

    --- Executing dataset OccupancyDetectionLight --- 

        -> Running model MiniRocket  

           ===== Results =====
           MSE : 5518.13557937
           MAE : 53.46030773
           RMSE: 74.28415430
           R²  : 0.83615154

    --- Executing dataset ParkingBirmingham_eq --- 

        -> Running model MiniRocket  

           ===== Results =====
           MSE : 0.01987396
           MAE : 0.10633900
           RMSE: 0.14097502
           R²  : 0.60755516

    --- Executing dataset PhosphorusConcentration --- 

        -> Running model MiniRocket  

           ===== Results =====
           MSE : 194.06811652
           MAE : 9.43416168
           RMSE: 13.93083330
           R²  : 0.43772741

    --- Executing dataset PotassiumConcentration --- 

        -> Running model MiniRocket  

           ===== Results =====
           MSE : 22039.43950842
           MAE : 80.17512607
           RMSE: 148.45686077
           R²  : 0.64479215

    --- Executing dataset PrecipitationAndalusia_nmv --- 

        -> Running model MiniRocket  

           ===== Results =====
           MSE : 0.16921296
           MAE : 0.26293373
           RMSE: 0.41135503
           R²  : 0.61046265

    --- Executing dataset SierraNevadaMountainsSnow --- 

        -> Running model MiniRocket  

           ===== Results =====
           MSE : 2691.40522670
           MAE : 30.53248374
           RMSE: 51.87875506
           R²  : 0.72750975

    --- Executing dataset SodiumConcentration --- 

        -> Running model MiniRocket  

           ===== Results =====
           MSE : 122920.42643182
           MAE : 185.03642338
           RMSE: 350.60009474
           R²  : -18.40126161

    --- Executing dataset SolarRadiationAndalusia_nmv --- 

        -> Running model MiniRocket  

           ===== Results =====
           MSE : 0.40599589
           MAE : 0.50268643
           RMSE: 0.63717807
           R²  : 0.31782743

    --- Executing dataset SteamPredictor --- 

        -> Running model MiniRocket  

           ===== Results =====
           MSE : 496371286.69339907
           MAE : 16893.43772519
           RMSE: 22279.39152431
           R²  : -0.73253332

    --- Executing dataset SulphurConcentration --- 

        -> Running model MiniRocket  

           ===== Results =====
           MSE : 57981.15310664
           MAE : 71.04315978
           RMSE: 240.79275966
           R²  : 0.08109269

    --- Executing dataset WaveDataTension --- 

        -> Running model MiniRocket  

           ===== Results =====
           MSE : 218.93470553
           MAE : 11.85275232
           RMSE: 14.79644233
           R²  : 0.27702191

    --- Executing dataset WindTurbinePower --- 

        -> Running model MiniRocket  

           ===== Results =====
           MSE : 10558.40935102
           MAE : 68.00015221
           RMSE: 102.75412085
           R²  : 0.98636780

    --- Executing dataset ZincConcentration --- 

        -> Running model MiniRocket  

           ===== Results =====
           MSE : 2.02932411
           MAE : 0.85172381
           RMSE: 1.42454348
           R²  : 0.17408291

    --- Executing dataset ElectricMotorTemperature --- 

        -> Running model MiniRocket  

           ===== Results =====
           MSE : 49.34174263
           MAE : 5.20180876
           RMSE: 7.02436777
           R²  : 0.86430620

    --- Executing dataset DailyTemperatureLatitude --- 

        -> Running model MiniRocket  

           ===== Results =====
           MSE : 9.23835793
           MAE : 2.22864218
           RMSE: 3.03946672
           R²  : 0.97934801

    --- Executing dataset BeijingPM10Quality_nmv --- 

        -> Running model MiniRocket  

           ===== Results =====
           MSE : 6865.88136764
           MAE : 57.55773753
           RMSE: 82.86061409
           R²  : 0.55339728

    --- Executing dataset BeijingPM25Quality_nmv --- 

        -> Running model MiniRocket  

           ===== Results =====
           MSE : 2800.52463747
           MAE : 36.90102215
           RMSE: 52.91998335
           R²  : 0.73548542

 === Started run 7 === 

    --- Executing dataset Covid3Month --- 

        -> Running model MiniRocket  

           ===== Results =====
           MSE : 0.00759949
           MAE : 0.04155857
           RMSE: 0.08717505
           R²  : -6.26770339

    --- Executing dataset FloodModeling1 --- 

        -> Running model MiniRocket  

           ===== Results =====
           MSE : 0.00004754
           MAE : 0.00474675
           RMSE: 0.00689465
           R²  : 0.87254481

    --- Executing dataset FloodModeling2 --- 

        -> Running model MiniRocket  

           ===== Results =====
           MSE : 0.00003016
           MAE : 0.00258494
           RMSE: 0.00549171
           R²  : 0.90313008

    --- Executing dataset FloodModeling3 --- 

        -> Running model MiniRocket  

           ===== Results =====
           MSE : 0.00002943
           MAE : 0.00364514
           RMSE: 0.00542477
           R²  : 0.92882398

    --- Executing dataset IEEEPPG --- 

        -> Running model MiniRocket  

           ===== Results =====
           MSE : 41.42488356
           MAE : 4.80048781
           RMSE: 6.43621656
           R²  : 0.95274055

    --- Executing dataset HouseholdPowerConsumption2_nmv --- 

        -> Running model MiniRocket  

           ===== Results =====
           MSE : 671.61157342
           MAE : 19.99533239
           RMSE: 25.91546977
           R²  : 0.71279178

    --- Executing dataset HouseholdPowerConsumption1_nmv --- 

        -> Running model MiniRocket  

           ===== Results =====
           MSE : 12635.70215789
           MAE : 72.97696938
           RMSE: 112.40863916
           R²  : 0.96506578

    --- Executing dataset AppliancesEnergy --- 

        -> Running model MiniRocket  

           ===== Results =====
           MSE : 8.14359290
           MAE : 2.16069856
           RMSE: 2.85369811
           R²  : 0.64793563

    --- Executing dataset BenzeneConcentration_nmv --- 

        -> Running model MiniRocket  

           ===== Results =====
           MSE : 2.38642328
           MAE : 1.07173222
           RMSE: 1.54480526
           R²  : 0.95773016

    --- Executing dataset LiveFuelMoistureContent --- 

        -> Running model MiniRocket  

           ===== Results =====
           MSE : 1829.67379336
           MAE : 31.93420206
           RMSE: 42.77468636
           R²  : -0.05788785

    --- Executing dataset BIDMC32RR --- 

        -> Running model MiniRocket  

           ===== Results =====
           MSE : 0.14062767
           MAE : 0.26920322
           RMSE: 0.37500356
           R²  : 0.98529969

    --- Executing dataset BIDMC32SpO2 --- 

        -> Running model MiniRocket  

           ===== Results =====
           MSE : 0.01576882
           MAE : 0.09202571
           RMSE: 0.12557398
           R²  : 0.99846086

    --- Executing dataset BIDMC32HR --- 

        -> Running model MiniRocket  

           ===== Results =====
           MSE : 0.16748883
           MAE : 0.29095761
           RMSE: 0.40925399
           R²  : 0.99903072

    --- Executing dataset AcousticContaminationMadrid_nmv --- 

        -> Running model MiniRocket  

           ===== Results =====
           MSE : 10.61884878
           MAE : 2.49551119
           RMSE: 3.25865751
           R²  : 0.73492515

    --- Executing dataset AluminiumConcentration --- 

        -> Running model MiniRocket  

           ===== Results =====
           MSE : 58330.23256235
           MAE : 164.89942198
           RMSE: 241.51652648
           R²  : 0.74493634

    --- Executing dataset BarCrawl6min --- 

        -> Running model MiniRocket  

           ===== Results =====
           MSE : 0.00269704
           MAE : 0.03938799
           RMSE: 0.05193300
           R²  : 0.18490553

    --- Executing dataset BeijingIntAirportPM25Quality --- 

        -> Running model MiniRocket  

           ===== Results =====
           MSE : 2800.06932418
           MAE : 40.43184080
           RMSE: 52.91568127
           R²  : 0.53218060

    --- Executing dataset BinanceCoinSentiment --- 

        -> Running model MiniRocket  

           ===== Results =====
           MSE : 0.16103694
           MAE : 0.30243314
           RMSE: 0.40129408
           R²  : -0.36919158

    --- Executing dataset BitcoinSentiment --- 

        -> Running model MiniRocket  

           ===== Results =====
           MSE : 0.03463164
           MAE : 0.14683273
           RMSE: 0.18609577
           R²  : 0.44608432

    --- Executing dataset BoronConcentration --- 

        -> Running model MiniRocket  

           ===== Results =====
           MSE : 0.90553198
           MAE : 0.60785222
           RMSE: 0.95159444
           R²  : -1.85012990

    --- Executing dataset CalciumConcentration --- 

        -> Running model MiniRocket  

           ===== Results =====
           MSE : 11119724.91898813
           MAE : 1366.25669961
           RMSE: 3334.62515419
           R²  : 0.48420747

    --- Executing dataset CardanoSentiment --- 

        -> Running model MiniRocket  

           ===== Results =====
           MSE : 0.14436066
           MAE : 0.30174486
           RMSE: 0.37994823
           R²  : -0.52068061

    --- Executing dataset ChilledWaterPredictor --- 

        -> Running model MiniRocket  

           ===== Results =====
           MSE : 2724954.84937547
           MAE : 1227.93836881
           RMSE: 1650.74372614
           R²  : -9.18508025

    --- Executing dataset CopperConcentration --- 

        -> Running model MiniRocket  

           ===== Results =====
           MSE : 3.39970847
           MAE : 0.85593763
           RMSE: 1.84382984
           R²  : 0.42630722

    --- Executing dataset Covid19Andalusia --- 

        -> Running model MiniRocket  

           ===== Results =====
           MSE : 0.00015414
           MAE : 0.00920683
           RMSE: 0.01241519
           R²  : 0.87205770

    --- Executing dataset DailyOilGasPrices --- 

        -> Running model MiniRocket  

           ===== Results =====
           MSE : 4.86393577
           MAE : 1.36707186
           RMSE: 2.20543324
           R²  : 0.33032472

    --- Executing dataset DhakaHourlyAirQuality --- 

        -> Running model MiniRocket  

           ===== Results =====
           MSE : 15.95807233
           MAE : 2.91138259
           RMSE: 3.99475560
           R²  : 0.99609578

    --- Executing dataset ElectricityPredictor --- 

        -> Running model MiniRocket  

           ===== Results =====
           MSE : 305483.94797913
           MAE : 292.21308427
           RMSE: 552.70602311
           R²  : -0.41926958

    --- Executing dataset EthereumSentiment --- 

        -> Running model MiniRocket  

           ===== Results =====
           MSE : 0.04681063
           MAE : 0.17294318
           RMSE: 0.21635764
           R²  : 0.17766372

    --- Executing dataset GasSensorArrayAcetone --- 

        -> Running model MiniRocket  

           ===== Results =====
           MSE : 0.03160617
           MAE : 0.12046994
           RMSE: 0.17778123
           R²  : 0.65326077

    --- Executing dataset GasSensorArrayEthanol --- 

        -> Running model MiniRocket  

           ===== Results =====
           MSE : 0.02689304
           MAE : 0.10601082
           RMSE: 0.16399099
           R²  : 0.62022863

    --- Executing dataset HotwaterPredictor --- 

        -> Running model MiniRocket  

           ===== Results =====
           MSE : 1439940.77420087
           MAE : 847.18026529
           RMSE: 1199.97532233
           R²  : 0.27786732

    --- Executing dataset IronConcentration --- 

        -> Running model MiniRocket  

           ===== Results =====
           MSE : 3372.72811136
           MAE : 39.64243824
           RMSE: 58.07519360
           R²  : 0.39024372

    --- Executing dataset LPGasMonitoringHomeActivity --- 

        -> Running model MiniRocket  

           ===== Results =====
           MSE : 1.57074723
           MAE : 0.90355038
           RMSE: 1.25329455
           R²  : 0.09992831

    --- Executing dataset MadridPM10Quality_nmv --- 

        -> Running model MiniRocket  

           ===== Results =====
           MSE : 63.51894343
           MAE : 6.07532348
           RMSE: 7.96987725
           R²  : 0.60526450

    --- Executing dataset MagnesiumConcentration --- 

        -> Running model MiniRocket  

           ===== Results =====
           MSE : 18633.39944821
           MAE : 81.93867026
           RMSE: 136.50421037
           R²  : 0.90890294

    --- Executing dataset ManganeseConcentration --- 

        -> Running model MiniRocket  

           ===== Results =====
           MSE : 7572.71525679
           MAE : 58.10004492
           RMSE: 87.02134943
           R²  : 0.49501190

    --- Executing dataset MethaneMonitoringHomeActivity --- 

        -> Running model MiniRocket  

           ===== Results =====
           MSE : 0.30864706
           MAE : 0.34594353
           RMSE: 0.55556013
           R²  : 0.19061448

    --- Executing dataset MetroInterstateTrafficVolume --- 

        -> Running model MiniRocket  

           ===== Results =====
           MSE : 386102.08466874
           MAE : 494.06162873
           RMSE: 621.37113279
           R²  : -0.24919875

    --- Executing dataset NaturalGasPricesSentiment --- 

        -> Running model MiniRocket  

           ===== Results =====
           MSE : 0.00388661
           MAE : 0.05198452
           RMSE: 0.06234265
           R²  : 0.15774431

    --- Executing dataset OccupancyDetectionLight --- 

        -> Running model MiniRocket  

           ===== Results =====
           MSE : 5842.10648876
           MAE : 52.93799938
           RMSE: 76.43367379
           R²  : 0.82557281

    --- Executing dataset ParkingBirmingham_eq --- 

        -> Running model MiniRocket  

           ===== Results =====
           MSE : 0.01720714
           MAE : 0.10105775
           RMSE: 0.13117597
           R²  : 0.65285012

    --- Executing dataset PhosphorusConcentration --- 

        -> Running model MiniRocket  

           ===== Results =====
           MSE : 174.51497503
           MAE : 9.11356488
           RMSE: 13.21041161
           R²  : 0.70029632

    --- Executing dataset PotassiumConcentration --- 

        -> Running model MiniRocket  

           ===== Results =====
           MSE : 18344.52729313
           MAE : 83.10467296
           RMSE: 135.44197021
           R²  : 0.65954085

    --- Executing dataset PrecipitationAndalusia_nmv --- 

        -> Running model MiniRocket  

           ===== Results =====
           MSE : 0.10020225
           MAE : 0.23009634
           RMSE: 0.31654739
           R²  : 0.72266365

    --- Executing dataset SierraNevadaMountainsSnow --- 

        -> Running model MiniRocket  

           ===== Results =====
           MSE : 1645.68663703
           MAE : 28.51803700
           RMSE: 40.56706345
           R²  : 0.82986214

    --- Executing dataset SodiumConcentration --- 

        -> Running model MiniRocket  

           ===== Results =====
           MSE : 193673.68273942
           MAE : 184.66646909
           RMSE: 440.08372242
           R²  : -0.07830991

    --- Executing dataset SolarRadiationAndalusia_nmv --- 

        -> Running model MiniRocket  

           ===== Results =====
           MSE : 0.49199780
           MAE : 0.51569634
           RMSE: 0.70142555
           R²  : 0.24268303

    --- Executing dataset SteamPredictor --- 

        -> Running model MiniRocket  

           ===== Results =====
           MSE : 1583331553.87127542
           MAE : 21253.47078615
           RMSE: 39791.09892767
           R²  : 0.09809783

    --- Executing dataset SulphurConcentration --- 

        -> Running model MiniRocket  

           ===== Results =====
           MSE : 17792.13760685
           MAE : 69.07063088
           RMSE: 133.38717182
           R²  : -0.22767274

    --- Executing dataset WaveDataTension --- 

        -> Running model MiniRocket  

           ===== Results =====
           MSE : 231.48675693
           MAE : 12.30109594
           RMSE: 15.21468885
           R²  : 0.20944275

    --- Executing dataset WindTurbinePower --- 

        -> Running model MiniRocket  

           ===== Results =====
           MSE : 7850.15678292
           MAE : 62.93535293
           RMSE: 88.60111051
           R²  : 0.98931489

    --- Executing dataset ZincConcentration --- 

        -> Running model MiniRocket  

           ===== Results =====
           MSE : 2.90883934
           MAE : 0.81802472
           RMSE: 1.70553198
           R²  : 0.15067077

    --- Executing dataset ElectricMotorTemperature --- 

        -> Running model MiniRocket  

           ===== Results =====
           MSE : 50.40521933
           MAE : 5.27143829
           RMSE: 7.09966333
           R²  : 0.86327021

    --- Executing dataset DailyTemperatureLatitude --- 

        -> Running model MiniRocket  

           ===== Results =====
           MSE : 9.48591389
           MAE : 2.25299102
           RMSE: 3.07992109
           R²  : 0.97896385

    --- Executing dataset BeijingPM10Quality_nmv --- 

        -> Running model MiniRocket  

           ===== Results =====
           MSE : 7220.38378038
           MAE : 56.96188205
           RMSE: 84.97284143
           R²  : 0.55156324

    --- Executing dataset BeijingPM25Quality_nmv --- 

        -> Running model MiniRocket  

           ===== Results =====
           MSE : 2923.94474824
           MAE : 37.79615074
           RMSE: 54.07351245
           R²  : 0.73609767

 === Started run 8 === 

    --- Executing dataset Covid3Month --- 

        -> Running model MiniRocket  

           ===== Results =====
           MSE : 0.00144643
           MAE : 0.03157175
           RMSE: 0.03803200
           R²  : 0.09886896

    --- Executing dataset FloodModeling1 --- 

        -> Running model MiniRocket  

           ===== Results =====
           MSE : 0.00004450
           MAE : 0.00490918
           RMSE: 0.00667100
           R²  : 0.87626039

    --- Executing dataset FloodModeling2 --- 

        -> Running model MiniRocket  

           ===== Results =====
           MSE : 0.00001789
           MAE : 0.00265831
           RMSE: 0.00422969
           R²  : 0.88282831

    --- Executing dataset FloodModeling3 --- 

        -> Running model MiniRocket  

           ===== Results =====
           MSE : 0.00002686
           MAE : 0.00349322
           RMSE: 0.00518272
           R²  : 0.92809009

    --- Executing dataset IEEEPPG --- 

        -> Running model MiniRocket  

           ===== Results =====
           MSE : 41.11349598
           MAE : 4.69350154
           RMSE: 6.41198066
           R²  : 0.95108645

    --- Executing dataset HouseholdPowerConsumption2_nmv --- 

        -> Running model MiniRocket  

           ===== Results =====
           MSE : 655.41241645
           MAE : 18.96864929
           RMSE: 25.60102374
           R²  : 0.72330466

    --- Executing dataset HouseholdPowerConsumption1_nmv --- 

        -> Running model MiniRocket  

           ===== Results =====
           MSE : 12847.94047875
           MAE : 77.12756932
           RMSE: 113.34875596
           R²  : 0.96223407

    --- Executing dataset AppliancesEnergy --- 

        -> Running model MiniRocket  

           ===== Results =====
           MSE : 6.05053768
           MAE : 2.02375559
           RMSE: 2.45978407
           R²  : 0.49924675

    --- Executing dataset BenzeneConcentration_nmv --- 

        -> Running model MiniRocket  

           ===== Results =====
           MSE : 2.23055606
           MAE : 1.05238995
           RMSE: 1.49350462
           R²  : 0.96091450

    --- Executing dataset LiveFuelMoistureContent --- 

        -> Running model MiniRocket  

           ===== Results =====
           MSE : 1893.57433477
           MAE : 33.10463451
           RMSE: 43.51521958
           R²  : -0.07354356

    --- Executing dataset BIDMC32RR --- 

        -> Running model MiniRocket  

           ===== Results =====
           MSE : 0.13248237
           MAE : 0.26423479
           RMSE: 0.36398128
           R²  : 0.98589341

    --- Executing dataset BIDMC32SpO2 --- 

        -> Running model MiniRocket  

           ===== Results =====
           MSE : 0.01553479
           MAE : 0.09309073
           RMSE: 0.12463865
           R²  : 0.99855074

    --- Executing dataset BIDMC32HR --- 

        -> Running model MiniRocket  

           ===== Results =====
           MSE : 0.17884309
           MAE : 0.29497903
           RMSE: 0.42289843
           R²  : 0.99899692

    --- Executing dataset AcousticContaminationMadrid_nmv --- 

        -> Running model MiniRocket  

           ===== Results =====
           MSE : 15.01253220
           MAE : 2.97607100
           RMSE: 3.87460091
           R²  : 0.61569618

    --- Executing dataset AluminiumConcentration --- 

        -> Running model MiniRocket  

           ===== Results =====
           MSE : 50210.39002515
           MAE : 153.47348962
           RMSE: 224.07675030
           R²  : 0.76605326

    --- Executing dataset BarCrawl6min --- 

        -> Running model MiniRocket  

           ===== Results =====
           MSE : 0.00182193
           MAE : 0.03311814
           RMSE: 0.04268407
           R²  : 0.37382631

    --- Executing dataset BeijingIntAirportPM25Quality --- 

        -> Running model MiniRocket  

           ===== Results =====
           MSE : 2928.90941059
           MAE : 40.40930867
           RMSE: 54.11939958
           R²  : 0.50642515

    --- Executing dataset BinanceCoinSentiment --- 

        -> Running model MiniRocket  

           ===== Results =====
           MSE : 0.15290585
           MAE : 0.28943990
           RMSE: 0.39103178
           R²  : -0.28805737

    --- Executing dataset BitcoinSentiment --- 

        -> Running model MiniRocket  

           ===== Results =====
           MSE : 0.03483571
           MAE : 0.14405165
           RMSE: 0.18664327
           R²  : 0.30037787

    --- Executing dataset BoronConcentration --- 

        -> Running model MiniRocket  

           ===== Results =====
           MSE : 14.84776354
           MAE : 0.58774761
           RMSE: 3.85327958
           R²  : 0.09831697

    --- Executing dataset CalciumConcentration --- 

        -> Running model MiniRocket  

           ===== Results =====
           MSE : 4139081.43451843
           MAE : 1259.97529172
           RMSE: 2034.47325726
           R²  : 0.59402657

    --- Executing dataset CardanoSentiment --- 

        -> Running model MiniRocket  

           ===== Results =====
           MSE : 0.05932612
           MAE : 0.19354161
           RMSE: 0.24356955
           R²  : -0.06680053

    --- Executing dataset ChilledWaterPredictor --- 

        -> Running model MiniRocket  

           ===== Results =====
           MSE : 1890751.15398513
           MAE : 1105.36501521
           RMSE: 1375.04587341
           R²  : -5.37368808

    --- Executing dataset CopperConcentration --- 

        -> Running model MiniRocket  

           ===== Results =====
           MSE : 1.75676186
           MAE : 0.90493508
           RMSE: 1.32542894
           R²  : 0.33352245

    --- Executing dataset Covid19Andalusia --- 

        -> Running model MiniRocket  

           ===== Results =====
           MSE : 0.00023460
           MAE : 0.00891052
           RMSE: 0.01531651
           R²  : 0.80630194

    --- Executing dataset DailyOilGasPrices --- 

        -> Running model MiniRocket  

           ===== Results =====
           MSE : 2.97721204
           MAE : 1.19895056
           RMSE: 1.72545995
           R²  : 0.47795108

    --- Executing dataset DhakaHourlyAirQuality --- 

        -> Running model MiniRocket  

           ===== Results =====
           MSE : 18.03181148
           MAE : 3.05530433
           RMSE: 4.24638805
           R²  : 0.99538653

    --- Executing dataset ElectricityPredictor --- 

        -> Running model MiniRocket  

           ===== Results =====
           MSE : 245058.14619562
           MAE : 260.68892128
           RMSE: 495.03347987
           R²  : -0.12079334

    --- Executing dataset EthereumSentiment --- 

        -> Running model MiniRocket  

           ===== Results =====
           MSE : 0.04891254
           MAE : 0.17002791
           RMSE: 0.22116181
           R²  : 0.05243840

    --- Executing dataset GasSensorArrayAcetone --- 

        -> Running model MiniRocket  

           ===== Results =====
           MSE : 0.03327586
           MAE : 0.12754201
           RMSE: 0.18241671
           R²  : 0.66910524

    --- Executing dataset GasSensorArrayEthanol --- 

        -> Running model MiniRocket  

           ===== Results =====
           MSE : 1.42900620
           MAE : 0.20576524
           RMSE: 1.19541047
           R²  : -19.15581572

    --- Executing dataset HotwaterPredictor --- 

        -> Running model MiniRocket  

           ===== Results =====
           MSE : 1843088.07394781
           MAE : 917.29275770
           RMSE: 1357.60379859
           R²  : 0.35523230

    --- Executing dataset IronConcentration --- 

        -> Running model MiniRocket  

           ===== Results =====
           MSE : 3600.43154184
           MAE : 40.85621656
           RMSE: 60.00359607
           R²  : 0.26429672

    --- Executing dataset LPGasMonitoringHomeActivity --- 

        -> Running model MiniRocket  

           ===== Results =====
           MSE : 1.47235037
           MAE : 0.87891070
           RMSE: 1.21340445
           R²  : 0.07291146

    --- Executing dataset MadridPM10Quality_nmv --- 

        -> Running model MiniRocket  

           ===== Results =====
           MSE : 59.85067927
           MAE : 5.87205793
           RMSE: 7.73632208
           R²  : 0.62515256

    --- Executing dataset MagnesiumConcentration --- 

        -> Running model MiniRocket  

           ===== Results =====
           MSE : 26533.76809621
           MAE : 82.03091066
           RMSE: 162.89189082
           R²  : 0.87553983

    --- Executing dataset ManganeseConcentration --- 

        -> Running model MiniRocket  

           ===== Results =====
           MSE : 5100.92133681
           MAE : 51.52999373
           RMSE: 71.42073464
           R²  : 0.53637157

    --- Executing dataset MethaneMonitoringHomeActivity --- 

        -> Running model MiniRocket  

           ===== Results =====
           MSE : 0.21584248
           MAE : 0.32336153
           RMSE: 0.46458851
           R²  : 0.24186959

    --- Executing dataset MetroInterstateTrafficVolume --- 

        -> Running model MiniRocket  

           ===== Results =====
           MSE : 395941.95357760
           MAE : 497.91340747
           RMSE: 629.23918630
           R²  : -0.19595217

    --- Executing dataset NaturalGasPricesSentiment --- 

        -> Running model MiniRocket  

           ===== Results =====
           MSE : 0.00405373
           MAE : 0.04893488
           RMSE: 0.06366890
           R²  : 0.39509409

    --- Executing dataset OccupancyDetectionLight --- 

        -> Running model MiniRocket  

           ===== Results =====
           MSE : 5562.23353516
           MAE : 54.23602667
           RMSE: 74.58038305
           R²  : 0.86571576

    --- Executing dataset ParkingBirmingham_eq --- 

        -> Running model MiniRocket  

           ===== Results =====
           MSE : 0.01796637
           MAE : 0.10188407
           RMSE: 0.13403870
           R²  : 0.63367969

    --- Executing dataset PhosphorusConcentration --- 

        -> Running model MiniRocket  

           ===== Results =====
           MSE : 349.71955491
           MAE : 10.89955475
           RMSE: 18.70079022
           R²  : 0.22824702

    --- Executing dataset PotassiumConcentration --- 

        -> Running model MiniRocket  

           ===== Results =====
           MSE : 48228.38413399
           MAE : 93.41240516
           RMSE: 219.60961758
           R²  : 0.63250829

    --- Executing dataset PrecipitationAndalusia_nmv --- 

        -> Running model MiniRocket  

           ===== Results =====
           MSE : 0.11213425
           MAE : 0.24858369
           RMSE: 0.33486452
           R²  : 0.66292834

    --- Executing dataset SierraNevadaMountainsSnow --- 

        -> Running model MiniRocket  

           ===== Results =====
           MSE : 2074.50768944
           MAE : 26.79342112
           RMSE: 45.54676376
           R²  : 0.82676080

    --- Executing dataset SodiumConcentration --- 

        -> Running model MiniRocket  

           ===== Results =====
           MSE : 136204.75593578
           MAE : 175.66509250
           RMSE: 369.05928512
           R²  : -0.17201462

    --- Executing dataset SolarRadiationAndalusia_nmv --- 

        -> Running model MiniRocket  

           ===== Results =====
           MSE : 0.43655986
           MAE : 0.50931027
           RMSE: 0.66072676
           R²  : 0.31222587

    --- Executing dataset SteamPredictor --- 

        -> Running model MiniRocket  

           ===== Results =====
           MSE : 786364902.34514403
           MAE : 19039.86759068
           RMSE: 28042.19860042
           R²  : 0.07318389

    --- Executing dataset SulphurConcentration --- 

        -> Running model MiniRocket  

           ===== Results =====
           MSE : 10319.45212576
           MAE : 63.84616278
           RMSE: 101.58470419
           R²  : -5.57188532

    --- Executing dataset WaveDataTension --- 

        -> Running model MiniRocket  

           ===== Results =====
           MSE : 219.45686165
           MAE : 11.52013249
           RMSE: 14.81407647
           R²  : 0.26617765

    --- Executing dataset WindTurbinePower --- 

        -> Running model MiniRocket  

           ===== Results =====
           MSE : 9717.05673727
           MAE : 69.83810267
           RMSE: 98.57513245
           R²  : 0.98731432

    --- Executing dataset ZincConcentration --- 

        -> Running model MiniRocket  

           ===== Results =====
           MSE : 1.79958857
           MAE : 0.80926698
           RMSE: 1.34148745
           R²  : 0.16811058

    --- Executing dataset ElectricMotorTemperature --- 

        -> Running model MiniRocket  

           ===== Results =====
           MSE : 48.82383061
           MAE : 5.23671949
           RMSE: 6.98740514
           R²  : 0.86465424

    --- Executing dataset DailyTemperatureLatitude --- 

        -> Running model MiniRocket  

           ===== Results =====
           MSE : 9.07168009
           MAE : 2.20532388
           RMSE: 3.01192299
           R²  : 0.98002181

    --- Executing dataset BeijingPM10Quality_nmv --- 

        -> Running model MiniRocket  

           ===== Results =====
           MSE : 7309.89036036
           MAE : 56.88652771
           RMSE: 85.49789682
           R²  : 0.57058063

    --- Executing dataset BeijingPM25Quality_nmv --- 

        -> Running model MiniRocket  

           ===== Results =====
           MSE : 2930.69544175
           MAE : 36.55190562
           RMSE: 54.13589790
           R²  : 0.75538341

 === Started run 9 === 

    --- Executing dataset Covid3Month --- 

        -> Running model MiniRocket  

           ===== Results =====
           MSE : 0.01729721
           MAE : 0.05529455
           RMSE: 0.13151886
           R²  : -6.40390271

    --- Executing dataset FloodModeling1 --- 

        -> Running model MiniRocket  

           ===== Results =====
           MSE : 0.00022525
           MAE : 0.00516784
           RMSE: 0.01500841
           R²  : 0.64978284

    --- Executing dataset FloodModeling2 --- 

        -> Running model MiniRocket  

           ===== Results =====
           MSE : 0.00002348
           MAE : 0.00256550
           RMSE: 0.00484527
           R²  : 0.83521921

    --- Executing dataset FloodModeling3 --- 

        -> Running model MiniRocket  

           ===== Results =====
           MSE : 0.00001700
           MAE : 0.00297291
           RMSE: 0.00412257
           R²  : 0.95422967

    --- Executing dataset IEEEPPG --- 

        -> Running model MiniRocket  

           ===== Results =====
           MSE : 37.37698263
           MAE : 4.66503143
           RMSE: 6.11367178
           R²  : 0.95603686

    --- Executing dataset HouseholdPowerConsumption2_nmv --- 

        -> Running model MiniRocket  

           ===== Results =====
           MSE : 709.50906768
           MAE : 20.08076399
           RMSE: 26.63661142
           R²  : 0.70207662

    --- Executing dataset HouseholdPowerConsumption1_nmv --- 

        -> Running model MiniRocket  

           ===== Results =====
           MSE : 14901.39730145
           MAE : 77.17994829
           RMSE: 122.07127959
           R²  : 0.95840280

    --- Executing dataset AppliancesEnergy --- 

        -> Running model MiniRocket  

           ===== Results =====
           MSE : 7.34669092
           MAE : 2.11033170
           RMSE: 2.71047799
           R²  : 0.36989260

    --- Executing dataset BenzeneConcentration_nmv --- 

        -> Running model MiniRocket  

           ===== Results =====
           MSE : 2.64389247
           MAE : 1.09325156
           RMSE: 1.62600506
           R²  : 0.95216456

    --- Executing dataset LiveFuelMoistureContent --- 

        -> Running model MiniRocket  

           ===== Results =====
           MSE : 1703.97374001
           MAE : 31.74340467
           RMSE: 41.27921680
           R²  : -0.06204012

    --- Executing dataset BIDMC32RR --- 

        -> Running model MiniRocket  

           ===== Results =====
           MSE : 0.16091784
           MAE : 0.27980119
           RMSE: 0.40114566
           R²  : 0.98273321

    --- Executing dataset BIDMC32SpO2 --- 

        -> Running model MiniRocket  

           ===== Results =====
           MSE : 0.01515821
           MAE : 0.09334377
           RMSE: 0.12311869
           R²  : 0.99864067

    --- Executing dataset BIDMC32HR --- 

        -> Running model MiniRocket  

           ===== Results =====
           MSE : 0.18485879
           MAE : 0.30410384
           RMSE: 0.42995208
           R²  : 0.99893159

    --- Executing dataset AcousticContaminationMadrid_nmv --- 

        -> Running model MiniRocket  

           ===== Results =====
           MSE : 20.69673207
           MAE : 3.39745315
           RMSE: 4.54936612
           R²  : 0.63544436

    --- Executing dataset AluminiumConcentration --- 

        -> Running model MiniRocket  

           ===== Results =====
           MSE : 66787.45465677
           MAE : 150.95652663
           RMSE: 258.43268883
           R²  : 0.75737208

    --- Executing dataset BarCrawl6min --- 

        -> Running model MiniRocket  

           ===== Results =====
           MSE : 0.00197253
           MAE : 0.03234830
           RMSE: 0.04441322
           R²  : 0.46725124

    --- Executing dataset BeijingIntAirportPM25Quality --- 

        -> Running model MiniRocket  

           ===== Results =====
           MSE : 2987.65564624
           MAE : 40.55869600
           RMSE: 54.65945157
           R²  : 0.46571382

    --- Executing dataset BinanceCoinSentiment --- 

        -> Running model MiniRocket  

           ===== Results =====
           MSE : 0.14361470
           MAE : 0.31459415
           RMSE: 0.37896530
           R²  : -0.13807129

    --- Executing dataset BitcoinSentiment --- 

        -> Running model MiniRocket  

           ===== Results =====
           MSE : 0.03755244
           MAE : 0.14489240
           RMSE: 0.19378452
           R²  : 0.40680648

    --- Executing dataset BoronConcentration --- 

        -> Running model MiniRocket  

           ===== Results =====
           MSE : 0.90490751
           MAE : 0.55162350
           RMSE: 0.95126627
           R²  : -4.81738763

    --- Executing dataset CalciumConcentration --- 

        -> Running model MiniRocket  

           ===== Results =====
           MSE : 3806068.03211784
           MAE : 1296.22140063
           RMSE: 1950.91466551
           R²  : 0.77557901

    --- Executing dataset CardanoSentiment --- 

        -> Running model MiniRocket  

           ===== Results =====
           MSE : 0.11134685
           MAE : 0.24675349
           RMSE: 0.33368676
           R²  : -0.42130604

    --- Executing dataset ChilledWaterPredictor --- 

        -> Running model MiniRocket  

           ===== Results =====
           MSE : 6147302.22245091
           MAE : 1242.41935517
           RMSE: 2479.37536941
           R²  : -0.21334642

    --- Executing dataset CopperConcentration --- 

        -> Running model MiniRocket  

           ===== Results =====
           MSE : 4.79455122
           MAE : 0.94134906
           RMSE: 2.18964637
           R²  : 0.33066274

    --- Executing dataset Covid19Andalusia --- 

        -> Running model MiniRocket  

           ===== Results =====
           MSE : 0.00017940
           MAE : 0.00989375
           RMSE: 0.01339389
           R²  : 0.76831325

    --- Executing dataset DailyOilGasPrices --- 

        -> Running model MiniRocket  

           ===== Results =====
           MSE : 2.95407887
           MAE : 1.19008911
           RMSE: 1.71874340
           R²  : 0.42167478

    --- Executing dataset DhakaHourlyAirQuality --- 

        -> Running model MiniRocket  

           ===== Results =====
           MSE : 15.03256858
           MAE : 2.84726667
           RMSE: 3.87718565
           R²  : 0.99650202

    --- Executing dataset ElectricityPredictor --- 

        -> Running model MiniRocket  

           ===== Results =====
           MSE : 304366.51414032
           MAE : 293.16427132
           RMSE: 551.69422159
           R²  : -0.20306270

    --- Executing dataset EthereumSentiment --- 

        -> Running model MiniRocket  

           ===== Results =====
           MSE : 0.05578002
           MAE : 0.18139424
           RMSE: 0.23617795
           R²  : 0.03698009

    --- Executing dataset GasSensorArrayAcetone --- 

        -> Running model MiniRocket  

           ===== Results =====
           MSE : 0.04374146
           MAE : 0.13188670
           RMSE: 0.20914460
           R²  : 0.45111738

    --- Executing dataset GasSensorArrayEthanol --- 

        -> Running model MiniRocket  

           ===== Results =====
           MSE : 0.02354579
           MAE : 0.11213692
           RMSE: 0.15344637
           R²  : 0.80860258

    --- Executing dataset HotwaterPredictor --- 

        -> Running model MiniRocket  

           ===== Results =====
           MSE : 1280505.02261579
           MAE : 795.08715170
           RMSE: 1131.59401846
           R²  : 0.05991430

    --- Executing dataset IronConcentration --- 

        -> Running model MiniRocket  

           ===== Results =====
           MSE : 3234.19730911
           MAE : 39.87887315
           RMSE: 56.87000360
           R²  : 0.43258418

    --- Executing dataset LPGasMonitoringHomeActivity --- 

        -> Running model MiniRocket  

           ===== Results =====
           MSE : 1.47652213
           MAE : 0.87091494
           RMSE: 1.21512227
           R²  : 0.10801698

    --- Executing dataset MadridPM10Quality_nmv --- 

        -> Running model MiniRocket  

           ===== Results =====
           MSE : 60.30901501
           MAE : 5.91900465
           RMSE: 7.76588791
           R²  : 0.63597148

    --- Executing dataset MagnesiumConcentration --- 

        -> Running model MiniRocket  

           ===== Results =====
           MSE : 17883.04659531
           MAE : 83.94691341
           RMSE: 133.72750875
           R²  : 0.92538341

    --- Executing dataset ManganeseConcentration --- 

        -> Running model MiniRocket  

           ===== Results =====
           MSE : 6073.61283500
           MAE : 55.69819870
           RMSE: 77.93338716
           R²  : 0.49990729

    --- Executing dataset MethaneMonitoringHomeActivity --- 

        -> Running model MiniRocket  

           ===== Results =====
           MSE : 0.25984100
           MAE : 0.33850188
           RMSE: 0.50974602
           R²  : 0.23983946

    --- Executing dataset MetroInterstateTrafficVolume --- 

        -> Running model MiniRocket  

           ===== Results =====
           MSE : 361758.44577056
           MAE : 508.39366330
           RMSE: 601.46358640
           R²  : -0.34746733

    --- Executing dataset NaturalGasPricesSentiment --- 

        -> Running model MiniRocket  

           ===== Results =====
           MSE : 0.00261596
           MAE : 0.04111608
           RMSE: 0.05114642
           R²  : 0.61323454

    --- Executing dataset OccupancyDetectionLight --- 

        -> Running model MiniRocket  

           ===== Results =====
           MSE : 6429.43922366
           MAE : 60.14870425
           RMSE: 80.18378404
           R²  : 0.82648006

    --- Executing dataset ParkingBirmingham_eq --- 

        -> Running model MiniRocket  

           ===== Results =====
           MSE : 0.01822958
           MAE : 0.10287195
           RMSE: 0.13501698
           R²  : 0.62955050

    --- Executing dataset PhosphorusConcentration --- 

        -> Running model MiniRocket  

           ===== Results =====
           MSE : 514.81528596
           MAE : 10.01731602
           RMSE: 22.68954133
           R²  : 0.32885534

    --- Executing dataset PotassiumConcentration --- 

        -> Running model MiniRocket  

           ===== Results =====
           MSE : 47352.29459124
           MAE : 88.38604569
           RMSE: 217.60582389
           R²  : 0.62938619

    --- Executing dataset PrecipitationAndalusia_nmv --- 

        -> Running model MiniRocket  

           ===== Results =====
           MSE : 0.11113613
           MAE : 0.24691298
           RMSE: 0.33337086
           R²  : 0.63974584

    --- Executing dataset SierraNevadaMountainsSnow --- 

        -> Running model MiniRocket  

           ===== Results =====
           MSE : 1739.79992509
           MAE : 29.90425921
           RMSE: 41.71090895
           R²  : 0.76545802

    --- Executing dataset SodiumConcentration --- 

        -> Running model MiniRocket  

           ===== Results =====
           MSE : 72411.76974054
           MAE : 168.49756263
           RMSE: 269.09435100
           R²  : -1.82262377

    --- Executing dataset SolarRadiationAndalusia_nmv --- 

        -> Running model MiniRocket  

           ===== Results =====
           MSE : 0.42455411
           MAE : 0.50437560
           RMSE: 0.65157817
           R²  : 0.31332228

    --- Executing dataset SteamPredictor --- 

        -> Running model MiniRocket  

           ===== Results =====
           MSE : 764272591.16061401
           MAE : 17223.93342557
           RMSE: 27645.48048345
           R²  : -0.10707144

    --- Executing dataset SulphurConcentration --- 

        -> Running model MiniRocket  

           ===== Results =====
           MSE : 11911.67082188
           MAE : 69.18367971
           RMSE: 109.14060116
           R²  : -0.55910089

    --- Executing dataset WaveDataTension --- 

        -> Running model MiniRocket  

           ===== Results =====
           MSE : 230.91654333
           MAE : 12.10877160
           RMSE: 15.19593838
           R²  : 0.24916326

    --- Executing dataset WindTurbinePower --- 

        -> Running model MiniRocket  

           ===== Results =====
           MSE : 8989.00667071
           MAE : 66.81027751
           RMSE: 94.81037217
           R²  : 0.98823494

    --- Executing dataset ZincConcentration --- 

        -> Running model MiniRocket  

           ===== Results =====
           MSE : 1.77864998
           MAE : 0.89875987
           RMSE: 1.33366037
           R²  : 0.01579731

    --- Executing dataset ElectricMotorTemperature --- 

        -> Running model MiniRocket  

           ===== Results =====
           MSE : 49.25378329
           MAE : 5.18857337
           RMSE: 7.01810397
           R²  : 0.86585087

    --- Executing dataset DailyTemperatureLatitude --- 

        -> Running model MiniRocket  

           ===== Results =====
           MSE : 9.29309064
           MAE : 2.22783271
           RMSE: 3.04845709
           R²  : 0.97968886

    --- Executing dataset BeijingPM10Quality_nmv --- 

        -> Running model MiniRocket  

           ===== Results =====
           MSE : 6904.55211663
           MAE : 55.74476727
           RMSE: 83.09363463
           R²  : 0.58942098

    --- Executing dataset BeijingPM25Quality_nmv --- 

        -> Running model MiniRocket  

           ===== Results =====
           MSE : 2949.81308093
           MAE : 37.28313164
           RMSE: 54.31218170
           R²  : 0.75001706

 === Started run 10 === 

    --- Executing dataset Covid3Month --- 

        -> Running model MiniRocket  

           ===== Results =====
           MSE : 0.00165842
           MAE : 0.03194133
           RMSE: 0.04072369
           R²  : 0.18520877

    --- Executing dataset FloodModeling1 --- 

        -> Running model MiniRocket  

           ===== Results =====
           MSE : 0.00003997
           MAE : 0.00488517
           RMSE: 0.00632219
           R²  : 0.88366472

    --- Executing dataset FloodModeling2 --- 

        -> Running model MiniRocket  

           ===== Results =====
           MSE : 0.00008130
           MAE : 0.00322481
           RMSE: 0.00901640
           R²  : 0.27556339

    --- Executing dataset FloodModeling3 --- 

        -> Running model MiniRocket  

           ===== Results =====
           MSE : 0.00003162
           MAE : 0.00389063
           RMSE: 0.00562344
           R²  : 0.93035184

    --- Executing dataset IEEEPPG --- 

        -> Running model MiniRocket  

           ===== Results =====
           MSE : 47.98491509
           MAE : 5.07731923
           RMSE: 6.92711449
           R²  : 0.94582791

    --- Executing dataset HouseholdPowerConsumption2_nmv --- 

        -> Running model MiniRocket  

           ===== Results =====
           MSE : 751.24285461
           MAE : 20.11819410
           RMSE: 27.40880980
           R²  : 0.69443749

    --- Executing dataset HouseholdPowerConsumption1_nmv --- 

        -> Running model MiniRocket  

           ===== Results =====
           MSE : 12987.90779059
           MAE : 77.66048858
           RMSE: 113.96450233
           R²  : 0.96547657

    --- Executing dataset AppliancesEnergy --- 

        -> Running model MiniRocket  

           ===== Results =====
           MSE : 4.79858717
           MAE : 1.73997762
           RMSE: 2.19056777
           R²  : 0.69051908

    --- Executing dataset BenzeneConcentration_nmv --- 

        -> Running model MiniRocket  

           ===== Results =====
           MSE : 2.38332675
           MAE : 1.04451441
           RMSE: 1.54380269
           R²  : 0.95833198

    --- Executing dataset LiveFuelMoistureContent --- 

        -> Running model MiniRocket  

           ===== Results =====
           MSE : 1704.55916210
           MAE : 31.28480335
           RMSE: 41.28630720
           R²  : -0.01955411

    --- Executing dataset BIDMC32RR --- 

        -> Running model MiniRocket  

           ===== Results =====
           MSE : 0.14963760
           MAE : 0.27146155
           RMSE: 0.38683019
           R²  : 0.98411398

    --- Executing dataset BIDMC32SpO2 --- 

        -> Running model MiniRocket  

           ===== Results =====
           MSE : 0.01563646
           MAE : 0.09170972
           RMSE: 0.12504582
           R²  : 0.99861208

    --- Executing dataset BIDMC32HR --- 

        -> Running model MiniRocket  

           ===== Results =====
           MSE : 0.16831170
           MAE : 0.29270068
           RMSE: 0.41025809
           R²  : 0.99905350

    --- Executing dataset AcousticContaminationMadrid_nmv --- 

        -> Running model MiniRocket  

           ===== Results =====
           MSE : 15.86526237
           MAE : 3.01777672
           RMSE: 3.98312219
           R²  : 0.56639068

    --- Executing dataset AluminiumConcentration --- 

        -> Running model MiniRocket  

           ===== Results =====
           MSE : 70603.45281582
           MAE : 166.56446034
           RMSE: 265.71310245
           R²  : 0.73387402

    --- Executing dataset BarCrawl6min --- 

        -> Running model MiniRocket  

           ===== Results =====
           MSE : 0.00232132
           MAE : 0.03461558
           RMSE: 0.04818004
           R²  : 0.18423016

    --- Executing dataset BeijingIntAirportPM25Quality --- 

        -> Running model MiniRocket  

           ===== Results =====
           MSE : 2929.76915866
           MAE : 40.69725583
           RMSE: 54.12734206
           R²  : 0.51047088

    --- Executing dataset BinanceCoinSentiment --- 

        -> Running model MiniRocket  

           ===== Results =====
           MSE : 0.17416336
           MAE : 0.32920539
           RMSE: 0.41732884
           R²  : -0.25139313

    --- Executing dataset BitcoinSentiment --- 

        -> Running model MiniRocket  

           ===== Results =====
           MSE : 0.05112437
           MAE : 0.15909223
           RMSE: 0.22610698
           R²  : 0.34883351

    --- Executing dataset BoronConcentration --- 

        -> Running model MiniRocket  

           ===== Results =====
           MSE : 3.46533744
           MAE : 0.79782921
           RMSE: 1.86154168
           R²  : -0.54427140

    --- Executing dataset CalciumConcentration --- 

        -> Running model MiniRocket  

           ===== Results =====
           MSE : 3769846.36557848
           MAE : 1108.63552635
           RMSE: 1941.60922062
           R²  : 0.64696015

    --- Executing dataset CardanoSentiment --- 

        -> Running model MiniRocket  

           ===== Results =====
           MSE : 0.07120597
           MAE : 0.19552073
           RMSE: 0.26684447
           R²  : -0.01844734

    --- Executing dataset ChilledWaterPredictor --- 

        -> Running model MiniRocket  

           ===== Results =====
           MSE : 10578967.04033489
           MAE : 1190.50261770
           RMSE: 3252.53240419
           R²  : 0.02465492

    --- Executing dataset CopperConcentration --- 

        -> Running model MiniRocket  

           ===== Results =====
           MSE : 3.73808253
           MAE : 0.94128141
           RMSE: 1.93341215
           R²  : 0.33833522

    --- Executing dataset Covid19Andalusia --- 

        -> Running model MiniRocket  

           ===== Results =====
           MSE : 0.00014776
           MAE : 0.00889601
           RMSE: 0.01215580
           R²  : 0.89255582

    --- Executing dataset DailyOilGasPrices --- 

        -> Running model MiniRocket  

           ===== Results =====
           MSE : 2.14406151
           MAE : 1.07341672
           RMSE: 1.46426142
           R²  : 0.33559858

    --- Executing dataset DhakaHourlyAirQuality --- 

        -> Running model MiniRocket  

           ===== Results =====
           MSE : 14.87070428
           MAE : 2.71958189
           RMSE: 3.85625521
           R²  : 0.99618796

    --- Executing dataset ElectricityPredictor --- 

        -> Running model MiniRocket  

           ===== Results =====
           MSE : 294473.48459651
           MAE : 315.99901290
           RMSE: 542.65411138
           R²  : -0.55737402

    --- Executing dataset EthereumSentiment --- 

        -> Running model MiniRocket  

           ===== Results =====
           MSE : 0.05126212
           MAE : 0.18273358
           RMSE: 0.22641140
           R²  : 0.06637592

    --- Executing dataset GasSensorArrayAcetone --- 

        -> Running model MiniRocket  

           ===== Results =====
           MSE : 0.02790334
           MAE : 0.12007949
           RMSE: 0.16704292
           R²  : 0.70031923

    --- Executing dataset GasSensorArrayEthanol --- 

        -> Running model MiniRocket  

           ===== Results =====
           MSE : 0.04344375
           MAE : 0.11597370
           RMSE: 0.20843163
           R²  : 0.57737869

    --- Executing dataset HotwaterPredictor --- 

        -> Running model MiniRocket  

           ===== Results =====
           MSE : 1365875.72314133
           MAE : 801.44406424
           RMSE: 1168.70685937
           R²  : 0.39814617

    --- Executing dataset IronConcentration --- 

        -> Running model MiniRocket  

           ===== Results =====
           MSE : 4233.81758003
           MAE : 45.07884766
           RMSE: 65.06779219
           R²  : 0.37039086

    --- Executing dataset LPGasMonitoringHomeActivity --- 

        -> Running model MiniRocket  

           ===== Results =====
           MSE : 1.43235128
           MAE : 0.89386858
           RMSE: 1.19680879
           R²  : 0.10343766

    --- Executing dataset MadridPM10Quality_nmv --- 

        -> Running model MiniRocket  

           ===== Results =====
           MSE : 61.11742179
           MAE : 5.80364913
           RMSE: 7.81776322
           R²  : 0.65176517

    --- Executing dataset MagnesiumConcentration --- 

        -> Running model MiniRocket  

           ===== Results =====
           MSE : 21137.79963561
           MAE : 80.38994428
           RMSE: 145.38844395
           R²  : 0.90978962

    --- Executing dataset ManganeseConcentration --- 

        -> Running model MiniRocket  

           ===== Results =====
           MSE : 4509.14224691
           MAE : 47.34275015
           RMSE: 67.15014704
           R²  : 0.59622377

    --- Executing dataset MethaneMonitoringHomeActivity --- 

        -> Running model MiniRocket  

           ===== Results =====
           MSE : 0.27988786
           MAE : 0.35629706
           RMSE: 0.52904429
           R²  : 0.27677493

    --- Executing dataset MetroInterstateTrafficVolume --- 

        -> Running model MiniRocket  

           ===== Results =====
           MSE : 356132.92737631
           MAE : 486.73729583
           RMSE: 596.76873861
           R²  : -0.07730826

    --- Executing dataset NaturalGasPricesSentiment --- 

        -> Running model MiniRocket  

           ===== Results =====
           MSE : 0.00421800
           MAE : 0.05417564
           RMSE: 0.06494615
           R²  : 0.44563299

    --- Executing dataset OccupancyDetectionLight --- 

        -> Running model MiniRocket  

           ===== Results =====
           MSE : 5675.42527005
           MAE : 56.53954723
           RMSE: 75.33541843
           R²  : 0.85842891

    --- Executing dataset ParkingBirmingham_eq --- 

        -> Running model MiniRocket  

           ===== Results =====
           MSE : 0.02026017
           MAE : 0.10900243
           RMSE: 0.14233822
           R²  : 0.61152810

    --- Executing dataset PhosphorusConcentration --- 

        -> Running model MiniRocket  

           ===== Results =====
           MSE : 535.37161074
           MAE : 9.99553965
           RMSE: 23.13809868
           R²  : 0.46674274

    --- Executing dataset PotassiumConcentration --- 

        -> Running model MiniRocket  

           ===== Results =====
           MSE : 36528.20030246
           MAE : 95.85414797
           RMSE: 191.12352106
           R²  : 0.51197568

    --- Executing dataset PrecipitationAndalusia_nmv --- 

        -> Running model MiniRocket  

           ===== Results =====
           MSE : 0.14406215
           MAE : 0.26098432
           RMSE: 0.37955520
           R²  : 0.65990082

    --- Executing dataset SierraNevadaMountainsSnow --- 

        -> Running model MiniRocket  

           ===== Results =====
           MSE : 1614.18873450
           MAE : 24.47112072
           RMSE: 40.17696771
           R²  : 0.83509432

    --- Executing dataset SodiumConcentration --- 

        -> Running model MiniRocket  

           ===== Results =====
           MSE : 184495.41190736
           MAE : 190.61890547
           RMSE: 429.52929109
           R²  : -0.02956805

    --- Executing dataset SolarRadiationAndalusia_nmv --- 

        -> Running model MiniRocket  

           ===== Results =====
           MSE : 0.45417393
           MAE : 0.51975404
           RMSE: 0.67392428
           R²  : 0.27512328

    --- Executing dataset SteamPredictor --- 

        -> Running model MiniRocket  

           ===== Results =====
           MSE : 455977451.17844284
           MAE : 17235.76114414
           RMSE: 21353.62852488
           R²  : -2.62523164

    --- Executing dataset SulphurConcentration --- 

        -> Running model MiniRocket  

           ===== Results =====
           MSE : 12499.94412435
           MAE : 69.02144253
           RMSE: 111.80314899
           R²  : -2.75479499

    --- Executing dataset WaveDataTension --- 

        -> Running model MiniRocket  

           ===== Results =====
           MSE : 215.82384408
           MAE : 11.71668193
           RMSE: 14.69094429
           R²  : 0.27604628

    --- Executing dataset WindTurbinePower --- 

        -> Running model MiniRocket  

           ===== Results =====
           MSE : 6791.44367982
           MAE : 60.02650410
           RMSE: 82.41021587
           R²  : 0.99188076

    --- Executing dataset ZincConcentration --- 

        -> Running model MiniRocket  

           ===== Results =====
           MSE : 1.46979690
           MAE : 0.88010147
           RMSE: 1.21235181
           R²  : -0.27875767

    --- Executing dataset ElectricMotorTemperature --- 

        -> Running model MiniRocket  

           ===== Results =====
           MSE : 49.82608063
           MAE : 5.24629314
           RMSE: 7.05875914
           R²  : 0.86323896

    --- Executing dataset DailyTemperatureLatitude --- 

        -> Running model MiniRocket  

           ===== Results =====
           MSE : 9.33557776
           MAE : 2.23255001
           RMSE: 3.05541777
           R²  : 0.97957403

    --- Executing dataset BeijingPM10Quality_nmv --- 

        -> Running model MiniRocket  

           ===== Results =====
           MSE : 7158.98080313
           MAE : 56.30230774
           RMSE: 84.61076056
           R²  : 0.54929218

    --- Executing dataset BeijingPM25Quality_nmv --- 

        -> Running model MiniRocket  

           ===== Results =====
           MSE : 2681.25120707
           MAE : 36.74375221
           RMSE: 51.78079960
           R²  : 0.75580816

 === Started run 11 === 

    --- Executing dataset Covid3Month --- 

        -> Running model MiniRocket  

           ===== Results =====
           MSE : 0.00165243
           MAE : 0.02974542
           RMSE: 0.04065007
           R²  : 0.18156450

    --- Executing dataset FloodModeling1 --- 

        -> Running model MiniRocket  

           ===== Results =====
           MSE : 0.00004630
           MAE : 0.00477582
           RMSE: 0.00680462
           R²  : 0.87523036

    --- Executing dataset FloodModeling2 --- 

        -> Running model MiniRocket  

           ===== Results =====
           MSE : 0.00002867
           MAE : 0.00264814
           RMSE: 0.00535437
           R²  : 0.78898432

    --- Executing dataset FloodModeling3 --- 

        -> Running model MiniRocket  

           ===== Results =====
           MSE : 0.00002564
           MAE : 0.00337988
           RMSE: 0.00506313
           R²  : 0.92627106

    --- Executing dataset IEEEPPG --- 

        -> Running model MiniRocket  

           ===== Results =====
           MSE : 41.96642227
           MAE : 4.75778751
           RMSE: 6.47814960
           R²  : 0.94998117

    --- Executing dataset HouseholdPowerConsumption2_nmv --- 

        -> Running model MiniRocket  

           ===== Results =====
           MSE : 728.34893810
           MAE : 19.51779942
           RMSE: 26.98794060
           R²  : 0.71945857

    --- Executing dataset HouseholdPowerConsumption1_nmv --- 

        -> Running model MiniRocket  

           ===== Results =====
           MSE : 17310.68393148
           MAE : 76.92554505
           RMSE: 131.57007232
           R²  : 0.95562669

    --- Executing dataset AppliancesEnergy --- 

        -> Running model MiniRocket  

           ===== Results =====
           MSE : 5.09573341
           MAE : 1.73740220
           RMSE: 2.25737312
           R²  : 0.66742789

    --- Executing dataset BenzeneConcentration_nmv --- 

        -> Running model MiniRocket  

           ===== Results =====
           MSE : 2.56056929
           MAE : 1.10875686
           RMSE: 1.60017789
           R²  : 0.95420019

    --- Executing dataset LiveFuelMoistureContent --- 

        -> Running model MiniRocket  

           ===== Results =====
           MSE : 1896.81619780
           MAE : 32.69444857
           RMSE: 43.55245341
           R²  : -0.07576468

    --- Executing dataset BIDMC32RR --- 

        -> Running model MiniRocket  

           ===== Results =====
           MSE : 0.16030259
           MAE : 0.27244799
           RMSE: 0.40037806
           R²  : 0.98345642

    --- Executing dataset BIDMC32SpO2 --- 

        -> Running model MiniRocket  

           ===== Results =====
           MSE : 0.01668898
           MAE : 0.09647836
           RMSE: 0.12918585
           R²  : 0.99843858

    --- Executing dataset BIDMC32HR --- 

        -> Running model MiniRocket  

           ===== Results =====
           MSE : 0.17753492
           MAE : 0.29891531
           RMSE: 0.42134893
           R²  : 0.99904540

    --- Executing dataset AcousticContaminationMadrid_nmv --- 

        -> Running model MiniRocket  

           ===== Results =====
           MSE : 12.42767927
           MAE : 2.88030550
           RMSE: 3.52529137
           R²  : 0.69583626

    --- Executing dataset AluminiumConcentration --- 

        -> Running model MiniRocket  

           ===== Results =====
           MSE : 41154.21512777
           MAE : 149.78962174
           RMSE: 202.86501701
           R²  : 0.70182043

    --- Executing dataset BarCrawl6min --- 

        -> Running model MiniRocket  

           ===== Results =====
           MSE : 0.00295223
           MAE : 0.04355853
           RMSE: 0.05433440
           R²  : 0.05217120

    --- Executing dataset BeijingIntAirportPM25Quality --- 

        -> Running model MiniRocket  

           ===== Results =====
           MSE : 2694.84981740
           MAE : 39.47394941
           RMSE: 51.91194292
           R²  : 0.52143774

    --- Executing dataset BinanceCoinSentiment --- 

        -> Running model MiniRocket  

           ===== Results =====
           MSE : 0.16496310
           MAE : 0.32382484
           RMSE: 0.40615650
           R²  : -0.15825858

    --- Executing dataset BitcoinSentiment --- 

        -> Running model MiniRocket  

           ===== Results =====
           MSE : 0.03145518
           MAE : 0.13352792
           RMSE: 0.17735609
           R²  : 0.41324791

    --- Executing dataset BoronConcentration --- 

        -> Running model MiniRocket  

           ===== Results =====
           MSE : 13.81626602
           MAE : 0.91291381
           RMSE: 3.71702381
           R²  : -6.03174017

    --- Executing dataset CalciumConcentration --- 

        -> Running model MiniRocket  

           ===== Results =====
           MSE : 6620207.10950776
           MAE : 1287.70473935
           RMSE: 2572.97631344
           R²  : 0.64353237

    --- Executing dataset CardanoSentiment --- 

        -> Running model MiniRocket  

           ===== Results =====
           MSE : 0.08210178
           MAE : 0.22977096
           RMSE: 0.28653408
           R²  : -0.20741215

    --- Executing dataset ChilledWaterPredictor --- 

        -> Running model MiniRocket  

           ===== Results =====
           MSE : 8305255.09501580
           MAE : 1303.93939870
           RMSE: 2881.88394892
           R²  : -0.08161300

    --- Executing dataset CopperConcentration --- 

        -> Running model MiniRocket  

           ===== Results =====
           MSE : 3.30979982
           MAE : 0.89378114
           RMSE: 1.81928552
           R²  : 0.32234214

    --- Executing dataset Covid19Andalusia --- 

        -> Running model MiniRocket  

           ===== Results =====
           MSE : 0.00009786
           MAE : 0.00772649
           RMSE: 0.00989254
           R²  : 0.86253872

    --- Executing dataset DailyOilGasPrices --- 

        -> Running model MiniRocket  

           ===== Results =====
           MSE : 1.98450479
           MAE : 0.99468462
           RMSE: 1.40872453
           R²  : 0.51369049

    --- Executing dataset DhakaHourlyAirQuality --- 

        -> Running model MiniRocket  

           ===== Results =====
           MSE : 17.83300315
           MAE : 2.85449100
           RMSE: 4.22291406
           R²  : 0.99551806

    --- Executing dataset ElectricityPredictor --- 

        -> Running model MiniRocket  

           ===== Results =====
           MSE : 282856.30470421
           MAE : 292.24299513
           RMSE: 531.84236829
           R²  : -0.43338224

    --- Executing dataset EthereumSentiment --- 

        -> Running model MiniRocket  

           ===== Results =====
           MSE : 0.06450805
           MAE : 0.19352131
           RMSE: 0.25398436
           R²  : 0.11411558

    --- Executing dataset GasSensorArrayAcetone --- 

        -> Running model MiniRocket  

           ===== Results =====
           MSE : 0.02748068
           MAE : 0.12045847
           RMSE: 0.16577299
           R²  : 0.71029401

    --- Executing dataset GasSensorArrayEthanol --- 

        -> Running model MiniRocket  

           ===== Results =====
           MSE : 0.03477873
           MAE : 0.12094573
           RMSE: 0.18649057
           R²  : 0.63083700

    --- Executing dataset HotwaterPredictor --- 

        -> Running model MiniRocket  

           ===== Results =====
           MSE : 1422406.64806915
           MAE : 777.68404486
           RMSE: 1192.64690838
           R²  : 0.23825712

    --- Executing dataset IronConcentration --- 

        -> Running model MiniRocket  

           ===== Results =====
           MSE : 4197.51815880
           MAE : 44.01465697
           RMSE: 64.78825633
           R²  : 0.35022424

    --- Executing dataset LPGasMonitoringHomeActivity --- 

        -> Running model MiniRocket  

           ===== Results =====
           MSE : 1.39161297
           MAE : 0.89676258
           RMSE: 1.17966646
           R²  : 0.07876567

    --- Executing dataset MadridPM10Quality_nmv --- 

        -> Running model MiniRocket  

           ===== Results =====
           MSE : 58.34965161
           MAE : 5.76874630
           RMSE: 7.63869437
           R²  : 0.62806122

    --- Executing dataset MagnesiumConcentration --- 

        -> Running model MiniRocket  

           ===== Results =====
           MSE : 26359.75025358
           MAE : 76.07700957
           RMSE: 162.35686081
           R²  : 0.86896786

    --- Executing dataset ManganeseConcentration --- 

        -> Running model MiniRocket  

           ===== Results =====
           MSE : 5143.69411524
           MAE : 47.45034045
           RMSE: 71.71955183
           R²  : 0.59567587

    --- Executing dataset MethaneMonitoringHomeActivity --- 

        -> Running model MiniRocket  

           ===== Results =====
           MSE : 0.26457050
           MAE : 0.34463320
           RMSE: 0.51436417
           R²  : 0.13525064

    --- Executing dataset MetroInterstateTrafficVolume --- 

        -> Running model MiniRocket  

           ===== Results =====
           MSE : 417138.60178389
           MAE : 504.94170349
           RMSE: 645.86268028
           R²  : -0.28231016

    --- Executing dataset NaturalGasPricesSentiment --- 

        -> Running model MiniRocket  

           ===== Results =====
           MSE : 0.00524947
           MAE : 0.05231099
           RMSE: 0.07245320
           R²  : 0.27261452

    --- Executing dataset OccupancyDetectionLight --- 

        -> Running model MiniRocket  

           ===== Results =====
           MSE : 5191.53594420
           MAE : 51.58591421
           RMSE: 72.05231394
           R²  : 0.88484268

    --- Executing dataset ParkingBirmingham_eq --- 

        -> Running model MiniRocket  

           ===== Results =====
           MSE : 0.01828714
           MAE : 0.10354647
           RMSE: 0.13522995
           R²  : 0.63577125

    --- Executing dataset PhosphorusConcentration --- 

        -> Running model MiniRocket  

           ===== Results =====
           MSE : 672.06820811
           MAE : 10.25724691
           RMSE: 25.92427835
           R²  : 0.44972812

    --- Executing dataset PotassiumConcentration --- 

        -> Running model MiniRocket  

           ===== Results =====
           MSE : 31104.23629468
           MAE : 95.31310597
           RMSE: 176.36393139
           R²  : 0.65527747

    --- Executing dataset PrecipitationAndalusia_nmv --- 

        -> Running model MiniRocket  

           ===== Results =====
           MSE : 0.08719500
           MAE : 0.22599050
           RMSE: 0.29528800
           R²  : 0.70453046

    --- Executing dataset SierraNevadaMountainsSnow --- 

        -> Running model MiniRocket  

           ===== Results =====
           MSE : 1651.50169888
           MAE : 28.62265625
           RMSE: 40.63867245
           R²  : 0.85275196

    --- Executing dataset SodiumConcentration --- 

        -> Running model MiniRocket  

           ===== Results =====
           MSE : 914715.58784288
           MAE : 128.73641267
           RMSE: 956.40764732
           R²  : 0.00544120

    --- Executing dataset SolarRadiationAndalusia_nmv --- 

        -> Running model MiniRocket  

           ===== Results =====
           MSE : 0.39211929
           MAE : 0.48865050
           RMSE: 0.62619429
           R²  : 0.40291832

    --- Executing dataset SteamPredictor --- 

        -> Running model MiniRocket  

           ===== Results =====
           MSE : 513357736.22479987
           MAE : 16731.42807196
           RMSE: 22657.39914961
           R²  : 0.21873406

    --- Executing dataset SulphurConcentration --- 

        -> Running model MiniRocket  

           ===== Results =====
           MSE : 137697.05349758
           MAE : 65.20318013
           RMSE: 371.07553611
           R²  : 0.04387936

    --- Executing dataset WaveDataTension --- 

        -> Running model MiniRocket  

           ===== Results =====
           MSE : 233.26121950
           MAE : 12.18068083
           RMSE: 15.27289165
           R²  : 0.25818830

    --- Executing dataset WindTurbinePower --- 

        -> Running model MiniRocket  

           ===== Results =====
           MSE : 8600.04045767
           MAE : 68.45926987
           RMSE: 92.73640309
           R²  : 0.98943230

    --- Executing dataset ZincConcentration --- 

        -> Running model MiniRocket  

           ===== Results =====
           MSE : 3.45369059
           MAE : 0.98582800
           RMSE: 1.85841077
           R²  : 0.06736345

    --- Executing dataset ElectricMotorTemperature --- 

        -> Running model MiniRocket  

           ===== Results =====
           MSE : 48.85013160
           MAE : 5.17577462
           RMSE: 6.98928692
           R²  : 0.86556754

    --- Executing dataset DailyTemperatureLatitude --- 

        -> Running model MiniRocket  

           ===== Results =====
           MSE : 9.36266064
           MAE : 2.23037493
           RMSE: 3.05984651
           R²  : 0.97927806

    --- Executing dataset BeijingPM10Quality_nmv --- 

        -> Running model MiniRocket  

           ===== Results =====
           MSE : 6815.59114506
           MAE : 56.34955604
           RMSE: 82.55659359
           R²  : 0.57651977

    --- Executing dataset BeijingPM25Quality_nmv --- 

        -> Running model MiniRocket  

           ===== Results =====
           MSE : 2906.09138685
           MAE : 37.41954422
           RMSE: 53.90817551
           R²  : 0.74382953

 === Started run 12 === 

    --- Executing dataset Covid3Month --- 

        -> Running model MiniRocket  

           ===== Results =====
           MSE : 0.00927353
           MAE : 0.03871405
           RMSE: 0.09629918
           R²  : -7.28990588

    --- Executing dataset FloodModeling1 --- 

        -> Running model MiniRocket  

           ===== Results =====
           MSE : 0.00022541
           MAE : 0.00525032
           RMSE: 0.01501368
           R²  : 0.63009281

    --- Executing dataset FloodModeling2 --- 

        -> Running model MiniRocket  

           ===== Results =====
           MSE : 0.00003624
           MAE : 0.00280507
           RMSE: 0.00601998
           R²  : 0.46234458

    --- Executing dataset FloodModeling3 --- 

        -> Running model MiniRocket  

           ===== Results =====
           MSE : 0.00002626
           MAE : 0.00354556
           RMSE: 0.00512443
           R²  : 0.93356244

    --- Executing dataset IEEEPPG --- 

        -> Running model MiniRocket  

           ===== Results =====
           MSE : 39.81138272
           MAE : 4.80174547
           RMSE: 6.30962619
           R²  : 0.95483318

    --- Executing dataset HouseholdPowerConsumption2_nmv --- 

        -> Running model MiniRocket  

           ===== Results =====
           MSE : 740.88885340
           MAE : 19.91082007
           RMSE: 27.21927356
           R²  : 0.70360746

    --- Executing dataset HouseholdPowerConsumption1_nmv --- 

        -> Running model MiniRocket  

           ===== Results =====
           MSE : 18377.70299978
           MAE : 87.92824065
           RMSE: 135.56438692
           R²  : 0.95240759

    --- Executing dataset AppliancesEnergy --- 

        -> Running model MiniRocket  

           ===== Results =====
           MSE : 6.20128514
           MAE : 2.05212647
           RMSE: 2.49023797
           R²  : 0.64790069

    --- Executing dataset BenzeneConcentration_nmv --- 

        -> Running model MiniRocket  

           ===== Results =====
           MSE : 2.57526638
           MAE : 1.10380607
           RMSE: 1.60476365
           R²  : 0.95499015

    --- Executing dataset LiveFuelMoistureContent --- 

        -> Running model MiniRocket  

           ===== Results =====
           MSE : 1727.66395830
           MAE : 31.97300987
           RMSE: 41.56517723
           R²  : -0.05449494

    --- Executing dataset BIDMC32RR --- 

        -> Running model MiniRocket  

           ===== Results =====
           MSE : 0.15125617
           MAE : 0.27687478
           RMSE: 0.38891666
           R²  : 0.98309001

    --- Executing dataset BIDMC32SpO2 --- 

        -> Running model MiniRocket  

           ===== Results =====
           MSE : 0.01688716
           MAE : 0.09638111
           RMSE: 0.12995062
           R²  : 0.99847573

    --- Executing dataset BIDMC32HR --- 

        -> Running model MiniRocket  

           ===== Results =====
           MSE : 0.18414322
           MAE : 0.29817130
           RMSE: 0.42911913
           R²  : 0.99890116

    --- Executing dataset AcousticContaminationMadrid_nmv --- 

        -> Running model MiniRocket  

           ===== Results =====
           MSE : 9.43638080
           MAE : 2.44492774
           RMSE: 3.07186927
           R²  : 0.69987326

    --- Executing dataset AluminiumConcentration --- 

        -> Running model MiniRocket  

           ===== Results =====
           MSE : 44674.23314695
           MAE : 150.71133631
           RMSE: 211.36279982
           R²  : 0.79715803

    --- Executing dataset BarCrawl6min --- 

        -> Running model MiniRocket  

           ===== Results =====
           MSE : 0.00198491
           MAE : 0.03380053
           RMSE: 0.04455230
           R²  : 0.31831380

    --- Executing dataset BeijingIntAirportPM25Quality --- 

        -> Running model MiniRocket  

           ===== Results =====
           MSE : 3016.36831288
           MAE : 42.62394554
           RMSE: 54.92147406
           R²  : 0.52620691

    --- Executing dataset BinanceCoinSentiment --- 

        -> Running model MiniRocket  

           ===== Results =====
           MSE : 0.11556573
           MAE : 0.25154606
           RMSE: 0.33994959
           R²  : -0.09953788

    --- Executing dataset BitcoinSentiment --- 

        -> Running model MiniRocket  

           ===== Results =====
           MSE : 0.03050024
           MAE : 0.13107521
           RMSE: 0.17464318
           R²  : 0.33348323

    --- Executing dataset BoronConcentration --- 

        -> Running model MiniRocket  

           ===== Results =====
           MSE : 0.84634577
           MAE : 0.61524907
           RMSE: 0.91997053
           R²  : -2.45421480

    --- Executing dataset CalciumConcentration --- 

        -> Running model MiniRocket  

           ===== Results =====
           MSE : 8586876.63258473
           MAE : 1423.56764981
           RMSE: 2930.33728990
           R²  : 0.60260628

    --- Executing dataset CardanoSentiment --- 

        -> Running model MiniRocket  

           ===== Results =====
           MSE : 0.13025123
           MAE : 0.26275447
           RMSE: 0.36090335
           R²  : -0.35351319

    --- Executing dataset ChilledWaterPredictor --- 

        -> Running model MiniRocket  

           ===== Results =====
           MSE : 4689564.04418133
           MAE : 1222.59603650
           RMSE: 2165.54012759
           R²  : -0.31388537

    --- Executing dataset CopperConcentration --- 

        -> Running model MiniRocket  

           ===== Results =====
           MSE : 3.07038209
           MAE : 0.93162220
           RMSE: 1.75225058
           R²  : 0.44696674

    --- Executing dataset Covid19Andalusia --- 

        -> Running model MiniRocket  

           ===== Results =====
           MSE : 0.00015781
           MAE : 0.00833373
           RMSE: 0.01256216
           R²  : 0.85733610

    --- Executing dataset DailyOilGasPrices --- 

        -> Running model MiniRocket  

           ===== Results =====
           MSE : 2.06808910
           MAE : 1.01250072
           RMSE: 1.43808522
           R²  : 0.55145735

    --- Executing dataset DhakaHourlyAirQuality --- 

        -> Running model MiniRocket  

           ===== Results =====
           MSE : 16.08242399
           MAE : 2.76485901
           RMSE: 4.01028976
           R²  : 0.99583672

    --- Executing dataset ElectricityPredictor --- 

        -> Running model MiniRocket  

           ===== Results =====
           MSE : 298052.30650152
           MAE : 297.43612268
           RMSE: 545.94166950
           R²  : -0.42790297

    --- Executing dataset EthereumSentiment --- 

        -> Running model MiniRocket  

           ===== Results =====
           MSE : 0.06573469
           MAE : 0.19951760
           RMSE: 0.25638776
           R²  : 0.08538474

    --- Executing dataset GasSensorArrayAcetone --- 

        -> Running model MiniRocket  

           ===== Results =====
           MSE : 0.02227235
           MAE : 0.09909988
           RMSE: 0.14923923
           R²  : 0.68616063

    --- Executing dataset GasSensorArrayEthanol --- 

        -> Running model MiniRocket  

           ===== Results =====
           MSE : 1.06342868
           MAE : 0.19625469
           RMSE: 1.03122678
           R²  : -8.42743131

    --- Executing dataset HotwaterPredictor --- 

        -> Running model MiniRocket  

           ===== Results =====
           MSE : 1488890.81782489
           MAE : 849.45149085
           RMSE: 1220.20113827
           R²  : -0.05395169

    --- Executing dataset IronConcentration --- 

        -> Running model MiniRocket  

           ===== Results =====
           MSE : 4145.56177996
           MAE : 45.81318484
           RMSE: 64.38603715
           R²  : 0.43796052

    --- Executing dataset LPGasMonitoringHomeActivity --- 

        -> Running model MiniRocket  

           ===== Results =====
           MSE : 1.48979438
           MAE : 0.89839577
           RMSE: 1.22057133
           R²  : 0.11505204

    --- Executing dataset MadridPM10Quality_nmv --- 

        -> Running model MiniRocket  

           ===== Results =====
           MSE : 57.95678117
           MAE : 5.85121059
           RMSE: 7.61293512
           R²  : 0.64135063

    --- Executing dataset MagnesiumConcentration --- 

        -> Running model MiniRocket  

           ===== Results =====
           MSE : 16864.14380986
           MAE : 75.05357747
           RMSE: 129.86201835
           R²  : 0.92197714

    --- Executing dataset ManganeseConcentration --- 

        -> Running model MiniRocket  

           ===== Results =====
           MSE : 6712.44448352
           MAE : 58.36528358
           RMSE: 81.92950924
           R²  : 0.43477485

    --- Executing dataset MethaneMonitoringHomeActivity --- 

        -> Running model MiniRocket  

           ===== Results =====
           MSE : 0.26038000
           MAE : 0.35001517
           RMSE: 0.51027444
           R²  : 0.19573467

    --- Executing dataset MetroInterstateTrafficVolume --- 

        -> Running model MiniRocket  

           ===== Results =====
           MSE : 333171.43870870
           MAE : 477.40910972
           RMSE: 577.21004730
           R²  : -0.13279791

    --- Executing dataset NaturalGasPricesSentiment --- 

        -> Running model MiniRocket  

           ===== Results =====
           MSE : 0.00315186
           MAE : 0.04640007
           RMSE: 0.05614142
           R²  : 0.44579033

    --- Executing dataset OccupancyDetectionLight --- 

        -> Running model MiniRocket  

           ===== Results =====
           MSE : 6511.40398391
           MAE : 57.74479923
           RMSE: 80.69327100
           R²  : 0.86015890

    --- Executing dataset ParkingBirmingham_eq --- 

        -> Running model MiniRocket  

           ===== Results =====
           MSE : 0.01836624
           MAE : 0.10338783
           RMSE: 0.13552210
           R²  : 0.63529506

    --- Executing dataset PhosphorusConcentration --- 

        -> Running model MiniRocket  

           ===== Results =====
           MSE : 214.00774734
           MAE : 9.71385622
           RMSE: 14.62900363
           R²  : 0.61503061

    --- Executing dataset PotassiumConcentration --- 

        -> Running model MiniRocket  

           ===== Results =====
           MSE : 34407.83992475
           MAE : 84.88753238
           RMSE: 185.49350373
           R²  : 0.47519270

    --- Executing dataset PrecipitationAndalusia_nmv --- 

        -> Running model MiniRocket  

           ===== Results =====
           MSE : 0.10628377
           MAE : 0.23542234
           RMSE: 0.32601192
           R²  : 0.66289965

    --- Executing dataset SierraNevadaMountainsSnow --- 

        -> Running model MiniRocket  

           ===== Results =====
           MSE : 1905.11473058
           MAE : 27.91920189
           RMSE: 43.64761999
           R²  : 0.81720661

    --- Executing dataset SodiumConcentration --- 

        -> Running model MiniRocket  

           ===== Results =====
           MSE : 1020412.99302866
           MAE : 151.69638459
           RMSE: 1010.15493516
           R²  : 0.00703423

    --- Executing dataset SolarRadiationAndalusia_nmv --- 

        -> Running model MiniRocket  

           ===== Results =====
           MSE : 0.38628227
           MAE : 0.46966479
           RMSE: 0.62151611
           R²  : 0.37398988

    --- Executing dataset SteamPredictor --- 

        -> Running model MiniRocket  

           ===== Results =====
           MSE : 795126986.13434243
           MAE : 19678.64772254
           RMSE: 28197.99613686
           R²  : 0.07488007

    --- Executing dataset SulphurConcentration --- 

        -> Running model MiniRocket  

           ===== Results =====
           MSE : 19951.62733100
           MAE : 80.58720119
           RMSE: 141.25022949
           R²  : -1.49951936

    --- Executing dataset WaveDataTension --- 

        -> Running model MiniRocket  

           ===== Results =====
           MSE : 217.87352420
           MAE : 11.81666683
           RMSE: 14.76053943
           R²  : 0.27760685

    --- Executing dataset WindTurbinePower --- 

        -> Running model MiniRocket  

           ===== Results =====
           MSE : 6870.67422252
           MAE : 61.81002341
           RMSE: 82.88953023
           R²  : 0.99101589

    --- Executing dataset ZincConcentration --- 

        -> Running model MiniRocket  

           ===== Results =====
           MSE : 1.16006154
           MAE : 0.77852359
           RMSE: 1.07706153
           R²  : -0.16878820

    --- Executing dataset ElectricMotorTemperature --- 

        -> Running model MiniRocket  

           ===== Results =====
           MSE : 47.93863436
           MAE : 5.12841422
           RMSE: 6.92377313
           R²  : 0.86878775

    --- Executing dataset DailyTemperatureLatitude --- 

        -> Running model MiniRocket  

           ===== Results =====
           MSE : 9.13641823
           MAE : 2.18790595
           RMSE: 3.02265086
           R²  : 0.97970749

    --- Executing dataset BeijingPM10Quality_nmv --- 

        -> Running model MiniRocket  

           ===== Results =====
           MSE : 7476.13701775
           MAE : 56.72497404
           RMSE: 86.46465762
           R²  : 0.55674805

    --- Executing dataset BeijingPM25Quality_nmv --- 

        -> Running model MiniRocket  

           ===== Results =====
           MSE : 2887.28677818
           MAE : 37.06533367
           RMSE: 53.73347912
           R²  : 0.74789478

 === Started run 13 === 

    --- Executing dataset Covid3Month --- 

        -> Running model MiniRocket  

           ===== Results =====
           MSE : 0.00214167
           MAE : 0.03414369
           RMSE: 0.04627820
           R²  : 0.06302204

    --- Executing dataset FloodModeling1 --- 

        -> Running model MiniRocket  

           ===== Results =====
           MSE : 0.00024560
           MAE : 0.00529205
           RMSE: 0.01567169
           R²  : 0.60929578

    --- Executing dataset FloodModeling2 --- 

        -> Running model MiniRocket  

           ===== Results =====
           MSE : 0.00005761
           MAE : 0.00316420
           RMSE: 0.00758987
           R²  : 0.74908432

    --- Executing dataset FloodModeling3 --- 

        -> Running model MiniRocket  

           ===== Results =====
           MSE : 0.00001672
           MAE : 0.00304382
           RMSE: 0.00408863
           R²  : 0.95613931

    --- Executing dataset IEEEPPG --- 

        -> Running model MiniRocket  

           ===== Results =====
           MSE : 42.28935012
           MAE : 4.87925025
           RMSE: 6.50302623
           R²  : 0.95058681

    --- Executing dataset HouseholdPowerConsumption2_nmv --- 

        -> Running model MiniRocket  

           ===== Results =====
           MSE : 717.19297175
           MAE : 19.73087778
           RMSE: 26.78045877
           R²  : 0.71238166

    --- Executing dataset HouseholdPowerConsumption1_nmv --- 

        -> Running model MiniRocket  

           ===== Results =====
           MSE : 14605.88238921
           MAE : 77.69514050
           RMSE: 120.85479878
           R²  : 0.95840494

    --- Executing dataset AppliancesEnergy --- 

        -> Running model MiniRocket  

           ===== Results =====
           MSE : 4.64336819
           MAE : 1.74237223
           RMSE: 2.15484760
           R²  : 0.69676477

    --- Executing dataset BenzeneConcentration_nmv --- 

        -> Running model MiniRocket  

           ===== Results =====
           MSE : 2.13525065
           MAE : 1.02018137
           RMSE: 1.46124969
           R²  : 0.96199859

    --- Executing dataset LiveFuelMoistureContent --- 

        -> Running model MiniRocket  

           ===== Results =====
           MSE : 1700.87990243
           MAE : 31.80873726
           RMSE: 41.24172526
           R²  : -0.07247887

    --- Executing dataset BIDMC32RR --- 

        -> Running model MiniRocket  

           ===== Results =====
           MSE : 0.14396884
           MAE : 0.26146803
           RMSE: 0.37943226
           R²  : 0.98413053

    --- Executing dataset BIDMC32SpO2 --- 

        -> Running model MiniRocket  

           ===== Results =====
           MSE : 0.01817188
           MAE : 0.09738693
           RMSE: 0.13480313
           R²  : 0.99826079

    --- Executing dataset BIDMC32HR --- 

        -> Running model MiniRocket  

           ===== Results =====
           MSE : 0.16250771
           MAE : 0.28849586
           RMSE: 0.40312245
           R²  : 0.99905623

    --- Executing dataset AcousticContaminationMadrid_nmv --- 

        -> Running model MiniRocket  

           ===== Results =====
           MSE : 15.17600132
           MAE : 2.87362177
           RMSE: 3.89563876
           R²  : 0.66068787

    --- Executing dataset AluminiumConcentration --- 

        -> Running model MiniRocket  

           ===== Results =====
           MSE : 48276.67841195
           MAE : 142.71782999
           RMSE: 219.71954490
           R²  : 0.76710571

    --- Executing dataset BarCrawl6min --- 

        -> Running model MiniRocket  

           ===== Results =====
           MSE : 0.00231359
           MAE : 0.03686618
           RMSE: 0.04809978
           R²  : 0.34827288

    --- Executing dataset BeijingIntAirportPM25Quality --- 

        -> Running model MiniRocket  

           ===== Results =====
           MSE : 2767.68840974
           MAE : 40.29840852
           RMSE: 52.60882445
           R²  : 0.46288751

    --- Executing dataset BinanceCoinSentiment --- 

        -> Running model MiniRocket  

           ===== Results =====
           MSE : 0.16248950
           MAE : 0.30900923
           RMSE: 0.40309986
           R²  : -0.19456803

    --- Executing dataset BitcoinSentiment --- 

        -> Running model MiniRocket  

           ===== Results =====
           MSE : 0.03107816
           MAE : 0.13193843
           RMSE: 0.17628998
           R²  : 0.43602104

    --- Executing dataset BoronConcentration --- 

        -> Running model MiniRocket  

           ===== Results =====
           MSE : 13.76392229
           MAE : 0.68281661
           RMSE: 3.70997605
           R²  : 0.14719154

    --- Executing dataset CalciumConcentration --- 

        -> Running model MiniRocket  

           ===== Results =====
           MSE : 3222667.22878138
           MAE : 1284.00546567
           RMSE: 1795.17888490
           R²  : 0.28001765

    --- Executing dataset CardanoSentiment --- 

        -> Running model MiniRocket  

           ===== Results =====
           MSE : 0.07788708
           MAE : 0.21346873
           RMSE: 0.27908256
           R²  : 0.08694970

    --- Executing dataset ChilledWaterPredictor --- 

        -> Running model MiniRocket  

           ===== Results =====
           MSE : 4873237.10375647
           MAE : 1258.74090533
           RMSE: 2207.54096310
           R²  : -0.29128866

    --- Executing dataset CopperConcentration --- 

        -> Running model MiniRocket  

           ===== Results =====
           MSE : 2.72871113
           MAE : 0.83806883
           RMSE: 1.65188109
           R²  : 0.47385455

    --- Executing dataset Covid19Andalusia --- 

        -> Running model MiniRocket  

           ===== Results =====
           MSE : 0.00022416
           MAE : 0.00998963
           RMSE: 0.01497199
           R²  : 0.76411627

    --- Executing dataset DailyOilGasPrices --- 

        -> Running model MiniRocket  

           ===== Results =====
           MSE : 2.60118410
           MAE : 1.20920406
           RMSE: 1.61281868
           R²  : 0.43693483

    --- Executing dataset DhakaHourlyAirQuality --- 

        -> Running model MiniRocket  

           ===== Results =====
           MSE : 20.19813410
           MAE : 3.12207965
           RMSE: 4.49423343
           R²  : 0.99522378

    --- Executing dataset ElectricityPredictor --- 

        -> Running model MiniRocket  

           ===== Results =====
           MSE : 286078.56061826
           MAE : 298.85022594
           RMSE: 534.86312326
           R²  : -0.25511022

    --- Executing dataset EthereumSentiment --- 

        -> Running model MiniRocket  

           ===== Results =====
           MSE : 0.08253824
           MAE : 0.21000604
           RMSE: 0.28729469
           R²  : -0.10410350

    --- Executing dataset GasSensorArrayAcetone --- 

        -> Running model MiniRocket  

           ===== Results =====
           MSE : 0.04025984
           MAE : 0.12003659
           RMSE: 0.20064855
           R²  : 0.55010528

    --- Executing dataset GasSensorArrayEthanol --- 

        -> Running model MiniRocket  

           ===== Results =====
           MSE : 0.70191875
           MAE : 0.18849815
           RMSE: 0.83780592
           R²  : -5.30334031

    --- Executing dataset HotwaterPredictor --- 

        -> Running model MiniRocket  

           ===== Results =====
           MSE : 1755367.82218285
           MAE : 837.11238156
           RMSE: 1324.90294821
           R²  : 0.36970495

    --- Executing dataset IronConcentration --- 

        -> Running model MiniRocket  

           ===== Results =====
           MSE : 4890.36685792
           MAE : 45.37119174
           RMSE: 69.93115799
           R²  : 0.40810918

    --- Executing dataset LPGasMonitoringHomeActivity --- 

        -> Running model MiniRocket  

           ===== Results =====
           MSE : 1.56961774
           MAE : 0.91629268
           RMSE: 1.25284386
           R²  : 0.11349966

    --- Executing dataset MadridPM10Quality_nmv --- 

        -> Running model MiniRocket  

           ===== Results =====
           MSE : 66.62724962
           MAE : 6.27112220
           RMSE: 8.16255166
           R²  : 0.60931948

    --- Executing dataset MagnesiumConcentration --- 

        -> Running model MiniRocket  

           ===== Results =====
           MSE : 35781.65476252
           MAE : 86.05810595
           RMSE: 189.16039428
           R²  : 0.82661460

    --- Executing dataset ManganeseConcentration --- 

        -> Running model MiniRocket  

           ===== Results =====
           MSE : 6818.17682750
           MAE : 56.07136929
           RMSE: 82.57225216
           R²  : 0.47385185

    --- Executing dataset MethaneMonitoringHomeActivity --- 

        -> Running model MiniRocket  

           ===== Results =====
           MSE : 0.26075861
           MAE : 0.35091930
           RMSE: 0.51064529
           R²  : 0.21081189

    --- Executing dataset MetroInterstateTrafficVolume --- 

        -> Running model MiniRocket  

           ===== Results =====
           MSE : 432260.50759238
           MAE : 525.90104370
           RMSE: 657.46521398
           R²  : -0.27535577

    --- Executing dataset NaturalGasPricesSentiment --- 

        -> Running model MiniRocket  

           ===== Results =====
           MSE : 0.00553918
           MAE : 0.05936332
           RMSE: 0.07442567
           R²  : 0.14650248

    --- Executing dataset OccupancyDetectionLight --- 

        -> Running model MiniRocket  

           ===== Results =====
           MSE : 6016.62147533
           MAE : 58.56495062
           RMSE: 77.56688388
           R²  : 0.84869126

    --- Executing dataset ParkingBirmingham_eq --- 

        -> Running model MiniRocket  

           ===== Results =====
           MSE : 0.01692878
           MAE : 0.10031964
           RMSE: 0.13011066
           R²  : 0.65268144

    --- Executing dataset PhosphorusConcentration --- 

        -> Running model MiniRocket  

           ===== Results =====
           MSE : 564.16039668
           MAE : 10.57719668
           RMSE: 23.75206089
           R²  : 0.21917236

    --- Executing dataset PotassiumConcentration --- 

        -> Running model MiniRocket  

           ===== Results =====
           MSE : 25609.49842884
           MAE : 84.61692303
           RMSE: 160.02967984
           R²  : 0.72267110

    --- Executing dataset PrecipitationAndalusia_nmv --- 

        -> Running model MiniRocket  

           ===== Results =====
           MSE : 0.13341211
           MAE : 0.22910675
           RMSE: 0.36525622
           R²  : 0.64362674

    --- Executing dataset SierraNevadaMountainsSnow --- 

        -> Running model MiniRocket  

           ===== Results =====
           MSE : 2062.10537427
           MAE : 28.52102259
           RMSE: 45.41041042
           R²  : 0.80500195

    --- Executing dataset SodiumConcentration --- 

        -> Running model MiniRocket  

           ===== Results =====
           MSE : 130470.11316314
           MAE : 188.72641693
           RMSE: 361.20646888
           R²  : -2.40158641

    --- Executing dataset SolarRadiationAndalusia_nmv --- 

        -> Running model MiniRocket  

           ===== Results =====
           MSE : 0.34668536
           MAE : 0.46988568
           RMSE: 0.58879993
           R²  : 0.24287067

    --- Executing dataset SteamPredictor --- 

        -> Running model MiniRocket  

           ===== Results =====
           MSE : 719521599.45470083
           MAE : 19211.10933379
           RMSE: 26823.89978088
           R²  : -0.37307125

    --- Executing dataset SulphurConcentration --- 

        -> Running model MiniRocket  

           ===== Results =====
           MSE : 17040.97862618
           MAE : 75.72299415
           RMSE: 130.54109938
           R²  : -10.44311701

    --- Executing dataset WaveDataTension --- 

        -> Running model MiniRocket  

           ===== Results =====
           MSE : 230.13297487
           MAE : 12.00352675
           RMSE: 15.17013431
           R²  : 0.23239153

    --- Executing dataset WindTurbinePower --- 

        -> Running model MiniRocket  

           ===== Results =====
           MSE : 7488.09087195
           MAE : 64.17229472
           RMSE: 86.53375568
           R²  : 0.98995543

    --- Executing dataset ZincConcentration --- 

        -> Running model MiniRocket  

           ===== Results =====
           MSE : 1.95760405
           MAE : 0.95131182
           RMSE: 1.39914404
           R²  : -0.19894187

    --- Executing dataset ElectricMotorTemperature --- 

        -> Running model MiniRocket  

           ===== Results =====
           MSE : 49.30739029
           MAE : 5.19261690
           RMSE: 7.02192212
           R²  : 0.86384724

    --- Executing dataset DailyTemperatureLatitude --- 

        -> Running model MiniRocket  

           ===== Results =====
           MSE : 9.24061040
           MAE : 2.20703579
           RMSE: 3.03983723
           R²  : 0.98001860

    --- Executing dataset BeijingPM10Quality_nmv --- 

        -> Running model MiniRocket  

           ===== Results =====
           MSE : 7344.96203434
           MAE : 56.60303191
           RMSE: 85.70275395
           R²  : 0.56251047

    --- Executing dataset BeijingPM25Quality_nmv --- 

        -> Running model MiniRocket  

           ===== Results =====
           MSE : 2978.85604496
           MAE : 37.39869836
           RMSE: 54.57889743
           R²  : 0.72700157

 === Started run 14 === 

    --- Executing dataset Covid3Month --- 

        -> Running model MiniRocket  

           ===== Results =====
           MSE : 0.00251780
           MAE : 0.03460671
           RMSE: 0.05017772
           R²  : -0.34788060

    --- Executing dataset FloodModeling1 --- 

        -> Running model MiniRocket  

           ===== Results =====
           MSE : 0.00024441
           MAE : 0.00498474
           RMSE: 0.01563370
           R²  : 0.61178657

    --- Executing dataset FloodModeling2 --- 

        -> Running model MiniRocket  

           ===== Results =====
           MSE : 0.00013041
           MAE : 0.00358839
           RMSE: 0.01141969
           R²  : 0.66856767

    --- Executing dataset FloodModeling3 --- 

        -> Running model MiniRocket  

           ===== Results =====
           MSE : 0.00003016
           MAE : 0.00357283
           RMSE: 0.00549196
           R²  : 0.92398698

    --- Executing dataset IEEEPPG --- 

        -> Running model MiniRocket  

           ===== Results =====
           MSE : 40.52667267
           MAE : 4.65853626
           RMSE: 6.36605629
           R²  : 0.95276776

    --- Executing dataset HouseholdPowerConsumption2_nmv --- 

        -> Running model MiniRocket  

           ===== Results =====
           MSE : 792.09960514
           MAE : 20.73412888
           RMSE: 28.14426416
           R²  : 0.70365473

    --- Executing dataset HouseholdPowerConsumption1_nmv --- 

        -> Running model MiniRocket  

           ===== Results =====
           MSE : 16246.95932322
           MAE : 75.88362892
           RMSE: 127.46356077
           R²  : 0.95506372

    --- Executing dataset AppliancesEnergy --- 

        -> Running model MiniRocket  

           ===== Results =====
           MSE : 6.82857858
           MAE : 2.10847397
           RMSE: 2.61315491
           R²  : 0.63256265

    --- Executing dataset BenzeneConcentration_nmv --- 

        -> Running model MiniRocket  

           ===== Results =====
           MSE : 2.54001223
           MAE : 1.08886480
           RMSE: 1.59374158
           R²  : 0.95443282

    --- Executing dataset LiveFuelMoistureContent --- 

        -> Running model MiniRocket  

           ===== Results =====
           MSE : 1700.06848759
           MAE : 31.69835929
           RMSE: 41.23188678
           R²  : -0.09551199

    --- Executing dataset BIDMC32RR --- 

        -> Running model MiniRocket  

           ===== Results =====
           MSE : 0.14366077
           MAE : 0.26969818
           RMSE: 0.37902608
           R²  : 0.98374871

    --- Executing dataset BIDMC32SpO2 --- 

        -> Running model MiniRocket  

           ===== Results =====
           MSE : 0.01412710
           MAE : 0.08987807
           RMSE: 0.11885749
           R²  : 0.99875376

    --- Executing dataset BIDMC32HR --- 

        -> Running model MiniRocket  

           ===== Results =====
           MSE : 0.16432545
           MAE : 0.29612958
           RMSE: 0.40537076
           R²  : 0.99904959

    --- Executing dataset AcousticContaminationMadrid_nmv --- 

        -> Running model MiniRocket  

           ===== Results =====
           MSE : 21.01640165
           MAE : 3.51427293
           RMSE: 4.58436491
           R²  : 0.47578277

    --- Executing dataset AluminiumConcentration --- 

        -> Running model MiniRocket  

           ===== Results =====
           MSE : 44035.53844282
           MAE : 142.58328891
           RMSE: 209.84646398
           R²  : 0.78920711

    --- Executing dataset BarCrawl6min --- 

        -> Running model MiniRocket  

           ===== Results =====
           MSE : 0.00217312
           MAE : 0.03883778
           RMSE: 0.04661672
           R²  : 0.18623654

    --- Executing dataset BeijingIntAirportPM25Quality --- 

        -> Running model MiniRocket  

           ===== Results =====
           MSE : 3260.32885573
           MAE : 43.88205141
           RMSE: 57.09928945
           R²  : 0.43446272

    --- Executing dataset BinanceCoinSentiment --- 

        -> Running model MiniRocket  

           ===== Results =====
           MSE : 0.13939587
           MAE : 0.29980446
           RMSE: 0.37335756
           R²  : -0.25545497

    --- Executing dataset BitcoinSentiment --- 

        -> Running model MiniRocket  

           ===== Results =====
           MSE : 0.04924007
           MAE : 0.16151169
           RMSE: 0.22190104
           R²  : 0.24725635

    --- Executing dataset BoronConcentration --- 

        -> Running model MiniRocket  

           ===== Results =====
           MSE : 1.80357549
           MAE : 0.77521718
           RMSE: 1.34297263
           R²  : -1.87268967

    --- Executing dataset CalciumConcentration --- 

        -> Running model MiniRocket  

           ===== Results =====
           MSE : 3934136.90796742
           MAE : 1435.04083828
           RMSE: 1983.46588273
           R²  : 0.47109989

    --- Executing dataset CardanoSentiment --- 

        -> Running model MiniRocket  

           ===== Results =====
           MSE : 0.07569698
           MAE : 0.21494189
           RMSE: 0.27513085
           R²  : -0.17439545

    --- Executing dataset ChilledWaterPredictor --- 

        -> Running model MiniRocket  

           ===== Results =====
           MSE : 11192752.03619307
           MAE : 1306.87494847
           RMSE: 3345.55705917
           R²  : 0.07520328

    --- Executing dataset CopperConcentration --- 

        -> Running model MiniRocket  

           ===== Results =====
           MSE : 2.91399310
           MAE : 0.93587498
           RMSE: 1.70704221
           R²  : 0.39191178

    --- Executing dataset Covid19Andalusia --- 

        -> Running model MiniRocket  

           ===== Results =====
           MSE : 0.00016497
           MAE : 0.00893176
           RMSE: 0.01284390
           R²  : 0.82126196

    --- Executing dataset DailyOilGasPrices --- 

        -> Running model MiniRocket  

           ===== Results =====
           MSE : 4.08966651
           MAE : 1.18889539
           RMSE: 2.02229239
           R²  : 0.23709858

    --- Executing dataset DhakaHourlyAirQuality --- 

        -> Running model MiniRocket  

           ===== Results =====
           MSE : 26.79463025
           MAE : 3.46944870
           RMSE: 5.17635299
           R²  : 0.99334281

    --- Executing dataset ElectricityPredictor --- 

        -> Running model MiniRocket  

           ===== Results =====
           MSE : 326716.01908771
           MAE : 306.21722483
           RMSE: 571.59077939
           R²  : -0.18694838

    --- Executing dataset EthereumSentiment --- 

        -> Running model MiniRocket  

           ===== Results =====
           MSE : 0.05819151
           MAE : 0.19172434
           RMSE: 0.24122917
           R²  : 0.20312519

    --- Executing dataset GasSensorArrayAcetone --- 

        -> Running model MiniRocket  

           ===== Results =====
           MSE : 0.03086249
           MAE : 0.11760210
           RMSE: 0.17567723
           R²  : 0.53746032

    --- Executing dataset GasSensorArrayEthanol --- 

        -> Running model MiniRocket  

           ===== Results =====
           MSE : 6.55869480
           MAE : 0.32673595
           RMSE: 2.56099488
           R²  : -60.45474356

    --- Executing dataset HotwaterPredictor --- 

        -> Running model MiniRocket  

           ===== Results =====
           MSE : 1436831.46602760
           MAE : 807.20766027
           RMSE: 1198.67905047
           R²  : 0.37485613

    --- Executing dataset IronConcentration --- 

        -> Running model MiniRocket  

           ===== Results =====
           MSE : 4431.22846561
           MAE : 43.06521196
           RMSE: 66.56747303
           R²  : 0.42474728

    --- Executing dataset LPGasMonitoringHomeActivity --- 

        -> Running model MiniRocket  

           ===== Results =====
           MSE : 1.53626321
           MAE : 0.90244013
           RMSE: 1.23946086
           R²  : 0.13464111

    --- Executing dataset MadridPM10Quality_nmv --- 

        -> Running model MiniRocket  

           ===== Results =====
           MSE : 63.10724285
           MAE : 5.95004244
           RMSE: 7.94400673
           R²  : 0.63238992

    --- Executing dataset MagnesiumConcentration --- 

        -> Running model MiniRocket  

           ===== Results =====
           MSE : 12169.92619067
           MAE : 75.35495273
           RMSE: 110.31738843
           R²  : 0.94255377

    --- Executing dataset ManganeseConcentration --- 

        -> Running model MiniRocket  

           ===== Results =====
           MSE : 7363.90129070
           MAE : 56.22321185
           RMSE: 85.81317667
           R²  : 0.43359430

    --- Executing dataset MethaneMonitoringHomeActivity --- 

        -> Running model MiniRocket  

           ===== Results =====
           MSE : 0.31620295
           MAE : 0.36042189
           RMSE: 0.56231926
           R²  : 0.18931670

    --- Executing dataset MetroInterstateTrafficVolume --- 

        -> Running model MiniRocket  

           ===== Results =====
           MSE : 404382.24483566
           MAE : 516.54718902
           RMSE: 635.91056355
           R²  : -0.18859832

    --- Executing dataset NaturalGasPricesSentiment --- 

        -> Running model MiniRocket  

           ===== Results =====
           MSE : 0.00524231
           MAE : 0.05429972
           RMSE: 0.07240381
           R²  : 0.16658826

    --- Executing dataset OccupancyDetectionLight --- 

        -> Running model MiniRocket  

           ===== Results =====
           MSE : 5367.05871806
           MAE : 49.70516545
           RMSE: 73.26021238
           R²  : 0.88020084

    --- Executing dataset ParkingBirmingham_eq --- 

        -> Running model MiniRocket  

           ===== Results =====
           MSE : 0.01780718
           MAE : 0.10185479
           RMSE: 0.13344356
           R²  : 0.65109400

    --- Executing dataset PhosphorusConcentration --- 

        -> Running model MiniRocket  

           ===== Results =====
           MSE : 315.99306763
           MAE : 9.80993570
           RMSE: 17.77619385
           R²  : 0.58925959

    --- Executing dataset PotassiumConcentration --- 

        -> Running model MiniRocket  

           ===== Results =====
           MSE : 37444.97354427
           MAE : 84.80645983
           RMSE: 193.50703745
           R²  : 0.65619705

    --- Executing dataset PrecipitationAndalusia_nmv --- 

        -> Running model MiniRocket  

           ===== Results =====
           MSE : 0.10593713
           MAE : 0.25555915
           RMSE: 0.32547985
           R²  : 0.72440512

    --- Executing dataset SierraNevadaMountainsSnow --- 

        -> Running model MiniRocket  

           ===== Results =====
           MSE : 2988.13963752
           MAE : 32.73250559
           RMSE: 54.66387873
           R²  : 0.67960601

    --- Executing dataset SodiumConcentration --- 

        -> Running model MiniRocket  

           ===== Results =====
           MSE : 126906.00639740
           MAE : 169.04941314
           RMSE: 356.23869301
           R²  : -0.85669348

    --- Executing dataset SolarRadiationAndalusia_nmv --- 

        -> Running model MiniRocket  

           ===== Results =====
           MSE : 0.36828939
           MAE : 0.47918514
           RMSE: 0.60686851
           R²  : 0.44953010

    --- Executing dataset SteamPredictor --- 

        -> Running model MiniRocket  

           ===== Results =====
           MSE : 1167047168.36411142
           MAE : 17726.52677796
           RMSE: 34162.07207363
           R²  : 0.01916981

    --- Executing dataset SulphurConcentration --- 

        -> Running model MiniRocket  

           ===== Results =====
           MSE : 119378.88952786
           MAE : 61.92586868
           RMSE: 345.51250271
           R²  : 0.07420305

    --- Executing dataset WaveDataTension --- 

        -> Running model MiniRocket  

           ===== Results =====
           MSE : 244.01570653
           MAE : 12.48552035
           RMSE: 15.62100210
           R²  : 0.23985898

    --- Executing dataset WindTurbinePower --- 

        -> Running model MiniRocket  

           ===== Results =====
           MSE : 7774.71833329
           MAE : 64.61037841
           RMSE: 88.17436324
           R²  : 0.98987871

    --- Executing dataset ZincConcentration --- 

        -> Running model MiniRocket  

           ===== Results =====
           MSE : 1.51895142
           MAE : 0.85306906
           RMSE: 1.23245747
           R²  : -0.01625263

    --- Executing dataset ElectricMotorTemperature --- 

        -> Running model MiniRocket  

           ===== Results =====
           MSE : 48.98400380
           MAE : 5.24419720
           RMSE: 6.99885732
           R²  : 0.86485029

    --- Executing dataset DailyTemperatureLatitude --- 

        -> Running model MiniRocket  

           ===== Results =====
           MSE : 9.22984583
           MAE : 2.19661011
           RMSE: 3.03806613
           R²  : 0.98001074

    --- Executing dataset BeijingPM10Quality_nmv --- 

        -> Running model MiniRocket  

           ===== Results =====
           MSE : 6914.05696995
           MAE : 56.30393259
           RMSE: 83.15080859
           R²  : 0.56055983

    --- Executing dataset BeijingPM25Quality_nmv --- 

        -> Running model MiniRocket  

           ===== Results =====
           MSE : 3034.66725380
           MAE : 37.22297612
           RMSE: 55.08781402
           R²  : 0.72849768

 === Started run 15 === 

    --- Executing dataset Covid3Month --- 

        -> Running model MiniRocket  

           ===== Results =====
           MSE : 0.00180376
           MAE : 0.03366109
           RMSE: 0.04247074
           R²  : 0.01917149

    --- Executing dataset FloodModeling1 --- 

        -> Running model MiniRocket  

           ===== Results =====
           MSE : 0.00017756
           MAE : 0.00500903
           RMSE: 0.01332531
           R²  : 0.73791650

    --- Executing dataset FloodModeling2 --- 

        -> Running model MiniRocket  

           ===== Results =====
           MSE : 0.00002265
           MAE : 0.00236961
           RMSE: 0.00475971
           R²  : 0.86855775

    --- Executing dataset FloodModeling3 --- 

        -> Running model MiniRocket  

           ===== Results =====
           MSE : 0.00002697
           MAE : 0.00331268
           RMSE: 0.00519283
           R²  : 0.92400632

    --- Executing dataset IEEEPPG --- 

        -> Running model MiniRocket  

           ===== Results =====
           MSE : 39.86683514
           MAE : 4.85321161
           RMSE: 6.31401894
           R²  : 0.95358565

    --- Executing dataset HouseholdPowerConsumption2_nmv --- 

        -> Running model MiniRocket  

           ===== Results =====
           MSE : 641.34832934
           MAE : 18.98160362
           RMSE: 25.32485596
           R²  : 0.74258740

    --- Executing dataset HouseholdPowerConsumption1_nmv --- 

        -> Running model MiniRocket  

           ===== Results =====
           MSE : 12360.92150568
           MAE : 75.79246228
           RMSE: 111.17968117
           R²  : 0.96503726

    --- Executing dataset AppliancesEnergy --- 

        -> Running model MiniRocket  

           ===== Results =====
           MSE : 12.92686265
           MAE : 2.73916248
           RMSE: 3.59539464
           R²  : 0.39594544

    --- Executing dataset BenzeneConcentration_nmv --- 

        -> Running model MiniRocket  

           ===== Results =====
           MSE : 2.35160158
           MAE : 1.11314893
           RMSE: 1.53349326
           R²  : 0.95711139

    --- Executing dataset LiveFuelMoistureContent --- 

        -> Running model MiniRocket  

           ===== Results =====
           MSE : 1868.31357267
           MAE : 32.58000629
           RMSE: 43.22399302
           R²  : -0.10043847

    --- Executing dataset BIDMC32RR --- 

        -> Running model MiniRocket  

           ===== Results =====
           MSE : 0.12477623
           MAE : 0.26016065
           RMSE: 0.35323680
           R²  : 0.98565215

    --- Executing dataset BIDMC32SpO2 --- 

        -> Running model MiniRocket  

           ===== Results =====
           MSE : 0.01711044
           MAE : 0.09467116
           RMSE: 0.13080689
           R²  : 0.99834000

    --- Executing dataset BIDMC32HR --- 

        -> Running model MiniRocket  

           ===== Results =====
           MSE : 0.15910759
           MAE : 0.29161452
           RMSE: 0.39888293
           R²  : 0.99914410

    --- Executing dataset AcousticContaminationMadrid_nmv --- 

        -> Running model MiniRocket  

           ===== Results =====
           MSE : 16.77871156
           MAE : 3.12596797
           RMSE: 4.09618256
           R²  : 0.55828362

    --- Executing dataset AluminiumConcentration --- 

        -> Running model MiniRocket  

           ===== Results =====
           MSE : 42537.24980342
           MAE : 157.16948129
           RMSE: 206.24560554
           R²  : 0.79244503

    --- Executing dataset BarCrawl6min --- 

        -> Running model MiniRocket  

           ===== Results =====
           MSE : 0.00224348
           MAE : 0.03498136
           RMSE: 0.04736543
           R²  : 0.39077114

    --- Executing dataset BeijingIntAirportPM25Quality --- 

        -> Running model MiniRocket  

           ===== Results =====
           MSE : 2850.55159108
           MAE : 40.82534631
           RMSE: 53.39055713
           R²  : 0.45328666

    --- Executing dataset BinanceCoinSentiment --- 

        -> Running model MiniRocket  

           ===== Results =====
           MSE : 0.12051144
           MAE : 0.27026407
           RMSE: 0.34714758
           R²  : -0.17951649

    --- Executing dataset BitcoinSentiment --- 

        -> Running model MiniRocket  

           ===== Results =====
           MSE : 0.03481344
           MAE : 0.14461362
           RMSE: 0.18658361
           R²  : 0.31030644

    --- Executing dataset BoronConcentration --- 

        -> Running model MiniRocket  

           ===== Results =====
           MSE : 14.73967619
           MAE : 0.59846107
           RMSE: 3.83922859
           R²  : 0.12209512

    --- Executing dataset CalciumConcentration --- 

        -> Running model MiniRocket  

           ===== Results =====
           MSE : 3422087.64209453
           MAE : 1331.52658733
           RMSE: 1849.88854856
           R²  : 0.54016108

    --- Executing dataset CardanoSentiment --- 

        -> Running model MiniRocket  

           ===== Results =====
           MSE : 0.09967085
           MAE : 0.24603559
           RMSE: 0.31570690
           R²  : -0.37981750

    --- Executing dataset ChilledWaterPredictor --- 

        -> Running model MiniRocket  

           ===== Results =====
           MSE : 4402562.83716154
           MAE : 1134.06731973
           RMSE: 2098.22849975
           R²  : -0.26568490

    --- Executing dataset CopperConcentration --- 

        -> Running model MiniRocket  

           ===== Results =====
           MSE : 1.89960584
           MAE : 0.86627430
           RMSE: 1.37826189
           R²  : 0.47261348

    --- Executing dataset Covid19Andalusia --- 

        -> Running model MiniRocket  

           ===== Results =====
           MSE : 0.00014217
           MAE : 0.00843100
           RMSE: 0.01192333
           R²  : 0.86902148

    --- Executing dataset DailyOilGasPrices --- 

        -> Running model MiniRocket  

           ===== Results =====
           MSE : 4.27367154
           MAE : 1.40010042
           RMSE: 2.06728603
           R²  : 0.32144763

    --- Executing dataset DhakaHourlyAirQuality --- 

        -> Running model MiniRocket  

           ===== Results =====
           MSE : 17.78739666
           MAE : 2.89019807
           RMSE: 4.21751072
           R²  : 0.99587427

    --- Executing dataset ElectricityPredictor --- 

        -> Running model MiniRocket  

           ===== Results =====
           MSE : 307500.79895683
           MAE : 295.04252792
           RMSE: 554.52754572
           R²  : -0.34205179

    --- Executing dataset EthereumSentiment --- 

        -> Running model MiniRocket  

           ===== Results =====
           MSE : 0.06790317
           MAE : 0.18689823
           RMSE: 0.26058236
           R²  : 0.07214301

    --- Executing dataset GasSensorArrayAcetone --- 

        -> Running model MiniRocket  

           ===== Results =====
           MSE : 0.03516399
           MAE : 0.12153766
           RMSE: 0.18752064
           R²  : 0.53520662

    --- Executing dataset GasSensorArrayEthanol --- 

        -> Running model MiniRocket  

           ===== Results =====
           MSE : 7.90527912
           MAE : 0.44062820
           RMSE: 2.81163282
           R²  : -82.45369637

    --- Executing dataset HotwaterPredictor --- 

        -> Running model MiniRocket  

           ===== Results =====
           MSE : 1458099.14263310
           MAE : 846.36881078
           RMSE: 1207.51776079
           R²  : 0.22276926

    --- Executing dataset IronConcentration --- 

        -> Running model MiniRocket  

           ===== Results =====
           MSE : 3579.51329709
           MAE : 43.61316703
           RMSE: 59.82903390
           R²  : 0.30808944

    --- Executing dataset LPGasMonitoringHomeActivity --- 

        -> Running model MiniRocket  

           ===== Results =====
           MSE : 1.60145234
           MAE : 0.93189521
           RMSE: 1.26548502
           R²  : 0.08915412

    --- Executing dataset MadridPM10Quality_nmv --- 

        -> Running model MiniRocket  

           ===== Results =====
           MSE : 64.15654522
           MAE : 6.09598365
           RMSE: 8.00977810
           R²  : 0.62899632

    --- Executing dataset MagnesiumConcentration --- 

        -> Running model MiniRocket  

           ===== Results =====
           MSE : 22333.30923806
           MAE : 82.90001444
           RMSE: 149.44333119
           R²  : 0.89845589

    --- Executing dataset ManganeseConcentration --- 

        -> Running model MiniRocket  

           ===== Results =====
           MSE : 4444.08356741
           MAE : 49.58755416
           RMSE: 66.66396003
           R²  : 0.49759804

    --- Executing dataset MethaneMonitoringHomeActivity --- 

        -> Running model MiniRocket  

           ===== Results =====
           MSE : 0.27438565
           MAE : 0.34959353
           RMSE: 0.52381834
           R²  : 0.21916136

    --- Executing dataset MetroInterstateTrafficVolume --- 

        -> Running model MiniRocket  

           ===== Results =====
           MSE : 380491.92904377
           MAE : 511.15510917
           RMSE: 616.84027839
           R²  : -0.22553894

    --- Executing dataset NaturalGasPricesSentiment --- 

        -> Running model MiniRocket  

           ===== Results =====
           MSE : 0.00330355
           MAE : 0.04912964
           RMSE: 0.05747649
           R²  : 0.39362902

    --- Executing dataset OccupancyDetectionLight --- 

        -> Running model MiniRocket  

           ===== Results =====
           MSE : 7459.79518474
           MAE : 62.62158205
           RMSE: 86.37010585
           R²  : 0.79103844

    --- Executing dataset ParkingBirmingham_eq --- 

        -> Running model MiniRocket  

           ===== Results =====
           MSE : 0.01881952
           MAE : 0.10059882
           RMSE: 0.13718425
           R²  : 0.60471186

    --- Executing dataset PhosphorusConcentration --- 

        -> Running model MiniRocket  

           ===== Results =====
           MSE : 328.33322301
           MAE : 9.34433499
           RMSE: 18.11996752
           R²  : 0.63095770

    --- Executing dataset PotassiumConcentration --- 

        -> Running model MiniRocket  

           ===== Results =====
           MSE : 24017.79655809
           MAE : 85.90526081
           RMSE: 154.97676135
           R²  : 0.76779931

    --- Executing dataset PrecipitationAndalusia_nmv --- 

        -> Running model MiniRocket  

           ===== Results =====
           MSE : 0.11959996
           MAE : 0.24259516
           RMSE: 0.34583227
           R²  : 0.67444267

    --- Executing dataset SierraNevadaMountainsSnow --- 

        -> Running model MiniRocket  

           ===== Results =====
           MSE : 2089.76294370
           MAE : 28.65526420
           RMSE: 45.71392505
           R²  : 0.77640429

    --- Executing dataset SodiumConcentration --- 

        -> Running model MiniRocket  

           ===== Results =====
           MSE : 101008.48866445
           MAE : 168.07631320
           RMSE: 317.81832651
           R²  : -0.95600575

    --- Executing dataset SolarRadiationAndalusia_nmv --- 

        -> Running model MiniRocket  

           ===== Results =====
           MSE : 0.41940828
           MAE : 0.52125318
           RMSE: 0.64761739
           R²  : 0.22817509

    --- Executing dataset SteamPredictor --- 

        -> Running model MiniRocket  

           ===== Results =====
           MSE : 748293597.77603936
           MAE : 16884.39382683
           RMSE: 27354.95563469
           R²  : 0.30548685

    --- Executing dataset SulphurConcentration --- 

        -> Running model MiniRocket  

           ===== Results =====
           MSE : 85202.68965514
           MAE : 63.23332061
           RMSE: 291.89499765
           R²  : -0.04625287

    --- Executing dataset WaveDataTension --- 

        -> Running model MiniRocket  

           ===== Results =====
           MSE : 237.08371186
           MAE : 12.23763727
           RMSE: 15.39752291
           R²  : 0.27912810

    --- Executing dataset WindTurbinePower --- 

        -> Running model MiniRocket  

           ===== Results =====
           MSE : 9835.05452201
           MAE : 68.31368960
           RMSE: 99.17184339
           R²  : 0.98693479

    --- Executing dataset ZincConcentration --- 

        -> Running model MiniRocket  

           ===== Results =====
           MSE : 2.76055306
           MAE : 0.84802056
           RMSE: 1.66149121
           R²  : -0.05686076

    --- Executing dataset ElectricMotorTemperature --- 

        -> Running model MiniRocket  

           ===== Results =====
           MSE : 50.58378660
           MAE : 5.35151314
           RMSE: 7.11222796
           R²  : 0.86075287

    --- Executing dataset DailyTemperatureLatitude --- 

        -> Running model MiniRocket  

           ===== Results =====
           MSE : 8.87126259
           MAE : 2.18381468
           RMSE: 2.97846648
           R²  : 0.98064449

    --- Executing dataset BeijingPM10Quality_nmv --- 

        -> Running model MiniRocket  

           ===== Results =====
           MSE : 7499.32989658
           MAE : 55.97617274
           RMSE: 86.59867145
           R²  : 0.53701695

    --- Executing dataset BeijingPM25Quality_nmv --- 

        -> Running model MiniRocket  

           ===== Results =====
           MSE : 2872.60619846
           MAE : 37.14552231
           RMSE: 53.59669951
           R²  : 0.73764842

 === Started run 16 === 

    --- Executing dataset Covid3Month --- 

        -> Running model MiniRocket  

           ===== Results =====
           MSE : 0.00147014
           MAE : 0.03064720
           RMSE: 0.03834244
           R²  : 0.17731559

    --- Executing dataset FloodModeling1 --- 

        -> Running model MiniRocket  

           ===== Results =====
           MSE : 0.00003861
           MAE : 0.00462402
           RMSE: 0.00621383
           R²  : 0.89394149

    --- Executing dataset FloodModeling2 --- 

        -> Running model MiniRocket  

           ===== Results =====
           MSE : 0.00001990
           MAE : 0.00225975
           RMSE: 0.00446104
           R²  : 0.69051815

    --- Executing dataset FloodModeling3 --- 

        -> Running model MiniRocket  

           ===== Results =====
           MSE : 0.00002073
           MAE : 0.00315000
           RMSE: 0.00455270
           R²  : 0.94956997

    --- Executing dataset IEEEPPG --- 

        -> Running model MiniRocket  

           ===== Results =====
           MSE : 38.15579544
           MAE : 4.62621180
           RMSE: 6.17703776
           R²  : 0.95598028

    --- Executing dataset HouseholdPowerConsumption2_nmv --- 

        -> Running model MiniRocket  

           ===== Results =====
           MSE : 688.50872282
           MAE : 19.41477479
           RMSE: 26.23944974
           R²  : 0.71604990

    --- Executing dataset HouseholdPowerConsumption1_nmv --- 

        -> Running model MiniRocket  

           ===== Results =====
           MSE : 14719.49240551
           MAE : 78.97966224
           RMSE: 121.32391522
           R²  : 0.95880740

    --- Executing dataset AppliancesEnergy --- 

        -> Running model MiniRocket  

           ===== Results =====
           MSE : 5.95802989
           MAE : 1.94811580
           RMSE: 2.44090760
           R²  : 0.62637531

    --- Executing dataset BenzeneConcentration_nmv --- 

        -> Running model MiniRocket  

           ===== Results =====
           MSE : 2.25538804
           MAE : 1.07493752
           RMSE: 1.50179494
           R²  : 0.95901044

    --- Executing dataset LiveFuelMoistureContent --- 

        -> Running model MiniRocket  

           ===== Results =====
           MSE : 1843.29425276
           MAE : 32.56369370
           RMSE: 42.93360284
           R²  : -0.05342311

    --- Executing dataset BIDMC32RR --- 

        -> Running model MiniRocket  

           ===== Results =====
           MSE : 0.13557973
           MAE : 0.26462289
           RMSE: 0.36821153
           R²  : 0.98580763

    --- Executing dataset BIDMC32SpO2 --- 

        -> Running model MiniRocket  

           ===== Results =====
           MSE : 0.01507826
           MAE : 0.09247194
           RMSE: 0.12279358
           R²  : 0.99857311

    --- Executing dataset BIDMC32HR --- 

        -> Running model MiniRocket  

           ===== Results =====
           MSE : 0.18678850
           MAE : 0.30355455
           RMSE: 0.43219035
           R²  : 0.99896842

    --- Executing dataset AcousticContaminationMadrid_nmv --- 

        -> Running model MiniRocket  

           ===== Results =====
           MSE : 15.26813221
           MAE : 3.05276019
           RMSE: 3.90744574
           R²  : 0.66134772

    --- Executing dataset AluminiumConcentration --- 

        -> Running model MiniRocket  

           ===== Results =====
           MSE : 51427.27948073
           MAE : 156.01199341
           RMSE: 226.77583531
           R²  : 0.77115626

    --- Executing dataset BarCrawl6min --- 

        -> Running model MiniRocket  

           ===== Results =====
           MSE : 0.00159278
           MAE : 0.02914281
           RMSE: 0.03990959
           R²  : 0.46350385

    --- Executing dataset BeijingIntAirportPM25Quality --- 

        -> Running model MiniRocket  

           ===== Results =====
           MSE : 2592.43619303
           MAE : 39.23311805
           RMSE: 50.91597189
           R²  : 0.52261577

    --- Executing dataset BinanceCoinSentiment --- 

        -> Running model MiniRocket  

           ===== Results =====
           MSE : 0.15767167
           MAE : 0.29174600
           RMSE: 0.39707892
           R²  : -0.23956031

    --- Executing dataset BitcoinSentiment --- 

        -> Running model MiniRocket  

           ===== Results =====
           MSE : 0.04614720
           MAE : 0.14542086
           RMSE: 0.21481900
           R²  : 0.29190268

    --- Executing dataset BoronConcentration --- 

        -> Running model MiniRocket  

           ===== Results =====
           MSE : 2.32952972
           MAE : 0.70346288
           RMSE: 1.52627970
           R²  : -8.56103266

    --- Executing dataset CalciumConcentration --- 

        -> Running model MiniRocket  

           ===== Results =====
           MSE : 8441126.37323048
           MAE : 1587.49216802
           RMSE: 2905.36165963
           R²  : 0.24464573

    --- Executing dataset CardanoSentiment --- 

        -> Running model MiniRocket  

           ===== Results =====
           MSE : 0.12525521
           MAE : 0.28275948
           RMSE: 0.35391413
           R²  : -0.27056242

    --- Executing dataset ChilledWaterPredictor --- 

        -> Running model MiniRocket  

           ===== Results =====
           MSE : 8353222.62183332
           MAE : 1062.58140507
           RMSE: 2890.19421870
           R²  : -0.08782816

    --- Executing dataset CopperConcentration --- 

        -> Running model MiniRocket  

           ===== Results =====
           MSE : 1.59169751
           MAE : 0.88324076
           RMSE: 1.26162495
           R²  : 0.39057376

    --- Executing dataset Covid19Andalusia --- 

        -> Running model MiniRocket  

           ===== Results =====
           MSE : 0.00022555
           MAE : 0.01041826
           RMSE: 0.01501828
           R²  : 0.75213288

    --- Executing dataset DailyOilGasPrices --- 

        -> Running model MiniRocket  

           ===== Results =====
           MSE : 2.23002755
           MAE : 1.09759347
           RMSE: 1.49332768
           R²  : 0.33553174

    --- Executing dataset DhakaHourlyAirQuality --- 

        -> Running model MiniRocket  

           ===== Results =====
           MSE : 16.45912500
           MAE : 2.92188168
           RMSE: 4.05698472
           R²  : 0.99553545

    --- Executing dataset ElectricityPredictor --- 

        -> Running model MiniRocket  

           ===== Results =====
           MSE : 282783.75417219
           MAE : 291.11432757
           RMSE: 531.77415711
           R²  : -0.11607142

    --- Executing dataset EthereumSentiment --- 

        -> Running model MiniRocket  

           ===== Results =====
           MSE : 0.05723789
           MAE : 0.18263920
           RMSE: 0.23924441
           R²  : 0.24061827

    --- Executing dataset GasSensorArrayAcetone --- 

        -> Running model MiniRocket  

           ===== Results =====
           MSE : 0.03938241
           MAE : 0.12653058
           RMSE: 0.19845001
           R²  : 0.60269751

    --- Executing dataset GasSensorArrayEthanol --- 

        -> Running model MiniRocket  

           ===== Results =====
           MSE : 0.02671494
           MAE : 0.10055301
           RMSE: 0.16344707
           R²  : 0.73902866

    --- Executing dataset HotwaterPredictor --- 

        -> Running model MiniRocket  

           ===== Results =====
           MSE : 1397083.31012439
           MAE : 844.06705344
           RMSE: 1181.98278758
           R²  : 0.05332895

    --- Executing dataset IronConcentration --- 

        -> Running model MiniRocket  

           ===== Results =====
           MSE : 4429.76436971
           MAE : 42.14262175
           RMSE: 66.55647504
           R²  : 0.42367931

    --- Executing dataset LPGasMonitoringHomeActivity --- 

        -> Running model MiniRocket  

           ===== Results =====
           MSE : 1.62153291
           MAE : 0.91994696
           RMSE: 1.27339425
           R²  : 0.06215534

    --- Executing dataset MadridPM10Quality_nmv --- 

        -> Running model MiniRocket  

           ===== Results =====
           MSE : 59.40857838
           MAE : 5.85244145
           RMSE: 7.70769605
           R²  : 0.62303987

    --- Executing dataset MagnesiumConcentration --- 

        -> Running model MiniRocket  

           ===== Results =====
           MSE : 73806.27526003
           MAE : 85.38776929
           RMSE: 271.67310367
           R²  : 0.70396359

    --- Executing dataset ManganeseConcentration --- 

        -> Running model MiniRocket  

           ===== Results =====
           MSE : 6859.08461047
           MAE : 55.24611533
           RMSE: 82.81959074
           R²  : 0.44405442

    --- Executing dataset MethaneMonitoringHomeActivity --- 

        -> Running model MiniRocket  

           ===== Results =====
           MSE : 0.25650765
           MAE : 0.33650733
           RMSE: 0.50646584
           R²  : 0.29096989

    --- Executing dataset MetroInterstateTrafficVolume --- 

        -> Running model MiniRocket  

           ===== Results =====
           MSE : 355607.83406489
           MAE : 476.34878829
           RMSE: 596.32862925
           R²  : -0.15272000

    --- Executing dataset NaturalGasPricesSentiment --- 

        -> Running model MiniRocket  

           ===== Results =====
           MSE : 0.00366218
           MAE : 0.05070196
           RMSE: 0.06051592
           R²  : 0.39033022

    --- Executing dataset OccupancyDetectionLight --- 

        -> Running model MiniRocket  

           ===== Results =====
           MSE : 4856.70674131
           MAE : 49.75924016
           RMSE: 69.69007635
           R²  : 0.85871144

    --- Executing dataset ParkingBirmingham_eq --- 

        -> Running model MiniRocket  

           ===== Results =====
           MSE : 0.01987051
           MAE : 0.10718579
           RMSE: 0.14096279
           R²  : 0.60299073

    --- Executing dataset PhosphorusConcentration --- 

        -> Running model MiniRocket  

           ===== Results =====
           MSE : 464.14993917
           MAE : 10.31614701
           RMSE: 21.54413932
           R²  : 0.45783043

    --- Executing dataset PotassiumConcentration --- 

        -> Running model MiniRocket  

           ===== Results =====
           MSE : 43630.95369150
           MAE : 85.15995579
           RMSE: 208.88023768
           R²  : 0.62932530

    --- Executing dataset PrecipitationAndalusia_nmv --- 

        -> Running model MiniRocket  

           ===== Results =====
           MSE : 0.16291208
           MAE : 0.24123912
           RMSE: 0.40362369
           R²  : 0.58839277

    --- Executing dataset SierraNevadaMountainsSnow --- 

        -> Running model MiniRocket  

           ===== Results =====
           MSE : 1934.08769811
           MAE : 27.91050542
           RMSE: 43.97826393
           R²  : 0.77365287

    --- Executing dataset SodiumConcentration --- 

        -> Running model MiniRocket  

           ===== Results =====
           MSE : 231870.96783000
           MAE : 200.82160321
           RMSE: 481.52982029
           R²  : -0.58365344

    --- Executing dataset SolarRadiationAndalusia_nmv --- 

        -> Running model MiniRocket  

           ===== Results =====
           MSE : 0.35251886
           MAE : 0.47122419
           RMSE: 0.59373299
           R²  : 0.27612412

    --- Executing dataset SteamPredictor --- 

        -> Running model MiniRocket  

           ===== Results =====
           MSE : 595005122.66002202
           MAE : 17076.71554315
           RMSE: 24392.72683937
           R²  : 0.15899154

    --- Executing dataset SulphurConcentration --- 

        -> Running model MiniRocket  

           ===== Results =====
           MSE : 9111.66353276
           MAE : 61.06745019
           RMSE: 95.45503409
           R²  : -0.10035113

    --- Executing dataset WaveDataTension --- 

        -> Running model MiniRocket  

           ===== Results =====
           MSE : 220.10512322
           MAE : 11.62605237
           RMSE: 14.83594025
           R²  : 0.26440065

    --- Executing dataset WindTurbinePower --- 

        -> Running model MiniRocket  

           ===== Results =====
           MSE : 6914.83904951
           MAE : 61.59944043
           RMSE: 83.15551124
           R²  : 0.99053409

    --- Executing dataset ZincConcentration --- 

        -> Running model MiniRocket  

           ===== Results =====
           MSE : 2.67197150
           MAE : 0.92265112
           RMSE: 1.63461662
           R²  : -0.14596171

    --- Executing dataset ElectricMotorTemperature --- 

        -> Running model MiniRocket  

           ===== Results =====
           MSE : 50.06124679
           MAE : 5.27905956
           RMSE: 7.07539729
           R²  : 0.86191304

    --- Executing dataset DailyTemperatureLatitude --- 

        -> Running model MiniRocket  

           ===== Results =====
           MSE : 9.37006262
           MAE : 2.22381300
           RMSE: 3.06105580
           R²  : 0.97948023

    --- Executing dataset BeijingPM10Quality_nmv --- 

        -> Running model MiniRocket  

           ===== Results =====
           MSE : 7578.48367581
           MAE : 56.91626283
           RMSE: 87.05448682
           R²  : 0.54266523

    --- Executing dataset BeijingPM25Quality_nmv --- 

        -> Running model MiniRocket  

           ===== Results =====
           MSE : 2941.44929812
           MAE : 37.86346430
           RMSE: 54.23512974
           R²  : 0.74516856

 === Started run 17 === 

    --- Executing dataset Covid3Month --- 

        -> Running model MiniRocket  

           ===== Results =====
           MSE : 0.00131327
           MAE : 0.02976261
           RMSE: 0.03623905
           R²  : 0.14598003

    --- Executing dataset FloodModeling1 --- 

        -> Running model MiniRocket  

           ===== Results =====
           MSE : 0.00003696
           MAE : 0.00439004
           RMSE: 0.00607970
           R²  : 0.87186011

    --- Executing dataset FloodModeling2 --- 

        -> Running model MiniRocket  

           ===== Results =====
           MSE : 0.00000852
           MAE : 0.00187641
           RMSE: 0.00291900
           R²  : 0.85503382

    --- Executing dataset FloodModeling3 --- 

        -> Running model MiniRocket  

           ===== Results =====
           MSE : 0.00003920
           MAE : 0.00365777
           RMSE: 0.00626084
           R²  : 0.90374349

    --- Executing dataset IEEEPPG --- 

        -> Running model MiniRocket  

           ===== Results =====
           MSE : 43.54594425
           MAE : 4.93355980
           RMSE: 6.59893508
           R²  : 0.95163186

    --- Executing dataset HouseholdPowerConsumption2_nmv --- 

        -> Running model MiniRocket  

           ===== Results =====
           MSE : 747.16560860
           MAE : 19.68323005
           RMSE: 27.33433022
           R²  : 0.71342316

    --- Executing dataset HouseholdPowerConsumption1_nmv --- 

        -> Running model MiniRocket  

           ===== Results =====
           MSE : 16996.97749732
           MAE : 76.98937432
           RMSE: 130.37245682
           R²  : 0.95137852

    --- Executing dataset AppliancesEnergy --- 

        -> Running model MiniRocket  

           ===== Results =====
           MSE : 6.42981379
           MAE : 2.10543261
           RMSE: 2.53570775
           R²  : 0.62229230

    --- Executing dataset BenzeneConcentration_nmv --- 

        -> Running model MiniRocket  

           ===== Results =====
           MSE : 2.00569450
           MAE : 0.99308790
           RMSE: 1.41622544
           R²  : 0.96467259

    --- Executing dataset LiveFuelMoistureContent --- 

        -> Running model MiniRocket  

           ===== Results =====
           MSE : 1714.85733354
           MAE : 32.05781685
           RMSE: 41.41083594
           R²  : -0.08726064

    --- Executing dataset BIDMC32RR --- 

        -> Running model MiniRocket  

           ===== Results =====
           MSE : 0.17982643
           MAE : 0.27791821
           RMSE: 0.42405946
           R²  : 0.98029210

    --- Executing dataset BIDMC32SpO2 --- 

        -> Running model MiniRocket  

           ===== Results =====
           MSE : 0.01404208
           MAE : 0.08830635
           RMSE: 0.11849929
           R²  : 0.99872456

    --- Executing dataset BIDMC32HR --- 

        -> Running model MiniRocket  

           ===== Results =====
           MSE : 0.16446147
           MAE : 0.28736408
           RMSE: 0.40553850
           R²  : 0.99903084

    --- Executing dataset AcousticContaminationMadrid_nmv --- 

        -> Running model MiniRocket  

           ===== Results =====
           MSE : 17.10679731
           MAE : 3.14665597
           RMSE: 4.13603643
           R²  : 0.59151994

    --- Executing dataset AluminiumConcentration --- 

        -> Running model MiniRocket  

           ===== Results =====
           MSE : 51305.62505661
           MAE : 157.83092517
           RMSE: 226.50745033
           R²  : 0.78773908

    --- Executing dataset BarCrawl6min --- 

        -> Running model MiniRocket  

           ===== Results =====
           MSE : 0.00196854
           MAE : 0.03385515
           RMSE: 0.04436820
           R²  : 0.41480777

    --- Executing dataset BeijingIntAirportPM25Quality --- 

        -> Running model MiniRocket  

           ===== Results =====
           MSE : 3278.01785895
           MAE : 43.25767235
           RMSE: 57.25397680
           R²  : 0.48010096

    --- Executing dataset BinanceCoinSentiment --- 

        -> Running model MiniRocket  

           ===== Results =====
           MSE : 0.14016298
           MAE : 0.28818107
           RMSE: 0.37438346
           R²  : -0.09845840

    --- Executing dataset BitcoinSentiment --- 

        -> Running model MiniRocket  

           ===== Results =====
           MSE : 0.03857057
           MAE : 0.13859772
           RMSE: 0.19639392
           R²  : 0.26575235

    --- Executing dataset BoronConcentration --- 

        -> Running model MiniRocket  

           ===== Results =====
           MSE : 3.52066308
           MAE : 0.72899192
           RMSE: 1.87634301
           R²  : -0.65120661

    --- Executing dataset CalciumConcentration --- 

        -> Running model MiniRocket  

           ===== Results =====
           MSE : 5643295.46267371
           MAE : 1363.01322960
           RMSE: 2375.56213614
           R²  : 0.66363643

    --- Executing dataset CardanoSentiment --- 

        -> Running model MiniRocket  

           ===== Results =====
           MSE : 0.07535497
           MAE : 0.21343996
           RMSE: 0.27450860
           R²  : -0.11504993

    --- Executing dataset ChilledWaterPredictor --- 

        -> Running model MiniRocket  

           ===== Results =====
           MSE : 8650952.27174002
           MAE : 1268.83731290
           RMSE: 2941.25012057
           R²  : -0.13559668

    --- Executing dataset CopperConcentration --- 

        -> Running model MiniRocket  

           ===== Results =====
           MSE : 2.84262296
           MAE : 0.97445657
           RMSE: 1.68600799
           R²  : 0.37119576

    --- Executing dataset Covid19Andalusia --- 

        -> Running model MiniRocket  

           ===== Results =====
           MSE : 0.00009036
           MAE : 0.00749876
           RMSE: 0.00950598
           R²  : 0.85935102

    --- Executing dataset DailyOilGasPrices --- 

        -> Running model MiniRocket  

           ===== Results =====
           MSE : 3.71494277
           MAE : 1.31268903
           RMSE: 1.92741868
           R²  : 0.29156029

    --- Executing dataset DhakaHourlyAirQuality --- 

        -> Running model MiniRocket  

           ===== Results =====
           MSE : 17.92585247
           MAE : 3.03704382
           RMSE: 4.23389330
           R²  : 0.99550865

    --- Executing dataset ElectricityPredictor --- 

        -> Running model MiniRocket  

           ===== Results =====
           MSE : 218115.66681452
           MAE : 252.02350431
           RMSE: 467.02855032
           R²  : -0.12493012

    --- Executing dataset EthereumSentiment --- 

        -> Running model MiniRocket  

           ===== Results =====
           MSE : 0.06750075
           MAE : 0.18560357
           RMSE: 0.25980906
           R²  : -0.21204322

    --- Executing dataset GasSensorArrayAcetone --- 

        -> Running model MiniRocket  

           ===== Results =====
           MSE : 0.02875117
           MAE : 0.11848884
           RMSE: 0.16956169
           R²  : 0.69267531

    --- Executing dataset GasSensorArrayEthanol --- 

        -> Running model MiniRocket  

           ===== Results =====
           MSE : 0.35050520
           MAE : 0.16866414
           RMSE: 0.59203479
           R²  : -2.95524342

    --- Executing dataset HotwaterPredictor --- 

        -> Running model MiniRocket  

           ===== Results =====
           MSE : 1509828.99151603
           MAE : 756.89332634
           RMSE: 1228.75098841
           R²  : 0.38677633

    --- Executing dataset IronConcentration --- 

        -> Running model MiniRocket  

           ===== Results =====
           MSE : 3238.24961503
           MAE : 40.27646393
           RMSE: 56.90562024
           R²  : 0.44719837

    --- Executing dataset LPGasMonitoringHomeActivity --- 

        -> Running model MiniRocket  

           ===== Results =====
           MSE : 1.52168598
           MAE : 0.90916165
           RMSE: 1.23356637
           R²  : 0.08452143

    --- Executing dataset MadridPM10Quality_nmv --- 

        -> Running model MiniRocket  

           ===== Results =====
           MSE : 64.47575869
           MAE : 6.02077162
           RMSE: 8.02967986
           R²  : 0.60944897

    --- Executing dataset MagnesiumConcentration --- 

        -> Running model MiniRocket  

           ===== Results =====
           MSE : 17965.52360987
           MAE : 78.44939338
           RMSE: 134.03553115
           R²  : 0.91515009

    --- Executing dataset ManganeseConcentration --- 

        -> Running model MiniRocket  

           ===== Results =====
           MSE : 5434.20868457
           MAE : 51.74390206
           RMSE: 73.71708543
           R²  : 0.49864572

    --- Executing dataset MethaneMonitoringHomeActivity --- 

        -> Running model MiniRocket  

           ===== Results =====
           MSE : 0.26210023
           MAE : 0.33889141
           RMSE: 0.51195725
           R²  : 0.22396387

    --- Executing dataset MetroInterstateTrafficVolume --- 

        -> Running model MiniRocket  

           ===== Results =====
           MSE : 361923.10506899
           MAE : 500.67971851
           RMSE: 601.60045302
           R²  : -0.30107256

    --- Executing dataset NaturalGasPricesSentiment --- 

        -> Running model MiniRocket  

           ===== Results =====
           MSE : 0.00471662
           MAE : 0.05484204
           RMSE: 0.06867767
           R²  : 0.50953460

    --- Executing dataset OccupancyDetectionLight --- 

        -> Running model MiniRocket  

           ===== Results =====
           MSE : 7557.37932728
           MAE : 59.84704269
           RMSE: 86.93318887
           R²  : 0.80884500

    --- Executing dataset ParkingBirmingham_eq --- 

        -> Running model MiniRocket  

           ===== Results =====
           MSE : 0.01677145
           MAE : 0.09806985
           RMSE: 0.12950463
           R²  : 0.65722985

    --- Executing dataset PhosphorusConcentration --- 

        -> Running model MiniRocket  

           ===== Results =====
           MSE : 327.89898894
           MAE : 10.29979973
           RMSE: 18.10798136
           R²  : 0.54755345

    --- Executing dataset PotassiumConcentration --- 

        -> Running model MiniRocket  

           ===== Results =====
           MSE : 26245.10226284
           MAE : 90.81940073
           RMSE: 162.00340201
           R²  : 0.55730354

    --- Executing dataset PrecipitationAndalusia_nmv --- 

        -> Running model MiniRocket  

           ===== Results =====
           MSE : 0.10033330
           MAE : 0.23984181
           RMSE: 0.31675432
           R²  : 0.72354969

    --- Executing dataset SierraNevadaMountainsSnow --- 

        -> Running model MiniRocket  

           ===== Results =====
           MSE : 1838.17873952
           MAE : 26.83557974
           RMSE: 42.87398675
           R²  : 0.80007506

    --- Executing dataset SodiumConcentration --- 

        -> Running model MiniRocket  

           ===== Results =====
           MSE : 198170.58106676
           MAE : 197.55783210
           RMSE: 445.16354418
           R²  : -0.71238675

    --- Executing dataset SolarRadiationAndalusia_nmv --- 

        -> Running model MiniRocket  

           ===== Results =====
           MSE : 0.45680098
           MAE : 0.50639489
           RMSE: 0.67587054
           R²  : 0.17191104

    --- Executing dataset SteamPredictor --- 

        -> Running model MiniRocket  

           ===== Results =====
           MSE : 1522346710.35879087
           MAE : 19574.00869592
           RMSE: 39017.26169734
           R²  : 0.16545687

    --- Executing dataset SulphurConcentration --- 

        -> Running model MiniRocket  

           ===== Results =====
           MSE : 120500.32757215
           MAE : 63.75840013
           RMSE: 347.13157098
           R²  : 0.06392936

    --- Executing dataset WaveDataTension --- 

        -> Running model MiniRocket  

           ===== Results =====
           MSE : 224.95578139
           MAE : 12.08530685
           RMSE: 14.99852597
           R²  : 0.31269504

    --- Executing dataset WindTurbinePower --- 

        -> Running model MiniRocket  

           ===== Results =====
           MSE : 8443.18696737
           MAE : 67.06185393
           RMSE: 91.88681607
           R²  : 0.98958809

    --- Executing dataset ZincConcentration --- 

        -> Running model MiniRocket  

           ===== Results =====
           MSE : 1.77909221
           MAE : 0.93434543
           RMSE: 1.33382616
           R²  : -0.29912914

    --- Executing dataset ElectricMotorTemperature --- 

        -> Running model MiniRocket  

           ===== Results =====
           MSE : 49.60137410
           MAE : 5.27162368
           RMSE: 7.04282430
           R²  : 0.86290986

    --- Executing dataset DailyTemperatureLatitude --- 

        -> Running model MiniRocket  

           ===== Results =====
           MSE : 9.25838973
           MAE : 2.21599283
           RMSE: 3.04276022
           R²  : 0.97985264

    --- Executing dataset BeijingPM10Quality_nmv --- 

        -> Running model MiniRocket  

           ===== Results =====
           MSE : 6426.08034933
           MAE : 55.80950753
           RMSE: 80.16283646
           R²  : 0.60254955

    --- Executing dataset BeijingPM25Quality_nmv --- 

        -> Running model MiniRocket  

           ===== Results =====
           MSE : 2724.51589205
           MAE : 36.87020245
           RMSE: 52.19689543
           R²  : 0.76552976

 === Started run 18 === 

    --- Executing dataset Covid3Month --- 

        -> Running model MiniRocket  

           ===== Results =====
           MSE : 0.00151135
           MAE : 0.03188544
           RMSE: 0.03887607
           R²  : -0.00007059

    --- Executing dataset FloodModeling1 --- 

        -> Running model MiniRocket  

           ===== Results =====
           MSE : 0.00022560
           MAE : 0.00522420
           RMSE: 0.01501991
           R²  : 0.63868134

    --- Executing dataset FloodModeling2 --- 

        -> Running model MiniRocket  

           ===== Results =====
           MSE : 0.00002847
           MAE : 0.00308068
           RMSE: 0.00533617
           R²  : 0.58333301

    --- Executing dataset FloodModeling3 --- 

        -> Running model MiniRocket  

           ===== Results =====
           MSE : 0.00004581
           MAE : 0.00360049
           RMSE: 0.00676839
           R²  : 0.88890528

    --- Executing dataset IEEEPPG --- 

        -> Running model MiniRocket  

           ===== Results =====
           MSE : 43.83237933
           MAE : 4.75590656
           RMSE: 6.62060264
           R²  : 0.94949797

    --- Executing dataset HouseholdPowerConsumption2_nmv --- 

        -> Running model MiniRocket  

           ===== Results =====
           MSE : 1052.96829082
           MAE : 21.65070242
           RMSE: 32.44947289
           R²  : 0.60448471

    --- Executing dataset HouseholdPowerConsumption1_nmv --- 

        -> Running model MiniRocket  

           ===== Results =====
           MSE : 23848.53207246
           MAE : 88.20450288
           RMSE: 154.42969945
           R²  : 0.93565252

    --- Executing dataset AppliancesEnergy --- 

        -> Running model MiniRocket  

           ===== Results =====
           MSE : 7.88152384
           MAE : 2.15443774
           RMSE: 2.80740518
           R²  : 0.65888520

    --- Executing dataset BenzeneConcentration_nmv --- 

        -> Running model MiniRocket  

           ===== Results =====
           MSE : 2.49006081
           MAE : 1.11464212
           RMSE: 1.57799265
           R²  : 0.95735045

    --- Executing dataset LiveFuelMoistureContent --- 

        -> Running model MiniRocket  

           ===== Results =====
           MSE : 1778.79708075
           MAE : 31.97892454
           RMSE: 42.17578785
           R²  : -0.04660428

    --- Executing dataset BIDMC32RR --- 

        -> Running model MiniRocket  

           ===== Results =====
           MSE : 0.14689929
           MAE : 0.26627487
           RMSE: 0.38327443
           R²  : 0.98429694

    --- Executing dataset BIDMC32SpO2 --- 

        -> Running model MiniRocket  

           ===== Results =====
           MSE : 0.01476763
           MAE : 0.09174445
           RMSE: 0.12152212
           R²  : 0.99866831

    --- Executing dataset BIDMC32HR --- 

        -> Running model MiniRocket  

           ===== Results =====
           MSE : 0.17394783
           MAE : 0.29231395
           RMSE: 0.41707054
           R²  : 0.99904487

    --- Executing dataset AcousticContaminationMadrid_nmv --- 

        -> Running model MiniRocket  

           ===== Results =====
           MSE : 23.19363893
           MAE : 3.63955481
           RMSE: 4.81597746
           R²  : 0.40080481

    --- Executing dataset AluminiumConcentration --- 

        -> Running model MiniRocket  

           ===== Results =====
           MSE : 49570.15069121
           MAE : 143.64677377
           RMSE: 222.64355075
           R²  : 0.78244931

    --- Executing dataset BarCrawl6min --- 

        -> Running model MiniRocket  

           ===== Results =====
           MSE : 0.00128400
           MAE : 0.02605557
           RMSE: 0.03583292
           R²  : 0.44077783

    --- Executing dataset BeijingIntAirportPM25Quality --- 

        -> Running model MiniRocket  

           ===== Results =====
           MSE : 2791.25623078
           MAE : 40.59457495
           RMSE: 52.83234077
           R²  : 0.45790730

    --- Executing dataset BinanceCoinSentiment --- 

        -> Running model MiniRocket  

           ===== Results =====
           MSE : 0.14625679
           MAE : 0.28972692
           RMSE: 0.38243534
           R²  : -0.01613179

    --- Executing dataset BitcoinSentiment --- 

        -> Running model MiniRocket  

           ===== Results =====
           MSE : 0.04452262
           MAE : 0.14400460
           RMSE: 0.21100384
           R²  : 0.33464170

    --- Executing dataset BoronConcentration --- 

        -> Running model MiniRocket  

           ===== Results =====
           MSE : 15.10352321
           MAE : 0.59215986
           RMSE: 3.88632515
           R²  : 0.09450245

    --- Executing dataset CalciumConcentration --- 

        -> Running model MiniRocket  

           ===== Results =====
           MSE : 3648634.25471851
           MAE : 1293.46230383
           RMSE: 1910.13985214
           R²  : 0.45296940

    --- Executing dataset CardanoSentiment --- 

        -> Running model MiniRocket  

           ===== Results =====
           MSE : 0.10248901
           MAE : 0.24318601
           RMSE: 0.32013905
           R²  : -0.20968038

    --- Executing dataset ChilledWaterPredictor --- 

        -> Running model MiniRocket  

           ===== Results =====
           MSE : 5205177.03845923
           MAE : 1168.67346820
           RMSE: 2281.48570858
           R²  : -0.09244368

    --- Executing dataset CopperConcentration --- 

        -> Running model MiniRocket  

           ===== Results =====
           MSE : 3.43313264
           MAE : 0.86952306
           RMSE: 1.85287146
           R²  : 0.35502766

    --- Executing dataset Covid19Andalusia --- 

        -> Running model MiniRocket  

           ===== Results =====
           MSE : 0.00017983
           MAE : 0.00823399
           RMSE: 0.01341018
           R²  : 0.66357513

    --- Executing dataset DailyOilGasPrices --- 

        -> Running model MiniRocket  

           ===== Results =====
           MSE : 3.98710545
           MAE : 1.22089234
           RMSE: 1.99677376
           R²  : 0.40062976

    --- Executing dataset DhakaHourlyAirQuality --- 

        -> Running model MiniRocket  

           ===== Results =====
           MSE : 17.55109425
           MAE : 3.01761132
           RMSE: 4.18940261
           R²  : 0.99552364

    --- Executing dataset ElectricityPredictor --- 

        -> Running model MiniRocket  

           ===== Results =====
           MSE : 240042.78189964
           MAE : 246.81550152
           RMSE: 489.94161070
           R²  : -0.08289502

    --- Executing dataset EthereumSentiment --- 

        -> Running model MiniRocket  

           ===== Results =====
           MSE : 0.06596356
           MAE : 0.18340026
           RMSE: 0.25683373
           R²  : 0.13094594

    --- Executing dataset GasSensorArrayAcetone --- 

        -> Running model MiniRocket  

           ===== Results =====
           MSE : 0.03286230
           MAE : 0.11545018
           RMSE: 0.18127961
           R²  : 0.68806252

    --- Executing dataset GasSensorArrayEthanol --- 

        -> Running model MiniRocket  

           ===== Results =====
           MSE : 0.02527305
           MAE : 0.10943427
           RMSE: 0.15897500
           R²  : 0.71932199

    --- Executing dataset HotwaterPredictor --- 

        -> Running model MiniRocket  

           ===== Results =====
           MSE : 1117603.55892654
           MAE : 744.39343803
           RMSE: 1057.16770615
           R²  : 0.30870615

    --- Executing dataset IronConcentration --- 

        -> Running model MiniRocket  

           ===== Results =====
           MSE : 3888.98972688
           MAE : 39.02501630
           RMSE: 62.36176494
           R²  : 0.46253415

    --- Executing dataset LPGasMonitoringHomeActivity --- 

        -> Running model MiniRocket  

           ===== Results =====
           MSE : 1.72970074
           MAE : 0.93709365
           RMSE: 1.31518088
           R²  : 0.06318102

    --- Executing dataset MadridPM10Quality_nmv --- 

        -> Running model MiniRocket  

           ===== Results =====
           MSE : 59.12054036
           MAE : 5.87500092
           RMSE: 7.68898825
           R²  : 0.64845484

    --- Executing dataset MagnesiumConcentration --- 

        -> Running model MiniRocket  

           ===== Results =====
           MSE : 25021.75991956
           MAE : 80.68155268
           RMSE: 158.18267895
           R²  : 0.85771389

    --- Executing dataset ManganeseConcentration --- 

        -> Running model MiniRocket  

           ===== Results =====
           MSE : 6905.04458974
           MAE : 54.48814026
           RMSE: 83.09659794
           R²  : 0.42421368

    --- Executing dataset MethaneMonitoringHomeActivity --- 

        -> Running model MiniRocket  

           ===== Results =====
           MSE : 0.26510950
           MAE : 0.34508299
           RMSE: 0.51488785
           R²  : 0.25358887

    --- Executing dataset MetroInterstateTrafficVolume --- 

        -> Running model MiniRocket  

           ===== Results =====
           MSE : 367503.32845265
           MAE : 497.82456196
           RMSE: 606.22052790
           R²  : -0.23449258

    --- Executing dataset NaturalGasPricesSentiment --- 

        -> Running model MiniRocket  

           ===== Results =====
           MSE : 0.00325793
           MAE : 0.04649908
           RMSE: 0.05707825
           R²  : 0.55916852

    --- Executing dataset OccupancyDetectionLight --- 

        -> Running model MiniRocket  

           ===== Results =====
           MSE : 5386.85291637
           MAE : 50.35337302
           RMSE: 73.39518320
           R²  : 0.86704395

    --- Executing dataset ParkingBirmingham_eq --- 

        -> Running model MiniRocket  

           ===== Results =====
           MSE : 0.01876129
           MAE : 0.10395081
           RMSE: 0.13697185
           R²  : 0.62092876

    --- Executing dataset PhosphorusConcentration --- 

        -> Running model MiniRocket  

           ===== Results =====
           MSE : 586.75548101
           MAE : 9.66600815
           RMSE: 24.22303616
           R²  : 0.49831732

    --- Executing dataset PotassiumConcentration --- 

        -> Running model MiniRocket  

           ===== Results =====
           MSE : 20681.52204134
           MAE : 77.56886682
           RMSE: 143.81071602
           R²  : 0.81345349

    --- Executing dataset PrecipitationAndalusia_nmv --- 

        -> Running model MiniRocket  

           ===== Results =====
           MSE : 0.13332818
           MAE : 0.25780692
           RMSE: 0.36514131
           R²  : 0.67698956

    --- Executing dataset SierraNevadaMountainsSnow --- 

        -> Running model MiniRocket  

           ===== Results =====
           MSE : 2342.03494758
           MAE : 28.89946751
           RMSE: 48.39457560
           R²  : 0.78940701

    --- Executing dataset SodiumConcentration --- 

        -> Running model MiniRocket  

           ===== Results =====
           MSE : 887646.94355057
           MAE : 123.44233760
           RMSE: 942.15017038
           R²  : -0.01675387

    --- Executing dataset SolarRadiationAndalusia_nmv --- 

        -> Running model MiniRocket  

           ===== Results =====
           MSE : 0.38974685
           MAE : 0.48316968
           RMSE: 0.62429708
           R²  : 0.24573302

    --- Executing dataset SteamPredictor --- 

        -> Running model MiniRocket  

           ===== Results =====
           MSE : 1388888854.01821232
           MAE : 19338.48431258
           RMSE: 37267.79915716
           R²  : 0.13241227

    --- Executing dataset SulphurConcentration --- 

        -> Running model MiniRocket  

           ===== Results =====
           MSE : 86855.50035797
           MAE : 64.41732529
           RMSE: 294.71257245
           R²  : -0.03132603

    --- Executing dataset WaveDataTension --- 

        -> Running model MiniRocket  

           ===== Results =====
           MSE : 228.84266652
           MAE : 12.12229241
           RMSE: 15.12754661
           R²  : 0.22619473

    --- Executing dataset WindTurbinePower --- 

        -> Running model MiniRocket  

           ===== Results =====
           MSE : 5724.72759724
           MAE : 57.32121850
           RMSE: 75.66192964
           R²  : 0.99264605

    --- Executing dataset ZincConcentration --- 

        -> Running model MiniRocket  

           ===== Results =====
           MSE : 2.17805739
           MAE : 0.83272986
           RMSE: 1.47582431
           R²  : 0.11244240

    --- Executing dataset ElectricMotorTemperature --- 

        -> Running model MiniRocket  

           ===== Results =====
           MSE : 50.71587313
           MAE : 5.19081839
           RMSE: 7.12150778
           R²  : 0.86349519

    --- Executing dataset DailyTemperatureLatitude --- 

        -> Running model MiniRocket  

           ===== Results =====
           MSE : 8.90494869
           MAE : 2.17953690
           RMSE: 2.98411606
           R²  : 0.98054203

    --- Executing dataset BeijingPM10Quality_nmv --- 

        -> Running model MiniRocket  

           ===== Results =====
           MSE : 7087.50142870
           MAE : 57.44427989
           RMSE: 84.18729969
           R²  : 0.57697853

    --- Executing dataset BeijingPM25Quality_nmv --- 

        -> Running model MiniRocket  

           ===== Results =====
           MSE : 3168.33267336
           MAE : 39.01604218
           RMSE: 56.28794430
           R²  : 0.72975914

 === Started run 19 === 

    --- Executing dataset Covid3Month --- 

        -> Running model MiniRocket  

           ===== Results =====
           MSE : 0.00130539
           MAE : 0.02828694
           RMSE: 0.03613023
           R²  : 0.04244873

    --- Executing dataset FloodModeling1 --- 

        -> Running model MiniRocket  

           ===== Results =====
           MSE : 0.00022625
           MAE : 0.00513050
           RMSE: 0.01504167
           R²  : 0.64770155

    --- Executing dataset FloodModeling2 --- 

        -> Running model MiniRocket  

           ===== Results =====
           MSE : 0.00004291
           MAE : 0.00267467
           RMSE: 0.00655049
           R²  : 0.73260504

    --- Executing dataset FloodModeling3 --- 

        -> Running model MiniRocket  

           ===== Results =====
           MSE : 0.00002052
           MAE : 0.00332625
           RMSE: 0.00453003
           R²  : 0.94105570

    --- Executing dataset IEEEPPG --- 

        -> Running model MiniRocket  

           ===== Results =====
           MSE : 38.18942400
           MAE : 4.69802792
           RMSE: 6.17975922
           R²  : 0.95580160

    --- Executing dataset HouseholdPowerConsumption2_nmv --- 

        -> Running model MiniRocket  

           ===== Results =====
           MSE : 775.97416081
           MAE : 20.65921328
           RMSE: 27.85631276
           R²  : 0.68970500

    --- Executing dataset HouseholdPowerConsumption1_nmv --- 

        -> Running model MiniRocket  

           ===== Results =====
           MSE : 15526.63339056
           MAE : 81.93589667
           RMSE: 124.60591234
           R²  : 0.95662167

    --- Executing dataset AppliancesEnergy --- 

        -> Running model MiniRocket  

           ===== Results =====
           MSE : 7.88591329
           MAE : 2.11120194
           RMSE: 2.80818683
           R²  : 0.51342607

    --- Executing dataset BenzeneConcentration_nmv --- 

        -> Running model MiniRocket  

           ===== Results =====
           MSE : 2.42351381
           MAE : 1.09108836
           RMSE: 1.55676389
           R²  : 0.95779210

    --- Executing dataset LiveFuelMoistureContent --- 

        -> Running model MiniRocket  

           ===== Results =====
           MSE : 1840.86540537
           MAE : 32.34668106
           RMSE: 42.90530743
           R²  : -0.03560745

    --- Executing dataset BIDMC32RR --- 

        -> Running model MiniRocket  

           ===== Results =====
           MSE : 0.14460897
           MAE : 0.27429706
           RMSE: 0.38027487
           R²  : 0.98481195

    --- Executing dataset BIDMC32SpO2 --- 

        -> Running model MiniRocket  

           ===== Results =====
           MSE : 0.01561212
           MAE : 0.09373125
           RMSE: 0.12494846
           R²  : 0.99857666

    --- Executing dataset BIDMC32HR --- 

        -> Running model MiniRocket  

           ===== Results =====
           MSE : 0.18678497
           MAE : 0.30583725
           RMSE: 0.43218627
           R²  : 0.99894441

    --- Executing dataset AcousticContaminationMadrid_nmv --- 

        -> Running model MiniRocket  

           ===== Results =====
           MSE : 13.54177734
           MAE : 2.91769611
           RMSE: 3.67991540
           R²  : 0.67205899

    --- Executing dataset AluminiumConcentration --- 

        -> Running model MiniRocket  

           ===== Results =====
           MSE : 42344.36840197
           MAE : 140.02271173
           RMSE: 205.77747302
           R²  : 0.81428263

    --- Executing dataset BarCrawl6min --- 

        -> Running model MiniRocket  

           ===== Results =====
           MSE : 0.00310466
           MAE : 0.04392458
           RMSE: 0.05571946
           R²  : 0.24395932

    --- Executing dataset BeijingIntAirportPM25Quality --- 

        -> Running model MiniRocket  

           ===== Results =====
           MSE : 3265.96944191
           MAE : 41.67410747
           RMSE: 57.14866089
           R²  : 0.51242512

    --- Executing dataset BinanceCoinSentiment --- 

        -> Running model MiniRocket  

           ===== Results =====
           MSE : 0.13640172
           MAE : 0.28878269
           RMSE: 0.36932603
           R²  : -0.04598176

    --- Executing dataset BitcoinSentiment --- 

        -> Running model MiniRocket  

           ===== Results =====
           MSE : 0.03504352
           MAE : 0.13143667
           RMSE: 0.18719914
           R²  : 0.38058369

    --- Executing dataset BoronConcentration --- 

        -> Running model MiniRocket  

           ===== Results =====
           MSE : 1.17431271
           MAE : 0.59170132
           RMSE: 1.08365710
           R²  : -6.82505139

    --- Executing dataset CalciumConcentration --- 

        -> Running model MiniRocket  

           ===== Results =====
           MSE : 7603435.05544334
           MAE : 1298.40587571
           RMSE: 2757.43269282
           R²  : 0.57962441

    --- Executing dataset CardanoSentiment --- 

        -> Running model MiniRocket  

           ===== Results =====
           MSE : 0.15676589
           MAE : 0.30305634
           RMSE: 0.39593673
           R²  : -1.09638746

    --- Executing dataset ChilledWaterPredictor --- 

        -> Running model MiniRocket  

           ===== Results =====
           MSE : 13608052.44051364
           MAE : 1286.58019618
           RMSE: 3688.90938361
           R²  : 0.02959586

    --- Executing dataset CopperConcentration --- 

        -> Running model MiniRocket  

           ===== Results =====
           MSE : 4.26493681
           MAE : 0.91817466
           RMSE: 2.06517235
           R²  : 0.37045811

    --- Executing dataset Covid19Andalusia --- 

        -> Running model MiniRocket  

           ===== Results =====
           MSE : 0.00021386
           MAE : 0.00930995
           RMSE: 0.01462383
           R²  : 0.80525611

    --- Executing dataset DailyOilGasPrices --- 

        -> Running model MiniRocket  

           ===== Results =====
           MSE : 2.43010565
           MAE : 1.09310950
           RMSE: 1.55887961
           R²  : 0.56036034

    --- Executing dataset DhakaHourlyAirQuality --- 

        -> Running model MiniRocket  

           ===== Results =====
           MSE : 17.17354532
           MAE : 2.84141252
           RMSE: 4.14409765
           R²  : 0.99560375

    --- Executing dataset ElectricityPredictor --- 

        -> Running model MiniRocket  

           ===== Results =====
           MSE : 313603.06801168
           MAE : 282.93193880
           RMSE: 560.00273929
           R²  : -0.06285854

    --- Executing dataset EthereumSentiment --- 

        -> Running model MiniRocket  

           ===== Results =====
           MSE : 0.05631231
           MAE : 0.19361895
           RMSE: 0.23730215
           R²  : -0.01437476

    --- Executing dataset GasSensorArrayAcetone --- 

        -> Running model MiniRocket  

           ===== Results =====
           MSE : 0.07111876
           MAE : 0.12457755
           RMSE: 0.26668101
           R²  : 0.22927377

    --- Executing dataset GasSensorArrayEthanol --- 

        -> Running model MiniRocket  

           ===== Results =====
           MSE : 0.02581287
           MAE : 0.10822663
           RMSE: 0.16066385
           R²  : 0.76149218

    --- Executing dataset HotwaterPredictor --- 

        -> Running model MiniRocket  

           ===== Results =====
           MSE : 1205245.65883667
           MAE : 699.77084986
           RMSE: 1097.83680884
           R²  : 0.49818553

    --- Executing dataset IronConcentration --- 

        -> Running model MiniRocket  

           ===== Results =====
           MSE : 3306.01409174
           MAE : 39.71892882
           RMSE: 57.49794859
           R²  : 0.47496065

    --- Executing dataset LPGasMonitoringHomeActivity --- 

        -> Running model MiniRocket  

           ===== Results =====
           MSE : 1.54418546
           MAE : 0.94365749
           RMSE: 1.24265259
           R²  : 0.05473652

    --- Executing dataset MadridPM10Quality_nmv --- 

        -> Running model MiniRocket  

           ===== Results =====
           MSE : 61.98506986
           MAE : 5.99827100
           RMSE: 7.87305975
           R²  : 0.61846318

    --- Executing dataset MagnesiumConcentration --- 

        -> Running model MiniRocket  

           ===== Results =====
           MSE : 22164.96253023
           MAE : 75.72896837
           RMSE: 148.87901978
           R²  : 0.90131410

    --- Executing dataset ManganeseConcentration --- 

        -> Running model MiniRocket  

           ===== Results =====
           MSE : 5283.25749447
           MAE : 51.52601976
           RMSE: 72.68601994
           R²  : 0.52583755

    --- Executing dataset MethaneMonitoringHomeActivity --- 

        -> Running model MiniRocket  

           ===== Results =====
           MSE : 0.23819714
           MAE : 0.34506485
           RMSE: 0.48805445
           R²  : 0.24183338

    --- Executing dataset MetroInterstateTrafficVolume --- 

        -> Running model MiniRocket  

           ===== Results =====
           MSE : 401126.67365047
           MAE : 514.39487023
           RMSE: 633.34561943
           R²  : -0.29815960

    --- Executing dataset NaturalGasPricesSentiment --- 

        -> Running model MiniRocket  

           ===== Results =====
           MSE : 0.00392423
           MAE : 0.04991594
           RMSE: 0.06264366
           R²  : 0.37136603

    --- Executing dataset OccupancyDetectionLight --- 

        -> Running model MiniRocket  

           ===== Results =====
           MSE : 4619.55523768
           MAE : 48.27601857
           RMSE: 67.96731007
           R²  : 0.88799190

    --- Executing dataset ParkingBirmingham_eq --- 

        -> Running model MiniRocket  

           ===== Results =====
           MSE : 0.01822274
           MAE : 0.09979168
           RMSE: 0.13499165
           R²  : 0.63472122

    --- Executing dataset PhosphorusConcentration --- 

        -> Running model MiniRocket  

           ===== Results =====
           MSE : 521.37543785
           MAE : 9.70501624
           RMSE: 22.83364706
           R²  : 0.37120913

    --- Executing dataset PotassiumConcentration --- 

        -> Running model MiniRocket  

           ===== Results =====
           MSE : 28436.50715534
           MAE : 89.29245084
           RMSE: 168.63127573
           R²  : 0.74668039

    --- Executing dataset PrecipitationAndalusia_nmv --- 

        -> Running model MiniRocket  

           ===== Results =====
           MSE : 0.10491636
           MAE : 0.23910882
           RMSE: 0.32390795
           R²  : 0.69169397

    --- Executing dataset SierraNevadaMountainsSnow --- 

        -> Running model MiniRocket  

           ===== Results =====
           MSE : 2476.94438752
           MAE : 32.92147445
           RMSE: 49.76890985
           R²  : 0.74148751

    --- Executing dataset SodiumConcentration --- 

        -> Running model MiniRocket  

           ===== Results =====
           MSE : 197495.44392343
           MAE : 192.80780657
           RMSE: 444.40459485
           R²  : -0.16496599

    --- Executing dataset SolarRadiationAndalusia_nmv --- 

        -> Running model MiniRocket  

           ===== Results =====
           MSE : 0.38947506
           MAE : 0.49342052
           RMSE: 0.62407937
           R²  : 0.39186935

    --- Executing dataset SteamPredictor --- 

        -> Running model MiniRocket  

           ===== Results =====
           MSE : 1217155748.67390895
           MAE : 18269.11034056
           RMSE: 34887.75929569
           R²  : 0.15250381

    --- Executing dataset SulphurConcentration --- 

        -> Running model MiniRocket  

           ===== Results =====
           MSE : 53803.48487755
           MAE : 76.99056422
           RMSE: 231.95578216
           R²  : -0.08461522

    --- Executing dataset WaveDataTension --- 

        -> Running model MiniRocket  

           ===== Results =====
           MSE : 284.80580053
           MAE : 12.64964457
           RMSE: 16.87619034
           R²  : 0.03701925

    --- Executing dataset WindTurbinePower --- 

        -> Running model MiniRocket  

           ===== Results =====
           MSE : 8050.84912314
           MAE : 64.72983607
           RMSE: 89.72652408
           R²  : 0.98972207

    --- Executing dataset ZincConcentration --- 

        -> Running model MiniRocket  

           ===== Results =====
           MSE : 3.02373701
           MAE : 0.87682005
           RMSE: 1.73888959
           R²  : 0.13374902

    --- Executing dataset ElectricMotorTemperature --- 

        -> Running model MiniRocket  

           ===== Results =====
           MSE : 51.82641224
           MAE : 5.31014888
           RMSE: 7.19905634
           R²  : 0.85575232

    --- Executing dataset DailyTemperatureLatitude --- 

        -> Running model MiniRocket  

           ===== Results =====
           MSE : 9.17680646
           MAE : 2.22169666
           RMSE: 3.02932442
           R²  : 0.97981852

    --- Executing dataset BeijingPM10Quality_nmv --- 

        -> Running model MiniRocket  

           ===== Results =====
           MSE : 7185.47846082
           MAE : 56.41143360
           RMSE: 84.76720156
           R²  : 0.55001080

    --- Executing dataset BeijingPM25Quality_nmv --- 

        -> Running model MiniRocket  

           ===== Results =====
           MSE : 3139.49231849
           MAE : 37.84354970
           RMSE: 56.03117274
           R²  : 0.72197986

 === Started run 20 === 

    --- Executing dataset Covid3Month --- 

        -> Running model MiniRocket  

           ===== Results =====
           MSE : 0.00118993
           MAE : 0.02774242
           RMSE: 0.03449530
           R²  : 0.09562792

    --- Executing dataset FloodModeling1 --- 

        -> Running model MiniRocket  

           ===== Results =====
           MSE : 0.00005257
           MAE : 0.00517155
           RMSE: 0.00725075
           R²  : 0.84952312

    --- Executing dataset FloodModeling2 --- 

        -> Running model MiniRocket  

           ===== Results =====
           MSE : 0.00001692
           MAE : 0.00186555
           RMSE: 0.00411315
           R²  : 0.84504764

    --- Executing dataset FloodModeling3 --- 

        -> Running model MiniRocket  

           ===== Results =====
           MSE : 0.00002616
           MAE : 0.00331442
           RMSE: 0.00511464
           R²  : 0.92197743

    --- Executing dataset IEEEPPG --- 

        -> Running model MiniRocket  

           ===== Results =====
           MSE : 43.49831744
           MAE : 4.99696419
           RMSE: 6.59532542
           R²  : 0.94808918

    --- Executing dataset HouseholdPowerConsumption2_nmv --- 

        -> Running model MiniRocket  

           ===== Results =====
           MSE : 748.53928019
           MAE : 19.93351835
           RMSE: 27.35944590
           R²  : 0.68723538

    --- Executing dataset HouseholdPowerConsumption1_nmv --- 

        -> Running model MiniRocket  

           ===== Results =====
           MSE : 15527.74768973
           MAE : 81.81292932
           RMSE: 124.61038356
           R²  : 0.95875605

    --- Executing dataset AppliancesEnergy --- 

        -> Running model MiniRocket  

           ===== Results =====
           MSE : 4.46428336
           MAE : 1.74076818
           RMSE: 2.11288508
           R²  : 0.70490593

    --- Executing dataset BenzeneConcentration_nmv --- 

        -> Running model MiniRocket  

           ===== Results =====
           MSE : 2.39448960
           MAE : 1.11374667
           RMSE: 1.54741384
           R²  : 0.95601396

    --- Executing dataset LiveFuelMoistureContent --- 

        -> Running model MiniRocket  

           ===== Results =====
           MSE : 1900.94758182
           MAE : 32.38118276
           RMSE: 43.59985759
           R²  : -0.03777854

    --- Executing dataset BIDMC32RR --- 

        -> Running model MiniRocket  

           ===== Results =====
           MSE : 0.13251031
           MAE : 0.27036536
           RMSE: 0.36401965
           R²  : 0.98526289

    --- Executing dataset BIDMC32SpO2 --- 

        -> Running model MiniRocket  

           ===== Results =====
           MSE : 0.01471783
           MAE : 0.09046941
           RMSE: 0.12131708
           R²  : 0.99863506

    --- Executing dataset BIDMC32HR --- 

        -> Running model MiniRocket  

           ===== Results =====
           MSE : 0.17222589
           MAE : 0.29631423
           RMSE: 0.41500107
           R²  : 0.99903193

    --- Executing dataset AcousticContaminationMadrid_nmv --- 

        -> Running model MiniRocket  

           ===== Results =====
           MSE : 18.20642837
           MAE : 3.19827624
           RMSE: 4.26689915
           R²  : 0.61697948

    --- Executing dataset AluminiumConcentration --- 

        -> Running model MiniRocket  

           ===== Results =====
           MSE : 39496.80886939
           MAE : 145.25919879
           RMSE: 198.73804082
           R²  : 0.77992954

    --- Executing dataset BarCrawl6min --- 

        -> Running model MiniRocket  

           ===== Results =====
           MSE : 0.00235943
           MAE : 0.03933683
           RMSE: 0.04857395
           R²  : 0.24470564

    --- Executing dataset BeijingIntAirportPM25Quality --- 

        -> Running model MiniRocket  

           ===== Results =====
           MSE : 3129.75246449
           MAE : 42.13403681
           RMSE: 55.94419062
           R²  : 0.49470557

    --- Executing dataset BinanceCoinSentiment --- 

        -> Running model MiniRocket  

           ===== Results =====
           MSE : 0.18861600
           MAE : 0.33457650
           RMSE: 0.43429944
           R²  : -0.22888384

    --- Executing dataset BitcoinSentiment --- 

        -> Running model MiniRocket  

           ===== Results =====
           MSE : 0.03392270
           MAE : 0.13501215
           RMSE: 0.18418115
           R²  : 0.32031971

    --- Executing dataset BoronConcentration --- 

        -> Running model MiniRocket  

           ===== Results =====
           MSE : 3.54149060
           MAE : 0.64343720
           RMSE: 1.88188485
           R²  : -0.48763111

    --- Executing dataset CalciumConcentration --- 

        -> Running model MiniRocket  

           ===== Results =====
           MSE : 6002368.17999305
           MAE : 1185.76043946
           RMSE: 2449.97309781
           R²  : 0.58238845

    --- Executing dataset CardanoSentiment --- 

        -> Running model MiniRocket  

           ===== Results =====
           MSE : 0.11773947
           MAE : 0.26075865
           RMSE: 0.34313185
           R²  : -0.47367603

    --- Executing dataset ChilledWaterPredictor --- 

        -> Running model MiniRocket  

           ===== Results =====
           MSE : 7717014.13245068
           MAE : 1163.00539153
           RMSE: 2777.95142730
           R²  : -0.00798019

    --- Executing dataset CopperConcentration --- 

        -> Running model MiniRocket  

           ===== Results =====
           MSE : 1.69645690
           MAE : 0.89127997
           RMSE: 1.30248106
           R²  : 0.36451796

    --- Executing dataset Covid19Andalusia --- 

        -> Running model MiniRocket  

           ===== Results =====
           MSE : 0.00017261
           MAE : 0.00929062
           RMSE: 0.01313796
           R²  : 0.74530855

    --- Executing dataset DailyOilGasPrices --- 

        -> Running model MiniRocket  

           ===== Results =====
           MSE : 2.57730599
           MAE : 1.18417896
           RMSE: 1.60539901
           R²  : 0.31603724

    --- Executing dataset DhakaHourlyAirQuality --- 

        -> Running model MiniRocket  

           ===== Results =====
           MSE : 19.61803623
           MAE : 3.05937916
           RMSE: 4.42922524
           R²  : 0.99504677

    --- Executing dataset ElectricityPredictor --- 

        -> Running model MiniRocket  

           ===== Results =====
           MSE : 261103.72467084
           MAE : 264.81075360
           RMSE: 510.98309627
           R²  : -0.31935389

    --- Executing dataset EthereumSentiment --- 

        -> Running model MiniRocket  

           ===== Results =====
           MSE : 0.06157957
           MAE : 0.19628649
           RMSE: 0.24815232
           R²  : 0.08173614

    --- Executing dataset GasSensorArrayAcetone --- 

        -> Running model MiniRocket  

           ===== Results =====
           MSE : 0.03923095
           MAE : 0.13522246
           RMSE: 0.19806805
           R²  : 0.55506823

    --- Executing dataset GasSensorArrayEthanol --- 

        -> Running model MiniRocket  

           ===== Results =====
           MSE : 0.03535246
           MAE : 0.12015469
           RMSE: 0.18802250
           R²  : 0.65500179

    --- Executing dataset HotwaterPredictor --- 

        -> Running model MiniRocket  

           ===== Results =====
           MSE : 1439376.04039986
           MAE : 861.86966244
           RMSE: 1199.73998866
           R²  : 0.20701808

    --- Executing dataset IronConcentration --- 

        -> Running model MiniRocket  

           ===== Results =====
           MSE : 4163.35494353
           MAE : 41.57483309
           RMSE: 64.52406484
           R²  : 0.47884805

    --- Executing dataset LPGasMonitoringHomeActivity --- 

        -> Running model MiniRocket  

           ===== Results =====
           MSE : 1.37635113
           MAE : 0.86324674
           RMSE: 1.17317992
           R²  : 0.08548121

    --- Executing dataset MadridPM10Quality_nmv --- 

        -> Running model MiniRocket  

           ===== Results =====
           MSE : 61.01026987
           MAE : 5.90127384
           RMSE: 7.81090711
           R²  : 0.62624999

    --- Executing dataset MagnesiumConcentration --- 

        -> Running model MiniRocket  

           ===== Results =====
           MSE : 12015.70331574
           MAE : 70.95014148
           RMSE: 109.61616357
           R²  : 0.93888640

    --- Executing dataset ManganeseConcentration --- 

        -> Running model MiniRocket  

           ===== Results =====
           MSE : 5549.89041900
           MAE : 49.24787678
           RMSE: 74.49758667
           R²  : 0.50263035

    --- Executing dataset MethaneMonitoringHomeActivity --- 

        -> Running model MiniRocket  

           ===== Results =====
           MSE : 0.22530527
           MAE : 0.33310823
           RMSE: 0.47466333
           R²  : 0.25725193

    --- Executing dataset MetroInterstateTrafficVolume --- 

        -> Running model MiniRocket  

           ===== Results =====
           MSE : 394305.27759199
           MAE : 505.68655543
           RMSE: 627.93731980
           R²  : -0.21992000

    --- Executing dataset NaturalGasPricesSentiment --- 

        -> Running model MiniRocket  

           ===== Results =====
           MSE : 0.00469146
           MAE : 0.05208118
           RMSE: 0.06849421
           R²  : -0.03981028

    --- Executing dataset OccupancyDetectionLight --- 

        -> Running model MiniRocket  

           ===== Results =====
           MSE : 6540.94243051
           MAE : 53.92143256
           RMSE: 80.87609307
           R²  : 0.78548992

    --- Executing dataset ParkingBirmingham_eq --- 

        -> Running model MiniRocket  

           ===== Results =====
           MSE : 0.01749409
           MAE : 0.10359985
           RMSE: 0.13226522
           R²  : 0.63783648

    --- Executing dataset PhosphorusConcentration --- 

        -> Running model MiniRocket  

           ===== Results =====
           MSE : 257.87694082
           MAE : 10.00693171
           RMSE: 16.05854728
           R²  : 0.57022520

    --- Executing dataset PotassiumConcentration --- 

        -> Running model MiniRocket  

           ===== Results =====
           MSE : 35297.01271492
           MAE : 87.68033076
           RMSE: 187.87499226
           R²  : 0.64286555

    --- Executing dataset PrecipitationAndalusia_nmv --- 

        -> Running model MiniRocket  

           ===== Results =====
           MSE : 0.09220991
           MAE : 0.23514880
           RMSE: 0.30366084
           R²  : 0.72227447

    --- Executing dataset SierraNevadaMountainsSnow --- 

        -> Running model MiniRocket  

           ===== Results =====
           MSE : 2061.41533521
           MAE : 28.90246469
           RMSE: 45.40281197
           R²  : 0.73731881

    --- Executing dataset SodiumConcentration --- 

        -> Running model MiniRocket  

           ===== Results =====
           MSE : 282290.77892483
           MAE : 196.00773997
           RMSE: 531.31043555
           R²  : -1.19900766

    --- Executing dataset SolarRadiationAndalusia_nmv --- 

        -> Running model MiniRocket  

           ===== Results =====
           MSE : 0.38003515
           MAE : 0.47792602
           RMSE: 0.61646991
           R²  : 0.36778251

    --- Executing dataset SteamPredictor --- 

        -> Running model MiniRocket  

           ===== Results =====
           MSE : 1317128223.63782763
           MAE : 21232.16797990
           RMSE: 36292.26120866
           R²  : 0.02789509

    --- Executing dataset SulphurConcentration --- 

        -> Running model MiniRocket  

           ===== Results =====
           MSE : 48607.00571236
           MAE : 67.91430636
           RMSE: 220.46996556
           R²  : 0.01138976

    --- Executing dataset WaveDataTension --- 

        -> Running model MiniRocket  

           ===== Results =====
           MSE : 260.09846976
           MAE : 12.51098294
           RMSE: 16.12756863
           R²  : 0.19108799

    --- Executing dataset WindTurbinePower --- 

        -> Running model MiniRocket  

           ===== Results =====
           MSE : 7667.22469137
           MAE : 64.78782108
           RMSE: 87.56269006
           R²  : 0.99014978

    --- Executing dataset ZincConcentration --- 

        -> Running model MiniRocket  

           ===== Results =====
           MSE : 1.30221258
           MAE : 0.78078773
           RMSE: 1.14114529
           R²  : -0.11095621

    --- Executing dataset ElectricMotorTemperature --- 

        -> Running model MiniRocket  

           ===== Results =====
           MSE : 49.51752178
           MAE : 5.25110060
           RMSE: 7.03686875
           R²  : 0.86353421

    --- Executing dataset DailyTemperatureLatitude --- 

        -> Running model MiniRocket  

           ===== Results =====
           MSE : 9.09838489
           MAE : 2.21525892
           RMSE: 3.01635291
           R²  : 0.97964718

    --- Executing dataset BeijingPM10Quality_nmv --- 

        -> Running model MiniRocket  

           ===== Results =====
           MSE : 6942.39836810
           MAE : 55.43664205
           RMSE: 83.32105597
           R²  : 0.56975883

    --- Executing dataset BeijingPM25Quality_nmv --- 

        -> Running model MiniRocket  

           ===== Results =====
           MSE : 3020.90516299
           MAE : 37.05288704
           RMSE: 54.96276160
           R²  : 0.73171508

 === Started run 21 === 

    --- Executing dataset Covid3Month --- 

        -> Running model MiniRocket  

           ===== Results =====
           MSE : 0.00138838
           MAE : 0.03152295
           RMSE: 0.03726092
           R²  : -0.00761709

    --- Executing dataset FloodModeling1 --- 

        -> Running model MiniRocket  

           ===== Results =====
           MSE : 0.00004318
           MAE : 0.00452385
           RMSE: 0.00657112
           R²  : 0.89374276

    --- Executing dataset FloodModeling2 --- 

        -> Running model MiniRocket  

           ===== Results =====
           MSE : 0.00002756
           MAE : 0.00200089
           RMSE: 0.00524942
           R²  : 0.89248749

    --- Executing dataset FloodModeling3 --- 

        -> Running model MiniRocket  

           ===== Results =====
           MSE : 0.00003610
           MAE : 0.00400855
           RMSE: 0.00600816
           R²  : 0.90660650

    --- Executing dataset IEEEPPG --- 

        -> Running model MiniRocket  

           ===== Results =====
           MSE : 45.53016705
           MAE : 4.82116392
           RMSE: 6.74760454
           R²  : 0.94798781

    --- Executing dataset HouseholdPowerConsumption2_nmv --- 

        -> Running model MiniRocket  

           ===== Results =====
           MSE : 728.55737073
           MAE : 19.70142333
           RMSE: 26.99180192
           R²  : 0.69944348

    --- Executing dataset HouseholdPowerConsumption1_nmv --- 

        -> Running model MiniRocket  

           ===== Results =====
           MSE : 15290.54309451
           MAE : 77.40802303
           RMSE: 123.65493558
           R²  : 0.95448787

    --- Executing dataset AppliancesEnergy --- 

        -> Running model MiniRocket  

           ===== Results =====
           MSE : 5.80414848
           MAE : 1.93880207
           RMSE: 2.40918004
           R²  : 0.70787131

    --- Executing dataset BenzeneConcentration_nmv --- 

        -> Running model MiniRocket  

           ===== Results =====
           MSE : 2.25622342
           MAE : 1.00753978
           RMSE: 1.50207304
           R²  : 0.96071843

    --- Executing dataset LiveFuelMoistureContent --- 

        -> Running model MiniRocket  

           ===== Results =====
           MSE : 1834.44376184
           MAE : 32.40654651
           RMSE: 42.83040698
           R²  : -0.07180073

    --- Executing dataset BIDMC32RR --- 

        -> Running model MiniRocket  

           ===== Results =====
           MSE : 0.13719266
           MAE : 0.26512979
           RMSE: 0.37039528
           R²  : 0.98437485

    --- Executing dataset BIDMC32SpO2 --- 

        -> Running model MiniRocket  

           ===== Results =====
           MSE : 0.01510817
           MAE : 0.09226166
           RMSE: 0.12291528
           R²  : 0.99859745

    --- Executing dataset BIDMC32HR --- 

        -> Running model MiniRocket  

           ===== Results =====
           MSE : 0.16902593
           MAE : 0.29158379
           RMSE: 0.41112763
           R²  : 0.99900952

    --- Executing dataset AcousticContaminationMadrid_nmv --- 

        -> Running model MiniRocket  

           ===== Results =====
           MSE : 18.95919903
           MAE : 3.16725432
           RMSE: 4.35421624
           R²  : 0.48228704

    --- Executing dataset AluminiumConcentration --- 

        -> Running model MiniRocket  

           ===== Results =====
           MSE : 71587.98974684
           MAE : 168.13112367
           RMSE: 267.55932005
           R²  : 0.69875062

    --- Executing dataset BarCrawl6min --- 

        -> Running model MiniRocket  

           ===== Results =====
           MSE : 0.00326259
           MAE : 0.04131262
           RMSE: 0.05711911
           R²  : -0.06767105

    --- Executing dataset BeijingIntAirportPM25Quality --- 

        -> Running model MiniRocket  

           ===== Results =====
           MSE : 3043.56052958
           MAE : 40.66300984
           RMSE: 55.16847406
           R²  : 0.50978431

    --- Executing dataset BinanceCoinSentiment --- 

        -> Running model MiniRocket  

           ===== Results =====
           MSE : 0.14621447
           MAE : 0.27751360
           RMSE: 0.38238001
           R²  : -0.18354082

    --- Executing dataset BitcoinSentiment --- 

        -> Running model MiniRocket  

           ===== Results =====
           MSE : 0.06737649
           MAE : 0.18999513
           RMSE: 0.25956981
           R²  : 0.06597546

    --- Executing dataset BoronConcentration --- 

        -> Running model MiniRocket  

           ===== Results =====
           MSE : 2.58430791
           MAE : 0.83293915
           RMSE: 1.60757828
           R²  : -0.02095191

    --- Executing dataset CalciumConcentration --- 

        -> Running model MiniRocket  

           ===== Results =====
           MSE : 6434038.89904003
           MAE : 1170.49163978
           RMSE: 2536.54073475
           R²  : 0.62836073

    --- Executing dataset CardanoSentiment --- 

        -> Running model MiniRocket  

           ===== Results =====
           MSE : 0.12894125
           MAE : 0.27319079
           RMSE: 0.35908390
           R²  : -0.35543776

    --- Executing dataset ChilledWaterPredictor --- 

        -> Running model MiniRocket  

           ===== Results =====
           MSE : 3942933.37777096
           MAE : 1063.46726287
           RMSE: 1985.68209383
           R²  : -0.13189076

    --- Executing dataset CopperConcentration --- 

        -> Running model MiniRocket  

           ===== Results =====
           MSE : 4.48836598
           MAE : 1.02290784
           RMSE: 2.11857640
           R²  : 0.30961793

    --- Executing dataset Covid19Andalusia --- 

        -> Running model MiniRocket  

           ===== Results =====
           MSE : 0.00019170
           MAE : 0.00952557
           RMSE: 0.01384544
           R²  : 0.78751980

    --- Executing dataset DailyOilGasPrices --- 

        -> Running model MiniRocket  

           ===== Results =====
           MSE : 4.05823863
           MAE : 1.40452071
           RMSE: 2.01450704
           R²  : 0.40433053

    --- Executing dataset DhakaHourlyAirQuality --- 

        -> Running model MiniRocket  

           ===== Results =====
           MSE : 23.09304576
           MAE : 3.15022536
           RMSE: 4.80552242
           R²  : 0.99395154

    --- Executing dataset ElectricityPredictor --- 

        -> Running model MiniRocket  

           ===== Results =====
           MSE : 209164.42432507
           MAE : 235.83067040
           RMSE: 457.34497300
           R²  : -0.31864030

    --- Executing dataset EthereumSentiment --- 

        -> Running model MiniRocket  

           ===== Results =====
           MSE : 0.05992761
           MAE : 0.17815678
           RMSE: 0.24480117
           R²  : -0.07643968

    --- Executing dataset GasSensorArrayAcetone --- 

        -> Running model MiniRocket  

           ===== Results =====
           MSE : 0.02988878
           MAE : 0.11826326
           RMSE: 0.17288372
           R²  : 0.60291729

    --- Executing dataset GasSensorArrayEthanol --- 

        -> Running model MiniRocket  

           ===== Results =====
           MSE : 0.02100440
           MAE : 0.09381327
           RMSE: 0.14492893
           R²  : 0.80575253

    --- Executing dataset HotwaterPredictor --- 

        -> Running model MiniRocket  

           ===== Results =====
           MSE : 1626084.82104761
           MAE : 850.62969094
           RMSE: 1275.18030923
           R²  : 0.18122088

    --- Executing dataset IronConcentration --- 

        -> Running model MiniRocket  

           ===== Results =====
           MSE : 4411.70307686
           MAE : 41.10707435
           RMSE: 66.42065249
           R²  : 0.44525699

    --- Executing dataset LPGasMonitoringHomeActivity --- 

        -> Running model MiniRocket  

           ===== Results =====
           MSE : 1.56937578
           MAE : 0.90199087
           RMSE: 1.25274729
           R²  : 0.04958542

    --- Executing dataset MadridPM10Quality_nmv --- 

        -> Running model MiniRocket  

           ===== Results =====
           MSE : 62.69724502
           MAE : 5.96061349
           RMSE: 7.91815919
           R²  : 0.62153706

    --- Executing dataset MagnesiumConcentration --- 

        -> Running model MiniRocket  

           ===== Results =====
           MSE : 14292.03847114
           MAE : 79.08513280
           RMSE: 119.54931397
           R²  : 0.91387276

    --- Executing dataset ManganeseConcentration --- 

        -> Running model MiniRocket  

           ===== Results =====
           MSE : 4893.35619183
           MAE : 51.72712258
           RMSE: 69.95252813
           R²  : 0.58298568

    --- Executing dataset MethaneMonitoringHomeActivity --- 

        -> Running model MiniRocket  

           ===== Results =====
           MSE : 0.26365576
           MAE : 0.34050361
           RMSE: 0.51347420
           R²  : 0.19057352

    --- Executing dataset MetroInterstateTrafficVolume --- 

        -> Running model MiniRocket  

           ===== Results =====
           MSE : 347859.97991603
           MAE : 479.52260272
           RMSE: 589.79655807
           R²  : -0.11559094

    --- Executing dataset NaturalGasPricesSentiment --- 

        -> Running model MiniRocket  

           ===== Results =====
           MSE : 0.00462387
           MAE : 0.05504981
           RMSE: 0.06799904
           R²  : 0.43365650

    --- Executing dataset OccupancyDetectionLight --- 

        -> Running model MiniRocket  

           ===== Results =====
           MSE : 4565.32448446
           MAE : 48.53570307
           RMSE: 67.56718497
           R²  : 0.84654166

    --- Executing dataset ParkingBirmingham_eq --- 

        -> Running model MiniRocket  

           ===== Results =====
           MSE : 0.02054215
           MAE : 0.10605456
           RMSE: 0.14332532
           R²  : 0.59020073

    --- Executing dataset PhosphorusConcentration --- 

        -> Running model MiniRocket  

           ===== Results =====
           MSE : 431.15552688
           MAE : 10.05611065
           RMSE: 20.76428489
           R²  : 0.37189064

    --- Executing dataset PotassiumConcentration --- 

        -> Running model MiniRocket  

           ===== Results =====
           MSE : 37554.07251552
           MAE : 92.14805660
           RMSE: 193.78873165
           R²  : 0.63336678

    --- Executing dataset PrecipitationAndalusia_nmv --- 

        -> Running model MiniRocket  

           ===== Results =====
           MSE : 0.12357457
           MAE : 0.25451977
           RMSE: 0.35153175
           R²  : 0.63715537

    --- Executing dataset SierraNevadaMountainsSnow --- 

        -> Running model MiniRocket  

           ===== Results =====
           MSE : 1111.17722530
           MAE : 22.92573143
           RMSE: 33.33432503
           R²  : 0.86325857

    --- Executing dataset SodiumConcentration --- 

        -> Running model MiniRocket  

           ===== Results =====
           MSE : 43604.41647748
           MAE : 139.92834041
           RMSE: 208.81670546
           R²  : -12.31519154

    --- Executing dataset SolarRadiationAndalusia_nmv --- 

        -> Running model MiniRocket  

           ===== Results =====
           MSE : 0.40866090
           MAE : 0.50478126
           RMSE: 0.63926590
           R²  : 0.24518051

    --- Executing dataset SteamPredictor --- 

        -> Running model MiniRocket  

           ===== Results =====
           MSE : 1380921343.22085834
           MAE : 19446.96134377
           RMSE: 37160.75003577
           R²  : 0.13372803

    --- Executing dataset SulphurConcentration --- 

        -> Running model MiniRocket  

           ===== Results =====
           MSE : 20710.90694912
           MAE : 69.83118229
           RMSE: 143.91284498
           R²  : -0.28068652

    --- Executing dataset WaveDataTension --- 

        -> Running model MiniRocket  

           ===== Results =====
           MSE : 229.11272112
           MAE : 12.12892506
           RMSE: 15.13646990
           R²  : 0.19201365

    --- Executing dataset WindTurbinePower --- 

        -> Running model MiniRocket  

           ===== Results =====
           MSE : 10121.15596859
           MAE : 70.45713560
           RMSE: 100.60395603
           R²  : 0.98717831

    --- Executing dataset ZincConcentration --- 

        -> Running model MiniRocket  

           ===== Results =====
           MSE : 2.32008621
           MAE : 0.80644271
           RMSE: 1.52318292
           R²  : 0.09116012

    --- Executing dataset ElectricMotorTemperature --- 

        -> Running model MiniRocket  

           ===== Results =====
           MSE : 52.41509786
           MAE : 5.36704565
           RMSE: 7.23982720
           R²  : 0.85736842

    --- Executing dataset DailyTemperatureLatitude --- 

        -> Running model MiniRocket  

           ===== Results =====
           MSE : 9.26972110
           MAE : 2.20819306
           RMSE: 3.04462167
           R²  : 0.97986721

    --- Executing dataset BeijingPM10Quality_nmv --- 

        -> Running model MiniRocket  

           ===== Results =====
           MSE : 7094.44107752
           MAE : 55.86698165
           RMSE: 84.22850514
           R²  : 0.56913263

    --- Executing dataset BeijingPM25Quality_nmv --- 

        -> Running model MiniRocket  

           ===== Results =====
           MSE : 3132.11992289
           MAE : 36.52329787
           RMSE: 55.96534573
           R²  : 0.73271971

 === Started run 22 === 

    --- Executing dataset Covid3Month --- 

        -> Running model MiniRocket  

           ===== Results =====
           MSE : 0.00191085
           MAE : 0.03147369
           RMSE: 0.04371326
           R²  : 0.15983849

    --- Executing dataset FloodModeling1 --- 

        -> Running model MiniRocket  

           ===== Results =====
           MSE : 0.00003517
           MAE : 0.00411051
           RMSE: 0.00593076
           R²  : 0.88501095

    --- Executing dataset FloodModeling2 --- 

        -> Running model MiniRocket  

           ===== Results =====
           MSE : 0.00001007
           MAE : 0.00180142
           RMSE: 0.00317398
           R²  : 0.54566740

    --- Executing dataset FloodModeling3 --- 

        -> Running model MiniRocket  

           ===== Results =====
           MSE : 0.00002740
           MAE : 0.00360192
           RMSE: 0.00523441
           R²  : 0.93774002

    --- Executing dataset IEEEPPG --- 

        -> Running model MiniRocket  

           ===== Results =====
           MSE : 43.22078047
           MAE : 4.90297739
           RMSE: 6.57425132
           R²  : 0.95031410

    --- Executing dataset HouseholdPowerConsumption2_nmv --- 

        -> Running model MiniRocket  

           ===== Results =====
           MSE : 679.87423278
           MAE : 19.69936327
           RMSE: 26.07439803
           R²  : 0.72344628

    --- Executing dataset HouseholdPowerConsumption1_nmv --- 

        -> Running model MiniRocket  

           ===== Results =====
           MSE : 16760.03366795
           MAE : 84.45516728
           RMSE: 129.46054869
           R²  : 0.95459019

    --- Executing dataset AppliancesEnergy --- 

        -> Running model MiniRocket  

           ===== Results =====
           MSE : 8.62062469
           MAE : 2.43750376
           RMSE: 2.93609003
           R²  : 0.49164648

    --- Executing dataset BenzeneConcentration_nmv --- 

        -> Running model MiniRocket  

           ===== Results =====
           MSE : 2.30193081
           MAE : 1.03038162
           RMSE: 1.51721152
           R²  : 0.95882022

    --- Executing dataset LiveFuelMoistureContent --- 

        -> Running model MiniRocket  

           ===== Results =====
           MSE : 1918.22063901
           MAE : 32.78649405
           RMSE: 43.79749581
           R²  : -0.04321867

    --- Executing dataset BIDMC32RR --- 

        -> Running model MiniRocket  

           ===== Results =====
           MSE : 0.13272581
           MAE : 0.26954885
           RMSE: 0.36431553
           R²  : 0.98550788

    --- Executing dataset BIDMC32SpO2 --- 

        -> Running model MiniRocket  

           ===== Results =====
           MSE : 0.01653219
           MAE : 0.09568446
           RMSE: 0.12857757
           R²  : 0.99846887

    --- Executing dataset BIDMC32HR --- 

        -> Running model MiniRocket  

           ===== Results =====
           MSE : 0.18737192
           MAE : 0.30995623
           RMSE: 0.43286478
           R²  : 0.99893733

    --- Executing dataset AcousticContaminationMadrid_nmv --- 

        -> Running model MiniRocket  

           ===== Results =====
           MSE : 21.68931480
           MAE : 3.42285942
           RMSE: 4.65717885
           R²  : 0.52766868

    --- Executing dataset AluminiumConcentration --- 

        -> Running model MiniRocket  

           ===== Results =====
           MSE : 63900.64185250
           MAE : 174.01281772
           RMSE: 252.78576276
           R²  : 0.71971951

    --- Executing dataset BarCrawl6min --- 

        -> Running model MiniRocket  

           ===== Results =====
           MSE : 0.00175020
           MAE : 0.03290855
           RMSE: 0.04183544
           R²  : 0.45149121

    --- Executing dataset BeijingIntAirportPM25Quality --- 

        -> Running model MiniRocket  

           ===== Results =====
           MSE : 3050.85582329
           MAE : 42.56406146
           RMSE: 55.23455280
           R²  : 0.50947612

    --- Executing dataset BinanceCoinSentiment --- 

        -> Running model MiniRocket  

           ===== Results =====
           MSE : 0.16641137
           MAE : 0.29658603
           RMSE: 0.40793550
           R²  : -0.21507264

    --- Executing dataset BitcoinSentiment --- 

        -> Running model MiniRocket  

           ===== Results =====
           MSE : 0.03803365
           MAE : 0.13291245
           RMSE: 0.19502218
           R²  : 0.33330581

    --- Executing dataset BoronConcentration --- 

        -> Running model MiniRocket  

           ===== Results =====
           MSE : 9.50225190
           MAE : 0.95140853
           RMSE: 3.08257229
           R²  : -6.44169444

    --- Executing dataset CalciumConcentration --- 

        -> Running model MiniRocket  

           ===== Results =====
           MSE : 4431085.12275983
           MAE : 1294.98116091
           RMSE: 2105.01428089
           R²  : 0.69437797

    --- Executing dataset CardanoSentiment --- 

        -> Running model MiniRocket  

           ===== Results =====
           MSE : 0.10353854
           MAE : 0.25323563
           RMSE: 0.32177405
           R²  : -0.12985891

    --- Executing dataset ChilledWaterPredictor --- 

        -> Running model MiniRocket  

           ===== Results =====
           MSE : 5657482.02590076
           MAE : 1008.83807258
           RMSE: 2378.54620008
           R²  : 0.07657356

    --- Executing dataset CopperConcentration --- 

        -> Running model MiniRocket  

           ===== Results =====
           MSE : 5.09886597
           MAE : 0.98167202
           RMSE: 2.25806687
           R²  : 0.30094911

    --- Executing dataset Covid19Andalusia --- 

        -> Running model MiniRocket  

           ===== Results =====
           MSE : 0.00023838
           MAE : 0.01031678
           RMSE: 0.01543971
           R²  : 0.77421407

    --- Executing dataset DailyOilGasPrices --- 

        -> Running model MiniRocket  

           ===== Results =====
           MSE : 2.43846570
           MAE : 1.17358762
           RMSE: 1.56155874
           R²  : 0.20378492

    --- Executing dataset DhakaHourlyAirQuality --- 

        -> Running model MiniRocket  

           ===== Results =====
           MSE : 20.10904445
           MAE : 2.96587533
           RMSE: 4.48431092
           R²  : 0.99484182

    --- Executing dataset ElectricityPredictor --- 

        -> Running model MiniRocket  

           ===== Results =====
           MSE : 330974.51901406
           MAE : 320.13180501
           RMSE: 575.30384930
           R²  : -0.51963381

    --- Executing dataset EthereumSentiment --- 

        -> Running model MiniRocket  

           ===== Results =====
           MSE : 0.04530869
           MAE : 0.17008099
           RMSE: 0.21285837
           R²  : 0.16237746

    --- Executing dataset GasSensorArrayAcetone --- 

        -> Running model MiniRocket  

           ===== Results =====
           MSE : 0.03468948
           MAE : 0.11616882
           RMSE: 0.18625112
           R²  : 0.61147782

    --- Executing dataset GasSensorArrayEthanol --- 

        -> Running model MiniRocket  

           ===== Results =====
           MSE : 0.04034162
           MAE : 0.11624149
           RMSE: 0.20085223
           R²  : 0.66648005

    --- Executing dataset HotwaterPredictor --- 

        -> Running model MiniRocket  

           ===== Results =====
           MSE : 1262419.55693538
           MAE : 755.22911761
           RMSE: 1123.57445545
           R²  : 0.23582434

    --- Executing dataset IronConcentration --- 

        -> Running model MiniRocket  

           ===== Results =====
           MSE : 3704.69898454
           MAE : 42.85421007
           RMSE: 60.86623846
           R²  : 0.30834477

    --- Executing dataset LPGasMonitoringHomeActivity --- 

        -> Running model MiniRocket  

           ===== Results =====
           MSE : 1.52821456
           MAE : 0.89671901
           RMSE: 1.23620976
           R²  : 0.10867551

    --- Executing dataset MadridPM10Quality_nmv --- 

        -> Running model MiniRocket  

           ===== Results =====
           MSE : 60.57941502
           MAE : 5.91850264
           RMSE: 7.78327791
           R²  : 0.61875434

    --- Executing dataset MagnesiumConcentration --- 

        -> Running model MiniRocket  

           ===== Results =====
           MSE : 38664.12549018
           MAE : 87.48449716
           RMSE: 196.63195440
           R²  : 0.86801147

    --- Executing dataset ManganeseConcentration --- 

        -> Running model MiniRocket  

           ===== Results =====
           MSE : 7911.63230104
           MAE : 64.96813403
           RMSE: 88.94735691
           R²  : 0.37106043

    --- Executing dataset MethaneMonitoringHomeActivity --- 

        -> Running model MiniRocket  

           ===== Results =====
           MSE : 0.30857901
           MAE : 0.36418283
           RMSE: 0.55549888
           R²  : 0.18942741

    --- Executing dataset MetroInterstateTrafficVolume --- 

        -> Running model MiniRocket  

           ===== Results =====
           MSE : 352048.57793099
           MAE : 481.81183895
           RMSE: 593.33681660
           R²  : -0.12316142

    --- Executing dataset NaturalGasPricesSentiment --- 

        -> Running model MiniRocket  

           ===== Results =====
           MSE : 0.00271577
           MAE : 0.04403106
           RMSE: 0.05211309
           R²  : 0.60506806

    --- Executing dataset OccupancyDetectionLight --- 

        -> Running model MiniRocket  

           ===== Results =====
           MSE : 6916.06906519
           MAE : 63.10625344
           RMSE: 83.16290679
           R²  : 0.79460833

    --- Executing dataset ParkingBirmingham_eq --- 

        -> Running model MiniRocket  

           ===== Results =====
           MSE : 0.01809100
           MAE : 0.10358177
           RMSE: 0.13450278
           R²  : 0.62384414

    --- Executing dataset PhosphorusConcentration --- 

        -> Running model MiniRocket  

           ===== Results =====
           MSE : 203.23212972
           MAE : 9.33525297
           RMSE: 14.25595068
           R²  : 0.34894353

    --- Executing dataset PotassiumConcentration --- 

        -> Running model MiniRocket  

           ===== Results =====
           MSE : 241574.31835727
           MAE : 108.02742571
           RMSE: 491.50210412
           R²  : -2.20088744

    --- Executing dataset PrecipitationAndalusia_nmv --- 

        -> Running model MiniRocket  

           ===== Results =====
           MSE : 0.13958280
           MAE : 0.24320212
           RMSE: 0.37360782
           R²  : 0.63485511

    --- Executing dataset SierraNevadaMountainsSnow --- 

        -> Running model MiniRocket  

           ===== Results =====
           MSE : 2201.79735391
           MAE : 28.24638989
           RMSE: 46.92331354
           R²  : 0.79252350

    --- Executing dataset SodiumConcentration --- 

        -> Running model MiniRocket  

           ===== Results =====
           MSE : 96200.29832394
           MAE : 162.03404411
           RMSE: 310.16172930
           R²  : 0.19368992

    --- Executing dataset SolarRadiationAndalusia_nmv --- 

        -> Running model MiniRocket  

           ===== Results =====
           MSE : 0.43550397
           MAE : 0.51203896
           RMSE: 0.65992725
           R²  : 0.28789750

    --- Executing dataset SteamPredictor --- 

        -> Running model MiniRocket  

           ===== Results =====
           MSE : 485424130.26090205
           MAE : 16520.09565086
           RMSE: 22032.34282279
           R²  : -0.51254522

    --- Executing dataset SulphurConcentration --- 

        -> Running model MiniRocket  

           ===== Results =====
           MSE : 63060.44357016
           MAE : 71.97268141
           RMSE: 251.11838557
           R²  : -0.20345637

    --- Executing dataset WaveDataTension --- 

        -> Running model MiniRocket  

           ===== Results =====
           MSE : 218.56701157
           MAE : 11.86496203
           RMSE: 14.78401203
           R²  : 0.26323293

    --- Executing dataset WindTurbinePower --- 

        -> Running model MiniRocket  

           ===== Results =====
           MSE : 7515.69939665
           MAE : 60.11359111
           RMSE: 86.69313350
           R²  : 0.99004067

    --- Executing dataset ZincConcentration --- 

        -> Running model MiniRocket  

           ===== Results =====
           MSE : 1.50357976
           MAE : 0.84085048
           RMSE: 1.22620543
           R²  : 0.01933753

    --- Executing dataset ElectricMotorTemperature --- 

        -> Running model MiniRocket  

           ===== Results =====
           MSE : 48.61130025
           MAE : 5.20771534
           RMSE: 6.97218045
           R²  : 0.86808507

    --- Executing dataset DailyTemperatureLatitude --- 

        -> Running model MiniRocket  

           ===== Results =====
           MSE : 9.13930082
           MAE : 2.21478902
           RMSE: 3.02312766
           R²  : 0.97995739

    --- Executing dataset BeijingPM10Quality_nmv --- 

        -> Running model MiniRocket  

           ===== Results =====
           MSE : 7481.85290651
           MAE : 56.58146537
           RMSE: 86.49770463
           R²  : 0.55208857

    --- Executing dataset BeijingPM25Quality_nmv --- 

        -> Running model MiniRocket  

           ===== Results =====
           MSE : 3233.93669222
           MAE : 38.28421320
           RMSE: 56.86771221
           R²  : 0.72635460

 === Started run 23 === 

    --- Executing dataset Covid3Month --- 

        -> Running model MiniRocket  

           ===== Results =====
           MSE : 0.00165584
           MAE : 0.03059344
           RMSE: 0.04069203
           R²  : 0.09636639

    --- Executing dataset FloodModeling1 --- 

        -> Running model MiniRocket  

           ===== Results =====
           MSE : 0.00005939
           MAE : 0.00527251
           RMSE: 0.00770678
           R²  : 0.84469315

    --- Executing dataset FloodModeling2 --- 

        -> Running model MiniRocket  

           ===== Results =====
           MSE : 0.00003742
           MAE : 0.00320099
           RMSE: 0.00611687
           R²  : 0.83858866

    --- Executing dataset FloodModeling3 --- 

        -> Running model MiniRocket  

           ===== Results =====
           MSE : 0.00002575
           MAE : 0.00366243
           RMSE: 0.00507407
           R²  : 0.93724827

    --- Executing dataset IEEEPPG --- 

        -> Running model MiniRocket  

           ===== Results =====
           MSE : 36.92333183
           MAE : 4.59484398
           RMSE: 6.07645718
           R²  : 0.95566972

    --- Executing dataset HouseholdPowerConsumption2_nmv --- 

        -> Running model MiniRocket  

           ===== Results =====
           MSE : 780.51814587
           MAE : 20.61964475
           RMSE: 27.93775485
           R²  : 0.67998819

    --- Executing dataset HouseholdPowerConsumption1_nmv --- 

        -> Running model MiniRocket  

           ===== Results =====
           MSE : 14931.97030300
           MAE : 73.32263528
           RMSE: 122.19644145
           R²  : 0.95950507

    --- Executing dataset AppliancesEnergy --- 

        -> Running model MiniRocket  

           ===== Results =====
           MSE : 6.03975706
           MAE : 2.06937300
           RMSE: 2.45759172
           R²  : 0.52720177

    --- Executing dataset BenzeneConcentration_nmv --- 

        -> Running model MiniRocket  

           ===== Results =====
           MSE : 2.51606406
           MAE : 1.14995620
           RMSE: 1.58621060
           R²  : 0.95403524

    --- Executing dataset LiveFuelMoistureContent --- 

        -> Running model MiniRocket  

           ===== Results =====
           MSE : 1895.58654543
           MAE : 32.68492777
           RMSE: 43.53833421
           R²  : -0.03291865

    --- Executing dataset BIDMC32RR --- 

        -> Running model MiniRocket  

           ===== Results =====
           MSE : 0.15116454
           MAE : 0.26548682
           RMSE: 0.38879884
           R²  : 0.98315309

    --- Executing dataset BIDMC32SpO2 --- 

        -> Running model MiniRocket  

           ===== Results =====
           MSE : 0.01571909
           MAE : 0.09382516
           RMSE: 0.12537578
           R²  : 0.99855364

    --- Executing dataset BIDMC32HR --- 

        -> Running model MiniRocket  

           ===== Results =====
           MSE : 0.16902066
           MAE : 0.29563378
           RMSE: 0.41112122
           R²  : 0.99900557

    --- Executing dataset AcousticContaminationMadrid_nmv --- 

        -> Running model MiniRocket  

           ===== Results =====
           MSE : 11.90784676
           MAE : 2.49808415
           RMSE: 3.45077481
           R²  : 0.73754723

    --- Executing dataset AluminiumConcentration --- 

        -> Running model MiniRocket  

           ===== Results =====
           MSE : 65926.08844080
           MAE : 165.63235317
           RMSE: 256.76076110
           R²  : 0.71635373

    --- Executing dataset BarCrawl6min --- 

        -> Running model MiniRocket  

           ===== Results =====
           MSE : 0.00266635
           MAE : 0.03826571
           RMSE: 0.05163673
           R²  : 0.32981725

    --- Executing dataset BeijingIntAirportPM25Quality --- 

        -> Running model MiniRocket  

           ===== Results =====
           MSE : 3007.65508572
           MAE : 40.87399540
           RMSE: 54.84209228
           R²  : 0.51530575

    --- Executing dataset BinanceCoinSentiment --- 

        -> Running model MiniRocket  

           ===== Results =====
           MSE : 0.14864176
           MAE : 0.30211283
           RMSE: 0.38554086
           R²  : -0.07671006

    --- Executing dataset BitcoinSentiment --- 

        -> Running model MiniRocket  

           ===== Results =====
           MSE : 0.04347860
           MAE : 0.15761595
           RMSE: 0.20851523
           R²  : 0.30782010

    --- Executing dataset BoronConcentration --- 

        -> Running model MiniRocket  

           ===== Results =====
           MSE : 0.91427218
           MAE : 0.60707532
           RMSE: 0.95617581
           R²  : -2.78786414

    --- Executing dataset CalciumConcentration --- 

        -> Running model MiniRocket  

           ===== Results =====
           MSE : 3165049.21950838
           MAE : 1224.98414305
           RMSE: 1779.05852054
           R²  : 0.25037368

    --- Executing dataset CardanoSentiment --- 

        -> Running model MiniRocket  

           ===== Results =====
           MSE : 0.12760402
           MAE : 0.27379033
           RMSE: 0.35721705
           R²  : -0.34782820

    --- Executing dataset ChilledWaterPredictor --- 

        -> Running model MiniRocket  

           ===== Results =====
           MSE : 6324136.34071242
           MAE : 1297.03345522
           RMSE: 2514.78355743
           R²  : -0.30414948

    --- Executing dataset CopperConcentration --- 

        -> Running model MiniRocket  

           ===== Results =====
           MSE : 1.20897742
           MAE : 0.76098713
           RMSE: 1.09953509
           R²  : 0.39472404

    --- Executing dataset Covid19Andalusia --- 

        -> Running model MiniRocket  

           ===== Results =====
           MSE : 0.00020759
           MAE : 0.00965096
           RMSE: 0.01440814
           R²  : 0.75259641

    --- Executing dataset DailyOilGasPrices --- 

        -> Running model MiniRocket  

           ===== Results =====
           MSE : 1.84829929
           MAE : 0.96552476
           RMSE: 1.35952172
           R²  : 0.54378256

    --- Executing dataset DhakaHourlyAirQuality --- 

        -> Running model MiniRocket  

           ===== Results =====
           MSE : 21.27527392
           MAE : 3.10333717
           RMSE: 4.61251276
           R²  : 0.99433835

    --- Executing dataset ElectricityPredictor --- 

        -> Running model MiniRocket  

           ===== Results =====
           MSE : 312438.44193127
           MAE : 297.66417333
           RMSE: 558.96193245
           R²  : -0.20816034

    --- Executing dataset EthereumSentiment --- 

        -> Running model MiniRocket  

           ===== Results =====
           MSE : 0.06077142
           MAE : 0.19068635
           RMSE: 0.24651861
           R²  : 0.10348044

    --- Executing dataset GasSensorArrayAcetone --- 

        -> Running model MiniRocket  

           ===== Results =====
           MSE : 0.03195054
           MAE : 0.11859329
           RMSE: 0.17874715
           R²  : 0.69522930

    --- Executing dataset GasSensorArrayEthanol --- 

        -> Running model MiniRocket  

           ===== Results =====
           MSE : 0.01791690
           MAE : 0.09092686
           RMSE: 0.13385402
           R²  : 0.81108045

    --- Executing dataset HotwaterPredictor --- 

        -> Running model MiniRocket  

           ===== Results =====
           MSE : 1204576.75849820
           MAE : 775.41576354
           RMSE: 1097.53212185
           R²  : 0.13196330

    --- Executing dataset IronConcentration --- 

        -> Running model MiniRocket  

           ===== Results =====
           MSE : 4000.05892497
           MAE : 41.59957131
           RMSE: 63.24601904
           R²  : 0.44898258

    --- Executing dataset LPGasMonitoringHomeActivity --- 

        -> Running model MiniRocket  

           ===== Results =====
           MSE : 1.54731968
           MAE : 0.90818184
           RMSE: 1.24391305
           R²  : 0.04533968

    --- Executing dataset MadridPM10Quality_nmv --- 

        -> Running model MiniRocket  

           ===== Results =====
           MSE : 55.94427017
           MAE : 5.77633036
           RMSE: 7.47959024
           R²  : 0.64601229

    --- Executing dataset MagnesiumConcentration --- 

        -> Running model MiniRocket  

           ===== Results =====
           MSE : 16054.45007082
           MAE : 82.76118989
           RMSE: 126.70615640
           R²  : 0.91893868

    --- Executing dataset ManganeseConcentration --- 

        -> Running model MiniRocket  

           ===== Results =====
           MSE : 8211.97179493
           MAE : 62.54097544
           RMSE: 90.61993045
           R²  : 0.34467029

    --- Executing dataset MethaneMonitoringHomeActivity --- 

        -> Running model MiniRocket  

           ===== Results =====
           MSE : 0.25689582
           MAE : 0.34147493
           RMSE: 0.50684891
           R²  : 0.17565490

    --- Executing dataset MetroInterstateTrafficVolume --- 

        -> Running model MiniRocket  

           ===== Results =====
           MSE : 374552.60951813
           MAE : 483.76474671
           RMSE: 612.00703388
           R²  : -0.21428716

    --- Executing dataset NaturalGasPricesSentiment --- 

        -> Running model MiniRocket  

           ===== Results =====
           MSE : 0.00419219
           MAE : 0.05296646
           RMSE: 0.06474713
           R²  : 0.56501328

    --- Executing dataset OccupancyDetectionLight --- 

        -> Running model MiniRocket  

           ===== Results =====
           MSE : 6858.00554918
           MAE : 62.45773391
           RMSE: 82.81307596
           R²  : 0.81702065

    --- Executing dataset ParkingBirmingham_eq --- 

        -> Running model MiniRocket  

           ===== Results =====
           MSE : 0.01968029
           MAE : 0.10715178
           RMSE: 0.14028645
           R²  : 0.61308435

    --- Executing dataset PhosphorusConcentration --- 

        -> Running model MiniRocket  

           ===== Results =====
           MSE : 318.96639954
           MAE : 10.11372752
           RMSE: 17.85963044
           R²  : 0.51172097

    --- Executing dataset PotassiumConcentration --- 

        -> Running model MiniRocket  

           ===== Results =====
           MSE : 27558.79011815
           MAE : 86.91862956
           RMSE: 166.00840376
           R²  : 0.71101564

    --- Executing dataset PrecipitationAndalusia_nmv --- 

        -> Running model MiniRocket  

           ===== Results =====
           MSE : 0.12124968
           MAE : 0.24461591
           RMSE: 0.34820924
           R²  : 0.65293059

    --- Executing dataset SierraNevadaMountainsSnow --- 

        -> Running model MiniRocket  

           ===== Results =====
           MSE : 2623.37695006
           MAE : 32.82203422
           RMSE: 51.21891204
           R²  : 0.75697391

    --- Executing dataset SodiumConcentration --- 

        -> Running model MiniRocket  

           ===== Results =====
           MSE : 221707.92722035
           MAE : 195.10270475
           RMSE: 470.85871259
           R²  : -0.93830560

    --- Executing dataset SolarRadiationAndalusia_nmv --- 

        -> Running model MiniRocket  

           ===== Results =====
           MSE : 0.33534598
           MAE : 0.45021341
           RMSE: 0.57909065
           R²  : 0.37137116

    --- Executing dataset SteamPredictor --- 

        -> Running model MiniRocket  

           ===== Results =====
           MSE : 524268648.85109186
           MAE : 18600.56357280
           RMSE: 22896.91352237
           R²  : -3.14909752

    --- Executing dataset SulphurConcentration --- 

        -> Running model MiniRocket  

           ===== Results =====
           MSE : 85119.07579900
           MAE : 67.25716331
           RMSE: 291.75173658
           R²  : -0.04726215

    --- Executing dataset WaveDataTension --- 

        -> Running model MiniRocket  

           ===== Results =====
           MSE : 223.90834740
           MAE : 12.09985761
           RMSE: 14.96356734
           R²  : 0.24377280

    --- Executing dataset WindTurbinePower --- 

        -> Running model MiniRocket  

           ===== Results =====
           MSE : 6860.53147567
           MAE : 57.93569310
           RMSE: 82.82832532
           R²  : 0.99104643

    --- Executing dataset ZincConcentration --- 

        -> Running model MiniRocket  

           ===== Results =====
           MSE : 1.96483363
           MAE : 0.85396000
           RMSE: 1.40172523
           R²  : 0.16424550

    --- Executing dataset ElectricMotorTemperature --- 

        -> Running model MiniRocket  

           ===== Results =====
           MSE : 47.45985670
           MAE : 5.07625496
           RMSE: 6.88911146
           R²  : 0.87079170

    --- Executing dataset DailyTemperatureLatitude --- 

        -> Running model MiniRocket  

           ===== Results =====
           MSE : 9.21224837
           MAE : 2.20563881
           RMSE: 3.03516859
           R²  : 0.97975781

    --- Executing dataset BeijingPM10Quality_nmv --- 

        -> Running model MiniRocket  

           ===== Results =====
           MSE : 7916.63587440
           MAE : 58.05041897
           RMSE: 88.97547906
           R²  : 0.53839484

    --- Executing dataset BeijingPM25Quality_nmv --- 

        -> Running model MiniRocket  

           ===== Results =====
           MSE : 2985.05638044
           MAE : 37.87474659
           RMSE: 54.63566949
           R²  : 0.73794560

 === Started run 24 === 

    --- Executing dataset Covid3Month --- 

        -> Running model MiniRocket  

           ===== Results =====
           MSE : 0.00147521
           MAE : 0.03008887
           RMSE: 0.03840844
           R²  : -0.04598896

    --- Executing dataset FloodModeling1 --- 

        -> Running model MiniRocket  

           ===== Results =====
           MSE : 0.00004153
           MAE : 0.00465256
           RMSE: 0.00644416
           R²  : 0.88677767

    --- Executing dataset FloodModeling2 --- 

        -> Running model MiniRocket  

           ===== Results =====
           MSE : 0.00001475
           MAE : 0.00221811
           RMSE: 0.00384059
           R²  : 0.84059655

    --- Executing dataset FloodModeling3 --- 

        -> Running model MiniRocket  

           ===== Results =====
           MSE : 0.00002849
           MAE : 0.00333131
           RMSE: 0.00533774
           R²  : 0.93411207

    --- Executing dataset IEEEPPG --- 

        -> Running model MiniRocket  

           ===== Results =====
           MSE : 41.20447346
           MAE : 4.80249042
           RMSE: 6.41907107
           R²  : 0.95217470

    --- Executing dataset HouseholdPowerConsumption2_nmv --- 

        -> Running model MiniRocket  

           ===== Results =====
           MSE : 743.26797285
           MAE : 20.38860617
           RMSE: 27.26294138
           R²  : 0.71304039

    --- Executing dataset HouseholdPowerConsumption1_nmv --- 

        -> Running model MiniRocket  

           ===== Results =====
           MSE : 18449.70569112
           MAE : 81.37165237
           RMSE: 135.82969370
           R²  : 0.95443692

    --- Executing dataset AppliancesEnergy --- 

        -> Running model MiniRocket  

           ===== Results =====
           MSE : 4.35468913
           MAE : 1.72733915
           RMSE: 2.08678919
           R²  : 0.73813570

    --- Executing dataset BenzeneConcentration_nmv --- 

        -> Running model MiniRocket  

           ===== Results =====
           MSE : 2.51426407
           MAE : 1.12590114
           RMSE: 1.58564311
           R²  : 0.95582802

    --- Executing dataset LiveFuelMoistureContent --- 

        -> Running model MiniRocket  

           ===== Results =====
           MSE : 1691.40181069
           MAE : 31.21025305
           RMSE: 41.12665572
           R²  : -0.06117351

    --- Executing dataset BIDMC32RR --- 

        -> Running model MiniRocket  

           ===== Results =====
           MSE : 0.12079688
           MAE : 0.25626169
           RMSE: 0.34755845
           R²  : 0.98666185

    --- Executing dataset BIDMC32SpO2 --- 

        -> Running model MiniRocket  

           ===== Results =====
           MSE : 0.01538748
           MAE : 0.09280723
           RMSE: 0.12404627
           R²  : 0.99865442

    --- Executing dataset BIDMC32HR --- 

        -> Running model MiniRocket  

           ===== Results =====
           MSE : 0.17018905
           MAE : 0.29245523
           RMSE: 0.41253976
           R²  : 0.99900327

    --- Executing dataset AcousticContaminationMadrid_nmv --- 

        -> Running model MiniRocket  

           ===== Results =====
           MSE : 14.88554400
           MAE : 2.82347266
           RMSE: 3.85817884
           R²  : 0.52392893

    --- Executing dataset AluminiumConcentration --- 

        -> Running model MiniRocket  

           ===== Results =====
           MSE : 68829.93237102
           MAE : 172.21616825
           RMSE: 262.35459281
           R²  : 0.73041040

    --- Executing dataset BarCrawl6min --- 

        -> Running model MiniRocket  

           ===== Results =====
           MSE : 0.00221003
           MAE : 0.03514332
           RMSE: 0.04701098
           R²  : 0.28337227

    --- Executing dataset BeijingIntAirportPM25Quality --- 

        -> Running model MiniRocket  

           ===== Results =====
           MSE : 2774.75433965
           MAE : 40.19494324
           RMSE: 52.67593701
           R²  : 0.50084370

    --- Executing dataset BinanceCoinSentiment --- 

        -> Running model MiniRocket  

           ===== Results =====
           MSE : 0.12236520
           MAE : 0.27029333
           RMSE: 0.34980737
           R²  : -0.12297290

    --- Executing dataset BitcoinSentiment --- 

        -> Running model MiniRocket  

           ===== Results =====
           MSE : 0.04331589
           MAE : 0.16135839
           RMSE: 0.20812471
           R²  : 0.23359042

    --- Executing dataset BoronConcentration --- 

        -> Running model MiniRocket  

           ===== Results =====
           MSE : 1.33137611
           MAE : 0.62737048
           RMSE: 1.15385273
           R²  : -1.30837958

    --- Executing dataset CalciumConcentration --- 

        -> Running model MiniRocket  

           ===== Results =====
           MSE : 4395670.97567783
           MAE : 1293.83052261
           RMSE: 2096.58555172
           R²  : 0.57929756

    --- Executing dataset CardanoSentiment --- 

        -> Running model MiniRocket  

           ===== Results =====
           MSE : 0.13547943
           MAE : 0.28534645
           RMSE: 0.36807531
           R²  : -0.68110284

    --- Executing dataset ChilledWaterPredictor --- 

        -> Running model MiniRocket  

           ===== Results =====
           MSE : 4408757.83172652
           MAE : 1111.45816492
           RMSE: 2099.70422482
           R²  : -0.24767818

    --- Executing dataset CopperConcentration --- 

        -> Running model MiniRocket  

           ===== Results =====
           MSE : 1.29518404
           MAE : 0.76492366
           RMSE: 1.13806153
           R²  : 0.41516152

    --- Executing dataset Covid19Andalusia --- 

        -> Running model MiniRocket  

           ===== Results =====
           MSE : 0.00037394
           MAE : 0.01090332
           RMSE: 0.01933743
           R²  : 0.61294516

    --- Executing dataset DailyOilGasPrices --- 

        -> Running model MiniRocket  

           ===== Results =====
           MSE : 3.36935992
           MAE : 1.29751805
           RMSE: 1.83558163
           R²  : 0.40282302

    --- Executing dataset DhakaHourlyAirQuality --- 

        -> Running model MiniRocket  

           ===== Results =====
           MSE : 17.17563489
           MAE : 2.93124252
           RMSE: 4.14434975
           R²  : 0.99513853

    --- Executing dataset ElectricityPredictor --- 

        -> Running model MiniRocket  

           ===== Results =====
           MSE : 212911.74651755
           MAE : 227.97459373
           RMSE: 461.42360854
           R²  : -0.23520458

    --- Executing dataset EthereumSentiment --- 

        -> Running model MiniRocket  

           ===== Results =====
           MSE : 0.05627472
           MAE : 0.18392266
           RMSE: 0.23722294
           R²  : -0.01282958

    --- Executing dataset GasSensorArrayAcetone --- 

        -> Running model MiniRocket  

           ===== Results =====
           MSE : 0.02658279
           MAE : 0.11217944
           RMSE: 0.16304228
           R²  : 0.64190885

    --- Executing dataset GasSensorArrayEthanol --- 

        -> Running model MiniRocket  

           ===== Results =====
           MSE : 0.02129180
           MAE : 0.10251525
           RMSE: 0.14591709
           R²  : 0.76438617

    --- Executing dataset HotwaterPredictor --- 

        -> Running model MiniRocket  

           ===== Results =====
           MSE : 1410937.65707886
           MAE : 858.93403895
           RMSE: 1187.82896794
           R²  : 0.10604421

    --- Executing dataset IronConcentration --- 

        -> Running model MiniRocket  

           ===== Results =====
           MSE : 3479.71180245
           MAE : 42.02912441
           RMSE: 58.98908206
           R²  : 0.44972926

    --- Executing dataset LPGasMonitoringHomeActivity --- 

        -> Running model MiniRocket  

           ===== Results =====
           MSE : 1.57147245
           MAE : 0.92171108
           RMSE: 1.25358384
           R²  : 0.06439299

    --- Executing dataset MadridPM10Quality_nmv --- 

        -> Running model MiniRocket  

           ===== Results =====
           MSE : 61.81471867
           MAE : 5.91439528
           RMSE: 7.86223369
           R²  : 0.63278332

    --- Executing dataset MagnesiumConcentration --- 

        -> Running model MiniRocket  

           ===== Results =====
           MSE : 14797.31876547
           MAE : 77.51042870
           RMSE: 121.64423030
           R²  : 0.92709450

    --- Executing dataset ManganeseConcentration --- 

        -> Running model MiniRocket  

           ===== Results =====
           MSE : 6207.77736311
           MAE : 56.24140816
           RMSE: 78.78944957
           R²  : 0.34580244

    --- Executing dataset MethaneMonitoringHomeActivity --- 

        -> Running model MiniRocket  

           ===== Results =====
           MSE : 0.27681946
           MAE : 0.35328042
           RMSE: 0.52613635
           R²  : 0.20041135

    --- Executing dataset MetroInterstateTrafficVolume --- 

        -> Running model MiniRocket  

           ===== Results =====
           MSE : 335026.79143929
           MAE : 472.94131025
           RMSE: 578.81498896
           R²  : -0.18614350

    --- Executing dataset NaturalGasPricesSentiment --- 

        -> Running model MiniRocket  

           ===== Results =====
           MSE : 0.00206372
           MAE : 0.03830688
           RMSE: 0.04542817
           R²  : 0.50410485

    --- Executing dataset OccupancyDetectionLight --- 

        -> Running model MiniRocket  

           ===== Results =====
           MSE : 6144.41313118
           MAE : 54.10850947
           RMSE: 78.38630704
           R²  : 0.82959372

    --- Executing dataset ParkingBirmingham_eq --- 

        -> Running model MiniRocket  

           ===== Results =====
           MSE : 0.01990920
           MAE : 0.10386252
           RMSE: 0.14109998
           R²  : 0.60834268

    --- Executing dataset PhosphorusConcentration --- 

        -> Running model MiniRocket  

           ===== Results =====
           MSE : 432.63830196
           MAE : 9.88246302
           RMSE: 20.79995918
           R²  : 0.43121185

    --- Executing dataset PotassiumConcentration --- 

        -> Running model MiniRocket  

           ===== Results =====
           MSE : 44907.71165849
           MAE : 95.07523030
           RMSE: 211.91439701
           R²  : 0.57696190

    --- Executing dataset PrecipitationAndalusia_nmv --- 

        -> Running model MiniRocket  

           ===== Results =====
           MSE : 0.11628123
           MAE : 0.24759645
           RMSE: 0.34100034
           R²  : 0.67989370

    --- Executing dataset SierraNevadaMountainsSnow --- 

        -> Running model MiniRocket  

           ===== Results =====
           MSE : 2056.68305527
           MAE : 28.63738375
           RMSE: 45.35066764
           R²  : 0.78675597

    --- Executing dataset SodiumConcentration --- 

        -> Running model MiniRocket  

           ===== Results =====
           MSE : 893022.85084999
           MAE : 128.03718287
           RMSE: 944.99886288
           R²  : 0.00009430

    --- Executing dataset SolarRadiationAndalusia_nmv --- 

        -> Running model MiniRocket  

           ===== Results =====
           MSE : 0.31427293
           MAE : 0.44218029
           RMSE: 0.56060051
           R²  : 0.34594143

    --- Executing dataset SteamPredictor --- 

        -> Running model MiniRocket  

           ===== Results =====
           MSE : 1857336932.63854837
           MAE : 22718.24623633
           RMSE: 43096.83204875
           R²  : 0.04444206

    --- Executing dataset SulphurConcentration --- 

        -> Running model MiniRocket  

           ===== Results =====
           MSE : 23631.59643027
           MAE : 78.22386722
           RMSE: 153.72571818
           R²  : -54.21765117

    --- Executing dataset WaveDataTension --- 

        -> Running model MiniRocket  

           ===== Results =====
           MSE : 253.18108649
           MAE : 12.52014201
           RMSE: 15.91166511
           R²  : 0.23539985

    --- Executing dataset WindTurbinePower --- 

        -> Running model MiniRocket  

           ===== Results =====
           MSE : 9492.08659273
           MAE : 69.93565363
           RMSE: 97.42734007
           R²  : 0.98814995

    --- Executing dataset ZincConcentration --- 

        -> Running model MiniRocket  

           ===== Results =====
           MSE : 1.53024942
           MAE : 0.82252791
           RMSE: 1.23703250
           R²  : -0.08808535

    --- Executing dataset ElectricMotorTemperature --- 

        -> Running model MiniRocket  

           ===== Results =====
           MSE : 48.48713343
           MAE : 5.14411227
           RMSE: 6.96327031
           R²  : 0.86850885

    --- Executing dataset DailyTemperatureLatitude --- 

        -> Running model MiniRocket  

           ===== Results =====
           MSE : 9.10989003
           MAE : 2.21878509
           RMSE: 3.01825944
           R²  : 0.98023235

    --- Executing dataset BeijingPM10Quality_nmv --- 

        -> Running model MiniRocket  

           ===== Results =====
           MSE : 6891.61534297
           MAE : 56.44949024
           RMSE: 83.01575358
           R²  : 0.56757022

    --- Executing dataset BeijingPM25Quality_nmv --- 

        -> Running model MiniRocket  

           ===== Results =====
           MSE : 3135.37228495
           MAE : 37.74827688
           RMSE: 55.99439512
           R²  : 0.72175890

 === Started run 25 === 

    --- Executing dataset Covid3Month --- 

        -> Running model MiniRocket  

           ===== Results =====
           MSE : 0.00210485
           MAE : 0.03593115
           RMSE: 0.04587869
           R²  : 0.10576890

    --- Executing dataset FloodModeling1 --- 

        -> Running model MiniRocket  

           ===== Results =====
           MSE : 0.00024132
           MAE : 0.00551167
           RMSE: 0.01553446
           R²  : 0.60285911

    --- Executing dataset FloodModeling2 --- 

        -> Running model MiniRocket  

           ===== Results =====
           MSE : 0.00012474
           MAE : 0.00358107
           RMSE: 0.01116892
           R²  : 0.68021586

    --- Executing dataset FloodModeling3 --- 

        -> Running model MiniRocket  

           ===== Results =====
           MSE : 0.00002555
           MAE : 0.00371538
           RMSE: 0.00505500
           R²  : 0.93073344

    --- Executing dataset IEEEPPG --- 

        -> Running model MiniRocket  

           ===== Results =====
           MSE : 41.27965207
           MAE : 4.85890888
           RMSE: 6.42492428
           R²  : 0.95123279

    --- Executing dataset HouseholdPowerConsumption2_nmv --- 

        -> Running model MiniRocket  

           ===== Results =====
           MSE : 764.05010337
           MAE : 19.83849145
           RMSE: 27.64145625
           R²  : 0.68484753

    --- Executing dataset HouseholdPowerConsumption1_nmv --- 

        -> Running model MiniRocket  

           ===== Results =====
           MSE : 17092.64563326
           MAE : 85.96888750
           RMSE: 130.73884516
           R²  : 0.95516099

    --- Executing dataset AppliancesEnergy --- 

        -> Running model MiniRocket  

           ===== Results =====
           MSE : 5.18900790
           MAE : 1.84708968
           RMSE: 2.27793940
           R²  : 0.62313804

    --- Executing dataset BenzeneConcentration_nmv --- 

        -> Running model MiniRocket  

           ===== Results =====
           MSE : 2.36811500
           MAE : 1.05102474
           RMSE: 1.53886809
           R²  : 0.95814858

    --- Executing dataset LiveFuelMoistureContent --- 

        -> Running model MiniRocket  

           ===== Results =====
           MSE : 1803.61725138
           MAE : 32.05741212
           RMSE: 42.46901519
           R²  : -0.06636532

    --- Executing dataset BIDMC32RR --- 

        -> Running model MiniRocket  

           ===== Results =====
           MSE : 0.14319795
           MAE : 0.27366234
           RMSE: 0.37841505
           R²  : 0.98362943

    --- Executing dataset BIDMC32SpO2 --- 

        -> Running model MiniRocket  

           ===== Results =====
           MSE : 0.01551928
           MAE : 0.09260075
           RMSE: 0.12457642
           R²  : 0.99859451

    --- Executing dataset BIDMC32HR --- 

        -> Running model MiniRocket  

           ===== Results =====
           MSE : 0.18235997
           MAE : 0.29949243
           RMSE: 0.42703627
           R²  : 0.99895174

    --- Executing dataset AcousticContaminationMadrid_nmv --- 

        -> Running model MiniRocket  

           ===== Results =====
           MSE : 17.15381028
           MAE : 3.14493165
           RMSE: 4.14171586
           R²  : 0.62381683

    --- Executing dataset AluminiumConcentration --- 

        -> Running model MiniRocket  

           ===== Results =====
           MSE : 65887.56672227
           MAE : 171.66437477
           RMSE: 256.68573533
           R²  : 0.71376122

    --- Executing dataset BarCrawl6min --- 

        -> Running model MiniRocket  

           ===== Results =====
           MSE : 0.00193630
           MAE : 0.03047950
           RMSE: 0.04400346
           R²  : 0.43172695

    --- Executing dataset BeijingIntAirportPM25Quality --- 

        -> Running model MiniRocket  

           ===== Results =====
           MSE : 3081.72892791
           MAE : 40.63905572
           RMSE: 55.51332208
           R²  : 0.48136327

    --- Executing dataset BinanceCoinSentiment --- 

        -> Running model MiniRocket  

           ===== Results =====
           MSE : 0.13966733
           MAE : 0.28754183
           RMSE: 0.37372092
           R²  : -0.06921254

    --- Executing dataset BitcoinSentiment --- 

        -> Running model MiniRocket  

           ===== Results =====
           MSE : 0.04318656
           MAE : 0.14132170
           RMSE: 0.20781376
           R²  : 0.22320997

    --- Executing dataset BoronConcentration --- 

        -> Running model MiniRocket  

           ===== Results =====
           MSE : 1.13505202
           MAE : 0.53617717
           RMSE: 1.06538820
           R²  : 0.40591192

    --- Executing dataset CalciumConcentration --- 

        -> Running model MiniRocket  

           ===== Results =====
           MSE : 4546738.17128289
           MAE : 1365.55257914
           RMSE: 2132.30817925
           R²  : 0.52006473

    --- Executing dataset CardanoSentiment --- 

        -> Running model MiniRocket  

           ===== Results =====
           MSE : 0.10577677
           MAE : 0.25062283
           RMSE: 0.32523341
           R²  : -0.00248641

    --- Executing dataset ChilledWaterPredictor --- 

        -> Running model MiniRocket  

           ===== Results =====
           MSE : 2355263.21241427
           MAE : 1193.01942358
           RMSE: 1534.68668216
           R²  : -8.00597113

    --- Executing dataset CopperConcentration --- 

        -> Running model MiniRocket  

           ===== Results =====
           MSE : 3.31353915
           MAE : 0.95747388
           RMSE: 1.82031293
           R²  : 0.44522112

    --- Executing dataset Covid19Andalusia --- 

        -> Running model MiniRocket  

           ===== Results =====
           MSE : 0.00031707
           MAE : 0.01145094
           RMSE: 0.01780647
           R²  : 0.75347135

    --- Executing dataset DailyOilGasPrices --- 

        -> Running model MiniRocket  

           ===== Results =====
           MSE : 3.90933139
           MAE : 1.26174490
           RMSE: 1.97720292
           R²  : 0.33483573

    --- Executing dataset DhakaHourlyAirQuality --- 

        -> Running model MiniRocket  

           ===== Results =====
           MSE : 18.97827900
           MAE : 3.04992782
           RMSE: 4.35640666
           R²  : 0.99533789

    --- Executing dataset ElectricityPredictor --- 

        -> Running model MiniRocket  

           ===== Results =====
           MSE : 279907.75615060
           MAE : 276.86145437
           RMSE: 529.06309279
           R²  : -0.36936776

    --- Executing dataset EthereumSentiment --- 

        -> Running model MiniRocket  

           ===== Results =====
           MSE : 0.06265994
           MAE : 0.18600821
           RMSE: 0.25031967
           R²  : 0.12517521

    --- Executing dataset GasSensorArrayAcetone --- 

        -> Running model MiniRocket  

           ===== Results =====
           MSE : 0.05551828
           MAE : 0.14164779
           RMSE: 0.23562317
           R²  : 0.49316323

    --- Executing dataset GasSensorArrayEthanol --- 

        -> Running model MiniRocket  

           ===== Results =====
           MSE : 0.20137533
           MAE : 0.15122705
           RMSE: 0.44874863
           R²  : -1.04451495

    --- Executing dataset HotwaterPredictor --- 

        -> Running model MiniRocket  

           ===== Results =====
           MSE : 1704406.63802906
           MAE : 842.72585575
           RMSE: 1305.52925591
           R²  : 0.40626514

    --- Executing dataset IronConcentration --- 

        -> Running model MiniRocket  

           ===== Results =====
           MSE : 4288.59907417
           MAE : 42.46165315
           RMSE: 65.48739630
           R²  : 0.37685992

    --- Executing dataset LPGasMonitoringHomeActivity --- 

        -> Running model MiniRocket  

           ===== Results =====
           MSE : 1.56176077
           MAE : 0.90678800
           RMSE: 1.24970427
           R²  : 0.07291176

    --- Executing dataset MadridPM10Quality_nmv --- 

        -> Running model MiniRocket  

           ===== Results =====
           MSE : 62.00909764
           MAE : 5.92198305
           RMSE: 7.87458555
           R²  : 0.62613935

    --- Executing dataset MagnesiumConcentration --- 

        -> Running model MiniRocket  

           ===== Results =====
           MSE : 14938.96084762
           MAE : 79.22558935
           RMSE: 122.22504182
           R²  : 0.91995188

    --- Executing dataset ManganeseConcentration --- 

        -> Running model MiniRocket  

           ===== Results =====
           MSE : 7743.86222439
           MAE : 57.01718120
           RMSE: 87.99921718
           R²  : 0.45061552

    --- Executing dataset MethaneMonitoringHomeActivity --- 

        -> Running model MiniRocket  

           ===== Results =====
           MSE : 0.23663952
           MAE : 0.33609243
           RMSE: 0.48645608
           R²  : 0.21384180

    --- Executing dataset MetroInterstateTrafficVolume --- 

        -> Running model MiniRocket  

           ===== Results =====
           MSE : 377451.92885680
           MAE : 499.02691956
           RMSE: 614.37116539
           R²  : -0.07925198

    --- Executing dataset NaturalGasPricesSentiment --- 

        -> Running model MiniRocket  

           ===== Results =====
           MSE : 0.00380375
           MAE : 0.05056324
           RMSE: 0.06167456
           R²  : 0.06846899

    --- Executing dataset OccupancyDetectionLight --- 

        -> Running model MiniRocket  

           ===== Results =====
           MSE : 6408.33955592
           MAE : 55.72827215
           RMSE: 80.05210526
           R²  : 0.83617943

    --- Executing dataset ParkingBirmingham_eq --- 

        -> Running model MiniRocket  

           ===== Results =====
           MSE : 0.01685645
           MAE : 0.09859810
           RMSE: 0.12983239
           R²  : 0.66351962

    --- Executing dataset PhosphorusConcentration --- 

        -> Running model MiniRocket  

           ===== Results =====
           MSE : 225.80552547
           MAE : 9.87804896
           RMSE: 15.02682686
           R²  : 0.64620234

    --- Executing dataset PotassiumConcentration --- 

        -> Running model MiniRocket  

           ===== Results =====
           MSE : 20891.59697935
           MAE : 82.95659962
           RMSE: 144.53925757
           R²  : 0.66179532

    --- Executing dataset PrecipitationAndalusia_nmv --- 

        -> Running model MiniRocket  

           ===== Results =====
           MSE : 0.07468929
           MAE : 0.20968761
           RMSE: 0.27329342
           R²  : 0.72262284

    --- Executing dataset SierraNevadaMountainsSnow --- 

        -> Running model MiniRocket  

           ===== Results =====
           MSE : 1657.43179107
           MAE : 26.49505501
           RMSE: 40.71156827
           R²  : 0.81935817

    --- Executing dataset SodiumConcentration --- 

        -> Running model MiniRocket  

           ===== Results =====
           MSE : 224612.08944100
           MAE : 218.04282391
           RMSE: 473.93257900
           R²  : -0.87029829

    --- Executing dataset SolarRadiationAndalusia_nmv --- 

        -> Running model MiniRocket  

           ===== Results =====
           MSE : 0.44815119
           MAE : 0.51292580
           RMSE: 0.66944096
           R²  : 0.23467080

    --- Executing dataset SteamPredictor --- 

        -> Running model MiniRocket  

           ===== Results =====
           MSE : 1574234161.43609309
           MAE : 18785.78386035
           RMSE: 39676.61983380
           R²  : 0.17231494

    --- Executing dataset SulphurConcentration --- 

        -> Running model MiniRocket  

           ===== Results =====
           MSE : 12928.23083598
           MAE : 67.71538939
           RMSE: 113.70237832
           R²  : -0.22161024

    --- Executing dataset WaveDataTension --- 

        -> Running model MiniRocket  

           ===== Results =====
           MSE : 234.40032861
           MAE : 12.31751742
           RMSE: 15.31013810
           R²  : 0.27849626

    --- Executing dataset WindTurbinePower --- 

        -> Running model MiniRocket  

           ===== Results =====
           MSE : 6698.62036163
           MAE : 61.24394838
           RMSE: 81.84509980
           R²  : 0.99082956

    --- Executing dataset ZincConcentration --- 

        -> Running model MiniRocket  

           ===== Results =====
           MSE : 4.34163222
           MAE : 1.09059742
           RMSE: 2.08365837
           R²  : -1.04283773

    --- Executing dataset ElectricMotorTemperature --- 

        -> Running model MiniRocket  

           ===== Results =====
           MSE : 47.88322970
           MAE : 5.12426097
           RMSE: 6.91977093
           R²  : 0.87149361

    --- Executing dataset DailyTemperatureLatitude --- 

        -> Running model MiniRocket  

           ===== Results =====
           MSE : 9.16564978
           MAE : 2.21701172
           RMSE: 3.02748242
           R²  : 0.97984381

    --- Executing dataset BeijingPM10Quality_nmv --- 

        -> Running model MiniRocket  

           ===== Results =====
           MSE : 7343.85688335
           MAE : 56.97535694
           RMSE: 85.69630612
           R²  : 0.56574811

    --- Executing dataset BeijingPM25Quality_nmv --- 

        -> Running model MiniRocket  

           ===== Results =====
           MSE : 2960.22061450
           MAE : 37.73153632
           RMSE: 54.40790948
           R²  : 0.74183983

 === Started run 26 === 

    --- Executing dataset Covid3Month --- 

        -> Running model MiniRocket  

           ===== Results =====
           MSE : 0.00232595
           MAE : 0.03456761
           RMSE: 0.04822807
           R²  : -0.18984125

    --- Executing dataset FloodModeling1 --- 

        -> Running model MiniRocket  

           ===== Results =====
           MSE : 0.00004176
           MAE : 0.00449945
           RMSE: 0.00646215
           R²  : 0.89663792

    --- Executing dataset FloodModeling2 --- 

        -> Running model MiniRocket  

           ===== Results =====
           MSE : 0.00004663
           MAE : 0.00255774
           RMSE: 0.00682828
           R²  : 0.87627794

    --- Executing dataset FloodModeling3 --- 

        -> Running model MiniRocket  

           ===== Results =====
           MSE : 0.00004316
           MAE : 0.00400601
           RMSE: 0.00656927
           R²  : 0.91638452

    --- Executing dataset IEEEPPG --- 

        -> Running model MiniRocket  

           ===== Results =====
           MSE : 41.32979910
           MAE : 4.73087608
           RMSE: 6.42882564
           R²  : 0.95210287

    --- Executing dataset HouseholdPowerConsumption2_nmv --- 

        -> Running model MiniRocket  

           ===== Results =====
           MSE : 712.52419610
           MAE : 19.74910790
           RMSE: 26.69314886
           R²  : 0.70142292

    --- Executing dataset HouseholdPowerConsumption1_nmv --- 

        -> Running model MiniRocket  

           ===== Results =====
           MSE : 16891.10959317
           MAE : 76.62688096
           RMSE: 129.96580163
           R²  : 0.95532547

    --- Executing dataset AppliancesEnergy --- 

        -> Running model MiniRocket  

           ===== Results =====
           MSE : 6.63869570
           MAE : 1.98617387
           RMSE: 2.57656665
           R²  : 0.55053044

    --- Executing dataset BenzeneConcentration_nmv --- 

        -> Running model MiniRocket  

           ===== Results =====
           MSE : 2.42365205
           MAE : 1.06098525
           RMSE: 1.55680829
           R²  : 0.95708869

    --- Executing dataset LiveFuelMoistureContent --- 

        -> Running model MiniRocket  

           ===== Results =====
           MSE : 1898.66988164
           MAE : 32.09458766
           RMSE: 43.57372926
           R²  : -0.03190023

    --- Executing dataset BIDMC32RR --- 

        -> Running model MiniRocket  

           ===== Results =====
           MSE : 0.13944144
           MAE : 0.26786495
           RMSE: 0.37341859
           R²  : 0.98433705

    --- Executing dataset BIDMC32SpO2 --- 

        -> Running model MiniRocket  

           ===== Results =====
           MSE : 0.01839251
           MAE : 0.09545253
           RMSE: 0.13561900
           R²  : 0.99824416

    --- Executing dataset BIDMC32HR --- 

        -> Running model MiniRocket  

           ===== Results =====
           MSE : 0.18991965
           MAE : 0.30058048
           RMSE: 0.43579771
           R²  : 0.99894285

    --- Executing dataset AcousticContaminationMadrid_nmv --- 

        -> Running model MiniRocket  

           ===== Results =====
           MSE : 22.61060758
           MAE : 3.61891870
           RMSE: 4.75506126
           R²  : 0.55176298

    --- Executing dataset AluminiumConcentration --- 

        -> Running model MiniRocket  

           ===== Results =====
           MSE : 59513.38469896
           MAE : 160.64690142
           RMSE: 243.95365277
           R²  : 0.73838992

    --- Executing dataset BarCrawl6min --- 

        -> Running model MiniRocket  

           ===== Results =====
           MSE : 0.00172624
           MAE : 0.03274444
           RMSE: 0.04154807
           R²  : 0.31037542

    --- Executing dataset BeijingIntAirportPM25Quality --- 

        -> Running model MiniRocket  

           ===== Results =====
           MSE : 3117.35858127
           MAE : 41.32301551
           RMSE: 55.83331068
           R²  : 0.48845148

    --- Executing dataset BinanceCoinSentiment --- 

        -> Running model MiniRocket  

           ===== Results =====
           MSE : 0.16257220
           MAE : 0.30121368
           RMSE: 0.40320242
           R²  : -0.18626293

    --- Executing dataset BitcoinSentiment --- 

        -> Running model MiniRocket  

           ===== Results =====
           MSE : 0.04276160
           MAE : 0.15541533
           RMSE: 0.20678879
           R²  : 0.25688471

    --- Executing dataset BoronConcentration --- 

        -> Running model MiniRocket  

           ===== Results =====
           MSE : 1.40714773
           MAE : 0.60626456
           RMSE: 1.18623258
           R²  : -1.30000636

    --- Executing dataset CalciumConcentration --- 

        -> Running model MiniRocket  

           ===== Results =====
           MSE : 6597910.45587097
           MAE : 1390.07689002
           RMSE: 2568.63980657
           R²  : 0.64454352

    --- Executing dataset CardanoSentiment --- 

        -> Running model MiniRocket  

           ===== Results =====
           MSE : 0.07124118
           MAE : 0.21464300
           RMSE: 0.26691043
           R²  : -0.09580744

    --- Executing dataset ChilledWaterPredictor --- 

        -> Running model MiniRocket  

           ===== Results =====
           MSE : 8569160.74890979
           MAE : 1176.39457374
           RMSE: 2927.31288880
           R²  : -0.04132435

    --- Executing dataset CopperConcentration --- 

        -> Running model MiniRocket  

           ===== Results =====
           MSE : 2.85703185
           MAE : 0.84622191
           RMSE: 1.69027567
           R²  : 0.45845222

    --- Executing dataset Covid19Andalusia --- 

        -> Running model MiniRocket  

           ===== Results =====
           MSE : 0.00010444
           MAE : 0.00762096
           RMSE: 0.01021945
           R²  : 0.89671449

    --- Executing dataset DailyOilGasPrices --- 

        -> Running model MiniRocket  

           ===== Results =====
           MSE : 2.65000567
           MAE : 1.15009009
           RMSE: 1.62788380
           R²  : 0.45991201

    --- Executing dataset DhakaHourlyAirQuality --- 

        -> Running model MiniRocket  

           ===== Results =====
           MSE : 13.10407047
           MAE : 2.73246567
           RMSE: 3.61995448
           R²  : 0.99662995

    --- Executing dataset ElectricityPredictor --- 

        -> Running model MiniRocket  

           ===== Results =====
           MSE : 227862.94624101
           MAE : 256.86328731
           RMSE: 477.34992012
           R²  : -0.32078645

    --- Executing dataset EthereumSentiment --- 

        -> Running model MiniRocket  

           ===== Results =====
           MSE : 0.05065596
           MAE : 0.17294967
           RMSE: 0.22506880
           R²  : 0.12512856

    --- Executing dataset GasSensorArrayAcetone --- 

        -> Running model MiniRocket  

           ===== Results =====
           MSE : 0.02820735
           MAE : 0.11171845
           RMSE: 0.16795043
           R²  : 0.70960586

    --- Executing dataset GasSensorArrayEthanol --- 

        -> Running model MiniRocket  

           ===== Results =====
           MSE : 0.11393016
           MAE : 0.13993008
           RMSE: 0.33753543
           R²  : -0.16424985

    --- Executing dataset HotwaterPredictor --- 

        -> Running model MiniRocket  

           ===== Results =====
           MSE : 1573195.30184814
           MAE : 918.19947675
           RMSE: 1254.27082476
           R²  : 0.11101633

    --- Executing dataset IronConcentration --- 

        -> Running model MiniRocket  

           ===== Results =====
           MSE : 3930.06208319
           MAE : 43.72232663
           RMSE: 62.69020724
           R²  : 0.37724568

    --- Executing dataset LPGasMonitoringHomeActivity --- 

        -> Running model MiniRocket  

           ===== Results =====
           MSE : 1.49573748
           MAE : 0.87681167
           RMSE: 1.22300347
           R²  : 0.11918603

    --- Executing dataset MadridPM10Quality_nmv --- 

        -> Running model MiniRocket  

           ===== Results =====
           MSE : 58.26529166
           MAE : 5.83960441
           RMSE: 7.63317049
           R²  : 0.64766446

    --- Executing dataset MagnesiumConcentration --- 

        -> Running model MiniRocket  

           ===== Results =====
           MSE : 10920.81891552
           MAE : 73.28318329
           RMSE: 104.50272205
           R²  : 0.92476305

    --- Executing dataset ManganeseConcentration --- 

        -> Running model MiniRocket  

           ===== Results =====
           MSE : 5752.70668507
           MAE : 53.12525371
           RMSE: 75.84659969
           R²  : 0.41720103

    --- Executing dataset MethaneMonitoringHomeActivity --- 

        -> Running model MiniRocket  

           ===== Results =====
           MSE : 0.23671494
           MAE : 0.33508616
           RMSE: 0.48653360
           R²  : 0.32126496

    --- Executing dataset MetroInterstateTrafficVolume --- 

        -> Running model MiniRocket  

           ===== Results =====
           MSE : 312296.43304181
           MAE : 470.92761572
           RMSE: 558.83488889
           R²  : -0.05028194

    --- Executing dataset NaturalGasPricesSentiment --- 

        -> Running model MiniRocket  

           ===== Results =====
           MSE : 0.00619861
           MAE : 0.06210819
           RMSE: 0.07873128
           R²  : 0.52170739

    --- Executing dataset OccupancyDetectionLight --- 

        -> Running model MiniRocket  

           ===== Results =====
           MSE : 4447.32668187
           MAE : 47.76782729
           RMSE: 66.68827994
           R²  : 0.85106390

    --- Executing dataset ParkingBirmingham_eq --- 

        -> Running model MiniRocket  

           ===== Results =====
           MSE : 0.02067872
           MAE : 0.10874060
           RMSE: 0.14380099
           R²  : 0.58146124

    --- Executing dataset PhosphorusConcentration --- 

        -> Running model MiniRocket  

           ===== Results =====
           MSE : 352.94376290
           MAE : 9.74010590
           RMSE: 18.78679757
           R²  : 0.43643621

    --- Executing dataset PotassiumConcentration --- 

        -> Running model MiniRocket  

           ===== Results =====
           MSE : 29603.87866676
           MAE : 87.38516089
           RMSE: 172.05777712
           R²  : 0.72942013

    --- Executing dataset PrecipitationAndalusia_nmv --- 

        -> Running model MiniRocket  

           ===== Results =====
           MSE : 0.13275930
           MAE : 0.23469511
           RMSE: 0.36436150
           R²  : 0.63431207

    --- Executing dataset SierraNevadaMountainsSnow --- 

        -> Running model MiniRocket  

           ===== Results =====
           MSE : 2027.68097208
           MAE : 26.76760597
           RMSE: 45.02977873
           R²  : 0.77220930

    --- Executing dataset SodiumConcentration --- 

        -> Running model MiniRocket  

           ===== Results =====
           MSE : 162451.53146596
           MAE : 177.37192408
           RMSE: 403.05276511
           R²  : -0.39820773

    --- Executing dataset SolarRadiationAndalusia_nmv --- 

        -> Running model MiniRocket  

           ===== Results =====
           MSE : 0.36546128
           MAE : 0.46882774
           RMSE: 0.60453393
           R²  : 0.26287259

    --- Executing dataset SteamPredictor --- 

        -> Running model MiniRocket  

           ===== Results =====
           MSE : 795388196.73768365
           MAE : 16987.84666961
           RMSE: 28202.62747933
           R²  : 0.20699441

    --- Executing dataset SulphurConcentration --- 

        -> Running model MiniRocket  

           ===== Results =====
           MSE : 181948.49029670
           MAE : 98.56363596
           RMSE: 426.55420558
           R²  : -2.43775455

    --- Executing dataset WaveDataTension --- 

        -> Running model MiniRocket  

           ===== Results =====
           MSE : 243.16520151
           MAE : 12.42055263
           RMSE: 15.59375521
           R²  : 0.26901310

    --- Executing dataset WindTurbinePower --- 

        -> Running model MiniRocket  

           ===== Results =====
           MSE : 10553.02728890
           MAE : 69.22967445
           RMSE: 102.72792848
           R²  : 0.98608630

    --- Executing dataset ZincConcentration --- 

        -> Running model MiniRocket  

           ===== Results =====
           MSE : 1.06931132
           MAE : 0.77548847
           RMSE: 1.03407510
           R²  : -0.16666927

    --- Executing dataset ElectricMotorTemperature --- 

        -> Running model MiniRocket  

           ===== Results =====
           MSE : 50.89996494
           MAE : 5.20229094
           RMSE: 7.13442114
           R²  : 0.85936582

    --- Executing dataset DailyTemperatureLatitude --- 

        -> Running model MiniRocket  

           ===== Results =====
           MSE : 9.04346141
           MAE : 2.18850266
           RMSE: 3.00723484
           R²  : 0.98032749

    --- Executing dataset BeijingPM10Quality_nmv --- 

        -> Running model MiniRocket  

           ===== Results =====
           MSE : 6996.25812595
           MAE : 55.54466343
           RMSE: 83.64363769
           R²  : 0.57479623

    --- Executing dataset BeijingPM25Quality_nmv --- 

        -> Running model MiniRocket  

           ===== Results =====
           MSE : 2774.94416996
           MAE : 36.42377122
           RMSE: 52.67773885
           R²  : 0.75536930

 === Started run 27 === 

    --- Executing dataset Covid3Month --- 

        -> Running model MiniRocket  

           ===== Results =====
           MSE : 0.00106697
           MAE : 0.02677547
           RMSE: 0.03266445
           R²  : -0.00405130

    --- Executing dataset FloodModeling1 --- 

        -> Running model MiniRocket  

           ===== Results =====
           MSE : 0.00021421
           MAE : 0.00474345
           RMSE: 0.01463581
           R²  : 0.65290356

    --- Executing dataset FloodModeling2 --- 

        -> Running model MiniRocket  

           ===== Results =====
           MSE : 0.00002783
           MAE : 0.00212134
           RMSE: 0.00527523
           R²  : 0.82656313

    --- Executing dataset FloodModeling3 --- 

        -> Running model MiniRocket  

           ===== Results =====
           MSE : 0.00005370
           MAE : 0.00379213
           RMSE: 0.00732824
           R²  : 0.87328927

    --- Executing dataset IEEEPPG --- 

        -> Running model MiniRocket  

           ===== Results =====
           MSE : 47.12371493
           MAE : 5.00765963
           RMSE: 6.86467151
           R²  : 0.94695675

    --- Executing dataset HouseholdPowerConsumption2_nmv --- 

        -> Running model MiniRocket  

           ===== Results =====
           MSE : 752.17279922
           MAE : 20.30878202
           RMSE: 27.42576889
           R²  : 0.70166592

    --- Executing dataset HouseholdPowerConsumption1_nmv --- 

        -> Running model MiniRocket  

           ===== Results =====
           MSE : 17895.87305419
           MAE : 80.69851631
           RMSE: 133.77545759
           R²  : 0.94939032

    --- Executing dataset AppliancesEnergy --- 

        -> Running model MiniRocket  

           ===== Results =====
           MSE : 7.19906870
           MAE : 2.27099795
           RMSE: 2.68310803
           R²  : 0.51726094

    --- Executing dataset BenzeneConcentration_nmv --- 

        -> Running model MiniRocket  

           ===== Results =====
           MSE : 2.50850351
           MAE : 1.10071949
           RMSE: 1.58382559
           R²  : 0.95448800

    --- Executing dataset LiveFuelMoistureContent --- 

        -> Running model MiniRocket  

           ===== Results =====
           MSE : 1832.11051321
           MAE : 32.14180490
           RMSE: 42.80316008
           R²  : -0.06635668

    --- Executing dataset BIDMC32RR --- 

        -> Running model MiniRocket  

           ===== Results =====
           MSE : 0.13914762
           MAE : 0.26538146
           RMSE: 0.37302497
           R²  : 0.98519868

    --- Executing dataset BIDMC32SpO2 --- 

        -> Running model MiniRocket  

           ===== Results =====
           MSE : 0.01567417
           MAE : 0.09258369
           RMSE: 0.12519652
           R²  : 0.99851063

    --- Executing dataset BIDMC32HR --- 

        -> Running model MiniRocket  

           ===== Results =====
           MSE : 0.17710421
           MAE : 0.29208353
           RMSE: 0.42083751
           R²  : 0.99901412

    --- Executing dataset AcousticContaminationMadrid_nmv --- 

        -> Running model MiniRocket  

           ===== Results =====
           MSE : 12.29858061
           MAE : 2.76351092
           RMSE: 3.50693322
           R²  : 0.73219671

    --- Executing dataset AluminiumConcentration --- 

        -> Running model MiniRocket  

           ===== Results =====
           MSE : 52154.30758093
           MAE : 149.97291732
           RMSE: 228.37317614
           R²  : 0.76443828

    --- Executing dataset BarCrawl6min --- 

        -> Running model MiniRocket  

           ===== Results =====
           MSE : 0.00238014
           MAE : 0.03767567
           RMSE: 0.04878670
           R²  : 0.28034624

    --- Executing dataset BeijingIntAirportPM25Quality --- 

        -> Running model MiniRocket  

           ===== Results =====
           MSE : 2963.87237634
           MAE : 41.01821743
           RMSE: 54.44145825
           R²  : 0.52140662

    --- Executing dataset BinanceCoinSentiment --- 

        -> Running model MiniRocket  

           ===== Results =====
           MSE : 0.14193173
           MAE : 0.28600471
           RMSE: 0.37673828
           R²  : -0.24403439

    --- Executing dataset BitcoinSentiment --- 

        -> Running model MiniRocket  

           ===== Results =====
           MSE : 0.04997357
           MAE : 0.16288358
           RMSE: 0.22354770
           R²  : 0.32662107

    --- Executing dataset BoronConcentration --- 

        -> Running model MiniRocket  

           ===== Results =====
           MSE : 0.68046526
           MAE : 0.55098232
           RMSE: 0.82490318
           R²  : -1.95805429

    --- Executing dataset CalciumConcentration --- 

        -> Running model MiniRocket  

           ===== Results =====
           MSE : 5616900.95697618
           MAE : 1296.63739607
           RMSE: 2370.00020189
           R²  : 0.65366462

    --- Executing dataset CardanoSentiment --- 

        -> Running model MiniRocket  

           ===== Results =====
           MSE : 0.07147472
           MAE : 0.20113322
           RMSE: 0.26734757
           R²  : -0.03397028

    --- Executing dataset ChilledWaterPredictor --- 

        -> Running model MiniRocket  

           ===== Results =====
           MSE : 9970574.53037573
           MAE : 1275.98623393
           RMSE: 3157.62165726
           R²  : 0.06599071

    --- Executing dataset CopperConcentration --- 

        -> Running model MiniRocket  

           ===== Results =====
           MSE : 2.42544081
           MAE : 0.88698872
           RMSE: 1.55738268
           R²  : 0.46996307

    --- Executing dataset Covid19Andalusia --- 

        -> Running model MiniRocket  

           ===== Results =====
           MSE : 0.00020129
           MAE : 0.01017734
           RMSE: 0.01418764
           R²  : 0.84042722

    --- Executing dataset DailyOilGasPrices --- 

        -> Running model MiniRocket  

           ===== Results =====
           MSE : 1.85730348
           MAE : 1.04159753
           RMSE: 1.36282922
           R²  : 0.27995277

    --- Executing dataset DhakaHourlyAirQuality --- 

        -> Running model MiniRocket  

           ===== Results =====
           MSE : 21.19395918
           MAE : 3.10946245
           RMSE: 4.60368974
           R²  : 0.99453825

    --- Executing dataset ElectricityPredictor --- 

        -> Running model MiniRocket  

           ===== Results =====
           MSE : 307425.77284638
           MAE : 303.17948984
           RMSE: 554.45989291
           R²  : -0.46104414

    --- Executing dataset EthereumSentiment --- 

        -> Running model MiniRocket  

           ===== Results =====
           MSE : 0.07223886
           MAE : 0.19567170
           RMSE: 0.26877288
           R²  : -0.05304118

    --- Executing dataset GasSensorArrayAcetone --- 

        -> Running model MiniRocket  

           ===== Results =====
           MSE : 0.03364640
           MAE : 0.11756461
           RMSE: 0.18342955
           R²  : 0.67427818

    --- Executing dataset GasSensorArrayEthanol --- 

        -> Running model MiniRocket  

           ===== Results =====
           MSE : 0.01613125
           MAE : 0.08970033
           RMSE: 0.12700884
           R²  : 0.85028226

    --- Executing dataset HotwaterPredictor --- 

        -> Running model MiniRocket  

           ===== Results =====
           MSE : 1761378.07175872
           MAE : 978.10947872
           RMSE: 1327.16919485
           R²  : 0.33726202

    --- Executing dataset IronConcentration --- 

        -> Running model MiniRocket  

           ===== Results =====
           MSE : 3657.32408307
           MAE : 39.71964473
           RMSE: 60.47581403
           R²  : 0.44057642

    --- Executing dataset LPGasMonitoringHomeActivity --- 

        -> Running model MiniRocket  

           ===== Results =====
           MSE : 1.54981598
           MAE : 0.91001091
           RMSE: 1.24491605
           R²  : 0.05234494

    --- Executing dataset MadridPM10Quality_nmv --- 

        -> Running model MiniRocket  

           ===== Results =====
           MSE : 59.51578845
           MAE : 5.89159294
           RMSE: 7.71464766
           R²  : 0.64821713

    --- Executing dataset MagnesiumConcentration --- 

        -> Running model MiniRocket  

           ===== Results =====
           MSE : 19677.47862958
           MAE : 84.94216580
           RMSE: 140.27643647
           R²  : 0.89796378

    --- Executing dataset ManganeseConcentration --- 

        -> Running model MiniRocket  

           ===== Results =====
           MSE : 4527.39496896
           MAE : 47.82695761
           RMSE: 67.28591954
           R²  : 0.52885872

    --- Executing dataset MethaneMonitoringHomeActivity --- 

        -> Running model MiniRocket  

           ===== Results =====
           MSE : 0.30527164
           MAE : 0.35239192
           RMSE: 0.55251393
           R²  : 0.16352001

    --- Executing dataset MetroInterstateTrafficVolume --- 

        -> Running model MiniRocket  

           ===== Results =====
           MSE : 395724.50483402
           MAE : 505.74974697
           RMSE: 629.06637554
           R²  : -0.13549034

    --- Executing dataset NaturalGasPricesSentiment --- 

        -> Running model MiniRocket  

           ===== Results =====
           MSE : 0.00319439
           MAE : 0.04296764
           RMSE: 0.05651897
           R²  : 0.58873547

    --- Executing dataset OccupancyDetectionLight --- 

        -> Running model MiniRocket  

           ===== Results =====
           MSE : 5093.92063886
           MAE : 53.51026690
           RMSE: 71.37170755
           R²  : 0.83841432

    --- Executing dataset ParkingBirmingham_eq --- 

        -> Running model MiniRocket  

           ===== Results =====
           MSE : 0.01819616
           MAE : 0.10058569
           RMSE: 0.13489313
           R²  : 0.66497648

    --- Executing dataset PhosphorusConcentration --- 

        -> Running model MiniRocket  

           ===== Results =====
           MSE : 671.05950633
           MAE : 10.04992086
           RMSE: 25.90481628
           R²  : 0.49374846

    --- Executing dataset PotassiumConcentration --- 

        -> Running model MiniRocket  

           ===== Results =====
           MSE : 27342.44378443
           MAE : 80.94569896
           RMSE: 165.35550727
           R²  : 0.61454365

    --- Executing dataset PrecipitationAndalusia_nmv --- 

        -> Running model MiniRocket  

           ===== Results =====
           MSE : 0.09699286
           MAE : 0.22106060
           RMSE: 0.31143676
           R²  : 0.68723588

    --- Executing dataset SierraNevadaMountainsSnow --- 

        -> Running model MiniRocket  

           ===== Results =====
           MSE : 2222.52060810
           MAE : 29.27022848
           RMSE: 47.14361683
           R²  : 0.81408615

    --- Executing dataset SodiumConcentration --- 

        -> Running model MiniRocket  

           ===== Results =====
           MSE : 77091.47839274
           MAE : 157.20766395
           RMSE: 277.65352220
           R²  : -1.09886592

    --- Executing dataset SolarRadiationAndalusia_nmv --- 

        -> Running model MiniRocket  

           ===== Results =====
           MSE : 0.40762370
           MAE : 0.49584188
           RMSE: 0.63845415
           R²  : 0.35289485

    --- Executing dataset SteamPredictor --- 

        -> Running model MiniRocket  

           ===== Results =====
           MSE : 1389423531.95428777
           MAE : 18831.23061366
           RMSE: 37274.97192426
           R²  : 0.05931468

    --- Executing dataset SulphurConcentration --- 

        -> Running model MiniRocket  

           ===== Results =====
           MSE : 39151.59488437
           MAE : 81.13910898
           RMSE: 197.86761960
           R²  : -0.82127489

    --- Executing dataset WaveDataTension --- 

        -> Running model MiniRocket  

           ===== Results =====
           MSE : 236.21063470
           MAE : 12.37862850
           RMSE: 15.36914554
           R²  : 0.23179670

    --- Executing dataset WindTurbinePower --- 

        -> Running model MiniRocket  

           ===== Results =====
           MSE : 7066.80129340
           MAE : 62.19441937
           RMSE: 84.06426883
           R²  : 0.99066429

    --- Executing dataset ZincConcentration --- 

        -> Running model MiniRocket  

           ===== Results =====
           MSE : 2.01934941
           MAE : 0.86653429
           RMSE: 1.42103814
           R²  : 0.18535633

    --- Executing dataset ElectricMotorTemperature --- 

        -> Running model MiniRocket  

           ===== Results =====
           MSE : 47.28918599
           MAE : 5.13816032
           RMSE: 6.87671331
           R²  : 0.86877357

    --- Executing dataset DailyTemperatureLatitude --- 

        -> Running model MiniRocket  

           ===== Results =====
           MSE : 9.15039526
           MAE : 2.19544765
           RMSE: 3.02496203
           R²  : 0.97945912

    --- Executing dataset BeijingPM10Quality_nmv --- 

        -> Running model MiniRocket  

           ===== Results =====
           MSE : 6852.66518628
           MAE : 56.11466531
           RMSE: 82.78082620
           R²  : 0.57900329

    --- Executing dataset BeijingPM25Quality_nmv --- 

        -> Running model MiniRocket  

           ===== Results =====
           MSE : 2987.91493948
           MAE : 37.46099716
           RMSE: 54.66182342
           R²  : 0.72948074

 === Started run 28 === 

    --- Executing dataset Covid3Month --- 

        -> Running model MiniRocket  

           ===== Results =====
           MSE : 0.00217309
           MAE : 0.03370660
           RMSE: 0.04661636
           R²  : -0.44037870

    --- Executing dataset FloodModeling1 --- 

        -> Running model MiniRocket  

           ===== Results =====
           MSE : 0.00021475
           MAE : 0.00508824
           RMSE: 0.01465438
           R²  : 0.65728027

    --- Executing dataset FloodModeling2 --- 

        -> Running model MiniRocket  

           ===== Results =====
           MSE : 0.00005716
           MAE : 0.00365253
           RMSE: 0.00756028
           R²  : 0.75835415

    --- Executing dataset FloodModeling3 --- 

        -> Running model MiniRocket  

           ===== Results =====
           MSE : 0.00002896
           MAE : 0.00364215
           RMSE: 0.00538137
           R²  : 0.92386688

    --- Executing dataset IEEEPPG --- 

        -> Running model MiniRocket  

           ===== Results =====
           MSE : 37.75552704
           MAE : 4.55368999
           RMSE: 6.14455263
           R²  : 0.95679394

    --- Executing dataset HouseholdPowerConsumption2_nmv --- 

        -> Running model MiniRocket  

           ===== Results =====
           MSE : 693.42557841
           MAE : 19.67345974
           RMSE: 26.33297512
           R²  : 0.72987558

    --- Executing dataset HouseholdPowerConsumption1_nmv --- 

        -> Running model MiniRocket  

           ===== Results =====
           MSE : 14982.45482243
           MAE : 75.66587024
           RMSE: 122.40283829
           R²  : 0.95923038

    --- Executing dataset AppliancesEnergy --- 

        -> Running model MiniRocket  

           ===== Results =====
           MSE : 6.70074373
           MAE : 2.09586854
           RMSE: 2.58857948
           R²  : 0.55060379

    --- Executing dataset BenzeneConcentration_nmv --- 

        -> Running model MiniRocket  

           ===== Results =====
           MSE : 2.19047715
           MAE : 1.01168497
           RMSE: 1.48002606
           R²  : 0.96023434

    --- Executing dataset LiveFuelMoistureContent --- 

        -> Running model MiniRocket  

           ===== Results =====
           MSE : 1777.21052496
           MAE : 31.86008522
           RMSE: 42.15697481
           R²  : -0.02487031

    --- Executing dataset BIDMC32RR --- 

        -> Running model MiniRocket  

           ===== Results =====
           MSE : 0.14778593
           MAE : 0.26808681
           RMSE: 0.38442936
           R²  : 0.98462908

    --- Executing dataset BIDMC32SpO2 --- 

        -> Running model MiniRocket  

           ===== Results =====
           MSE : 0.01629967
           MAE : 0.09591841
           RMSE: 0.12767015
           R²  : 0.99853288

    --- Executing dataset BIDMC32HR --- 

        -> Running model MiniRocket  

           ===== Results =====
           MSE : 0.15990994
           MAE : 0.28858181
           RMSE: 0.39988741
           R²  : 0.99908121

    --- Executing dataset AcousticContaminationMadrid_nmv --- 

        -> Running model MiniRocket  

           ===== Results =====
           MSE : 15.32064870
           MAE : 3.10436941
           RMSE: 3.91416002
           R²  : 0.65254265

    --- Executing dataset AluminiumConcentration --- 

        -> Running model MiniRocket  

           ===== Results =====
           MSE : 65447.49372499
           MAE : 153.09303677
           RMSE: 255.82707778
           R²  : 0.67095440

    --- Executing dataset BarCrawl6min --- 

        -> Running model MiniRocket  

           ===== Results =====
           MSE : 0.00172334
           MAE : 0.03308175
           RMSE: 0.04151312
           R²  : 0.34483573

    --- Executing dataset BeijingIntAirportPM25Quality --- 

        -> Running model MiniRocket  

           ===== Results =====
           MSE : 2742.78132623
           MAE : 40.00111549
           RMSE: 52.37156983
           R²  : 0.48763408

    --- Executing dataset BinanceCoinSentiment --- 

        -> Running model MiniRocket  

           ===== Results =====
           MSE : 0.12099715
           MAE : 0.27620479
           RMSE: 0.34784644
           R²  : -0.37232519

    --- Executing dataset BitcoinSentiment --- 

        -> Running model MiniRocket  

           ===== Results =====
           MSE : 0.04077407
           MAE : 0.14937318
           RMSE: 0.20192590
           R²  : 0.34687197

    --- Executing dataset BoronConcentration --- 

        -> Running model MiniRocket  

           ===== Results =====
           MSE : 1.29985345
           MAE : 0.66762300
           RMSE: 1.14011116
           R²  : -0.99482925

    --- Executing dataset CalciumConcentration --- 

        -> Running model MiniRocket  

           ===== Results =====
           MSE : 7676484.87297143
           MAE : 1381.12571886
           RMSE: 2770.64701342
           R²  : 0.61665872

    --- Executing dataset CardanoSentiment --- 

        -> Running model MiniRocket  

           ===== Results =====
           MSE : 0.13185630
           MAE : 0.29234774
           RMSE: 0.36312023
           R²  : -0.30189659

    --- Executing dataset ChilledWaterPredictor --- 

        -> Running model MiniRocket  

           ===== Results =====
           MSE : 9004387.59836619
           MAE : 1339.08756205
           RMSE: 3000.73117729
           R²  : 0.03963068

    --- Executing dataset CopperConcentration --- 

        -> Running model MiniRocket  

           ===== Results =====
           MSE : 2.56593470
           MAE : 0.93516352
           RMSE: 1.60185352
           R²  : 0.41825335

    --- Executing dataset Covid19Andalusia --- 

        -> Running model MiniRocket  

           ===== Results =====
           MSE : 0.00019590
           MAE : 0.00882712
           RMSE: 0.01399653
           R²  : 0.78517256

    --- Executing dataset DailyOilGasPrices --- 

        -> Running model MiniRocket  

           ===== Results =====
           MSE : 1.88089688
           MAE : 1.03524487
           RMSE: 1.37145794
           R²  : 0.38678255

    --- Executing dataset DhakaHourlyAirQuality --- 

        -> Running model MiniRocket  

           ===== Results =====
           MSE : 20.50634618
           MAE : 3.31595975
           RMSE: 4.52839333
           R²  : 0.99479928

    --- Executing dataset ElectricityPredictor --- 

        -> Running model MiniRocket  

           ===== Results =====
           MSE : 274772.16520089
           MAE : 288.35639821
           RMSE: 524.18714712
           R²  : -0.43466762

    --- Executing dataset EthereumSentiment --- 

        -> Running model MiniRocket  

           ===== Results =====
           MSE : 0.05881244
           MAE : 0.18990978
           RMSE: 0.24251277
           R²  : -0.06271367

    --- Executing dataset GasSensorArrayAcetone --- 

        -> Running model MiniRocket  

           ===== Results =====
           MSE : 0.03905056
           MAE : 0.12922252
           RMSE: 0.19761215
           R²  : 0.53908490

    --- Executing dataset GasSensorArrayEthanol --- 

        -> Running model MiniRocket  

           ===== Results =====
           MSE : 0.02478347
           MAE : 0.10603004
           RMSE: 0.15742766
           R²  : 0.75913923

    --- Executing dataset HotwaterPredictor --- 

        -> Running model MiniRocket  

           ===== Results =====
           MSE : 1447347.00905104
           MAE : 794.97086207
           RMSE: 1203.05735900
           R²  : 0.43189445

    --- Executing dataset IronConcentration --- 

        -> Running model MiniRocket  

           ===== Results =====
           MSE : 4395.48714525
           MAE : 42.99229197
           RMSE: 66.29847016
           R²  : 0.41378135

    --- Executing dataset LPGasMonitoringHomeActivity --- 

        -> Running model MiniRocket  

           ===== Results =====
           MSE : 1.47939646
           MAE : 0.87798605
           RMSE: 1.21630443
           R²  : 0.10875159

    --- Executing dataset MadridPM10Quality_nmv --- 

        -> Running model MiniRocket  

           ===== Results =====
           MSE : 61.30199408
           MAE : 5.83265493
           RMSE: 7.82955900
           R²  : 0.61905958

    --- Executing dataset MagnesiumConcentration --- 

        -> Running model MiniRocket  

           ===== Results =====
           MSE : 34796.77104106
           MAE : 84.09287390
           RMSE: 186.53892634
           R²  : 0.84934372

    --- Executing dataset ManganeseConcentration --- 

        -> Running model MiniRocket  

           ===== Results =====
           MSE : 5268.26136971
           MAE : 53.29176156
           RMSE: 72.58278976
           R²  : 0.28734693

    --- Executing dataset MethaneMonitoringHomeActivity --- 

        -> Running model MiniRocket  

           ===== Results =====
           MSE : 0.26346948
           MAE : 0.35355286
           RMSE: 0.51329278
           R²  : 0.25162496

    --- Executing dataset MetroInterstateTrafficVolume --- 

        -> Running model MiniRocket  

           ===== Results =====
           MSE : 364024.87130840
           MAE : 493.35480506
           RMSE: 603.34473670
           R²  : -0.18312728

    --- Executing dataset NaturalGasPricesSentiment --- 

        -> Running model MiniRocket  

           ===== Results =====
           MSE : 0.00665934
           MAE : 0.05968655
           RMSE: 0.08160478
           R²  : -0.62450762

    --- Executing dataset OccupancyDetectionLight --- 

        -> Running model MiniRocket  

           ===== Results =====
           MSE : 6305.08917694
           MAE : 56.35727500
           RMSE: 79.40459166
           R²  : 0.84325195

    --- Executing dataset ParkingBirmingham_eq --- 

        -> Running model MiniRocket  

           ===== Results =====
           MSE : 0.01936487
           MAE : 0.10580436
           RMSE: 0.13915772
           R²  : 0.60499096

    --- Executing dataset PhosphorusConcentration --- 

        -> Running model MiniRocket  

           ===== Results =====
           MSE : 201.46619749
           MAE : 9.53211784
           RMSE: 14.19387887
           R²  : 0.67766889

    --- Executing dataset PotassiumConcentration --- 

        -> Running model MiniRocket  

           ===== Results =====
           MSE : 24685.73633004
           MAE : 79.78211265
           RMSE: 157.11695112
           R²  : 0.74316359

    --- Executing dataset PrecipitationAndalusia_nmv --- 

        -> Running model MiniRocket  

           ===== Results =====
           MSE : 0.16694505
           MAE : 0.26721269
           RMSE: 0.40858909
           R²  : 0.58282011

    --- Executing dataset SierraNevadaMountainsSnow --- 

        -> Running model MiniRocket  

           ===== Results =====
           MSE : 3048.93096429
           MAE : 34.17961852
           RMSE: 55.21712564
           R²  : 0.74854383

    --- Executing dataset SodiumConcentration --- 

        -> Running model MiniRocket  

           ===== Results =====
           MSE : 132904.43978946
           MAE : 183.69390114
           RMSE: 364.56061196
           R²  : -0.14282592

    --- Executing dataset SolarRadiationAndalusia_nmv --- 

        -> Running model MiniRocket  

           ===== Results =====
           MSE : 0.45884526
           MAE : 0.51242037
           RMSE: 0.67738118
           R²  : 0.33411999

    --- Executing dataset SteamPredictor --- 

        -> Running model MiniRocket  

           ===== Results =====
           MSE : 554892852.01225758
           MAE : 15481.32379874
           RMSE: 23556.16377962
           R²  : 0.06460574

    --- Executing dataset SulphurConcentration --- 

        -> Running model MiniRocket  

           ===== Results =====
           MSE : 13819.22735075
           MAE : 73.17153473
           RMSE: 117.55520980
           R²  : -0.22934537

    --- Executing dataset WaveDataTension --- 

        -> Running model MiniRocket  

           ===== Results =====
           MSE : 239.89907725
           MAE : 12.31534147
           RMSE: 15.48867577
           R²  : 0.25043861

    --- Executing dataset WindTurbinePower --- 

        -> Running model MiniRocket  

           ===== Results =====
           MSE : 7454.61773964
           MAE : 63.93791466
           RMSE: 86.34012821
           R²  : 0.99097627

    --- Executing dataset ZincConcentration --- 

        -> Running model MiniRocket  

           ===== Results =====
           MSE : 1.41603847
           MAE : 0.79926578
           RMSE: 1.18997415
           R²  : 0.05765355

    --- Executing dataset ElectricMotorTemperature --- 

        -> Running model MiniRocket  

           ===== Results =====
           MSE : 49.62335562
           MAE : 5.24935338
           RMSE: 7.04438469
           R²  : 0.86189072

    --- Executing dataset DailyTemperatureLatitude --- 

        -> Running model MiniRocket  

           ===== Results =====
           MSE : 9.34752958
           MAE : 2.21478646
           RMSE: 3.05737299
           R²  : 0.97949802

    --- Executing dataset BeijingPM10Quality_nmv --- 

        -> Running model MiniRocket  

           ===== Results =====
           MSE : 7735.39070692
           MAE : 57.35772007
           RMSE: 87.95106996
           R²  : 0.52968093

    --- Executing dataset BeijingPM25Quality_nmv --- 

        -> Running model MiniRocket  

           ===== Results =====
           MSE : 2995.17502792
           MAE : 37.77906402
           RMSE: 54.72819226
           R²  : 0.72310621

 === Started run 29 === 

    --- Executing dataset Covid3Month --- 

        -> Running model MiniRocket  

           ===== Results =====
           MSE : 0.00142145
           MAE : 0.02995577
           RMSE: 0.03770212
           R²  : 0.04293635

    --- Executing dataset FloodModeling1 --- 

        -> Running model MiniRocket  

           ===== Results =====
           MSE : 0.00003479
           MAE : 0.00450205
           RMSE: 0.00589822
           R²  : 0.88863330

    --- Executing dataset FloodModeling2 --- 

        -> Running model MiniRocket  

           ===== Results =====
           MSE : 0.00005274
           MAE : 0.00251132
           RMSE: 0.00726212
           R²  : 0.79507791

    --- Executing dataset FloodModeling3 --- 

        -> Running model MiniRocket  

           ===== Results =====
           MSE : 0.00002086
           MAE : 0.00332887
           RMSE: 0.00456683
           R²  : 0.94124113

    --- Executing dataset IEEEPPG --- 

        -> Running model MiniRocket  

           ===== Results =====
           MSE : 46.73119178
           MAE : 4.82890768
           RMSE: 6.83602163
           R²  : 0.94396592

    --- Executing dataset HouseholdPowerConsumption2_nmv --- 

        -> Running model MiniRocket  

           ===== Results =====
           MSE : 750.61254391
           MAE : 19.97004709
           RMSE: 27.39730906
           R²  : 0.72892894

    --- Executing dataset HouseholdPowerConsumption1_nmv --- 

        -> Running model MiniRocket  

           ===== Results =====
           MSE : 17572.46828048
           MAE : 82.34268010
           RMSE: 132.56118693
           R²  : 0.95477630

    --- Executing dataset AppliancesEnergy --- 

        -> Running model MiniRocket  

           ===== Results =====
           MSE : 5.43436097
           MAE : 1.88541221
           RMSE: 2.33117159
           R²  : 0.72812752

    --- Executing dataset BenzeneConcentration_nmv --- 

        -> Running model MiniRocket  

           ===== Results =====
           MSE : 2.15265305
           MAE : 1.03008049
           RMSE: 1.46719223
           R²  : 0.96085000

    --- Executing dataset LiveFuelMoistureContent --- 

        -> Running model MiniRocket  

           ===== Results =====
           MSE : 1649.32291860
           MAE : 31.36994861
           RMSE: 40.61185687
           R²  : -0.02021308

    --- Executing dataset BIDMC32RR --- 

        -> Running model MiniRocket  

           ===== Results =====
           MSE : 0.14447468
           MAE : 0.27966437
           RMSE: 0.38009826
           R²  : 0.98326224

    --- Executing dataset BIDMC32SpO2 --- 

        -> Running model MiniRocket  

           ===== Results =====
           MSE : 0.01654518
           MAE : 0.09481882
           RMSE: 0.12862807
           R²  : 0.99847261

    --- Executing dataset BIDMC32HR --- 

        -> Running model MiniRocket  

           ===== Results =====
           MSE : 0.16920236
           MAE : 0.28904515
           RMSE: 0.41134215
           R²  : 0.99903706

    --- Executing dataset AcousticContaminationMadrid_nmv --- 

        -> Running model MiniRocket  

           ===== Results =====
           MSE : 18.69618403
           MAE : 3.38076175
           RMSE: 4.32390842
           R²  : 0.59917125

    --- Executing dataset AluminiumConcentration --- 

        -> Running model MiniRocket  

           ===== Results =====
           MSE : 46772.56733566
           MAE : 152.02502282
           RMSE: 216.26966347
           R²  : 0.78978532

    --- Executing dataset BarCrawl6min --- 

        -> Running model MiniRocket  

           ===== Results =====
           MSE : 0.00195097
           MAE : 0.03391023
           RMSE: 0.04416982
           R²  : 0.17280035

    --- Executing dataset BeijingIntAirportPM25Quality --- 

        -> Running model MiniRocket  

           ===== Results =====
           MSE : 3166.24471478
           MAE : 41.94541097
           RMSE: 56.26939412
           R²  : 0.50564210

    --- Executing dataset BinanceCoinSentiment --- 

        -> Running model MiniRocket  

           ===== Results =====
           MSE : 0.15112408
           MAE : 0.32432326
           RMSE: 0.38874681
           R²  : -0.14016424

    --- Executing dataset BitcoinSentiment --- 

        -> Running model MiniRocket  

           ===== Results =====
           MSE : 0.04784096
           MAE : 0.15449164
           RMSE: 0.21872577
           R²  : 0.25744584

    --- Executing dataset BoronConcentration --- 

        -> Running model MiniRocket  

           ===== Results =====
           MSE : 1.14839041
           MAE : 0.62052161
           RMSE: 1.07162979
           R²  : -0.14930822

    --- Executing dataset CalciumConcentration --- 

        -> Running model MiniRocket  

           ===== Results =====
           MSE : 4188016.20002405
           MAE : 1373.67248432
           RMSE: 2046.46431682
           R²  : 0.60144828

    --- Executing dataset CardanoSentiment --- 

        -> Running model MiniRocket  

           ===== Results =====
           MSE : 0.07169091
           MAE : 0.21699677
           RMSE: 0.26775157
           R²  : -0.04330423

    --- Executing dataset ChilledWaterPredictor --- 

        -> Running model MiniRocket  

           ===== Results =====
           MSE : 2661008.21194924
           MAE : 1281.12429061
           RMSE: 1631.25970095
           R²  : -9.69842150

    --- Executing dataset CopperConcentration --- 

        -> Running model MiniRocket  

           ===== Results =====
           MSE : 5.42043861
           MAE : 0.95059217
           RMSE: 2.32818354
           R²  : 0.32662085

    --- Executing dataset Covid19Andalusia --- 

        -> Running model MiniRocket  

           ===== Results =====
           MSE : 0.00022888
           MAE : 0.00923057
           RMSE: 0.01512876
           R²  : 0.85438481

    --- Executing dataset DailyOilGasPrices --- 

        -> Running model MiniRocket  

           ===== Results =====
           MSE : 2.17645908
           MAE : 1.09654968
           RMSE: 1.47528271
           R²  : 0.41635582

    --- Executing dataset DhakaHourlyAirQuality --- 

        -> Running model MiniRocket  

           ===== Results =====
           MSE : 16.55316653
           MAE : 2.94731271
           RMSE: 4.06855829
           R²  : 0.99554581

    --- Executing dataset ElectricityPredictor --- 

        -> Running model MiniRocket  

           ===== Results =====
           MSE : 259270.12077587
           MAE : 265.52471215
           RMSE: 509.18574290
           R²  : -0.37474503

    --- Executing dataset EthereumSentiment --- 

        -> Running model MiniRocket  

           ===== Results =====
           MSE : 0.07161520
           MAE : 0.21202843
           RMSE: 0.26761017
           R²  : -0.09944512

    --- Executing dataset GasSensorArrayAcetone --- 

        -> Running model MiniRocket  

           ===== Results =====
           MSE : 0.05658578
           MAE : 0.12550924
           RMSE: 0.23787765
           R²  : 0.40747562

    --- Executing dataset GasSensorArrayEthanol --- 

        -> Running model MiniRocket  

           ===== Results =====
           MSE : 0.03082801
           MAE : 0.12011576
           RMSE: 0.17557906
           R²  : 0.69953659

    --- Executing dataset HotwaterPredictor --- 

        -> Running model MiniRocket  

           ===== Results =====
           MSE : 1608033.91948025
           MAE : 855.32129161
           RMSE: 1268.08277312
           R²  : 0.28052248

    --- Executing dataset IronConcentration --- 

        -> Running model MiniRocket  

           ===== Results =====
           MSE : 5020.23382302
           MAE : 40.08266514
           RMSE: 70.85360840
           R²  : 0.28076252

    --- Executing dataset LPGasMonitoringHomeActivity --- 

        -> Running model MiniRocket  

           ===== Results =====
           MSE : 1.50252097
           MAE : 0.88680515
           RMSE: 1.22577362
           R²  : 0.12668172

    --- Executing dataset MadridPM10Quality_nmv --- 

        -> Running model MiniRocket  

           ===== Results =====
           MSE : 61.68055672
           MAE : 5.86834697
           RMSE: 7.85369701
           R²  : 0.61878620

    --- Executing dataset MagnesiumConcentration --- 

        -> Running model MiniRocket  

           ===== Results =====
           MSE : 14154.77490349
           MAE : 77.49749907
           RMSE: 118.97384126
           R²  : 0.93769275

    --- Executing dataset ManganeseConcentration --- 

        -> Running model MiniRocket  

           ===== Results =====
           MSE : 5992.52085020
           MAE : 54.97973615
           RMSE: 77.41137417
           R²  : 0.49402693

    --- Executing dataset MethaneMonitoringHomeActivity --- 

        -> Running model MiniRocket  

           ===== Results =====
           MSE : 0.28705682
           MAE : 0.34705199
           RMSE: 0.53577683
           R²  : 0.22419045

    --- Executing dataset MetroInterstateTrafficVolume --- 

        -> Running model MiniRocket  

           ===== Results =====
           MSE : 378490.99995362
           MAE : 496.41020727
           RMSE: 615.21622212
           R²  : -0.13461168

    --- Executing dataset NaturalGasPricesSentiment --- 

        -> Running model MiniRocket  

           ===== Results =====
           MSE : 0.00487232
           MAE : 0.05896823
           RMSE: 0.06980198
           R²  : 0.14657760

    --- Executing dataset OccupancyDetectionLight --- 

        -> Running model MiniRocket  

           ===== Results =====
           MSE : 5933.30250143
           MAE : 55.04921036
           RMSE: 77.02793325
           R²  : 0.85788378

    --- Executing dataset ParkingBirmingham_eq --- 

        -> Running model MiniRocket  

           ===== Results =====
           MSE : 0.02033066
           MAE : 0.10929777
           RMSE: 0.14258563
           R²  : 0.60612952

    --- Executing dataset PhosphorusConcentration --- 

        -> Running model MiniRocket  

           ===== Results =====
           MSE : 363.89084538
           MAE : 10.28470720
           RMSE: 19.07592319
           R²  : 0.50464543

    --- Executing dataset PotassiumConcentration --- 

        -> Running model MiniRocket  

           ===== Results =====
           MSE : 38195.01124268
           MAE : 94.22162709
           RMSE: 195.43544009
           R²  : 0.60093917

    --- Executing dataset PrecipitationAndalusia_nmv --- 

        -> Running model MiniRocket  

           ===== Results =====
           MSE : 0.10189024
           MAE : 0.23121605
           RMSE: 0.31920251
           R²  : 0.69465472

    --- Executing dataset SierraNevadaMountainsSnow --- 

        -> Running model MiniRocket  

           ===== Results =====
           MSE : 1549.49895337
           MAE : 28.01969591
           RMSE: 39.36367556
           R²  : 0.86549031

    --- Executing dataset SodiumConcentration --- 

        -> Running model MiniRocket  

           ===== Results =====
           MSE : 281950.76893682
           MAE : 201.11318952
           RMSE: 530.99036614
           R²  : -1.17558708

    --- Executing dataset SolarRadiationAndalusia_nmv --- 

        -> Running model MiniRocket  

           ===== Results =====
           MSE : 0.43168757
           MAE : 0.49021796
           RMSE: 0.65702935
           R²  : 0.33955799

    --- Executing dataset SteamPredictor --- 

        -> Running model MiniRocket  

           ===== Results =====
           MSE : 738195721.85091758
           MAE : 17494.99763401
           RMSE: 27169.75748605
           R²  : -0.21573665

    --- Executing dataset SulphurConcentration --- 

        -> Running model MiniRocket  

           ===== Results =====
           MSE : 63423.50725386
           MAE : 86.70723646
           RMSE: 251.84024153
           R²  : -0.11644357

    --- Executing dataset WaveDataTension --- 

        -> Running model MiniRocket  

           ===== Results =====
           MSE : 237.33644657
           MAE : 12.16769841
           RMSE: 15.40572772
           R²  : 0.23323318

    --- Executing dataset WindTurbinePower --- 

        -> Running model MiniRocket  

           ===== Results =====
           MSE : 8916.42354035
           MAE : 66.13583970
           RMSE: 94.42681579
           R²  : 0.98707043

    --- Executing dataset ZincConcentration --- 

        -> Running model MiniRocket  

           ===== Results =====
           MSE : 3.48627057
           MAE : 0.92925855
           RMSE: 1.86715574
           R²  : 0.13147196

    --- Executing dataset ElectricMotorTemperature --- 

        -> Running model MiniRocket  

           ===== Results =====
           MSE : 50.48529257
           MAE : 5.22223848
           RMSE: 7.10530032
           R²  : 0.86111459

    --- Executing dataset DailyTemperatureLatitude --- 

        -> Running model MiniRocket  

           ===== Results =====
           MSE : 9.28943211
           MAE : 2.21109601
           RMSE: 3.04785697
           R²  : 0.97951767

    --- Executing dataset BeijingPM10Quality_nmv --- 

        -> Running model MiniRocket  

           ===== Results =====
           MSE : 7663.71176500
           MAE : 58.14052895
           RMSE: 87.54262827
           R²  : 0.54430077

    --- Executing dataset BeijingPM25Quality_nmv --- 

        -> Running model MiniRocket  

           ===== Results =====
           MSE : 3119.47004156
           MAE : 38.33923242
           RMSE: 55.85221608
           R²  : 0.72344315

 === Started run 30 === 

    --- Executing dataset Covid3Month --- 

        -> Running model MiniRocket  

           ===== Results =====
           MSE : 0.00142307
           MAE : 0.03049298
           RMSE: 0.03772355
           R²  : 0.24754293

    --- Executing dataset FloodModeling1 --- 

        -> Running model MiniRocket  

           ===== Results =====
           MSE : 0.00002972
           MAE : 0.00416995
           RMSE: 0.00545169
           R²  : 0.92790407

    --- Executing dataset FloodModeling2 --- 

        -> Running model MiniRocket  

           ===== Results =====
           MSE : 0.00003471
           MAE : 0.00273085
           RMSE: 0.00589161
           R²  : 0.89956407

    --- Executing dataset FloodModeling3 --- 

        -> Running model MiniRocket  

           ===== Results =====
           MSE : 0.00002177
           MAE : 0.00334453
           RMSE: 0.00466608
           R²  : 0.94642797

    --- Executing dataset IEEEPPG --- 

        -> Running model MiniRocket  

           ===== Results =====
           MSE : 39.85999123
           MAE : 4.72626920
           RMSE: 6.31347695
           R²  : 0.95132161

    --- Executing dataset HouseholdPowerConsumption2_nmv --- 

        -> Running model MiniRocket  

           ===== Results =====
           MSE : 694.74763080
           MAE : 19.42293437
           RMSE: 26.35806576
           R²  : 0.71246520

    --- Executing dataset HouseholdPowerConsumption1_nmv --- 

        -> Running model MiniRocket  

           ===== Results =====
           MSE : 14720.72492016
           MAE : 78.03592846
           RMSE: 121.32899456
           R²  : 0.95913621

    --- Executing dataset AppliancesEnergy --- 

        -> Running model MiniRocket  

           ===== Results =====
           MSE : 7.78613079
           MAE : 2.25680609
           RMSE: 2.79036392
           R²  : 0.48267650

    --- Executing dataset BenzeneConcentration_nmv --- 

        -> Running model MiniRocket  

           ===== Results =====
           MSE : 2.62035704
           MAE : 1.11610865
           RMSE: 1.61875169
           R²  : 0.95237408

    --- Executing dataset LiveFuelMoistureContent --- 

        -> Running model MiniRocket  

           ===== Results =====
           MSE : 1772.49258707
           MAE : 31.95386665
           RMSE: 42.10098083
           R²  : -0.08316932

    --- Executing dataset BIDMC32RR --- 

        -> Running model MiniRocket  

           ===== Results =====
           MSE : 0.12485372
           MAE : 0.26043357
           RMSE: 0.35334646
           R²  : 0.98678497

    --- Executing dataset BIDMC32SpO2 --- 

        -> Running model MiniRocket  

           ===== Results =====
           MSE : 0.01622643
           MAE : 0.09493929
           RMSE: 0.12738302
           R²  : 0.99853192

    --- Executing dataset BIDMC32HR --- 

        -> Running model MiniRocket  

           ===== Results =====
           MSE : 0.18234539
           MAE : 0.30390747
           RMSE: 0.42701919
           R²  : 0.99891096

    --- Executing dataset AcousticContaminationMadrid_nmv --- 

        -> Running model MiniRocket  

           ===== Results =====
           MSE : 16.70973700
           MAE : 3.39428194
           RMSE: 4.08775452
           R²  : 0.59893421

    --- Executing dataset AluminiumConcentration --- 

        -> Running model MiniRocket  

           ===== Results =====
           MSE : 52744.38586533
           MAE : 147.50640648
           RMSE: 229.66145925
           R²  : 0.76097088

    --- Executing dataset BarCrawl6min --- 

        -> Running model MiniRocket  

           ===== Results =====
           MSE : 0.00212150
           MAE : 0.03568053
           RMSE: 0.04605974
           R²  : 0.39422060

    --- Executing dataset BeijingIntAirportPM25Quality --- 

        -> Running model MiniRocket  

           ===== Results =====
           MSE : 3051.18254746
           MAE : 42.22051675
           RMSE: 55.23751033
           R²  : 0.51956078

    --- Executing dataset BinanceCoinSentiment --- 

        -> Running model MiniRocket  

           ===== Results =====
           MSE : 0.13923522
           MAE : 0.30475674
           RMSE: 0.37314236
           R²  : -0.27003709

    --- Executing dataset BitcoinSentiment --- 

        -> Running model MiniRocket  

           ===== Results =====
           MSE : 0.03173489
           MAE : 0.13989904
           RMSE: 0.17814289
           R²  : 0.41209536

    --- Executing dataset BoronConcentration --- 

        -> Running model MiniRocket  

           ===== Results =====
           MSE : 14.34989614
           MAE : 0.54969506
           RMSE: 3.78812568
           R²  : 0.12455679

    --- Executing dataset CalciumConcentration --- 

        -> Running model MiniRocket  

           ===== Results =====
           MSE : 5174134.01126850
           MAE : 1289.43122148
           RMSE: 2274.67228657
           R²  : 0.64637389

    --- Executing dataset CardanoSentiment --- 

        -> Running model MiniRocket  

           ===== Results =====
           MSE : 0.12082979
           MAE : 0.25881198
           RMSE: 0.34760579
           R²  : -0.47459148

    --- Executing dataset ChilledWaterPredictor --- 

        -> Running model MiniRocket  

           ===== Results =====
           MSE : 8187699.26855816
           MAE : 1191.55126783
           RMSE: 2861.41560570
           R²  : 0.01075286

    --- Executing dataset CopperConcentration --- 

        -> Running model MiniRocket  

           ===== Results =====
           MSE : 3.38194424
           MAE : 0.87798977
           RMSE: 1.83900632
           R²  : 0.42213758

    --- Executing dataset Covid19Andalusia --- 

        -> Running model MiniRocket  

           ===== Results =====
           MSE : 0.00012787
           MAE : 0.00804269
           RMSE: 0.01130803
           R²  : 0.85759677

    --- Executing dataset DailyOilGasPrices --- 

        -> Running model MiniRocket  

           ===== Results =====
           MSE : 2.75017060
           MAE : 1.17986759
           RMSE: 1.65836383
           R²  : 0.43942932

    --- Executing dataset DhakaHourlyAirQuality --- 

        -> Running model MiniRocket  

           ===== Results =====
           MSE : 28.49188560
           MAE : 3.20822464
           RMSE: 5.33777909
           R²  : 0.99313540

    --- Executing dataset ElectricityPredictor --- 

        -> Running model MiniRocket  

           ===== Results =====
           MSE : 320722.55445020
           MAE : 288.40106784
           RMSE: 566.32371878
           R²  : -0.08970611

    --- Executing dataset EthereumSentiment --- 

        -> Running model MiniRocket  

           ===== Results =====
           MSE : 0.05968183
           MAE : 0.19442110
           RMSE: 0.24429865
           R²  : -0.06788477

    --- Executing dataset GasSensorArrayAcetone --- 

        -> Running model MiniRocket  

           ===== Results =====
           MSE : 0.02999896
           MAE : 0.11552943
           RMSE: 0.17320208
           R²  : 0.57042900

    --- Executing dataset GasSensorArrayEthanol --- 

        -> Running model MiniRocket  

           ===== Results =====
           MSE : 0.02570877
           MAE : 0.10913958
           RMSE: 0.16033955
           R²  : 0.72587605

    --- Executing dataset HotwaterPredictor --- 

        -> Running model MiniRocket  

           ===== Results =====
           MSE : 1429801.94196770
           MAE : 813.65147186
           RMSE: 1195.74325922
           R²  : 0.36336353

    --- Executing dataset IronConcentration --- 

        -> Running model MiniRocket  

           ===== Results =====
           MSE : 2877.14867294
           MAE : 38.51232782
           RMSE: 53.63905921
           R²  : 0.47429982

    --- Executing dataset LPGasMonitoringHomeActivity --- 

        -> Running model MiniRocket  

           ===== Results =====
           MSE : 1.66199083
           MAE : 0.92161335
           RMSE: 1.28918223
           R²  : 0.09569344

    --- Executing dataset MadridPM10Quality_nmv --- 

        -> Running model MiniRocket  

           ===== Results =====
           MSE : 63.39600525
           MAE : 6.05763730
           RMSE: 7.96216084
           R²  : 0.60930080

    --- Executing dataset MagnesiumConcentration --- 

        -> Running model MiniRocket  

           ===== Results =====
           MSE : 15610.87872513
           MAE : 79.58440964
           RMSE: 124.94350213
           R²  : 0.91513952

    --- Executing dataset ManganeseConcentration --- 

        -> Running model MiniRocket  

           ===== Results =====
           MSE : 8726.97370051
           MAE : 60.71031556
           RMSE: 93.41827284
           R²  : 0.38926634

    --- Executing dataset MethaneMonitoringHomeActivity --- 

        -> Running model MiniRocket  

           ===== Results =====
           MSE : 0.26824412
           MAE : 0.35138086
           RMSE: 0.51792289
           R²  : 0.23243288

    --- Executing dataset MetroInterstateTrafficVolume --- 

        -> Running model MiniRocket  

           ===== Results =====
           MSE : 334812.02690197
           MAE : 477.07041300
           RMSE: 578.62943833
           R²  : -0.05860165

    --- Executing dataset NaturalGasPricesSentiment --- 

        -> Running model MiniRocket  

           ===== Results =====
           MSE : 0.00595559
           MAE : 0.05758630
           RMSE: 0.07717247
           R²  : 0.24425024

    --- Executing dataset OccupancyDetectionLight --- 

        -> Running model MiniRocket  

           ===== Results =====
           MSE : 7627.51605912
           MAE : 57.69490376
           RMSE: 87.33565171
           R²  : 0.82019148

    --- Executing dataset ParkingBirmingham_eq --- 

        -> Running model MiniRocket  

           ===== Results =====
           MSE : 0.02105037
           MAE : 0.10580822
           RMSE: 0.14508746
           R²  : 0.58012179

    --- Executing dataset PhosphorusConcentration --- 

        -> Running model MiniRocket  

           ===== Results =====
           MSE : 231.56086825
           MAE : 9.94534181
           RMSE: 15.21712418
           R²  : 0.59394519

    --- Executing dataset PotassiumConcentration --- 

        -> Running model MiniRocket  

           ===== Results =====
           MSE : 44315.29847025
           MAE : 94.18703401
           RMSE: 210.51199127
           R²  : 0.36320899

    --- Executing dataset PrecipitationAndalusia_nmv --- 

        -> Running model MiniRocket  

           ===== Results =====
           MSE : 0.18878310
           MAE : 0.27959829
           RMSE: 0.43449177
           R²  : 0.58262619

    --- Executing dataset SierraNevadaMountainsSnow --- 

        -> Running model MiniRocket  

           ===== Results =====
           MSE : 1837.62769186
           MAE : 28.33131581
           RMSE: 42.86755990
           R²  : 0.85554590

    --- Executing dataset SodiumConcentration --- 

        -> Running model MiniRocket  

           ===== Results =====
           MSE : 56590.02737829
           MAE : 150.62986532
           RMSE: 237.88658512
           R²  : -2.91482845

    --- Executing dataset SolarRadiationAndalusia_nmv --- 

        -> Running model MiniRocket  

           ===== Results =====
           MSE : 0.35638687
           MAE : 0.48011596
           RMSE: 0.59698146
           R²  : 0.36880910

    --- Executing dataset SteamPredictor --- 

        -> Running model MiniRocket  

           ===== Results =====
           MSE : 1210246690.69725633
           MAE : 18904.47653431
           RMSE: 34788.60001060
           R²  : 0.20456433

    --- Executing dataset SulphurConcentration --- 

        -> Running model MiniRocket  

           ===== Results =====
           MSE : 87231.60359744
           MAE : 62.23858052
           RMSE: 295.34996800
           R²  : 0.03928293

    --- Executing dataset WaveDataTension --- 

        -> Running model MiniRocket  

           ===== Results =====
           MSE : 235.76030910
           MAE : 11.99237336
           RMSE: 15.35448824
           R²  : 0.29811754

    --- Executing dataset WindTurbinePower --- 

        -> Running model MiniRocket  

           ===== Results =====
           MSE : 5749.49661497
           MAE : 56.34802645
           RMSE: 75.82543515
           R²  : 0.99280908

    --- Executing dataset ZincConcentration --- 

        -> Running model MiniRocket  

           ===== Results =====
           MSE : 1.31864348
           MAE : 0.82000456
           RMSE: 1.14832203
           R²  : -0.00104726

    --- Executing dataset ElectricMotorTemperature --- 

        -> Running model MiniRocket  

           ===== Results =====
           MSE : 49.24209631
           MAE : 5.20042816
           RMSE: 7.01727129
           R²  : 0.86684140

    --- Executing dataset DailyTemperatureLatitude --- 

        -> Running model MiniRocket  

           ===== Results =====
           MSE : 9.14182898
           MAE : 2.19880795
           RMSE: 3.02354576
           R²  : 0.97973245

    --- Executing dataset BeijingPM10Quality_nmv --- 

        -> Running model MiniRocket  

           ===== Results =====
           MSE : 6974.58830977
           MAE : 57.04465456
           RMSE: 83.51400068
           R²  : 0.57910746

    --- Executing dataset BeijingPM25Quality_nmv --- 

        -> Running model MiniRocket  

           ===== Results =====
           MSE : 2718.91099510
           MAE : 37.30586544
           RMSE: 52.14317784
           R²  : 0.77025982

DONE!
