model,dataset,mse,mae,rmse,r2,time,run
multirocket_fm,Covid3Month,0.0017085702750604692,0.031333585502808736,0.04133485544985575,0.14198318370702867,69.98295521736145,20260221_134913_run1
multirocket_fm,FloodModeling1,1.1557490485224714e-05,0.0023598740891654897,0.003399630933678642,0.9674669856447929,69.1619131565094,20260221_135025_run1
multirocket_fm,FloodModeling2,0.000110266304925198,0.0017099634758868522,0.010500776396305084,0.6781269613494668,69.90994191169739,20260221_135138_run1
multirocket_fm,FloodModeling3,2.7118809967630205e-05,0.0030836917615455145,0.005207572367968611,0.9472110543034148,67.59861159324646,20260221_135248_run1
multirocket_fm,IEEEPPG,956.9440829856545,26.00247048596302,30.9345128131292,0.009585373435032851,142.8579661846161,20260221_135643_run1
multirocket_fm,HouseholdPowerConsumption2_nmv,932.9765271089025,22.254400976486874,30.544664462208495,0.6681349377751001,80.93792915344238,20260221_140619_run1
multirocket_fm,HouseholdPowerConsumption1_nmv,16278.358631156088,94.25337784414042,127.58667105601623,0.9389566339486783,79.53246450424194,20260221_140852_run1
multirocket_fm,AppliancesEnergy,3.90401481762177,1.5957507742018924,1.975857995307803,0.6697746284377215,59.252317667007446,20260221_140953_run1
multirocket_fm,BenzeneConcentration_nmv,15.541419045403996,2.718461182301248,3.942260651631751,0.7580549575479193,227.34620785713196,20260221_141504_run1
multirocket_fm,LiveFuelMoistureContent,1869.0368398276846,31.662433106883473,43.232358712285,-0.10494231474712512,119.70737075805664,20260221_141817_run1
multirocket_fm,BIDMC32RR,12.188917764580857,2.7513929094284175,3.491263061498067,-0.0056467810542422114,160.12723517417908,20260221_143350_run1
multirocket_fm,BIDMC32SpO2,24.266034721619377,3.7430972698228495,4.926056711165573,-0.10417772076346665,161.65779900550842,20260221_144938_run1
multirocket_fm,BIDMC32HR,97.67384933050336,6.912859125999969,9.883008111425557,0.5059802676310122,161.56421971321106,20260221_150514_run1
multirocket_fm,Covid3Month,0.0011517378123643218,0.029290702642959444,0.033937262888517124,0.27598195260833736,64.69841456413269,20260221_150619_run2
multirocket_fm,FloodModeling1,0.00010983700262650809,0.003219575776912202,0.010480315006072483,0.8202359129568744,68.75248956680298,20260221_150731_run2
multirocket_fm,FloodModeling2,5.703502074935549e-05,0.00138727901705461,0.007552153384919794,0.7567669835259989,70.19460272789001,20260221_150844_run2
multirocket_fm,FloodModeling3,2.3966598968570913e-05,0.0027542031290738503,0.004895569320168076,0.9458524638610812,68.55375719070435,20260221_150955_run2
multirocket_fm,IEEEPPG,7.986866816500057,1.4758009368989409,2.826104530356239,0.9906396922204393,126.34724974632263,20260221_151336_run2
multirocket_fm,HouseholdPowerConsumption2_nmv,686.7548308814338,19.269383585738023,26.206007534178756,0.7123223982464311,82.06373023986816,20260221_152313_run2
multirocket_fm,HouseholdPowerConsumption1_nmv,21903.45636456566,94.64207004157863,147.99816338240709,0.9413268703965437,79.42887830734253,20260221_152545_run2
multirocket_fm,AppliancesEnergy,5.38047148713215,1.8627818416413806,2.319584334990248,0.7431097518177235,61.6596941947937,20260221_152648_run2
multirocket_fm,BenzeneConcentration_nmv,2.0886909930976465,1.0001758500382856,1.4452304290657758,0.9623659429838725,198.2334439754486,20260221_153130_run2
multirocket_fm,LiveFuelMoistureContent,1606.4644405723247,29.779716513728463,40.08072405249592,0.0548401173340195,112.89147567749023,20260221_153435_run2
multirocket_fm,BIDMC32RR,0.03739001002725589,0.08936953752701145,0.19336496587348984,0.9959935497490099,157.33752155303955,20260221_155005_run2
multirocket_fm,BIDMC32SpO2,0.004411161604097289,0.03604813205715073,0.0664165762750331,0.9995789109512563,160.98962426185608,20260221_160546_run2
multirocket_fm,BIDMC32HR,0.06261918241387208,0.14441016905707357,0.2502382513003799,0.999617418756228,157.8370931148529,20260221_162127_run2
multirocket_fm,Covid3Month,0.0011196772352873117,0.025590106271103013,0.03346157849365914,-0.18139869569013212,63.65432786941528,20260221_162231_run3
multirocket_fm,FloodModeling1,1.3301544107661726e-05,0.00260369371659685,0.003647128200058469,0.9649338893774559,66.46733832359314,20260221_162340_run3
multirocket_fm,FloodModeling2,3.783590778080262e-05,0.0013783191774614915,0.00615108996689226,0.8304845247569055,69.17239761352539,20260221_162453_run3
multirocket_fm,FloodModeling3,1.6606140158253076e-05,0.002502050818308539,0.004075063209111373,0.9538352856767288,68.10956954956055,20260221_162603_run3
multirocket_fm,IEEEPPG,6.010716337124292,1.3880615240723309,2.4516762300769432,0.9928773850146545,127.1102511882782,20260221_162946_run3
multirocket_fm,HouseholdPowerConsumption2_nmv,665.7957224896413,18.97845700724966,25.80301770122327,0.7384660547775515,81.8764271736145,20260221_163926_run3
multirocket_fm,HouseholdPowerConsumption1_nmv,21658.246693163805,91.79858803422667,147.16741043167065,0.9401363404097283,80.61669206619263,20260221_164201_run3
multirocket_fm,AppliancesEnergy,2.921333008349384,1.3277718044462659,1.7091907466252514,0.7076435071912885,58.36980199813843,20260221_164300_run3
multirocket_fm,BenzeneConcentration_nmv,2.0846913515648935,0.9966428160332391,1.4438460276514575,0.9630156845921034,201.55768871307373,20260221_164747_run3
multirocket_fm,LiveFuelMoistureContent,1706.2345472326724,31.14669556593737,41.306592055417404,0.033946636312520595,114.32268500328064,20260221_165053_run3
multirocket_fm,BIDMC32RR,0.03203190025780835,0.08407430009052341,0.1789745799207484,0.9965110789631192,160.75657963752747,20260221_170631_run3
multirocket_fm,BIDMC32SpO2,0.003398917124934452,0.03364249169182119,0.05830023263190681,0.999695762277472,159.7907009124756,20260221_172215_run3
multirocket_fm,BIDMC32HR,0.0662231318533614,0.1381850198602503,0.25733855492980723,0.999618377533531,159.7261426448822,20260221_173801_run3
multirocket_fm,Covid3Month,0.0011826374795882635,0.027416320429804873,0.03438949664633467,0.1322146658144766,63.66288447380066,20260221_173905_run4
multirocket_fm,FloodModeling1,0.0001628790371362192,0.0034807920703793546,0.012762407184235238,0.744851188908696,67.11969184875488,20260221_174015_run4
multirocket_fm,FloodModeling2,3.707577784369804e-05,0.0009808504747514013,0.006088988244667421,0.7979009824913124,68.23438334465027,20260221_174127_run4
multirocket_fm,FloodModeling3,3.081682168015897e-05,0.0031362842723079358,0.005551290091515572,0.9195923416630095,66.79923629760742,20260221_174236_run4
multirocket_fm,IEEEPPG,8.613906739157065,1.4851764545468435,2.9349457812976825,0.9902092066030458,125.85615539550781,20260221_174617_run4
multirocket_fm,HouseholdPowerConsumption2_nmv,636.7220860031109,18.334512277875625,25.233352650868866,0.7354588691429393,80.23232221603394,20260221_175548_run4
multirocket_fm,HouseholdPowerConsumption1_nmv,21281.551622756604,94.37980521386149,145.88197840294256,0.941625043553322,81.41434621810913,20260221_175823_run4
multirocket_fm,AppliancesEnergy,4.608711053981287,1.6612703550429573,2.146790873369199,0.7677168673958823,61.6203875541687,20260221_175926_run4
multirocket_fm,BenzeneConcentration_nmv,2.3783007495991586,1.0325506498596466,1.5421740334991894,0.9579350550886877,197.39942717552185,20260221_180409_run4
multirocket_fm,LiveFuelMoistureContent,1612.2114159536407,30.186066304592106,40.152352558145836,0.054701313431695264,112.87621450424194,20260221_180714_run4
multirocket_fm,BIDMC32RR,0.029744493670140378,0.0876339169700843,0.17246592031511726,0.9968285546692133,157.4039556980133,20260221_182249_run4
multirocket_fm,BIDMC32SpO2,0.0034355495459789283,0.035735382697533846,0.05861356110985689,0.9996709261124578,159.8128411769867,20260221_183838_run4
multirocket_fm,BIDMC32HR,0.06421724601482869,0.13986103787271972,0.2534112191968396,0.9996327946733301,159.13778734207153,20260221_185418_run4
multirocket_fm,Covid3Month,0.0017595691024135612,0.03149523688705845,0.04194721805332937,0.05689002165949664,63.85867977142334,20260221_185522_run5
multirocket_fm,FloodModeling1,1.1107352240683797e-05,0.002303371539210329,0.003332769455075433,0.9713820891687316,66.53305506706238,20260221_185632_run5
multirocket_fm,FloodModeling2,5.558892145801696e-05,0.0011834507196103665,0.007455797841815251,0.48792693143380494,67.34696936607361,20260221_185742_run5
multirocket_fm,FloodModeling3,3.8656170450920716e-05,0.003245503147011217,0.0062174086604405146,0.9059706816137438,67.88758897781372,20260221_185853_run5
multirocket_fm,IEEEPPG,5.865955362357115,1.3106523718701328,2.4219734437761935,0.9932936266279893,126.0183687210083,20260221_190235_run5
multirocket_fm,HouseholdPowerConsumption2_nmv,746.0875627756733,19.69767831526553,27.314603470958044,0.7159741372278015,78.01697492599487,20260221_191149_run5
multirocket_fm,HouseholdPowerConsumption1_nmv,27007.650462685604,103.16173274306584,164.3400452193123,0.929024063095749,79.63474130630493,20260221_191422_run5
multirocket_fm,AppliancesEnergy,3.6317907476973255,1.503982939038958,1.9057257797745524,0.662407661014393,58.585161209106445,20260221_191522_run5
multirocket_fm,BenzeneConcentration_nmv,2.4877355737141618,1.0024170863090769,1.5772557096787323,0.9557351438348292,193.61309218406677,20260221_192000_run5
multirocket_fm,LiveFuelMoistureContent,1523.6591083110895,29.05790633811698,39.034076245135985,0.05905435262356018,114.29164814949036,20260221_192306_run5
multirocket_fm,BIDMC32RR,0.03388414607600626,0.08898224124660896,0.18407646801263397,0.996260899573511,161.81708192825317,20260221_193847_run5
multirocket_fm,BIDMC32SpO2,0.0035064797752980123,0.03649658618318233,0.059215536603986055,0.9996849560140906,159.21440839767456,20260221_195432_run5
multirocket_fm,BIDMC32HR,0.070108657524095,0.1447962475442009,0.2647803949013125,0.9995852210893655,157.20389604568481,20260221_201015_run5
multirocket_fm,Covid3Month,0.0013025475350550999,0.03017344330046342,0.03609082341891218,0.11020920029552594,64.20651531219482,20260221_201120_run6
multirocket_fm,FloodModeling1,1.3872452115360234e-05,0.002546173602047534,0.0037245740850948626,0.9494170545949252,66.41595315933228,20260221_201229_run6
multirocket_fm,FloodModeling2,2.810565621162092e-05,0.0012650025353502783,0.005301476795348719,0.7681174024567382,66.49956703186035,20260221_201339_run6
multirocket_fm,FloodModeling3,1.5186406950901613e-05,0.0025179547226947267,0.003896974076241926,0.9468652694617808,68.20306038856506,20260221_201450_run6
multirocket_fm,IEEEPPG,10.238794823753624,1.5088470001007224,3.1998116856705217,0.9881170956654021,127.92642998695374,20260221_201834_run6
multirocket_fm,HouseholdPowerConsumption2_nmv,743.0640568238733,19.692258276736425,27.259201324027696,0.7073536065670761,79.32196354866028,20260221_202801_run6
multirocket_fm,HouseholdPowerConsumption1_nmv,21403.632376726287,97.27852465099633,146.2998030645506,0.943762019274262,81.32977533340454,20260221_203035_run6
multirocket_fm,AppliancesEnergy,4.5149480978511995,1.5769769169035417,2.1248407229369453,0.6700338815026703,61.854390144348145,20260221_203138_run6
multirocket_fm,BenzeneConcentration_nmv,2.5327048242131474,1.0858362505798773,1.5914473991348717,0.9548293615288566,193.95081210136414,20260221_203618_run6
multirocket_fm,LiveFuelMoistureContent,1520.0573087773157,29.685148362923933,38.9879123418697,0.040573394452697586,114.82300782203674,20260221_203926_run6
multirocket_fm,BIDMC32RR,0.035967557574353166,0.08668533327238157,0.18965114704201808,0.9959296094537893,156.43741488456726,20260221_205505_run6
multirocket_fm,BIDMC32SpO2,0.003526879069757086,0.03686965052128181,0.05938753294890339,0.9996653358097046,162.1785604953766,20260221_211054_run6
multirocket_fm,BIDMC32HR,0.05858968467095699,0.13734021709305688,0.24205306168474092,0.9996491348301184,158.3918628692627,20260221_212640_run6
multirocket_fm,Covid3Month,0.0013519564868251781,0.030482789205651815,0.03676896091576669,-0.2929313728079743,66.07976222038269,20260221_212746_run7
multirocket_fm,FloodModeling1,1.7044410085810804e-05,0.002590282945349666,0.004128487626941711,0.9543001107117938,66.76311755180359,20260221_212856_run7
multirocket_fm,FloodModeling2,0.00011435460151304231,0.0018166115710984317,0.010693671096169094,0.6326945834587415,67.13044905662537,20260221_213006_run7
multirocket_fm,FloodModeling3,1.943473340472123e-05,0.0026680309280105253,0.0044084842525205,0.9529943285098665,66.21976709365845,20260221_213115_run7
multirocket_fm,IEEEPPG,13.624281045806352,1.6961702155087102,3.691108376329033,0.9844567818956289,126.73916983604431,20260221_213456_run7
multirocket_fm,HouseholdPowerConsumption2_nmv,619.0697202235091,18.70829069162597,24.881111715988677,0.7352607928724549,81.14051604270935,20260221_214448_run7
multirocket_fm,HouseholdPowerConsumption1_nmv,19757.77024186737,86.82838623357166,140.56233578689339,0.9453752342820634,80.28430032730103,20260221_214721_run7
multirocket_fm,AppliancesEnergy,6.880960716608347,1.9548822284880134,2.623158538214636,0.7025218279773524,59.476258277893066,20260221_214822_run7
multirocket_fm,BenzeneConcentration_nmv,2.498985353711706,1.0373439073653017,1.5808179381926641,0.9557363924478159,197.55285573005676,20260221_215304_run7
multirocket_fm,LiveFuelMoistureContent,1667.1252541213933,29.965670299807922,40.83044518642178,0.036095087432088335,115.14420771598816,20260221_215611_run7
multirocket_fm,BIDMC32RR,0.03336333671200422,0.08505026805962933,0.18265633499006878,0.9965124122491026,156.91765308380127,20260221_221142_run7
multirocket_fm,BIDMC32SpO2,0.003445415287585071,0.034133526366743695,0.05869765998389605,0.999663705880285,159.42256116867065,20260221_222728_run7
multirocket_fm,BIDMC32HR,0.07299181749499949,0.14189073659117424,0.2701699788929175,0.9995775846047193,158.35105729103088,20260221_224305_run7
multirocket_fm,Covid3Month,0.0015581693547921654,0.030997144090044507,0.03947365393261897,0.029257222255062887,65.66155314445496,20260221_224411_run8
multirocket_fm,FloodModeling1,3.270007588435047e-05,0.0030663998008954646,0.00571839801730786,0.9090765130887669,67.13519191741943,20260221_224521_run8
multirocket_fm,FloodModeling2,3.5584788019661524e-05,0.0011141269924628704,0.005965298653014912,0.7669389237979131,67.03710341453552,20260221_224631_run8
multirocket_fm,FloodModeling3,1.1582319827687072e-05,0.002416730668233788,0.003403280744764832,0.9689923230965612,65.95657873153687,20260221_224740_run8
multirocket_fm,IEEEPPG,6.860974022997647,1.4192524160563385,2.6193461059962364,0.9918373621809229,127.22760105133057,20260221_225122_run8
multirocket_fm,HouseholdPowerConsumption2_nmv,601.9241994075819,18.01219184888834,24.534143543388303,0.7458857669261636,79.7714331150055,20260221_230045_run8
multirocket_fm,HouseholdPowerConsumption1_nmv,21133.92224162548,94.09008072798036,145.3751087415775,0.9378778151151925,79.89184021949768,20260221_230317_run8
multirocket_fm,AppliancesEnergy,2.386921098299872,1.177816012700399,1.5449663744884132,0.8024541692398679,61.902053356170654,20260221_230420_run8
multirocket_fm,BenzeneConcentration_nmv,2.048206572244808,0.9955659004722796,1.4311556771521428,0.9641097642895463,195.66619539260864,20260221_230902_run8
multirocket_fm,LiveFuelMoistureContent,1667.4162335601545,30.382564625519002,40.834008296518654,0.054674579371611465,115.11104917526245,20260221_231210_run8
multirocket_fm,BIDMC32RR,0.02963881094968242,0.08444677861314441,0.1721592604238367,0.9968440881196179,156.2928171157837,20260221_232750_run8
multirocket_fm,BIDMC32SpO2,0.0038769447363092915,0.037795348618788686,0.06226511652851291,0.9996383151115488,158.6588156223297,20260221_234341_run8
multirocket_fm,BIDMC32HR,0.04939126485354479,0.1300698754616997,0.22224145619920868,0.9997229772325443,157.7784674167633,20260221_235930_run8
multirocket_fm,Covid3Month,0.0019833324546835837,0.03374607599550927,0.0445346208548314,0.15105378780428413,67.7198097705841,20260222_000038_run9
multirocket_fm,FloodModeling1,0.00010194887604889596,0.0029907539398363304,0.01009697360840841,0.8414923222241442,67.20533514022827,20260222_000148_run9
multirocket_fm,FloodModeling2,3.019182730199981e-05,0.0010079060342181284,0.005494709027964976,0.788086136139933,67.04225659370422,20260222_000258_run9
multirocket_fm,FloodModeling3,1.7286106027138133e-05,0.002583749554727391,0.004157656314215754,0.9534473687394787,67.99926018714905,20260222_000409_run9
multirocket_fm,IEEEPPG,5.34741462321211,1.3880288864846768,2.312447755780033,0.9937103230919693,125.22182893753052,20260222_000750_run9
multirocket_fm,HouseholdPowerConsumption2_nmv,673.949019797129,19.37374842189422,25.960528110905777,0.7170083097003348,81.39587426185608,20260222_001720_run9
multirocket_fm,HouseholdPowerConsumption1_nmv,22865.395985842635,98.16236439385149,151.2130813978825,0.9361713218902518,79.50056219100952,20260222_001952_run9
multirocket_fm,AppliancesEnergy,3.989981155822016,1.5200958152044388,1.9974937185938824,0.6577892450073615,61.05186414718628,20260222_002054_run9
multirocket_fm,BenzeneConcentration_nmv,2.2255782908436363,1.0005786713526381,1.4918372199551921,0.9597330389394121,198.7733817100525,20260222_002538_run9
multirocket_fm,LiveFuelMoistureContent,1504.5088237948419,29.092807663064914,38.7879984504852,0.062280893312567254,116.05348539352417,20260222_002846_run9
multirocket_fm,BIDMC32RR,0.02990529044123407,0.08470815177026884,0.17293146168709173,0.996791105787284,155.5184953212738,20260222_004422_run9
multirocket_fm,BIDMC32SpO2,0.004399044828907171,0.03962632528658436,0.06632529554330814,0.9996055096226834,158.70145964622498,20260222_010017_run9
multirocket_fm,BIDMC32HR,0.09836668258757535,0.1497787925816985,0.31363463231533495,0.9994314787182967,157.2479763031006,20260222_011600_run9
multirocket_fm,Covid3Month,0.001936917029697993,0.03240830091043769,0.04401041955830452,0.04838119195993551,63.907477617263794,20260222_011704_run10
multirocket_fm,FloodModeling1,1.2148202509905673e-05,0.002420385051481795,0.003485427163190428,0.9646419623667478,67.02522349357605,20260222_011814_run10
multirocket_fm,FloodModeling2,4.273933969860704e-05,0.0013009146594289442,0.006537533150861037,0.619142806407712,68.27862548828125,20260222_011925_run10
multirocket_fm,FloodModeling3,1.5882605923915617e-05,0.0026713673964790683,0.003985298724551977,0.965019372510237,67.61986589431763,20260222_012036_run10
multirocket_fm,IEEEPPG,10.224558445754386,1.593918088385092,3.197586346880157,0.9884570875262205,126.48159766197205,20260222_012417_run10
multirocket_fm,HouseholdPowerConsumption2_nmv,634.806547918522,18.340039331797605,25.195367588477886,0.7417971051921535,79.90926456451416,20260222_013334_run10
multirocket_fm,HouseholdPowerConsumption1_nmv,20450.81932112292,93.6476290318792,143.0063611211855,0.9456392447326911,80.45752882957458,20260222_013608_run10
multirocket_fm,AppliancesEnergy,4.7365458621882786,1.7104158592224121,2.176360692116148,0.6945203866468102,61.62170910835266,20260222_013710_run10
multirocket_fm,BenzeneConcentration_nmv,2.111138344244803,0.94175698414761,1.4529756860473622,0.9630906871532949,192.9345896244049,20260222_014148_run10
multirocket_fm,LiveFuelMoistureContent,1572.8648317921914,29.508963285938794,39.65935995187254,0.05921669123229101,114.0692970752716,20260222_014454_run10
multirocket_fm,BIDMC32RR,0.03733684223793414,0.08699535497657965,0.1932274365558218,0.9960361984012844,158.75370144844055,20260222_020024_run10
multirocket_fm,BIDMC32SpO2,0.004144189801966875,0.03948187975579096,0.06437538195589114,0.9996321552062801,160.07039737701416,20260222_021601_run10
multirocket_fm,BIDMC32HR,0.0694131097571073,0.13938646890675127,0.2634636782501666,0.999609654638329,158.49591422080994,20260222_023138_run10
multirocket_fm,Covid3Month,0.0015377280849761803,0.031011501800126334,0.039213876178926514,0.23837456686557335,65.03827118873596,20260222_023243_run11
multirocket_fm,FloodModeling1,1.4624008037450728e-05,0.00258513338967125,0.0038241349397544443,0.9605935094669376,68.49531245231628,20260222_023355_run11
multirocket_fm,FloodModeling2,2.4076028211312516e-05,0.0006987544149901645,0.00490673294681018,0.822792029054944,67.30650520324707,20260222_023505_run11
multirocket_fm,FloodModeling3,1.823896648981043e-05,0.0025878639026828405,0.00427071030272605,0.9475433312728057,66.52377986907959,20260222_023614_run11
multirocket_fm,IEEEPPG,8.959145800175994,1.5817101061276206,2.9931832219521737,0.98932179649537,127.99234819412231,20260222_023958_run11
multirocket_fm,HouseholdPowerConsumption2_nmv,675.7842607239486,19.094071536105854,25.995850836699855,0.7397051468889475,79.22845840454102,20260222_024913_run11
multirocket_fm,HouseholdPowerConsumption1_nmv,19653.433388036105,96.32618316772727,140.19070364341604,0.9496214114272105,80.26465463638306,20260222_025145_run11
multirocket_fm,AppliancesEnergy,3.938589872716383,1.4841247240702309,1.9845880864089613,0.7429486531986538,61.036673069000244,20260222_025247_run11
multirocket_fm,BenzeneConcentration_nmv,2.453532928127727,1.0128929007449297,1.5663757301898313,0.9561146989894083,196.1423978805542,20260222_025730_run11
multirocket_fm,LiveFuelMoistureContent,1682.3597264268485,30.183169305864546,41.01657867773528,0.04586265314054805,114.00928831100464,20260222_030036_run11
multirocket_fm,BIDMC32RR,0.03436255356348807,0.08194759014638243,0.18537139359536592,0.9964537093930987,156.36038398742676,20260222_031559_run11
multirocket_fm,BIDMC32SpO2,0.00350985014375885,0.03511798916107582,0.05924398824993849,0.99967161805052,160.1963074207306,20260222_033142_run11
multirocket_fm,BIDMC32HR,0.07360971716350323,0.14744262976990855,0.27131110770387423,0.9996042029264007,158.00790143013,20260222_034714_run11
multirocket_fm,Covid3Month,0.0010522623705557788,0.02657292028277134,0.0324385938436884,0.05934913031131328,64.67137145996094,20260222_034819_run12
multirocket_fm,FloodModeling1,0.0001252330705707724,0.0033067666174161534,0.011190758266121755,0.7944879274136913,67.229647397995,20260222_034929_run12
multirocket_fm,FloodModeling2,1.3787941637647498e-05,0.0008239263533359647,0.0037132117684893083,0.7954437983521581,66.32509660720825,20260222_035038_run12
multirocket_fm,FloodModeling3,1.3723392419986187e-05,0.002441247252018554,0.003704509740841045,0.9652796636248604,67.76751255989075,20260222_035149_run12
multirocket_fm,IEEEPPG,8.040242210260331,1.4275586971668595,2.83553208591621,0.9908781817803486,129.2215027809143,20260222_035532_run12
multirocket_fm,HouseholdPowerConsumption2_nmv,745.779539036723,19.75305058258546,27.30896444460542,0.7016509394540504,81.52065968513489,20260222_040506_run12
multirocket_fm,HouseholdPowerConsumption1_nmv,17653.36036271915,88.32858474606883,132.86594884589186,0.9542834111449143,81.28777766227722,20260222_040741_run12
multirocket_fm,AppliancesEnergy,5.435208136618336,1.7753775696527387,2.331353284386203,0.6913973451290159,61.90808939933777,20260222_040844_run12
multirocket_fm,BenzeneConcentration_nmv,2.3814106773477923,1.0198345118153889,1.5431819974804633,0.9583783071830932,195.09832286834717,20260222_041324_run12
multirocket_fm,LiveFuelMoistureContent,1550.4067101990822,29.66430764305671,39.3752042559665,0.053695583003110836,116.61819314956665,20260222_041632_run12
multirocket_fm,BIDMC32RR,0.05181449245653097,0.08945370833241115,0.22762796940738844,0.9942072933966206,162.38405084609985,20260222_043209_run12
multirocket_fm,BIDMC32SpO2,0.004007672726100527,0.03893657578732568,0.06330618236871124,0.9996382599332563,160.76034021377563,20260222_044754_run12
multirocket_fm,BIDMC32HR,0.08099775285247343,0.15562996097370022,0.2846010415519828,0.9995166609864212,160.36006617546082,20260222_050339_run12
multirocket_fm,Covid3Month,0.0018993877920286373,0.033252016305894826,0.04358196636257521,0.16902106996615918,62.36374044418335,20260222_050442_run13
multirocket_fm,FloodModeling1,0.00014106463708094333,0.003432112765784308,0.011877063487282676,0.7755939603971467,66.83724761009216,20260222_050552_run13
multirocket_fm,FloodModeling2,5.0725963688789114e-05,0.0013280187192840865,0.007122216206265373,0.7790520578322726,67.15825390815735,20260222_050702_run13
multirocket_fm,FloodModeling3,1.6821988680994957e-05,0.0028893998485544467,0.00410146177368447,0.9558635110114097,66.83865690231323,20260222_050811_run13
multirocket_fm,IEEEPPG,5.291127653267842,1.4181251842782818,2.3002451289520955,0.9938175574325617,127.49042773246765,20260222_051154_run13
multirocket_fm,HouseholdPowerConsumption2_nmv,686.9671625121225,19.277765083513177,26.210058422524025,0.7245032215017804,79.63426947593689,20260222_052105_run13
multirocket_fm,HouseholdPowerConsumption1_nmv,22847.81578470803,91.0970184607325,151.15493966360486,0.9349333237101377,81.27417254447937,20260222_052339_run13
multirocket_fm,AppliancesEnergy,4.628169311277809,1.703810870760963,2.1513180404760726,0.6977573341578479,58.80420255661011,20260222_052438_run13
multirocket_fm,BenzeneConcentration_nmv,2.2483545379515397,1.0011661957077802,1.499451412334371,0.9599856643353274,193.02792525291443,20260222_052917_run13
multirocket_fm,LiveFuelMoistureContent,1500.2098063648727,29.400508470750015,38.73254195589121,0.054052369724882254,113.43808627128601,20260222_053222_run13
multirocket_fm,BIDMC32RR,0.0402576802143259,0.09110036530592683,0.20064316637833918,0.9955624548914194,157.210608959198,20260222_054803_run13
multirocket_fm,BIDMC32SpO2,0.004047019467211327,0.038829965725257085,0.06361618871962801,0.9996126645947003,161.3460178375244,20260222_060353_run13
multirocket_fm,BIDMC32HR,0.06763159829117026,0.14085744779304318,0.2600607588452557,0.999607228140753,159.71415734291077,20260222_061944_run13
multirocket_fm,Covid3Month,0.0018580483168329789,0.03299399342308514,0.04310508458213461,0.005312643977779086,65.06255412101746,20260222_062050_run14
multirocket_fm,FloodModeling1,0.0001749959892972634,0.003516823451117713,0.013228604964139771,0.7220445572204388,66.91855931282043,20260222_062200_run14
multirocket_fm,FloodModeling2,0.00013981102929524182,0.002364736258093981,0.0118241713999435,0.6446737156961491,68.97215962409973,20260222_062312_run14
multirocket_fm,FloodModeling3,1.8475191878022987e-05,0.0027454342777314413,0.004298277780463123,0.9534389792820889,68.05157732963562,20260222_062422_run14
multirocket_fm,IEEEPPG,10.024336287687527,1.5161049796477801,3.1661232268639714,0.9883170313712505,125.82480716705322,20260222_062805_run14
multirocket_fm,HouseholdPowerConsumption2_nmv,732.650380247047,19.818698926764398,27.067515221147413,0.7258962440841676,79.01719307899475,20260222_063753_run14
multirocket_fm,HouseholdPowerConsumption1_nmv,18824.777049954217,89.83891682287278,137.20341486258357,0.9479339187675867,81.99474835395813,20260222_064029_run14
multirocket_fm,AppliancesEnergy,7.878882938825504,2.1152642449878516,2.8069347941884053,0.5760470720721349,61.25372648239136,20260222_064131_run14
multirocket_fm,BenzeneConcentration_nmv,2.409039671494087,1.04637464339154,1.552108137822261,0.9567824332519942,191.08570337295532,20260222_064608_run14
multirocket_fm,LiveFuelMoistureContent,1454.018832148169,28.834625746164892,38.13159886692622,0.06304064851842783,114.16655158996582,20260222_064913_run14
multirocket_fm,BIDMC32RR,0.03648590538115446,0.08711713491369345,0.19101284088027815,0.9958726162718503,159.82847929000854,20260222_070446_run14
multirocket_fm,BIDMC32SpO2,0.0037504883204659105,0.03797405325051762,0.06124123055969655,0.9996691468284185,160.7093505859375,20260222_072025_run14
multirocket_fm,BIDMC32HR,0.07110149879892434,0.14389480048362321,0.266648642972216,0.9995887691003023,160.45760345458984,20260222_073609_run14
multirocket_fm,Covid3Month,0.0015124137134407912,0.03153435444916872,0.0388897636074172,0.17759814728565704,66.39294791221619,20260222_073716_run15
multirocket_fm,FloodModeling1,9.39372556794239e-05,0.0029530713050672326,0.009692123383419337,0.8613489594398647,67.65455150604248,20260222_073827_run15
multirocket_fm,FloodModeling2,3.314746672205472e-05,0.0008540616124423488,0.005757383669867305,0.807679930355626,66.99308252334595,20260222_073937_run15
multirocket_fm,FloodModeling3,3.3071890537004906e-05,0.0028608669288780384,0.0057508165104622234,0.9067972802695358,67.76361131668091,20260222_074047_run15
multirocket_fm,IEEEPPG,6.834773050554529,1.3815744083489876,2.6143398881083786,0.9920427213857227,124.38290166854858,20260222_074427_run15
multirocket_fm,HouseholdPowerConsumption2_nmv,622.2100676439317,18.846133582979874,24.944138943726472,0.7502687648817606,79.62912440299988,20260222_075346_run15
multirocket_fm,HouseholdPowerConsumption1_nmv,16974.58017468533,91.01852443034447,130.28653105630423,0.9519875794030854,79.75885677337646,20260222_075619_run15
multirocket_fm,AppliancesEnergy,7.194427321206883,2.1325470197768435,2.6822429646113126,0.663814280526558,59.90137767791748,20260222_075720_run15
multirocket_fm,BenzeneConcentration_nmv,1.8601213689556764,0.9340639651015807,1.3638626649907521,0.9660750263760381,194.56976199150085,20260222_080200_run15
multirocket_fm,LiveFuelMoistureContent,1629.1732913568487,29.692322553015703,40.363018858316934,0.04041538153910118,114.11896324157715,20260222_080506_run15
multirocket_fm,BIDMC32RR,0.026690065939289333,0.0857377656804472,0.16337094582357456,0.9969309453259336,157.6875946521759,20260222_082051_run15
multirocket_fm,BIDMC32SpO2,0.003973296458701809,0.03878736483808595,0.06303408965553328,0.9996145235247347,157.85501098632812,20260222_083628_run15
multirocket_fm,BIDMC32HR,0.06872899068203228,0.14421455993452445,0.26216214578392566,0.9996302818584479,159.33712148666382,20260222_085217_run15
multirocket_fm,Covid3Month,0.0013937470069046046,0.030434847904512757,0.037332921221150166,0.2200660365112429,66.88663816452026,20260222_085324_run16
multirocket_fm,FloodModeling1,1.4373396546245416e-05,0.0025481311248080536,0.003791226258909565,0.9605191779643145,67.09067392349243,20260222_085434_run16
multirocket_fm,FloodModeling2,1.2340969780509391e-05,0.0007084288727584668,0.0035129716452754626,0.8080832167911911,68.66136860847473,20260222_085546_run16
multirocket_fm,FloodModeling3,1.4592950228641166e-05,0.002573555054871931,0.003820072018776762,0.9644946507623918,68.8678343296051,20260222_085657_run16
multirocket_fm,IEEEPPG,7.935217271162121,1.4921368931907082,2.8169517694064483,0.9908452692222163,125.86222624778748,20260222_090038_run16
multirocket_fm,HouseholdPowerConsumption2_nmv,635.8600534576093,18.37684673556225,25.216265652503132,0.7377629036454036,81.77602529525757,20260222_091002_run16
multirocket_fm,HouseholdPowerConsumption1_nmv,21170.498838703606,103.40964167523174,145.50085511330718,0.9407542136912548,80.08836150169373,20260222_091236_run16
multirocket_fm,AppliancesEnergy,4.928043959452002,1.7330733358292352,2.2199198092390637,0.6909651490548576,59.45496678352356,20260222_091337_run16
multirocket_fm,BenzeneConcentration_nmv,2.1594170909639065,1.0074544651005026,1.4694955226076418,0.960754624718137,194.09726452827454,20260222_091816_run16
multirocket_fm,LiveFuelMoistureContent,1633.6786238797447,29.778032443419196,40.41879048016831,0.06636999693463397,115.80012774467468,20260222_092124_run16
multirocket_fm,BIDMC32RR,0.059640705624616444,0.09223617570858664,0.2442144664523714,0.9937568614691932,157.9414587020874,20260222_093705_run16
multirocket_fm,BIDMC32SpO2,0.004181664646261912,0.041374816745102294,0.06466579193253502,0.9996042804036912,161.83202147483826,20260222_095245_run16
multirocket_fm,BIDMC32HR,0.07436598246840784,0.1385265119320114,0.272701269649424,0.9995892957956797,156.21392607688904,20260222_100828_run16
multirocket_fm,Covid3Month,0.0016297553343639836,0.030289677788788768,0.04037022831696625,-0.05983156556513847,61.718581676483154,20260222_100930_run17
multirocket_fm,FloodModeling1,1.692064457707515e-05,0.0028663906378321113,0.004113471110519089,0.9413406510477661,66.3667778968811,20260222_101040_run17
multirocket_fm,FloodModeling2,7.522260993521072e-06,0.00048348652664107714,0.002742674058928817,0.8720185215633833,68.888986825943,20260222_101152_run17
multirocket_fm,FloodModeling3,1.9111196448551335e-05,0.0026803190228731734,0.004371635443235327,0.9530697877214858,68.91357159614563,20260222_101303_run17
multirocket_fm,IEEEPPG,7.418692341140201,1.402294206494611,2.7237276554641436,0.9917597756349111,123.14167714118958,20260222_101645_run17
multirocket_fm,HouseholdPowerConsumption2_nmv,695.7048052998194,18.947000534324538,26.376216660086403,0.7331610528181387,79.73754477500916,20260222_102602_run17
multirocket_fm,HouseholdPowerConsumption1_nmv,24720.02022124332,101.44440541294641,157.22601636257062,0.9292860126815795,80.65942597389221,20260222_102836_run17
multirocket_fm,AppliancesEnergy,2.888996577213719,1.3760024025326685,1.6997048500294747,0.830291160055016,62.399598121643066,20260222_102940_run17
multirocket_fm,BenzeneConcentration_nmv,2.2700055321402024,1.004698959508829,1.5066537532360256,0.9600171373344387,191.65200543403625,20260222_103417_run17
multirocket_fm,LiveFuelMoistureContent,1510.870083345317,29.643981782016375,38.86991231460803,0.04207216166700667,114.65893793106079,20260222_103723_run17
multirocket_fm,BIDMC32RR,0.048942353163849706,0.08647745545998492,0.22122918696195967,0.9946362113494123,158.07902765274048,20260222_105303_run17
multirocket_fm,BIDMC32SpO2,0.0030259219928782874,0.032152094481760214,0.055008381114865466,0.999725156948586,159.95438694953918,20260222_110844_run17
multirocket_fm,BIDMC32HR,0.053040281044662047,0.13154464655642087,0.23030475688674354,0.9996874387430844,160.335773229599,20260222_112425_run17
multirocket_fm,Covid3Month,0.0015353136172637414,0.030806729777990986,0.03918307820046482,-0.01592814133745346,62.869258880615234,20260222_112528_run18
multirocket_fm,FloodModeling1,9.840183466186374e-05,0.0033754061814581975,0.009919769889562143,0.8423989660309885,68.57348012924194,20260222_112640_run18
multirocket_fm,FloodModeling2,1.3780263464980832e-05,0.000828893998962127,0.0037121777254033555,0.7983550644632327,68.73842287063599,20260222_112751_run18
multirocket_fm,FloodModeling3,1.8005978809901367e-05,0.0026737453056418364,0.0042433452381230264,0.9563343719557411,69.61456274986267,20260222_112904_run18
multirocket_fm,IEEEPPG,7.881040930388237,1.4657355553185578,2.8073191714495587,0.9909197593251026,130.21433234214783,20260222_113250_run18
multirocket_fm,HouseholdPowerConsumption2_nmv,634.6291747016743,18.625105357523214,25.191847385645904,0.761620987461749,80.64909434318542,20260222_114238_run18
multirocket_fm,HouseholdPowerConsumption1_nmv,25965.16859812662,97.82410871179876,161.13711117593806,0.9299414639918857,79.92395782470703,20260222_114510_run18
multirocket_fm,AppliancesEnergy,4.359903956438916,1.6393625858851846,2.0880383033936223,0.8113020043158702,60.81739687919617,20260222_114612_run18
multirocket_fm,BenzeneConcentration_nmv,2.172491942432419,0.9873935141471761,1.4739375639532426,0.9627897418621524,193.2435586452484,20260222_115051_run18
multirocket_fm,LiveFuelMoistureContent,1610.821334303205,30.260941393517502,40.13503873553886,0.052228879276945084,113.25433397293091,20260222_115357_run18
multirocket_fm,BIDMC32RR,0.03385159989188053,0.08720075380969901,0.18398804279593967,0.9963813731530017,156.52774953842163,20260222_120939_run18
multirocket_fm,BIDMC32SpO2,0.0037881656766593896,0.03852606846109847,0.06154807614100858,0.9996583960856353,159.79404377937317,20260222_122528_run18
multirocket_fm,BIDMC32HR,0.06306777025810577,0.1363247851124899,0.2511329732593985,0.9996537017556248,156.8957121372223,20260222_124112_run18
multirocket_fm,Covid3Month,0.0013177454800293302,0.029861777096276368,0.03630076417968815,0.03338817093835467,65.4045467376709,20260222_124218_run19
multirocket_fm,FloodModeling1,0.00011100482632268554,0.0032178603080239613,0.01053588279750138,0.8271534291088617,69.29823970794678,20260222_124330_run19
multirocket_fm,FloodModeling2,5.401304215276368e-05,0.0013440031756215929,0.007349356580869082,0.6634074110843298,70.13740277290344,20260222_124444_run19
multirocket_fm,FloodModeling3,1.0913445025405717e-05,0.0022158249111279217,0.0033035503667124128,0.9686525496583643,67.56651830673218,20260222_124554_run19
multirocket_fm,IEEEPPG,4.924667794806568,1.3334162095948388,2.2191592540434244,0.9943004523149133,129.55584526062012,20260222_124938_run19
multirocket_fm,HouseholdPowerConsumption2_nmv,678.6878050116368,19.292346853473095,26.051637280824345,0.7286076701480844,79.64932870864868,20260222_125913_run19
multirocket_fm,HouseholdPowerConsumption1_nmv,20474.448424554204,94.46703268291651,143.08895283897428,0.9427984636809227,81.55107378959656,20260222_130148_run19
multirocket_fm,AppliancesEnergy,4.214929402583449,1.4529562822977702,2.0530293233618093,0.7399318645037589,61.20164227485657,20260222_130250_run19
multirocket_fm,BenzeneConcentration_nmv,2.4788799411280893,1.0181673537105296,1.5744459155931936,0.9568278409856075,196.5024950504303,20260222_130731_run19
multirocket_fm,LiveFuelMoistureContent,1709.9218446914026,30.55103232357202,41.35120124846922,0.038056885120146045,112.03501009941101,20260222_131036_run19
multirocket_fm,BIDMC32RR,0.034095213125981474,0.08572570708081821,0.1846488914832187,0.9964190346363241,156.37298965454102,20260222_132608_run19
multirocket_fm,BIDMC32SpO2,0.0040799013929712705,0.04018306757223329,0.06387410580956317,0.9996280402596665,158.13130593299866,20260222_134146_run19
multirocket_fm,BIDMC32HR,0.08230673396939558,0.14891065989271537,0.28689150208640823,0.9995348554491276,156.0973026752472,20260222_135726_run19
multirocket_fm,Covid3Month,0.0010971741091074657,0.02663133573983705,0.03312361859923317,0.1661215555329697,63.90452194213867,20260222_135830_run20
multirocket_fm,FloodModeling1,1.4717595675322722e-05,0.002481271126482745,0.003836351870634747,0.957874938390285,68.50112867355347,20260222_135941_run20
multirocket_fm,FloodModeling2,2.6078910027220284e-05,0.0007564697746020554,0.0051067514162352065,0.7611432047077632,70.00984144210815,20260222_140054_run20
multirocket_fm,FloodModeling3,1.2524775280073381e-05,0.0024820211283538614,0.003539035925230681,0.9626439898945235,69.26656293869019,20260222_140206_run20
multirocket_fm,IEEEPPG,8.208648418709277,1.5008884511498932,2.8650738941097624,0.9902038129304633,129.22170424461365,20260222_140551_run20
multirocket_fm,HouseholdPowerConsumption2_nmv,705.5490503001869,19.022590688788853,26.562173297759106,0.7051981323364586,81.72180891036987,20260222_141527_run20
multirocket_fm,HouseholdPowerConsumption1_nmv,26333.780029343456,98.91416781304807,162.2768622735338,0.9300536630998792,81.22688627243042,20260222_141801_run20
multirocket_fm,AppliancesEnergy,2.5839073419340046,1.2005022062574113,1.6074536826714494,0.829200867527865,61.84303903579712,20260222_141904_run20
multirocket_fm,BenzeneConcentration_nmv,2.2615189131118987,1.0558733180320456,1.5038347359706448,0.9584565919281283,198.38479042053223,20260222_142348_run20
multirocket_fm,LiveFuelMoistureContent,1746.5323217663279,30.242331152909642,41.79153409204223,0.04652091807706449,112.40283823013306,20260222_142652_run20
multirocket_fm,BIDMC32RR,0.028201885305941383,0.08287292076444858,0.1679341695604006,0.996863531646925,156.37050104141235,20260222_144229_run20
multirocket_fm,BIDMC32SpO2,0.00364683547998254,0.03746881730526301,0.060389034434924854,0.9996617913960772,159.76907062530518,20260222_145809_run20
multirocket_fm,BIDMC32HR,0.06186013558218599,0.13636059256468294,0.24871697887797284,0.9996522886434414,158.02038431167603,20260222_151348_run20
multirocket_fm,Covid3Month,0.0013993070218450152,0.03073375898919525,0.03740731241141249,-0.015549919236531373,64.95328402519226,20260222_151454_run21
multirocket_fm,FloodModeling1,2.1307374174989723e-05,0.0027100525634123555,0.004615991136797137,0.9475664642761407,67.91748046875,20260222_151605_run21
multirocket_fm,FloodModeling2,7.45409644386794e-05,0.0012897598998463473,0.008633710930919532,0.709175001416005,67.65576601028442,20260222_151715_run21
multirocket_fm,FloodModeling3,2.3651686642484808e-05,0.0030514275561208315,0.004863299974552753,0.9388078201611278,68.48036479949951,20260222_151826_run21
multirocket_fm,IEEEPPG,7.687016681269915,1.4287134816720077,2.7725469664678206,0.9912186010228035,127.60289669036865,20260222_152210_run21
multirocket_fm,HouseholdPowerConsumption2_nmv,697.6337118476705,19.524899363970967,26.41275661205529,0.7122006148703188,78.13024759292603,20260222_153130_run21
multirocket_fm,HouseholdPowerConsumption1_nmv,22532.329380484727,97.86770859681066,150.1077259187039,0.9329327781638015,80.45974326133728,20260222_153404_run21
multirocket_fm,AppliancesEnergy,4.212931428832441,1.6535228874569847,2.052542674058798,0.7879588813615462,60.42953372001648,20260222_153505_run21
multirocket_fm,BenzeneConcentration_nmv,2.284555032383485,0.9668065848336008,1.5114744564111842,0.9602251625146399,201.07424664497375,20260222_153951_run21
multirocket_fm,LiveFuelMoistureContent,1624.649538470362,29.80176783156237,40.30694156681157,0.05077462864669069,115.27429175376892,20260222_154259_run21
multirocket_fm,BIDMC32RR,0.02904818227117798,0.0821093550087986,0.17043527296653702,0.9966916432881391,157.13584780693054,20260222_155838_run21
multirocket_fm,BIDMC32SpO2,0.0031066216323509216,0.03524958335225966,0.05573707592214469,0.9997115993011255,164.36334681510925,20260222_161426_run21
multirocket_fm,BIDMC32HR,0.06331383855260514,0.13995802077808725,0.25162241265953467,0.9996289858658951,156.90800738334656,20260222_163006_run21
multirocket_fm,Covid3Month,0.0018360798573207491,0.03207581011574627,0.042849502416256235,0.19271298593475406,66.07374429702759,20260222_163112_run22
multirocket_fm,FloodModeling1,1.7100567248892934e-05,0.002467422932681471,0.004135283212658225,0.9440954839660282,67.35876035690308,20260222_163223_run22
multirocket_fm,FloodModeling2,6.667786813148708e-06,0.00054214776451907,0.0025822058037942497,0.699290430529361,68.66030716896057,20260222_163334_run22
multirocket_fm,FloodModeling3,2.042642730852871e-05,0.0028309662082920887,0.0045195605216136565,0.9535842158456004,67.14449334144592,20260222_163444_run22
multirocket_fm,IEEEPPG,6.240453657466239,1.3651756303842906,2.49809000187468,0.992826076376627,132.8165831565857,20260222_163832_run22
multirocket_fm,HouseholdPowerConsumption2_nmv,605.8564439909285,18.727512089676484,24.61415129536114,0.7535546335122418,82.19542241096497,20260222_164757_run22
multirocket_fm,HouseholdPowerConsumption1_nmv,27295.196558785094,99.18026787974189,165.2125799047551,0.9260461108178829,81.91882419586182,20260222_165033_run22
multirocket_fm,AppliancesEnergy,5.707545264893953,1.8590182195390976,2.389046936519656,0.6634291786090112,62.421138763427734,20260222_165136_run22
multirocket_fm,BenzeneConcentration_nmv,2.65350158667601,1.0350256436756373,1.6289572083624573,0.9525308879557753,197.64691185951233,20260222_165619_run22
multirocket_fm,LiveFuelMoistureContent,1741.0788524949985,30.60038368962774,41.72623697980682,0.05311937057160954,116.47074341773987,20260222_165927_run22
multirocket_fm,BIDMC32RR,0.023926987416145292,0.08218123078536671,0.15468350725318228,0.9973874495093292,158.30007576942444,20260222_171513_run22
multirocket_fm,BIDMC32SpO2,0.003238520432984785,0.0334951911230234,0.05690799972749688,0.999700064354659,161.06000447273254,20260222_173108_run22
multirocket_fm,BIDMC32HR,0.10696695569526284,0.15608134885894917,0.32705803108204334,0.9993933415959402,159.08606672286987,20260222_174656_run22
multirocket_fm,Covid3Month,0.0018154379029099213,0.03379507613737981,0.042607955864015834,0.009270509042025643,63.148887157440186,20260222_174759_run23
multirocket_fm,FloodModeling1,1.9096322442333553e-05,0.0026900984520959403,0.0043699339173874875,0.9500662654140327,67.46198081970215,20260222_174910_run23
multirocket_fm,FloodModeling2,7.785964713769462e-05,0.0016658554806638028,0.008823811372513276,0.6641175564344353,67.93919038772583,20260222_175021_run23
multirocket_fm,FloodModeling3,1.2146839893473894e-05,0.0024271046933920493,0.003485231684332319,0.9703942070751634,67.82794284820557,20260222_175131_run23
multirocket_fm,IEEEPPG,8.864722687902765,1.4768266367753224,2.977368416555594,0.9893569827231792,122.56797170639038,20260222_175510_run23
multirocket_fm,HouseholdPowerConsumption2_nmv,717.3685099957445,19.4720531045897,26.78373592305122,0.7058794867278114,81.29020404815674,20260222_180429_run23
multirocket_fm,HouseholdPowerConsumption1_nmv,21929.089823410788,93.91440347939538,148.0847386580089,0.9405291525223326,80.61107158660889,20260222_180703_run23
multirocket_fm,AppliancesEnergy,4.631028043124483,1.6010682242257255,2.1519823519547003,0.6374784856794231,62.25469636917114,20260222_180806_run23
multirocket_fm,BenzeneConcentration_nmv,2.5243334784661853,1.0739806146657438,1.5888151177736778,0.953884166317768,195.74054646492004,20260222_181247_run23
multirocket_fm,LiveFuelMoistureContent,1756.7837757013467,30.736935653787572,41.91400452952863,0.042715974112031985,112.79225134849548,20260222_181552_run23
multirocket_fm,BIDMC32RR,0.03936671327083101,0.08939779217653132,0.19841046663629167,0.9956126780198981,157.6528124809265,20260222_183132_run23
multirocket_fm,BIDMC32SpO2,0.0036045921472182088,0.0376111393710139,0.06003825569766504,0.9996683304083064,160.92985916137695,20260222_184725_run23
multirocket_fm,BIDMC32HR,0.07277778073640581,0.14776040052326295,0.26977357308751687,0.9995718124524774,157.4398217201233,20260222_190315_run23
multirocket_fm,Covid3Month,0.00139680599777365,0.03007910636811328,0.03737386784604518,0.009601890709477257,62.288124322891235,20260222_190418_run24
multirocket_fm,FloodModeling1,1.2682534539924832e-05,0.0024409949661481508,0.0035612546300320667,0.9654215063790973,68.43546843528748,20260222_190529_run24
multirocket_fm,FloodModeling2,1.4688489603043897e-05,0.0006746025132895614,0.0038325565361836344,0.8412627543968669,67.78837037086487,20260222_190640_run24
multirocket_fm,FloodModeling3,1.7966241597510597e-05,0.002477000534534454,0.004238660354110788,0.9584522023628947,66.15467977523804,20260222_190749_run24
multirocket_fm,IEEEPPG,10.26544486180919,1.6287310288761223,3.2039732929300753,0.9880850815927548,127.51692390441895,20260222_191132_run24
multirocket_fm,HouseholdPowerConsumption2_nmv,649.8251170928299,18.91873504631999,25.49166760125414,0.7491166465683742,79.51629328727722,20260222_192046_run24
multirocket_fm,HouseholdPowerConsumption1_nmv,25095.703870774425,97.01131297395666,158.41623613371965,0.9380240691951531,78.9473466873169,20260222_192317_run24
multirocket_fm,AppliancesEnergy,3.496485059536581,1.5040352930341447,1.8698890500606127,0.7897428332226603,59.20885229110718,20260222_192418_run24
multirocket_fm,BenzeneConcentration_nmv,2.4021735470999603,1.0392237585970605,1.5498946890353422,0.9577972878465991,193.39296984672546,20260222_192857_run24
multirocket_fm,LiveFuelMoistureContent,1563.106128355369,29.18279145903935,39.53613699333015,0.019318292407989435,114.86457777023315,20260222_193204_run24
multirocket_fm,BIDMC32RR,0.017607713053170135,0.07308642711153457,0.13269405809293094,0.9980557919751037,158.7221553325653,20260222_194749_run24
multirocket_fm,BIDMC32SpO2,0.004058800255324628,0.040370976610506815,0.06370871412392992,0.9996450714215187,160.35352396965027,20260222_200334_run24
multirocket_fm,BIDMC32HR,0.06489385414735374,0.14224888184778617,0.254742721480622,0.9996199424408123,156.8142533302307,20260222_201921_run24
multirocket_fm,Covid3Month,0.0019565524826575522,0.03431813736174699,0.0442329343663469,0.16877388979202212,65.41138195991516,20260222_202027_run25
multirocket_fm,FloodModeling1,0.00012465349010280747,0.0035965092819516035,0.011164832739580449,0.794857085706266,67.62534356117249,20260222_202137_run25
multirocket_fm,FloodModeling2,0.00013910348219959502,0.0023924245905520224,0.011794213928854904,0.6434074173873067,68.83436131477356,20260222_202249_run25
multirocket_fm,FloodModeling3,1.44580012119519e-05,0.0025414043522399414,0.0038023678427989973,0.9608086842162572,67.45970392227173,20260222_202359_run25
multirocket_fm,IEEEPPG,6.335666780858334,1.4072921120894777,2.517075044741085,0.9925151304525258,128.1183216571808,20260222_202743_run25
multirocket_fm,HouseholdPowerConsumption2_nmv,655.3032453088451,18.361640923880977,25.598891485938314,0.729703021334586,83.8635835647583,20260222_203659_run25
multirocket_fm,HouseholdPowerConsumption1_nmv,22734.870351329326,98.94156256299256,150.7808686515943,0.9403597878729708,80.53774785995483,20260222_203933_run25
multirocket_fm,AppliancesEnergy,2.291094056983611,1.2839721834091913,1.5136360384793996,0.8336047656850724,60.52863526344299,20260222_204034_run25
multirocket_fm,BenzeneConcentration_nmv,2.6115374235823996,1.0588191030530436,1.6160251927437268,0.9538466044582734,194.34148907661438,20260222_204514_run25
multirocket_fm,LiveFuelMoistureContent,1599.8337928612896,29.92455249245751,39.9979223568086,0.054119005753115346,112.97654604911804,20260222_204818_run25
multirocket_fm,BIDMC32RR,0.02793700097411319,0.08562004969325694,0.1671436537057665,0.9968062068425165,159.35147356987,20260222_210352_run25
multirocket_fm,BIDMC32SpO2,0.00285856578904471,0.032068684542835985,0.05346555703483047,0.999741116054275,158.892808675766,20260222_211937_run25
multirocket_fm,BIDMC32HR,0.08480060313146125,0.15310857238206174,0.29120543115035,0.9995125388343863,156.53884100914001,20260222_213518_run25
multirocket_fm,Covid3Month,0.001871070921280338,0.03306124935236789,0.043255877303325356,0.04285110414785387,64.36829209327698,20260222_213623_run26
multirocket_fm,FloodModeling1,1.7293035764359666e-05,0.002724115660875153,0.0041584896013287884,0.9571965283995186,67.13049292564392,20260222_213733_run26
multirocket_fm,FloodModeling2,0.00011050730364545184,0.0019411686646997538,0.010512245414061252,0.7067648800197945,67.14184165000916,20260222_213843_run26
multirocket_fm,FloodModeling3,2.7203346836170563e-05,0.0032360085067541693,0.005215682777563313,0.9472922591501562,68.58362579345703,20260222_213955_run26
multirocket_fm,IEEEPPG,7.202480771094134,1.4234205441968804,2.683743797588386,0.9916530410107962,124.33777236938477,20260222_214334_run26
multirocket_fm,HouseholdPowerConsumption2_nmv,636.9616881443098,18.628166673354436,25.238099931340113,0.7330867333000155,77.6840124130249,20260222_215300_run26
multirocket_fm,HouseholdPowerConsumption1_nmv,21390.38384802882,91.672824236589,146.25451735939242,0.9434255371837541,78.28962230682373,20260222_215531_run26
multirocket_fm,AppliancesEnergy,4.924003936848512,1.7246677689325247,2.219009674798312,0.6666227836889955,58.65717577934265,20260222_215631_run26
multirocket_fm,BenzeneConcentration_nmv,2.468065984624434,1.011873544984221,1.5710079518017832,0.9563023314965292,190.73323488235474,20260222_220106_run26
multirocket_fm,LiveFuelMoistureContent,1757.6701022210543,30.398257633638696,41.92457635112196,0.04473115181314791,113.49219346046448,20260222_220411_run26
multirocket_fm,BIDMC32RR,0.027856910332600262,0.08368690046828493,0.16690389549857804,0.996870934319057,158.11076855659485,20260222_221951_run26
multirocket_fm,BIDMC32SpO2,0.004042934081311155,0.0398190546282499,0.06358407097151891,0.9996140413614902,160.76747226715088,20260222_223535_run26
multirocket_fm,BIDMC32HR,0.06713458662559604,0.14231361448676066,0.2591034284327323,0.9996263097897904,158.03175377845764,20260222_225128_run26
multirocket_fm,Covid3Month,0.0011154126087040707,0.027146486331871906,0.033397793470588306,-0.049640964254646924,61.84651327133179,20260222_225230_run27
multirocket_fm,FloodModeling1,0.00011256119910338934,0.0029702981651419475,0.01060948627895759,0.8176080661520996,67.09967064857483,20260222_225340_run27
multirocket_fm,FloodModeling2,4.4032157200960495e-05,0.001119692078870318,0.006635673078215992,0.7255715924550904,68.00218939781189,20260222_225451_run27
multirocket_fm,FloodModeling3,2.512968812466155e-05,0.0027260816123174623,0.005012952036940065,0.9407073491666782,66.3997654914856,20260222_225600_run27
multirocket_fm,IEEEPPG,12.840867507486958,1.6408359037834102,3.5834156202549208,0.9855461029212845,124.06024122238159,20260222_225939_run27
multirocket_fm,HouseholdPowerConsumption2_nmv,649.5859797516434,18.612812637996395,25.48697666950012,0.742354902856811,78.67597985267639,20260222_230858_run27
multirocket_fm,HouseholdPowerConsumption1_nmv,17449.95924553516,85.71498191748974,132.09829387821463,0.950651370072938,81.06318640708923,20260222_231132_run27
multirocket_fm,AppliancesEnergy,3.191853401901876,1.446340060461135,1.7865758875295155,0.7859678301051543,60.52155423164368,20260222_231234_run27
multirocket_fm,BenzeneConcentration_nmv,2.4940027772627142,1.0462819942960573,1.5792412030031113,0.954751088711546,199.47892665863037,20260222_231719_run27
multirocket_fm,LiveFuelMoistureContent,1631.9412606028193,29.90780622065462,40.39729273853409,0.050149291669530416,114.19548726081848,20260222_232024_run27
multirocket_fm,BIDMC32RR,0.03205112623183451,0.08344680268968668,0.17902828332929552,0.996590677865642,158.30839657783508,20260222_233605_run27
multirocket_fm,BIDMC32SpO2,0.003703720685685228,0.038837671176952686,0.060858201466073805,0.999648070161869,158.60570693016052,20260222_235141_run27
multirocket_fm,BIDMC32HR,0.06787384025984364,0.13990370328420826,0.26052608364584845,0.9996221689593626,158.83512663841248,20260223_000719_run27
multirocket_fm,Covid3Month,0.0013797430120175338,0.03074115445457702,0.03714489213899448,0.08546965761592995,66.82009148597717,20260223_000826_run28
multirocket_fm,FloodModeling1,9.644862301956052e-05,0.003102841217919152,0.009820825984588085,0.8460782382335724,70.33885765075684,20260223_000940_run28
multirocket_fm,FloodModeling2,9.68787760322745e-05,0.002039099782853569,0.009842701663276932,0.590425688362257,68.42681002616882,20260223_001051_run28
multirocket_fm,FloodModeling3,1.3351939241722332e-05,0.0023625752407571555,0.0036540305474533643,0.9648979770381937,66.01016736030579,20260223_001200_run28
multirocket_fm,IEEEPPG,11.412292814098958,1.4774686594456572,3.378208521405829,0.9869401853236778,124.56316900253296,20260223_001540_run28
multirocket_fm,HouseholdPowerConsumption2_nmv,634.4955660988787,18.46976610654158,25.189195423809764,0.7528318043088613,77.07028985023499,20260223_002510_run28
multirocket_fm,HouseholdPowerConsumption1_nmv,18906.93208757649,85.11082722201778,137.50248029608954,0.9485512569440346,78.76248860359192,20260223_002742_run28
multirocket_fm,AppliancesEnergy,4.131358650783399,1.5052660660516646,2.0325743899752844,0.7229237531846646,58.47608470916748,20260223_002841_run28
multirocket_fm,BenzeneConcentration_nmv,2.5595605462398354,1.0432526239334305,1.5998626648059,0.95353404036595,195.69428157806396,20260223_003322_run28
multirocket_fm,LiveFuelMoistureContent,1657.7459079508417,30.173725551175757,40.71542592127512,0.044021778896412234,115.66761231422424,20260223_003630_run28
multirocket_fm,BIDMC32RR,0.0364390083789375,0.08913642159730781,0.1908900426395717,0.9962100506273591,157.5001826286316,20260223_005211_run28
multirocket_fm,BIDMC32SpO2,0.0038214634714180008,0.03716972351962626,0.06181798663348719,0.9996560324853029,161.19366312026978,20260223_010800_run28
multirocket_fm,BIDMC32HR,0.06376323955644152,0.1399478103407575,0.2525138403265087,0.9996336363568503,159.10913729667664,20260223_012351_run28
multirocket_fm,Covid3Month,0.001380560908052102,0.02934127456027449,0.037155900043628357,0.07046670881682593,63.96886682510376,20260223_012455_run29
multirocket_fm,FloodModeling1,1.427144731770003e-05,0.0024548797619224775,0.003777756916173939,0.9543142497507207,67.57653284072876,20260223_012606_run29
multirocket_fm,FloodModeling2,3.9528306802986484e-05,0.001470148778673419,0.0062871541100076814,0.8464075113245643,67.51515340805054,20260223_012716_run29
multirocket_fm,FloodModeling3,2.3113800628331475e-05,0.0028070478944674806,0.004807681419180297,0.934879817377353,67.32054305076599,20260223_012826_run29
multirocket_fm,IEEEPPG,9.702219581022216,1.5473660000169775,3.1148386123557374,0.9883663357214756,123.99200892448425,20260223_013206_run29
multirocket_fm,HouseholdPowerConsumption2_nmv,716.3418969461849,19.63667626257471,26.7645642024335,0.7413052080429695,80.66317415237427,20260223_014124_run29
multirocket_fm,HouseholdPowerConsumption1_nmv,22696.001225991193,93.23618054600708,150.651920751085,0.9415906129127511,80.8795108795166,20260223_014358_run29
multirocket_fm,AppliancesEnergy,3.9486938825414253,1.4937040292649042,1.9871320747603631,0.8024530916137784,62.24143052101135,20260223_014501_run29
multirocket_fm,BenzeneConcentration_nmv,2.016383123827875,0.958075400596287,1.419994057673438,0.9633283182363616,193.35423111915588,20260223_014940_run29
multirocket_fm,LiveFuelMoistureContent,1524.5881476983154,29.63431140702608,39.04597479508375,0.056943459447680755,116.32301497459412,20260223_015249_run29
multirocket_fm,BIDMC32RR,0.02440448640295203,0.07890062360039737,0.15621935348397786,0.9971726774822787,157.79099440574646,20260223_020830_run29
multirocket_fm,BIDMC32SpO2,0.004898653824931061,0.039053850735515844,0.06999038380328444,0.9995477757830108,159.6639847755432,20260223_022409_run29
multirocket_fm,BIDMC32HR,0.06099615255021905,0.13672457247624936,0.24697399164733733,0.9996528693228741,160.18497014045715,20260223_023958_run29
multirocket_fm,Covid3Month,0.0015360423041316208,0.03272642767663141,0.03919237558673397,0.18780603151957664,65.47108268737793,20260223_024104_run30
multirocket_fm,FloodModeling1,1.12539691354004e-05,0.002404012271673371,0.0033546935978417463,0.9727005345370234,68.65118312835693,20260223_024216_run30
multirocket_fm,FloodModeling2,0.00012958323816899528,0.0019485927191539695,0.011383463364415739,0.6250524320551608,68.2936315536499,20260223_024327_run30
multirocket_fm,FloodModeling3,1.286923326814039e-05,0.0024233370190081386,0.0035873713591068864,0.968334448576589,65.31580996513367,20260223_024435_run30
multirocket_fm,IEEEPPG,8.562299374983743,1.4650755713173498,2.926140696375303,0.9895434256664193,121.79935789108276,20260223_024813_run30
multirocket_fm,HouseholdPowerConsumption2_nmv,655.9497836067246,18.15219502499639,25.611516620589352,0.728522440985669,80.60175156593323,20260223_025727_run30
multirocket_fm,HouseholdPowerConsumption1_nmv,24581.485789319933,92.14025917974088,156.78483915646925,0.931763369061046,78.76865649223328,20260223_025959_run30
multirocket_fm,AppliancesEnergy,3.0848648899636735,1.404435322171166,1.756378344766205,0.795036437457235,58.60735464096069,20260223_030058_run30
multirocket_fm,BenzeneConcentration_nmv,2.185838723123109,0.9647500733174131,1.47845822501791,0.9602716045871762,196.11937618255615,20260223_030540_run30
multirocket_fm,LiveFuelMoistureContent,1567.3971197311932,29.551296688458777,39.5903665016023,0.04216441566620399,114.13922262191772,20260223_030846_run30
multirocket_fm,BIDMC32RR,0.03201842433448459,0.08192218889682724,0.17893692836998346,0.9966110399108521,155.781099319458,20260223_032419_run30
multirocket_fm,BIDMC32SpO2,0.004825852776221064,0.040464408204409046,0.06946835809360305,0.9995633819126366,158.37825560569763,20260223_033957_run30
multirocket_fm,BIDMC32HR,0.1064162880295893,0.15656137929269093,0.3262150947298259,0.9993644369328861,156.29969692230225,20260223_035533_run30
multirocket_fm,AcousticContaminationMadrid_nmv,12.026167235145401,2.4572411219278973,3.4678764734553913,0.7044821378967813,155.7462112903595,20260221_135928_run1
multirocket_fm,AluminiumConcentration,40110.63887274677,147.3264079249952,200.2764061809248,0.820671403206116,104.93650507926941,20260221_140148_run1
multirocket_fm,BarCrawl6min,0.0019085820100479252,0.03269714545457864,0.04368732093008136,0.38257025602726835,83.12579941749573,20260221_140346_run1
multirocket_fm,BeijingIntAirportPM25Quality,2001.2231087329455,32.243939104726756,44.73503223127201,0.6462409975248593,261.8946623802185,20260221_140810_run1
multirocket_fm,BinanceCoinSentiment,0.12241728144633734,0.27260557865432544,0.3498818106823179,0.06368899610052636,225.31589269638062,20260221_141156_run1
multirocket_fm,BitcoinSentiment,0.047366367064444616,0.14783852352452279,0.21763815626963168,0.3612929157471787,200.37122797966003,20260221_141517_run1
multirocket_fm,BoronConcentration,0.5238041587988975,0.2476862722983108,0.7237431580325285,0.3745872710819731,104.23111176490784,20260221_141736_run1
multirocket_fm,CalciumConcentration,1657663.1502776789,652.0368401000338,1287.5026797166981,0.8649636380716439,116.42619204521179,20260221_142012_run1
multirocket_fm,CardanoSentiment,0.09143453358623978,0.21993142131964363,0.3023814372382005,-0.23300232095394424,79.30849123001099,20260221_142132_run1
multirocket_fm,ChilledWaterPredictor,181852.60564607274,268.7564342079752,426.44179631700354,0.2970001757930484,188.94426655769348,20260221_142445_run1
multirocket_fm,CopperConcentration,3.234766443581882,0.8306807390834289,1.798545646788505,0.33492252387361576,104.31971621513367,20260221_142705_run1
multirocket_fm,Covid19Andalusia,0.00021896243026019722,0.009216968332045668,0.014797379168629735,0.769216000186416,89.9789366722107,20260221_142835_run1
multirocket_fm,DailyOilGasPrices,2.2099354198272,0.961506141118894,1.486585153910532,0.3172467851187163,251.18188786506653,20260221_143247_run1
multirocket_fm,DhakaHourlyAirQuality,10.895355441390516,1.6703965457869168,3.3008113307777096,0.9973358405641657,142.82759070396423,20260221_143511_run1
multirocket_fm,ElectricityPredictor,207492.34587970685,186.64366065597744,455.5132773912379,0.21434515272599808,196.4021725654602,20260221_143836_run1
multirocket_fm,EthereumSentiment,0.05050369863217594,0.17273116442577863,0.22473027974034995,0.298255344211647,216.33344101905823,20260221_144212_run1
multirocket_fm,GasSensorArrayAcetone,0.006603053574679065,0.037161314184174565,0.08125917532610742,0.9260187439613861,95.00351047515869,20260221_144531_run1
multirocket_fm,GasSensorArrayEthanol,0.019063307572794758,0.052259442054107375,0.13806993725208525,0.831356032593666,95.637859582901,20260221_144850_run1
multirocket_fm,HotwaterPredictor,1032192.3674401911,579.4610799349623,1015.9686842812583,0.4071630962402829,186.6875274181366,20260221_145200_run1
multirocket_fm,IronConcentration,2751.597739099802,33.78931023307469,52.45567404103966,0.6006433019430932,110.78015565872192,20260221_145414_run1
multirocket_fm,LPGasMonitoringHomeActivity,1.4829817025055023,0.8522904141527545,1.2177773616328653,0.13947008655667525,260.20686054229736,20260221_145842_run1
multirocket_fm,MadridPM10Quality_nmv,55.049485728418354,5.56368899467029,7.419534064105263,0.6780748871569923,270.54037594795227,20260221_150421_run1
multirocket_fm,MagnesiumConcentration,10839.273968526682,43.61535708458506,104.11183395045292,0.9450231586570655,152.53786396980286,20260221_151005_run1
multirocket_fm,ManganeseConcentration,4855.932897904419,45.96575214784042,69.68452409182702,0.568552082265638,113.47265863418579,20260221_151221_run1
multirocket_fm,MethaneMonitoringHomeActivity,0.2650961491371278,0.3325245770952206,0.5148748868775092,0.20301521730160244,253.42583084106445,20260221_151643_run1
multirocket_fm,MetroInterstateTrafficVolume,282615.1498574784,446.7755023276969,531.6156034744263,0.024605673051123933,340.9103271961212,20260221_152225_run1
multirocket_fm,NaturalGasPricesSentiment,0.002334918743311453,0.041035182979549625,0.048320996919677194,0.7128264487395752,79.53738069534302,20260221_152345_run1
multirocket_fm,OccupancyDetectionLight,5186.623922032047,32.30533761044871,72.0182193756,0.8707556457834633,304.0664303302765,20260221_152850_run1
multirocket_fm,ParkingBirmingham_eq,0.011435449664273359,0.06314658373203999,0.10693666192785971,0.7904348486091609,210.4472975730896,20260221_153222_run1
multirocket_fm,PhosphorusConcentration,218.50570192920216,4.407949761487466,14.781938368468532,0.6754540870582838,156.88481831550598,20260221_153813_run1
multirocket_fm,PotassiumConcentration,15094.059308540427,39.02643504480468,122.8578825657533,0.7521719363784737,153.7518172264099,20260221_154358_run1
multirocket_fm,PrecipitationAndalusia_nmv,0.16284924431651818,0.22789507795419145,0.4035458391763173,0.6299531163673058,219.49963665008545,20260221_154753_run1
multirocket_fm,SierraNevadaMountainsSnow,935.7178842717013,16.069588465351313,30.589506113562887,0.8853448574191213,129.8907253742218,20260221_155003_run1
multirocket_fm,SodiumConcentration,2212.4298863842305,27.544901072692877,47.036474000335424,-0.08653047292619243,110.08689856529236,20260221_155216_run1
multirocket_fm,SolarRadiationAndalusia_nmv,0.39030738324388603,0.48181826341951095,0.6247458549233328,0.3597288260906676,160.22429084777832,20260221_155510_run1
multirocket_fm,SteamPredictor,994081000.8971761,9362.865611684922,31529.05011092431,0.001201177457029079,195.9150357246399,20260221_155829_run1
multirocket_fm,SulphurConcentration,94872.75866737783,39.875817005477025,308.01421828769173,-0.010855532193350337,114.52839875221252,20260221_160104_run1
multirocket_fm,WaveDataTension,230.14266448178896,12.323103320483817,15.170453667632652,0.3396435180400522,164.08185625076294,20260221_160645_run1
multirocket_fm,WindTurbinePower,6378.52023850721,57.70929003689128,79.86563865960886,0.9922493766304432,90.28436064720154,20260221_160820_run1
multirocket_fm,ZincConcentration,3.828409286922331,0.8244369292798468,1.9566321286645405,0.13164321980344773,114.58956027030945,20260221_161055_run1
multirocket_fm,AcousticContaminationMadrid_nmv,14.315843804013399,2.6521908018324103,3.783628391374264,0.6362919962300476,155.18984723091125,20260221_163655_run2
multirocket_fm,AluminiumConcentration,57497.0716544671,153.6500499403212,239.785470065363,0.751211138724213,102.90106582641602,20260221_163913_run2
multirocket_fm,BarCrawl6min,0.002360517552323766,0.03516601970344607,0.04858515773694438,0.20265563982604273,79.01515531539917,20260221_164036_run2
multirocket_fm,BeijingIntAirportPM25Quality,2108.5100378987254,33.62977793728564,45.918515197017484,0.5849642558635832,285.0996687412262,20260221_164523_run2
multirocket_fm,BinanceCoinSentiment,0.0984974067287311,0.2406647949303253,0.3138429650776501,0.09217158606805154,267.5753586292267,20260221_164951_run2
multirocket_fm,BitcoinSentiment,0.02476129675361435,0.11795531588327883,0.15735722656940274,0.5281886954561849,213.60323429107666,20260221_165325_run2
multirocket_fm,BoronConcentration,16.533571632113652,0.5834685404988956,4.0661494847230655,0.07204741719099916,104.24917149543762,20260221_165544_run2
multirocket_fm,CalciumConcentration,2287252.275932554,752.5555790702459,1512.3664489575779,0.7323024209363378,121.9831714630127,20260221_165829_run2
multirocket_fm,CardanoSentiment,0.06776457604108242,0.182977682649728,0.26031629999115,-0.04584856995231501,83.10702800750732,20260221_165952_run2
multirocket_fm,ChilledWaterPredictor,3350863.1513863388,477.7722710123678,1830.5363015756718,0.011335671331164754,227.85256624221802,20260221_170345_run2
multirocket_fm,CopperConcentration,3.558060948857506,0.8633649848164706,1.8862823088969227,0.3486703326267572,109.48724222183228,20260221_170614_run2
multirocket_fm,Covid19Andalusia,0.00018565347042874593,0.0076034902594922914,0.01362547138372636,0.4796772862173383,95.77846693992615,20260221_170750_run2
multirocket_fm,DailyOilGasPrices,2.7310292934788607,1.0511081245553904,1.6525826132084473,0.5697956956600646,285.2029781341553,20260221_171236_run2
multirocket_fm,DhakaHourlyAirQuality,10.267259863717708,1.9234520394637,3.204256522770564,0.9974406929863852,150.80149793624878,20260221_171509_run2
multirocket_fm,ElectricityPredictor,151527.75590744836,157.8157129266733,389.2656623791114,0.24735050632436018,223.99014163017273,20260221_171902_run2
multirocket_fm,EthereumSentiment,0.06014745918496192,0.18627466552725463,0.24524978936782377,0.23405803044563211,280.1868543624878,20260221_172343_run2
multirocket_fm,GasSensorArrayAcetone,0.013954989808568302,0.05269553459968716,0.11813123976564498,0.8621458486435033,101.23342442512512,20260221_172718_run2
multirocket_fm,GasSensorArrayEthanol,0.006186415473645466,0.03591927136221784,0.0786537696086174,0.9308461076637535,95.21481037139893,20260221_173044_run2
multirocket_fm,HotwaterPredictor,627899.3295839685,472.14321528509913,792.4009903981497,0.644658191878086,189.4631974697113,20260221_173357_run2
multirocket_fm,IronConcentration,2665.978795658918,34.64817634557641,51.63311723747577,0.525815233746106,109.9098699092865,20260221_173610_run2
multirocket_fm,LPGasMonitoringHomeActivity,1.4751376018435096,0.857424390231108,1.2145524286104366,0.12950924308354583,257.03766226768494,20260221_174035_run2
multirocket_fm,MadridPM10Quality_nmv,58.945833138178564,5.736989055808439,7.677618975840008,0.6374910737324588,281.9126205444336,20260221_174623_run2
multirocket_fm,MagnesiumConcentration,26313.815121795215,48.814046964408746,162.21533565540346,0.8820876076952999,154.45900058746338,20260221_175211_run2
multirocket_fm,ManganeseConcentration,4748.6511353874175,50.93834040222997,68.9104573732276,0.5751910891770576,108.34186959266663,20260221_175422_run2
multirocket_fm,MethaneMonitoringHomeActivity,0.25857662820926897,0.33699022662397293,0.50850430500564,0.2486453004978968,258.8730788230896,20260221_175848_run2
multirocket_fm,MetroInterstateTrafficVolume,296598.08695991803,456.7251415792665,544.6081958251436,0.016625700157195444,358.48706579208374,20260221_180448_run2
multirocket_fm,NaturalGasPricesSentiment,0.002663756862731667,0.03941317583442659,0.05161159620406704,0.6960946793979323,78.30076766014099,20260221_180606_run2
multirocket_fm,OccupancyDetectionLight,3909.5469929278365,29.77803594800725,62.52637038024706,0.9193563116352061,300.543927192688,20260221_181109_run2
multirocket_fm,ParkingBirmingham_eq,0.012539626290580612,0.06498140100138787,0.11198047280923853,0.7407260470220677,208.8461344242096,20260221_181439_run2
multirocket_fm,PhosphorusConcentration,444.3548738793157,5.939897494754791,21.07972660826785,0.5405966145362456,160.43049263954163,20260221_182033_run2
multirocket_fm,PotassiumConcentration,89281.15089134661,64.53746600944793,298.79951621672114,0.42397126314098343,159.61392736434937,20260221_182625_run2
multirocket_fm,PrecipitationAndalusia_nmv,0.1701822095722419,0.2530513297708595,0.41253146494811993,0.5679078759301817,221.00884890556335,20260221_183021_run2
multirocket_fm,SierraNevadaMountainsSnow,3042.528231877169,26.558214219931962,55.15911739574129,0.716677884458776,132.66786432266235,20260221_183235_run2
multirocket_fm,SodiumConcentration,3278.1081176240955,31.887374749822563,57.254765021123745,0.11682650999590216,110.15658926963806,20260221_183447_run2
multirocket_fm,SolarRadiationAndalusia_nmv,0.3354917118858941,0.4625836100621678,0.5792164637559037,0.4086390150143747,154.3603274822235,20260221_183736_run2
multirocket_fm,SteamPredictor,751575820.9131265,7957.24650450665,27414.883200793076,0.015792812637726694,202.63815665245056,20260221_184101_run2
multirocket_fm,SulphurConcentration,99427.69297300251,44.08089970941194,315.32157073851215,0.01769167381258019,112.63624668121338,20260221_184334_run2
multirocket_fm,WaveDataTension,234.1268441033258,12.317082605673386,15.301204008290517,0.3090983735646913,168.16030859947205,20260221_184933_run2
multirocket_fm,WindTurbinePower,8249.038790567323,58.59805773901381,90.82421918501322,0.9892492863708208,89.05257368087769,20260221_185107_run2
multirocket_fm,ZincConcentration,2.0130790109614227,0.7203805573148876,1.418830155783779,0.05177157087799378,111.53979182243347,20260221_185338_run2
multirocket_fm,AcousticContaminationMadrid_nmv,10.33594865310442,2.4007924609714077,3.2149570219684773,0.7487020033013287,152.5722165107727,20260221_191807_run3
multirocket_fm,AluminiumConcentration,50927.48822304218,144.37483262577763,225.67119493422766,0.7404302894903269,105.88743185997009,20260221_192028_run3
multirocket_fm,BarCrawl6min,0.0014201744331726355,0.026320947830912902,0.03768520177964602,0.46664006311312123,82.10128688812256,20260221_192154_run3
multirocket_fm,BeijingIntAirportPM25Quality,1867.4104013620013,31.289417166494378,43.21354418885358,0.6255901751469524,252.49685645103455,20260221_192609_run3
multirocket_fm,BinanceCoinSentiment,0.11944282152780294,0.25551517016104114,0.3456050079611158,-0.014783905769070405,248.86186861991882,20260221_193018_run3
multirocket_fm,BitcoinSentiment,0.0379134689645372,0.13922374545001984,0.19471381297827126,0.2723430598580292,202.00816464424133,20260221_193341_run3
multirocket_fm,BoronConcentration,0.6243211401146904,0.24955379415850276,0.790139949701754,0.15959632271667257,107.00555324554443,20260221_193603_run3
multirocket_fm,CalciumConcentration,10645137.399947021,984.6410135191273,3262.688676528458,0.49719810274643617,117.07701110839844,20260221_193840_run3
multirocket_fm,CardanoSentiment,0.0972844151166637,0.23490616038206855,0.3119044967881414,-0.06243566921166477,78.50666165351868,20260221_193958_run3
multirocket_fm,ChilledWaterPredictor,3221934.4491550657,428.6754703233569,1794.9747767461986,0.07360176314175093,211.0309727191925,20260221_194334_run3
multirocket_fm,CopperConcentration,4.163625924813561,0.8023271227052603,2.04049648978222,0.19541529074291197,103.68806409835815,20260221_194553_run3
multirocket_fm,Covid19Andalusia,6.754596049963182e-05,0.005773240076340735,0.008218634953545013,0.9425167514865744,94.2404055595398,20260221_194728_run3
multirocket_fm,DailyOilGasPrices,1.4979269091071048,0.8405669137340851,1.223898242954497,0.6068837938952479,272.4468197822571,20260221_195200_run3
multirocket_fm,DhakaHourlyAirQuality,10.764134286609002,1.6569402892296503,3.280874012608378,0.9972871086370908,142.4599061012268,20260221_195425_run3
multirocket_fm,ElectricityPredictor,239822.13214172798,219.70335593380784,489.7163792867541,0.18070949406001147,212.49452352523804,20260221_195806_run3
multirocket_fm,EthereumSentiment,0.06669899533212634,0.19959306890819675,0.25826148635080365,0.1876346780551127,250.54546356201172,20260221_200217_run3
multirocket_fm,GasSensorArrayAcetone,0.006926479149720352,0.03384661990836321,0.08322547176027512,0.9275581143761505,99.66374206542969,20260221_200542_run3
multirocket_fm,GasSensorArrayEthanol,0.008951798077418166,0.03849735840937813,0.0946139422993153,0.9095120437354519,97.40821576118469,20260221_200906_run3
multirocket_fm,HotwaterPredictor,1070467.5049382583,611.9578839692443,1034.633995642062,0.5102242675364967,205.50426149368286,20260221_201235_run3
multirocket_fm,IronConcentration,2833.076638926137,35.342435714638746,53.22665346352462,0.5343384704282261,113.80055713653564,20260221_201452_run3
multirocket_fm,LPGasMonitoringHomeActivity,1.5255851534288163,0.8543813271532074,1.235145802498157,0.10415822771585848,276.5943353176117,20260221_201936_run3
multirocket_fm,MadridPM10Quality_nmv,55.72010578451817,5.559895508327143,7.464590128367274,0.6798120066861555,279.63028359413147,20260221_202526_run3
multirocket_fm,MagnesiumConcentration,8347.478758024494,42.19716376243329,91.36453774865002,0.961863580966895,164.67968893051147,20260221_203129_run3
multirocket_fm,ManganeseConcentration,5548.044463199187,49.014838730273034,74.48519626878341,0.5558997396747364,112.38246870040894,20260221_203345_run3
multirocket_fm,MethaneMonitoringHomeActivity,0.26519572098644145,0.3240185910763641,0.5149715729886859,0.26959747669418255,265.1128716468811,20260221_203818_run3
multirocket_fm,MetroInterstateTrafficVolume,268318.0453636298,444.97410035851885,517.9942522496074,0.011552429205918036,322.67098784446716,20260221_204343_run3
multirocket_fm,NaturalGasPricesSentiment,0.003398127537853664,0.05141694990138374,0.05829346050676408,0.3633805333880501,80.85600638389587,20260221_204504_run3
multirocket_fm,OccupancyDetectionLight,3863.6839935650773,29.336617908612737,62.15853918461306,0.9165762937556416,304.3570740222931,20260221_205009_run3
multirocket_fm,ParkingBirmingham_eq,0.012200321769018783,0.06408726605286676,0.11045506674217703,0.7681705571019073,203.8739631175995,20260221_205334_run3
multirocket_fm,PhosphorusConcentration,231.1989996940546,4.78833748866611,15.20522935354987,0.6370966981994097,158.10495734214783,20260221_205931_run3
multirocket_fm,PotassiumConcentration,11199.899513315935,42.36815522816292,105.82957768656141,0.8620774506012272,153.0054531097412,20260221_210520_run3
multirocket_fm,PrecipitationAndalusia_nmv,0.11780552424731044,0.20899858654345208,0.3432280936160536,0.6774641906073691,227.0642683506012,20260221_210923_run3
multirocket_fm,SierraNevadaMountainsSnow,1418.7893496385057,20.35402683475117,37.666820275124174,0.8544171826264044,125.29267930984497,20260221_211129_run3
multirocket_fm,SodiumConcentration,160418.6093109899,75.47427781798147,400.5229198322986,0.05005422000704707,113.84708142280579,20260221_211347_run3
multirocket_fm,SolarRadiationAndalusia_nmv,0.46724115365247815,0.510575701319431,0.6835504031543528,0.30470566237312124,160.39716458320618,20260221_211642_run3
multirocket_fm,SteamPredictor,755343810.908294,10174.887546277492,27483.518896027377,0.19098515198225985,215.86118459701538,20260221_212021_run3
multirocket_fm,SulphurConcentration,54066.35869005735,32.97394653709771,232.5217381021769,0.040655824972746224,115.14084315299988,20260221_212256_run3
multirocket_fm,WaveDataTension,216.9737037948215,11.803578467291556,14.730027284252445,0.31759052809123567,167.2900686264038,20260221_212854_run3
multirocket_fm,WindTurbinePower,8502.303414791786,60.50291128344145,92.20793574737364,0.9886154393652484,93.0420560836792,20260221_213031_run3
multirocket_fm,ZincConcentration,3.0265947546824634,0.85342162085628,1.739711112421388,0.1692458564397331,116.3554630279541,20260221_213309_run3
multirocket_fm,AcousticContaminationMadrid_nmv,12.943576677557814,2.7371216668022993,3.5977182598916517,0.6799437808419042,172.6947057247162,20260221_215949_run4
multirocket_fm,AluminiumConcentration,54552.648147920416,154.10830162734584,233.5650833235148,0.7374800013007419,110.74818873405457,20260221_220220_run4
multirocket_fm,BarCrawl6min,0.0018345994415741036,0.03247641064844022,0.04283222433605455,0.4711129482044454,87.42241764068604,20260221_220352_run4
multirocket_fm,BeijingIntAirportPM25Quality,2330.666541474147,33.78292484337327,48.27697734401095,0.5952862976624813,290.4914360046387,20260221_220844_run4
multirocket_fm,BinanceCoinSentiment,0.0982155963495884,0.22862411928244786,0.313393676307593,-0.05540709007739064,268.75933837890625,20260221_221314_run4
multirocket_fm,BitcoinSentiment,0.04454846617663609,0.13291195962631702,0.2110650756914466,0.3532283861188362,206.17336344718933,20260221_221640_run4
multirocket_fm,BoronConcentration,16.067330551008265,0.6004716648533582,4.008407483154409,0.07879540708797217,106.60234522819519,20260221_221902_run4
multirocket_fm,CalciumConcentration,2189539.754476524,728.4771890357852,1479.7093479722712,0.7368610900198795,118.93236088752747,20260221_222142_run4
multirocket_fm,CardanoSentiment,0.07375126898410775,0.21658748718030524,0.2715718486590754,-0.06721998812414776,84.0929503440857,20260221_222306_run4
multirocket_fm,ChilledWaterPredictor,365547.6390968378,297.94737421841074,604.6053581443335,0.23632644848605133,198.92206025123596,20260221_222630_run4
multirocket_fm,CopperConcentration,3.186566053112216,0.8211818904696319,1.785095530528329,0.4197699009876984,105.37981081008911,20260221_222851_run4
multirocket_fm,Covid19Andalusia,0.00011489682478913385,0.006506428964034469,0.010718993646286663,0.9119607631245875,95.0691659450531,20260221_223027_run4
multirocket_fm,DailyOilGasPrices,2.6601471149766938,1.0731462039443271,1.6309957433962523,0.5538585108203196,270.2155499458313,20260221_223457_run4
multirocket_fm,DhakaHourlyAirQuality,12.003641668589863,1.8482509434895042,3.464627204850453,0.9970437055328057,140.4844365119934,20260221_223720_run4
multirocket_fm,ElectricityPredictor,148069.6115260009,165.33185289870477,384.79814387026465,0.21375967835063514,199.71606540679932,20260221_224048_run4
multirocket_fm,EthereumSentiment,0.04455603431387034,0.1705594776369701,0.21108300337514233,0.24046912547692723,243.55350279808044,20260221_224452_run4
multirocket_fm,GasSensorArrayAcetone,0.009572227670356868,0.036570536896293304,0.09783776198563042,0.8979301226047436,95.56337833404541,20260221_224812_run4
multirocket_fm,GasSensorArrayEthanol,0.009189365876911998,0.0387287607264547,0.09586118023951092,0.9279265421418667,97.82544493675232,20260221_225135_run4
multirocket_fm,HotwaterPredictor,1329883.2551516471,646.2235055074182,1153.2056430453536,0.4129178270091002,193.7374770641327,20260221_225453_run4
multirocket_fm,IronConcentration,2270.100392020598,34.6970249283832,47.64557053935442,0.5633122492967647,114.57791066169739,20260221_225710_run4
multirocket_fm,LPGasMonitoringHomeActivity,1.562422165965978,0.8757454386944051,1.2499688659986607,0.11954388983043118,257.9417335987091,20260221_230136_run4
multirocket_fm,MadridPM10Quality_nmv,63.009019123778515,5.906293327565114,7.9378220642553154,0.6338683340956011,269.8128705024719,20260221_230716_run4
multirocket_fm,MagnesiumConcentration,29119.624719647705,49.24465969832668,170.6447324696772,0.8595539134439671,159.1816999912262,20260221_231312_run4
multirocket_fm,ManganeseConcentration,5668.672130640922,51.620364220536274,75.29058460817609,0.5397849030461801,108.41463804244995,20260221_231523_run4
multirocket_fm,MethaneMonitoringHomeActivity,0.3108552340319633,0.34220229829822696,0.5575439301364183,0.20378723422864287,267.7240433692932,20260221_231959_run4
multirocket_fm,MetroInterstateTrafficVolume,297314.70867426693,464.8978698451769,545.2657229959233,0.02821934763259737,345.9936807155609,20260221_232546_run4
multirocket_fm,NaturalGasPricesSentiment,0.0033692720832515567,0.049368792733216635,0.058045431200496364,0.44740221296366434,79.69125032424927,20260221_232706_run4
multirocket_fm,OccupancyDetectionLight,5351.084325631301,34.37479597347323,73.15110611351889,0.8654376518396474,296.2253007888794,20260221_233203_run4
multirocket_fm,ParkingBirmingham_eq,0.011755376198682681,0.06241151079158678,0.10842221266273198,0.7694980660199158,217.7299404144287,20260221_233542_run4
multirocket_fm,PhosphorusConcentration,120.85311145182678,4.491644884409728,10.993321220260363,0.7821903319338492,172.78547263145447,20260221_234149_run4
multirocket_fm,PotassiumConcentration,39411.02680397854,60.02792991202257,198.52210658760032,0.6517362004045155,170.3665189743042,20260221_234752_run4
multirocket_fm,PrecipitationAndalusia_nmv,0.07475474540500707,0.19404528454264106,0.27341314051268106,0.744682645680015,229.4097867012024,20260221_235157_run4
multirocket_fm,SierraNevadaMountainsSnow,1122.5494012929828,17.713250035385787,33.50446837800867,0.8692821522374176,121.29555535316467,20260221_235400_run4
multirocket_fm,SodiumConcentration,16353.73764123579,39.54282765590481,127.88173302405544,0.09120504375975746,111.57431101799011,20260221_235614_run4
multirocket_fm,SolarRadiationAndalusia_nmv,0.3805434610718293,0.4845366352049644,0.6168820479409571,0.39791000871405535,157.55508732795715,20260221_235905_run4
multirocket_fm,SteamPredictor,1186278186.0215726,10313.7017278172,34442.38937735843,0.09229752676988556,203.91555070877075,20260222_000232_run4
multirocket_fm,SulphurConcentration,13505.346581939724,17.8567624396479,116.21250613397736,0.06293553029617915,113.19837069511414,20260222_000506_run4
multirocket_fm,WaveDataTension,221.18611308783358,12.111869771203022,14.87232709053407,0.3171787772792426,167.42661809921265,20260222_001055_run4
multirocket_fm,WindTurbinePower,8093.329030180834,59.62534281897045,89.96293142278564,0.9895519395329092,89.89719128608704,20260222_001229_run4
multirocket_fm,ZincConcentration,1.487179180711076,0.7243173576140279,1.2194995615870783,0.31219304898997147,113.54637455940247,20260222_001503_run4
multirocket_fm,AcousticContaminationMadrid_nmv,11.365089143434949,2.6245897081163188,3.371214787496482,0.7369022097615735,164.76641535758972,20260222_003844_run5
multirocket_fm,AluminiumConcentration,47850.788767346574,151.27902924423623,218.74823146107164,0.795309698599352,102.94021463394165,20260222_004103_run5
multirocket_fm,BarCrawl6min,0.0023124137274486327,0.036190939500747095,0.048087563126536496,0.06483899477202881,84.64973449707031,20260222_004232_run5
multirocket_fm,BeijingIntAirportPM25Quality,2382.318865788608,34.01449840082287,48.8090039417791,0.6120966763630661,280.2235951423645,20260222_004714_run5
multirocket_fm,BinanceCoinSentiment,0.09977359734901914,0.22849603237675722,0.3158695891487801,-0.028969046281213107,240.3790934085846,20260222_005114_run5
multirocket_fm,BitcoinSentiment,0.03684850225968799,0.13438036372846365,0.19195963705864832,0.3277134330365937,212.57103729248047,20260222_005447_run5
multirocket_fm,BoronConcentration,0.9197220085374996,0.2796030390015942,0.9590213806466984,0.31253489462924566,101.81919598579407,20260222_005704_run5
multirocket_fm,CalciumConcentration,5603971.41857977,834.3179100635788,2367.270879848728,0.7094751660214323,116.59965658187866,20260222_005941_run5
multirocket_fm,CardanoSentiment,0.0734767497512705,0.19686595315897104,0.27106595092573044,-0.08426490562551248,79.40910220146179,20260222_010100_run5
multirocket_fm,ChilledWaterPredictor,6172253.347401593,540.2382249986085,2484.402010022048,0.028641374670923092,197.72209906578064,20260222_010423_run5
multirocket_fm,CopperConcentration,3.7186351167761047,0.8687656315113501,1.9283762902442316,0.34660001796584594,103.50011563301086,20260222_010642_run5
multirocket_fm,Covid19Andalusia,0.00013882832827726197,0.006610699890884672,0.01178254337048084,0.8300373318338556,89.29512429237366,20260222_010812_run5
multirocket_fm,DailyOilGasPrices,2.130916351152734,1.0257707187521048,1.4597658549071266,0.46421529652130433,273.32931756973267,20260222_011245_run5
multirocket_fm,DhakaHourlyAirQuality,6.458520364178386,1.6903493444060869,2.5413619112944907,0.998325619545046,142.358638048172,20260222_011509_run5
multirocket_fm,ElectricityPredictor,221329.450879467,205.1925329091802,470.45664080706416,-0.11049841196485688,194.30455899238586,20260222_011832_run5
multirocket_fm,EthereumSentiment,0.06718336498550803,0.18253112727364645,0.25919754046963495,0.20353817944777164,237.19218158721924,20260222_012229_run5
multirocket_fm,GasSensorArrayAcetone,0.0059268246300538795,0.03628110288469283,0.07698587292519245,0.9369267642097472,95.27412557601929,20260222_012548_run5
multirocket_fm,GasSensorArrayEthanol,0.008567695542188553,0.040663553204711725,0.09256184711958028,0.9240187897313276,95.403324842453,20260222_012906_run5
multirocket_fm,HotwaterPredictor,970814.3964318086,561.287857134777,985.2991405820917,0.5461691818083274,189.1436505317688,20260222_013219_run5
multirocket_fm,IronConcentration,2403.8746068472574,32.7250366165327,49.02932394850308,0.6264711166539876,111.34990429878235,20260222_013434_run5
multirocket_fm,LPGasMonitoringHomeActivity,1.6653036282826172,0.8855160740366392,1.2904664382627768,0.12189752585671587,263.772540807724,20260222_013905_run5
multirocket_fm,MadridPM10Quality_nmv,60.32887665166227,5.667676760095447,7.767166578081242,0.644090848028551,286.98249197006226,20260222_014459_run5
multirocket_fm,MagnesiumConcentration,10460.951775787777,43.71879366635493,102.27879436025718,0.9403574639631155,168.24085974693298,20260222_015100_run5
multirocket_fm,ManganeseConcentration,6478.458923080767,51.4387388921406,80.48887452984273,0.5127928249212333,112.08894562721252,20260222_015315_run5
multirocket_fm,MethaneMonitoringHomeActivity,0.2845892855199764,0.34000599254836283,0.5334691045599327,0.2677349173569574,263.9480655193329,20260222_015747_run5
multirocket_fm,MetroInterstateTrafficVolume,275527.72346922645,448.7929948362586,524.9073475092785,0.025671503608254986,312.6771137714386,20260222_020301_run5
multirocket_fm,NaturalGasPricesSentiment,0.0037581999715508864,0.04965846987737048,0.061304159496325256,0.610509530784914,78.75569367408752,20260222_020420_run5
multirocket_fm,OccupancyDetectionLight,3293.8848819782133,24.186647621206994,57.392376514465866,0.9201980825826717,289.8090419769287,20260222_020911_run5
multirocket_fm,ParkingBirmingham_eq,0.01074238636508044,0.06293408785897613,0.10364548405541092,0.792876262778689,221.64956068992615,20260222_021254_run5
multirocket_fm,PhosphorusConcentration,1122.3478661080585,6.891700425174855,33.50146065633644,0.242112915540158,168.98891854286194,20260222_021858_run5
multirocket_fm,PotassiumConcentration,29603.135108897048,49.50972739032922,172.0556163247717,0.7305997560271067,169.3499894142151,20260222_022522_run5
multirocket_fm,PrecipitationAndalusia_nmv,0.08300484008577215,0.19480796387191782,0.2881056057867881,0.6739292675245678,263.0068154335022,20260222_023001_run5
multirocket_fm,SierraNevadaMountainsSnow,2459.093201130752,25.094436834703885,49.58924481307163,0.796281753958422,120.39390301704407,20260222_023203_run5
multirocket_fm,SodiumConcentration,102694.48387169771,55.50844391244357,320.4598007109436,0.10102386315547185,117.7639811038971,20260222_023426_run5
multirocket_fm,SolarRadiationAndalusia_nmv,0.32128907678533775,0.43642781180386253,0.5668236734517514,0.40584973159524673,169.67890000343323,20260222_023731_run5
multirocket_fm,SteamPredictor,1272457327.744883,9621.069988593637,35671.519840692,0.008245561346862162,228.64268898963928,20260222_024123_run5
multirocket_fm,SulphurConcentration,48443.28191930316,25.731985031068007,220.0983460167367,0.02982083797954116,122.74306201934814,20260222_024411_run5
multirocket_fm,WaveDataTension,232.14470469969245,12.254846441558762,15.236295635740744,0.29032084697039284,192.5392243862152,20260222_025059_run5
multirocket_fm,WindTurbinePower,6554.290376632224,52.55867515983808,80.95857197747638,0.9921344245330865,96.02031230926514,20260222_025240_run5
multirocket_fm,ZincConcentration,1.9562093935616065,0.8287124856359671,1.3986455568018676,0.11265786706283099,117.12027645111084,20260222_025518_run5
multirocket_fm,AcousticContaminationMadrid_nmv,8.375655428591156,2.4049182467990446,2.8940724642951072,0.7983524313297766,151.8505220413208,20260222_031904_run6
multirocket_fm,AluminiumConcentration,44529.32477549087,131.87394919937375,211.0197260340627,0.7999743474655013,104.33296322822571,20260222_032123_run6
multirocket_fm,BarCrawl6min,0.001726440522573976,0.02785581729525123,0.041550457549514135,0.376738689708624,85.7397882938385,20260222_032253_run6
multirocket_fm,BeijingIntAirportPM25Quality,2391.7878555387715,34.10624509814095,48.90590818642234,0.600225488749206,232.91802310943604,20260222_032648_run6
multirocket_fm,BinanceCoinSentiment,0.11378594231339069,0.24479419505913047,0.33732171930279065,0.10211990529215065,228.71694087982178,20260222_033037_run6
multirocket_fm,BitcoinSentiment,0.04271294290078251,0.1374035355312228,0.20667109836835557,0.24722390078038736,218.23154473304749,20260222_033415_run6
multirocket_fm,BoronConcentration,16.872098892359805,0.5860069912735136,4.107566054533975,0.058305993819852464,105.67379140853882,20260222_033636_run6
multirocket_fm,CalciumConcentration,1650090.0870588343,621.9864518889583,1284.5583237279786,0.8038798815721605,117.89550876617432,20260222_033913_run6
multirocket_fm,CardanoSentiment,0.06226947127305244,0.19799933460336744,0.24953851661227058,-0.12070252239597457,80.68295741081238,20260222_034034_run6
multirocket_fm,ChilledWaterPredictor,10622514.920571283,735.4087643007867,3259.219986526114,0.01774910162328358,195.16178345680237,20260222_034354_run6
multirocket_fm,CopperConcentration,3.2490790007732233,0.9355179568483399,1.8025201804066504,0.35843473841039675,101.90641117095947,20260222_034610_run6
multirocket_fm,Covid19Andalusia,0.00013055372193863273,0.007086458956230175,0.011426010762231617,0.8978740210666182,91.27331709861755,20260222_034742_run6
multirocket_fm,DailyOilGasPrices,1.733856654992752,0.9217217747480021,1.3167599078771923,0.6299713761368073,229.49201941490173,20260222_035132_run6
multirocket_fm,DhakaHourlyAirQuality,45.190278255291524,2.255107263308088,6.722371475550241,0.9889950328874385,153.32422280311584,20260222_035408_run6
multirocket_fm,ElectricityPredictor,161979.3209596367,178.04024371225154,402.4665463857048,0.0396841825387142,189.60312914848328,20260222_035726_run6
multirocket_fm,EthereumSentiment,0.056597606125142294,0.17232304608972276,0.2379025139109343,0.2308507176840795,247.57872223854065,20260222_040133_run6
multirocket_fm,GasSensorArrayAcetone,0.005192598257016602,0.03606017526501091,0.07205968537966706,0.9422425808618501,94.20463514328003,20260222_040451_run6
multirocket_fm,GasSensorArrayEthanol,0.010419907901809161,0.051113821404495476,0.10207795012542699,0.9087100632608041,98.17942953109741,20260222_040813_run6
multirocket_fm,HotwaterPredictor,801732.3158880782,497.29530430689744,895.3950613489434,0.660083653194699,197.0653796195984,20260222_041134_run6
multirocket_fm,IronConcentration,4791.736619645235,38.63042237862296,69.22237080341321,0.3337571352812052,113.56083631515503,20260222_041351_run6
multirocket_fm,LPGasMonitoringHomeActivity,1.451835029894607,0.8522106302209334,1.204921171651742,0.1544103894596398,263.719256401062,20260222_041822_run6
multirocket_fm,MadridPM10Quality_nmv,56.86004855514504,5.68428777397628,7.5405602282022155,0.649976052964969,280.5143780708313,20260222_042409_run6
multirocket_fm,MagnesiumConcentration,9018.917107169047,46.38018097654836,94.9679793781517,0.9602018065354747,158.72959804534912,20260222_043001_run6
multirocket_fm,ManganeseConcentration,6637.3441979647005,51.41614867467466,81.46989749572968,0.49018991546710255,115.51352119445801,20260222_043220_run6
multirocket_fm,MethaneMonitoringHomeActivity,0.21983867097991372,0.3157470913352659,0.4688695671291897,0.3515445505022212,260.93240308761597,20260222_043648_run6
multirocket_fm,MetroInterstateTrafficVolume,317460.464338031,469.3951145119863,563.4363001600367,0.0404145202959989,398.80492901802063,20260222_044328_run6
multirocket_fm,NaturalGasPricesSentiment,0.003071822886820822,0.04598689703726686,0.05542402806383547,0.6828150763186644,81.12852549552917,20260222_044449_run6
multirocket_fm,OccupancyDetectionLight,4274.312828751195,24.86060089157788,65.37822901204342,0.8730840255212995,312.09523344039917,20260222_045003_run6
multirocket_fm,ParkingBirmingham_eq,0.011323876367342242,0.06247646501627795,0.1064137038512533,0.7763909240246331,204.83781385421753,20260222_045329_run6
multirocket_fm,PhosphorusConcentration,64.1082820810693,3.6267870625199214,8.006764769934815,0.8142593921178968,167.81571197509766,20260222_045931_run6
multirocket_fm,PotassiumConcentration,20160.613504188284,42.38863261758266,141.98807521826714,0.6750730368836879,164.5717432498932,20260222_050529_run6
multirocket_fm,PrecipitationAndalusia_nmv,0.1471228162050481,0.22725762222133247,0.3835659215898202,0.6613153544270888,226.53147268295288,20260222_050931_run6
multirocket_fm,SierraNevadaMountainsSnow,2218.7086932363977,21.41025707545032,47.10317073442506,0.7753677219944305,124.49556183815002,20260222_051136_run6
multirocket_fm,SodiumConcentration,18439.67896222774,47.56226015309819,135.79277949223862,-1.9104441458173387,109.74874949455261,20260222_051348_run6
multirocket_fm,SolarRadiationAndalusia_nmv,0.3875662551949407,0.4905578265449885,0.6225481950780524,0.34879372849155266,163.6786069869995,20260222_051646_run6
multirocket_fm,SteamPredictor,269214347.58083016,6451.137758582049,16407.752666981243,0.060334796620514886,189.22051692008972,20260222_051959_run6
multirocket_fm,SulphurConcentration,60338.484955307504,33.59507939984787,245.63893208387694,0.043732799544411005,114.42713570594788,20260222_052233_run6
multirocket_fm,WaveDataTension,189.95076474274313,11.029875615422116,13.782262685885186,0.37273425259502346,175.23944330215454,20260222_052831_run6
multirocket_fm,WindTurbinePower,10661.400430510943,66.40804053051559,103.25405769513827,0.9862348264704505,90.06456780433655,20260222_053006_run6
multirocket_fm,ZincConcentration,2.0508518006551943,0.7938250010016077,1.4320795371260615,0.16532133281024186,113.09434986114502,20260222_053239_run6
multirocket_fm,AcousticContaminationMadrid_nmv,8.928181357011262,2.3731916639539925,2.9880062511666976,0.77712873041962,158.03344225883484,20260222_055621_run7
multirocket_fm,AluminiumConcentration,46797.264225145824,141.67794581111525,216.3267533735618,0.7953671571124654,103.35357451438904,20260222_055839_run7
multirocket_fm,BarCrawl6min,0.0022515478968930113,0.03560678176409405,0.04745047836316312,0.3195405250890163,84.04787087440491,20260222_060008_run7
multirocket_fm,BeijingIntAirportPM25Quality,2399.8312454840816,34.62318876368851,48.988072481820325,0.5990500644983018,267.3020570278168,20260222_060437_run7
multirocket_fm,BinanceCoinSentiment,0.1315312627332857,0.2723857546418528,0.3626723903653071,-0.11832416006578739,243.24584245681763,20260222_060841_run7
multirocket_fm,BitcoinSentiment,0.030573547514934196,0.13149161278545857,0.17485293110192404,0.5109914311364828,215.63231921195984,20260222_061217_run7
multirocket_fm,BoronConcentration,0.12863206995720722,0.20109664991001025,0.35865313320422454,0.5951351054777243,102.1650538444519,20260222_061434_run7
multirocket_fm,CalciumConcentration,10403281.066720665,1018.4239843015023,3225.4117670028836,0.5174399856940661,116.3645851612091,20260222_061710_run7
multirocket_fm,CardanoSentiment,0.11207014358073486,0.2646176372282433,0.33476879122871483,-0.18053556487040323,79.50702357292175,20260222_061830_run7
multirocket_fm,ChilledWaterPredictor,181895.44106134676,278.3841320988331,426.49201758221307,0.32012830791617175,207.77913856506348,20260222_062202_run7
multirocket_fm,CopperConcentration,3.241213756987884,0.7887601576851792,1.8003371231488519,0.45305283214418945,103.61165261268616,20260222_062420_run7
multirocket_fm,Covid19Andalusia,7.995523206865993e-05,0.0056094560122693414,0.008941768956345268,0.9336327251316184,93.37299823760986,20260222_062555_run7
multirocket_fm,DailyOilGasPrices,3.6683618415881547,1.2236829612929248,1.915296802479489,0.49493345346193773,243.0207302570343,20260222_062958_run7
multirocket_fm,DhakaHourlyAirQuality,18.291018572388616,1.766757269924325,4.276800038859499,0.9955250125854045,147.4130642414093,20260222_063227_run7
multirocket_fm,ElectricityPredictor,182230.2653622655,175.4534057295295,426.88437001401854,0.1533634619892641,193.01154685020447,20260222_063548_run7
multirocket_fm,EthereumSentiment,0.043332381109879685,0.16167596700993656,0.20816431276729372,0.23876716263975906,242.38568305969238,20260222_063951_run7
multirocket_fm,GasSensorArrayAcetone,0.005666382271525022,0.03558410693622136,0.0752753762629256,0.9378362732793252,95.6391990184784,20260222_064310_run7
multirocket_fm,GasSensorArrayEthanol,0.0062002009339938635,0.03639745303192155,0.07874135466191741,0.9124435762770419,94.76326870918274,20260222_064629_run7
multirocket_fm,HotwaterPredictor,1294546.9001450862,652.6164751707594,1137.7815696103914,0.3507825857413972,188.98645615577698,20260222_064942_run7
multirocket_fm,IronConcentration,2878.196955035206,34.11600856258558,53.648829950290676,0.4796501190059982,113.92779111862183,20260222_065159_run7
multirocket_fm,LPGasMonitoringHomeActivity,1.5107265026203318,0.862718276406116,1.2291161469203518,0.1343214674587223,263.4648129940033,20260222_065630_run7
multirocket_fm,MadridPM10Quality_nmv,57.57501237215938,5.698658395149914,7.587820001302045,0.6422027826694994,291.49242305755615,20260222_070235_run7
multirocket_fm,MagnesiumConcentration,16930.851644487262,46.60024142714929,130.11860606572475,0.9172265436325379,182.4070975780487,20260222_070910_run7
multirocket_fm,ManganeseConcentration,6835.235442732088,52.59468409492658,82.67548271847033,0.544190895978294,118.09446501731873,20260222_071133_run7
multirocket_fm,MethaneMonitoringHomeActivity,0.29354444739833524,0.3316913748702248,0.5417974228420944,0.2302190515812198,297.13347029685974,20260222_071639_run7
multirocket_fm,MetroInterstateTrafficVolume,300684.1496596978,456.3549149186644,548.3467421802538,0.02716333401340343,376.0282988548279,20260222_072257_run7
multirocket_fm,NaturalGasPricesSentiment,0.003045018003817785,0.04581071777393916,0.05518168177772208,0.34012248679692025,87.80820870399475,20260222_072425_run7
multirocket_fm,OccupancyDetectionLight,3127.5594669006905,20.904001362512904,55.92458731989616,0.9066207700168956,330.4504852294922,20260222_072956_run7
multirocket_fm,ParkingBirmingham_eq,0.009424397317182729,0.05614747347225983,0.09707933517068773,0.8098650248853893,164.78173780441284,20260222_073242_run7
multirocket_fm,PhosphorusConcentration,144.30607289723878,4.227753587415483,12.012746267912211,0.7521756416671908,159.40096402168274,20260222_073829_run7
multirocket_fm,PotassiumConcentration,7196.602270937544,36.70583031047371,84.83279006927418,0.866437054178299,153.1278076171875,20260222_074408_run7
multirocket_fm,PrecipitationAndalusia_nmv,0.08487072211059492,0.205870453321732,0.29132580062636904,0.7650977264415542,222.35268473625183,20260222_074805_run7
multirocket_fm,SierraNevadaMountainsSnow,1286.4868581125595,19.767013149786667,35.86762966955803,0.8669976914681496,121.29349493980408,20260222_075007_run7
multirocket_fm,SodiumConcentration,164502.69115706984,79.47536651361185,405.5893134157628,0.0841043558248501,106.3802580833435,20260222_075215_run7
multirocket_fm,SolarRadiationAndalusia_nmv,0.45828988466541076,0.493941601325069,0.6769711106579148,0.29456857689430493,153.58824133872986,20260222_075502_run7
multirocket_fm,SteamPredictor,1682494915.5280182,13505.676854722276,41018.226625830845,0.04161209730030058,184.00707983970642,20260222_075809_run7
multirocket_fm,SulphurConcentration,9636.529960534694,18.135136929217435,98.16582888426447,0.3350711767436214,108.77806973457336,20260222_080037_run7
multirocket_fm,WaveDataTension,208.4950038344072,11.572392777443172,14.439356074091643,0.28796256465466996,162.05814480781555,20260222_080625_run7
multirocket_fm,WindTurbinePower,7884.878480737798,56.79947298197327,88.79683823615454,0.989267625471843,87.09321737289429,20260222_080756_run7
multirocket_fm,ZincConcentration,2.7798219219689724,0.7719668305586771,1.66727979714533,0.18834155274136088,109.4434962272644,20260222_081024_run7
multirocket_fm,AcousticContaminationMadrid_nmv,13.568998243527991,2.713179779052735,3.683612119038593,0.6526490141747352,156.99994230270386,20260222_083324_run8
multirocket_fm,AluminiumConcentration,43867.304836334704,135.9155931957386,209.44523111385158,0.7956077813120968,100.79079055786133,20260222_083538_run8
multirocket_fm,BarCrawl6min,0.0018884631694444157,0.031298621609191384,0.04345645141339104,0.3509596868423137,79.22679948806763,20260222_083701_run8
multirocket_fm,BeijingIntAirportPM25Quality,2404.559436399047,34.989570772580514,49.036307328336285,0.5947877204716236,244.1488049030304,20260222_084107_run8
multirocket_fm,BinanceCoinSentiment,0.1126739334348935,0.24557206603984671,0.3356693811399745,0.050850654774186044,248.67594265937805,20260222_084516_run8
multirocket_fm,BitcoinSentiment,0.02748472276545767,0.12330130622738598,0.1657851705233543,0.44801125570435685,194.80428266525269,20260222_084832_run8
multirocket_fm,BoronConcentration,15.74026160073463,0.492792520696102,3.9673998539011204,0.044116863416878926,99.56757092475891,20260222_085045_run8
multirocket_fm,CalciumConcentration,2438015.16595698,665.5627225948951,1561.414476030301,0.760872211715491,109.11081099510193,20260222_085312_run8
multirocket_fm,CardanoSentiment,0.05693664334686621,0.1893745565515576,0.23861400492608603,-0.023832959412415144,79.14418029785156,20260222_085431_run8
multirocket_fm,ChilledWaterPredictor,200368.10576997124,276.3475507123143,447.62496106670733,0.324562724411094,120.83403730392456,20260222_085637_run8
multirocket_fm,CopperConcentration,1.4927042140395637,0.7470356411030684,1.2217627486707736,0.4337002287931173,74.3483612537384,20260222_085812_run8
multirocket_fm,Covid19Andalusia,0.00016917560753116858,0.008179628377118596,0.013006752382173215,0.8603169738636016,65.48963809013367,20260222_085918_run8
multirocket_fm,DailyOilGasPrices,3.0214027920783058,1.0946367856584747,1.738218280906718,0.4702023078753268,136.2873775959015,20260222_090134_run8
multirocket_fm,DhakaHourlyAirQuality,10.19801315959284,1.8092614950445216,3.1934328174541013,0.9973908231958918,84.4541962146759,20260222_090300_run8
multirocket_fm,ElectricityPredictor,168094.83508671698,159.76497490338977,409.9937012768818,0.23120461840608275,120.15514492988586,20260222_090505_run8
multirocket_fm,EthereumSentiment,0.03413561033040623,0.14456446747367627,0.18475824834200563,0.33870556004230534,132.5977020263672,20260222_090718_run8
multirocket_fm,GasSensorArrayAcetone,0.015180899111514906,0.05502809068075814,0.1232107913760597,0.8490413068300531,71.3118360042572,20260222_090936_run8
multirocket_fm,GasSensorArrayEthanol,0.006154522246125286,0.03704534181985114,0.07845076319657628,0.9131918278468224,68.42980599403381,20260222_091150_run8
multirocket_fm,HotwaterPredictor,1424983.4940104757,711.18967793465,1193.7267250130892,0.5014978671105692,118.46430921554565,20260222_091351_run8
multirocket_fm,IronConcentration,3322.6709597199383,37.055347356962116,57.64261409512877,0.32105362978675345,75.87070751190186,20260222_091521_run8
multirocket_fm,LPGasMonitoringHomeActivity,1.374362312694059,0.8194743031218388,1.1723319976414783,0.13461118390074978,151.1528604030609,20260222_091757_run8
multirocket_fm,MadridPM10Quality_nmv,54.93592962731639,5.5622624512118275,7.41187760471774,0.6559338519035639,175.58702898025513,20260222_092133_run8
multirocket_fm,MagnesiumConcentration,25646.97820016337,49.707658521780516,160.14673958642857,0.879699435743976,98.96331477165222,20260222_092510_run8
multirocket_fm,ManganeseConcentration,4385.998346984581,45.99529657558772,66.22687027924981,0.6013517206643859,76.05498242378235,20260222_092640_run8
multirocket_fm,MethaneMonitoringHomeActivity,0.18783902072949205,0.2981422522608128,0.433403992516788,0.3402296393561349,143.0089783668518,20260222_092908_run8
multirocket_fm,MetroInterstateTrafficVolume,321483.05452220957,465.34116077161815,566.9947570500185,0.028952717329132405,180.711359500885,20260222_093210_run8
multirocket_fm,NaturalGasPricesSentiment,0.002018310078965534,0.03665821371557232,0.044925606050063856,0.6988235459509864,62.28897142410278,20260222_093312_run8
multirocket_fm,OccupancyDetectionLight,2511.4669418992057,22.750618795292997,50.114538228933185,0.9393678043321908,170.89672565460205,20260222_093603_run8
multirocket_fm,ParkingBirmingham_eq,0.0089295567815676,0.057576000817438605,0.09449633210642411,0.8179333159789474,121.12156915664673,20260222_093805_run8
multirocket_fm,PhosphorusConcentration,185.590496676274,5.1439439076586115,13.623160304286007,0.5904432088512976,105.32985949516296,20260222_094151_run8
multirocket_fm,PotassiumConcentration,38248.78467619704,50.40943617483177,195.5729650953757,0.7085510639723083,100.48946690559387,20260222_094530_run8
multirocket_fm,PrecipitationAndalusia_nmv,0.09231896727096622,0.21199071704390976,0.30384036478217674,0.7224923822241015,138.58817410469055,20260222_094758_run8
multirocket_fm,SierraNevadaMountainsSnow,2188.3046644407627,20.31993861469378,46.77931876845539,0.8172577776246803,80.80817651748657,20260222_094919_run8
multirocket_fm,SodiumConcentration,106319.21726574232,50.710457233157975,326.0662774126486,0.08514444700368906,77.09911632537842,20260222_095050_run8
multirocket_fm,SolarRadiationAndalusia_nmv,0.42628170331709264,0.5035692265723483,0.6529025220636635,0.3284184844963235,99.133145570755,20260222_095238_run8
multirocket_fm,SteamPredictor,820835334.8318278,9136.041238496711,28650.22399269904,0.032556757782676415,121.5992751121521,20260222_095441_run8
multirocket_fm,SulphurConcentration,1240.4227970601482,11.90466068954867,35.21963652651952,0.21004368557163733,76.36807465553284,20260222_095623_run8
multirocket_fm,WaveDataTension,198.95439236397573,11.29491058837952,14.105119367235988,0.33473404110855176,95.67818832397461,20260222_095948_run8
multirocket_fm,WindTurbinePower,8660.240263164604,63.705509006669686,93.06041190089695,0.9886940035434857,67.20053625106812,20260222_100058_run8
multirocket_fm,ZincConcentration,1.5627915303754327,0.7093543071961528,1.250116606711323,0.2775739119129971,76.6641845703125,20260222_100240_run8
multirocket_fm,AcousticContaminationMadrid_nmv,15.981619777610142,2.830854352315267,3.997701811992753,0.7184971253740768,97.39344692230225,20260222_101944_run9
multirocket_fm,AluminiumConcentration,65617.65926099711,153.82380229970133,256.15944109284186,0.7616217514464342,71.07458662986755,20260222_102116_run9
multirocket_fm,BarCrawl6min,0.0021115120857347013,0.031750569921085554,0.04595119242995443,0.42971555950581575,59.70337510108948,20260222_102218_run9
multirocket_fm,BeijingIntAirportPM25Quality,2100.9169290080295,31.047996399766305,45.8357603734031,0.6242904080413602,149.74904656410217,20260222_102449_run9
multirocket_fm,BinanceCoinSentiment,0.11254004739397722,0.2641108926619155,0.33546989044320685,0.10817903129401996,148.13114142417908,20260222_102718_run9
multirocket_fm,BitcoinSentiment,0.034748774130410234,0.1283565334558487,0.18641023075574537,0.45109433147425737,131.0792818069458,20260222_102929_run9
multirocket_fm,BoronConcentration,0.07794024651850393,0.16749928966074032,0.2791778044875773,0.4989447850845812,73.56329679489136,20260222_103103_run9
multirocket_fm,CalciumConcentration,2740173.0320026027,751.2479723884622,1655.3468011273658,0.8384284446135547,75.47706317901611,20260222_103244_run9
multirocket_fm,CardanoSentiment,0.08724220179496286,0.22634415987043668,0.2953679092165614,-0.11361808981533228,59.2473258972168,20260222_103343_run9
multirocket_fm,ChilledWaterPredictor,4767005.057057249,477.9345165284085,2183.3472140402337,0.059094820529082104,117.64961099624634,20260222_103544_run9
multirocket_fm,CopperConcentration,4.845023653636223,0.9124739969830034,2.20114144335075,0.3236165970399718,70.98818826675415,20260222_103716_run9
multirocket_fm,Covid19Andalusia,0.0001396077083843059,0.007367421900497946,0.011815570590720784,0.8196993094958684,64.45553278923035,20260222_103821_run9
multirocket_fm,DailyOilGasPrices,2.4375589604280727,0.9926637860155654,1.5612683819344042,0.5227947895829084,147.48846912384033,20260222_104048_run9
multirocket_fm,DhakaHourlyAirQuality,13.509106502563014,1.9012965695293635,3.6754736432959243,0.9968565234745074,97.0938184261322,20260222_104227_run9
multirocket_fm,ElectricityPredictor,193186.1558796512,191.66205170046723,439.52947100240186,0.2363974136119943,114.1104793548584,20260222_104426_run9
multirocket_fm,EthereumSentiment,0.04983409881451712,0.16767749969335358,0.22323552319135304,0.13963412873482506,132.9033989906311,20260222_104639_run9
multirocket_fm,GasSensorArrayAcetone,0.004980602128287339,0.03055702919944971,0.07057338115952316,0.9375017274997876,68.04226303100586,20260222_104853_run9
multirocket_fm,GasSensorArrayEthanol,0.003567050080522895,0.03192166456021368,0.05972478614882514,0.97100440379137,69.17601799964905,20260222_105109_run9
multirocket_fm,HotwaterPredictor,906964.0626541799,588.2769572015134,952.3466084646807,0.33415025121255837,113.74454617500305,20260222_105306_run9
multirocket_fm,IronConcentration,2810.0511452921537,35.08328974806744,53.009915537493114,0.5069974606163178,78.58475613594055,20260222_105438_run9
multirocket_fm,LPGasMonitoringHomeActivity,1.3801774896277792,0.81962165413045,1.1748095546205688,0.16621982124527812,143.0938823223114,20260222_105706_run9
multirocket_fm,MadridPM10Quality_nmv,58.0980426907827,5.726100175659263,7.622207205972735,0.6493170261829528,168.94043898582458,20260222_110036_run9
multirocket_fm,MagnesiumConcentration,12089.76065260523,47.46513004413599,109.95344766129541,0.9495557574819169,107.72747564315796,20260222_110438_run9
multirocket_fm,ManganeseConcentration,5566.149684239097,50.33836734386113,74.60663297749804,0.541691086946211,86.95299029350281,20260222_110619_run9
multirocket_fm,MethaneMonitoringHomeActivity,0.241572188872875,0.3145704979048079,0.4914999378157387,0.2932845655988634,278.76788997650146,20260222_111106_run9
multirocket_fm,MetroInterstateTrafficVolume,269211.93981528154,447.3570457423658,518.856376866741,-0.002752795645196038,343.35480189323425,20260222_111650_run9
multirocket_fm,NaturalGasPricesSentiment,0.0034627677101971128,0.05020524196263466,0.05884528621900919,0.4880347361782684,94.05346298217773,20260222_111825_run9
multirocket_fm,OccupancyDetectionLight,1489.925240138505,19.31333787067269,38.59954974010066,0.9597893802820845,279.76971769332886,20260222_112305_run9
multirocket_fm,ParkingBirmingham_eq,0.009761769989143994,0.05955129373736339,0.09880166997143315,0.8016277944252993,113.43422842025757,20260222_112459_run9
multirocket_fm,PhosphorusConcentration,446.34235445995864,5.252246846793139,21.12681600383642,0.4181208327032233,187.04262852668762,20260222_113006_run9
multirocket_fm,PotassiumConcentration,40512.50234223359,49.94517905449974,201.27717789713165,0.6829194216815765,197.52991151809692,20260222_113639_run9
multirocket_fm,PrecipitationAndalusia_nmv,0.09649706960108491,0.21931963127915113,0.3106397746604335,0.6871992100529372,246.9942605495453,20260222_114101_run9
multirocket_fm,SierraNevadaMountainsSnow,1184.5308956424037,19.360607204876594,34.4170146242001,0.8403136925518206,133.10545659065247,20260222_114315_run9
multirocket_fm,SodiumConcentration,22681.54121656985,40.9537181295593,150.60392165069888,0.11586945501778967,125.55742454528809,20260222_114543_run9
multirocket_fm,SolarRadiationAndalusia_nmv,0.40898609725109236,0.49464568688837607,0.6395202086338573,0.33850213526826467,171.15639925003052,20260222_114848_run9
multirocket_fm,SteamPredictor,644563078.5988536,8288.65680490713,25388.246859498857,0.06633132726351387,213.9438934326172,20260222_115225_run9
multirocket_fm,SulphurConcentration,5434.518901957963,16.726640035100008,73.71918950963828,0.28868389654106485,127.83002519607544,20260222_115513_run9
multirocket_fm,WaveDataTension,201.00314064758282,11.36252481040259,14.177557640425336,0.34642819472032915,218.78768849372864,20260222_120206_run9
multirocket_fm,WindTurbinePower,8078.348467052937,61.1422457131723,89.879633216057,0.9894268317640497,110.95075178146362,20260222_120401_run9
multirocket_fm,ZincConcentration,1.5301598429352774,0.8049509597289001,1.2369962986748495,0.15329747473641253,111.12560296058655,20260222_120618_run9
multirocket_fm,AcousticContaminationMadrid_nmv,8.804196765853135,2.232021437750922,2.9671866752621305,0.7593748091992254,96.35505676269531,20260223_085135_run1
multirocket_fm,AluminiumConcentration,65265.08905279185,154.45042546792007,255.47032910455934,0.7539959464339951,71.16247940063477,20260223_085306_run1
multirocket_fm,BarCrawl6min,0.002038941987339943,0.0321459378085165,0.04515464524652966,0.28346364757539255,60.126485109329224,20260223_085409_run1
multirocket_fm,BeijingIntAirportPM25Quality,2232.5926799603267,33.999478047850445,47.250319363580246,0.6269606645273127,137.33790159225464,20260223_085627_run1
multirocket_fm,BinanceCoinSentiment,0.14181372643417098,0.2843447353419247,0.37658163316095355,-0.018955550549748512,148.89928555488586,20260223_085856_run1
multirocket_fm,BitcoinSentiment,0.04888916624636438,0.155607943081446,0.22110894655432733,0.37730304065727416,117.90816187858582,20260223_090055_run1
multirocket_fm,BoronConcentration,1.6447309518262005,0.32218138880144703,1.2824706436508402,0.2670523378970585,71.81390237808228,20260223_090227_run1
multirocket_fm,CalciumConcentration,2283322.20211703,592.9330842039099,1511.0665776586518,0.7861706710496332,76.22420144081116,20260223_090408_run1
multirocket_fm,CardanoSentiment,0.0688093921836122,0.19607289146582285,0.2623154440432591,0.015830532698732247,61.187105655670166,20260223_090509_run1
multirocket_fm,ChilledWaterPredictor,10737859.777731366,741.9804728069008,3276.8673726184534,0.01000555048206464,126.23384642601013,20260223_090718_run1
multirocket_fm,CopperConcentration,3.856815706115251,0.917093348239843,1.9638777217829146,0.3173186777351461,71.0503351688385,20260223_090849_run1
multirocket_fm,Covid19Andalusia,0.00017009918558749784,0.008237077255710958,0.013042207849420966,0.8763147586945352,63.206642150878906,20260223_090953_run1
multirocket_fm,DailyOilGasPrices,1.9440694155065765,0.9576305630300238,1.3942988974773582,0.3975720973388631,156.22194647789001,20260223_091229_run1
multirocket_fm,DhakaHourlyAirQuality,6.938465532284341,1.5492564563270033,2.6340967203738628,0.9982213527188162,76.33384203910828,20260223_091347_run1
multirocket_fm,ElectricityPredictor,211174.76748493215,203.77602740490198,459.53755829630745,-0.11683432656458215,115.60188817977905,20260223_091547_run1
multirocket_fm,EthereumSentiment,0.04272658161448873,0.15757806555801465,0.2067040919152031,0.22183152680397367,141.07187175750732,20260223_091809_run1
multirocket_fm,GasSensorArrayAcetone,0.007104969191133083,0.04029138112500992,0.08429097929869532,0.9236929049698577,68.4832718372345,20260223_092022_run1
multirocket_fm,GasSensorArrayEthanol,0.013079848429204817,0.04646235877678659,0.11436716499592363,0.8727590682884582,66.37868142127991,20260223_092233_run1
multirocket_fm,HotwaterPredictor,1078882.1541649345,616.3150794292575,1038.6925214734795,0.5246058320311818,112.63902306556702,20260223_092428_run1
multirocket_fm,IronConcentration,3610.9752484053915,38.38613770360532,60.09139080105728,0.4630134701779065,74.05754733085632,20260223_092555_run1
multirocket_fm,LPGasMonitoringHomeActivity,1.327852775312569,0.8384740218438825,1.1523249434567358,0.16884718912079044,137.37761425971985,20260223_092817_run1
multirocket_fm,MadridPM10Quality_nmv,58.86325798985596,5.588132074693491,7.6722394377297665,0.6646089401600076,173.92837381362915,20260223_093151_run1
multirocket_fm,AcousticContaminationMadrid_nmv,11.137368860935446,2.5347489039103177,3.337269671593149,0.7274162208865924,95.41892910003662,20260223_093329_run2
multirocket_fm,AluminiumConcentration,31381.41273613152,130.541710233981,177.14799670369268,0.772628485186575,72.5348448753357,20260223_093502_run2
multirocket_fm,BarCrawl6min,0.0029346529765003006,0.041530139437289226,0.05417243742439785,0.05781346447599789,61.910813331604004,20260223_093606_run2
multirocket_fm,BeijingIntAirportPM25Quality,2066.908218916375,31.769979757777715,45.4632622995356,0.6329501308615614,137.05879259109497,20260223_093824_run2
multirocket_fm,BinanceCoinSentiment,0.12850580045430574,0.2772490939713732,0.35847705708218724,0.09771976786703196,138.68091249465942,20260223_094043_run2
multirocket_fm,BitcoinSentiment,0.028367246861985704,0.12904980081743,0.16842579037067246,0.47084898369103223,122.52920055389404,20260223_094246_run2
multirocket_fm,BoronConcentration,1.4766414422938998,0.2997307516474356,1.2151713633450634,0.24846851276925785,71.50467443466187,20260223_094418_run2
multirocket_fm,CalciumConcentration,5001042.843492623,713.0453470919143,2236.3011522361257,0.7307168967830817,78.22506022453308,20260223_094600_run2
multirocket_fm,CardanoSentiment,0.07043251260321072,0.20272572625044621,0.26539124439817285,-0.03580059538058733,58.39062762260437,20260223_094659_run2
multirocket_fm,ChilledWaterPredictor,7638589.701398065,607.7145936059354,2763.799866379269,0.005208410651882822,112.2918074131012,20260223_094854_run2
multirocket_fm,CopperConcentration,3.071805050102737,0.7783912388443317,1.752656569354857,0.3710698633724684,70.67896819114685,20260223_095025_run2
multirocket_fm,Covid19Andalusia,7.790185073037036e-05,0.006072111729126672,0.008826202509027898,0.8905759725822708,64.72955870628357,20260223_095130_run2
multirocket_fm,DailyOilGasPrices,2.5136899938403388,1.0417484091287372,1.5854620758127074,0.3840118969120362,142.0095818042755,20260223_095353_run2
multirocket_fm,DhakaHourlyAirQuality,6.50926685811933,1.53530906824674,2.5513264899105583,0.9983640369523383,75.82747268676758,20260223_095510_run2
multirocket_fm,ElectricityPredictor,166469.915095881,183.6235602031566,408.00724882761705,0.15640904718439064,117.28399801254272,20260223_095712_run2
multirocket_fm,EthereumSentiment,0.05027990239785158,0.17103385964877135,0.22423180505417062,0.30950974963603106,135.52016496658325,20260223_095928_run2
multirocket_fm,GasSensorArrayAcetone,0.006572462354877914,0.03612356968841466,0.08107072440084592,0.930711993246769,67.18643617630005,20260223_100139_run2
multirocket_fm,GasSensorArrayEthanol,0.004315326164178021,0.032613611387039,0.06569114220485149,0.9541944572096066,67.88910293579102,20260223_100353_run2
multirocket_fm,HotwaterPredictor,1132505.47843139,625.8401500669519,1064.1924066781298,0.3935081902368691,108.25660395622253,20260223_100543_run2
multirocket_fm,IronConcentration,3559.036931006046,36.36568968938745,59.657664478305264,0.4490611247467532,75.99711561203003,20260223_100712_run2
multirocket_fm,LPGasMonitoringHomeActivity,1.3170957577947553,0.8433308308019807,1.1476479241451862,0.1280953381930594,138.42996382713318,20260223_100935_run2
multirocket_fm,MadridPM10Quality_nmv,55.297009036313945,5.58090405337702,7.436195871298304,0.6475197068493517,169.98910784721375,20260223_101305_run2
multirocket_fm,AcousticContaminationMadrid_nmv,5.751599044443735,1.9137239032321507,2.398249162293971,0.817068776181401,93.25341725349426,20260223_101441_run3
multirocket_fm,AluminiumConcentration,37260.304814921175,137.13965112789091,193.029284863518,0.830820743981579,72.15939664840698,20260223_101613_run3
multirocket_fm,BarCrawl6min,0.002689716318658054,0.036918344758827264,0.05186247505333749,0.0762579052875908,58.67331838607788,20260223_101714_run3
multirocket_fm,BeijingIntAirportPM25Quality,2415.6510741865445,35.574984477738205,49.14927338411571,0.620563983112985,136.20818161964417,20260223_101932_run3
multirocket_fm,BinanceCoinSentiment,0.09964428063341414,0.22702144256726473,0.31566482324360146,0.05194502841695858,135.49947309494019,20260223_102147_run3
multirocket_fm,BitcoinSentiment,0.027247162266817625,0.1260914039876461,0.16506714472243597,0.40457223102618767,126.360280752182,20260223_102354_run3
multirocket_fm,BoronConcentration,0.1037710780730264,0.18278319140474528,0.3221351860213758,0.5764761791430757,69.45737862586975,20260223_102524_run3
multirocket_fm,CalciumConcentration,6237921.308973612,948.2556768990561,2497.5830935073236,0.7113140365249038,76.55181860923767,20260223_102705_run3
multirocket_fm,CardanoSentiment,0.11640662754189819,0.25086396600315064,0.34118415488105275,-0.20964622065181238,58.78544569015503,20260223_102804_run3
multirocket_fm,ChilledWaterPredictor,3300472.068398167,450.1787821056675,1816.720140362342,0.07529955361575236,120.08226418495178,20260223_103006_run3
multirocket_fm,CopperConcentration,3.2118991974278734,0.8516769470358652,1.7921772226618309,0.4214768586114649,71.16549563407898,20260223_103138_run3
multirocket_fm,Covid19Andalusia,0.0001262019900096399,0.006785344977803503,0.011233965907445149,0.8859088657239692,64.29020357131958,20260223_103243_run3
multirocket_fm,DailyOilGasPrices,1.7012862409608642,0.8627089069980315,1.3043336386679845,0.6310123048830234,135.31829619407654,20260223_103458_run3
multirocket_fm,DhakaHourlyAirQuality,15.609541920087375,1.92052943567019,3.9508912817347146,0.995959140447006,79.43099737167358,20260223_103619_run3
multirocket_fm,ElectricityPredictor,182236.68361467804,181.49860112304816,426.89188750159923,0.1269441773470379,114.17849373817444,20260223_103818_run3
multirocket_fm,EthereumSentiment,0.054756741817072796,0.17497163747270528,0.23400158507384688,0.23812897882338901,128.52017617225647,20260223_104027_run3
multirocket_fm,GasSensorArrayAcetone,0.004752891408784601,0.02764628678808159,0.06894121705325923,0.9330270664777002,67.64166140556335,20260223_104239_run3
multirocket_fm,GasSensorArrayEthanol,0.01092748606473709,0.03881428221734365,0.10453461658578507,0.903126438041871,68.19131064414978,20260223_104452_run3
multirocket_fm,HotwaterPredictor,1268780.6671857892,692.0345984069454,1126.4016455890808,0.10185924441361172,114.78163051605225,20260223_104649_run3
multirocket_fm,IronConcentration,3955.1295290426815,41.866501653090765,62.88982055184036,0.4637785984419873,75.87619733810425,20260223_104818_run3
multirocket_fm,LPGasMonitoringHomeActivity,1.4355862533636667,0.8449613119483834,1.1981595275102839,0.14725203230628692,139.7158477306366,20260223_105042_run3
multirocket_fm,MadridPM10Quality_nmv,54.72976516325213,5.550372000159426,7.397956823559606,0.6613201139709138,166.2695014476776,20260223_105409_run3
multirocket_fm,AcousticContaminationMadrid_nmv,12.458689356153354,2.6705477396647135,3.5296868637534056,0.7214428024893851,96.107337474823,20260223_105547_run4
multirocket_fm,AluminiumConcentration,41528.830135034346,129.98992401607453,203.78623637290704,0.7996583898624217,69.98461556434631,20260223_105717_run4
multirocket_fm,BarCrawl6min,0.0026474735777416232,0.03839180996625466,0.05145360607131072,0.2542191664359571,59.09787583351135,20260223_105819_run4
multirocket_fm,BeijingIntAirportPM25Quality,2003.5900325760856,33.474366337566046,44.76147933855723,0.611172551568331,142.3345649242401,20260223_110042_run4
multirocket_fm,BinanceCoinSentiment,0.13029663698230173,0.272685759859749,0.36096625463095816,0.042103026046658165,156.31650137901306,20260223_110319_run4
multirocket_fm,BitcoinSentiment,0.029093696531439082,0.12349053225791455,0.1705687442981248,0.47203330478763417,120.90339303016663,20260223_110520_run4
multirocket_fm,BoronConcentration,15.117060478999814,0.4702262467621885,3.8880664190571403,0.06335151057510058,71.18013310432434,20260223_110651_run4
multirocket_fm,CalciumConcentration,1463848.1047180989,568.3390727833054,1209.8959065630806,0.6729588501279316,78.50265431404114,20260223_110834_run4
multirocket_fm,CardanoSentiment,0.08386529320794733,0.23196872995694479,0.2895950503857884,0.01686860203997076,60.703829288482666,20260223_110935_run4
multirocket_fm,ChilledWaterPredictor,3472419.504862037,528.708547964485,1863.4429169851264,0.07989374569281849,118.90939974784851,20260223_111137_run4
multirocket_fm,CopperConcentration,2.7831295883750315,0.7592152117860379,1.6682714372592464,0.4633616721371179,69.14705038070679,20260223_111306_run4
multirocket_fm,Covid19Andalusia,0.0001729325463952425,0.007911621889072601,0.013150381986666489,0.8180233774128565,62.6881320476532,20260223_111409_run4
multirocket_fm,DailyOilGasPrices,3.0654737185026515,1.1001909482955932,1.7508494277072062,0.33643239809792025,124.14739346504211,20260223_111614_run4
multirocket_fm,DhakaHourlyAirQuality,14.264709248658859,2.0547159720158237,3.7768650027051347,0.9966268503774479,76.60465455055237,20260223_111732_run4
multirocket_fm,ElectricityPredictor,180738.6670915113,186.68246740456487,425.13370495822994,0.20704666461397536,122.38778877258301,20260223_111939_run4
multirocket_fm,EthereumSentiment,0.051776027064771225,0.17746666750373127,0.22754346192490618,0.3073986620083058,126.55743336677551,20260223_112146_run4
multirocket_fm,GasSensorArrayAcetone,0.0025506350937441985,0.02310601105974846,0.05050381266542357,0.9714972217923052,66.03882813453674,20260223_112356_run4
multirocket_fm,GasSensorArrayEthanol,0.003402816464758298,0.03188029535624082,0.058333664935081,0.9694421752554246,66.37429857254028,20260223_112608_run4
multirocket_fm,HotwaterPredictor,1288545.6219116924,604.2225713184262,1135.1412343456177,0.5373255026553623,110.83041787147522,20260223_112801_run4
multirocket_fm,IronConcentration,4069.627880974059,39.77399677707838,63.79363511334073,0.5074448533571243,73.72592377662659,20260223_112928_run4
multirocket_fm,LPGasMonitoringHomeActivity,1.526514879250783,0.8632332197969892,1.235522107957111,0.13784361454628102,138.19764614105225,20260223_113151_run4
multirocket_fm,MadridPM10Quality_nmv,63.97827254705604,5.987502435657385,7.998641918916988,0.6248522180707237,170.98268795013428,20260223_113522_run4
multirocket_fm,AcousticContaminationMadrid_nmv,18.074857423472213,3.1177036921183277,4.251453565955085,0.5491544250787767,95.43574738502502,20260223_113659_run5
multirocket_fm,AluminiumConcentration,40294.05503619848,135.1404211829453,200.73379146570832,0.8071171430995463,71.50182342529297,20260223_113831_run5
multirocket_fm,BarCrawl6min,0.002169480173091105,0.03565216943940128,0.04657767891480966,0.18759898094212257,61.55699324607849,20260223_113935_run5
multirocket_fm,BeijingIntAirportPM25Quality,2090.410812349948,32.94135635720808,45.72101062257863,0.6373969298038598,134.91234946250916,20260223_114151_run5
multirocket_fm,BinanceCoinSentiment,0.10433807494113122,0.2439972733957104,0.3230140475910161,0.060289568676546335,133.42305302619934,20260223_114405_run5
multirocket_fm,BitcoinSentiment,0.045587007774564724,0.14268723830163482,0.21351114203845364,0.30310154865716454,124.09588313102722,20260223_114609_run5
multirocket_fm,BoronConcentration,0.2852800626645539,0.23563667861166154,0.5341161509115353,0.5456130924806627,71.04324769973755,20260223_114740_run5
multirocket_fm,CalciumConcentration,2200944.332887786,699.2277070833376,1483.557997817337,0.7041079861087866,76.04606199264526,20260223_114921_run5
multirocket_fm,CardanoSentiment,0.06687420445744893,0.1982751029997161,0.2586004726551151,-0.037515079913074345,61.06713914871216,20260223_115022_run5
multirocket_fm,ChilledWaterPredictor,11968468.957316883,741.6174987649463,3459.5475075964605,0.01110997961582072,117.0646653175354,20260223_115222_run5
multirocket_fm,CopperConcentration,3.1486708188719046,0.9049837643725532,1.7744494410582412,0.3429395471942964,69.99076437950134,20260223_115352_run5
multirocket_fm,Covid19Andalusia,0.00016240468705671667,0.007610960231809563,0.012743809754414755,0.8240367228347648,64.54878520965576,20260223_115457_run5
multirocket_fm,DailyOilGasPrices,3.4988105853144607,1.0891400984511976,1.8705107819294868,0.3473190167434006,158.9030294418335,20260223_115736_run5
multirocket_fm,DhakaHourlyAirQuality,8.533538155733359,1.6207265060432994,2.9212220312282597,0.9978798226643271,79.04625153541565,20260223_115856_run5
multirocket_fm,ElectricityPredictor,228071.30625195053,211.00032799816628,477.56811687124855,0.1714245650963684,113.21063494682312,20260223_120054_run5
multirocket_fm,EthereumSentiment,0.05166242620375355,0.17751639130271482,0.22729370031691057,0.2925345484047749,144.12395000457764,20260223_120319_run5
multirocket_fm,GasSensorArrayAcetone,0.0013509456058998718,0.01954341868843455,0.036755211955583546,0.9797532219426379,67.82924222946167,20260223_120531_run5
multirocket_fm,GasSensorArrayEthanol,0.008106282854740212,0.04539376656522757,0.09003489798261678,0.9240444098342051,67.11231088638306,20260223_120744_run5
multirocket_fm,HotwaterPredictor,861801.764142293,546.3496689330847,928.3327873894647,0.6250429510957276,114.13946008682251,20260223_120940_run5
multirocket_fm,IronConcentration,3989.8679918586363,36.95127394842065,63.165401857810075,0.4820437632232416,75.02623224258423,20260223_121108_run5
multirocket_fm,LPGasMonitoringHomeActivity,1.491094719859205,0.8576661663865918,1.2211038939661134,0.16008399084363867,136.11831617355347,20260223_121329_run5
multirocket_fm,MadridPM10Quality_nmv,59.591558754907176,5.7020543947985685,7.719556901461844,0.6528693567166179,164.40086722373962,20260223_121653_run5
multirocket_fm,AcousticContaminationMadrid_nmv,14.048121806805035,2.71638143327501,3.7480824172908784,0.6301691326396386,96.19515490531921,20260223_121832_run6
multirocket_fm,AluminiumConcentration,40252.15470105017,143.5066119588216,200.629396403045,0.8035948577489198,73.0875928401947,20260223_122005_run6
multirocket_fm,BarCrawl6min,0.0021575877517449327,0.03411496620501156,0.046449841245637565,0.4140966980405941,58.915621757507324,20260223_122106_run6
multirocket_fm,BeijingIntAirportPM25Quality,2080.9983384428906,31.879805686783655,45.61796070017697,0.6008809133328277,135.09399366378784,20260223_122323_run6
multirocket_fm,BinanceCoinSentiment,0.10256778916724218,0.24603404714019994,0.32026206326576084,-0.0038913971725065277,147.82013773918152,20260223_122551_run6
multirocket_fm,BitcoinSentiment,0.023800706769778922,0.11441121241652966,0.1542747768424214,0.5284811833486922,114.3752977848053,20260223_122745_run6
multirocket_fm,BoronConcentration,15.506514092717712,0.5151866621825371,3.9378311407064817,0.07642174319167028,71.52131462097168,20260223_122917_run6
multirocket_fm,CalciumConcentration,1868664.8661145568,689.0114434542832,1366.991172654219,0.7489004000354011,76.82635450363159,20260223_123058_run6
multirocket_fm,CardanoSentiment,0.07537351692791998,0.1999816709637642,0.2745423772897728,-0.04345153767368015,60.22279405593872,20260223_123159_run6
multirocket_fm,ChilledWaterPredictor,3275368.8098194986,443.81527380408477,1809.7980024907472,0.05837008935623034,119.5991415977478,20260223_123401_run6
multirocket_fm,CopperConcentration,2.0010729281194464,0.8180788037208654,1.4145928488860129,0.4444432318217715,70.56630063056946,20260223_123532_run6
multirocket_fm,Covid19Andalusia,0.00012986419591238944,0.007504765072593863,0.011395797291650524,0.8803550921455444,62.907490253448486,20260223_123635_run6
multirocket_fm,DailyOilGasPrices,4.495664189802697,1.293448814814118,2.1202981370087315,0.28620073661962975,135.26164555549622,20260223_123851_run6
multirocket_fm,DhakaHourlyAirQuality,15.507861317629649,1.9175647094693797,3.938002198784258,0.9964030049469916,81.150874376297,20260223_124013_run6
multirocket_fm,ElectricityPredictor,223314.2943191871,200.60257286682483,472.56141856819744,0.02537050460165391,118.15699124336243,20260223_124216_run6
multirocket_fm,EthereumSentiment,0.054968214305874494,0.16527639330107474,0.23445301086971457,0.2488915499343728,134.98874759674072,20260223_124431_run6
multirocket_fm,GasSensorArrayAcetone,0.010011200248852412,0.039246741358396585,0.10005598557234051,0.8676731644159132,66.39203906059265,20260223_124642_run6
multirocket_fm,GasSensorArrayEthanol,0.0032474852398407293,0.029512385248890494,0.056986711081099685,0.9657172576800681,68.77828121185303,20260223_124856_run6
multirocket_fm,HotwaterPredictor,1270292.2819731352,643.7855545480918,1127.0724386538495,0.32287855100957985,120.19967818260193,20260223_125059_run6
multirocket_fm,IronConcentration,2742.5002634478847,34.95656804598933,52.36888640641392,0.46988187445318563,78.5613214969635,20260223_125231_run6
multirocket_fm,LPGasMonitoringHomeActivity,1.504580167294822,0.8762378979001788,1.2266132916672727,0.14425136746577216,140.773823261261,20260223_125456_run6
multirocket_fm,MadridPM10Quality_nmv,61.30578758627733,5.849785088571745,7.829801248197641,0.6454816430675653,171.59375429153442,20260223_125828_run6
multirocket_fm,AcousticContaminationMadrid_nmv,10.957920583315136,2.5612287945217562,3.3102750011615556,0.756949655030738,98.00280618667603,20260223_130008_run7
multirocket_fm,AluminiumConcentration,47219.305212851556,148.21989298954716,217.30003500425755,0.7898811173057709,70.52220392227173,20260223_130139_run7
multirocket_fm,BarCrawl6min,0.0020515142303486025,0.03147022125478318,0.0452936444807503,0.30898639285940976,60.18865776062012,20260223_130242_run7
multirocket_fm,BeijingIntAirportPM25Quality,2184.9318579824126,33.51127260148862,46.743254678963176,0.5976556672465765,134.8464663028717,20260223_130458_run7
multirocket_fm,BinanceCoinSentiment,0.1299409916999882,0.2687845667616854,0.36047328846946236,-0.02155130128543914,131.75602173805237,20260223_130710_run7
multirocket_fm,BitcoinSentiment,0.04658417134098907,0.1393011470502317,0.21583366591194494,0.28519768793961153,123.6895477771759,20260223_130913_run7
multirocket_fm,BoronConcentration,0.23256403349150362,0.2381635790746104,0.48224893311598277,0.045493044440915176,71.2319073677063,20260223_131045_run7
multirocket_fm,CalciumConcentration,2383439.3106426136,660.7421453282221,1543.839146622022,0.7867179103783588,77.34210705757141,20260223_131227_run7
multirocket_fm,CardanoSentiment,0.10889919797206436,0.26501648208083534,0.3299987848039207,-0.10465045716145438,58.800426721572876,20260223_131326_run7
multirocket_fm,ChilledWaterPredictor,7652713.629532439,601.9364755617061,2766.353851106622,0.003398116406495455,115.58018517494202,20260223_131524_run7
multirocket_fm,CopperConcentration,1.4981859536027247,0.7286148543217827,1.2240040660074314,0.42637729366953125,73.49147987365723,20260223_131658_run7
multirocket_fm,Covid19Andalusia,0.00013587319988191612,0.006967278783511939,0.011656466011699949,0.8506820064582694,67.09677982330322,20260223_131806_run7
multirocket_fm,DailyOilGasPrices,1.752318365289132,0.9201315880435637,1.3237516252262478,0.4778719522473781,134.74592399597168,20260223_132021_run7
multirocket_fm,DhakaHourlyAirQuality,8.939555938761007,1.618249915712185,2.9899090184754797,0.9975751389580525,80.40594959259033,20260223_132142_run7
multirocket_fm,ElectricityPredictor,212840.2187278633,200.0697333894398,461.3460943021663,0.15997690376646612,109.24672985076904,20260223_132337_run7
multirocket_fm,EthereumSentiment,0.054133791655334676,0.17355950307578685,0.23266669648949476,0.2818006772330124,134.78659319877625,20260223_132552_run7
multirocket_fm,GasSensorArrayAcetone,0.007002738281329699,0.0344515124708518,0.08368236541428366,0.9293541051686901,68.87298822402954,20260223_132806_run7
multirocket_fm,GasSensorArrayEthanol,0.01107903419446475,0.044616237704431114,0.10525699119044184,0.8917717951497662,71.01400756835938,20260223_133024_run7
multirocket_fm,HotwaterPredictor,940155.0287300246,595.2315850152812,969.615918150081,0.3629459765014408,118.53656959533691,20260223_133225_run7
multirocket_fm,IronConcentration,3765.348897167012,36.90812932304714,61.36243881371578,0.5101210136635077,77.9441773891449,20260223_133357_run7
multirocket_fm,LPGasMonitoringHomeActivity,1.4874471662804238,0.8532665755471784,1.2196094318594064,0.13970640241442278,146.8595712184906,20260223_133628_run7
multirocket_fm,MadridPM10Quality_nmv,56.18356624892858,5.574310369344448,7.4955697748022185,0.6435032628057484,173.73099160194397,20260223_134003_run7
multirocket_fm,AcousticContaminationMadrid_nmv,13.182567358190164,2.598296440972222,3.6307805439313134,0.6852236118262935,102.73440265655518,20260223_134148_run8
multirocket_fm,AluminiumConcentration,43209.427648438475,140.91927687872024,207.86877506840338,0.8212345541932433,76.87881803512573,20260223_134326_run8
multirocket_fm,BarCrawl6min,0.0020096367390451623,0.03302929369535593,0.044828972094452066,0.40259000214255514,66.84090042114258,20260223_134435_run8
multirocket_fm,BeijingIntAirportPM25Quality,2460.644834363205,35.13825216468444,49.60488720240381,0.609737670585223,152.05303621292114,20260223_134708_run8
multirocket_fm,BinanceCoinSentiment,0.1227131660700479,0.2596295628807967,0.3503043905948766,0.03829591135346677,151.11092519760132,20260223_134940_run8
multirocket_fm,BitcoinSentiment,0.04238772380265485,0.13646984751600028,0.20588279141942595,0.19308728013933374,124.71103096008301,20260223_135145_run8
multirocket_fm,BoronConcentration,1.7908134872253179,0.32104325870204964,1.3382127959429015,0.1601005240385891,73.95874953269958,20260223_135319_run8
multirocket_fm,CalciumConcentration,3311708.185356783,770.9047100306007,1819.8099311073074,0.8026086020769126,75.86081671714783,20260223_135459_run8
multirocket_fm,CardanoSentiment,0.07655600699438447,0.19900908103494933,0.27668756205219,-0.13282205123393132,58.813385248184204,20260223_135558_run8
multirocket_fm,ChilledWaterPredictor,7498886.571738849,577.640802304047,2738.4094967222945,0.015633143097881996,122.31533765792847,20260223_135803_run8
multirocket_fm,CopperConcentration,3.747259007288646,0.8844700795643544,1.935783822457623,0.17108516098506554,73.18325328826904,20260223_135937_run8
multirocket_fm,Covid19Andalusia,4.866629047103268e-05,0.005145034043516918,0.006976122882449296,0.9242520410712074,68.1322705745697,20260223_140046_run8
multirocket_fm,DailyOilGasPrices,3.6028755751786297,1.2685589393681496,1.8981242254337911,0.31293150291685046,142.31516337394714,20260223_140308_run8
multirocket_fm,DhakaHourlyAirQuality,28.705997257567443,1.990988751348474,5.357797799242469,0.9928076637578886,81.49755382537842,20260223_140431_run8
multirocket_fm,ElectricityPredictor,147887.5956435502,164.07281755040978,384.5615628784944,0.23727069626031472,124.52106475830078,20260223_140641_run8
multirocket_fm,EthereumSentiment,0.036710992308137604,0.1480004038802931,0.19160112814943864,0.340817513209534,137.0236053466797,20260223_140858_run8
multirocket_fm,GasSensorArrayAcetone,0.006674659589323335,0.039803226853317546,0.08169858988577058,0.9286537553986948,69.78651213645935,20260223_141113_run8
multirocket_fm,GasSensorArrayEthanol,0.014846213008942457,0.04405477108456709,0.12184503686626902,0.8324692845482655,71.81653594970703,20260223_141331_run8
multirocket_fm,HotwaterPredictor,1244853.0541447187,614.8704537269526,1115.729830265696,0.4943974680496177,115.22853660583496,20260223_141528_run8
multirocket_fm,IronConcentration,2718.8364153787556,34.728979424601015,52.142462690006845,0.5358674023498609,78.02953672409058,20260223_141700_run8
multirocket_fm,LPGasMonitoringHomeActivity,1.454249050065714,0.8584471749406017,1.205922489244526,0.12509291485842766,147.32495427131653,20260223_141932_run8
multirocket_fm,MadridPM10Quality_nmv,62.18109606531639,5.854774497623291,7.885499100584337,0.6233485001185048,171.3172914981842,20260223_142304_run8
multirocket_fm,AcousticContaminationMadrid_nmv,16.351330892297838,2.9556785795423703,4.043677891758669,0.577572161843775,98.22981071472168,20260223_142444_run9
multirocket_fm,AluminiumConcentration,45535.97131202076,131.6823176647368,213.391591474502,0.8001542890164839,72.07069730758667,20260223_142616_run9
multirocket_fm,BarCrawl6min,0.0014399580846383951,0.02722778303633702,0.03794677963461979,0.37285232702624804,61.140098571777344,20260223_142720_run9
multirocket_fm,BeijingIntAirportPM25Quality,2083.7582521523186,32.50823324750372,45.64820097388635,0.5953111995785376,135.39736795425415,20260223_142937_run9
multirocket_fm,BinanceCoinSentiment,0.13834058432975035,0.2717108499656043,0.3719416410268557,0.03886675303584919,151.8145673274994,20260223_143209_run9
multirocket_fm,BitcoinSentiment,0.04535184840223474,0.13968635349488256,0.2129597342274702,0.3222494817967291,124.9066870212555,20260223_143414_run9
multirocket_fm,BoronConcentration,15.742571017765826,0.5010991354087171,3.967690892416624,0.05618978647020423,76.62336826324463,20260223_143551_run9
multirocket_fm,CalciumConcentration,1253052.029537719,533.682715869524,1119.3980657200186,0.8121330455253467,78.87769317626953,20260223_143735_run9
multirocket_fm,CardanoSentiment,0.10035366114042675,0.24314546353239,0.3167864598438935,-0.18447676288167125,61.86064839363098,20260223_143837_run9
multirocket_fm,ChilledWaterPredictor,4560541.710167738,420.2806007499789,2135.5424861537495,0.04285004340051546,117.23537254333496,20260223_144037_run9
multirocket_fm,CopperConcentration,4.537474940358414,0.9011023245042594,2.130134958249926,0.14755817973193852,73.58527112007141,20260223_144211_run9
multirocket_fm,Covid19Andalusia,0.00013643062854115596,0.007303994316433913,0.011680352243881859,0.7447704342691717,63.96417164802551,20260223_144315_run9
multirocket_fm,DailyOilGasPrices,4.059857580036252,1.1984948250869223,2.0149088267304434,0.38969314008069733,144.39691853523254,20260223_144540_run9
multirocket_fm,DhakaHourlyAirQuality,9.344456631673559,1.6439415188931163,3.056870398246147,0.9976167201243518,76.20953607559204,20260223_144657_run9
multirocket_fm,ElectricityPredictor,158667.3666406178,165.16593117176672,398.33072520283673,0.2842105066386319,121.51945042610168,20260223_144904_run9
multirocket_fm,EthereumSentiment,0.05978503513558086,0.1670136255631937,0.24450978535752074,0.21234656440313415,152.1267750263214,20260223_145136_run9
multirocket_fm,GasSensorArrayAcetone,0.004841729061013446,0.033997488245170515,0.06958253416636567,0.9540410445381416,66.3063235282898,20260223_145348_run9
multirocket_fm,GasSensorArrayEthanol,0.00779641391976874,0.038818193299713526,0.08829730414779796,0.913414409902616,68.38220262527466,20260223_145602_run9
multirocket_fm,HotwaterPredictor,981734.9926901676,569.1073667171935,990.8254097923447,0.39274767310358216,113.48291420936584,20260223_145758_run9
multirocket_fm,IronConcentration,3463.9203634287046,35.78985196901404,58.85507933414672,0.5212795561082433,73.68861222267151,20260223_145925_run9
multirocket_fm,LPGasMonitoringHomeActivity,1.5972579714762467,0.8561940861473692,1.263826717345478,0.13491302127974703,137.47819757461548,20260223_150147_run9
multirocket_fm,MadridPM10Quality_nmv,55.89287843867845,5.7370124105573765,7.476153987089782,0.6676473080467136,168.60260939598083,20260223_150515_run9
multirocket_fm,AcousticContaminationMadrid_nmv,12.108535044586457,2.870733494228787,3.4797320363192417,0.7067677984036215,98.73830676078796,20260223_150656_run10
multirocket_fm,AluminiumConcentration,36431.48196613553,133.44750667253123,190.87032762096766,0.8402158480836917,71.08985829353333,20260223_150828_run10
multirocket_fm,BarCrawl6min,0.003352722185821606,0.04322009968029934,0.05790269584243558,0.18355125773115333,58.78459692001343,20260223_150929_run10
multirocket_fm,BeijingIntAirportPM25Quality,2725.4315051352764,34.88108389458414,52.205665450555045,0.59312175158831,140.7534613609314,20260223_151151_run10
multirocket_fm,BinanceCoinSentiment,0.12265520582975172,0.25783989126772816,0.3502216524285038,0.0594318701718235,140.78771352767944,20260223_151412_run10
multirocket_fm,BitcoinSentiment,0.02736069632310816,0.11698960419589283,0.16541068986951285,0.5163824192886188,127.36213445663452,20260223_151619_run10
multirocket_fm,BoronConcentration,0.14600799302200296,0.1961746454361311,0.3821099226950315,0.027073419170934865,70.64701271057129,20260223_151750_run10
multirocket_fm,CalciumConcentration,4063986.4875471503,736.9414287678185,2015.9331555255374,0.7753119888641369,75.9550108909607,20260223_151931_run10
multirocket_fm,CardanoSentiment,0.10179499197536236,0.23544184372786317,0.3190532745097006,-0.36127664014866956,58.81563425064087,20260223_152030_run10
multirocket_fm,ChilledWaterPredictor,14055517.886426335,882.6736296482344,3749.0689359394732,-0.002313360930801922,116.68291640281677,20260223_152229_run10
multirocket_fm,CopperConcentration,4.373373025742946,0.8553081738036146,2.091261108934737,0.35445198050675575,71.33094573020935,20260223_152401_run10
multirocket_fm,Covid19Andalusia,0.00017091495142979775,0.008043629408985977,0.01307344451282055,0.8443598516747415,62.8859977722168,20260223_152504_run10
multirocket_fm,DailyOilGasPrices,1.714593666390676,0.8875651344606248,1.3094249372876157,0.6898063332969753,138.54270601272583,20260223_152723_run10
multirocket_fm,DhakaHourlyAirQuality,10.594315237219552,1.6685803076047376,3.254890971633236,0.9972879659642324,77.87475991249084,20260223_152842_run10
multirocket_fm,ElectricityPredictor,213694.27498348485,196.6637707487144,462.2707810185334,0.2757507548894884,116.38505029678345,20260223_153043_run10
multirocket_fm,EthereumSentiment,0.04448234218501435,0.170447947486873,0.21090837390917969,0.19872291608622217,129.43381595611572,20260223_153253_run10
multirocket_fm,GasSensorArrayAcetone,0.010453736630357233,0.039666648653780744,0.10224351632429918,0.886711063339396,67.14737749099731,20260223_153504_run10
multirocket_fm,GasSensorArrayEthanol,0.005560200737697223,0.03496144414297305,0.07456675356817691,0.9486244204055809,67.17524361610413,20260223_153717_run10
multirocket_fm,HotwaterPredictor,869807.9533532865,525.2784481018227,932.6349518183878,0.6378479272373037,113.67015194892883,20260223_153912_run10
multirocket_fm,IronConcentration,2709.1603567580805,33.7821361591505,52.0495951642093,0.5697490237458576,74.15763258934021,20260223_154040_run10
multirocket_fm,LPGasMonitoringHomeActivity,1.4231430438925132,0.8663049993429299,1.1929555917520624,0.12883187638885796,138.12637615203857,20260223_154302_run10
multirocket_fm,MadridPM10Quality_nmv,56.79116883200487,5.5667872414914275,7.535991562628296,0.6504332105760381,164.33736968040466,20260223_154627_run10
multirocket_fm,AcousticContaminationMadrid_nmv,14.820736308776443,2.981488185458713,3.8497709423777984,0.6882064920935229,95.2603120803833,20260223_154804_run11
multirocket_fm,AluminiumConcentration,26209.12069322636,124.56607402627934,161.89231202631692,0.8539665995904663,72.07765460014343,20260223_154937_run11
multirocket_fm,BarCrawl6min,0.0024311493358184747,0.03914105465357787,0.04930668652240256,0.2217465778109956,61.49045538902283,20260223_155041_run11
multirocket_fm,BeijingIntAirportPM25Quality,2278.6115903627747,33.204715507178655,47.73480481119384,0.6321211509419435,133.99934458732605,20260223_155256_run11
multirocket_fm,BinanceCoinSentiment,0.1568018798177352,0.3005486255260963,0.3959821710856881,-0.021606299846241628,138.83354949951172,20260223_155515_run11
multirocket_fm,BitcoinSentiment,0.027372876474586888,0.12734302613961695,0.16544750368194405,0.4515529155398186,123.66097903251648,20260223_155719_run11
multirocket_fm,BoronConcentration,2.101506178359995,0.32560057511738644,1.4496572623761779,0.11724572434537561,70.73230242729187,20260223_155850_run11
multirocket_fm,CalciumConcentration,3292568.6892558807,619.5601032663715,1814.5436586800222,0.770921294931214,76.22361302375793,20260223_160030_run11
multirocket_fm,CardanoSentiment,0.09613485273489507,0.2328524219648404,0.31005620899265196,-0.20326371524036824,58.581254959106445,20260223_160129_run11
multirocket_fm,ChilledWaterPredictor,7541253.132447874,599.1316062284021,2746.134216029485,0.014977340148631169,116.53674459457397,20260223_160328_run11
multirocket_fm,CopperConcentration,1.659884105339239,0.7740862025272909,1.288364896036538,0.3782179022970712,75.71648645401001,20260223_160505_run11
multirocket_fm,Covid19Andalusia,8.255077355205634e-05,0.0059676166035083225,0.009085745624441416,0.8781909596673737,67.46831130981445,20260223_160612_run11
multirocket_fm,DailyOilGasPrices,2.208409673987085,0.9835939685646147,1.486071893949645,0.4139345610142726,142.0523681640625,20260223_160835_run11
multirocket_fm,DhakaHourlyAirQuality,7.914577664809823,1.6987715018288267,2.8132859194916224,0.9980017008873043,78.21093130111694,20260223_160954_run11
multirocket_fm,ElectricityPredictor,162765.21940958634,162.69238567815592,403.4417174878998,0.1775493603757945,129.21526956558228,20260223_161208_run11
multirocket_fm,EthereumSentiment,0.056019088598532524,0.18441182722588564,0.2366835199132642,0.16465311264129878,143.76584243774414,20260223_161432_run11
multirocket_fm,GasSensorArrayAcetone,0.008316747226627666,0.0429934206852548,0.09119620182128017,0.905676895687452,66.89860367774963,20260223_161645_run11
multirocket_fm,GasSensorArrayEthanol,0.0032857055935361906,0.03262906262813236,0.05732107460207101,0.9679353978046099,67.55188918113708,20260223_161858_run11
multirocket_fm,HotwaterPredictor,1186626.3576795023,652.4091093062735,1089.3238075427812,0.34626308955409546,114.98541259765625,20260223_162055_run11
multirocket_fm,IronConcentration,3030.06671399513,34.68358079785886,55.046041765009136,0.6207084943265662,77.62159609794617,20260223_162226_run11
multirocket_fm,LPGasMonitoringHomeActivity,1.3132156706612401,0.8106536590396736,1.1459562254559466,0.12743166637575387,143.68640422821045,20260223_162455_run11
multirocket_fm,MadridPM10Quality_nmv,60.46637367987172,5.7463186202364485,7.776012710886713,0.6295819045529382,171.97931933403015,20260223_162828_run11
multirocket_fm,AcousticContaminationMadrid_nmv,17.349043039673386,3.0441784752739807,4.165218246343568,0.5262550654585344,95.82763123512268,20260223_163006_run12
multirocket_fm,AluminiumConcentration,69434.79291315729,162.37306281195748,263.5048252179783,0.7078114840574448,73.14249038696289,20260223_163140_run12
multirocket_fm,BarCrawl6min,0.002954433163518397,0.03927362574041889,0.05435469771343041,0.03317286278971043,61.20462107658386,20260223_163243_run12
multirocket_fm,BeijingIntAirportPM25Quality,2182.9763010042257,32.86180155223372,46.72233193029031,0.6483956141598441,140.6066563129425,20260223_163505_run12
multirocket_fm,BinanceCoinSentiment,0.12259981913470594,0.241019594433187,0.35014256972654145,0.007609241894800389,154.66103315353394,20260223_163740_run12
multirocket_fm,BitcoinSentiment,0.051653977552129214,0.15326415158975124,0.22727511423851318,0.28393294238938516,121.83976864814758,20260223_163942_run12
multirocket_fm,BoronConcentration,2.0616990703718088,0.3657311030213443,1.4358617866535097,0.18550897355482576,76.46107363700867,20260223_164119_run12
multirocket_fm,CalciumConcentration,4111180.2631767085,723.7321581826734,2027.6045628220284,0.762532357445785,79.91945505142212,20260223_164305_run12
multirocket_fm,CardanoSentiment,0.11038562889907959,0.24902495047775175,0.33224332784734684,-0.16038005386389798,64.37113165855408,20260223_164409_run12
multirocket_fm,ChilledWaterPredictor,3314052.0973662897,452.5890567182875,1820.453816323361,0.04864105444120215,124.17498397827148,20260223_164616_run12
multirocket_fm,CopperConcentration,4.2454732684233765,0.9345973422623501,2.0604546266354364,0.3469786908760151,72.69976353645325,20260223_164749_run12
multirocket_fm,Covid19Andalusia,0.00018403068958894702,0.008255047737394322,0.013565791152341503,0.7960163914092242,63.10081934928894,20260223_164852_run12
multirocket_fm,DailyOilGasPrices,3.661726064506416,1.301121312058109,1.9135637079821555,0.4625307633042335,132.0120506286621,20260223_165105_run12
multirocket_fm,DhakaHourlyAirQuality,15.594938985523555,2.0590095376686834,3.949042793579674,0.9959154188972728,78.01988697052002,20260223_165224_run12
multirocket_fm,ElectricityPredictor,138677.0301704836,143.38077578612953,372.39364947657685,0.12573507145266705,114.54213786125183,20260223_165423_run12
multirocket_fm,EthereumSentiment,0.04306858972482372,0.1557791952146548,0.20752973214656187,0.2263876734083864,131.17319655418396,20260223_165635_run12
multirocket_fm,GasSensorArrayAcetone,0.005201600686794212,0.031406247982953835,0.07212212342127908,0.9308949485456165,66.80198192596436,20260223_165846_run12
multirocket_fm,GasSensorArrayEthanol,0.007500402714931166,0.03813328299335677,0.08660486542297244,0.9306366958357589,66.98626136779785,20260223_170057_run12
multirocket_fm,HotwaterPredictor,1294053.2373206674,658.6840449406994,1137.5646079764733,0.3484080520903804,115.01078772544861,20260223_170255_run12
multirocket_fm,IronConcentration,3803.002831414397,37.03151135486105,61.66849139888536,0.521797088441335,75.49808597564697,20260223_170424_run12
multirocket_fm,LPGasMonitoringHomeActivity,1.4729209865410147,0.8480598407013186,1.2136395620368572,0.10799848094688469,138.99845457077026,20260223_170647_run12
multirocket_fm,MadridPM10Quality_nmv,60.74789373227793,5.779154589905445,7.794093515751395,0.6333040376497314,180.58366560935974,20260223_171029_run12
multirocket_fm,AcousticContaminationMadrid_nmv,14.605999643752133,2.798321151733399,3.821779643536782,0.6819230505089376,100.65577793121338,20260223_171211_run13
multirocket_fm,AluminiumConcentration,57228.91449636177,152.65146093314036,239.2256560161593,0.7489829882379153,74.39317417144775,20260223_171346_run13
multirocket_fm,BarCrawl6min,0.0019620911859840866,0.03268050231772002,0.044295498484429395,0.3850864344130118,61.778536796569824,20260223_171451_run13
multirocket_fm,BeijingIntAirportPM25Quality,2396.4598907554196,34.059937584871626,48.953650433398934,0.6146914559257899,132.83997797966003,20260223_171705_run13
multirocket_fm,BinanceCoinSentiment,0.12555739949564113,0.25490098740447176,0.3543407956976463,0.0832275580879791,149.3965940475464,20260223_171934_run13
multirocket_fm,BitcoinSentiment,0.03921722450717743,0.1309559062048793,0.19803339240435544,0.3125588829478074,118.20453405380249,20260223_172133_run13
multirocket_fm,BoronConcentration,0.8388434235121818,0.24753290571371053,0.9158839574488581,0.34305925526950676,71.80274796485901,20260223_172305_run13
multirocket_fm,CalciumConcentration,2826335.899835656,716.7446517627976,1681.1709906596818,0.8050611752796129,77.57525563240051,20260223_172447_run13
multirocket_fm,CardanoSentiment,0.09090900524231699,0.2395273318348509,0.3015112025154571,0.00796019075648835,61.054134130477905,20260223_172548_run13
multirocket_fm,ChilledWaterPredictor,5784764.770600265,457.3304707652085,2405.1537935442434,0.055798190969263306,119.41565918922424,20260223_172750_run13
multirocket_fm,CopperConcentration,5.342584076894959,0.9480265809669065,2.3114030537521923,0.2675355319290508,71.84230637550354,20260223_172922_run13
multirocket_fm,Covid19Andalusia,0.00016174087500513064,0.008159503238396027,0.01271773859635158,0.8468071982721487,68.15188574790955,20260223_173031_run13
multirocket_fm,DailyOilGasPrices,1.6605551893326753,0.8853269830944894,1.2886253099069083,0.4577905737506952,130.27588748931885,20260223_173241_run13
multirocket_fm,DhakaHourlyAirQuality,14.601427056503864,1.7034585351785279,3.821181369223903,0.9962545798259647,78.00866675376892,20260223_173400_run13
multirocket_fm,ElectricityPredictor,219582.70776635574,213.8559226211588,468.59652982747934,-0.008190322571732356,121.6655626296997,20260223_173607_run13
multirocket_fm,EthereumSentiment,0.03977174276696431,0.15455673613849086,0.19942854050251763,0.26473902222386125,136.65195155143738,20260223_173824_run13
multirocket_fm,GasSensorArrayAcetone,0.005391380445204616,0.026504566347056033,0.07342602021902464,0.9396165390137083,69.38688898086548,20260223_174037_run13
multirocket_fm,GasSensorArrayEthanol,0.007745289019717616,0.03055959500202984,0.08800732367091739,0.9359666668973388,69.11651015281677,20260223_174251_run13
multirocket_fm,HotwaterPredictor,989484.7272022705,557.1090089459351,994.7284690820256,0.40103894702490406,116.18166756629944,20260223_174450_run13
multirocket_fm,IronConcentration,3010.5759598815202,35.700978158038595,54.86871567552425,0.43793527890176387,75.80332112312317,20260223_174619_run13
multirocket_fm,LPGasMonitoringHomeActivity,1.4734196189000048,0.8606721415233316,1.213844973174089,0.1406344197596583,145.4306721687317,20260223_174849_run13
multirocket_fm,MadridPM10Quality_nmv,56.3599837872865,5.653627657522309,7.507328671857021,0.6453085765634747,171.71466779708862,20260223_175222_run13
multirocket_fm,AcousticContaminationMadrid_nmv,8.394029779021313,2.378499857584635,2.8972452051942916,0.8149928846221204,95.75803303718567,20260223_175400_run14
multirocket_fm,AluminiumConcentration,64798.69976621127,152.55236284011758,254.55588731398706,0.7212043045298311,73.61606073379517,20260223_175534_run14
multirocket_fm,BarCrawl6min,0.0028503190439494635,0.03722009531098875,0.05338837929689815,0.283577511391239,59.92973232269287,20260223_175636_run14
multirocket_fm,BeijingIntAirportPM25Quality,2419.1564082432255,34.007200504426905,49.184920537124235,0.6101443927133408,126.16211748123169,20260223_175843_run14
multirocket_fm,BinanceCoinSentiment,0.1289349937841453,0.26391650610815126,0.35907519238196517,0.06603898806589092,148.5632131099701,20260223_180112_run14
multirocket_fm,BitcoinSentiment,0.03825866289002537,0.1404290263475776,0.19559821801341998,0.390921567563419,131.051109790802,20260223_180324_run14
multirocket_fm,BoronConcentration,0.0863327878909846,0.1729308089374069,0.29382441677128296,0.642320003012292,74.62090182304382,20260223_180459_run14
multirocket_fm,CalciumConcentration,1141923.1197269028,568.9877453836971,1068.6080290391342,0.7295411323059686,78.5867714881897,20260223_180642_run14
multirocket_fm,CardanoSentiment,0.10560066362977123,0.2575603342887128,0.32496255727355916,-0.11541588262293967,63.37009048461914,20260223_180746_run14
multirocket_fm,ChilledWaterPredictor,4627871.71567759,445.9764259214161,2151.248873486652,0.04565048134517602,121.4010717868805,20260223_180950_run14
multirocket_fm,CopperConcentration,1.2681360415377985,0.6226015499241768,1.126115465455385,0.36510620511658176,72.336421251297,20260223_181123_run14
multirocket_fm,Covid19Andalusia,0.00011416717202572162,0.0068583861052070785,0.010684903931515792,0.863939790416121,65.71988534927368,20260223_181229_run14
multirocket_fm,DailyOilGasPrices,1.6783414255934987,0.8947680348933428,1.2955081727235451,0.585733418532024,132.95713305473328,20260223_181442_run14
multirocket_fm,DhakaHourlyAirQuality,8.42716704491139,1.79571962279782,2.9029583264165866,0.9977574110661709,79.98508286476135,20260223_181603_run14
multirocket_fm,ElectricityPredictor,228253.65559041232,200.6647107819538,477.7589932072575,0.11737168859828118,125.24612522125244,20260223_181814_run14
multirocket_fm,EthereumSentiment,0.05630587988261462,0.17969929648414953,0.23728860040595,0.16935757187136902,145.127259016037,20260223_182039_run14
multirocket_fm,GasSensorArrayAcetone,0.012199998353239927,0.044372553987060595,0.11045360271733977,0.8836263272968607,70.68477320671082,20260223_182256_run14
multirocket_fm,GasSensorArrayEthanol,0.003860464599717164,0.03025294938863226,0.06213263715405265,0.9592944491433063,70.45757484436035,20260223_182513_run14
multirocket_fm,HotwaterPredictor,976480.1272013012,631.9223886846204,988.1700902179246,0.29633326925002523,117.73076868057251,20260223_182712_run14
multirocket_fm,IronConcentration,2967.5045680257667,35.54512370399807,54.47480672775046,0.5912193439549176,78.57148218154907,20260223_182845_run14
multirocket_fm,LPGasMonitoringHomeActivity,1.4315596537344544,0.8407632046712852,1.196478020581429,0.1167609346630486,144.19592308998108,20260223_183113_run14
multirocket_fm,MadridPM10Quality_nmv,54.38064911189051,5.600511592773783,7.374323637588095,0.6559061084937985,189.60212326049805,20260223_183503_run14
multirocket_fm,AcousticContaminationMadrid_nmv,11.547271681777486,2.5697120878431523,3.3981276729660244,0.6306939124221154,93.16230988502502,20260223_183638_run15
multirocket_fm,AluminiumConcentration,59004.828143827646,156.0712920199601,242.90909440329244,0.7688928675927356,70.92370200157166,20260223_183809_run15
multirocket_fm,BarCrawl6min,0.0022709460175508755,0.034797440362971305,0.04765444383843836,0.2636201852182042,61.8798565864563,20260223_183914_run15
multirocket_fm,BeijingIntAirportPM25Quality,2166.81812151884,32.58569747849373,46.549093670219186,0.6102066056331521,134.4578287601471,20260223_184129_run15
multirocket_fm,BinanceCoinSentiment,0.0971244013046284,0.2395332030414026,0.31164788031467244,0.10866756254325738,159.04743885993958,20260223_184408_run15
multirocket_fm,BitcoinSentiment,0.03159229302637881,0.1332123370350599,0.17774220946747232,0.4410219085924161,121.9439525604248,20260223_184611_run15
multirocket_fm,BoronConcentration,0.2559257612088282,0.21205428061427428,0.5058910566602539,0.5562682889371604,71.34498190879822,20260223_184742_run15
multirocket_fm,CalciumConcentration,2616614.075633634,691.7330411469624,1617.5951519566427,0.7495681715540847,78.4192910194397,20260223_184925_run15
multirocket_fm,CardanoSentiment,0.0907305587276197,0.2402440939917709,0.30121513694968866,-0.12583433819725176,62.09999322891235,20260223_185027_run15
multirocket_fm,ChilledWaterPredictor,3249766.086626446,453.80675208757935,1802.7107606675138,0.08031640884508129,123.21690964698792,20260223_185233_run15
multirocket_fm,CopperConcentration,1.2615932667085743,0.6873367910472175,1.1232066892200092,0.43032938023115597,71.07015252113342,20260223_185405_run15
multirocket_fm,Covid19Andalusia,0.0002983754741486965,0.009370348033210027,0.017273548394834703,0.6911565878416583,64.89414691925049,20260223_185510_run15
multirocket_fm,DailyOilGasPrices,2.736449899272324,1.0957184464597154,1.6542218410093381,0.5149984206896454,137.90662837028503,20260223_185728_run15
multirocket_fm,DhakaHourlyAirQuality,7.138599667493529,1.7118769802844978,2.6718157996938205,0.997979458394541,77.67358660697937,20260223_185847_run15
multirocket_fm,ElectricityPredictor,126541.52897612214,134.97668736378796,355.7267616811,0.2658710553961925,123.49436664581299,20260223_190055_run15
multirocket_fm,EthereumSentiment,0.04034017961522418,0.15470954060587927,0.20084864852725343,0.2739595269458668,123.05280613899231,20260223_190259_run15
multirocket_fm,GasSensorArrayAcetone,0.005803288909725686,0.03449703410294854,0.07617932074864993,0.9218251115940732,67.99988770484924,20260223_190511_run15
multirocket_fm,GasSensorArrayEthanol,0.006653765421740043,0.03305154258036573,0.08157061616623992,0.9263698045019734,68.38948059082031,20260223_190724_run15
multirocket_fm,HotwaterPredictor,1142051.5504545048,650.3579183900196,1068.6681198831118,0.2764077163572496,113.3123528957367,20260223_190920_run15
multirocket_fm,IronConcentration,2860.460037516918,36.16333289809849,53.48326876245428,0.5476558002333458,74.92230200767517,20260223_191048_run15
multirocket_fm,LPGasMonitoringHomeActivity,1.485016945218335,0.8659742183619856,1.2186127133828595,0.11586597717013347,142.7913854122162,20260223_191316_run15
multirocket_fm,MadridPM10Quality_nmv,57.04984767005735,5.551331525145157,7.55313495643083,0.661089522723655,181.0136194229126,20260223_191656_run15
multirocket_fm,AcousticContaminationMadrid_nmv,9.428557980840463,2.329849518669976,3.0705957045564403,0.7932316632206001,98.02431082725525,20260223_191837_run16
multirocket_fm,AluminiumConcentration,69695.98500461265,168.05244143725199,263.99997159964363,0.6972161147375968,71.48378443717957,20260223_192008_run16
multirocket_fm,BarCrawl6min,0.0022393790378584483,0.03415231252421938,0.047322077700143815,0.3427795004327362,60.2227098941803,20260223_192111_run16
multirocket_fm,BeijingIntAirportPM25Quality,2373.3852190974967,33.246482554802114,48.71740160453446,0.6005733200730854,134.72659277915955,20260223_192327_run16
multirocket_fm,BinanceCoinSentiment,0.12247269088247405,0.2582607489560224,0.34996098480041177,0.062419692858722176,131.9938781261444,20260223_192539_run16
multirocket_fm,BitcoinSentiment,0.043549369701357143,0.1339549197100401,0.20868485738394424,0.21668417846438925,130.3470859527588,20260223_192750_run16
multirocket_fm,BoronConcentration,1.5093961727444842,0.2934062129149808,1.2285748543513677,0.2099795821031426,74.60235667228699,20260223_192925_run16
multirocket_fm,CalciumConcentration,2439964.6888831034,577.9432184189402,1562.0386323273517,0.7424472077717275,77.70287990570068,20260223_193107_run16
multirocket_fm,CardanoSentiment,0.10478423032148992,0.25586263591592956,0.32370392385865504,0.0069202762118821814,58.69188904762268,20260223_193206_run16
multirocket_fm,ChilledWaterPredictor,188175.10185641935,295.081866752508,433.7915419373911,0.2804627840753776,117.60028553009033,20260223_193406_run16
multirocket_fm,CopperConcentration,3.432879106178649,0.8872445026690368,1.8528030403091014,0.4252402804451788,70.83830380439758,20260223_193537_run16
multirocket_fm,Covid19Andalusia,0.00021333550518449256,0.008913720604674406,0.01460600921485717,0.8341272540618843,64.27501320838928,20260223_193642_run16
multirocket_fm,DailyOilGasPrices,2.9955765089359288,1.1238963652260003,1.730773384627788,0.4903091440912408,144.045729637146,20260223_193906_run16
multirocket_fm,DhakaHourlyAirQuality,11.77837375297656,1.9367205066445428,3.4319635419066676,0.9971065806011059,77.67953109741211,20260223_194025_run16
multirocket_fm,ElectricityPredictor,201097.53022728296,179.89708636798153,448.4389927596428,0.016188479521100585,114.11533617973328,20260223_194224_run16
multirocket_fm,EthereumSentiment,0.05859857688093906,0.17625013503426706,0.24207142929503073,0.18187778581703629,137.72402095794678,20260223_194442_run16
multirocket_fm,GasSensorArrayAcetone,0.016680163069621175,0.05835725932817566,0.12915170563961273,0.847723666875687,67.6786994934082,20260223_194654_run16
multirocket_fm,GasSensorArrayEthanol,0.008550744705263976,0.04076869733063046,0.09247023686172744,0.9131863620374026,70.62921166419983,20260223_194910_run16
multirocket_fm,HotwaterPredictor,1429376.5443014838,705.7717147191779,1195.5653659677014,0.5020726501761774,123.39154243469238,20260223_195116_run16
multirocket_fm,IronConcentration,3332.9702979594053,37.40901669585187,57.73188285479182,0.5157142591793071,77.34186840057373,20260223_195247_run16
multirocket_fm,LPGasMonitoringHomeActivity,1.471011102084904,0.8457527230906441,1.2128524650941284,0.1267823359272109,143.52860260009766,20260223_195515_run16
multirocket_fm,MadridPM10Quality_nmv,59.284318112216006,5.699581947871427,7.699631037407962,0.6425673933008516,180.55693674087524,20260223_195855_run16
multirocket_fm,AcousticContaminationMadrid_nmv,13.842899668444009,2.799001375834147,3.720604744990256,0.7255757012570245,98.6054756641388,20260223_200036_run17
multirocket_fm,AluminiumConcentration,52641.431904064106,143.95934134621595,229.43720688690425,0.7685977844952843,73.7471296787262,20260223_200210_run17
multirocket_fm,BarCrawl6min,0.0018071088233300248,0.0316695804149717,0.04251010260314629,0.2780697358868889,62.57646298408508,20260223_200315_run17
multirocket_fm,BeijingIntAirportPM25Quality,2390.1994155765515,34.095860863809534,48.88966573394168,0.6077759603409274,131.74164843559265,20260223_200528_run17
multirocket_fm,BinanceCoinSentiment,0.12864246728020717,0.2645553043878532,0.35866762786765016,0.06131679414620472,152.1845464706421,20260223_200801_run17
multirocket_fm,BitcoinSentiment,0.035701794111644994,0.13061421699023248,0.18894918394014035,0.3795707339961971,127.0314474105835,20260223_201008_run17
multirocket_fm,BoronConcentration,0.25192704228186796,0.20342390558672077,0.5019233430334437,0.5882210593444435,70.96956324577332,20260223_201139_run17
multirocket_fm,CalciumConcentration,3662908.3597175176,816.4172186439074,1913.8726080169279,0.802664112761251,76.93607449531555,20260223_201321_run17
multirocket_fm,CardanoSentiment,0.06799001372378703,0.2009099658308607,0.260748947694496,-0.04579913728452878,59.81756114959717,20260223_201421_run17
multirocket_fm,ChilledWaterPredictor,7989508.718981149,618.8837156225229,2826.571902319336,0.029114962972423997,119.19402265548706,20260223_201623_run17
multirocket_fm,CopperConcentration,2.9150653415314736,0.8197288156895095,1.707356243298824,0.4474520248548034,70.63655948638916,20260223_201754_run17
multirocket_fm,Covid19Andalusia,0.00010502502945532452,0.006704912388750901,0.010248172005549307,0.8961330188060197,64.43832349777222,20260223_201858_run17
multirocket_fm,DailyOilGasPrices,2.3401189830684226,1.039386567375578,1.5297447444160162,0.5230688859258843,141.99181032180786,20260223_202121_run17
multirocket_fm,DhakaHourlyAirQuality,11.392004093287824,1.8669157309744608,3.3752043039329966,0.9970702477428706,77.43496751785278,20260223_202239_run17
multirocket_fm,ElectricityPredictor,142578.9663077187,163.05824776796274,377.5963007071424,0.1735542359001544,124.91465282440186,20260223_202449_run17
multirocket_fm,EthereumSentiment,0.04558358939733381,0.16450188687438158,0.21350313673886342,0.21273278460676615,115.89617443084717,20260223_202645_run17
multirocket_fm,GasSensorArrayAcetone,0.009017910718999367,0.04374680952211617,0.0949626806645609,0.9071607645115201,67.42684030532837,20260223_202857_run17
multirocket_fm,GasSensorArrayEthanol,0.012256630810630487,0.042184273542828,0.110709669002443,0.8747497581395425,67.4021065235138,20260223_203110_run17
multirocket_fm,HotwaterPredictor,1369804.4131771217,741.4090707593884,1170.3864375398075,0.22594876927713936,113.4047441482544,20260223_203306_run17
multirocket_fm,IronConcentration,3436.191929105971,38.97323875302853,58.619040670297316,0.45550392827418973,74.84432744979858,20260223_203434_run17
multirocket_fm,LPGasMonitoringHomeActivity,1.438358651743145,0.8356498913251332,1.1993159099016177,0.15297543727439555,141.3726258277893,20260223_203700_run17
multirocket_fm,MadridPM10Quality_nmv,54.52320234203126,5.5480897758998795,7.383982823790373,0.6702932159735264,182.53473138809204,20260223_204042_run17
multirocket_fm,AcousticContaminationMadrid_nmv,8.826736896506238,2.3311866336398652,2.970982480006612,0.8077965829436049,93.43360209465027,20260223_204218_run18
multirocket_fm,AluminiumConcentration,50967.86155252672,139.72252796637318,225.76062888051743,0.7697970171008026,71.67231488227844,20260223_204350_run18
multirocket_fm,BarCrawl6min,0.0020571073972632027,0.03229495096535206,0.04535534585099316,0.37801829282264665,59.03687500953674,20260223_204452_run18
multirocket_fm,BeijingIntAirportPM25Quality,2520.932253075402,34.09780819806675,50.208886196323874,0.5929306884665602,137.52301669120789,20260223_204710_run18
multirocket_fm,BinanceCoinSentiment,0.12342247545483802,0.2504780490783951,0.35131535044008255,-0.08180041403149829,136.81386399269104,20260223_204927_run18
multirocket_fm,BitcoinSentiment,0.049461293597054735,0.15566706375694275,0.22239895142975546,0.33352388841760705,124.59643197059631,20260223_205132_run18
multirocket_fm,BoronConcentration,0.13062199474944647,0.1835340255981014,0.36141664979556,0.4321724033434683,72.56438660621643,20260223_205305_run18
multirocket_fm,CalciumConcentration,3094193.751413429,703.3459431037303,1759.0320495697142,0.809213516972368,77.14095902442932,20260223_205447_run18
multirocket_fm,CardanoSentiment,0.0724755074083573,0.2064666214448033,0.26921275491394775,-0.048447858632377105,61.87069845199585,20260223_205549_run18
multirocket_fm,ChilledWaterPredictor,10238617.065236572,647.0031329268438,3199.7839091470805,0.040881403652164194,122.61075854301453,20260223_205754_run18
multirocket_fm,CopperConcentration,2.2845746267573386,0.7919741799240391,1.5114809382712502,0.5007468661030757,73.10749316215515,20260223_205927_run18
multirocket_fm,Covid19Andalusia,0.00019580079395815726,0.008689224356969947,0.013992883689867406,0.8447780999674903,64.6843535900116,20260223_210032_run18
multirocket_fm,DailyOilGasPrices,1.146153628370951,0.7282075432634901,1.070585647377617,0.5556543344118714,139.24731278419495,20260223_210252_run18
multirocket_fm,DhakaHourlyAirQuality,7.343230440351531,1.6755405237645273,2.7098395598912366,0.9981076261593869,80.11183404922485,20260223_210413_run18
multirocket_fm,ElectricityPredictor,197542.38626264175,190.09241386490243,444.45740657867515,0.06117778056088452,115.80783677101135,20260223_210614_run18
multirocket_fm,EthereumSentiment,0.057984361108289355,0.17596850371026546,0.2407994209052201,0.15474970881969285,138.21106505393982,20260223_210833_run18
multirocket_fm,GasSensorArrayAcetone,0.007885675943301243,0.037900697689185886,0.08880132849964151,0.9236608737905483,67.00285315513611,20260223_211044_run18
multirocket_fm,GasSensorArrayEthanol,0.002021318352984245,0.025156867399356474,0.044959074200702186,0.9812396877916406,68.3583652973175,20260223_211258_run18
multirocket_fm,HotwaterPredictor,1301826.3751190552,725.895337623572,1140.976062465403,0.5101734310504711,118.01727986335754,20260223_211458_run18
multirocket_fm,IronConcentration,3257.4433404721685,33.42391968188078,57.074016333811386,0.5017420988798444,75.9134087562561,20260223_211627_run18
multirocket_fm,LPGasMonitoringHomeActivity,1.447257132732409,0.8574113869432182,1.2030200051256044,0.11505587047567367,142.9655680656433,20260223_211855_run18
multirocket_fm,MadridPM10Quality_nmv,56.69966455382658,5.705615158894812,7.5299179646146595,0.6648625334634737,175.3154420852661,20260223_212230_run18
multirocket_fm,AcousticContaminationMadrid_nmv,10.862400698779803,2.686726188659668,3.2958156348284717,0.7536513590003481,97.59124779701233,20260223_212410_run19
multirocket_fm,AluminiumConcentration,60131.30126779546,145.88716075497584,245.21684539973077,0.6976822357966284,72.33325695991516,20260223_212543_run19
multirocket_fm,BarCrawl6min,0.0021629626419919904,0.03584058433549292,0.04650766218583762,0.1777033702359918,59.071327686309814,20260223_212644_run19
multirocket_fm,BeijingIntAirportPM25Quality,2103.4127065860916,32.708629736792574,45.86297751548728,0.6070714883912778,132.15031671524048,20260223_212858_run19
multirocket_fm,BinanceCoinSentiment,0.09771455017257673,0.24419208342968665,0.312593266358341,-0.10825866991324906,148.3713595867157,20260223_213126_run19
multirocket_fm,BitcoinSentiment,0.03827127822439963,0.14397964442652464,0.19563046343655077,0.3869622269765163,124.09644055366516,20260223_213331_run19
multirocket_fm,BoronConcentration,0.5661156480463928,0.2291607863987776,0.7524065709750233,0.1312066324942689,71.48137021064758,20260223_213502_run19
multirocket_fm,CalciumConcentration,5627841.217289466,871.7385001012991,2372.307150705715,0.7189620123812293,78.80325198173523,20260223_213646_run19
multirocket_fm,CardanoSentiment,0.1074914700347312,0.25653251655390774,0.32785891788196214,-0.0613279279472525,62.53484559059143,20260223_213748_run19
multirocket_fm,ChilledWaterPredictor,9098201.56340812,656.6673586879186,3016.3225231079186,0.029624887235638164,122.55282711982727,20260223_213954_run19
multirocket_fm,CopperConcentration,2.647086878380084,0.8692443819208434,1.6269870553818442,0.39985459299513926,70.60435366630554,20260223_214124_run19
multirocket_fm,Covid19Andalusia,0.00017747255253106726,0.007827083266231598,0.01332188246949609,0.8053833792524359,63.454795598983765,20260223_214228_run19
multirocket_fm,DailyOilGasPrices,1.3352875750079958,0.7838195158574772,1.1555464400048991,0.5646642589832364,136.66110610961914,20260223_214445_run19
multirocket_fm,DhakaHourlyAirQuality,12.512254632423165,1.8473889662639722,3.537266548116379,0.9968267041151926,79.06011438369751,20260223_214606_run19
multirocket_fm,ElectricityPredictor,189402.88615359808,178.86545006289063,435.2044188121234,0.011070909142688712,118.80043816566467,20260223_214809_run19
multirocket_fm,EthereumSentiment,0.04015096323840902,0.15405416474453756,0.2003770526742247,0.27449063492467607,141.0438597202301,20260223_215031_run19
multirocket_fm,GasSensorArrayAcetone,0.0028855650130361968,0.02811711857861415,0.053717455384969574,0.9659415784416927,70.07417917251587,20260223_215245_run19
multirocket_fm,GasSensorArrayEthanol,0.007257547740478667,0.03849906068581082,0.08519124215832674,0.9294667481277392,69.48518490791321,20260223_215501_run19
multirocket_fm,HotwaterPredictor,1235963.5814878796,618.2937024126633,1111.738989820848,0.5148656378068612,114.72415947914124,20260223_215658_run19
multirocket_fm,IronConcentration,3767.6341264820317,37.34632250868756,61.38105673969805,0.49751703663996416,76.37704992294312,20260223_215827_run19
multirocket_fm,LPGasMonitoringHomeActivity,1.415098756244259,0.8485627589052198,1.1895792349584196,0.14748713071051878,142.81459522247314,20260223_220055_run19
multirocket_fm,MadridPM10Quality_nmv,58.742707912239375,5.614791808229984,7.664379160260756,0.6349633910926076,177.57772374153137,20260223_220433_run19
multirocket_fm,AcousticContaminationMadrid_nmv,11.91271683672336,2.6207930035061295,3.4514803833606473,0.7446024579759787,100.76473426818848,20260223_220616_run20
multirocket_fm,AluminiumConcentration,42414.05547359047,145.91309263522032,205.9467296987026,0.8093742213880011,73.42030668258667,20260223_220749_run20
multirocket_fm,BarCrawl6min,0.0018155938482608284,0.03042508005710207,0.04260978582744612,0.23020018082555138,63.43441414833069,20260223_220855_run20
multirocket_fm,BeijingIntAirportPM25Quality,2599.518733578432,34.823051149562254,50.985475711995,0.5941271945899391,132.1470549106598,20260223_221109_run20
multirocket_fm,BinanceCoinSentiment,0.12208546557899153,0.2849354110162469,0.3494073061328162,0.0789192395332774,152.25127172470093,20260223_221341_run20
multirocket_fm,BitcoinSentiment,0.0495588729962231,0.14875742572361228,0.22261822251608943,0.23078163086982717,126.10789489746094,20260223_221547_run20
multirocket_fm,BoronConcentration,0.533807135284035,0.2646035779346177,0.7306210613471493,0.46576623839651865,72.56989741325378,20260223_221720_run20
multirocket_fm,CalciumConcentration,2868613.345159461,741.6504327891085,1693.6981269280134,0.7270089882224029,77.57813024520874,20260223_221902_run20
multirocket_fm,CardanoSentiment,0.0690142685205012,0.20805250598517333,0.26270566899193704,-0.004351637256606367,62.34796118736267,20260223_222005_run20
multirocket_fm,ChilledWaterPredictor,201638.44193560907,316.13990309018664,449.04169287005976,0.1893249212052761,118.56050753593445,20260223_222206_run20
multirocket_fm,CopperConcentration,5.546565023447702,0.9284018963979034,2.355114651868928,0.31095221474921797,72.34637784957886,20260223_222339_run20
multirocket_fm,Covid19Andalusia,0.00017830697837459676,0.007952027016528482,0.01335316360921998,0.8865594200180587,63.6288959980011,20260223_222443_run20
multirocket_fm,DailyOilGasPrices,1.697096642391316,0.9141709777853955,1.3027266184396924,0.5449027326190649,140.48169660568237,20260223_222704_run20
multirocket_fm,DhakaHourlyAirQuality,7.42746174526002,1.7153603763140088,2.7253369966409697,0.9980013903375362,79.86428236961365,20260223_222825_run20
multirocket_fm,ElectricityPredictor,150799.83687750204,159.58712070971544,388.32954674799345,0.20040409730119235,116.09269642829895,20260223_223026_run20
multirocket_fm,EthereumSentiment,0.05418273181354593,0.17840963890792053,0.23277184497603212,0.1681802544346508,135.19564771652222,20260223_223241_run20
multirocket_fm,GasSensorArrayAcetone,0.009091140617601337,0.04788517449581247,0.09534747305304603,0.9048043017085323,67.22353672981262,20260223_223453_run20
multirocket_fm,GasSensorArrayEthanol,0.013141073126359535,0.04612168582745653,0.11463451978509587,0.8719212759503295,69.22514510154724,20260223_223708_run20
multirocket_fm,HotwaterPredictor,1564696.2049487396,743.5668069957895,1250.8781735040145,0.29991293421447407,115.69267177581787,20260223_223906_run20
multirocket_fm,IronConcentration,3965.1152110162684,36.6548611008188,62.96916079333016,0.43192696099619676,76.95545434951782,20260223_224036_run20
multirocket_fm,LPGasMonitoringHomeActivity,1.468593042848217,0.8459922104840898,1.2118552070475321,0.14640183283729524,143.83407044410706,20260223_224304_run20
multirocket_fm,MadridPM10Quality_nmv,57.365506445251015,5.61919388925535,7.574002009852586,0.6454551678718647,175.33597779273987,20260223_224640_run20
multirocket_fm,AcousticContaminationMadrid_nmv,14.288584207514134,2.9876623365614154,3.780024365994766,0.6570465268643343,96.62511420249939,20260223_224819_run21
multirocket_fm,AluminiumConcentration,43684.28865860141,131.26987264255746,209.00786745623097,0.8020297875058475,72.05524754524231,20260223_224951_run21
multirocket_fm,BarCrawl6min,0.002464045193700236,0.036792759652526395,0.049639149808394546,0.2964092583932555,62.345903635025024,20260223_225056_run21
multirocket_fm,BeijingIntAirportPM25Quality,2488.365578633761,35.613097483828916,49.88352011069148,0.6081819434564655,133.93549251556396,20260223_225311_run21
multirocket_fm,BinanceCoinSentiment,0.12020427856239839,0.2630080377589298,0.34670488684527995,-0.09644594483398472,142.276296377182,20260223_225534_run21
multirocket_fm,BitcoinSentiment,0.030932767260476703,0.12716817781859638,0.17587713683272393,0.4269551006584189,119.42951726913452,20260223_225733_run21
multirocket_fm,BoronConcentration,15.166930768921533,0.4962503561287207,3.8944743893010174,0.07471200630487707,73.91215229034424,20260223_225907_run21
multirocket_fm,CalciumConcentration,5825607.760586372,788.0135570857664,2413.629582306774,0.6018489266265867,78.17789053916931,20260223_230050_run21
multirocket_fm,CardanoSentiment,0.09037618605793506,0.22959215435042526,0.30062632296246955,-0.1029395603393739,60.97136664390564,20260223_230151_run21
multirocket_fm,ChilledWaterPredictor,8028621.241007621,634.9433017385935,2833.4821758761113,0.02997285128121041,120.58522367477417,20260223_230355_run21
multirocket_fm,CopperConcentration,3.813572757195321,0.841525494359284,1.9528371046237627,0.3483865387563695,72.1046130657196,20260223_230527_run21
multirocket_fm,Covid19Andalusia,0.00014782581996381248,0.007664065175854995,0.01215836419769586,0.8353747348883639,64.8587372303009,20260223_230632_run21
multirocket_fm,DailyOilGasPrices,3.422160129592185,1.1929625526625534,1.8499081408524545,0.30245686268262106,130.0070436000824,20260223_230842_run21
multirocket_fm,DhakaHourlyAirQuality,10.567796989165117,1.7256037537538422,3.250814819266874,0.9974538814609509,78.90938425064087,20260223_231003_run21
multirocket_fm,ElectricityPredictor,224903.6950115078,188.39307521014322,474.2401237891073,0.2358537738518215,121.97581505775452,20260223_231209_run21
multirocket_fm,EthereumSentiment,0.04519998119665751,0.16178996250228347,0.2126028720329467,0.19123842915290323,137.19919347763062,20260223_231427_run21
multirocket_fm,GasSensorArrayAcetone,0.00797323778687294,0.0442925510312073,0.08929298845302995,0.8858269816310312,68.31997561454773,20260223_231640_run21
multirocket_fm,GasSensorArrayEthanol,0.005195211877307005,0.0325786144367729,0.07207781820579064,0.9446052079517258,68.9357373714447,20260223_231854_run21
multirocket_fm,HotwaterPredictor,1099725.6956900423,611.0670943203573,1048.6780705679137,0.5103339365550185,110.50960421562195,20260223_232046_run21
multirocket_fm,IronConcentration,2736.041717215105,34.87450460019319,52.307186095364614,0.5000822693572257,75.73376965522766,20260223_232216_run21
multirocket_fm,LPGasMonitoringHomeActivity,1.6028309315973301,0.8774349981889071,1.2660295934919255,0.12788295794521176,141.95891094207764,20260223_232442_run21
multirocket_fm,MadridPM10Quality_nmv,60.927560400913514,5.83324692542002,7.805610828174404,0.624513424528711,179.0098955631256,20260223_232821_run21
multirocket_fm,MagnesiumConcentration,12458.474926477871,44.78036588506314,111.61753861503071,0.9468306153077577,90.5327661037445,20260223_085258_run1
multirocket_fm,ManganeseConcentration,4036.0205626249035,43.252185384957684,63.52968253206452,0.6385899890182858,75.49348163604736,20260223_085427_run1
multirocket_fm,MethaneMonitoringHomeActivity,0.27166261446826917,0.3389823943179447,0.5212126384387366,0.2980288173509854,140.76453852653503,20260223_085653_run1
multirocket_fm,MetroInterstateTrafficVolume,319621.8240703723,467.917649026113,565.3510626773176,0.033138456419570694,183.5102846622467,20260223_090016_run1
multirocket_fm,NaturalGasPricesSentiment,0.003121001934808013,0.04738944102875094,0.0558659282103861,0.5898105130243793,60.774574995040894,20260223_090117_run1
multirocket_fm,OccupancyDetectionLight,3928.85560555646,27.391288107822835,62.68058395991904,0.9019963536116716,161.72502613067627,20260223_090359_run1
multirocket_fm,ParkingBirmingham_eq,0.011034864574966356,0.0632143597361223,0.10504696366371737,0.7884156484978269,112.26068353652954,20260223_090552_run1
multirocket_fm,PhosphorusConcentration,531.1238796733851,5.803943082523346,23.046125046813945,0.4709736984509416,89.20617151260376,20260223_090921_run1
multirocket_fm,PotassiumConcentration,20797.649080444266,44.253614081030655,144.2139004411304,0.7221391027426645,89.30269598960876,20260223_091248_run1
multirocket_fm,PrecipitationAndalusia_nmv,0.13314440514171036,0.23402321914502544,0.3648895793821884,0.6856752332909394,129.0628604888916,20260223_091506_run1
multirocket_fm,SierraNevadaMountainsSnow,1638.3541505537976,19.6724840040569,40.47658768416376,0.8326255748683238,82.17006349563599,20260223_091629_run1
multirocket_fm,SodiumConcentration,169746.44905802756,80.41256317263743,412.00297214707996,0.052737853365036225,75.78941702842712,20260223_091758_run1
multirocket_fm,SolarRadiationAndalusia_nmv,0.44521576685381525,0.5042752532880114,0.6672449077016739,0.28942080437231876,101.49332356452942,20260223_091948_run1
multirocket_fm,SteamPredictor,113334430.2187387,2965.782561781395,10645.864465544295,0.09893885933649149,116.94520497322083,20260223_092147_run1
multirocket_fm,SulphurConcentration,3425.7212962354815,13.859929221487794,58.529661678805915,-0.029035093299121684,75.72270441055298,20260223_092328_run1
multirocket_fm,WaveDataTension,197.0189075808307,11.3318054563445,14.036342386135738,0.3391250523069609,89.15006422996521,20260223_092459_run1
multirocket_fm,WindTurbinePower,7548.737255986634,60.27486324160992,86.88346940578877,0.9909754109740943,64.81595778465271,20260223_092607_run1
multirocket_fm,ZincConcentration,1.0826770042651868,0.727318854444314,1.040517661678641,0.058045690085537616,75.46100306510925,20260223_092747_run1
multirocket_fm,MagnesiumConcentration,22970.067841630367,47.49746619783638,151.55879334974387,0.8858176911683971,86.25102353096008,20260223_093111_run2
multirocket_fm,ManganeseConcentration,4721.497745459725,44.77510320141005,68.71315554869915,0.6288629443623572,74.43180751800537,20260223_093240_run2
multirocket_fm,MethaneMonitoringHomeActivity,0.23152723024405894,0.31639462695424014,0.48117276548455956,0.24325264380351275,138.64369654655457,20260223_093503_run2
multirocket_fm,MetroInterstateTrafficVolume,319407.42977416096,457.8601847888128,565.161419219466,0.018121577079242446,191.39200115203857,20260223_093816_run2
multirocket_fm,NaturalGasPricesSentiment,0.004899247095503477,0.05296114375247257,0.06999462190413973,0.32114214811960684,57.4326491355896,20260223_093913_run2
multirocket_fm,OccupancyDetectionLight,2463.3079030693534,22.51514570278363,49.631722749360144,0.9453595339560839,171.5012285709381,20260223_094205_run2
multirocket_fm,ParkingBirmingham_eq,0.010678428730707089,0.059552972088679816,0.10333648305756825,0.7873155181464558,111.46387457847595,20260223_094358_run2
multirocket_fm,PhosphorusConcentration,679.0041822847032,6.1144088960584,26.057708692145273,0.4440491294879919,86.62364459037781,20260223_094723_run2
multirocket_fm,PotassiumConcentration,18431.703218331375,50.22999365117198,135.76340898169644,0.7957248237449703,88.40745973587036,20260223_095049_run2
multirocket_fm,PrecipitationAndalusia_nmv,0.07233782275439193,0.19601627099938992,0.26895691616761214,0.7548755962852716,134.65052199363708,20260223_095314_run2
multirocket_fm,SierraNevadaMountainsSnow,1112.3518552443036,17.28932677974845,33.35193930259984,0.9008226114618647,74.67532539367676,20260223_095429_run2
multirocket_fm,SodiumConcentration,919537.1774852538,117.20361435895411,958.9250113983126,0.00019874261691554818,74.27519178390503,20260223_095557_run2
multirocket_fm,SolarRadiationAndalusia_nmv,0.3979706675183766,0.4986278616844904,0.630849163840594,0.39400840352781064,95.59636497497559,20260223_095741_run2
multirocket_fm,SteamPredictor,444441815.1791956,7878.292364136431,21081.788709196277,0.3236154295466507,116.98368835449219,20260223_095940_run2
multirocket_fm,SulphurConcentration,140060.72109695149,53.45377778993976,374.2468718599415,0.027466872804820963,77.59533524513245,20260223_100122_run2
multirocket_fm,WaveDataTension,219.97750850023206,11.810468592524161,14.831638766509656,0.30043284124109215,89.64177751541138,20260223_100254_run2
multirocket_fm,WindTurbinePower,8113.194045472622,60.54595747841137,90.07327042731724,0.9900305354909176,63.43475532531738,20260223_100400_run2
multirocket_fm,ZincConcentration,3.051500638341158,0.8673071325811417,1.7468544983315462,0.17597104808493558,75.4062249660492,20260223_100540_run2
multirocket_fm,MagnesiumConcentration,14634.47059056419,44.364098445327826,120.97301596043718,0.9322928459591979,87.02588558197021,20260223_100905_run3
multirocket_fm,ManganeseConcentration,5861.310451870494,51.356015497166176,76.5591957368316,0.5064450693812526,73.84954881668091,20260223_101032_run3
multirocket_fm,MethaneMonitoringHomeActivity,0.24089815409712134,0.32307946296664775,0.490813767224516,0.25591047061717953,138.52369356155396,20260223_101256_run3
multirocket_fm,MetroInterstateTrafficVolume,283794.74295363354,441.26718148009417,532.7238899783204,0.03508508025473889,172.4332296848297,20260223_101549_run3
multirocket_fm,NaturalGasPricesSentiment,0.00259539942244894,0.0418874575563899,0.050945062787761286,0.5436359103676074,60.944583892822266,20260223_101650_run3
multirocket_fm,OccupancyDetectionLight,3031.9243767370453,22.22092654468051,55.0629128973127,0.9348853726105599,161.09947180747986,20260223_101932_run3
multirocket_fm,ParkingBirmingham_eq,0.01000326432460467,0.059301119460915985,0.10001632029126382,0.80136162666141,106.82828116416931,20260223_102120_run3
multirocket_fm,PhosphorusConcentration,163.22069603652784,4.213604685060713,12.775785535008321,0.7063892643331142,87.13060188293457,20260223_102445_run3
multirocket_fm,PotassiumConcentration,23399.453548979294,41.73529848313439,152.96879926631865,0.6430986634343223,86.33589839935303,20260223_102810_run3
multirocket_fm,PrecipitationAndalusia_nmv,0.09213838859918531,0.21710649369816362,0.3035430588881672,0.7077645715920173,126.04464411735535,20260223_103025_run3
multirocket_fm,SierraNevadaMountainsSnow,1714.0020062781234,21.133200487249095,41.40050731909119,0.8355436414774813,81.30052733421326,20260223_103147_run3
multirocket_fm,SodiumConcentration,1027589.824375576,141.80012785072537,1013.7010527643621,5.044706783974284e-05,72.49897384643555,20260223_103313_run3
multirocket_fm,SolarRadiationAndalusia_nmv,0.39034431092704064,0.47398003017319523,0.624775408388519,0.36740693106793976,95.97914481163025,20260223_103458_run3
multirocket_fm,SteamPredictor,759444023.1001611,8430.823488403123,27558.011958415307,0.11639672971695714,110.99023628234863,20260223_103651_run3
multirocket_fm,SulphurConcentration,5872.0230742164285,17.187088080241416,76.62912680056083,0.26435898484977605,76.10703921318054,20260223_103832_run3
multirocket_fm,WaveDataTension,193.62741188976068,11.367690386825878,13.9150067154048,0.3579985572898563,90.89170026779175,20260223_104005_run3
multirocket_fm,WindTurbinePower,6751.831766415453,58.05155366176797,82.1695306449748,0.9911712901972718,65.16650056838989,20260223_104113_run3
multirocket_fm,ZincConcentration,0.9661913162790358,0.6947598873293211,0.9829503122126956,0.02654042865634265,76.16338324546814,20260223_104254_run3
multirocket_fm,MagnesiumConcentration,30321.95071098962,49.10841341786179,174.1319922099027,0.8530704145364495,85.80035471916199,20260223_104617_run4
multirocket_fm,ManganeseConcentration,6336.905070542397,53.49150532589788,79.60467995377154,0.5109908462840524,72.9740002155304,20260223_104744_run4
multirocket_fm,MethaneMonitoringHomeActivity,0.24791702399709,0.33312849807512773,0.4979126670381966,0.24967704757382447,137.1983916759491,20260223_105006_run4
multirocket_fm,MetroInterstateTrafficVolume,331886.5495094905,468.0254129209474,576.0959551233549,0.020790889013089564,185.97013759613037,20260223_105313_run4
multirocket_fm,NaturalGasPricesSentiment,0.0029537432988454458,0.04354219664424123,0.054348351390317684,0.5448762633561127,59.40321588516235,20260223_105413_run4
multirocket_fm,OccupancyDetectionLight,3975.1287828499617,27.49255887602217,63.04862237075416,0.9000316474860844,166.014084815979,20260223_105659_run4
multirocket_fm,ParkingBirmingham_eq,0.008680739049788699,0.05615803878137117,0.09317048379067643,0.8219020334231975,103.38406419754028,20260223_105844_run4
multirocket_fm,PhosphorusConcentration,478.5465914805137,4.767721189339956,21.875707793818094,0.33766636372468606,87.43426322937012,20260223_110209_run4
multirocket_fm,PotassiumConcentration,24218.74435871815,44.70182914939447,155.6237268501116,0.7377317772824779,86.0944516658783,20260223_110533_run4
multirocket_fm,PrecipitationAndalusia_nmv,0.1197943324224509,0.20286510473609284,0.3461131786315726,0.680002837409716,132.34131264686584,20260223_110755_run4
multirocket_fm,SierraNevadaMountainsSnow,2253.117599523336,25.094293504260484,47.467015911297146,0.7869393367969484,74.38063263893127,20260223_110910_run4
multirocket_fm,SodiumConcentration,26597.133131645784,47.6617320892334,163.086275117331,0.3065657392187501,72.63868236541748,20260223_111036_run4
multirocket_fm,SolarRadiationAndalusia_nmv,0.35726103813473276,0.48075505124873186,0.5977131738005552,0.21977433742399533,92.4470784664154,20260223_111217_run4
multirocket_fm,SteamPredictor,427037515.3939612,6269.121624072794,20664.88604841462,0.1850794517840989,111.67359328269958,20260223_111411_run4
multirocket_fm,SulphurConcentration,1042.2421196949608,10.520635250990303,32.283774867492816,0.30012830895074427,75.55512046813965,20260223_111551_run4
multirocket_fm,WaveDataTension,203.14525161234292,11.325643203234062,14.252903269591881,0.3224090708790851,91.00615763664246,20260223_111725_run4
multirocket_fm,WindTurbinePower,7875.904076590463,62.25239122360237,88.74629049481709,0.9894352132720537,65.22865176200867,20260223_111832_run4
multirocket_fm,ZincConcentration,1.2884001329079409,0.7473720908764147,1.1350771484387927,0.21091455702211637,75.1226053237915,20260223_112013_run4
multirocket_fm,MagnesiumConcentration,14556.425647092768,49.800150842264635,120.65001304224036,0.9312886697039218,87.34824728965759,20260223_112337_run5
multirocket_fm,ManganeseConcentration,6164.222737710465,49.002666569771975,78.51256420287433,0.5258694047371443,75.18406510353088,20260223_112506_run5
multirocket_fm,MethaneMonitoringHomeActivity,0.2982586269303929,0.3381034755078975,0.546130595123907,0.23532248207756168,138.22138833999634,20260223_112729_run5
multirocket_fm,MetroInterstateTrafficVolume,338666.09752061905,491.5973570383847,581.9502534758611,0.004560758125316089,187.24497485160828,20260223_113038_run5
multirocket_fm,NaturalGasPricesSentiment,0.003366865888583113,0.04708170550786981,0.05802470067637672,0.4647426977426885,58.22872996330261,20260223_113136_run5
multirocket_fm,OccupancyDetectionLight,2415.7378904901657,24.021860095328957,49.15015656628334,0.9460778468901319,163.77203583717346,20260223_113420_run5
multirocket_fm,ParkingBirmingham_eq,0.010552443355157188,0.06219389786028659,0.10272508629909828,0.7932401526621758,105.90865874290466,20260223_113607_run5
multirocket_fm,PhosphorusConcentration,261.05966522663067,4.769817148819323,16.157340908287807,0.66066422171408,88.1682436466217,20260223_113934_run5
multirocket_fm,PotassiumConcentration,32706.950951802544,50.26386954500572,180.85063160465475,0.6996994472609466,87.95240926742554,20260223_114300_run5
multirocket_fm,PrecipitationAndalusia_nmv,0.09197703648555614,0.22284964525505963,0.30327716116706865,0.7607222314945807,129.32295656204224,20260223_114519_run5
multirocket_fm,SierraNevadaMountainsSnow,2623.257494040903,25.458477039333186,51.2177458898857,0.7187293613404371,81.75978827476501,20260223_114641_run5
multirocket_fm,SodiumConcentration,63435.96112462006,56.68850194336938,251.86496605248627,0.07190259271980548,74.00518369674683,20260223_114808_run5
multirocket_fm,SolarRadiationAndalusia_nmv,0.38161777620302856,0.47579484144405626,0.6177521964372353,0.4296085959936027,96.49805164337158,20260223_114954_run5
multirocket_fm,SteamPredictor,1132751184.5534327,9973.017125416904,33656.36915285772,0.047993438073037575,117.68964290618896,20260223_115153_run5
multirocket_fm,SulphurConcentration,127645.04604669563,42.866299359246696,357.2744687865278,0.01009805936319097,76.10017156600952,20260223_115334_run5
multirocket_fm,WaveDataTension,223.89177624078377,11.885901893484974,14.963013608253645,0.3025476665159941,87.81314539909363,20260223_115504_run5
multirocket_fm,WindTurbinePower,7872.779019727188,58.82324887549976,88.72868205787341,0.9897510538443425,64.43979525566101,20260223_115611_run5
multirocket_fm,ZincConcentration,1.305165034692573,0.7540972109989346,1.1424381973186002,0.12678089823993033,74.66430974006653,20260223_115751_run5
multirocket_fm,MagnesiumConcentration,24181.06889966853,51.307847675249356,155.50263309561203,0.8900545824901277,86.8868556022644,20260223_120115_run6
multirocket_fm,ManganeseConcentration,3624.7622321777762,43.605826785543684,60.20599830729307,0.5902220054529002,72.85058259963989,20260223_120242_run6
multirocket_fm,MethaneMonitoringHomeActivity,0.25875724461899685,0.3319149449868335,0.5086818697565275,0.2636362227553958,137.63369798660278,20260223_120504_run6
multirocket_fm,MetroInterstateTrafficVolume,304900.10302311264,465.45719222674086,552.1776009791711,0.01793725267763746,195.50602912902832,20260223_120821_run6
multirocket_fm,NaturalGasPricesSentiment,0.003821433957150081,0.05234316749354969,0.061817747913929064,0.29857007223009113,59.65548324584961,20260223_120920_run6
multirocket_fm,OccupancyDetectionLight,3846.561385060781,29.829791977490764,62.02065289128115,0.8922512688756141,166.79444289207458,20260223_121208_run6
multirocket_fm,ParkingBirmingham_eq,0.008740957919629136,0.05547324987887313,0.09349309022397931,0.8164035238496392,111.10666608810425,20260223_121400_run6
multirocket_fm,PhosphorusConcentration,335.77711062712643,4.976599890646051,18.324221965123826,0.6225908636168178,87.68768692016602,20260223_121726_run6
multirocket_fm,PotassiumConcentration,13784.640516248346,45.059376383780005,117.40800873981445,0.8667320289686102,88.31286668777466,20260223_122052_run6
multirocket_fm,PrecipitationAndalusia_nmv,0.11316573906383284,0.22617254898527717,0.33640115794068376,0.6919569480912049,130.384934425354,20260223_122312_run6
multirocket_fm,SierraNevadaMountainsSnow,1580.1164967772806,20.501822179820635,39.75067919894301,0.8309342867423515,84.09879493713379,20260223_122436_run6
multirocket_fm,SodiumConcentration,44268.15271224613,49.508208938231746,210.39998268119254,0.14275758099482783,74.13035988807678,20260223_122604_run6
multirocket_fm,SolarRadiationAndalusia_nmv,0.39089055604452055,0.488997015681323,0.6252124087416376,0.280655434802799,96.63637971878052,20260223_122750_run6
multirocket_fm,SteamPredictor,933228572.8175566,10258.359087317445,30548.790038519637,0.1338433016787477,118.7055025100708,20260223_122950_run6
multirocket_fm,SulphurConcentration,81282.69098772814,29.372137741668062,285.10119429375976,0.0018830510048778448,76.35697841644287,20260223_123132_run6
multirocket_fm,WaveDataTension,220.77929919800079,11.96527981769048,14.858643921906225,0.32870296590691905,86.69920897483826,20260223_123300_run6
multirocket_fm,WindTurbinePower,8101.597289335086,57.90674788514017,90.0088733922111,0.9892375734109722,62.486388206481934,20260223_123406_run6
multirocket_fm,ZincConcentration,2.21326073547609,0.7281404210545004,1.4877031745197327,0.15266674102580102,75.67871022224426,20260223_123546_run6
multirocket_fm,MagnesiumConcentration,19357.1427742684,45.27123045707212,139.12994923548416,0.9223586479482078,85.67323899269104,20260223_123910_run7
multirocket_fm,ManganeseConcentration,6401.136372988271,49.65773811945708,80.00710201593526,0.48117224171262174,73.10274338722229,20260223_124037_run7
multirocket_fm,MethaneMonitoringHomeActivity,0.24356815000629733,0.3207254493232791,0.49352624044350196,0.32673682814836413,138.69581580162048,20260223_124301_run7
multirocket_fm,MetroInterstateTrafficVolume,295508.0109922458,445.5693004869435,543.6064854214359,0.04209648795316023,176.5917603969574,20260223_124558_run7
multirocket_fm,NaturalGasPricesSentiment,0.0029224872465409466,0.044998312712861956,0.05406003372678329,0.5134717397544935,60.023075103759766,20260223_124658_run7
multirocket_fm,OccupancyDetectionLight,2085.3822079140114,21.530230146858134,45.66598523971657,0.9393332428273775,164.90024161338806,20260223_124944_run7
multirocket_fm,ParkingBirmingham_eq,0.01089784010721641,0.06126890764563844,0.10439272056621769,0.7822630606927864,112.36930656433105,20260223_125137_run7
multirocket_fm,PhosphorusConcentration,391.32077511331886,5.17596522294433,19.781829417759088,0.5429015533694601,87.12604570388794,20260223_125503_run7
multirocket_fm,PotassiumConcentration,40451.80223675028,49.22448923755868,201.1263340210582,0.6563343617234982,85.65261650085449,20260223_125826_run7
multirocket_fm,PrecipitationAndalusia_nmv,0.12630248127042293,0.20252436189314074,0.35539060380153964,0.6808891440846505,131.0178472995758,20260223_130047_run7
multirocket_fm,SierraNevadaMountainsSnow,1693.6042198047412,21.189955554807185,41.15342294153356,0.8017967582629609,79.07065892219543,20260223_130207_run7
multirocket_fm,SodiumConcentration,127760.35663960087,69.89527314066235,357.43580771881386,0.12741068774002917,74.18175292015076,20260223_130334_run7
multirocket_fm,SolarRadiationAndalusia_nmv,0.3238315733705326,0.4524896917452228,0.5690620118849373,0.33503171345008387,96.53616523742676,20260223_130520_run7
multirocket_fm,SteamPredictor,599893521.5392228,8237.078041398612,24492.72384891527,0.1520820446988036,111.34270334243774,20260223_130713_run7
multirocket_fm,SulphurConcentration,5146.419984687209,16.009924830960976,71.73855298712965,0.3785032775061311,76.21972179412842,20260223_130854_run7
multirocket_fm,WaveDataTension,205.92540757266718,11.26502731844338,14.350101308794555,0.3117897781357091,88.98164939880371,20260223_131025_run7
multirocket_fm,WindTurbinePower,6845.428963809971,54.4500908678828,82.73710753833475,0.9906291113007163,62.39451622962952,20260223_131130_run7
multirocket_fm,ZincConcentration,2.300956718964203,0.7887340190073582,1.5168904769178964,0.013160023775499297,73.97487711906433,20260223_131309_run7
multirocket_fm,MagnesiumConcentration,16233.692364304403,49.52030845088987,127.4115079743757,0.9233294116526815,85.66010546684265,20260223_131633_run8
multirocket_fm,ManganeseConcentration,4870.395060884681,46.513566574221066,69.78821577375854,0.5506625635152315,73.43508577346802,20260223_131800_run8
multirocket_fm,MethaneMonitoringHomeActivity,0.24614354341805675,0.3221066246535323,0.4961285553342568,0.2712090159400862,137.014639377594,20260223_132022_run8
multirocket_fm,MetroInterstateTrafficVolume,277038.72402306076,447.28108278039383,526.3446817657235,0.004077173955117308,196.60525512695312,20260223_132339_run8
multirocket_fm,NaturalGasPricesSentiment,0.0038367591387550304,0.05266662779525593,0.06194157843286713,0.6010285872452391,60.60656118392944,20260223_132440_run8
multirocket_fm,OccupancyDetectionLight,5430.677845011776,29.00620675611565,73.69313295695723,0.8626374077801754,160.70203375816345,20260223_132721_run8
multirocket_fm,ParkingBirmingham_eq,0.009481987034299179,0.058958461087050405,0.09737549504007248,0.8062098068150314,109.04530787467957,20260223_132911_run8
multirocket_fm,PhosphorusConcentration,248.19750232180417,5.138612144011039,15.754285205041965,0.6575283634859899,87.03539991378784,20260223_133236_run8
multirocket_fm,PotassiumConcentration,16798.966006669863,46.7501109057941,129.61082519091477,0.7166388338220204,85.50784540176392,20260223_133600_run8
multirocket_fm,PrecipitationAndalusia_nmv,0.06932445868777151,0.1799320933469778,0.26329538295946536,0.8089889612859661,128.68330240249634,20260223_133818_run8
multirocket_fm,SierraNevadaMountainsSnow,1629.087079257612,21.44705730018169,40.36195088517913,0.8228163954377005,82.62600421905518,20260223_133941_run8
multirocket_fm,SodiumConcentration,110368.62434387443,62.18132879705377,332.21773634752617,0.04630763779726843,73.67050528526306,20260223_134109_run8
multirocket_fm,SolarRadiationAndalusia_nmv,0.45016627004116194,0.5152542827784041,0.6709443121758779,0.18393845206430426,97.04221415519714,20260223_134254_run8
multirocket_fm,SteamPredictor,1669335488.0521524,12855.125051334959,40857.50222483201,0.08487832626630121,114.73563361167908,20260223_134451_run8
multirocket_fm,SulphurConcentration,122632.74612517281,43.89024070354282,350.18958597475853,0.047364309364193224,75.67982244491577,20260223_134632_run8
multirocket_fm,WaveDataTension,209.60904586205436,11.614213486616253,14.47788126288009,0.35958375139820464,87.43418669700623,20260223_134801_run8
multirocket_fm,WindTurbinePower,6180.14579082497,51.97739839017192,78.61390329213383,0.992378808469585,64.18344569206238,20260223_134908_run8
multirocket_fm,ZincConcentration,1.1110462408273771,0.6813829974149533,1.0540617822629645,0.1886915493478757,75.48527121543884,20260223_135048_run8
multirocket_fm,MagnesiumConcentration,22400.267142267632,44.05763215328154,149.66718792797448,0.8726209953588503,86.22116255760193,20260223_135413_run9
multirocket_fm,ManganeseConcentration,5768.920562939165,49.11184363568347,75.95341047602251,0.5189508890196961,72.44526815414429,20260223_135539_run9
multirocket_fm,MethaneMonitoringHomeActivity,0.24215657496553422,0.32249356147441194,0.49209407125623267,0.3182124275799768,136.30129408836365,20260223_135800_run9
multirocket_fm,MetroInterstateTrafficVolume,288838.32502281544,452.3956438177797,537.4368102603463,0.029753635527559386,176.9366476535797,20260223_140058_run9
multirocket_fm,NaturalGasPricesSentiment,0.0027837011235592947,0.04296799079942091,0.052760791536512176,0.6233361978202201,57.05048155784607,20260223_140155_run9
multirocket_fm,OccupancyDetectionLight,3441.912748977812,23.505250535188186,58.66781697811682,0.9150481498646105,163.93612241744995,20260223_140440_run9
multirocket_fm,ParkingBirmingham_eq,0.010613100508175762,0.060097567688066254,0.10301990345644749,0.7855626395493682,109.27378869056702,20260223_140630_run9
multirocket_fm,PhosphorusConcentration,643.3045426007293,5.7454621688440115,25.363448949240507,0.4499672216267433,88.998055934906,20260223_140957_run9
multirocket_fm,PotassiumConcentration,17866.237785333247,47.369276371829706,133.66464672954194,0.8388472404174095,87.7220869064331,20260223_141323_run9
multirocket_fm,PrecipitationAndalusia_nmv,0.12281395464792333,0.22099415146542017,0.35044821963868406,0.7024620724852786,128.3307592868805,20260223_141541_run9
multirocket_fm,SierraNevadaMountainsSnow,2397.76592607163,23.47239668863783,48.96698812538535,0.7843957439661485,73.47682571411133,20260223_141655_run9
multirocket_fm,SodiumConcentration,874249.6171934138,97.32128694491361,935.0131641818813,-0.0014079179307411316,73.08577942848206,20260223_141822_run9
multirocket_fm,SolarRadiationAndalusia_nmv,0.35968965310831386,0.46201911475766283,0.5997413218282645,0.30390192791210924,94.75223803520203,20260223_142005_run9
multirocket_fm,SteamPredictor,1574228372.7942762,12157.148309446475,39676.54688596623,0.016637500085567525,113.98685121536255,20260223_142201_run9
multirocket_fm,SulphurConcentration,83988.28774621691,33.77630405709631,289.80732866202146,0.002719381344222338,73.90442943572998,20260223_142340_run9
multirocket_fm,WaveDataTension,209.4588034906627,11.761964525869379,14.472691646361525,0.2917390467040507,87.43616390228271,20260223_142510_run9
multirocket_fm,WindTurbinePower,6672.747712823546,56.91241501050379,81.68688825523681,0.9914282247434052,63.314568758010864,20260223_142616_run9
multirocket_fm,ZincConcentration,1.9982566010003333,0.7832963588659677,1.4135970433614855,0.18571116047157987,75.72285676002502,20260223_142757_run9
multirocket_fm,MagnesiumConcentration,20476.484904434445,43.29890940072326,143.09606879447963,0.9088317745300558,89.79816627502441,20260223_143124_run10
multirocket_fm,ManganeseConcentration,5767.432362135326,49.666696907665425,75.9436130437269,0.4823837585981573,76.17349624633789,20260223_143254_run10
multirocket_fm,MethaneMonitoringHomeActivity,0.2160724428633561,0.3232145408747577,0.46483593112339766,0.31225491521680826,136.96864318847656,20260223_143516_run10
multirocket_fm,MetroInterstateTrafficVolume,305321.0353668485,467.4767170109161,552.5586261808321,0.0118945955912505,179.45622873306274,20260223_143816_run10
multirocket_fm,NaturalGasPricesSentiment,0.0030248132772515168,0.04185875725326361,0.05499830249427265,0.5154459515068657,57.2575523853302,20260223_143913_run10
multirocket_fm,OccupancyDetectionLight,1885.269173693176,20.649261062620536,43.41968647621924,0.9542888007464227,169.93595838546753,20260223_144204_run10
multirocket_fm,ParkingBirmingham_eq,0.009151210492207474,0.05730834136068706,0.09566195948341992,0.8165620452506178,108.2099552154541,20260223_144353_run10
multirocket_fm,PhosphorusConcentration,511.4999564855825,4.926631317442435,22.61636479378555,0.383119190549685,86.071373462677,20260223_144717_run10
multirocket_fm,PotassiumConcentration,14648.581946702985,44.21441927415195,121.03132630316411,0.8695067213269517,87.67022562026978,20260223_145042_run10
multirocket_fm,PrecipitationAndalusia_nmv,0.09072183302095375,0.20708866268118212,0.30120065242451544,0.733405848818619,133.09076595306396,20260223_145305_run10
multirocket_fm,SierraNevadaMountainsSnow,2118.5166855707826,24.112989946351252,46.02734714895898,0.7788957166014724,78.84588742256165,20260223_145424_run10
multirocket_fm,SodiumConcentration,158966.90246091646,73.47476216038771,398.7065367672274,0.06230223874095331,72.586984872818,20260223_145551_run10
multirocket_fm,SolarRadiationAndalusia_nmv,0.39482723458596813,0.4887953702460955,0.6283527946830253,0.38351240917830065,96.82380771636963,20260223_145736_run10
multirocket_fm,SteamPredictor,1313251963.0966067,11374.91603817483,36238.818456133566,0.08559275201865624,111.4008538722992,20260223_145930_run10
multirocket_fm,SulphurConcentration,48161.65789807921,24.84766421908234,219.4576448841079,0.029117397956523128,74.79931545257568,20260223_150109_run10
multirocket_fm,WaveDataTension,202.08595804663508,11.461299992646014,14.215694075444754,0.3167102354519352,88.7763876914978,20260223_150240_run10
multirocket_fm,WindTurbinePower,7667.107560271024,60.24897810362861,87.5620212207954,0.9902119649193423,64.6542387008667,20260223_150348_run10
multirocket_fm,ZincConcentration,3.075818246237166,0.8513191627392592,1.7538010851396935,0.11882860437290266,77.06887888908386,20260223_150530_run10
multirocket_fm,MagnesiumConcentration,6094.442579759614,39.18317677219317,78.0669109146738,0.9690027839324319,89.12421202659607,20260223_150856_run11
multirocket_fm,ManganeseConcentration,5104.5902461603955,47.39042116841026,71.44641520860507,0.542537229825194,74.56466484069824,20260223_151025_run11
multirocket_fm,MethaneMonitoringHomeActivity,0.21287740566622954,0.3144560994857242,0.4613863951897905,0.2982220049294023,138.71865701675415,20260223_151248_run11
multirocket_fm,MetroInterstateTrafficVolume,316614.2746267132,472.58406419449193,562.6848803964019,0.02044403389121008,201.05417895317078,20260223_151610_run11
multirocket_fm,NaturalGasPricesSentiment,0.00303354753433399,0.04556069573411695,0.05507765004367915,0.3276473078981037,57.32862424850464,20260223_151708_run11
multirocket_fm,OccupancyDetectionLight,5322.191910070571,25.987359846330044,72.95335434420113,0.8254588163566545,162.32187509536743,20260223_151951_run11
multirocket_fm,ParkingBirmingham_eq,0.009477801471770244,0.06000562946156768,0.09735400080001974,0.8037900697149706,104.7298309803009,20260223_152137_run11
multirocket_fm,PhosphorusConcentration,204.7317000174839,4.941465449444806,14.308448553825949,0.6587964593682734,85.5403618812561,20260223_152501_run11
multirocket_fm,PotassiumConcentration,32226.807718874406,46.29193837999193,179.51826569704377,0.6739298193900125,86.47029113769531,20260223_152825_run11
multirocket_fm,PrecipitationAndalusia_nmv,0.06179343010438552,0.18912112137433784,0.24858284354392907,0.8138853682315731,126.74454236030579,20260223_153041_run11
multirocket_fm,SierraNevadaMountainsSnow,2103.502980316809,23.203649700360447,45.86396167272087,0.7319556857936496,81.46783542633057,20260223_153203_run11
multirocket_fm,SodiumConcentration,116804.4952947535,60.89741459714962,341.76672643010977,0.09010850301700957,74.27925562858582,20260223_153331_run11
multirocket_fm,SolarRadiationAndalusia_nmv,0.3719154061488768,0.47416673612410865,0.6098486747947205,0.3812903234360163,97.75023436546326,20260223_153518_run11
multirocket_fm,SteamPredictor,1251940107.4892957,10677.593977961387,35382.765684571576,0.0760070969757678,116.23868560791016,20260223_153716_run11
multirocket_fm,SulphurConcentration,46808.60190644878,23.028317610515977,216.35295677768949,0.04796721275803573,75.89498162269592,20260223_153857_run11
multirocket_fm,WaveDataTension,224.1293876455354,12.028713774016646,14.970951460930443,0.3029526369484252,88.81755042076111,20260223_154028_run11
multirocket_fm,WindTurbinePower,6235.463919725515,53.87609736264931,78.96495374357865,0.9919891874237581,63.488245725631714,20260223_154134_run11
multirocket_fm,ZincConcentration,0.9692788922893795,0.66422784718868,0.9845196251418148,0.17307940236487962,75.29782891273499,20260223_154314_run11
multirocket_fm,MagnesiumConcentration,7970.1727586260295,41.32811238347896,89.27582404338831,0.9519698336835651,86.75750684738159,20260223_154638_run12
multirocket_fm,ManganeseConcentration,5110.372289094244,46.84991131156425,71.48686794855573,0.5644914569851016,73.10865521430969,20260223_154805_run12
multirocket_fm,MethaneMonitoringHomeActivity,0.24132691659842773,0.3208258146226687,0.4912503604053922,0.2591233432710234,137.1107497215271,20260223_155027_run12
multirocket_fm,MetroInterstateTrafficVolume,300629.848089362,456.25875717929506,548.2972260456568,0.035876634270008534,194.7787594795227,20260223_155343_run12
multirocket_fm,NaturalGasPricesSentiment,0.003706692065563319,0.05072405481363065,0.060882608892550906,0.5459947686305285,60.79056739807129,20260223_155444_run12
multirocket_fm,OccupancyDetectionLight,1604.9370410396684,16.630288117455063,40.0616654801029,0.9460518143008235,168.8227789402008,20260223_155733_run12
multirocket_fm,ParkingBirmingham_eq,0.011980285717359852,0.06239550081964827,0.10945449153579698,0.7610029689015592,109.86683750152588,20260223_155924_run12
multirocket_fm,PhosphorusConcentration,299.3224281971895,4.714506183591772,17.300937205746674,0.5639457071661624,87.4321174621582,20260223_160250_run12
multirocket_fm,PotassiumConcentration,13732.571991216611,43.061824946299446,117.18605715364184,0.8659315300003886,85.70489978790283,20260223_160614_run12
multirocket_fm,PrecipitationAndalusia_nmv,0.10504005031318303,0.21955650009868963,0.3240988280034086,0.6915771760271546,129.12690925598145,20260223_160832_run12
multirocket_fm,SierraNevadaMountainsSnow,851.8339764406284,16.09456984207203,29.186194963383432,0.8951733381219172,81.92820477485657,20260223_160955_run12
multirocket_fm,SodiumConcentration,4239.826698117336,32.79586952292854,65.11395163954754,-0.2946877669680108,73.98938846588135,20260223_161122_run12
multirocket_fm,SolarRadiationAndalusia_nmv,0.3899453312139653,0.494682198453303,0.6244560282469578,0.27974920795909186,98.22717595100403,20260223_161309_run12
multirocket_fm,SteamPredictor,1525614434.757405,11663.008602397946,39059.114618196414,0.042959951411964625,116.96071672439575,20260223_161508_run12
multirocket_fm,SulphurConcentration,15776.697731285809,19.39139597773926,125.60532525050763,0.024426881484700846,74.92721962928772,20260223_161648_run12
multirocket_fm,WaveDataTension,205.86788913056827,11.463740147776816,14.348097056075703,0.2739886114447244,87.59458661079407,20260223_161818_run12
multirocket_fm,WindTurbinePower,8544.307490177147,61.30991755890105,92.43542335153307,0.98917589491904,65.00431394577026,20260223_161926_run12
multirocket_fm,ZincConcentration,2.2823713102218033,0.7582473245575788,1.5107519022731044,0.10593405306631765,77.05808615684509,20260223_162107_run12
multirocket_fm,MagnesiumConcentration,31811.41281072586,58.268892283691955,178.35754206291884,0.8914047147831416,87.76508927345276,20260223_162433_run13
multirocket_fm,ManganeseConcentration,7103.53420097369,56.402928991110436,84.28246674708619,0.4353006311148375,73.44351291656494,20260223_162600_run13
multirocket_fm,MethaneMonitoringHomeActivity,0.2847551584679987,0.3352091918169708,0.5336245482246845,0.252007694782439,137.24590158462524,20260223_162823_run13
multirocket_fm,MetroInterstateTrafficVolume,310647.7921664788,457.0790070276826,557.3578672329644,0.008921955842062013,196.9841034412384,20260223_163141_run13
multirocket_fm,NaturalGasPricesSentiment,0.0018433551443916639,0.03569534947965052,0.04293431197063328,0.731936517976031,60.998440980911255,20260223_163242_run13
multirocket_fm,OccupancyDetectionLight,4260.446881370371,27.967945724577515,65.27209879703862,0.8734743276701177,167.58080649375916,20260223_163530_run13
multirocket_fm,ParkingBirmingham_eq,0.009566482302860217,0.058965360359250145,0.09780839587101006,0.8010895517671702,104.8388671875,20260223_163716_run13
multirocket_fm,PhosphorusConcentration,82.93753137525442,3.840174616622924,9.107004522632808,0.7343086627897091,86.43211030960083,20260223_164040_run13
multirocket_fm,PotassiumConcentration,11042.748067054235,39.4936934264729,105.08448061942465,0.853682321065677,87.6745719909668,20260223_164406_run13
multirocket_fm,PrecipitationAndalusia_nmv,0.12055860589948734,0.20053366615155477,0.3472155035413703,0.6846219037777046,129.7433307170868,20260223_164625_run13
multirocket_fm,SierraNevadaMountainsSnow,1885.3534244517175,22.324490967537464,43.42065665615523,0.8223421782084235,79.3201539516449,20260223_164745_run13
multirocket_fm,SodiumConcentration,113846.31040744756,56.839338758082995,337.41118891857684,0.04578853956921425,74.26510787010193,20260223_164913_run13
multirocket_fm,SolarRadiationAndalusia_nmv,0.4426392220765175,0.513456584452745,0.6653113722735524,0.2762304888363678,97.88010048866272,20260223_165059_run13
multirocket_fm,SteamPredictor,345421694.33409214,6661.664676539768,18585.523784227662,-0.07630812178378332,116.49633502960205,20260223_165258_run13
multirocket_fm,SulphurConcentration,51028.62702867215,27.531975163804294,225.89516822781346,0.02616089004131361,76.01321864128113,20260223_165439_run13
multirocket_fm,WaveDataTension,195.07879087656156,11.251393305977533,13.967060924781618,0.3424093192611406,88.73555207252502,20260223_165610_run13
multirocket_fm,WindTurbinePower,5866.52912580792,53.9397982627903,76.59327076060873,0.9922260450151758,65.65258812904358,20260223_165718_run13
multirocket_fm,ZincConcentration,1.3347750626060992,0.7486793763075825,1.1553246567982955,0.12943506801149207,73.98094773292542,20260223_165857_run13
multirocket_fm,MagnesiumConcentration,8669.20270019558,45.968343092093015,93.10855331383675,0.9562278983116406,85.79675507545471,20260223_170220_run14
multirocket_fm,ManganeseConcentration,7163.844009313924,56.22711560549943,84.6394943824331,0.42831272177201585,72.59920907020569,20260223_170347_run14
multirocket_fm,MethaneMonitoringHomeActivity,0.23123743601751018,0.3209921215821584,0.4808715379573948,0.25798929389905156,138.26301670074463,20260223_170610_run14
multirocket_fm,MetroInterstateTrafficVolume,296820.19670630735,441.6035606628139,544.8120746700713,0.037718747336834446,183.61228394508362,20260223_170915_run14
multirocket_fm,NaturalGasPricesSentiment,0.00324586546108582,0.04756946632253393,0.056972497409590706,0.6632051783734105,60.7648286819458,20260223_171015_run14
multirocket_fm,OccupancyDetectionLight,2428.8900280550783,23.91531489795616,49.28377043261887,0.9351944660011784,179.67309522628784,20260223_171316_run14
multirocket_fm,ParkingBirmingham_eq,0.009106764752504843,0.05877218025681496,0.09542937049202851,0.8209604583852559,113.82939720153809,20260223_171511_run14
multirocket_fm,PhosphorusConcentration,221.9846565678269,5.082149681971162,14.899149524983864,0.6601822254085665,86.12286424636841,20260223_171835_run14
multirocket_fm,PotassiumConcentration,20695.77544170023,50.28887297906862,143.86026359526883,0.7829819296254515,86.44647526741028,20260223_172159_run14
multirocket_fm,PrecipitationAndalusia_nmv,0.1129091663248513,0.21214416041101142,0.3360195921741042,0.6768047644161854,130.08022689819336,20260223_172419_run14
multirocket_fm,SierraNevadaMountainsSnow,1839.0804471762478,23.176677679405906,42.884501246677075,0.8296300778497878,81.10226821899414,20260223_172541_run14
multirocket_fm,SodiumConcentration,105631.73066281895,49.65467850657813,325.0103547009217,0.07650313984723955,75.5410897731781,20260223_172710_run14
multirocket_fm,SolarRadiationAndalusia_nmv,0.32017393382783466,0.4383748471654185,0.5658391413006303,0.3998121964833897,91.76024723052979,20260223_172850_run14
multirocket_fm,SteamPredictor,217413391.06303725,4663.077549307117,14744.944593420392,-0.7206242725584338,113.19219088554382,20260223_173045_run14
multirocket_fm,SulphurConcentration,80409.85163220424,30.7457609551914,283.5663090569898,0.01067776897437478,73.54078102111816,20260223_173224_run14
multirocket_fm,WaveDataTension,205.41361972430587,11.612381120330268,14.332258012061668,0.3062368190505148,86.22245740890503,20260223_173352_run14
multirocket_fm,WindTurbinePower,5693.349696709498,53.19889506830991,75.45428878936902,0.9925697036333989,64.42720246315002,20260223_173459_run14
multirocket_fm,ZincConcentration,1.6513195512607286,0.7660535710923958,1.2850367898471735,0.29760071115908404,76.72930145263672,20260223_173641_run14
multirocket_fm,MagnesiumConcentration,10618.275152607917,42.40579291873128,103.04501517593133,0.9476843935579526,86.90877676010132,20260223_174005_run15
multirocket_fm,ManganeseConcentration,5154.099972247469,49.11094089197076,71.7920606491238,0.4568426959983354,75.3429844379425,20260223_174134_run15
multirocket_fm,MethaneMonitoringHomeActivity,0.25874186494142026,0.3324042520491866,0.5086667523452071,0.25262819501923317,140.66535186767578,20260223_174400_run15
multirocket_fm,MetroInterstateTrafficVolume,273507.29721401405,441.41907373715753,522.9792512270578,0.03166280705607194,181.84215450286865,20260223_174703_run15
multirocket_fm,NaturalGasPricesSentiment,0.002382996612081446,0.039209654392650395,0.048815946288906925,0.42738493470959427,59.32436394691467,20260223_174802_run15
multirocket_fm,OccupancyDetectionLight,2810.7348499123514,20.6593225792203,53.016363982381435,0.922048393677277,158.7929391860962,20260223_175042_run15
multirocket_fm,ParkingBirmingham_eq,0.00995524161681929,0.05835287691579233,0.0997759571080092,0.8041587490782711,112.33683753013611,20260223_175235_run15
multirocket_fm,PhosphorusConcentration,350.52783545269983,4.911879087749058,18.722388615043215,0.5391622068084394,85.96482849121094,20260223_175600_run15
multirocket_fm,PotassiumConcentration,23712.081720055106,46.606458941046256,153.9872777863649,0.7766282539721531,86.98382234573364,20260223_175925_run15
multirocket_fm,PrecipitationAndalusia_nmv,0.10288215048484313,0.21188169457007383,0.320752475414989,0.7167795391241001,128.19241738319397,20260223_180142_run15
multirocket_fm,SierraNevadaMountainsSnow,1835.4027437624452,22.45001005462309,42.841600620920374,0.809699080781286,82.60958504676819,20260223_180306_run15
multirocket_fm,SodiumConcentration,889644.3114054651,107.15135526688373,943.2095797888533,0.003877209355229283,76.35171937942505,20260223_180435_run15
multirocket_fm,SolarRadiationAndalusia_nmv,0.3058499090800103,0.43125060276422655,0.5530369870813437,0.3634712558627783,97.31696057319641,20260223_180621_run15
multirocket_fm,SteamPredictor,1914969500.8405335,14942.743403314375,43760.36449620288,0.014791407729413675,116.92564392089844,20260223_180820_run15
multirocket_fm,SulphurConcentration,1135.7321379302712,11.490553726655651,33.70062518604471,-1.653754738717017,74.05865335464478,20260223_180959_run15
multirocket_fm,WaveDataTension,222.87042522391963,11.944865030054089,14.928845408266495,0.3269372436844964,88.89185094833374,20260223_181130_run15
multirocket_fm,WindTurbinePower,5362.9467829592095,50.7111560129798,73.2321430995926,0.9933048245219935,65.20075249671936,20260223_181238_run15
multirocket_fm,ZincConcentration,1.2561104492650812,0.6917781158711898,1.1207633332979274,0.10684143400159096,75.77310371398926,20260223_181419_run15
multirocket_fm,MagnesiumConcentration,9006.042193591753,43.892262087025095,94.9001696183508,0.9517425134391365,87.09973073005676,20260223_181743_run16
multirocket_fm,ManganeseConcentration,7481.405710352349,54.68899977924513,86.49511957533991,0.4692353656360564,74.14001631736755,20260223_181911_run16
multirocket_fm,MethaneMonitoringHomeActivity,0.21929452826612506,0.3225878162023012,0.4682889367325744,0.2714649054707622,136.9736363887787,20260223_182133_run16
multirocket_fm,MetroInterstateTrafficVolume,337960.11776946957,472.2920519406392,581.3433733771028,0.0336673415854738,203.92951369285583,20260223_182457_run16
multirocket_fm,NaturalGasPricesSentiment,0.002783485202062691,0.04323532735253428,0.05275874526618967,0.31833021718744436,57.46953558921814,20260223_182555_run16
multirocket_fm,OccupancyDetectionLight,5528.02742788213,28.854569755222148,74.35070563136661,0.8586834231315811,154.15127086639404,20260223_182830_run16
multirocket_fm,ParkingBirmingham_eq,0.008034340512050176,0.05786848287470511,0.08963448282915552,0.8396223500780425,110.44625926017761,20260223_183021_run16
multirocket_fm,PhosphorusConcentration,222.4202851819213,4.66913743951197,14.913761604032743,0.6515064148380818,86.14578461647034,20260223_183346_run16
multirocket_fm,PotassiumConcentration,15659.001904014442,38.88804742359224,125.13593370417004,0.7465034490253938,87.57251167297363,20260223_183711_run16
multirocket_fm,PrecipitationAndalusia_nmv,0.06070354354652312,0.18287413462536373,0.2463808911959755,0.7745623798010963,127.5849449634552,20260223_183928_run16
multirocket_fm,SierraNevadaMountainsSnow,1216.555386606897,18.06630188955347,34.87915404087228,0.867408846402819,80.05876898765564,20260223_184049_run16
multirocket_fm,SodiumConcentration,115760.77419055325,71.02990181365298,340.2363504838265,0.036084039799902046,73.35582327842712,20260223_184216_run16
multirocket_fm,SolarRadiationAndalusia_nmv,0.43381815854539313,0.49683123316441014,0.65864873684339,0.2591480087628374,93.99874091148376,20260223_184358_run16
multirocket_fm,SteamPredictor,1764120060.0911255,13159.602599504304,42001.42926248017,0.07247863076546257,117.51650190353394,20260223_184558_run16
multirocket_fm,SulphurConcentration,7979.806128292879,16.430713284777095,89.32976059686312,0.2459747211345633,78.27447295188904,20260223_184741_run16
multirocket_fm,WaveDataTension,206.90924827027538,11.685457726538377,14.384340383565574,0.3631160983243006,90.14524722099304,20260223_184913_run16
multirocket_fm,WindTurbinePower,8242.132160753958,58.123637310601055,90.78618926221078,0.9887164815259988,64.52178287506104,20260223_185021_run16
multirocket_fm,ZincConcentration,2.180545088848184,0.771619419511825,1.4766668848620477,-0.025996575706743297,76.01325845718384,20260223_185202_run16
multirocket_fm,MagnesiumConcentration,4742.165599070586,36.002474526523656,68.86338358714728,0.9673297317905272,86.58516335487366,20260223_185526_run17
multirocket_fm,ManganeseConcentration,5002.444154043092,49.037513098758204,70.72795878606347,0.49320911669154077,73.22028303146362,20260223_185653_run17
multirocket_fm,MethaneMonitoringHomeActivity,0.22237287991747853,0.31416738561674457,0.47156429033322544,0.3623880886911375,136.20968675613403,20260223_185914_run17
multirocket_fm,MetroInterstateTrafficVolume,287400.37984193076,455.94158684717456,536.097360413135,0.03344580073615455,182.8284842967987,20260223_190218_run17
multirocket_fm,NaturalGasPricesSentiment,0.005941590530577599,0.06043275336806591,0.07708171333447122,0.5415396578499496,57.234079360961914,20260223_190315_run17
multirocket_fm,OccupancyDetectionLight,3031.679783697501,23.097939208050118,55.060691820004415,0.8984723623409074,163.67287349700928,20260223_190559_run17
multirocket_fm,ParkingBirmingham_eq,0.012625746278364883,0.06561963691849333,0.1123643461172844,0.7444540455034749,109.71113228797913,20260223_190750_run17
multirocket_fm,PhosphorusConcentration,245.77910494886646,4.948859630790993,15.677343682807571,0.6075516347993515,86.36971926689148,20260223_191115_run17
multirocket_fm,PotassiumConcentration,13587.005632215963,42.43061934734852,116.56331169032546,0.875814577414239,85.72641158103943,20260223_191439_run17
multirocket_fm,PrecipitationAndalusia_nmv,0.11992480187685947,0.20304494640571039,0.3463016053628101,0.6696649388189093,131.03999948501587,20260223_191700_run17
multirocket_fm,SierraNevadaMountainsSnow,1670.6113999588256,19.63580739344259,40.873113411616025,0.8123226756778161,78.84707856178284,20260223_191819_run17
multirocket_fm,SodiumConcentration,114833.06552845651,60.00314674335751,338.87027831967873,0.011640709647636971,73.3881573677063,20260223_191946_run17
multirocket_fm,SolarRadiationAndalusia_nmv,0.38384292358846417,0.47944234176144473,0.6195505819450613,0.22579720309270657,96.32866954803467,20260223_192131_run17
multirocket_fm,SteamPredictor,909206937.0935162,9329.096270565922,30153.05850313557,0.09351661468181538,117.20558905601501,20260223_192330_run17
multirocket_fm,SulphurConcentration,51663.385531779844,28.06697598346491,227.29581063402784,0.023866378882404504,76.21930885314941,20260223_192511_run17
multirocket_fm,WaveDataTension,229.0248634873003,11.98211497136527,15.13356744086801,0.3115208323391294,91.3410336971283,20260223_192645_run17
multirocket_fm,WindTurbinePower,9953.74081050923,65.20779167552075,99.76843594298364,0.9868764370019679,64.65295553207397,20260223_192752_run17
multirocket_fm,ZincConcentration,0.9771755429259152,0.7094261113631163,0.9885218980507793,-0.06614477867772162,75.01503229141235,20260223_192932_run17
multirocket_fm,MagnesiumConcentration,5642.483284117089,38.188392961179915,75.11646480044897,0.9707412877382754,88.26031398773193,20260223_193258_run18
multirocket_fm,ManganeseConcentration,4188.992805829199,44.475616489534794,64.72242892405383,0.5640743849457999,73.16030311584473,20260223_193425_run18
multirocket_fm,MethaneMonitoringHomeActivity,0.29409886389501294,0.33919725569395215,0.5423088270487701,0.1941347183967519,137.73146438598633,20260223_193648_run18
multirocket_fm,MetroInterstateTrafficVolume,339591.3155439239,467.0300761183647,582.7446400816775,0.025578013274069833,192.40958213806152,20260223_194001_run18
multirocket_fm,NaturalGasPricesSentiment,0.003367629634754845,0.04178417319349655,0.05803128151915004,0.5664321906745737,57.569549560546875,20260223_194058_run18
multirocket_fm,OccupancyDetectionLight,1855.2520057856127,19.0457133180177,43.072636392327006,0.9411490315412586,162.07426953315735,20260223_194341_run18
multirocket_fm,ParkingBirmingham_eq,0.010813430577046488,0.06243146218895928,0.10398764627130709,0.800905568047957,105.46742749214172,20260223_194528_run18
multirocket_fm,PhosphorusConcentration,776.1453134930168,6.4574864802438245,27.85938465747255,0.4144710578833475,86.77399754524231,20260223_194853_run18
multirocket_fm,PotassiumConcentration,23725.40933901109,43.5547029759246,154.0305467724214,0.6655342948705081,86.42297863960266,20260223_195217_run18
multirocket_fm,PrecipitationAndalusia_nmv,0.07399197602315268,0.19713408546780853,0.2720146614121244,0.7614047451455632,133.39469981193542,20260223_195440_run18
multirocket_fm,SierraNevadaMountainsSnow,2595.115485133709,24.88962174529359,50.94227601053676,0.7829185933055463,80.81331014633179,20260223_195602_run18
multirocket_fm,SodiumConcentration,33211.87564553351,47.60181186425881,182.2412567053177,0.09578496325561325,72.31457304954529,20260223_195728_run18
multirocket_fm,SolarRadiationAndalusia_nmv,0.4264726542889658,0.4997956857885902,0.6530487380655182,0.3229720124635691,93.39487886428833,20260223_195910_run18
multirocket_fm,SteamPredictor,1399084034.226571,10487.604319967557,37404.33175751936,0.052774202485199595,116.05043911933899,20260223_200108_run18
multirocket_fm,SulphurConcentration,18272.924675187965,25.760092335006952,135.17738226193006,0.14997028866982687,75.40815281867981,20260223_200248_run18
multirocket_fm,WaveDataTension,211.96887950117554,11.770884580633153,14.559151057021682,0.3106356380274091,87.116854429245,20260223_200417_run18
multirocket_fm,WindTurbinePower,6433.996911411067,53.647376144315075,80.21219926801076,0.9915002663678166,65.55003952980042,20260223_200526_run18
multirocket_fm,ZincConcentration,1.858063316539076,0.764494985305826,1.3631079621728706,0.25042218580193676,75.94506502151489,20260223_200706_run18
multirocket_fm,MagnesiumConcentration,32089.447759408053,53.837855326767986,179.13527781932862,0.8610653579544382,85.5478994846344,20260223_201029_run19
multirocket_fm,ManganeseConcentration,4374.522138858824,46.89122438447372,66.14017038728298,0.408245640799359,72.5196795463562,20260223_201156_run19
multirocket_fm,MethaneMonitoringHomeActivity,0.2479409082151071,0.3310881504911603,0.49793665080520744,0.2957332736491143,137.43184185028076,20260223_201418_run19
multirocket_fm,MetroInterstateTrafficVolume,302388.8588652947,461.42507424550513,549.8989533226033,0.017197628109580365,176.86811518669128,20260223_201716_run19
multirocket_fm,NaturalGasPricesSentiment,0.0035656202698894357,0.048150612547115355,0.05971281495532961,0.13018758497688232,59.39480113983154,20260223_201815_run19
multirocket_fm,OccupancyDetectionLight,3956.8471424907693,27.152615501792827,62.90347480458269,0.9016305655639373,160.64821124076843,20260223_202057_run19
multirocket_fm,ParkingBirmingham_eq,0.01069995189553812,0.060165387046563275,0.10344057180593173,0.7817399452471268,110.83495116233826,20260223_202248_run19
multirocket_fm,PhosphorusConcentration,178.95219060898444,4.215194096167529,13.377301320108792,0.7136896470915226,86.75360465049744,20260223_202614_run19
multirocket_fm,PotassiumConcentration,19740.31549845548,41.097279050755745,140.50023309039554,0.7946169522770803,87.15563440322876,20260223_202939_run19
multirocket_fm,PrecipitationAndalusia_nmv,0.1579707767269484,0.23744672840633785,0.3974553770260863,0.6052459612673742,127.27303743362427,20260223_203156_run19
multirocket_fm,SierraNevadaMountainsSnow,2767.295829096342,26.265995921340338,52.60509318589163,0.7717712821759978,79.16928195953369,20260223_203315_run19
multirocket_fm,SodiumConcentration,110465.80162178063,53.28319722222499,332.36395957110125,0.05012065801615362,74.44837927818298,20260223_203444_run19
multirocket_fm,SolarRadiationAndalusia_nmv,0.45392753709834655,0.5165252327222674,0.6737414467719398,0.3412566229081232,93.9948525428772,20260223_203626_run19
multirocket_fm,SteamPredictor,550832823.2158443,8466.778314946368,23469.827933238972,0.07144981674093687,115.17473149299622,20260223_203823_run19
multirocket_fm,SulphurConcentration,8591.091229871427,19.6377418161562,92.68813963971564,0.23574466609629818,74.5560975074768,20260223_204003_run19
multirocket_fm,WaveDataTension,221.4013980876461,11.929175888007318,14.879563101369815,0.30823435687237344,86.96147632598877,20260223_204132_run19
multirocket_fm,WindTurbinePower,5958.961662750156,54.592202078950294,77.1943110776316,0.9927867484303599,63.708319425582886,20260223_204238_run19
multirocket_fm,ZincConcentration,1.2524103863245835,0.7363896290908934,1.119111427126264,0.1665448999243606,76.6801073551178,20260223_204420_run19
multirocket_fm,MagnesiumConcentration,6684.266578600668,40.45388701904479,81.75736406343265,0.9705768355620334,87.70657587051392,20260223_204746_run20
multirocket_fm,ManganeseConcentration,4596.742908375887,47.09583589076995,67.79928398129206,0.611878175303044,74.03059101104736,20260223_204913_run20
multirocket_fm,MethaneMonitoringHomeActivity,0.2665180155205967,0.332202677854851,0.5162538285771803,0.2796993164760958,137.27851915359497,20260223_205136_run20
multirocket_fm,MetroInterstateTrafficVolume,327425.16315464873,471.945875918593,572.2107681218947,0.018469619539669968,193.23178362846375,20260223_205450_run20
multirocket_fm,NaturalGasPricesSentiment,0.0035879629251342336,0.05086247362313302,0.05989960705325398,0.3715415849533402,58.45711898803711,20260223_205548_run20
multirocket_fm,OccupancyDetectionLight,3108.3130517056657,25.82059803872355,55.752247055214426,0.9255487636135297,158.1190848350525,20260223_205827_run20
multirocket_fm,ParkingBirmingham_eq,0.01193194736080683,0.06181889921688814,0.1092334534875046,0.7688397152753081,106.69823145866394,20260223_210015_run20
multirocket_fm,PhosphorusConcentration,314.06977040587486,4.715228018691452,17.722013723216527,0.5724654868901411,87.41750574111938,20260223_210340_run20
multirocket_fm,PotassiumConcentration,37155.948528986395,51.86277980538868,192.75878327325682,0.6117952750629053,86.28893423080444,20260223_210704_run20
multirocket_fm,PrecipitationAndalusia_nmv,0.1034223860387392,0.21281018172272795,0.3215935105668944,0.6900631759825913,127.53181958198547,20260223_210921_run20
multirocket_fm,SierraNevadaMountainsSnow,1168.2761259675472,18.708781076261698,34.180054505040616,0.8985836922004846,82.94919061660767,20260223_211045_run20
multirocket_fm,SodiumConcentration,117491.04063424851,60.29610114476771,342.7696611928315,0.09341623217476946,73.89070439338684,20260223_211212_run20
multirocket_fm,SolarRadiationAndalusia_nmv,0.45363718315615686,0.5059097492590057,0.6735259335438813,0.3059771086293638,94.86313033103943,20260223_211356_run20
multirocket_fm,SteamPredictor,523478221.58907694,6644.301014675565,22879.646448078627,0.1378822167922169,119.28323340415955,20260223_211557_run20
multirocket_fm,SulphurConcentration,54375.61149369777,31.322847458345105,233.18578750365077,0.04282647772981618,77.56911778450012,20260223_211739_run20
multirocket_fm,WaveDataTension,208.5344683685757,11.353859944614662,14.440722570861046,0.3262842079278112,89.27541136741638,20260223_211911_run20
multirocket_fm,WindTurbinePower,11049.699479303661,67.06386544697592,105.11755076724182,0.9839769931976263,64.68614339828491,20260223_212018_run20
multirocket_fm,ZincConcentration,3.739208572511474,0.9180186634353319,1.9337033310493814,0.06845799133521013,74.52134323120117,20260223_212158_run20
multirocket_fm,MagnesiumConcentration,14774.703467905038,45.46888009473632,121.55123803526247,0.9196849559723526,87.57155394554138,20260223_212523_run21
multirocket_fm,ManganeseConcentration,7432.439201352561,53.841551730321804,86.2115955156414,0.47986083548681846,73.71067452430725,20260223_212650_run21
multirocket_fm,MethaneMonitoringHomeActivity,0.25801866523900585,0.3380748050610494,0.507955377212414,0.2616925175433352,137.28732585906982,20260223_212913_run21
multirocket_fm,MetroInterstateTrafficVolume,310796.26680410234,472.12012811251424,557.4910463891796,0.017330879235087693,177.9062340259552,20260223_213211_run21
multirocket_fm,NaturalGasPricesSentiment,0.004186585304905074,0.05117754152679182,0.06470382759083942,0.46873260550927187,57.778329610824585,20260223_213309_run21
multirocket_fm,OccupancyDetectionLight,6733.418498092037,31.54064432336112,82.05740976957557,0.84126864148512,168.97424817085266,20260223_213559_run21
multirocket_fm,ParkingBirmingham_eq,0.01197250798609181,0.06258056647175704,0.10941895624658375,0.7611920774896993,111.86052179336548,20260223_213752_run21
multirocket_fm,PhosphorusConcentration,143.92229915614809,4.474576883714463,11.996762027986888,0.7476242778689898,87.1232259273529,20260223_214116_run21
multirocket_fm,PotassiumConcentration,29982.755014325005,45.29095097400398,173.1552916151424,0.5691612287171379,87.03946781158447,20260223_214441_run21
multirocket_fm,PrecipitationAndalusia_nmv,0.17736519228188188,0.2505472091558396,0.42114747094323374,0.6078696238258288,132.2593183517456,20260223_214703_run21
multirocket_fm,SierraNevadaMountainsSnow,1633.8960012066984,22.325334912475444,40.42147945346259,0.8715610493467074,82.04524827003479,20260223_214826_run21
multirocket_fm,SodiumConcentration,14772.88395097182,38.92459901933513,121.54375323714427,-0.02196993141419834,73.29942417144775,20260223_214953_run21
multirocket_fm,SolarRadiationAndalusia_nmv,0.34031077456438724,0.4626923083101893,0.5833616156076669,0.39728120589760696,98.74136018753052,20260223_215140_run21
multirocket_fm,SteamPredictor,1325519359.362621,12018.55209553082,36407.68269696138,0.12880127364292127,113.47255825996399,20260223_215335_run21
multirocket_fm,SulphurConcentration,88523.28182583017,36.48871296346375,297.52862354037495,0.02505715642974493,73.87731766700745,20260223_215514_run21
multirocket_fm,WaveDataTension,216.24806789221046,11.714385805986694,14.705375476070323,0.3562074693826315,87.87586784362793,20260223_215644_run21
multirocket_fm,WindTurbinePower,8418.47547653092,59.58392540917884,91.75225052570057,0.989470975106613,64.33110690116882,20260223_215751_run21
multirocket_fm,ZincConcentration,1.1170354906192654,0.7305027448828932,1.0568989973593812,0.1520033008111238,74.64373207092285,20260223_215931_run21
multirocket_fm,ElectricMotorTemperature,19.468091865259094,2.6544954286119746,4.412266069182489,0.9469866812899161,276.4055597782135,20260223_090130_run1
multirocket_fm,BeijingPM10Quality_nmv,9066.130505402532,51.4502137376087,95.21623026250583,0.503864575740899,234.58085584640503,20260223_091248_run1
multirocket_fm,BeijingPM25Quality_nmv,3881.5821716559594,34.84503450389899,62.302344832726476,0.6939123839418677,228.38519191741943,20260223_091645_run1
multirocket_fm,ElectricMotorTemperature,16.890453857812467,2.511696418863798,4.109799734514136,0.9530936293546951,276.7631857395172,20260223_092152_run2
multirocket_fm,BeijingPM10Quality_nmv,3318.539906365796,34.660526353092465,57.60676962272573,0.7923140422637863,233.37555694580078,20260223_093302_run2
multirocket_fm,BeijingPM25Quality_nmv,1385.2835889951634,21.932461185500664,37.21939802032219,0.8725315907047427,230.33946132659912,20260223_093702_run2
multirocket_fm,ElectricMotorTemperature,18.368763105965563,2.604764069755434,4.285879502035208,0.9497468525247456,274.18879890441895,20260223_094206_run3
multirocket_fm,BeijingPM10Quality_nmv,3471.588218173647,34.84678532499141,58.92018515053773,0.7965261846430218,227.09626269340515,20260223_095313_run3
multirocket_fm,BeijingPM25Quality_nmv,1501.376953145439,21.9489982246408,38.74760577307247,0.8753142606306586,224.1476173400879,20260223_095707_run3
multirocket_fm,ElectricMotorTemperature,19.390769309707142,2.702310956956208,4.403495124296965,0.9474570595872835,276.26121711730957,20260223_100213_run4
multirocket_fm,BeijingPM10Quality_nmv,3419.8417279912765,34.6489594072623,58.47941285607506,0.7876343594623036,230.83062505722046,20260223_101321_run4
multirocket_fm,BeijingPM25Quality_nmv,1225.7112865567706,20.933164869662132,35.01015976194297,0.8932817939638243,226.0093686580658,20260223_101716_run4
multirocket_fm,ElectricMotorTemperature,16.983583529554572,2.505192328681588,4.121114355311506,0.9532597621867286,273.5454180240631,20260223_102220_run5
multirocket_fm,BeijingPM10Quality_nmv,3416.58643312261,35.406334391108786,58.4515734015998,0.7899083281728497,225.23880863189697,20260223_103323_run5
multirocket_fm,BeijingPM25Quality_nmv,1299.136884259472,21.526225986835886,36.043541505510696,0.8828306853904878,238.02420830726624,20260223_103730_run5
multirocket_fm,ElectricMotorTemperature,16.251799487027892,2.483271123339275,4.031352066866387,0.9553062303606392,274.4460837841034,20260223_104235_run6
multirocket_fm,BeijingPM10Quality_nmv,3575.0673546489484,36.15630465732701,59.79186696072425,0.7674537716078698,220.16706085205078,20260223_105335_run6
multirocket_fm,BeijingPM25Quality_nmv,1201.0403563526615,21.401937529855594,34.65602914865841,0.8865595836380534,233.04488348960876,20260223_105737_run6
multirocket_fm,ElectricMotorTemperature,20.13358851541002,2.8057803505058465,4.487046747629226,0.9453853902054088,277.0791177749634,20260223_110244_run7
multirocket_fm,BeijingPM10Quality_nmv,3178.1010104613033,34.34413611174764,56.37464865044662,0.8026175110049178,237.9062831401825,20260223_111403_run7
multirocket_fm,BeijingPM25Quality_nmv,1348.1031424763516,22.680472490526796,36.71652410667916,0.8783261688680662,234.36319589614868,20260223_111807_run7
multirocket_fm,ElectricMotorTemperature,18.439777654728328,2.6390872112394614,4.294156221509451,0.9488826318371242,275.56709003448486,20260223_112312_run8
multirocket_fm,BeijingPM10Quality_nmv,3671.598272430205,35.07203768557868,60.59371479312194,0.7843120276274592,233.4555585384369,20260223_113424_run8
multirocket_fm,BeijingPM25Quality_nmv,1285.9738325452959,21.26969361528164,35.8604773050401,0.8926635212649026,234.76318979263306,20260223_113829_run8
multirocket_fm,ElectricMotorTemperature,18.723558943959656,2.577818070936053,4.327072791617868,0.9490039361169288,274.09348464012146,20260223_114333_run9
multirocket_fm,BeijingPM10Quality_nmv,3347.665112979663,34.13761166732777,57.85901064639511,0.8009311756252722,237.81137132644653,20260223_115448_run9
multirocket_fm,BeijingPM25Quality_nmv,1307.7248252956242,21.592588515780427,36.16247814096297,0.8891764013403596,235.51815581321716,20260223_115853_run9
multirocket_fm,ElectricMotorTemperature,16.11733703580703,2.4837487901764503,4.01464033704229,0.9557616462349188,275.0021436214447,20260223_120358_run10
multirocket_fm,BeijingPM10Quality_nmv,3405.6982423364525,35.15335291229224,58.358360517893686,0.7855875197090747,220.9880726337433,20260223_121459_run10
multirocket_fm,BeijingPM25Quality_nmv,1224.352675884088,21.655224770675936,34.99075129064948,0.8884935014743094,236.3354513645172,20260223_121905_run10
multirocket_fm,ElectricMotorTemperature,18.401804384573133,2.6289885362616934,4.289732437410652,0.9493594043415859,273.65966176986694,20260223_122408_run11
multirocket_fm,BeijingPM10Quality_nmv,3501.755748423661,35.762512445827674,59.17563475302703,0.7824217574982302,227.97144198417664,20260223_123513_run11
multirocket_fm,BeijingPM25Quality_nmv,1301.704520249158,21.81474108847121,36.079142454459166,0.8852554111267034,236.21121406555176,20260223_123919_run11
multirocket_fm,ElectricMotorTemperature,16.60036559343185,2.5234584997985054,4.074354622935005,0.9545633420542736,274.1600978374481,20260223_124423_run12
multirocket_fm,BeijingPM10Quality_nmv,3627.578419707407,35.23051094404302,60.229381697867424,0.7849248621423083,229.6591248512268,20260223_125533_run12
multirocket_fm,BeijingPM25Quality_nmv,1576.2784579214267,23.243772432996806,39.702373454510585,0.8623662765652765,234.49792432785034,20260223_125937_run12
multirocket_fm,ElectricMotorTemperature,20.26156357528751,2.7633284861690544,4.501284658326721,0.9440516351764152,273.4776358604431,20260223_130441_run13
multirocket_fm,BeijingPM10Quality_nmv,3519.5285277504076,34.74789661159606,59.32561443213553,0.79036557580459,234.68206191062927,20260223_131553_run13
multirocket_fm,BeijingPM25Quality_nmv,1421.1781036129012,22.260087763299655,37.69851593382558,0.8697555757462648,231.91972875595093,20260223_131955_run13
multirocket_fm,ElectricMotorTemperature,19.412346820275424,2.7633179182617966,4.405944486744633,0.9464402070484863,274.06169056892395,20260223_132459_run14
multirocket_fm,BeijingPM10Quality_nmv,3356.252733261046,35.30650773607607,57.93317472106156,0.7866849696200979,234.20715951919556,20260223_133613_run14
multirocket_fm,BeijingPM25Quality_nmv,1544.0293218332513,22.60670596892029,39.29413851750985,0.8618604579079834,231.61005425453186,20260223_134014_run14
multirocket_fm,ElectricMotorTemperature,18.810652828562077,2.718927221402975,4.3371249496137505,0.9482180047247477,274.657062292099,20260223_134519_run15
multirocket_fm,BeijingPM10Quality_nmv,3643.7785470755903,34.97297999688827,60.363718797598864,0.7750455379834628,239.85586953163147,20260223_135638_run15
multirocket_fm,BeijingPM25Quality_nmv,1382.8367332405624,22.49321259843944,37.18651278676938,0.8737072284867156,231.6441628932953,20260223_140040_run15
multirocket_fm,ElectricMotorTemperature,17.468035124868756,2.589664622060645,4.179477853137729,0.9518168656325479,276.1130425930023,20260223_140546_run16
multirocket_fm,BeijingPM10Quality_nmv,3948.6331231470404,36.073132684756004,62.83815022060277,0.7617139139496275,230.70715165138245,20260223_141656_run16
multirocket_fm,BeijingPM25Quality_nmv,1315.097016451267,22.644309141783257,36.26426638512445,0.886067027187619,234.49451398849487,20260223_142101_run16
multirocket_fm,ElectricMotorTemperature,19.259689314871654,2.656653563402729,4.388586254692012,0.9467693470236316,273.36355447769165,20260223_142604_run17
multirocket_fm,BeijingPM10Quality_nmv,3241.4053168069577,34.01974678901032,56.93334099459611,0.7995204034306198,228.50976943969727,20260223_143711_run17
multirocket_fm,BeijingPM25Quality_nmv,1311.7548772198522,22.183313699305153,36.218156734155485,0.8871111429592543,227.9234619140625,20260223_144108_run17
multirocket_fm,ElectricMotorTemperature,19.41722126305119,2.682530889587473,4.406497618636732,0.9477373863726399,276.15365743637085,20260223_144615_run18
multirocket_fm,BeijingPM10Quality_nmv,3258.4329034293446,35.01767612085478,57.0826847952104,0.8055186155960078,233.0249788761139,20260223_145729_run18
multirocket_fm,BeijingPM25Quality_nmv,1440.7983763208333,22.620757858537832,37.95784999602629,0.8771080464358432,223.26282811164856,20260223_150122_run18
multirocket_fm,ElectricMotorTemperature,17.83886897969128,2.546617327719903,4.223608525856922,0.9503493419909473,275.446519613266,20260223_150627_run19
multirocket_fm,BeijingPM10Quality_nmv,3358.1470526356616,34.980862418445284,57.9495215910853,0.7896966920814106,227.34191393852234,20260223_151735_run19
multirocket_fm,BeijingPM25Quality_nmv,1515.6345574797838,23.485040223201747,38.931151504672755,0.8657818241434162,216.73576092720032,20260223_152121_run19
multirocket_fm,ElectricMotorTemperature,17.21053439759431,2.5240841200987494,4.14855811066861,0.9525693321064533,274.36127972602844,20260223_152625_run20
multirocket_fm,BeijingPM10Quality_nmv,3058.2604220916855,33.605385783810625,55.30154086543779,0.8104704631183848,230.2670407295227,20260223_153735_run20
multirocket_fm,BeijingPM25Quality_nmv,1457.5876220560617,21.719930361945732,38.178365890331946,0.8705524480628979,226.42486119270325,20260223_154131_run20
multirocket_fm,ElectricMotorTemperature,19.228523160681416,2.673247449873691,4.385033997665402,0.9476754825547385,273.66690015792847,20260223_154635_run21
multirocket_fm,BeijingPM10Quality_nmv,3201.9316725417693,34.3594502297143,56.58561365348766,0.8055367766330475,237.68670201301575,20260223_155751_run21
multirocket_fm,BeijingPM25Quality_nmv,1391.1929774991577,21.567059576416924,37.29869940760881,0.8812821765507046,229.0094153881073,20260223_160150_run21
multirocket_fm,ElectricMotorTemperature,17.58470369579412,2.580098970362168,4.193411939673244,0.9522809540311756,273.7033107280731,20260223_160654_run22
multirocket_fm,BeijingPM10Quality_nmv,3755.482728320745,36.437788988028764,61.28199350805051,0.7751728555223093,223.22343134880066,20260223_161755_run22
multirocket_fm,BeijingPM25Quality_nmv,1302.0117471073847,21.992623774336558,36.083399882873906,0.8898279228515394,232.39741849899292,20260223_162157_run22
multirocket_fm,ElectricMotorTemperature,19.78286119908347,2.7924676439665075,4.447792845792559,0.946141644454855,275.2827455997467,20260223_162703_run23
multirocket_fm,BeijingPM10Quality_nmv,3788.2829175589122,35.90272887134703,61.54902856714241,0.7791118626890364,222.60916686058044,20260223_163804_run23
multirocket_fm,BeijingPM25Quality_nmv,1363.222037848689,21.700198337242078,36.92183686991601,0.8803244284949869,225.40875053405762,20260223_164159_run23
multirocket_fm,ElectricMotorTemperature,17.081693637024383,2.5270473683601606,4.133000560975571,0.9536765441342296,274.64758133888245,20260223_164704_run24
multirocket_fm,BeijingPM10Quality_nmv,3773.597584984576,35.78668100210453,61.429614885530384,0.7632171988799333,221.41269302368164,20260223_165803_run24
multirocket_fm,BeijingPM25Quality_nmv,1563.082784078231,22.609586050279923,39.53584176514054,0.8612879622795755,230.80218410491943,20260223_170203_run24
multirocket_fm,ElectricMotorTemperature,20.027830828087637,2.693650699218018,4.4752464544522725,0.9462504033243148,276.21518087387085,20260223_170710_run25
multirocket_fm,BeijingPM10Quality_nmv,3649.713042669196,35.032535314408804,60.412854945526256,0.7841876827474779,237.6573944091797,20260223_171832_run25
multirocket_fm,BeijingPM25Quality_nmv,1304.101121598058,21.2772306909274,36.11234029522399,0.8862696342040066,231.0135793685913,20260223_172233_run25
multirocket_fm,ElectricMotorTemperature,21.58431032940699,2.8285803693473683,4.645891769015609,0.9403635778624941,277.559255361557,20260223_172741_run26
multirocket_fm,BeijingPM10Quality_nmv,3592.5081748542157,35.598192206502155,59.93753560878371,0.7816621427152443,238.39805006980896,20260223_173901_run26
multirocket_fm,BeijingPM25Quality_nmv,1260.0757405766444,21.361495377635805,35.49754555707541,0.8889155282072042,238.9360373020172,20260223_174309_run26
multirocket_fm,ElectricMotorTemperature,17.71876789798909,2.609473869278027,4.2093666860929435,0.950830816051256,276.96342968940735,20260223_174817_run27
multirocket_fm,BeijingPM10Quality_nmv,3353.8303478564308,35.29807637376377,57.91226422664228,0.793955852426367,223.559641122818,20260223_175923_run27
multirocket_fm,BeijingPM25Quality_nmv,1370.7150024878154,21.363837495356467,37.023168455547065,0.8758984715662318,241.74937391281128,20260223_180335_run27
multirocket_fm,ElectricMotorTemperature,18.6951144111375,2.6806297034756206,4.323784732284611,0.9479686789021315,275.68375539779663,20260223_180841_run28
multirocket_fm,BeijingPM10Quality_nmv,3654.6060194452257,34.65481055187159,60.4533375376846,0.7777964961189014,233.7292652130127,20260223_181959_run28
multirocket_fm,BeijingPM25Quality_nmv,1354.991224696835,21.699413611545047,36.81020544219816,0.8747356469721046,246.74491000175476,20260223_182416_run28
multirocket_fm,ElectricMotorTemperature,19.98428493115905,2.7227319830501218,4.470378611612114,0.9450230863545211,276.3525855541229,20260223_182923_run29
multirocket_fm,BeijingPM10Quality_nmv,4010.407342974101,37.42787521660044,63.327777025363055,0.7615333691885848,229.45464062690735,20260223_184035_run29
multirocket_fm,BeijingPM25Quality_nmv,1377.090918076424,21.973183416564567,37.1091756588101,0.8779139023049591,244.06550693511963,20260223_184449_run29
multirocket_fm,ElectricMotorTemperature,18.954784032980758,2.6275473158775022,4.353709226967363,0.9487431958309774,277.54115319252014,20260223_184957_run30
multirocket_fm,BeijingPM10Quality_nmv,3453.9757702170455,35.49695718526463,58.77053488115491,0.7915643808357917,231.9203906059265,20260223_190114_run30
multirocket_fm,BeijingPM25Quality_nmv,1201.9834980005276,22.264275750796504,34.66963365829711,0.8984358430745558,230.69571590423584,20260223_190514_run30