model,dataset,accuracy,f1,precision,recall,time,run
c22,ACSF1,0.83,0.827096171802054,0.8385064935064935,0.83,1.2210133075714111,20260226_141152_run1
c22,Adiac,0.7723785166240409,0.7618027474614858,0.7883815246986601,0.7723785166240409,5.7632200717926025,20260226_141159_run1
c22,ArrowHead,0.72,0.7234628378378378,0.7324488603156049,0.72,0.44204115867614746,20260226_141159_run1
c22,ArticularyWordRecognition,0.9866666666666667,0.9866434782608697,0.9876923076923078,0.9866666666666667,19.794944047927856,20260226_141221_run1
c22,AtrialFibrillation,0.13333333333333333,0.15584415584415584,0.2222222222222222,0.13333333333333333,0.4462258815765381,20260226_141221_run1
c22,BME,0.9466666666666667,0.9465811965811965,0.9484702093397747,0.9466666666666667,0.43268918991088867,20260226_141222_run1
c22,BasicMotions,1.0,1.0,1.0,1.0,0.5108366012573242,20260226_141223_run1
c22,Beef,0.6,0.5803751803751803,0.7100000000000001,0.6,0.5897023677825928,20260226_141223_run1
c22,BeetleFly,0.65,0.6419437340153452,0.6648351648351649,0.65,0.4352414608001709,20260226_141224_run1
c22,BirdChicken,0.8,0.8,0.8,0.8,0.43047642707824707,20260226_141224_run1
c22,CBF,0.9866666666666667,0.9866123689519708,0.9869892783255529,0.9866666666666667,0.5624456405639648,20260226_141225_run1
c22,Car,0.7833333333333333,0.7817688378033204,0.7825536881419235,0.7833333333333333,0.4324965476989746,20260226_141226_run1
c22,Chinatown,0.9212827988338192,0.9221345510966859,0.9238745236834842,0.9212827988338192,0.4389481544494629,20260226_141226_run1
c22,ChlorineConcentration,0.5973958333333333,0.4926948864513714,0.7416907840808988,0.5973958333333333,2.031041383743286,20260226_141230_run1
c22,CinCECGTorso,0.8710144927536232,0.8699851055758611,0.8767958021110247,0.8710144927536232,0.7921826839447021,20260226_141235_run1
c22,Coffee,1.0,1.0,1.0,1.0,0.42890477180480957,20260226_141235_run1
c22,Computers,0.796,0.7956042899052566,0.7983101135190919,0.796,0.452728271484375,20260226_141236_run1
c22,Cricket,0.9861111111111112,0.9860139860139859,0.988095238095238,0.9861111111111112,6.575841426849365,20260226_141245_run1
c22,CricketX,0.6641025641025641,0.6465638050640019,0.6574176011179896,0.6641025641025641,5.916348934173584,20260226_141252_run1
c22,CricketY,0.6564102564102564,0.6512930233480471,0.6522733660405495,0.6564102564102564,5.928030014038086,20260226_141258_run1
c22,CricketZ,0.6923076923076923,0.6887171065517225,0.6929652635043521,0.6923076923076923,5.922590732574463,20260226_141305_run1
c22,Crop,0.7293452380952381,0.728101563915435,0.7291822146445488,0.7293452380952381,197.5605230331421,20260226_141627_run1
c22,DiatomSizeReduction,0.9705882352941176,0.9700336020180589,0.9711743543214877,0.9705882352941176,0.46088576316833496,20260226_141628_run1
c22,DistalPhalanxOutlineAgeGroup,0.7266187050359713,0.7262044909526923,0.7834399147348788,0.7266187050359713,0.48798632621765137,20260226_141628_run1
c22,DistalPhalanxOutlineCorrect,0.8043478260869565,0.8020833333333334,0.8041584158415842,0.8043478260869565,0.7887248992919922,20260226_141629_run1
c22,DistalPhalanxTW,0.6906474820143885,0.621656245349603,0.6273315361850348,0.6906474820143885,0.4914820194244385,20260226_141630_run1
c22,DuckDuckGeese,0.52,0.5184672912227092,0.5277056277056276,0.52,25.477842330932617,20260226_141829_run1
c22,ECG200,0.82,0.821003861003861,0.8226825127334465,0.82,0.44702672958374023,20260226_141829_run1
c22,ECG5000,0.9382222222222222,0.9309418251051771,0.9306409803461558,0.9382222222222222,2.2867977619171143,20260226_141834_run1
c22,ECGFiveDays,0.9152148664343787,0.9150629745087836,0.9186921235913551,0.9152148664343787,0.5458540916442871,20260226_141835_run1
c22,EOGHorizontalSignal,0.5552486187845304,0.5670134923774071,0.6029644710877524,0.5552486187845304,5.5357091426849365,20260226_141842_run1
c22,EOGVerticalSignal,0.4171270718232044,0.39916647287455376,0.41490465705042273,0.4171270718232044,5.526421785354614,20260226_141849_run1
c22,ERing,0.9074074074074074,0.9084686195458409,0.9119064039530635,0.9074074074074074,0.5920891761779785,20260226_141849_run1
c22,Earthquakes,0.7482014388489209,0.6404357995085412,0.5598053930955955,0.7482014388489209,0.4584925174713135,20260226_141850_run1
c22,EigenWorms,0.9541984732824428,0.9546334178752578,0.9565612504543801,0.9541984732824428,0.8090779781341553,20260226_142007_run1
c22,ElectricDevices,0.7290883153935935,0.7123366700628737,0.7350501262703921,0.7290883153935935,15.436486721038818,20260226_142027_run1
c22,Epilepsy,1.0,1.0,1.0,1.0,0.5579743385314941,20260226_142028_run1
c22,EthanolConcentration,0.4220532319391635,0.4013385489531555,0.4302642043384048,0.4220532319391635,0.7905452251434326,20260226_142033_run1
c22,EthanolLevel,0.478,0.4625409491065693,0.4699546692707079,0.478,0.6283774375915527,20260226_142036_run1
c22,FaceAll,0.8289940828402367,0.8257121273461951,0.8590818603484299,0.8289940828402367,11.439009428024292,20260226_142048_run1
c22,FaceDetection,0.604994324631101,0.6040945406555036,0.6059575740633595,0.604994324631101,126.95012331008911,20260226_142759_run1
c22,FaceFour,0.75,0.7462266683098208,0.7590554357257644,0.75,0.42525601387023926,20260226_142759_run1
c22,FacesUCR,0.7804878048780488,0.775705839633364,0.7874137927010872,0.7804878048780488,9.722228050231934,20260226_142810_run1
c22,FiftyWords,0.6659340659340659,0.6363491580090588,0.6415876328181388,0.6659340659340659,6.640547037124634,20260226_142817_run1
c22,FingerMovements,0.54,0.54,0.5404321728691477,0.54,3.775566816329956,20260226_142823_run1
c22,Fish,0.8628571428571429,0.8659563426385671,0.8757031896401355,0.8628571428571429,0.47373151779174805,20260226_142824_run1
c22,FordA,0.9295454545454546,0.9295315660839722,0.9295700417480665,0.9295454545454546,3.3107998371124268,20260226_142832_run1
c22,FordB,0.7876543209876543,0.7871909052048919,0.7895220016066444,0.7876543209876543,3.1871774196624756,20260226_142839_run1
c22,FreezerRegularTrain,0.9989473684210526,0.9989473682914581,0.9989476141324046,0.9989473684210526,1.402683973312378,20260226_142843_run1
c22,FreezerSmallTrain,0.9978947368421053,0.997894732695072,0.9978986599586627,0.9978947368421053,1.2745840549468994,20260226_142845_run1
c22,Fungi,0.8279569892473119,0.820621823622298,0.8408469455907785,0.8279569892473119,3.49721360206604,20260226_142849_run1
c22,GunPoint,0.9933333333333333,0.993333629642799,0.9934222222222221,0.9933333333333333,0.4353981018066406,20260226_142850_run1
c22,GunPointAgeSpan,0.9778481012658228,0.9778487667877915,0.9780257058928227,0.9778481012658228,0.44843220710754395,20260226_142850_run1
c22,GunPointMaleVersusFemale,1.0,1.0,1.0,1.0,0.44754862785339355,20260226_142851_run1
c22,GunPointOldVersusYoung,1.0,1.0,1.0,1.0,0.4450819492340088,20260226_142851_run1
c22,Ham,0.6857142857142857,0.6857142857142857,0.6868347338935575,0.6857142857142857,0.43501996994018555,20260226_142852_run1
c22,HandMovementDirection,0.33783783783783783,0.33685565264512635,0.37520585101230264,0.33783783783783783,1.1243274211883545,20260226_142855_run1
c22,HandOutlines,0.8891891891891892,0.8882813209323106,0.8885225508750292,0.8891891891891892,0.8666777610778809,20260226_142902_run1
c22,Handwriting,0.28941176470588237,0.22543236891999122,0.3652033747753523,0.28941176470588237,10.107630252838135,20260226_142913_run1
c22,Haptics,0.4772727272727273,0.4733446092842406,0.47561034085473636,0.4772727272727273,0.45029401779174805,20260226_142915_run1
c22,Heartbeat,0.7707317073170732,0.7588918753846994,0.7567730488873688,0.7707317073170732,3.5691187381744385,20260226_142940_run1
c22,Herring,0.546875,0.49237080487080487,0.4950150085763293,0.546875,0.5883841514587402,20260226_142941_run1
c22,HouseTwenty,0.9831932773109243,0.9831418281598353,0.9836667061190674,0.9831932773109243,0.4292416572570801,20260226_142941_run1
c22,InlineSkate,0.48727272727272725,0.48849175977931064,0.5072260213206907,0.48727272727272725,0.4765653610229492,20260226_142944_run1
c22,InsectEPGRegularTrain,1.0,1.0,1.0,1.0,0.43459153175354004,20260226_142944_run1
c22,InsectEPGSmallTrain,1.0,1.0,1.0,1.0,0.44593071937561035,20260226_142945_run1
c22,InsectWingbeatSound,0.5904040404040404,0.5808092653533737,0.5790144731334502,0.5904040404040404,9.756629943847656,20260226_142956_run1
c22,ItalyPowerDemand,0.9387755102040817,0.9387749319801454,0.9388186860929383,0.9387755102040817,0.6517271995544434,20260226_142957_run1
c22,LSST,0.7234387672343877,0.68333297536763,0.6965652102925708,0.7234387672343877,148.72194075584412,20260226_143232_run1
c22,LargeKitchenAppliances,0.8373333333333334,0.8371898602429474,0.8457107293789945,0.8373333333333334,0.5572819709777832,20260226_143233_run1
c22,Libras,0.9166666666666666,0.9168415931894193,0.9211721611721612,0.9166666666666666,4.826837778091431,20260226_143238_run1
c22,Lightning2,0.7868852459016393,0.7839424848674174,0.7920433657200735,0.7868852459016393,0.4322819709777832,20260226_143239_run1
c22,Lightning7,0.726027397260274,0.7260560098916264,0.8270694298091558,0.726027397260274,0.43288302421569824,20260226_143239_run1
c22,Mallat,0.9057569296375266,0.9054086662502285,0.9096176874519554,0.9057569296375266,1.0867083072662354,20260226_143244_run1
c22,Meat,0.8333333333333334,0.8364243943191312,0.8424242424242424,0.8333333333333334,0.42937755584716797,20260226_143244_run1
c22,MedicalImages,0.7934210526315789,0.7854850896285873,0.7891816658670504,0.7934210526315789,0.7252280712127686,20260226_143245_run1
c22,MiddlePhalanxOutlineAgeGroup,0.6493506493506493,0.6150890718158402,0.6382891242876505,0.6493506493506493,0.4895644187927246,20260226_143246_run1
c22,ACSF1,0.78,0.7770965952430484,0.7909371184371184,0.78,0.436478853225708,20260226_143247_run2
c22,Adiac,0.7493606138107417,0.7372441286104737,0.7748709435513139,0.7493606138107417,5.676770925521851,20260226_143253_run2
c22,ArrowHead,0.76,0.7594659619243381,0.7590015698587128,0.76,0.43254828453063965,20260226_143254_run2
c22,ArticularyWordRecognition,0.98,0.9800532684706599,0.9824175824175825,0.98,19.861905574798584,20260226_143315_run2
c22,AtrialFibrillation,0.2,0.1722222222222222,0.17777777777777776,0.2,0.44298768043518066,20260226_143316_run2
c22,BME,0.9533333333333334,0.9533286661999534,0.9534480458850206,0.9533333333333334,0.4319496154785156,20260226_143316_run2
c22,BasicMotions,1.0,1.0,1.0,1.0,0.5127401351928711,20260226_143317_run2
c22,Beef,0.36666666666666664,0.35856209150326795,0.3893939393939394,0.36666666666666664,0.42818570137023926,20260226_143318_run2
c22,BeetleFly,0.95,0.949874686716792,0.9545454545454545,0.95,0.4306819438934326,20260226_143318_run2
c22,BirdChicken,0.9,0.898989898989899,0.9166666666666667,0.9,0.42566537857055664,20260226_143318_run2
c22,CBF,0.9833333333333333,0.9833696325032313,0.9834743043937628,0.9833333333333333,0.5601885318756104,20260226_143319_run2
c22,Car,0.7333333333333333,0.7361433223229555,0.7492343604108311,0.7333333333333333,0.4303750991821289,20260226_143320_run2
c22,Chinatown,0.9358600583090378,0.935418422646087,0.9352931008654168,0.9358600583090378,0.4407968521118164,20260226_143320_run2
c22,ChlorineConcentration,0.5986979166666667,0.5019717503373249,0.6969706746970982,0.5986979166666667,2.0225272178649902,20260226_143324_run2
c22,CinCECGTorso,0.7927536231884058,0.7888688561617629,0.7964951672850857,0.7927536231884058,0.7803299427032471,20260226_143329_run2
c22,Coffee,0.9285714285714286,0.9285714285714286,0.9285714285714286,0.9285714285714286,0.4278841018676758,20260226_143330_run2
c22,Computers,0.808,0.8067632850241546,0.8160919540229886,0.808,0.4551582336425781,20260226_143331_run2
c22,Cricket,1.0,1.0,1.0,1.0,6.563912868499756,20260226_143339_run2
c22,CricketX,0.6538461538461539,0.632964998110164,0.6535018221084363,0.6538461538461539,5.8993284702301025,20260226_143346_run2
c22,CricketY,0.6384615384615384,0.6297264101530545,0.6305754483453083,0.6384615384615384,6.050023555755615,20260226_143352_run2
c22,CricketZ,0.676923076923077,0.6632493159386266,0.6597241869359215,0.676923076923077,5.907976388931274,20260226_143359_run2
c22,Crop,0.7360714285714286,0.7341720813277935,0.7365727159386846,0.7360714285714286,197.5854709148407,20260226_143721_run2
c22,DiatomSizeReduction,0.8921568627450981,0.8611643408238129,0.9116557332832421,0.8921568627450981,0.434589147567749,20260226_143722_run2
c22,DistalPhalanxOutlineAgeGroup,0.762589928057554,0.7519180022777145,0.7678282727406341,0.762589928057554,0.4819064140319824,20260226_143723_run2
c22,DistalPhalanxOutlineCorrect,0.822463768115942,0.8209373757318963,0.8221340190816935,0.822463768115942,0.6461756229400635,20260226_143724_run2
c22,DistalPhalanxTW,0.7194244604316546,0.6897253419913071,0.6872302158273381,0.7194244604316546,0.479825496673584,20260226_143724_run2
c22,DuckDuckGeese,0.62,0.6127195225916453,0.6381684981684982,0.62,25.9718759059906,20260226_143921_run2
c22,ECG200,0.82,0.8140441176470589,0.8201587301587301,0.82,0.44748711585998535,20260226_143922_run2
c22,ECG5000,0.9337777777777778,0.9284954943073295,0.9258528260053499,0.9337777777777778,2.2817485332489014,20260226_143926_run2
c22,ECGFiveDays,0.9488966318234611,0.9488680721273183,0.949670753596988,0.9488966318234611,0.5583806037902832,20260226_143927_run2
c22,EOGHorizontalSignal,0.7707182320441989,0.7618411533243772,0.7606409830142987,0.7707182320441989,5.500219345092773,20260226_143934_run2
c22,EOGVerticalSignal,0.7209944751381215,0.7111653314279279,0.718215950442564,0.7209944751381215,5.5006139278411865,20260226_143941_run2
c22,ERing,0.8592592592592593,0.8592162350842694,0.887243807779522,0.8592592592592593,0.587327241897583,20260226_143942_run2
c22,Earthquakes,0.7482014388489209,0.6404357995085412,0.5598053930955955,0.7482014388489209,0.4539833068847656,20260226_143943_run2
c22,EigenWorms,0.9312977099236641,0.9323079148304053,0.9371324737937835,0.9312977099236641,0.8296868801116943,20260226_144057_run2
c22,ElectricDevices,0.9013098171443392,0.9015633364088134,0.9031607319130293,0.9013098171443392,15.399038076400757,20260226_144117_run2
c22,Epilepsy,0.9927536231884058,0.9927405223941702,0.9929443173150269,0.9927536231884058,0.5367896556854248,20260226_144118_run2
c22,EthanolConcentration,0.4372623574144487,0.4248481284589818,0.4329879171743107,0.4372623574144487,0.7902340888977051,20260226_144123_run2
c22,EthanolLevel,0.488,0.4808137454832956,0.479690916967178,0.488,0.6280603408813477,20260226_144126_run2
c22,FaceAll,0.8686390532544379,0.8719109810863218,0.8792350533213306,0.8686390532544379,11.406915187835693,20260226_144138_run2
c22,FaceDetection,0.6186152099886493,0.6184971210010816,0.6187622549019608,0.6186152099886493,127.14439368247986,20260226_144850_run2
c22,FaceFour,0.6704545454545454,0.6678113372694864,0.7144484056248762,0.6704545454545454,0.43194007873535156,20260226_144851_run2
c22,FacesUCR,0.7917073170731708,0.7890907609060849,0.799132298635021,0.7917073170731708,9.860259294509888,20260226_144901_run2
c22,FiftyWords,0.6527472527472528,0.6262793346400428,0.6485777523272229,0.6527472527472528,6.667443513870239,20260226_144909_run2
c22,FingerMovements,0.55,0.5434861828120254,0.5560696095076401,0.55,3.8315348625183105,20260226_144915_run2
c22,Fish,0.84,0.8392581993070309,0.856648032526354,0.84,0.47399187088012695,20260226_144916_run2
c22,FordA,0.9272727272727272,0.9272339178926506,0.9274683500047419,0.9272727272727272,3.3305459022521973,20260226_144923_run2
c22,FordB,0.8864197530864197,0.88641144177918,0.886446377906339,0.8864197530864197,3.0602755546569824,20260226_144930_run2
c22,FreezerRegularTrain,0.9982456140350877,0.9982456120911676,0.9982478223356852,0.9982456140350877,1.404653549194336,20260226_144934_run2
c22,FreezerSmallTrain,0.9982456140350877,0.9982456120911676,0.9982478223356852,0.9982456140350877,1.2756197452545166,20260226_144937_run2
c22,Fungi,0.9193548387096774,0.9173731612274006,0.9324458098651648,0.9193548387096774,3.4721596240997314,20260226_144940_run2
c22,GunPoint,0.98,0.9799973332148096,0.9807792207792208,0.98,0.4330909252166748,20260226_144941_run2
c22,GunPointAgeSpan,0.9683544303797469,0.9683556980787261,0.9684345457458741,0.9683544303797469,0.4428427219390869,20260226_144941_run2
c22,GunPointMaleVersusFemale,0.9968354430379747,0.9968359194795887,0.9968564003688489,0.9968354430379747,0.4494791030883789,20260226_144942_run2
c22,GunPointOldVersusYoung,1.0,1.0,1.0,1.0,0.44352245330810547,20260226_144943_run2
c22,Ham,0.7238095238095238,0.7238596445746432,0.7240410532863364,0.7238095238095238,0.4343092441558838,20260226_144943_run2
c22,HandMovementDirection,0.28378378378378377,0.27865088025981655,0.3064904985957618,0.28378378378378377,1.1183576583862305,20260226_144946_run2
c22,HandOutlines,0.927027027027027,0.9264291625651802,0.927041380483552,0.927027027027027,0.867079496383667,20260226_144953_run2
c22,Handwriting,0.3,0.2532061064851856,0.40548033373619025,0.3,10.107262372970581,20260226_145004_run2
c22,Haptics,0.5097402597402597,0.49355267093937927,0.5305012438550073,0.5097402597402597,0.4499332904815674,20260226_145006_run2
c22,Heartbeat,0.751219512195122,0.7361751798078568,0.7330635624538063,0.751219512195122,3.7617416381835938,20260226_145031_run2
c22,Herring,0.484375,0.44780277544154756,0.4355017006802721,0.484375,0.44248390197753906,20260226_145031_run2
c22,HouseTwenty,0.9831932773109243,0.9831932773109243,0.9831932773109243,0.9831932773109243,0.44246768951416016,20260226_145032_run2
c22,InlineSkate,0.5672727272727273,0.5688212796327923,0.5908205515150058,0.5672727272727273,0.478346586227417,20260226_145034_run2
c22,InsectEPGRegularTrain,1.0,1.0,1.0,1.0,0.44855833053588867,20260226_145035_run2
c22,InsectEPGSmallTrain,1.0,1.0,1.0,1.0,0.442227840423584,20260226_145036_run2
c22,InsectWingbeatSound,0.604040404040404,0.5963193521549706,0.5959346901072018,0.604040404040404,9.726146459579468,20260226_145047_run2
c22,ItalyPowerDemand,0.9125364431486881,0.9124785868227622,0.9137754284855578,0.9125364431486881,0.6492805480957031,20260226_145048_run2
c22,LSST,0.7169505271695052,0.6800524166201724,0.6897609278314403,0.7169505271695052,148.79413986206055,20260226_145322_run2
c22,LargeKitchenAppliances,0.9173333333333333,0.9173183108209035,0.9176148803040981,0.9173333333333333,0.5610392093658447,20260226_145324_run2
c22,Libras,0.9222222222222223,0.9224257063387498,0.927031857031857,0.9222222222222223,4.956238746643066,20260226_145329_run2
c22,Lightning2,0.6885245901639344,0.6864804529377748,0.6878142076502731,0.6885245901639344,0.4327375888824463,20260226_145329_run2
c22,Lightning7,0.684931506849315,0.6810091857552266,0.6957158205748052,0.684931506849315,0.4331037998199463,20260226_145330_run2
c22,Mallat,0.9356076759061833,0.9354342188272686,0.9379687498648241,0.9356076759061833,1.084242343902588,20260226_145334_run2
c22,Meat,0.8666666666666667,0.8647839109970047,0.8650793650793652,0.8666666666666667,0.4301881790161133,20260226_145335_run2
c22,MedicalImages,0.8131578947368421,0.7977020548213573,0.8068924139298351,0.8131578947368421,0.7229955196380615,20260226_145336_run2
c22,MiddlePhalanxOutlineAgeGroup,0.7922077922077922,0.7711918446774454,0.8095315398886828,0.7922077922077922,0.4884626865386963,20260226_145337_run2
c22,ACSF1,0.78,0.7768253968253969,0.7843831168831169,0.78,0.4310109615325928,20260226_145338_run3
c22,Adiac,0.7391304347826086,0.7277761168560117,0.7552793185785514,0.7391304347826086,5.54319167137146,20260226_145343_run3
c22,ArrowHead,0.76,0.754264563274101,0.7574130026496013,0.76,0.43292665481567383,20260226_145344_run3
c22,ArticularyWordRecognition,0.9933333333333333,0.9933217391304349,0.9938461538461539,0.9933333333333333,19.767012357711792,20260226_145406_run3
c22,AtrialFibrillation,0.2,0.16666666666666666,0.14285714285714282,0.2,0.4530060291290283,20260226_145406_run3
c22,BME,0.9533333333333334,0.9532912954992827,0.9543690619563764,0.9533333333333334,0.438535213470459,20260226_145407_run3
c22,BasicMotions,1.0,1.0,1.0,1.0,0.5193259716033936,20260226_145407_run3
c22,Beef,0.4666666666666667,0.4735930735930735,0.48833333333333334,0.4666666666666667,0.4373011589050293,20260226_145408_run3
c22,BeetleFly,0.85,0.849624060150376,0.8535353535353536,0.85,0.4331364631652832,20260226_145408_run3
c22,BirdChicken,0.7,0.696969696969697,0.7083333333333333,0.7,0.43680620193481445,20260226_145409_run3
c22,CBF,0.9844444444444445,0.9844094515554336,0.9845651085476248,0.9844444444444445,0.5637373924255371,20260226_145410_run3
c22,Car,0.8,0.7838821714683785,0.8221491228070176,0.8,0.44373464584350586,20260226_145410_run3
c22,Chinatown,0.8746355685131195,0.873080256820038,0.8724061746003821,0.8746355685131195,0.4497833251953125,20260226_145411_run3
c22,ChlorineConcentration,0.5854166666666667,0.48071832115384794,0.7021341905861426,0.5854166666666667,2.0323355197906494,20260226_145415_run3
c22,CinCECGTorso,0.8318840579710145,0.8311306563616212,0.8531611199542171,0.8318840579710145,0.797415018081665,20260226_145420_run3
c22,Coffee,0.9642857142857143,0.9641474654377881,0.9665178571428571,0.9642857142857143,0.4402272701263428,20260226_145420_run3
c22,Computers,0.804,0.803745654368061,0.8055841482243952,0.804,0.4620242118835449,20260226_145421_run3
c22,Cricket,1.0,1.0,1.0,1.0,6.761791944503784,20260226_145430_run3
c22,CricketX,0.6641025641025641,0.6548860284472998,0.6696712205686566,0.6641025641025641,5.9420998096466064,20260226_145437_run3
c22,CricketY,0.6384615384615384,0.636670916182924,0.6514409072651067,0.6384615384615384,5.925503730773926,20260226_145443_run3
c22,CricketZ,0.6641025641025641,0.6601009427066759,0.6717161835440634,0.6641025641025641,5.937809228897095,20260226_145450_run3
c22,Crop,0.7279761904761904,0.7257345632550972,0.726508685309989,0.7279761904761904,197.92184925079346,20260226_145812_run3
c22,DiatomSizeReduction,0.9052287581699346,0.8774771173259185,0.9256839788256901,0.9052287581699346,0.4515652656555176,20260226_145813_run3
c22,DistalPhalanxOutlineAgeGroup,0.8057553956834532,0.8055019284631014,0.8053419333498718,0.8057553956834532,0.4911673069000244,20260226_145814_run3
c22,DistalPhalanxOutlineCorrect,0.8297101449275363,0.8275596347158006,0.8305871212121211,0.8297101449275363,0.6493804454803467,20260226_145815_run3
c22,DistalPhalanxTW,0.697841726618705,0.662280529476525,0.6578342164141848,0.697841726618705,0.49305248260498047,20260226_145815_run3
c22,DuckDuckGeese,0.56,0.5595488721804511,0.5602020202020203,0.56,25.468838691711426,20260226_150012_run3
c22,ECG200,0.8,0.7971479500891266,0.7970588235294117,0.8,0.44756007194519043,20260226_150013_run3
c22,ECG5000,0.9404444444444444,0.9326403893461649,0.9312306076683007,0.9404444444444444,2.280712366104126,20260226_150017_run3
c22,ECGFiveDays,0.9419279907084785,0.9419279907084785,0.9419279907084785,0.9419279907084785,0.5511612892150879,20260226_150018_run3
c22,EOGHorizontalSignal,0.7458563535911602,0.7373282305495524,0.7381116445988387,0.7458563535911602,5.529756307601929,20260226_150025_run3
c22,EOGVerticalSignal,0.7182320441988951,0.7099306632133043,0.7065466929848344,0.7182320441988951,5.538838148117065,20260226_150032_run3
c22,ERing,0.8555555555555555,0.8571965629549493,0.8618242092620975,0.8555555555555555,0.5909368991851807,20260226_150033_run3
c22,Earthquakes,0.7482014388489209,0.6404357995085412,0.5598053930955955,0.7482014388489209,0.46352267265319824,20260226_150034_run3
c22,EigenWorms,0.916030534351145,0.916206441198153,0.9209931290083962,0.916030534351145,0.8177933692932129,20260226_150151_run3
c22,ElectricDevices,0.8992348592919206,0.8996777997479471,0.9020110817072733,0.8992348592919206,15.427456378936768,20260226_150211_run3
c22,Epilepsy,0.9927536231884058,0.9927478549282573,0.9929443173150269,0.9927536231884058,0.5429427623748779,20260226_150212_run3
c22,EthanolConcentration,0.41825095057034223,0.40930992882125483,0.4139056969657841,0.41825095057034223,0.8059108257293701,20260226_150217_run3
c22,EthanolLevel,0.484,0.4731775697043642,0.4677691859445385,0.484,0.6280097961425781,20260226_150220_run3
c22,FaceAll,0.8775147928994083,0.8796899820592196,0.8885940329606322,0.8775147928994083,11.407696008682251,20260226_150232_run3
c22,FaceDetection,0.6364926220204313,0.6363836710134754,0.6366564084306512,0.6364926220204313,127.27953481674194,20260226_150944_run3
c22,FaceFour,0.6931818181818182,0.6775992369212708,0.7489669421487603,0.6931818181818182,0.4431650638580322,20260226_150944_run3
c22,FacesUCR,0.7629268292682927,0.7584662518595662,0.7859281233977179,0.7629268292682927,9.736295461654663,20260226_150955_run3
c22,FiftyWords,0.6681318681318681,0.6371903325705016,0.640615605910432,0.6681318681318681,6.670692205429077,20260226_151002_run3
c22,FingerMovements,0.53,0.529858872985687,0.529823717948718,0.53,3.785768985748291,20260226_151008_run3
c22,Fish,0.8342857142857143,0.834940823689769,0.8388333624047909,0.8342857142857143,0.44312000274658203,20260226_151009_run3
c22,FordA,0.9265151515151515,0.9265200902428131,0.9265346062560933,0.9265151515151515,3.313978910446167,20260226_151017_run3
c22,FordB,0.8987654320987655,0.898737644832653,0.8989841184149477,0.8987654320987655,3.0474419593811035,20260226_151024_run3
c22,FreezerRegularTrain,0.9992982456140351,0.9992982456140351,0.9992982456140351,0.9992982456140351,1.402439832687378,20260226_151027_run3
c22,FreezerSmallTrain,0.9985964912280701,0.9985964905368989,0.9985974733837579,0.9985964912280701,1.2678332328796387,20260226_151030_run3
c22,Fungi,0.9086021505376344,0.9068979352589193,0.9281616768571227,0.9086021505376344,3.6082193851470947,20260226_151034_run3
c22,GunPoint,0.9866666666666667,0.9866666666666667,0.9870175438596491,0.9866666666666667,0.42960119247436523,20260226_151034_run3
c22,GunPointAgeSpan,0.9778481012658228,0.9778381104320163,0.9783186886045465,0.9778481012658228,0.44243741035461426,20260226_151035_run3
c22,GunPointMaleVersusFemale,1.0,1.0,1.0,1.0,0.448075532913208,20260226_151035_run3
c22,GunPointOldVersusYoung,1.0,1.0,1.0,1.0,0.4436166286468506,20260226_151036_run3
c22,Ham,0.6761904761904762,0.675012987012987,0.6817770291609643,0.6761904761904762,0.433485746383667,20260226_151037_run3
c22,HandMovementDirection,0.28378378378378377,0.2913793492548477,0.30716493619719426,0.28378378378378377,1.1196589469909668,20260226_151040_run3
c22,HandOutlines,0.8945945945945946,0.8925716791842553,0.8959072353603603,0.8945945945945946,0.8722333908081055,20260226_151046_run3
c22,Handwriting,0.28705882352941176,0.23544969708874813,0.3641380274085519,0.28705882352941176,10.153696775436401,20260226_151058_run3
c22,Haptics,0.4383116883116883,0.4260171742335149,0.46401195148238317,0.4383116883116883,0.46270132064819336,20260226_151059_run3
c22,Heartbeat,0.7560975609756098,0.7353721896529876,0.735896700143472,0.7560975609756098,3.739973545074463,20260226_151124_run3
c22,Herring,0.578125,0.4350247524752475,0.3487103174603175,0.578125,0.44512128829956055,20260226_151125_run3
c22,HouseTwenty,0.957983193277311,0.9580378512610508,0.958230350963915,0.957983193277311,0.4441514015197754,20260226_151126_run3
c22,InlineSkate,0.5818181818181818,0.5776616196670168,0.5871814801179535,0.5818181818181818,0.4816920757293701,20260226_151128_run3
c22,InsectEPGRegularTrain,1.0,1.0,1.0,1.0,0.4495844841003418,20260226_151129_run3
c22,InsectEPGSmallTrain,1.0,1.0,1.0,1.0,0.4447312355041504,20260226_151129_run3
c22,InsectWingbeatSound,0.6196969696969697,0.6086360209531244,0.6132942343877582,0.6196969696969697,9.938952445983887,20260226_151141_run3
c22,ItalyPowerDemand,0.9067055393586005,0.9066289904193667,0.9078992127042275,0.9067055393586005,0.650763988494873,20260226_151141_run3
c22,LSST,0.7177615571776156,0.683786850101109,0.728550318459508,0.7177615571776156,148.8964385986328,20260226_151416_run3
c22,LargeKitchenAppliances,0.9253333333333333,0.9252935794996611,0.9262225646293443,0.9253333333333333,0.5591127872467041,20260226_151418_run3
c22,Libras,0.9222222222222223,0.9237597078176787,0.9316883116883116,0.9222222222222223,4.815335035324097,20260226_151422_run3
c22,Lightning2,0.8360655737704918,0.8330601092896175,0.8473002407428636,0.8360655737704918,0.4325590133666992,20260226_151423_run3
c22,Lightning7,0.589041095890411,0.5788419668627195,0.6613073000059301,0.589041095890411,0.4303312301635742,20260226_151424_run3
c22,Mallat,0.9330490405117271,0.9321808527731557,0.941453392357492,0.9330490405117271,1.0840725898742676,20260226_151428_run3
c22,Meat,0.85,0.8429898132973425,0.8687423687423689,0.85,0.42916035652160645,20260226_151429_run3
c22,MedicalImages,0.7578947368421053,0.7515625857852569,0.7743029991428599,0.7578947368421053,0.7213611602783203,20260226_151430_run3
c22,MiddlePhalanxOutlineAgeGroup,0.7337662337662337,0.6902274584975787,0.7399879951980792,0.7337662337662337,0.4889986515045166,20260226_151430_run3
c22,ACSF1,0.77,0.7667501981723277,0.7952747252747252,0.77,0.4294168949127197,20260226_151431_run4
c22,Adiac,0.731457800511509,0.7188877408207499,0.7539636407922854,0.731457800511509,5.813681602478027,20260226_151438_run4
c22,ArrowHead,0.7885714285714286,0.7887384318302736,0.7905064745196324,0.7885714285714286,0.4328629970550537,20260226_151438_run4
c22,ArticularyWordRecognition,0.9833333333333333,0.9834274247491639,0.9850549450549451,0.9833333333333333,19.770065784454346,20260226_151500_run4
c22,AtrialFibrillation,0.4,0.4026936026936027,0.4111111111111111,0.4,0.4517967700958252,20260226_151500_run4
c22,BME,0.9466666666666667,0.9465811965811967,0.9484702093397746,0.9466666666666667,0.43738508224487305,20260226_151501_run4
c22,BasicMotions,1.0,1.0,1.0,1.0,0.5188174247741699,20260226_151501_run4
c22,Beef,0.4,0.39902319902319905,0.41190476190476194,0.4,0.45603156089782715,20260226_151502_run4
c22,BeetleFly,0.95,0.949874686716792,0.9545454545454545,0.95,0.43442487716674805,20260226_151502_run4
c22,BirdChicken,0.9,0.898989898989899,0.9166666666666667,0.9,0.4385695457458496,20260226_151503_run4
c22,CBF,0.9855555555555555,0.9855490645112024,0.9859430352307342,0.9855555555555555,0.5627133846282959,20260226_151504_run4
c22,Car,0.75,0.7483825944170772,0.7519444444444443,0.75,0.4375302791595459,20260226_151504_run4
c22,Chinatown,0.9154518950437318,0.915019507907202,0.9147577398306261,0.9154518950437318,0.44705867767333984,20260226_151505_run4
c22,ChlorineConcentration,0.6088541666666667,0.5247188878204171,0.6740939499617281,0.6088541666666667,2.0406689643859863,20260226_151509_run4
c22,CinCECGTorso,0.8586956521739131,0.8599559474750612,0.8665855703395082,0.8586956521739131,0.7799522876739502,20260226_151514_run4
c22,Coffee,1.0,1.0,1.0,1.0,0.42758679389953613,20260226_151514_run4
c22,Computers,0.832,0.8319031762295083,0.8327666944640453,0.832,0.45179033279418945,20260226_151515_run4
c22,Cricket,1.0,1.0,1.0,1.0,6.693749666213989,20260226_151524_run4
c22,CricketX,0.6820512820512821,0.6682624134958534,0.6770205457088815,0.6820512820512821,5.894023180007935,20260226_151531_run4
c22,CricketY,0.6512820512820513,0.6482159708020091,0.652667165191669,0.6512820512820513,5.900184869766235,20260226_151537_run4
c22,CricketZ,0.6923076923076923,0.6838337874211293,0.6843319938791647,0.6923076923076923,5.902531147003174,20260226_151543_run4
c22,Crop,0.7314285714285714,0.7303518300866468,0.73210264966389,0.7314285714285714,197.8396611213684,20260226_151906_run4
c22,DiatomSizeReduction,0.9901960784313726,0.9901620195064933,0.9904992925005055,0.9901960784313726,0.4370298385620117,20260226_151907_run4
c22,DistalPhalanxOutlineAgeGroup,0.7985611510791367,0.7992107571381815,0.8011949887094932,0.7985611510791367,0.48173999786376953,20260226_151907_run4
c22,DistalPhalanxOutlineCorrect,0.8405797101449275,0.8399027293844368,0.8400446812796426,0.8405797101449275,0.6461546421051025,20260226_151908_run4
c22,DistalPhalanxTW,0.6834532374100719,0.6571767251558968,0.6412560488693444,0.6834532374100719,0.48044276237487793,20260226_151909_run4
c22,DuckDuckGeese,0.62,0.616047471620227,0.6253968253968254,0.62,24.73226833343506,20260226_152105_run4
c22,ECG200,0.82,0.8140441176470589,0.8201587301587301,0.82,0.43669891357421875,20260226_152105_run4
c22,ECG5000,0.9437777777777778,0.9326035178928807,0.935875892606824,0.9437777777777778,2.2860074043273926,20260226_152110_run4
c22,ECGFiveDays,0.926829268292683,0.9267122420905756,0.93003931261209,0.926829268292683,0.5433938503265381,20260226_152111_run4
c22,EOGHorizontalSignal,0.7790055248618785,0.7726544565171427,0.7821927646231726,0.7790055248618785,5.503124713897705,20260226_152118_run4
c22,EOGVerticalSignal,0.7016574585635359,0.6995203462765108,0.710175034537865,0.7016574585635359,5.504071950912476,20260226_152125_run4
c22,ERing,0.9,0.9002603501150014,0.9029016696816585,0.9,0.5897629261016846,20260226_152126_run4
c22,Earthquakes,0.7482014388489209,0.6404357995085412,0.5598053930955955,0.7482014388489209,0.45491862297058105,20260226_152126_run4
c22,EigenWorms,0.9236641221374046,0.9262478752443254,0.9340239912758997,0.9236641221374046,0.8274405002593994,20260226_152245_run4
c22,ElectricDevices,0.9045519387887434,0.9048525123629279,0.9071581008317982,0.9045519387887434,15.419177532196045,20260226_152305_run4
c22,Epilepsy,0.9927536231884058,0.9927565004474139,0.9929606625258798,0.9927536231884058,0.5425906181335449,20260226_152306_run4
c22,EthanolConcentration,0.45627376425855515,0.4412245045808139,0.44174376283524125,0.45627376425855515,0.7939062118530273,20260226_152311_run4
c22,EthanolLevel,0.482,0.46960293815291754,0.4633787342413263,0.482,0.6327800750732422,20260226_152314_run4
c22,FaceAll,0.8798816568047337,0.8815290356824246,0.8896943756475695,0.8798816568047337,11.436190366744995,20260226_152326_run4
c22,FaceDetection,0.6336549375709422,0.6327072906184014,0.6350486867323896,0.6336549375709422,127.37053060531616,20260226_153040_run4
c22,FaceFour,0.7613636363636364,0.7616901447283585,0.7781908951263791,0.7613636363636364,0.4351344108581543,20260226_153040_run4
c22,FacesUCR,0.7663414634146342,0.7653327928285317,0.7814940333944987,0.7663414634146342,9.743477582931519,20260226_153051_run4
c22,FiftyWords,0.654945054945055,0.6371568229673241,0.6530204770246488,0.654945054945055,6.665530204772949,20260226_153058_run4
c22,FingerMovements,0.56,0.5589401846647932,0.5596767676767677,0.56,3.8879482746124268,20260226_153105_run4
c22,Fish,0.88,0.8797783385848129,0.8957080745341613,0.88,0.47127199172973633,20260226_153105_run4
c22,FordA,0.9212121212121213,0.9211319630273511,0.9217698651710896,0.9212121212121213,3.3326377868652344,20260226_153113_run4
c22,FordB,0.908641975308642,0.9086391900030111,0.9086474860667032,0.908641975308642,3.050809621810913,20260226_153120_run4
c22,FreezerRegularTrain,0.9982456140350877,0.9982456120911676,0.9982478223356852,0.9982456140350877,1.419368028640747,20260226_153123_run4
c22,FreezerSmallTrain,0.9887719298245614,0.9887705141282201,0.9890185312285518,0.9887719298245614,1.2720999717712402,20260226_153126_run4
c22,Fungi,0.8870967741935484,0.8811429905506502,0.9035435964871449,0.8870967741935484,3.470576286315918,20260226_153130_run4
c22,GunPoint,0.92,0.9195705850778313,0.927485465116279,0.92,0.43355393409729004,20260226_153131_run4
c22,GunPointAgeSpan,0.9873417721518988,0.9873422792314905,0.9874218875180258,0.9873417721518988,0.4449748992919922,20260226_153131_run4
c22,GunPointMaleVersusFemale,1.0,1.0,1.0,1.0,0.5898692607879639,20260226_153132_run4
c22,GunPointOldVersusYoung,1.0,1.0,1.0,1.0,0.44376397132873535,20260226_153133_run4
c22,Ham,0.6857142857142857,0.6854291158437789,0.688265306122449,0.6857142857142857,0.4341905117034912,20260226_153133_run4
c22,HandMovementDirection,0.21621621621621623,0.16512015409074232,0.31856674856674855,0.21621621621621623,1.1246020793914795,20260226_153136_run4
c22,HandOutlines,0.9,0.8975813730117329,0.9032167832167832,0.9,0.869128942489624,20260226_153143_run4
c22,Handwriting,0.28352941176470586,0.21895749607115136,0.36674724214199045,0.28352941176470586,10.102460384368896,20260226_153154_run4
c22,Haptics,0.4383116883116883,0.4210795536681776,0.47854206683526224,0.4383116883116883,0.4457836151123047,20260226_153156_run4
c22,Heartbeat,0.7902439024390244,0.7735095195665501,0.7783398277769759,0.7902439024390244,3.5132322311401367,20260226_153221_run4
c22,Herring,0.5625,0.5435606060606061,0.5419685990338164,0.5625,0.4559206962585449,20260226_153221_run4
c22,HouseTwenty,0.9747899159663865,0.9748227107566304,0.9749958807052234,0.9747899159663865,0.42946338653564453,20260226_153222_run4
c22,InlineSkate,0.5327272727272727,0.5308119289048154,0.5308840805717998,0.5327272727272727,0.476773738861084,20260226_153224_run4
c22,InsectEPGRegularTrain,1.0,1.0,1.0,1.0,0.43587541580200195,20260226_153225_run4
c22,InsectEPGSmallTrain,1.0,1.0,1.0,1.0,0.4316580295562744,20260226_153226_run4
c22,InsectWingbeatSound,0.5858585858585859,0.5811527285545273,0.5862761862714795,0.5858585858585859,9.841119289398193,20260226_153237_run4
c22,ItalyPowerDemand,0.9144800777453839,0.9144050659421208,0.9161046609430467,0.9144800777453839,0.6452391147613525,20260226_153238_run4
c22,LSST,0.7258718572587186,0.691220263224173,0.7040445997023069,0.7258718572587186,148.99687814712524,20260226_153512_run4
c22,LargeKitchenAppliances,0.9306666666666666,0.9307375070441273,0.9319785370667325,0.9306666666666666,0.5560328960418701,20260226_153514_run4
c22,Libras,0.9333333333333333,0.9326967257112184,0.9360398860398861,0.9333333333333333,4.816953182220459,20260226_153519_run4
c22,Lightning2,0.8032786885245902,0.7915854637166112,0.8557377049180328,0.8032786885245902,0.4331977367401123,20260226_153519_run4
c22,Lightning7,0.7397260273972602,0.7308478431766104,0.7733499377334994,0.7397260273972602,0.4331686496734619,20260226_153520_run4
c22,Mallat,0.9411513859275054,0.939884377234392,0.950904995212117,0.9411513859275054,1.083054542541504,20260226_153524_run4
c22,Meat,0.95,0.9499687304565355,0.9507101086048454,0.95,0.4305899143218994,20260226_153525_run4
c22,MedicalImages,0.7842105263157895,0.7713901779987749,0.7824123872067664,0.7842105263157895,0.7369604110717773,20260226_153526_run4
c22,MiddlePhalanxOutlineAgeGroup,0.7337662337662337,0.7207971798557073,0.7262121212121212,0.7337662337662337,0.49156856536865234,20260226_153527_run4
c22,ACSF1,0.71,0.7091584459870905,0.7310314685314685,0.71,0.4388406276702881,20260226_153527_run5
c22,Adiac,0.7468030690537084,0.7405906504132934,0.7620516165774018,0.7468030690537084,5.695571184158325,20260226_153533_run5
c22,ArrowHead,0.7885714285714286,0.7899207768975212,0.823893565081535,0.7885714285714286,0.44214391708374023,20260226_153534_run5
c22,ArticularyWordRecognition,0.99,0.9899826086956522,0.990769230769231,0.99,19.841490507125854,20260226_153556_run5
c22,AtrialFibrillation,0.13333333333333333,0.11188811188811189,0.09722222222222222,0.13333333333333333,0.45084476470947266,20260226_153556_run5
c22,BME,0.96,0.96,0.96,0.96,0.4407813549041748,20260226_153557_run5
c22,BasicMotions,1.0,1.0,1.0,1.0,0.5192890167236328,20260226_153558_run5
c22,Beef,0.43333333333333335,0.3890726817042606,0.5158119658119659,0.43333333333333335,0.43813395500183105,20260226_153558_run5
c22,BeetleFly,0.95,0.949874686716792,0.9545454545454545,0.95,0.43495655059814453,20260226_153558_run5
c22,BirdChicken,0.85,0.846547314578005,0.8846153846153847,0.85,0.436892032623291,20260226_153559_run5
c22,CBF,0.9222222222222223,0.9212808475056421,0.9356330857970203,0.9222222222222223,0.5649256706237793,20260226_153600_run5
c22,Car,0.7833333333333333,0.7808333333333334,0.7953388047138047,0.7833333333333333,0.4368143081665039,20260226_153600_run5
c22,Chinatown,0.9329446064139941,0.9330545414806081,0.9331835596232188,0.9329446064139941,0.44562482833862305,20260226_153601_run5
c22,ChlorineConcentration,0.5776041666666667,0.4835224313815455,0.5954888788096111,0.5776041666666667,2.032571792602539,20260226_153605_run5
c22,CinCECGTorso,0.8289855072463768,0.8305030432085327,0.8355256625319682,0.8289855072463768,0.7827136516571045,20260226_153610_run5
c22,Coffee,0.9285714285714286,0.9285714285714286,0.9285714285714286,0.9285714285714286,0.437394380569458,20260226_153610_run5
c22,Computers,0.86,0.8599439775910364,0.8605769230769231,0.86,0.4580037593841553,20260226_153611_run5
c22,Cricket,1.0,1.0,1.0,1.0,6.604538202285767,20260226_153620_run5
c22,CricketX,0.658974358974359,0.6406191161495506,0.6572093613389162,0.658974358974359,5.929900169372559,20260226_153626_run5
c22,CricketY,0.6435897435897436,0.6369380566051241,0.6455394325761917,0.6435897435897436,5.931399822235107,20260226_153633_run5
c22,CricketZ,0.6948717948717948,0.6882409289957248,0.6873476002580777,0.6948717948717948,6.084284782409668,20260226_153640_run5
c22,Crop,0.733452380952381,0.730207561320196,0.7315699120055231,0.733452380952381,197.48485589027405,20260226_154002_run5
c22,DiatomSizeReduction,0.9803921568627451,0.9801078726600548,0.9810725788442717,0.9803921568627451,0.4354400634765625,20260226_154003_run5
c22,DistalPhalanxOutlineAgeGroup,0.762589928057554,0.7638366893414469,0.7663865470289025,0.762589928057554,0.48269057273864746,20260226_154003_run5
c22,DistalPhalanxOutlineCorrect,0.8333333333333334,0.8328809019671716,0.8327873327873327,0.8333333333333334,0.6453940868377686,20260226_154004_run5
c22,DistalPhalanxTW,0.697841726618705,0.6694771215033065,0.6654419111233789,0.697841726618705,0.48554134368896484,20260226_154005_run5
c22,DuckDuckGeese,0.64,0.6392520944304495,0.6541325341325341,0.64,24.3703773021698,20260226_154200_run5
c22,ECG200,0.82,0.8140441176470589,0.8201587301587301,0.82,0.43366003036499023,20260226_154201_run5
c22,ECG5000,0.9375555555555556,0.925826177946532,0.925148425795251,0.9375555555555556,2.2768466472625732,20260226_154205_run5
c22,ECGFiveDays,0.9163763066202091,0.915890454676444,0.9270896300276684,0.9163763066202091,0.5404088497161865,20260226_154206_run5
c22,EOGHorizontalSignal,0.7596685082872928,0.7492627480836601,0.7476184500945521,0.7596685082872928,5.497435092926025,20260226_154213_run5
c22,EOGVerticalSignal,0.7237569060773481,0.7190663456068761,0.7274002705294443,0.7237569060773481,5.495428800582886,20260226_154220_run5
c22,ERing,0.9111111111111111,0.9082645016800192,0.9265949637393229,0.9111111111111111,0.589745283126831,20260226_154221_run5
c22,Earthquakes,0.7482014388489209,0.6404357995085412,0.5598053930955955,0.7482014388489209,0.45339417457580566,20260226_154222_run5
c22,EigenWorms,0.9312977099236641,0.9318344026050347,0.9335841855105862,0.9312977099236641,0.813565731048584,20260226_154339_run5
c22,ElectricDevices,0.905848787446505,0.9060894434274127,0.9087193549364484,0.905848787446505,15.434577941894531,20260226_154400_run5
c22,Epilepsy,0.9927536231884058,0.9927478549282573,0.9929443173150269,0.9927536231884058,0.542304277420044,20260226_154400_run5
c22,EthanolConcentration,0.4448669201520912,0.422760366799624,0.42671102661596955,0.4448669201520912,0.7979543209075928,20260226_154405_run5
c22,EthanolLevel,0.518,0.5099499812195777,0.5135813948503605,0.518,0.6327502727508545,20260226_154408_run5
c22,FaceAll,0.8745562130177514,0.8763953729148505,0.8828542545585919,0.8745562130177514,11.462559223175049,20260226_154421_run5
c22,FaceDetection,0.6362088535754824,0.6361356035513956,0.6363186235068392,0.6362088535754824,127.40297937393188,20260226_155132_run5
c22,FaceFour,0.625,0.6217302052785922,0.6306674429302513,0.625,0.4294099807739258,20260226_155133_run5
c22,FacesUCR,0.7760975609756098,0.7752996250741695,0.7919538227189701,0.7760975609756098,9.75001049041748,20260226_155144_run5
c22,FiftyWords,0.6307692307692307,0.6113596475073801,0.6488343320789319,0.6307692307692307,6.84345006942749,20260226_155151_run5
c22,FingerMovements,0.62,0.618169409875552,0.6243737250101999,0.62,3.75453519821167,20260226_155157_run5
c22,Fish,0.8571428571428571,0.8609976748980072,0.8710217226987413,0.8571428571428571,0.45839643478393555,20260226_155158_run5
c22,FordA,0.931060606060606,0.9310679314832314,0.9311019874774054,0.931060606060606,3.333963394165039,20260226_155206_run5
c22,FordB,0.8925925925925926,0.8925753975816869,0.8926916117112818,0.8925925925925926,3.0706701278686523,20260226_155213_run5
c22,FreezerRegularTrain,0.9978947368421053,0.997894732695072,0.9978986599586627,0.9978947368421053,1.4065191745758057,20260226_155216_run5
c22,FreezerSmallTrain,0.9985964912280701,0.9985964884633814,0.9986004198740378,0.9985964912280701,1.2794506549835205,20260226_155219_run5
c22,Fungi,0.8118279569892473,0.7986752793204407,0.9248340257412838,0.8118279569892473,3.5884063243865967,20260226_155223_run5
c22,GunPoint,0.9466666666666667,0.9465525643311343,0.9494930655188906,0.9466666666666667,0.452678918838501,20260226_155223_run5
c22,GunPointAgeSpan,0.990506329113924,0.9905066143604778,0.9905267390674908,0.990506329113924,0.46285104751586914,20260226_155224_run5
c22,GunPointMaleVersusFemale,1.0,1.0,1.0,1.0,0.45862317085266113,20260226_155224_run5
c22,GunPointOldVersusYoung,1.0,1.0,1.0,1.0,0.4630002975463867,20260226_155225_run5
c22,Ham,0.7333333333333333,0.7333333333333333,0.7333333333333333,0.7333333333333333,0.4470820426940918,20260226_155226_run5
c22,HandMovementDirection,0.17567567567567569,0.18173232502500794,0.2574594029766443,0.17567567567567569,1.1332917213439941,20260226_155229_run5
c22,HandOutlines,0.9108108108108108,0.9097097990768198,0.9111153153153153,0.9108108108108108,0.8757169246673584,20260226_155236_run5
c22,Handwriting,0.28823529411764703,0.21774275626501108,0.25430887452607187,0.28823529411764703,10.158693790435791,20260226_155247_run5
c22,Haptics,0.41883116883116883,0.3908850263822352,0.42534138789482745,0.41883116883116883,0.4607279300689697,20260226_155249_run5
c22,Heartbeat,0.7707317073170732,0.760799612994688,0.7580469901254631,0.7707317073170732,3.700126886367798,20260226_155314_run5
c22,Herring,0.484375,0.4360955056179775,0.41973039215686275,0.484375,0.44623637199401855,20260226_155314_run5
c22,HouseTwenty,0.9159663865546218,0.9164930929636812,0.9252960652887497,0.9159663865546218,0.448697566986084,20260226_155315_run5
c22,InlineSkate,0.509090909090909,0.5096499360378264,0.5201797647532955,0.509090909090909,0.47544431686401367,20260226_155317_run5
c22,InsectEPGRegularTrain,1.0,1.0,1.0,1.0,0.43354201316833496,20260226_155318_run5
c22,InsectEPGSmallTrain,1.0,1.0,1.0,1.0,0.43163561820983887,20260226_155319_run5
c22,InsectWingbeatSound,0.5742424242424242,0.5668920364904063,0.5682786106793236,0.5742424242424242,9.714881896972656,20260226_155330_run5
c22,ItalyPowerDemand,0.8824101068999028,0.8815930702063052,0.8937147206534961,0.8824101068999028,0.645482063293457,20260226_155330_run5
c22,LSST,0.7278994322789943,0.6939278512468908,0.719868618625436,0.7278994322789943,149.04700899124146,20260226_155605_run5
c22,LargeKitchenAppliances,0.9333333333333333,0.9332171893147503,0.9333420099347086,0.9333333333333333,0.5632984638214111,20260226_155607_run5
c22,Libras,0.9611111111111111,0.9607495370973631,0.9668864468864469,0.9611111111111111,5.008630990982056,20260226_155612_run5
c22,Lightning2,0.7868852459016393,0.7865382476588741,0.7866173791921139,0.7868852459016393,0.4407083988189697,20260226_155612_run5
c22,Lightning7,0.726027397260274,0.7257791337055751,0.7393380592010729,0.726027397260274,0.43704748153686523,20260226_155613_run5
c22,Mallat,0.9334754797441365,0.9334005026043397,0.9355456865888535,0.9334754797441365,1.0851612091064453,20260226_155617_run5
c22,Meat,0.9166666666666666,0.9161317928968764,0.9179894179894179,0.9166666666666666,0.4315962791442871,20260226_155618_run5
c22,MedicalImages,0.7881578947368421,0.7821974397548062,0.7952832634833953,0.7881578947368421,0.7232024669647217,20260226_155619_run5
c22,MiddlePhalanxOutlineAgeGroup,0.7077922077922078,0.6911237314492018,0.7021015301194435,0.7077922077922078,0.4893479347229004,20260226_155620_run5
c22,ACSF1,0.78,0.7737486726193147,0.7993040293040293,0.78,0.4360949993133545,20260226_155621_run6
c22,Adiac,0.7468030690537084,0.7365759150305063,0.7640009778588324,0.7468030690537084,5.71120548248291,20260226_155627_run6
c22,ArrowHead,0.7885714285714286,0.7896527502134979,0.7930883311178879,0.7885714285714286,0.43813204765319824,20260226_155627_run6
c22,ArticularyWordRecognition,0.9933333333333333,0.9933217391304346,0.9938461538461539,0.9933333333333333,19.851967096328735,20260226_155649_run6
c22,AtrialFibrillation,0.26666666666666666,0.26455026455026454,0.32407407407407407,0.26666666666666666,0.449460506439209,20260226_155649_run6
c22,BME,0.96,0.96,0.96,0.96,0.44215989112854004,20260226_155650_run6
c22,BasicMotions,1.0,1.0,1.0,1.0,0.5203890800476074,20260226_155651_run6
c22,Beef,0.5333333333333333,0.5162975912975912,0.5323809523809524,0.5333333333333333,0.43715763092041016,20260226_155651_run6
c22,BeetleFly,0.85,0.849624060150376,0.8535353535353536,0.85,0.43645548820495605,20260226_155652_run6
c22,BirdChicken,0.85,0.846547314578005,0.8846153846153847,0.85,0.43833112716674805,20260226_155652_run6
c22,CBF,0.9822222222222222,0.9821413353874767,0.9823405289386037,0.9822222222222222,0.5643680095672607,20260226_155653_run6
c22,Car,0.7833333333333333,0.7820673884339395,0.797962962962963,0.7833333333333333,0.4373202323913574,20260226_155654_run6
c22,Chinatown,0.9183673469387755,0.9195923774378107,0.9225957843710384,0.9183673469387755,0.44712042808532715,20260226_155654_run6
c22,ChlorineConcentration,0.5856770833333333,0.4823810504222699,0.7069743490820767,0.5856770833333333,2.0321900844573975,20260226_155658_run6
c22,CinCECGTorso,0.8753623188405797,0.8763840757734851,0.8834803596170475,0.8753623188405797,0.7823772430419922,20260226_155703_run6
c22,Coffee,0.9285714285714286,0.9285714285714286,0.9285714285714286,0.9285714285714286,0.4349656105041504,20260226_155703_run6
c22,Computers,0.828,0.8279752284328944,0.8281890368852459,0.828,0.46004700660705566,20260226_155704_run6
c22,Cricket,1.0,1.0,1.0,1.0,6.738552808761597,20260226_155713_run6
c22,CricketX,0.6435897435897436,0.6349884967480904,0.6553066027959877,0.6435897435897436,5.913094997406006,20260226_155720_run6
c22,CricketY,0.6717948717948717,0.6644680616390035,0.6679062278550769,0.6717948717948717,5.906418800354004,20260226_155726_run6
c22,CricketZ,0.717948717948718,0.7148518703781862,0.7181823605083935,0.717948717948718,5.915133953094482,20260226_155733_run6
c22,Crop,0.7336309523809523,0.7312637998973921,0.7318330843055834,0.7336309523809523,197.83238911628723,20260226_160055_run6
c22,DiatomSizeReduction,0.9836601307189542,0.9835362948598243,0.9842308135375363,0.9836601307189542,0.45188450813293457,20260226_160056_run6
c22,DistalPhalanxOutlineAgeGroup,0.7769784172661871,0.7755174012050864,0.7760782418841046,0.7769784172661871,0.4975399971008301,20260226_160057_run6
c22,DistalPhalanxOutlineCorrect,0.8442028985507246,0.8428634113565621,0.8443276684555755,0.8442028985507246,0.6446824073791504,20260226_160058_run6
c22,DistalPhalanxTW,0.7050359712230215,0.6481689260386393,0.6671871631854277,0.7050359712230215,0.4782111644744873,20260226_160058_run6
c22,DuckDuckGeese,0.76,0.7541703534197813,0.8044017094017094,0.76,24.674680709838867,20260226_160254_run6
c22,ECG200,0.77,0.7583630145064276,0.7685333333333333,0.77,0.4546473026275635,20260226_160254_run6
c22,ECG5000,0.9408888888888889,0.9294966584627129,0.9303284034894984,0.9408888888888889,2.2724437713623047,20260226_160259_run6
c22,ECGFiveDays,0.7967479674796748,0.7884639372942011,0.8541476630048522,0.7967479674796748,0.5422787666320801,20260226_160300_run6
c22,EOGHorizontalSignal,0.8038674033149171,0.8006331572206359,0.8014535324427345,0.8038674033149171,5.4911792278289795,20260226_160307_run6
c22,EOGVerticalSignal,0.7320441988950276,0.7268428855192111,0.7286776669492182,0.7320441988950276,5.6293864250183105,20260226_160314_run6
c22,ERing,0.8703703703703703,0.8711735854500261,0.8758226495726495,0.8703703703703703,0.585134744644165,20260226_160315_run6
c22,Earthquakes,0.7482014388489209,0.6404357995085412,0.5598053930955955,0.7482014388489209,0.45147132873535156,20260226_160315_run6
c22,EigenWorms,0.9465648854961832,0.9463504953711224,0.9465648854961832,0.9465648854961832,0.8258006572723389,20260226_160432_run6
c22,ElectricDevices,0.9014395020101155,0.9014227408291816,0.9035998630713944,0.9014395020101155,15.400760173797607,20260226_160452_run6
c22,Epilepsy,0.9927536231884058,0.9927565004474139,0.9929606625258798,0.9927536231884058,0.5368502140045166,20260226_160453_run6
c22,EthanolConcentration,0.4866920152091255,0.4620342792926512,0.4729100917287144,0.4866920152091255,0.7898824214935303,20260226_160457_run6
c22,EthanolLevel,0.512,0.5024047543154118,0.5085818859800869,0.512,0.6273162364959717,20260226_160500_run6
c22,FaceAll,0.8792899408284024,0.8811129451620573,0.8869809797387176,0.8792899408284024,11.408016681671143,20260226_160513_run6
c22,FaceDetection,0.6333711691259932,0.6333190838356898,0.6334469911823855,0.6333711691259932,126.94764423370361,20260226_161225_run6
c22,FaceFour,0.6477272727272727,0.6349788884252082,0.7182614838864839,0.6477272727272727,0.43434858322143555,20260226_161225_run6
c22,FacesUCR,0.7795121951219512,0.7761699574921135,0.7917029789570947,0.7795121951219512,9.701313257217407,20260226_161236_run6
c22,FiftyWords,0.6263736263736264,0.6067906815400254,0.6213194477107056,0.6263736263736264,6.62968373298645,20260226_161243_run6
c22,FingerMovements,0.52,0.5188461538461538,0.5214545454545454,0.52,3.8786702156066895,20260226_161249_run6
c22,Fish,0.88,0.8812256988012314,0.8836191689607839,0.88,0.4422168731689453,20260226_161250_run6
c22,FordA,0.9371212121212121,0.937112720803218,0.9371311581291945,0.9371212121212121,3.3138108253479004,20260226_161258_run6
c22,FordB,0.8975308641975308,0.8975332069168138,0.8976039489553772,0.8975308641975308,3.0504395961761475,20260226_161305_run6
c22,FreezerRegularTrain,0.9992982456140351,0.9992982456140351,0.9992982456140351,0.9992982456140351,1.402625560760498,20260226_161308_run6
c22,FreezerSmallTrain,0.9670175438596491,0.9669846199349307,0.9688879000259577,0.9670175438596491,1.2659404277801514,20260226_161311_run6
c22,Fungi,0.8440860215053764,0.8322935693346531,0.8875909234661606,0.8440860215053764,3.452033519744873,20260226_161314_run6
c22,GunPoint,0.96,0.96,0.9603413940256045,0.96,0.4297633171081543,20260226_161315_run6
c22,GunPointAgeSpan,0.9746835443037974,0.9746754300551769,0.9759184933621488,0.9746835443037974,0.44194912910461426,20260226_161316_run6
c22,GunPointMaleVersusFemale,0.9968354430379747,0.9968359194795887,0.9968564003688489,0.9968354430379747,0.44593310356140137,20260226_161316_run6
c22,GunPointOldVersusYoung,1.0,1.0,1.0,1.0,0.4433269500732422,20260226_161317_run6
c22,Ham,0.6190476190476191,0.6187012987012986,0.6188046647230321,0.6190476190476191,0.4306337833404541,20260226_161317_run6
c22,HandMovementDirection,0.3108108108108108,0.30204452926775976,0.3112480612480612,0.3108108108108108,1.1179711818695068,20260226_161320_run6
c22,HandOutlines,0.8891891891891892,0.8862175624097809,0.8926946029999465,0.8891891891891892,0.8931701183319092,20260226_161327_run6
c22,Handwriting,0.27058823529411763,0.20141439624973118,0.32641418545314654,0.27058823529411763,10.140024900436401,20260226_161339_run6
c22,Haptics,0.474025974025974,0.4611058395483677,0.4854312856121175,0.474025974025974,0.44911813735961914,20260226_161340_run6
c22,Heartbeat,0.7317073170731707,0.7294276901912109,0.7274717780290386,0.7317073170731707,3.7513303756713867,20260226_161405_run6
c22,Herring,0.59375,0.4424019607843137,0.3525390625,0.59375,0.42725658416748047,20260226_161406_run6
c22,HouseTwenty,0.9663865546218487,0.966159703317947,0.968228387245309,0.9663865546218487,0.4275791645050049,20260226_161407_run6
c22,InlineSkate,0.5545454545454546,0.5534736311884032,0.5671943677858989,0.5545454545454546,0.4752366542816162,20260226_161409_run6
c22,InsectEPGRegularTrain,1.0,1.0,1.0,1.0,0.4325416088104248,20260226_161410_run6
c22,InsectEPGSmallTrain,1.0,1.0,1.0,1.0,0.43105173110961914,20260226_161410_run6
c22,InsectWingbeatSound,0.602020202020202,0.5913659062308299,0.5959763111820134,0.602020202020202,9.696260213851929,20260226_161421_run6
c22,ItalyPowerDemand,0.9222546161321672,0.9221771558960377,0.9241210446742187,0.9222546161321672,0.6452302932739258,20260226_161422_run6
c22,LSST,0.7206001622060016,0.6857067250727191,0.6909158267473114,0.7206001622060016,148.79729890823364,20260226_161656_run6
c22,LargeKitchenAppliances,0.9413333333333334,0.9413877859708829,0.9423766026636841,0.9413333333333334,0.5606603622436523,20260226_161658_run6
c22,Libras,0.9166666666666666,0.9132569563385734,0.9223154623154622,0.9166666666666666,4.832682132720947,20260226_161703_run6
c22,Lightning2,0.7540983606557377,0.7453086850366237,0.7729569826204856,0.7540983606557377,0.43745970726013184,20260226_161703_run6
c22,Lightning7,0.6438356164383562,0.6338210875882109,0.6736711878894213,0.6438356164383562,0.4410884380340576,20260226_161704_run6
c22,Mallat,0.9432835820895522,0.943005354688174,0.9479100265180623,0.9432835820895522,1.109574556350708,20260226_161709_run6
c22,Meat,0.8833333333333333,0.8820408588701272,0.8814954051796157,0.8833333333333333,0.4493250846862793,20260226_161709_run6
c22,MedicalImages,0.7960526315789473,0.7796054860205627,0.786636379268456,0.7960526315789473,0.7222840785980225,20260226_161710_run6
c22,MiddlePhalanxOutlineAgeGroup,0.7532467532467533,0.7279730073847721,0.7730115461749646,0.7532467532467533,0.4894132614135742,20260226_161711_run6
c22,ACSF1,0.77,0.7640423250639968,0.7866378066378067,0.77,0.42864084243774414,20260226_161712_run7
c22,Adiac,0.7570332480818415,0.7497124415588664,0.7922228541339458,0.7570332480818415,5.67105507850647,20260226_161718_run7
c22,ArrowHead,0.7371428571428571,0.7386178107606679,0.7427049463853338,0.7371428571428571,0.4306313991546631,20260226_161718_run7
c22,ArticularyWordRecognition,0.9933333333333333,0.9933217391304349,0.9938461538461539,0.9933333333333333,19.632803440093994,20260226_161740_run7
c22,AtrialFibrillation,0.13333333333333333,0.11794871794871795,0.10833333333333334,0.13333333333333333,0.4400653839111328,20260226_161740_run7
c22,BME,0.9466666666666667,0.9466453247965854,0.9471153846153846,0.9466666666666667,0.43112754821777344,20260226_161741_run7
c22,BasicMotions,1.0,1.0,1.0,1.0,0.51017165184021,20260226_161742_run7
c22,Beef,0.43333333333333335,0.38542735042735043,0.3838095238095238,0.43333333333333335,0.4335198402404785,20260226_161742_run7
c22,BeetleFly,0.8,0.7979797979797979,0.8125,0.8,0.42491888999938965,20260226_161743_run7
c22,BirdChicken,0.95,0.949874686716792,0.9545454545454545,0.95,0.43245625495910645,20260226_161743_run7
c22,CBF,0.9877777777777778,0.9877367009085618,0.9879418313519204,0.9877777777777778,0.5601484775543213,20260226_161744_run7
c22,Car,0.8,0.7974074074074075,0.799200064641241,0.8,0.4261946678161621,20260226_161744_run7
c22,Chinatown,0.9416909620991254,0.9414940907238472,0.9413760852142199,0.9416909620991254,0.4396553039550781,20260226_161745_run7
c22,ChlorineConcentration,0.6317708333333333,0.5640108151061137,0.6885214293770668,0.6317708333333333,2.0369601249694824,20260226_161749_run7
c22,CinCECGTorso,0.9115942028985508,0.9114602742833269,0.9121146245905305,0.9115942028985508,0.778728723526001,20260226_161754_run7
c22,Coffee,1.0,1.0,1.0,1.0,0.43055176734924316,20260226_161754_run7
c22,Computers,0.8,0.7999871991807477,0.8000768196658344,0.8,0.45825791358947754,20260226_161755_run7
c22,Cricket,1.0,1.0,1.0,1.0,6.5515663623809814,20260226_161804_run7
c22,CricketX,0.6538461538461539,0.6409985219648981,0.6638055191536436,0.6538461538461539,6.031148672103882,20260226_161811_run7
c22,CricketY,0.6307692307692307,0.6266241353299659,0.6393757355712664,0.6307692307692307,5.889381408691406,20260226_161817_run7
c22,CricketZ,0.6666666666666666,0.6629531383117204,0.6662956132905188,0.6666666666666666,5.894594192504883,20260226_161823_run7
c22,Crop,0.7258333333333333,0.7223243972260177,0.7231284546742297,0.7258333333333333,197.48120021820068,20260226_162146_run7
c22,DiatomSizeReduction,0.9869281045751634,0.986821914558173,0.9874616513271974,0.9869281045751634,0.446901798248291,20260226_162147_run7
c22,DistalPhalanxOutlineAgeGroup,0.7482014388489209,0.747234748086698,0.7478063841527943,0.7482014388489209,0.48555636405944824,20260226_162147_run7
c22,DistalPhalanxOutlineCorrect,0.8297101449275363,0.8282460542734514,0.8295319022063208,0.8297101449275363,0.650399923324585,20260226_162148_run7
c22,DistalPhalanxTW,0.6906474820143885,0.6477142116676017,0.6476613344197965,0.6906474820143885,0.483257532119751,20260226_162149_run7
c22,DuckDuckGeese,0.66,0.65560615092719,0.662988122988123,0.66,24.72693705558777,20260226_162345_run7
c22,ECG200,0.85,0.848456687686691,0.8485753052917232,0.85,0.4522874355316162,20260226_162345_run7
c22,ECG5000,0.9451111111111111,0.9338981097314876,0.93449801800141,0.9451111111111111,2.2777271270751953,20260226_162350_run7
c22,ECGFiveDays,0.9605110336817654,0.9604739167838647,0.9619348968954795,0.9605110336817654,0.5422546863555908,20260226_162351_run7
c22,EOGHorizontalSignal,0.7762430939226519,0.7746572712734836,0.7760690812148747,0.7762430939226519,5.497040271759033,20260226_162358_run7
c22,EOGVerticalSignal,0.7265193370165746,0.7193694412021971,0.7214385673346528,0.7265193370165746,5.561569929122925,20260226_162405_run7
c22,ERing,0.9259259259259259,0.9267623132265851,0.9314682560170665,0.9259259259259259,0.5870552062988281,20260226_162405_run7
c22,Earthquakes,0.7482014388489209,0.6404357995085412,0.5598053930955955,0.7482014388489209,0.4540276527404785,20260226_162406_run7
c22,EigenWorms,0.9007633587786259,0.9004233937634579,0.9049671204998122,0.9007633587786259,0.8158643245697021,20260226_162522_run7
c22,ElectricDevices,0.9036441447283102,0.9037793486236025,0.905593002932029,0.9036441447283102,15.40930962562561,20260226_162543_run7
c22,Epilepsy,1.0,1.0,1.0,1.0,0.5356240272521973,20260226_162543_run7
c22,EthanolConcentration,0.3688212927756654,0.3502292704830075,0.34323305516048963,0.3688212927756654,0.7886800765991211,20260226_162548_run7
c22,EthanolLevel,0.504,0.5034536830934604,0.505279826145585,0.504,0.6264495849609375,20260226_162551_run7
c22,FaceAll,0.8680473372781065,0.8691653039388598,0.8765297306255412,0.8680473372781065,11.397029399871826,20260226_162603_run7
c22,FaceDetection,0.6458569807037458,0.6458017627957321,0.6459479912386211,0.6458569807037458,127.09170651435852,20260226_163316_run7
c22,FaceFour,0.7954545454545454,0.7969536497984774,0.8040140113509678,0.7954545454545454,0.44116783142089844,20260226_163317_run7
c22,FacesUCR,0.7673170731707317,0.7664185175604744,0.7778400821187225,0.7673170731707317,9.709221601486206,20260226_163328_run7
c22,FiftyWords,0.6725274725274726,0.6434283012947868,0.6469189638219588,0.6725274725274726,6.634465456008911,20260226_163335_run7
c22,FingerMovements,0.6,0.5996798719487795,0.6012846246487354,0.6,3.83402943611145,20260226_163341_run7
c22,Fish,0.88,0.8806965227948659,0.8904681908130184,0.88,0.44372129440307617,20260226_163342_run7
c22,FordA,0.9143939393939394,0.9143518538120559,0.9145465346435173,0.9143939393939394,3.3192379474639893,20260226_163350_run7
c22,FordB,0.8962962962962963,0.8962760625376702,0.8969558534682007,0.8962962962962963,3.063857316970825,20260226_163357_run7
c22,FreezerRegularTrain,0.9982456140350877,0.9982456120911676,0.9982478223356852,0.9982456140350877,1.4221305847167969,20260226_163400_run7
c22,FreezerSmallTrain,0.9978947368421053,0.997894732695072,0.9978986599586627,0.9978947368421053,1.2716755867004395,20260226_163403_run7
c22,Fungi,0.8064516129032258,0.8074714108780184,0.8461762668949576,0.8064516129032258,3.5970585346221924,20260226_163407_run7
c22,GunPoint,0.98,0.9799973332148096,0.9807792207792208,0.98,0.45029473304748535,20260226_163407_run7
c22,GunPointAgeSpan,0.990506329113924,0.9905043315878126,0.9906810592529316,0.990506329113924,0.46985697746276855,20260226_163408_run7
c22,GunPointMaleVersusFemale,0.9968354430379747,0.9968359194795887,0.9968564003688489,0.9968354430379747,0.45937538146972656,20260226_163409_run7
c22,GunPointOldVersusYoung,1.0,1.0,1.0,1.0,0.6055264472961426,20260226_163409_run7
c22,Ham,0.6857142857142857,0.6854291158437789,0.688265306122449,0.6857142857142857,0.4509706497192383,20260226_163410_run7
c22,HandMovementDirection,0.2972972972972973,0.29087575533283067,0.31532562310594353,0.2972972972972973,1.1322615146636963,20260226_163413_run7
c22,HandOutlines,0.9108108108108108,0.9093102083016935,0.9121643636577114,0.9108108108108108,0.884939432144165,20260226_163420_run7
c22,Handwriting,0.2529411764705882,0.18730763791542498,0.24900555314751205,0.2529411764705882,10.132336616516113,20260226_163431_run7
c22,Haptics,0.4837662337662338,0.4665242297688495,0.5162643670688579,0.4837662337662338,0.4564225673675537,20260226_163433_run7
c22,Heartbeat,0.7804878048780488,0.7709783528672545,0.7688504496563882,0.7804878048780488,3.6264545917510986,20260226_163458_run7
c22,Herring,0.59375,0.4424019607843137,0.3525390625,0.59375,0.44623875617980957,20260226_163458_run7
c22,HouseTwenty,0.957983193277311,0.9577804361490154,0.958847368734728,0.957983193277311,0.4546940326690674,20260226_163459_run7
c22,InlineSkate,0.5618181818181818,0.562510173831925,0.58135653740415,0.5618181818181818,0.47916293144226074,20260226_163501_run7
c22,InsectEPGRegularTrain,1.0,1.0,1.0,1.0,0.4490828514099121,20260226_163502_run7
c22,InsectEPGSmallTrain,1.0,1.0,1.0,1.0,0.44233107566833496,20260226_163503_run7
c22,InsectWingbeatSound,0.5888888888888889,0.5911476257598058,0.6008135141328255,0.5888888888888889,9.729178667068481,20260226_163514_run7
c22,ItalyPowerDemand,0.892128279883382,0.8921125878951346,0.8923009011194395,0.892128279883382,0.6479802131652832,20260226_163515_run7
c22,LSST,0.7124898621248986,0.6760244819652701,0.7169712953190666,0.7124898621248986,149.11516213417053,20260226_163749_run7
c22,LargeKitchenAppliances,0.9093333333333333,0.9093568887253097,0.9095556693989071,0.9093333333333333,0.5545158386230469,20260226_163751_run7
c22,Libras,0.8833333333333333,0.8817004317983828,0.8934587852234911,0.8833333333333333,4.8020899295806885,20260226_163756_run7
c22,Lightning2,0.7213114754098361,0.702114208776307,0.7623901164172012,0.7213114754098361,0.42693519592285156,20260226_163756_run7
c22,Lightning7,0.684931506849315,0.6845734262768488,0.7237181996086106,0.684931506849315,0.43080925941467285,20260226_163757_run7
c22,Mallat,0.9027718550106609,0.9023449149191609,0.9088019876338159,0.9027718550106609,1.0818109512329102,20260226_163801_run7
c22,Meat,0.9,0.8985879332477535,0.8994708994708993,0.9,0.4287984371185303,20260226_163802_run7
c22,MedicalImages,0.7934210526315789,0.7876466268505874,0.7932189057011971,0.7934210526315789,0.7213742733001709,20260226_163803_run7
c22,MiddlePhalanxOutlineAgeGroup,0.7532467532467533,0.720922387379575,0.7608901844047229,0.7532467532467533,0.487473726272583,20260226_163804_run7
c22,ACSF1,0.75,0.750535451334684,0.776864801864802,0.75,0.4292643070220947,20260226_163805_run8
c22,Adiac,0.7672634271099744,0.7590526692332275,0.7788252981159555,0.7672634271099744,5.537267446517944,20260226_163811_run8
c22,ArrowHead,0.8228571428571428,0.8217124934737002,0.8272097264437691,0.8228571428571428,0.43473100662231445,20260226_163811_run8
c22,ArticularyWordRecognition,0.99,0.9899826086956522,0.990769230769231,0.99,19.63139772415161,20260226_163833_run8
c22,AtrialFibrillation,0.3333333333333333,0.3095238095238095,0.3333333333333333,0.3333333333333333,0.44405412673950195,20260226_163833_run8
c22,BME,0.9533333333333334,0.9533286661999534,0.9534480458850206,0.9533333333333334,0.4274771213531494,20260226_163834_run8
c22,BasicMotions,1.0,1.0,1.0,1.0,0.6462090015411377,20260226_163834_run8
c22,Beef,0.4666666666666667,0.4281607281607282,0.560952380952381,0.4666666666666667,0.4302246570587158,20260226_163835_run8
c22,BeetleFly,0.85,0.846547314578005,0.8846153846153847,0.85,0.42386341094970703,20260226_163835_run8
c22,BirdChicken,0.65,0.6419437340153452,0.6648351648351649,0.65,0.4301435947418213,20260226_163836_run8
c22,CBF,0.9455555555555556,0.945157582499073,0.9509148806809546,0.9455555555555556,0.5596914291381836,20260226_163837_run8
c22,Car,0.6833333333333333,0.6755698005698005,0.6994172494172495,0.6833333333333333,0.4280862808227539,20260226_163837_run8
c22,Chinatown,0.8833819241982507,0.8876683448860944,0.9060723336111794,0.8833819241982507,0.4353678226470947,20260226_163838_run8
c22,ChlorineConcentration,0.6091145833333333,0.5151239962866087,0.7348533137203641,0.6091145833333333,2.021049976348877,20260226_163842_run8
c22,CinCECGTorso,0.863768115942029,0.8642221813099766,0.8668916454921889,0.863768115942029,0.7782549858093262,20260226_163846_run8
c22,Coffee,1.0,1.0,1.0,1.0,0.42937445640563965,20260226_163847_run8
c22,Computers,0.82,0.8199971199539193,0.820020481310804,0.82,0.454181432723999,20260226_163848_run8
c22,Cricket,0.9861111111111112,0.9860139860139859,0.988095238095238,0.9861111111111112,6.584540605545044,20260226_163857_run8
c22,CricketX,0.6974358974358974,0.6828083515885853,0.7033402412668579,0.6974358974358974,5.896942138671875,20260226_163903_run8
c22,CricketY,0.6641025641025641,0.6561533984367468,0.6540070752626715,0.6641025641025641,5.877660751342773,20260226_163910_run8
c22,CricketZ,0.7128205128205128,0.7118971686233085,0.7175289367915726,0.7128205128205128,5.896654367446899,20260226_163916_run8
c22,Crop,0.7291666666666666,0.7277770730558004,0.7293819396522555,0.7291666666666666,197.6284863948822,20260226_164239_run8
c22,DiatomSizeReduction,0.9869281045751634,0.9869262341688813,0.9874616513271974,0.9869281045751634,0.43186140060424805,20260226_164239_run8
c22,DistalPhalanxOutlineAgeGroup,0.7841726618705036,0.7820652568854009,0.7856336779316042,0.7841726618705036,0.47815370559692383,20260226_164240_run8
c22,DistalPhalanxOutlineCorrect,0.8297101449275363,0.8275596347158006,0.8305871212121211,0.8297101449275363,0.6442809104919434,20260226_164241_run8
c22,DistalPhalanxTW,0.697841726618705,0.6495319479585071,0.65989825827253,0.697841726618705,0.48175573348999023,20260226_164241_run8
c22,DuckDuckGeese,0.64,0.6349510138983823,0.6353535353535353,0.64,24.52489995956421,20260226_164437_run8
c22,ECG200,0.78,0.7830517023959647,0.7917241379310345,0.78,0.43365907669067383,20260226_164437_run8
c22,ECG5000,0.9415555555555556,0.9324575670583685,0.930515364915188,0.9415555555555556,2.2779088020324707,20260226_164442_run8
c22,ECGFiveDays,0.7700348432055749,0.766798128892425,0.7870634775091037,0.7700348432055749,0.5430419445037842,20260226_164443_run8
c22,EOGHorizontalSignal,0.7569060773480663,0.7499187172993833,0.752365178161093,0.7569060773480663,5.508775472640991,20260226_164450_run8
c22,EOGVerticalSignal,0.7265193370165746,0.7245085258566939,0.7327103244069907,0.7265193370165746,5.519909620285034,20260226_164457_run8
c22,ERing,0.9148148148148149,0.914075460236057,0.928120124735935,0.9148148148148149,0.5874547958374023,20260226_164458_run8
c22,Earthquakes,0.7482014388489209,0.6404357995085412,0.5598053930955955,0.7482014388489209,0.45366430282592773,20260226_164459_run8
c22,EigenWorms,0.9389312977099237,0.9401179090571036,0.9439625260235948,0.9389312977099237,0.8209006786346436,20260226_164618_run8
c22,ElectricDevices,0.9070159512384904,0.9071551647855038,0.9089068845822266,0.9070159512384904,15.431255102157593,20260226_164638_run8
c22,Epilepsy,1.0,1.0,1.0,1.0,0.5429167747497559,20260226_164639_run8
c22,EthanolConcentration,0.43346007604562736,0.4096011195385175,0.424344998908321,0.43346007604562736,0.8128819465637207,20260226_164644_run8
c22,EthanolLevel,0.49,0.48611226310459565,0.4838005075151278,0.49,0.6300404071807861,20260226_164647_run8
c22,FaceAll,0.8775147928994083,0.880361776053487,0.8880545958549904,0.8775147928994083,11.438519477844238,20260226_164659_run8
c22,FaceDetection,0.6245743473325767,0.624323837588067,0.624907512458972,0.6245743473325767,127.26018166542053,20260226_165411_run8
c22,FaceFour,0.75,0.7398754543139568,0.7614821959649546,0.75,0.43804311752319336,20260226_165411_run8
c22,FacesUCR,0.7926829268292683,0.7914865261421588,0.799476223776062,0.7926829268292683,9.759782075881958,20260226_165422_run8
c22,FiftyWords,0.6593406593406593,0.6401274386657243,0.6717959878231371,0.6593406593406593,6.653286933898926,20260226_165429_run8
c22,FingerMovements,0.58,0.5789883580891209,0.5798383838383838,0.58,3.9203715324401855,20260226_165436_run8
c22,Fish,0.8571428571428571,0.8599086069210294,0.8690466988727858,0.8571428571428571,0.471663236618042,20260226_165436_run8
c22,FordA,0.9265151515151515,0.9265006657004871,0.9265383727620627,0.9265151515151515,3.3233718872070312,20260226_165444_run8
c22,FordB,0.9197530864197531,0.9197539426464719,0.919757602690975,0.9197530864197531,3.067531108856201,20260226_165451_run8
c22,FreezerRegularTrain,0.9989473684210526,0.9989473682914581,0.9989476141324046,0.9989473684210526,1.4032166004180908,20260226_165454_run8
c22,FreezerSmallTrain,0.9964912280701754,0.9964912004231243,0.9965068766710283,0.9964912280701754,1.2678122520446777,20260226_165457_run8
c22,Fungi,0.7258064516129032,0.7150991344752915,0.7413899228012131,0.7258064516129032,3.466278553009033,20260226_165501_run8
c22,GunPoint,0.98,0.9799973322662398,0.980081835972247,0.98,0.4335365295410156,20260226_165502_run8
c22,GunPointAgeSpan,0.9778481012658228,0.977848766841115,0.9778690182989812,0.9778481012658228,0.4450094699859619,20260226_165502_run8
c22,GunPointMaleVersusFemale,0.9968354430379747,0.9968349027237305,0.9968543924808612,0.9968354430379747,0.44834303855895996,20260226_165503_run8
c22,GunPointOldVersusYoung,1.0,1.0,1.0,1.0,0.4463214874267578,20260226_165503_run8
c22,Ham,0.8285714285714286,0.8284155844155844,0.8288629737609329,0.8285714285714286,0.4353156089782715,20260226_165504_run8
c22,HandMovementDirection,0.32432432432432434,0.3195137010926485,0.3672297297297297,0.32432432432432434,1.1246180534362793,20260226_165507_run8
c22,HandOutlines,0.8783783783783784,0.874785767151663,0.882133419869269,0.8783783783783784,0.8736028671264648,20260226_165514_run8
c22,Handwriting,0.26941176470588235,0.19238490931392002,0.2848833266904118,0.26941176470588235,10.093124151229858,20260226_165525_run8
c22,Haptics,0.512987012987013,0.5012230309058349,0.5263954094295671,0.512987012987013,0.4423062801361084,20260226_165527_run8
c22,Heartbeat,0.697560975609756,0.6921642527683555,0.6879539398908122,0.697560975609756,3.705477714538574,20260226_165551_run8
c22,Herring,0.59375,0.4424019607843137,0.3525390625,0.59375,0.4482290744781494,20260226_165552_run8
c22,HouseTwenty,0.9495798319327731,0.9495798319327731,0.9495798319327731,0.9495798319327731,0.4593210220336914,20260226_165553_run8
c22,InlineSkate,0.5527272727272727,0.557375790444488,0.578673433377218,0.5527272727272727,0.4989199638366699,20260226_165555_run8
c22,InsectEPGRegularTrain,1.0,1.0,1.0,1.0,0.4473762512207031,20260226_165556_run8
c22,InsectEPGSmallTrain,1.0,1.0,1.0,1.0,0.4412496089935303,20260226_165557_run8
c22,InsectWingbeatSound,0.5964646464646465,0.590594505686652,0.5924853376965814,0.5964646464646465,9.72667407989502,20260226_165608_run8
c22,ItalyPowerDemand,0.9203109815354713,0.9202953248298623,0.9207250161204098,0.9203109815354713,0.6466619968414307,20260226_165608_run8
c22,LSST,0.7250608272506083,0.6901684393928115,0.7082927860452869,0.7250608272506083,148.8931622505188,20260226_165843_run8
c22,LargeKitchenAppliances,0.9386666666666666,0.938692526390467,0.9388982240437158,0.9386666666666666,0.5618860721588135,20260226_165844_run8
c22,Libras,0.9333333333333333,0.933371169892909,0.938217338217338,0.9333333333333333,4.833905458450317,20260226_165849_run8
c22,Lightning2,0.7540983606557377,0.748323762471528,0.7637978142076502,0.7540983606557377,0.4402163028717041,20260226_165850_run8
c22,Lightning7,0.6164383561643836,0.599510220854296,0.6699163849848782,0.6164383561643836,0.4562957286834717,20260226_165851_run8
c22,Mallat,0.9428571428571428,0.9423448789722197,0.9485468702853566,0.9428571428571428,1.1076242923736572,20260226_165855_run8
c22,Meat,0.9166666666666666,0.9161952650324744,0.9224211423699915,0.9166666666666666,0.4433479309082031,20260226_165856_run8
c22,MedicalImages,0.8131578947368421,0.8038650643142297,0.8100274878235217,0.8131578947368421,0.7238926887512207,20260226_165857_run8
c22,MiddlePhalanxOutlineAgeGroup,0.7597402597402597,0.7333588530434489,0.7606227732444547,0.7597402597402597,0.4927396774291992,20260226_165858_run8
c22,ACSF1,0.75,0.7407104057904974,0.7546350871350873,0.75,0.4423987865447998,20260226_165858_run9
c22,Adiac,0.7672634271099744,0.7543469035870766,0.7801423832340035,0.7672634271099744,5.848130702972412,20260226_165905_run9
c22,ArrowHead,0.6971428571428572,0.7013839328373489,0.7102867835496075,0.6971428571428572,0.44627952575683594,20260226_165905_run9
c22,ArticularyWordRecognition,0.9933333333333333,0.9933217391304349,0.9938461538461539,0.9933333333333333,19.773183822631836,20260226_165927_run9
c22,AtrialFibrillation,0.3333333333333333,0.3277777777777777,0.33968253968253964,0.3333333333333333,0.4476332664489746,20260226_165927_run9
c22,BME,0.9,0.9000367993188099,0.9083938660209848,0.9,0.43796825408935547,20260226_165928_run9
c22,BasicMotions,1.0,1.0,1.0,1.0,0.5197665691375732,20260226_165929_run9
c22,Beef,0.6,0.58,0.7,0.6,0.4360060691833496,20260226_165929_run9
c22,BeetleFly,0.9,0.898989898989899,0.9166666666666667,0.9,0.4337179660797119,20260226_165930_run9
c22,BirdChicken,0.9,0.898989898989899,0.9166666666666667,0.9,0.4350278377532959,20260226_165930_run9
c22,CBF,0.99,0.9899695100362944,0.9900758487848343,0.99,0.561176061630249,20260226_165931_run9
c22,Car,0.75,0.73585834397616,0.8138791423001949,0.75,0.43713998794555664,20260226_165932_run9
c22,Chinatown,0.9271137026239067,0.9290131730627217,0.937175769554785,0.9271137026239067,0.4448559284210205,20260226_165932_run9
c22,ChlorineConcentration,0.5924479166666666,0.509605774357821,0.593709249084249,0.5924479166666666,2.024961233139038,20260226_165936_run9
c22,CinCECGTorso,0.8579710144927536,0.8576468890171653,0.8633939980819485,0.8579710144927536,0.780890703201294,20260226_165941_run9
c22,Coffee,1.0,1.0,1.0,1.0,0.4346165657043457,20260226_165941_run9
c22,Computers,0.848,0.8479123975409837,0.8488036435948426,0.848,0.4563298225402832,20260226_165942_run9
c22,Cricket,1.0,1.0,1.0,1.0,6.729192495346069,20260226_165951_run9
c22,CricketX,0.6512820512820513,0.634634556579899,0.6548538045373165,0.6512820512820513,5.910229921340942,20260226_165958_run9
c22,CricketY,0.6205128205128205,0.6092593929431809,0.6184617797661276,0.6205128205128205,5.917807102203369,20260226_170004_run9
c22,CricketZ,0.6641025641025641,0.6572411010406061,0.6617572851802973,0.6641025641025641,5.928231954574585,20260226_170011_run9
c22,Crop,0.7267261904761905,0.7239075557005761,0.7256331658603514,0.7267261904761905,197.83668303489685,20260226_170333_run9
c22,DiatomSizeReduction,0.9901960784313726,0.9900063885203204,0.9903693800752624,0.9901960784313726,0.44391918182373047,20260226_170334_run9
c22,DistalPhalanxOutlineAgeGroup,0.7769784172661871,0.7706935750101218,0.7802627463246794,0.7769784172661871,0.48057079315185547,20260226_170335_run9
c22,DistalPhalanxOutlineCorrect,0.8333333333333334,0.832625580720093,0.8327290373381678,0.8333333333333334,0.6470928192138672,20260226_170336_run9
c22,DistalPhalanxTW,0.6906474820143885,0.6410422837091734,0.6436914719762126,0.6906474820143885,0.4859025478363037,20260226_170336_run9
c22,DuckDuckGeese,0.72,0.7176236044657096,0.7484126984126985,0.72,26.08968162536621,20260226_170534_run9
c22,ECG200,0.8,0.7986813186813186,0.7980392156862746,0.8,0.44969892501831055,20260226_170534_run9
c22,ECG5000,0.9391111111111111,0.9319425200698341,0.9276986642818049,0.9391111111111111,2.2744040489196777,20260226_170539_run9
c22,ECGFiveDays,0.9547038327526133,0.954693075092441,0.9549942680755104,0.9547038327526133,0.6874291896820068,20260226_170540_run9
c22,EOGHorizontalSignal,0.8011049723756906,0.797639307290198,0.8050147103089983,0.8011049723756906,5.535380840301514,20260226_170547_run9
c22,EOGVerticalSignal,0.7265193370165746,0.7243799553135147,0.7281048045694474,0.7265193370165746,5.532288074493408,20260226_170554_run9
c22,ERing,0.8962962962962963,0.8976665609623222,0.9012049500651325,0.8962962962962963,0.5937392711639404,20260226_170555_run9
c22,Earthquakes,0.7482014388489209,0.6404357995085412,0.5598053930955955,0.7482014388489209,0.4609644412994385,20260226_170555_run9
c22,EigenWorms,0.9389312977099237,0.9372234625396141,0.94385375015146,0.9389312977099237,0.8205873966217041,20260226_170710_run9
c22,ElectricDevices,0.8978083257683829,0.8979797167311921,0.8997268972143732,0.8978083257683829,15.413148880004883,20260226_170730_run9
c22,Epilepsy,0.9927536231884058,0.9927565004474139,0.9929606625258798,0.9927536231884058,0.539738655090332,20260226_170731_run9
c22,EthanolConcentration,0.4220532319391635,0.4131817549058479,0.41431617863999026,0.4220532319391635,0.7906181812286377,20260226_170736_run9
c22,EthanolLevel,0.554,0.5475659748474228,0.5444653336722303,0.554,0.6276192665100098,20260226_170739_run9
c22,FaceAll,0.8840236686390532,0.885888171182164,0.891298035733244,0.8840236686390532,11.491215944290161,20260226_170751_run9
c22,FaceDetection,0.6364926220204313,0.6360914855572646,0.6370971107635018,0.6364926220204313,129.08678197860718,20260226_171505_run9
c22,FaceFour,0.7386363636363636,0.7320464350013828,0.8002509044229199,0.7386363636363636,0.4394972324371338,20260226_171506_run9
c22,FacesUCR,0.7692682926829268,0.7642595872131178,0.7760731022908147,0.7692682926829268,9.73308801651001,20260226_171516_run9
c22,FiftyWords,0.6395604395604395,0.6092755562393608,0.6238155829958337,0.6395604395604395,6.795953273773193,20260226_171524_run9
c22,FingerMovements,0.59,0.5893844460014013,0.591731078904992,0.59,3.784452199935913,20260226_171530_run9
c22,Fish,0.8742857142857143,0.8735924975775116,0.873904761904762,0.8742857142857143,0.4684722423553467,20260226_171531_run9
c22,FordA,0.9265151515151515,0.9264194178277425,0.9273514780791355,0.9265151515151515,3.316269636154175,20260226_171538_run9
c22,FordB,0.8950617283950617,0.8950449286717632,0.8951619074821274,0.8950617283950617,3.051157236099243,20260226_171546_run9
c22,FreezerRegularTrain,0.9992982456140351,0.9992982452684495,0.9992992291520674,0.9992982456140351,1.4009099006652832,20260226_171549_run9
c22,FreezerSmallTrain,0.9989473684210526,0.9989473682914581,0.9989476141324046,0.9989473684210526,1.2713837623596191,20260226_171552_run9
c22,Fungi,0.8602150537634409,0.845890574898976,0.8628028842687285,0.8602150537634409,3.5417096614837646,20260226_171555_run9
c22,GunPoint,0.98,0.9799973322662398,0.980081835972247,0.98,0.448162317276001,20260226_171556_run9
c22,GunPointAgeSpan,0.9715189873417721,0.9715198430814336,0.9715401579147265,0.9715189873417721,0.45021700859069824,20260226_171556_run9
c22,GunPointMaleVersusFemale,1.0,1.0,1.0,1.0,0.45595312118530273,20260226_171557_run9
c22,GunPointOldVersusYoung,1.0,1.0,1.0,1.0,0.45167088508605957,20260226_171558_run9
c22,Ham,0.6761904761904762,0.6756613756613757,0.6795739348370927,0.6761904761904762,0.4394652843475342,20260226_171558_run9
c22,HandMovementDirection,0.32432432432432434,0.3225693225693226,0.36077524893314367,0.32432432432432434,1.12467360496521,20260226_171601_run9
c22,HandOutlines,0.8810810810810811,0.878940821230357,0.8814958180687081,0.8810810810810811,0.8844826221466064,20260226_171608_run9
c22,Handwriting,0.27176470588235296,0.2032988875253935,0.2637238666416154,0.27176470588235296,10.146920204162598,20260226_171620_run9
c22,Haptics,0.4512987012987013,0.4408535929534403,0.46602143393402307,0.4512987012987013,0.4550783634185791,20260226_171621_run9
c22,Heartbeat,0.7414634146341463,0.7302633933769886,0.7256366115326879,0.7414634146341463,3.7285311222076416,20260226_171646_run9
c22,Herring,0.59375,0.5605113636363637,0.57125,0.59375,0.44857192039489746,20260226_171647_run9
c22,HouseTwenty,0.957983193277311,0.9580378512610508,0.958230350963915,0.957983193277311,0.4435386657714844,20260226_171647_run9
c22,InlineSkate,0.58,0.5778084809381775,0.5863877182968092,0.58,0.48449015617370605,20260226_171650_run9
c22,InsectEPGRegularTrain,1.0,1.0,1.0,1.0,0.4322211742401123,20260226_171650_run9
c22,InsectEPGSmallTrain,1.0,1.0,1.0,1.0,0.43453168869018555,20260226_171651_run9
c22,InsectWingbeatSound,0.6070707070707071,0.6002841020220278,0.6003567709619296,0.6070707070707071,9.702069759368896,20260226_171702_run9
c22,ItalyPowerDemand,0.9154518950437318,0.9154518950437318,0.9154674576014471,0.9154518950437318,0.6460087299346924,20260226_171703_run9
c22,LSST,0.7230332522303325,0.6869718377410332,0.7182923138404942,0.7230332522303325,148.8310103416443,20260226_171937_run9
c22,LargeKitchenAppliances,0.912,0.9118800607287448,0.912276310849706,0.912,0.5612492561340332,20260226_171939_run9
c22,Libras,0.9388888888888889,0.9391441505354549,0.9444277944277942,0.9388888888888889,4.860157251358032,20260226_171944_run9
c22,Lightning2,0.7704918032786885,0.7637719686900015,0.7860055977608956,0.7704918032786885,0.4431920051574707,20260226_171944_run9
c22,Lightning7,0.684931506849315,0.6755165993337974,0.7231868588032971,0.684931506849315,0.5833549499511719,20260226_171945_run9
c22,Mallat,0.9454157782515992,0.9450714872276021,0.9486629142446035,0.9454157782515992,1.0868570804595947,20260226_171950_run9
c22,Meat,0.95,0.9497171590194847,0.9565217391304348,0.95,0.4414072036743164,20260226_171950_run9
c22,MedicalImages,0.781578947368421,0.7716196221702286,0.7746910871517471,0.781578947368421,0.7253694534301758,20260226_171951_run9
c22,MiddlePhalanxOutlineAgeGroup,0.7402597402597403,0.7115095275063796,0.7742123165055496,0.7402597402597403,0.4919102191925049,20260226_171952_run9
c22,ACSF1,0.79,0.7895874305619897,0.8170745920745921,0.79,0.44326305389404297,20260226_171953_run10
c22,Adiac,0.731457800511509,0.721008861821,0.7456752030544719,0.731457800511509,5.693193197250366,20260226_171959_run10
c22,ArrowHead,0.7828571428571428,0.7753092415452717,0.7904189231248054,0.7828571428571428,0.44420695304870605,20260226_172000_run10
c22,ArticularyWordRecognition,0.9966666666666667,0.9966608695652174,0.996923076923077,0.9966666666666667,19.76775050163269,20260226_172021_run10
c22,AtrialFibrillation,0.2,0.17777777777777776,0.16190476190476188,0.2,0.4408535957336426,20260226_172022_run10
c22,BME,0.9533333333333334,0.9532912954992827,0.9543690619563764,0.9533333333333334,0.43096256256103516,20260226_172022_run10
c22,BasicMotions,1.0,1.0,1.0,1.0,0.5107138156890869,20260226_172023_run10
c22,Beef,0.43333333333333335,0.46742424242424246,0.6199999999999999,0.43333333333333335,0.42493510246276855,20260226_172023_run10
c22,BeetleFly,0.8,0.7979797979797979,0.8125,0.8,0.42752766609191895,20260226_172024_run10
c22,BirdChicken,0.8,0.7916666666666667,0.8571428571428571,0.8,0.4270663261413574,20260226_172024_run10
c22,CBF,0.9744444444444444,0.9742971862422122,0.9752468502438997,0.9744444444444444,0.5603289604187012,20260226_172025_run10
c22,Car,0.75,0.7410103337522692,0.8084795321637426,0.75,0.4279491901397705,20260226_172026_run10
c22,Chinatown,0.8688046647230321,0.8671770129512025,0.8664204136087933,0.8688046647230321,0.4355769157409668,20260226_172026_run10
c22,ChlorineConcentration,0.6252604166666667,0.5548654057070809,0.6526142473118279,0.6252604166666667,2.0176734924316406,20260226_172030_run10
c22,CinCECGTorso,0.9384057971014492,0.9385843297257682,0.9440164191678099,0.9384057971014492,0.7807474136352539,20260226_172035_run10
c22,Coffee,0.9285714285714286,0.9285714285714286,0.9380952380952381,0.9285714285714286,0.42601680755615234,20260226_172035_run10
c22,Computers,0.828,0.8277767987311556,0.8297092125579002,0.828,0.4565255641937256,20260226_172036_run10
c22,Cricket,1.0,1.0,1.0,1.0,6.704142093658447,20260226_172045_run10
c22,CricketX,0.6435897435897436,0.6287682321572569,0.6277273452110667,0.6435897435897436,5.8985207080841064,20260226_172052_run10
c22,CricketY,0.6717948717948717,0.6604595394728069,0.662977446176462,0.6717948717948717,5.886423587799072,20260226_172058_run10
c22,CricketZ,0.6794871794871795,0.6800259849055759,0.6889839139188986,0.6794871794871795,5.896207571029663,20260226_172105_run10
c22,Crop,0.7275,0.7250416214222539,0.7269631000919244,0.7275,197.5294852256775,20260226_172427_run10
c22,DiatomSizeReduction,0.9869281045751634,0.9867720801974363,0.9872684547108441,0.9869281045751634,0.4452359676361084,20260226_172428_run10
c22,DistalPhalanxOutlineAgeGroup,0.7553956834532374,0.7535757846076755,0.754271245672128,0.7553956834532374,0.48451852798461914,20260226_172428_run10
c22,DistalPhalanxOutlineCorrect,0.8188405797101449,0.8167438271604939,0.8190759075907591,0.8188405797101449,0.6483383178710938,20260226_172429_run10
c22,DistalPhalanxTW,0.7122302158273381,0.6659958208648925,0.6773689706978051,0.7122302158273381,0.48443150520324707,20260226_172430_run10
c22,DuckDuckGeese,0.52,0.5297680097680098,0.5809090909090909,0.52,24.49649977684021,20260226_172626_run10
c22,ECG200,0.83,0.826852205139715,0.8282935951379149,0.83,0.43311262130737305,20260226_172626_run10
c22,ECG5000,0.9346666666666666,0.9240685232576398,0.9271291011669521,0.9346666666666666,2.2804007530212402,20260226_172630_run10
c22,ECGFiveDays,0.9210220673635308,0.9209360872812667,0.9225367019895095,0.9210220673635308,0.5422468185424805,20260226_172631_run10
c22,EOGHorizontalSignal,0.7679558011049724,0.7625718100991569,0.7628894283892697,0.7679558011049724,5.489638328552246,20260226_172638_run10
c22,EOGVerticalSignal,0.7458563535911602,0.7390605533452987,0.7430586574066264,0.7458563535911602,5.634757041931152,20260226_172646_run10
c22,ERing,0.837037037037037,0.8354874507157789,0.8473209163835805,0.837037037037037,0.5857648849487305,20260226_172646_run10
c22,Earthquakes,0.7482014388489209,0.6404357995085412,0.5598053930955955,0.7482014388489209,0.45511412620544434,20260226_172647_run10
c22,EigenWorms,0.9389312977099237,0.9389062453149539,0.9409590917987865,0.9389312977099237,0.8071694374084473,20260226_172801_run10
c22,ElectricDevices,0.9037738295940864,0.9037802827805526,0.90590372075066,0.9037738295940864,15.414680242538452,20260226_172821_run10
c22,Epilepsy,0.9855072463768116,0.9854983463807275,0.9857142857142855,0.9855072463768116,0.5358469486236572,20260226_172822_run10
c22,EthanolConcentration,0.4714828897338403,0.4343354500271292,0.42663968119880585,0.4714828897338403,0.7899408340454102,20260226_172827_run10
c22,EthanolLevel,0.534,0.5216034721522274,0.5328295304184796,0.534,0.627450704574585,20260226_172830_run10
c22,FaceAll,0.8656804733727811,0.8684552143981362,0.876282069800618,0.8656804733727811,11.407814025878906,20260226_172842_run10
c22,FaceDetection,0.6305334846765039,0.6298806647461512,0.6314609730304859,0.6305334846765039,127.00149726867676,20260226_173554_run10
c22,FaceFour,0.7727272727272727,0.7757930720497566,0.8001567398119122,0.7727272727272727,0.4439890384674072,20260226_173554_run10
c22,FacesUCR,0.7726829268292683,0.7697221490157149,0.8010136600417141,0.7726829268292683,9.737945079803467,20260226_173605_run10
c22,FiftyWords,0.6505494505494506,0.6331643914765969,0.6464834143472983,0.6505494505494506,6.63774561882019,20260226_173612_run10
c22,FingerMovements,0.56,0.5589401846647932,0.5596767676767677,0.56,3.8185324668884277,20260226_173618_run10
c22,Fish,0.8857142857142857,0.8866207064022189,0.8948393261717245,0.8857142857142857,0.4678938388824463,20260226_173619_run10
c22,FordA,0.9318181818181818,0.9318241346603924,0.9318472101763818,0.9318181818181818,3.3300986289978027,20260226_173627_run10
c22,FordB,0.9074074074074074,0.9074095243224222,0.907480793235317,0.9074074074074074,3.055229902267456,20260226_173634_run10
c22,FreezerRegularTrain,0.9982456140350877,0.9982456120911676,0.9982478223356852,0.9982456140350877,1.4031050205230713,20260226_173637_run10
c22,FreezerSmallTrain,0.9975438596491228,0.9975438448320586,0.9975558659217878,0.9975438596491228,1.2686569690704346,20260226_173640_run10
c22,Fungi,0.8333333333333334,0.8356420932433982,0.8895714737507905,0.8333333333333334,3.671339988708496,20260226_173644_run10
c22,GunPoint,0.9933333333333333,0.993333629642799,0.9934222222222221,0.9933333333333333,0.4418039321899414,20260226_173644_run10
c22,GunPointAgeSpan,0.9620253164556962,0.9620253164556962,0.9620253164556962,0.9620253164556962,0.454517126083374,20260226_173645_run10
c22,GunPointMaleVersusFemale,1.0,1.0,1.0,1.0,0.449690580368042,20260226_173645_run10
c22,GunPointOldVersusYoung,1.0,1.0,1.0,1.0,0.45414209365844727,20260226_173646_run10
c22,Ham,0.7238095238095238,0.7168408826945414,0.7415804002760524,0.7238095238095238,0.44284605979919434,20260226_173647_run10
c22,HandMovementDirection,0.32432432432432434,0.33295605443171367,0.3569054157289452,0.32432432432432434,1.1265127658843994,20260226_173650_run10
c22,HandOutlines,0.9,0.8991807042559876,0.8995279307631786,0.9,0.8700237274169922,20260226_173656_run10
c22,Handwriting,0.3176470588235294,0.245760165995692,0.30216075552194793,0.3176470588235294,10.122205257415771,20260226_173708_run10
c22,Haptics,0.4707792207792208,0.4631032979280331,0.4886350819101579,0.4707792207792208,0.44833898544311523,20260226_173709_run10
c22,Heartbeat,0.7609756097560976,0.7338758016596928,0.7412822299651567,0.7609756097560976,3.612858772277832,20260226_173734_run10
c22,Herring,0.59375,0.4424019607843137,0.3525390625,0.59375,0.45308661460876465,20260226_173735_run10
c22,HouseTwenty,0.9663865546218487,0.9665312738183678,0.9688764394646748,0.9663865546218487,0.5807895660400391,20260226_173736_run10
c22,InlineSkate,0.5836363636363636,0.5856406885317574,0.600844349489549,0.5836363636363636,0.47817039489746094,20260226_173738_run10
c22,InsectEPGRegularTrain,1.0,1.0,1.0,1.0,0.44423651695251465,20260226_173739_run10
c22,InsectEPGSmallTrain,1.0,1.0,1.0,1.0,0.4413719177246094,20260226_173740_run10
c22,InsectWingbeatSound,0.5722222222222222,0.5588021995254893,0.5582672011900373,0.5722222222222222,9.70824933052063,20260226_173751_run10
c22,ItalyPowerDemand,0.9047619047619048,0.9047480515555172,0.9050693404209132,0.9047619047619048,0.645737886428833,20260226_173752_run10
c22,LSST,0.7283049472830495,0.6927860166321652,0.7100222538575847,0.7283049472830495,148.6439654827118,20260226_174026_run10
c22,LargeKitchenAppliances,0.9093333333333333,0.9094278596931966,0.9099207732638817,0.9093333333333333,0.560983419418335,20260226_174027_run10
c22,Libras,0.9222222222222223,0.9225554365674307,0.9305993570699453,0.9222222222222223,4.838320016860962,20260226_174032_run10
c22,Lightning2,0.7868852459016393,0.785486625694267,0.7879781420765027,0.7868852459016393,0.4396641254425049,20260226_174033_run10
c22,Lightning7,0.684931506849315,0.6762780271470388,0.7207703255648461,0.684931506849315,0.43663883209228516,20260226_174033_run10
c22,Mallat,0.9347547974413646,0.9346125410792812,0.9348783880953808,0.9347547974413646,1.0855355262756348,20260226_174038_run10
c22,Meat,0.8666666666666667,0.8653741922034606,0.8648287385129491,0.8666666666666667,0.436053991317749,20260226_174039_run10
c22,MedicalImages,0.7631578947368421,0.7543078570765367,0.7566865250449337,0.7631578947368421,0.7236335277557373,20260226_174040_run10
c22,MiddlePhalanxOutlineAgeGroup,0.7337662337662337,0.7162781939732812,0.7280630762789808,0.7337662337662337,0.4904134273529053,20260226_174040_run10
c22,ACSF1,0.78,0.7668980635732554,0.8047577422577423,0.78,0.4379770755767822,20260226_174041_run11
c22,Adiac,0.7595907928388747,0.7506820774640097,0.7802193552231163,0.7595907928388747,5.690335512161255,20260226_174047_run11
c22,ArrowHead,0.7485714285714286,0.7423693810733591,0.7494568288854002,0.7485714285714286,0.5773811340332031,20260226_174048_run11
c22,ArticularyWordRecognition,0.99,0.9899826086956522,0.990769230769231,0.99,19.72449254989624,20260226_174110_run11
c22,AtrialFibrillation,0.3333333333333333,0.3277777777777777,0.33968253968253964,0.3333333333333333,0.4545247554779053,20260226_174110_run11
c22,BME,0.9333333333333333,0.9333333333333333,0.9333333333333333,0.9333333333333333,0.442396879196167,20260226_174111_run11
c22,BasicMotions,1.0,1.0,1.0,1.0,0.525322437286377,20260226_174111_run11
c22,Beef,0.5,0.4812698412698413,0.5083333333333333,0.5,0.4413480758666992,20260226_174112_run11
c22,BeetleFly,0.7,0.6703296703296703,0.8125,0.7,0.4389617443084717,20260226_174112_run11
c22,BirdChicken,0.85,0.846547314578005,0.8846153846153847,0.85,0.4410068988800049,20260226_174113_run11
c22,CBF,0.9822222222222222,0.982231035916181,0.9824210790779474,0.9822222222222222,0.5630066394805908,20260226_174114_run11
c22,Car,0.7833333333333333,0.778384661835749,0.8115598290598292,0.7833333333333333,0.4419686794281006,20260226_174114_run11
c22,Chinatown,0.9358600583090378,0.9346896731923643,0.9355786440334545,0.9358600583090378,0.4454159736633301,20260226_174115_run11
c22,ChlorineConcentration,0.60703125,0.5131493969533303,0.7380072937904387,0.60703125,2.035679578781128,20260226_174119_run11
c22,CinCECGTorso,0.8434782608695652,0.84464843104318,0.8489313922043022,0.8434782608695652,0.7840189933776855,20260226_174123_run11
c22,Coffee,1.0,1.0,1.0,1.0,0.43891167640686035,20260226_174124_run11
c22,Computers,0.796,0.7959183673469388,0.796474358974359,0.796,0.45990848541259766,20260226_174125_run11
c22,Cricket,1.0,1.0,1.0,1.0,6.604629278182983,20260226_174134_run11
c22,CricketX,0.6641025641025641,0.6508795660047482,0.6577183167320635,0.6641025641025641,6.060637712478638,20260226_174140_run11
c22,CricketY,0.6487179487179487,0.6373307903493771,0.638263715138715,0.6487179487179487,5.922217130661011,20260226_174147_run11
c22,CricketZ,0.6743589743589744,0.6753574934426834,0.6835933393708943,0.6743589743589744,5.928381443023682,20260226_174153_run11
c22,Crop,0.7256547619047619,0.7236977894265859,0.7269323130424304,0.7256547619047619,197.53127694129944,20260226_174516_run11
c22,DiatomSizeReduction,0.9803921568627451,0.9798868628425041,0.9810725788442717,0.9803921568627451,0.4604215621948242,20260226_174517_run11
c22,DistalPhalanxOutlineAgeGroup,0.7769784172661871,0.7768414520957432,0.7827626461880349,0.7769784172661871,0.49542832374572754,20260226_174517_run11
c22,DistalPhalanxOutlineCorrect,0.8333333333333334,0.8328809019671716,0.8327873327873327,0.8333333333333334,0.6465489864349365,20260226_174518_run11
c22,DistalPhalanxTW,0.7266187050359713,0.663520866111167,0.6773259741489105,0.7266187050359713,0.4817650318145752,20260226_174519_run11
c22,DuckDuckGeese,0.62,0.6118431372549019,0.6264285714285713,0.62,24.470656871795654,20260226_174715_run11
c22,ECG200,0.8,0.7953867028493895,0.7971428571428573,0.8,0.43390989303588867,20260226_174715_run11
c22,ECG5000,0.9391111111111111,0.9317440484190774,0.9313388785027027,0.9391111111111111,2.2828752994537354,20260226_174720_run11
c22,ECGFiveDays,0.975609756097561,0.9756020538840929,0.9760397380839116,0.975609756097561,0.5425329208374023,20260226_174721_run11
c22,EOGHorizontalSignal,0.7651933701657458,0.7598531012235995,0.7722242986949321,0.7651933701657458,5.541169166564941,20260226_174728_run11
c22,EOGVerticalSignal,0.7375690607734806,0.7273914130970904,0.7243073352632974,0.7375690607734806,5.496077299118042,20260226_174735_run11
c22,ERing,0.9074074074074074,0.9060271133567671,0.913539463756855,0.9074074074074074,0.5880718231201172,20260226_174735_run11
c22,Earthquakes,0.7482014388489209,0.6404357995085412,0.5598053930955955,0.7482014388489209,0.45316243171691895,20260226_174736_run11
c22,EigenWorms,0.9083969465648855,0.9094577062099839,0.9130981247460817,0.9083969465648855,0.8313755989074707,20260226_174851_run11
c22,ElectricDevices,0.9039035144598625,0.9040874257081798,0.9059988319464832,0.9039035144598625,15.399100065231323,20260226_174911_run11
c22,Epilepsy,0.9927536231884058,0.9927565004474139,0.9929606625258798,0.9927536231884058,0.5356888771057129,20260226_174912_run11
c22,EthanolConcentration,0.46387832699619774,0.43676934250058896,0.45546721972577486,0.46387832699619774,0.7897293567657471,20260226_174917_run11
c22,EthanolLevel,0.542,0.5298967222497623,0.5322520579710146,0.542,0.6269786357879639,20260226_174920_run11
c22,FaceAll,0.8733727810650888,0.8759901395075653,0.8827693080871453,0.8733727810650888,11.406466245651245,20260226_174932_run11
c22,FaceDetection,0.6495459704880817,0.6494725545114258,0.6496713617445019,0.6495459704880817,127.18969130516052,20260226_175644_run11
c22,FaceFour,0.7159090909090909,0.7096720041322313,0.7775784157363105,0.7159090909090909,0.4268064498901367,20260226_175645_run11
c22,FacesUCR,0.7634146341463415,0.7603167824572096,0.7708855036941723,0.7634146341463415,9.836653470993042,20260226_175656_run11
c22,FiftyWords,0.654945054945055,0.6340809463017738,0.6520698950920025,0.654945054945055,6.616504192352295,20260226_175703_run11
c22,FingerMovements,0.53,0.5253090029236819,0.5336666666666667,0.53,3.7716000080108643,20260226_175709_run11
c22,Fish,0.8628571428571429,0.8605095856524428,0.8628291517323776,0.8628571428571429,0.43733716011047363,20260226_175710_run11
c22,FordA,0.9181818181818182,0.9181573624984428,0.9182385005403648,0.9181818181818182,3.3096609115600586,20260226_175717_run11
c22,FordB,0.891358024691358,0.891280449801753,0.8920855350880034,0.891358024691358,3.048694610595703,20260226_175724_run11
c22,FreezerRegularTrain,0.9978947368421053,0.9978947275112576,0.9979035639412998,0.9978947368421053,1.3994266986846924,20260226_175728_run11
c22,FreezerSmallTrain,0.9982456140350877,0.9982456120911676,0.9982478223356852,0.9982456140350877,1.2682359218597412,20260226_175731_run11
c22,Fungi,0.8548387096774194,0.8436346621437544,0.856640745753649,0.8548387096774194,3.45784330368042,20260226_175734_run11
c22,GunPoint,0.98,0.9799973322662398,0.980081835972247,0.98,0.4300220012664795,20260226_175735_run11
c22,GunPointAgeSpan,0.9778481012658228,0.977848766841115,0.9778690182989812,0.9778481012658228,0.44052791595458984,20260226_175735_run11
c22,GunPointMaleVersusFemale,1.0,1.0,1.0,1.0,0.44070935249328613,20260226_175736_run11
c22,GunPointOldVersusYoung,1.0,1.0,1.0,1.0,0.44208359718322754,20260226_175737_run11
c22,Ham,0.7523809523809524,0.7524258760107817,0.7530167945262284,0.7523809523809524,0.43296313285827637,20260226_175737_run11
c22,HandMovementDirection,0.28378378378378377,0.28308835150940415,0.3116921269095182,0.28378378378378377,1.1244781017303467,20260226_175740_run11
c22,HandOutlines,0.9297297297297298,0.9292234239450297,0.9296732487589631,0.9297297297297298,0.8669464588165283,20260226_175747_run11
c22,Handwriting,0.30117647058823527,0.24112267470109447,0.32504687141176825,0.30117647058823527,10.088700294494629,20260226_175758_run11
c22,Haptics,0.5,0.49156538345996226,0.519189528768333,0.5,0.4436767101287842,20260226_175800_run11
c22,Heartbeat,0.7317073170731707,0.7200846535044222,0.7148331520017628,0.7317073170731707,3.7126660346984863,20260226_175825_run11
c22,Herring,0.59375,0.4424019607843137,0.3525390625,0.59375,0.443744421005249,20260226_175825_run11
c22,HouseTwenty,0.9663865546218487,0.966159703317947,0.968228387245309,0.9663865546218487,0.4276254177093506,20260226_175826_run11
c22,InlineSkate,0.5109090909090909,0.5111503022671489,0.5336159010937979,0.5109090909090909,0.47309207916259766,20260226_175829_run11
c22,InsectEPGRegularTrain,1.0,1.0,1.0,1.0,0.431149959564209,20260226_175829_run11
c22,InsectEPGSmallTrain,1.0,1.0,1.0,1.0,0.429884672164917,20260226_175830_run11
c22,InsectWingbeatSound,0.6015151515151516,0.5830927519514418,0.5843234484593437,0.6015151515151516,9.684653043746948,20260226_175841_run11
c22,ItalyPowerDemand,0.9183673469387755,0.9183673469387755,0.9183673469387755,0.9183673469387755,0.6430037021636963,20260226_175842_run11
c22,LSST,0.7234387672343877,0.6860798441616733,0.7044092035841438,0.7234387672343877,148.76494216918945,20260226_180116_run11
c22,LargeKitchenAppliances,0.928,0.9280907896657422,0.9285485805677728,0.928,0.5607409477233887,20260226_180118_run11
c22,Libras,0.9277777777777778,0.9251076652815783,0.9414407814407814,0.9277777777777778,4.852579832077026,20260226_180122_run11
c22,Lightning2,0.7540983606557377,0.748323762471528,0.7637978142076502,0.7540983606557377,0.4452097415924072,20260226_180123_run11
c22,Lightning7,0.6575342465753424,0.6580619152536961,0.7408951778814792,0.6575342465753424,0.44524097442626953,20260226_180124_run11
c22,Mallat,0.947547974413646,0.9474850877424977,0.9489577754876652,0.947547974413646,1.085925817489624,20260226_180128_run11
c22,Meat,0.9333333333333333,0.9331662489557228,0.9360269360269361,0.9333333333333333,0.4443681240081787,20260226_180129_run11
c22,MedicalImages,0.8026315789473685,0.7937004305214952,0.7940809912882449,0.8026315789473685,0.7249851226806641,20260226_180130_run11
c22,MiddlePhalanxOutlineAgeGroup,0.7272727272727273,0.7042409970981399,0.7393303232012909,0.7272727272727273,0.6454498767852783,20260226_180131_run11
c22,ACSF1,0.81,0.8027909496091621,0.8209706959706959,0.81,0.4437391757965088,20260226_180132_run12
c22,Adiac,0.7672634271099744,0.7628006374061239,0.7944388234669565,0.7672634271099744,5.704073190689087,20260226_180138_run12
c22,ArrowHead,0.7771428571428571,0.7785146705146706,0.7819564495654722,0.7771428571428571,0.4462718963623047,20260226_180138_run12
c22,ArticularyWordRecognition,0.98,0.9798129117259551,0.9812820512820514,0.98,20.027747631072998,20260226_180200_run12
c22,AtrialFibrillation,0.3333333333333333,0.2571428571428571,0.21481481481481482,0.3333333333333333,0.45525646209716797,20260226_180201_run12
c22,BME,0.96,0.96,0.96,0.96,0.4445633888244629,20260226_180201_run12
c22,BasicMotions,1.0,1.0,1.0,1.0,0.5287375450134277,20260226_180202_run12
c22,Beef,0.6,0.5765656565656566,0.5988888888888889,0.6,0.44008946418762207,20260226_180202_run12
c22,BeetleFly,0.8,0.7979797979797979,0.8125,0.8,0.4413125514984131,20260226_180203_run12
c22,BirdChicken,0.95,0.949874686716792,0.9545454545454545,0.95,0.4400627613067627,20260226_180203_run12
c22,CBF,0.9888888888888889,0.9888862895686616,0.9891478365561085,0.9888888888888889,0.5625452995300293,20260226_180204_run12
c22,Car,0.8333333333333334,0.8319540229885057,0.8378354978354977,0.8333333333333334,0.4444589614868164,20260226_180205_run12
c22,Chinatown,0.880466472303207,0.8856565491730571,0.914121309103663,0.880466472303207,0.44982123374938965,20260226_180205_run12
c22,ChlorineConcentration,0.6026041666666667,0.5069809214711416,0.6582827639365301,0.6026041666666667,2.0336806774139404,20260226_180209_run12
c22,CinCECGTorso,0.8753623188405797,0.8744771493418683,0.8835227708336573,0.8753623188405797,0.7940161228179932,20260226_180214_run12
c22,Coffee,0.9285714285714286,0.9285714285714286,0.9285714285714286,0.9285714285714286,0.4397461414337158,20260226_180215_run12
c22,Computers,0.828,0.8278650461962179,0.8290318438623523,0.828,0.46151185035705566,20260226_180216_run12
c22,Cricket,0.9861111111111112,0.9860139860139859,0.988095238095238,0.9861111111111112,6.749806642532349,20260226_180225_run12
c22,CricketX,0.6564102564102564,0.6454276410995406,0.6530641219838726,0.6564102564102564,5.923290014266968,20260226_180231_run12
c22,CricketY,0.6717948717948717,0.6617172823235286,0.6603060873188797,0.6717948717948717,5.924842119216919,20260226_180238_run12
c22,CricketZ,0.6692307692307692,0.6621898964926201,0.6633301819184173,0.6692307692307692,5.918712139129639,20260226_180244_run12
c22,Crop,0.7270833333333333,0.7236268484499102,0.7235477926754771,0.7270833333333333,197.4668526649475,20260226_180606_run12
c22,DiatomSizeReduction,0.9836601307189542,0.9833096999640493,0.9839057079332223,0.9836601307189542,0.4585719108581543,20260226_180607_run12
c22,DistalPhalanxOutlineAgeGroup,0.8129496402877698,0.8135333122604705,0.8154748090928178,0.8129496402877698,0.4799048900604248,20260226_180608_run12
c22,DistalPhalanxOutlineCorrect,0.8297101449275363,0.8300056955525358,0.8304995351498248,0.8297101449275363,0.6471381187438965,20260226_180609_run12
c22,DistalPhalanxTW,0.7122302158273381,0.6723266033760307,0.665370053781064,0.7122302158273381,0.4839024543762207,20260226_180609_run12
c22,DuckDuckGeese,0.7,0.7000562788044279,0.7155155955155955,0.7,24.69774627685547,20260226_180805_run12
c22,ECG200,0.84,0.8347058823529412,0.8419047619047619,0.84,0.4324181079864502,20260226_180806_run12
c22,ECG5000,0.9446666666666667,0.9359298430579505,0.9336783278027267,0.9446666666666667,2.2751107215881348,20260226_180810_run12
c22,ECGFiveDays,0.943089430894309,0.942937527168951,0.9484642416099643,0.943089430894309,0.5439379215240479,20260226_180811_run12
c22,EOGHorizontalSignal,0.7983425414364641,0.79517617826239,0.798488209706084,0.7983425414364641,5.5010998249053955,20260226_180818_run12
c22,EOGVerticalSignal,0.7071823204419889,0.6997227602594709,0.7014940400169781,0.7071823204419889,5.507063388824463,20260226_180825_run12
c22,ERing,0.9259259259259259,0.9253536563047563,0.9258864702202793,0.9259259259259259,0.5896756649017334,20260226_180826_run12
c22,Earthquakes,0.7482014388489209,0.6404357995085412,0.5598053930955955,0.7482014388489209,0.45233964920043945,20260226_180827_run12
c22,EigenWorms,0.9465648854961832,0.9466674425182207,0.9488750502209722,0.9465648854961832,0.8095965385437012,20260226_180943_run12
c22,ElectricDevices,0.9023472960705485,0.9022116603487027,0.9040257937960398,0.9023472960705485,15.44010305404663,20260226_181003_run12
c22,Epilepsy,0.9927536231884058,0.9927405223941702,0.9929443173150269,0.9927536231884058,0.5405752658843994,20260226_181004_run12
c22,EthanolConcentration,0.4372623574144487,0.4213003794070571,0.4226612008510444,0.4372623574144487,0.7927789688110352,20260226_181009_run12
c22,EthanolLevel,0.504,0.4953644605659503,0.4902345935075756,0.504,0.629988431930542,20260226_181012_run12
c22,FaceAll,0.8804733727810651,0.8833858140816067,0.8945017380725255,0.8804733727810651,11.424530744552612,20260226_181024_run12
c22,FaceDetection,0.6285471055618616,0.6283603367134387,0.6288060333016718,0.6285471055618616,127.17572212219238,20260226_181740_run12
c22,FaceFour,0.7613636363636364,0.7604007709244385,0.794945879069331,0.7613636363636364,0.43019604682922363,20260226_181740_run12
c22,FacesUCR,0.7736585365853659,0.773446474492823,0.7907429088011148,0.7736585365853659,9.703896760940552,20260226_181751_run12
c22,FiftyWords,0.6593406593406593,0.6212942246661469,0.6248793297191177,0.6593406593406593,6.667273283004761,20260226_181758_run12
c22,FingerMovements,0.59,0.5893844460014013,0.591731078904992,0.59,3.737717390060425,20260226_181804_run12
c22,Fish,0.8342857142857143,0.8365209374082488,0.8421350427350428,0.8342857142857143,0.4407789707183838,20260226_181805_run12
c22,FordA,0.9257575757575758,0.9257609876336899,0.9257686529177593,0.9257575757575758,3.320603847503662,20260226_181812_run12
c22,FordB,0.9012345679012346,0.9012369765057937,0.9012833409541229,0.9012345679012346,3.0450632572174072,20260226_181820_run12
c22,FreezerRegularTrain,0.9968421052631579,0.9968421017641017,0.9968443073431904,0.9968421052631579,1.39876127243042,20260226_181823_run12
c22,FreezerSmallTrain,0.9978947368421053,0.9978947275112576,0.9979035639412998,0.9978947368421053,1.267728328704834,20260226_181826_run12
c22,Fungi,0.7903225806451613,0.778426967381077,0.8191683465877012,0.7903225806451613,3.46685528755188,20260226_181829_run12
c22,GunPoint,0.9866666666666667,0.9866666666666667,0.9870175438596491,0.9866666666666667,0.4321322441101074,20260226_181830_run12
c22,GunPointAgeSpan,0.9936708860759493,0.9936708860759493,0.9936708860759493,0.9936708860759493,0.4427223205566406,20260226_181830_run12
c22,GunPointMaleVersusFemale,1.0,1.0,1.0,1.0,0.44322943687438965,20260226_181831_run12
c22,GunPointOldVersusYoung,1.0,1.0,1.0,1.0,0.4436156749725342,20260226_181832_run12
c22,Ham,0.7428571428571429,0.741918750896034,0.7443836193283503,0.7428571428571429,0.43311452865600586,20260226_181832_run12
c22,HandMovementDirection,0.20270270270270271,0.16825298349385018,0.3177801927801928,0.20270270270270271,1.2585442066192627,20260226_181835_run12
c22,HandOutlines,0.9027027027027027,0.90071710893277,0.9047650246575903,0.9027027027027027,0.8679845333099365,20260226_181842_run12
c22,Handwriting,0.30823529411764705,0.25227070789386047,0.356196365208397,0.30823529411764705,10.093836307525635,20260226_181854_run12
c22,Haptics,0.5032467532467533,0.48675470272763555,0.5179157780147516,0.5032467532467533,0.4426083564758301,20260226_181855_run12
c22,Heartbeat,0.775609756097561,0.763045781164248,0.7618084473527663,0.775609756097561,3.5905332565307617,20260226_181920_run12
c22,Herring,0.578125,0.4350247524752475,0.3487103174603175,0.578125,0.4631478786468506,20260226_181920_run12
c22,HouseTwenty,0.957983193277311,0.9580378512610508,0.958230350963915,0.957983193277311,0.4464418888092041,20260226_181921_run12
c22,InlineSkate,0.48363636363636364,0.47970687943016843,0.5039501572016002,0.48363636363636364,0.4780242443084717,20260226_181923_run12
c22,InsectEPGRegularTrain,1.0,1.0,1.0,1.0,0.4467349052429199,20260226_181924_run12
c22,InsectEPGSmallTrain,1.0,1.0,1.0,1.0,0.442340612411499,20260226_181925_run12
c22,InsectWingbeatSound,0.5808080808080808,0.5675874952482681,0.5705034587159273,0.5808080808080808,9.74006175994873,20260226_181936_run12
c22,ItalyPowerDemand,0.924198250728863,0.9241833577649909,0.9246156949412225,0.924198250728863,0.6475679874420166,20260226_181937_run12
c22,LSST,0.7149229521492295,0.6803959292931934,0.6913418390052856,0.7149229521492295,149.00277519226074,20260226_182211_run12
c22,LargeKitchenAppliances,0.936,0.9359493079803248,0.936157195036464,0.936,0.5603923797607422,20260226_182213_run12
c22,Libras,0.9333333333333333,0.9346846503488183,0.944372620843209,0.9333333333333333,4.827366352081299,20260226_182218_run12
c22,Lightning2,0.7540983606557377,0.7453086850366237,0.7729569826204856,0.7540983606557377,0.4373800754547119,20260226_182218_run12
c22,Lightning7,0.6986301369863014,0.6872637718974824,0.7185802714610128,0.6986301369863014,0.4409327507019043,20260226_182219_run12
c22,Mallat,0.9330490405117271,0.9315432677562905,0.9440036989713262,0.9330490405117271,1.0860702991485596,20260226_182224_run12
c22,Meat,0.9166666666666666,0.9166145507608923,0.9172932330827066,0.9166666666666666,0.4367504119873047,20260226_182224_run12
c22,MedicalImages,0.8157894736842105,0.8117019729910858,0.8162214986894526,0.8157894736842105,0.7228672504425049,20260226_182225_run12
c22,MiddlePhalanxOutlineAgeGroup,0.7272727272727273,0.6750640220652461,0.7901824366110081,0.7272727272727273,0.4903566837310791,20260226_182226_run12
c22,ACSF1,0.78,0.7782617183895956,0.7902156177156177,0.78,0.4387776851654053,20260226_182227_run13
c22,Adiac,0.7672634271099744,0.7578871284788259,0.8060571447504017,0.7672634271099744,5.694589138031006,20260226_182233_run13
c22,ArrowHead,0.8171428571428572,0.8145232026540438,0.8153424430641822,0.8171428571428572,0.4378221035003662,20260226_182233_run13
c22,ArticularyWordRecognition,0.98,0.9799652173913042,0.9809790209790211,0.98,19.701534271240234,20260226_182255_run13
c22,AtrialFibrillation,0.26666666666666666,0.2722222222222222,0.292063492063492,0.26666666666666666,0.46767139434814453,20260226_182256_run13
c22,BME,0.9466666666666667,0.9463231347289318,0.9540229885057471,0.9466666666666667,0.44399309158325195,20260226_182256_run13
c22,BasicMotions,1.0,1.0,1.0,1.0,0.525698184967041,20260226_182257_run13
c22,Beef,0.5,0.49351158645276294,0.5193939393939394,0.5,0.43997693061828613,20260226_182257_run13
c22,BeetleFly,0.8,0.7916666666666667,0.8571428571428571,0.8,0.4388759136199951,20260226_182258_run13
c22,BirdChicken,0.95,0.949874686716792,0.9545454545454545,0.95,0.44084835052490234,20260226_182258_run13
c22,CBF,0.8966666666666666,0.8912939182336161,0.9117976389352935,0.8966666666666666,0.5643370151519775,20260226_182259_run13
c22,Car,0.6666666666666666,0.6654893039591314,0.6855413105413106,0.6666666666666666,0.44315195083618164,20260226_182300_run13
c22,Chinatown,0.9533527696793003,0.9537896842705615,0.9549170355973077,0.9533527696793003,0.4492166042327881,20260226_182300_run13
c22,ChlorineConcentration,0.6276041666666666,0.5587362149931215,0.691181724326553,0.6276041666666666,2.0288498401641846,20260226_182304_run13
c22,CinCECGTorso,0.763768115942029,0.7681702127886026,0.7998096718126306,0.763768115942029,0.7771704196929932,20260226_182309_run13
c22,Coffee,0.9642857142857143,0.9641474654377881,0.9665178571428571,0.9642857142857143,0.4240295886993408,20260226_182309_run13
c22,Computers,0.816,0.8159528839382882,0.8163239156896661,0.816,0.45081114768981934,20260226_182310_run13
c22,Cricket,1.0,1.0,1.0,1.0,6.557612657546997,20260226_182319_run13
c22,CricketX,0.7282051282051282,0.7092758024575435,0.7346695185028522,0.7282051282051282,5.9173829555511475,20260226_182326_run13
c22,CricketY,0.6282051282051282,0.6237740830064347,0.6341012767558675,0.6282051282051282,5.959154844284058,20260226_182332_run13
c22,CricketZ,0.7128205128205128,0.7082328667884381,0.7087440550902089,0.7128205128205128,6.065439701080322,20260226_182339_run13
c22,Crop,0.7323809523809524,0.7297968573885254,0.7307408530951899,0.7323809523809524,197.52517318725586,20260226_182701_run13
c22,DiatomSizeReduction,0.9084967320261438,0.8807157690886621,0.9294974820529304,0.9084967320261438,0.4385991096496582,20260226_182702_run13
c22,DistalPhalanxOutlineAgeGroup,0.7338129496402878,0.7269580394797462,0.7359219001086574,0.7338129496402878,0.4770650863647461,20260226_182703_run13
c22,DistalPhalanxOutlineCorrect,0.8260869565217391,0.8240740740740741,0.8265346534653465,0.8260869565217391,0.64383864402771,20260226_182703_run13
c22,DistalPhalanxTW,0.6834532374100719,0.6161516686251717,0.6280808202941085,0.6834532374100719,0.48162245750427246,20260226_182704_run13
c22,DuckDuckGeese,0.72,0.7204982929306526,0.738949938949939,0.72,25.462207555770874,20260226_182901_run13
c22,ECG200,0.78,0.7768627450980392,0.7763970588235294,0.78,0.4483211040496826,20260226_182901_run13
c22,ECG5000,0.9426666666666667,0.9352754072537431,0.9349916901573972,0.9426666666666667,2.2859489917755127,20260226_182906_run13
c22,ECGFiveDays,0.8977932636469221,0.897556190438512,0.9020489088226187,0.8977932636469221,0.545156717300415,20260226_182907_run13
c22,EOGHorizontalSignal,0.7458563535911602,0.7408101011474373,0.7533671940562559,0.7458563535911602,5.527270555496216,20260226_182914_run13
c22,EOGVerticalSignal,0.7458563535911602,0.7426433858475234,0.7451414479181673,0.7458563535911602,5.52637791633606,20260226_182921_run13
c22,ERing,0.9185185185185185,0.9180172495554821,0.9208190606879759,0.9185185185185185,0.5928819179534912,20260226_182922_run13
c22,Earthquakes,0.7482014388489209,0.6404357995085412,0.5598053930955955,0.7482014388489209,0.4600226879119873,20260226_182923_run13
c22,EigenWorms,0.9465648854961832,0.9462500201053197,0.9471611349079103,0.9465648854961832,0.8148090839385986,20260226_183037_run13
c22,ElectricDevices,0.9004020230839062,0.9005227891267841,0.9027417102424965,0.9004020230839062,15.414881706237793,20260226_183058_run13
c22,Epilepsy,0.9855072463768116,0.9854783533273235,0.986250464511334,0.9855072463768116,0.539914608001709,20260226_183059_run13
c22,EthanolConcentration,0.43346007604562736,0.404579315524106,0.407805100206048,0.43346007604562736,0.8083086013793945,20260226_183103_run13
c22,EthanolLevel,0.496,0.4895130036228228,0.4904398833179717,0.496,0.6406619548797607,20260226_183106_run13
c22,FaceAll,0.8674556213017751,0.8703813725924757,0.8785813741945772,0.8674556213017751,11.413516998291016,20260226_183119_run13
c22,FaceDetection,0.6410329171396141,0.6407718538728758,0.6414440859808651,0.6410329171396141,127.01417446136475,20260226_183830_run13
c22,FaceFour,0.7159090909090909,0.7148221343873519,0.7168560606060607,0.7159090909090909,0.42650890350341797,20260226_183830_run13
c22,FacesUCR,0.7775609756097561,0.7735438332768191,0.792364511510902,0.7775609756097561,9.686794757843018,20260226_183841_run13
c22,FiftyWords,0.6417582417582418,0.6175392431468839,0.6174925767864744,0.6417582417582418,6.613529205322266,20260226_183848_run13
c22,FingerMovements,0.52,0.52,0.52,0.52,3.9048075675964355,20260226_183854_run13
c22,Fish,0.8571428571428571,0.8551794722740773,0.8563667553978113,0.8571428571428571,0.47080159187316895,20260226_183855_run13
c22,FordA,0.9227272727272727,0.9227144834642352,0.9227398783463686,0.9227272727272727,3.326136350631714,20260226_183903_run13
c22,FordB,0.8703703703703703,0.8703496233383391,0.8709262513196524,0.8703703703703703,3.0625782012939453,20260226_183910_run13
c22,FreezerRegularTrain,0.9985964912280701,0.9985964905368989,0.9985974733837579,0.9985964912280701,1.4045684337615967,20260226_183913_run13
c22,FreezerSmallTrain,0.9978947368421053,0.997894732695072,0.9978986599586627,0.9978947368421053,1.2681288719177246,20260226_183916_run13
c22,Fungi,0.7741935483870968,0.7524367061661982,0.8551029537022745,0.7741935483870968,3.4735867977142334,20260226_183919_run13
c22,GunPoint,0.9466666666666667,0.9466666666666667,0.9470033191085823,0.9466666666666667,0.43523120880126953,20260226_183920_run13
c22,GunPointAgeSpan,0.9746835443037974,0.9746845584629807,0.9747636596699247,0.9746835443037974,0.44153594970703125,20260226_183920_run13
c22,GunPointMaleVersusFemale,1.0,1.0,1.0,1.0,0.44722962379455566,20260226_183921_run13
c22,GunPointOldVersusYoung,1.0,1.0,1.0,1.0,0.4426591396331787,20260226_183922_run13
c22,Ham,0.7428571428571429,0.7427637128064052,0.7428051948051948,0.7428571428571429,0.43241286277770996,20260226_183922_run13
c22,HandMovementDirection,0.20270270270270271,0.19528212422949265,0.24887387387387389,0.20270270270270271,1.135148286819458,20260226_183925_run13
c22,HandOutlines,0.8918918918918919,0.8913201663201663,0.8912560854818072,0.8918918918918919,0.8710484504699707,20260226_183932_run13
c22,Handwriting,0.27058823529411763,0.21712281271959583,0.29300077629675175,0.27058823529411763,10.127384185791016,20260226_183944_run13
c22,Haptics,0.4512987012987013,0.42225086916333004,0.4484670269044633,0.4512987012987013,0.45290398597717285,20260226_183945_run13
c22,Heartbeat,0.775609756097561,0.7515204307887234,0.7609376271738245,0.775609756097561,3.5446970462799072,20260226_184010_run13
c22,Herring,0.5625,0.4511904761904762,0.4479166666666667,0.5625,0.5911438465118408,20260226_184011_run13
c22,HouseTwenty,0.9663865546218487,0.9664689405173833,0.9671053266312265,0.9663865546218487,0.45458292961120605,20260226_184011_run13
c22,InlineSkate,0.5654545454545454,0.5639106019663842,0.576678213043677,0.5654545454545454,0.4787595272064209,20260226_184014_run13
c22,InsectEPGRegularTrain,1.0,1.0,1.0,1.0,0.445781946182251,20260226_184015_run13
c22,InsectEPGSmallTrain,1.0,1.0,1.0,1.0,0.4481627941131592,20260226_184015_run13
c22,InsectWingbeatSound,0.5797979797979798,0.5730131212387584,0.5783159207291186,0.5797979797979798,9.762566089630127,20260226_184026_run13
c22,ItalyPowerDemand,0.9251700680272109,0.9251311809006695,0.9261866467981207,0.9251700680272109,0.6468875408172607,20260226_184027_run13
c22,LSST,0.7258718572587186,0.6887769329825407,0.7060511613663841,0.7258718572587186,148.89443016052246,20260226_184301_run13
c22,LargeKitchenAppliances,0.936,0.9363099909215405,0.9388313670489233,0.936,0.5629572868347168,20260226_184303_run13
c22,Libras,0.9277777777777778,0.9276131211783386,0.9304140304140303,0.9277777777777778,4.84469199180603,20260226_184308_run13
c22,Lightning2,0.8032786885245902,0.7915854637166112,0.8557377049180328,0.8032786885245902,0.4387848377227783,20260226_184309_run13
c22,Lightning7,0.6164383561643836,0.6015758574518488,0.6490867579908676,0.6164383561643836,0.4418342113494873,20260226_184309_run13
c22,Mallat,0.940724946695096,0.9406350444908046,0.9420079291159609,0.940724946695096,1.0842626094818115,20260226_184314_run13
c22,Meat,0.9166666666666666,0.915801542630811,0.9157059314954051,0.9166666666666666,0.43625521659851074,20260226_184314_run13
c22,MedicalImages,0.781578947368421,0.7757640440091303,0.7745153579302066,0.781578947368421,0.7237100601196289,20260226_184315_run13
c22,MiddlePhalanxOutlineAgeGroup,0.7207792207792207,0.6976274941984587,0.7033525371871236,0.7207792207792207,0.49198293685913086,20260226_184316_run13
c22,ACSF1,0.82,0.8163793211619299,0.8296503496503498,0.82,0.4441683292388916,20260226_184317_run14
c22,Adiac,0.7698209718670077,0.7650523279086938,0.7951931624866783,0.7698209718670077,5.694875240325928,20260226_184323_run14
c22,ArrowHead,0.7485714285714286,0.7481224489795919,0.7479749082731685,0.7485714285714286,0.4369382858276367,20260226_184323_run14
c22,ArticularyWordRecognition,0.9833333333333333,0.9834332218506131,0.9847985347985349,0.9833333333333333,20.195698499679565,20260226_184346_run14
c22,AtrialFibrillation,0.26666666666666666,0.24338624338624337,0.24074074074074076,0.26666666666666666,0.4558534622192383,20260226_184346_run14
c22,BME,0.86,0.8535411653938697,0.9014084507042253,0.86,0.44290733337402344,20260226_184347_run14
c22,BasicMotions,1.0,1.0,1.0,1.0,0.5280928611755371,20260226_184347_run14
c22,Beef,0.4666666666666667,0.3927350427350428,0.44285714285714284,0.4666666666666667,0.4386293888092041,20260226_184348_run14
c22,BeetleFly,0.95,0.949874686716792,0.9545454545454545,0.95,0.43945741653442383,20260226_184348_run14
c22,BirdChicken,0.85,0.846547314578005,0.8846153846153847,0.85,0.4408235549926758,20260226_184349_run14
c22,CBF,0.9411111111111111,0.9398762066128089,0.9453015146977412,0.9411111111111111,0.5627763271331787,20260226_184350_run14
c22,Car,0.75,0.7350025138260432,0.77238455988456,0.75,0.4412081241607666,20260226_184350_run14
c22,Chinatown,0.9271137026239067,0.928674771319047,0.9342034424416,0.9271137026239067,0.4488258361816406,20260226_184351_run14
c22,ChlorineConcentration,0.603125,0.513308847723443,0.6384277113730346,0.603125,2.034177541732788,20260226_184355_run14
c22,CinCECGTorso,0.7913043478260869,0.7896141856292052,0.8070068351695955,0.7913043478260869,0.7829694747924805,20260226_184359_run14
c22,Coffee,1.0,1.0,1.0,1.0,0.4393947124481201,20260226_184400_run14
c22,Computers,0.832,0.8317307692307693,0.8341384863123994,0.832,0.4614226818084717,20260226_184401_run14
c22,Cricket,0.9722222222222222,0.9720279720279721,0.976190476190476,0.9722222222222222,6.599646091461182,20260226_184410_run14
c22,CricketX,0.6358974358974359,0.6214224165210763,0.6305958613317532,0.6358974358974359,6.067103385925293,20260226_184416_run14
c22,CricketY,0.6666666666666666,0.658776899308218,0.6585142839021608,0.6666666666666666,5.8828582763671875,20260226_184423_run14
c22,CricketZ,0.6717948717948717,0.6686571736630239,0.6815577961313256,0.6717948717948717,5.882146835327148,20260226_184429_run14
c22,Crop,0.7317261904761905,0.7292115568436887,0.7310865095441561,0.7317261904761905,197.76904821395874,20260226_184752_run14
c22,DiatomSizeReduction,0.9705882352941176,0.9706460642160062,0.9714762716680875,0.9705882352941176,0.45037055015563965,20260226_184753_run14
c22,DistalPhalanxOutlineAgeGroup,0.7841726618705036,0.783579538807978,0.7860479473564006,0.7841726618705036,0.48568058013916016,20260226_184753_run14
c22,DistalPhalanxOutlineCorrect,0.782608695652174,0.7791342952275251,0.7826988423659506,0.782608695652174,0.649411678314209,20260226_184754_run14
c22,DistalPhalanxTW,0.7266187050359713,0.6897257745799467,0.6817767931929234,0.7266187050359713,0.48795223236083984,20260226_184755_run14
c22,DuckDuckGeese,0.66,0.6536507936507937,0.6509090909090909,0.66,25.364089250564575,20260226_184951_run14
c22,ECG200,0.82,0.817433155080214,0.8177205882352943,0.82,0.4339137077331543,20260226_184952_run14
c22,ECG5000,0.9353333333333333,0.9213015923524975,0.9211613699545903,0.9353333333333333,2.279343605041504,20260226_184956_run14
c22,ECGFiveDays,0.9698025551684089,0.9697942420608162,0.9701631085640403,0.9698025551684089,0.5429420471191406,20260226_184957_run14
c22,EOGHorizontalSignal,0.7596685082872928,0.7516428027982072,0.7554906472305725,0.7596685082872928,5.491431951522827,20260226_185004_run14
c22,EOGVerticalSignal,0.7154696132596685,0.7105483444791514,0.7142239048861239,0.7154696132596685,5.498694896697998,20260226_185011_run14
c22,ERing,0.8888888888888888,0.8883500126403826,0.8932708719629555,0.8888888888888888,0.587977409362793,20260226_185012_run14
c22,Earthquakes,0.7482014388489209,0.6404357995085412,0.5598053930955955,0.7482014388489209,0.4536595344543457,20260226_185013_run14
c22,EigenWorms,0.9770992366412213,0.9771840542832908,0.9779763880328103,0.9770992366412213,0.8102860450744629,20260226_185127_run14
c22,ElectricDevices,0.9040331993256387,0.904146008791357,0.9062811874152106,0.9040331993256387,15.40488076210022,20260226_185147_run14
c22,Epilepsy,0.9927536231884058,0.9927405223941702,0.9929443173150269,0.9927536231884058,0.5517396926879883,20260226_185148_run14
c22,EthanolConcentration,0.42585551330798477,0.42037468660884597,0.42097023404863854,0.42585551330798477,0.7875897884368896,20260226_185153_run14
c22,EthanolLevel,0.522,0.5125760701396368,0.514842455133067,0.522,0.628244161605835,20260226_185156_run14
c22,FaceAll,0.878698224852071,0.8797512036518427,0.8852637079854773,0.878698224852071,11.56267762184143,20260226_185209_run14
c22,FaceDetection,0.6325198637911464,0.6322637514306089,0.632890072496887,0.6325198637911464,127.08322381973267,20260226_185920_run14
c22,FaceFour,0.7613636363636364,0.7535786220271249,0.807271018455229,0.7613636363636364,0.42858147621154785,20260226_185920_run14
c22,FacesUCR,0.7687804878048781,0.769029716371852,0.7886640157603746,0.7687804878048781,9.690287351608276,20260226_185931_run14
c22,FiftyWords,0.6813186813186813,0.6520519555825007,0.6611758840886185,0.6813186813186813,6.623764514923096,20260226_185938_run14
c22,FingerMovements,0.54,0.5377840224809313,0.542545899632803,0.54,3.721675157546997,20260226_185944_run14
c22,Fish,0.88,0.8815046279054745,0.888246991104134,0.88,0.45392441749572754,20260226_185945_run14
c22,FordA,0.9295454545454546,0.9295437139785566,0.9295430413958577,0.9295454545454546,3.3136956691741943,20260226_185953_run14
c22,FordB,0.9,0.8999900925961208,0.9004440540672426,0.9,3.0535364151000977,20260226_190000_run14
c22,FreezerRegularTrain,0.9989473684210526,0.9989473672547007,0.9989495798319328,0.9989473684210526,1.4005098342895508,20260226_190003_run14
c22,FreezerSmallTrain,0.9968421052631579,0.9968420737713728,0.9968619246861924,0.9968421052631579,1.267000675201416,20260226_190006_run14
c22,Fungi,0.8870967741935484,0.8839654348981336,0.9020385304659498,0.8870967741935484,3.4549033641815186,20260226_190009_run14
c22,GunPoint,0.98,0.9799973332148096,0.9807792207792208,0.98,0.4310619831085205,20260226_190010_run14
c22,GunPointAgeSpan,0.9715189873417721,0.9715175612232674,0.9720027695421378,0.9715189873417721,0.44179868698120117,20260226_190010_run14
c22,GunPointMaleVersusFemale,1.0,1.0,1.0,1.0,0.44254231452941895,20260226_190011_run14
c22,GunPointOldVersusYoung,1.0,1.0,1.0,1.0,0.44192004203796387,20260226_190012_run14
c22,Ham,0.7523809523809524,0.7503825594801383,0.7573250455471011,0.7523809523809524,0.43213725090026855,20260226_190012_run14
c22,HandMovementDirection,0.32432432432432434,0.28882453882453885,0.44568607068607063,0.32432432432432434,1.1203749179840088,20260226_190015_run14
c22,HandOutlines,0.9081081081081082,0.9068736769556442,0.9085464184597064,0.9081081081081082,0.868436336517334,20260226_190022_run14
c22,Handwriting,0.28352941176470586,0.241162454195043,0.3912670458584187,0.28352941176470586,10.234563827514648,20260226_190034_run14
c22,Haptics,0.4935064935064935,0.4768443110955479,0.5320824626134458,0.4935064935064935,0.44180917739868164,20260226_190035_run14
c22,Heartbeat,0.7658536585365854,0.7407169712577985,0.7478191667344927,0.7658536585365854,3.588641405105591,20260226_190100_run14
c22,Herring,0.59375,0.4424019607843137,0.3525390625,0.59375,0.44559311866760254,20260226_190100_run14
c22,HouseTwenty,0.9663865546218487,0.9663865546218487,0.9663865546218487,0.9663865546218487,0.4360673427581787,20260226_190101_run14
c22,InlineSkate,0.52,0.5138287088116903,0.5241457416191154,0.52,0.4731099605560303,20260226_190103_run14
c22,InsectEPGRegularTrain,1.0,1.0,1.0,1.0,0.4316978454589844,20260226_190104_run14
c22,InsectEPGSmallTrain,1.0,1.0,1.0,1.0,0.42980122566223145,20260226_190105_run14
c22,InsectWingbeatSound,0.6191919191919192,0.6054042907852564,0.6096463852407913,0.6191919191919192,9.688449144363403,20260226_190116_run14
c22,ItalyPowerDemand,0.9135082604470359,0.9135067900617319,0.9135208501236993,0.9135082604470359,0.6418261528015137,20260226_190117_run14
c22,LSST,0.7173560421735604,0.6839492147133704,0.7060062584657262,0.7173560421735604,148.9652533531189,20260226_190351_run14
c22,LargeKitchenAppliances,0.9386666666666666,0.9386049726115346,0.9391604421461599,0.9386666666666666,0.5586822032928467,20260226_190353_run14
c22,Libras,0.9111111111111111,0.9099041602519864,0.918962148962149,0.9111111111111111,4.803022384643555,20260226_190358_run14
c22,Lightning2,0.8032786885245902,0.8013330931363719,0.8065278393147246,0.8032786885245902,0.4296422004699707,20260226_190358_run14
c22,Lightning7,0.7671232876712328,0.7670287174973548,0.7957769475577695,0.7671232876712328,0.42986297607421875,20260226_190359_run14
c22,Mallat,0.9454157782515992,0.945338330972856,0.9462569948988673,0.9454157782515992,1.0828444957733154,20260226_190403_run14
c22,Meat,0.9166666666666666,0.9166145507608923,0.9172932330827066,0.9166666666666666,0.4279744625091553,20260226_190404_run14
c22,MedicalImages,0.8065789473684211,0.7990407353363846,0.7990033789860281,0.8065789473684211,0.720752477645874,20260226_190405_run14
c22,MiddlePhalanxOutlineAgeGroup,0.7857142857142857,0.7593512896342834,0.7943530729245015,0.7857142857142857,0.4867732524871826,20260226_190406_run14
c22,ACSF1,0.72,0.7132174492174492,0.7412121212121212,0.72,0.4278898239135742,20260226_190407_run15
c22,Adiac,0.7595907928388747,0.7511739550047184,0.7758759450518891,0.7595907928388747,5.669158458709717,20260226_190413_run15
c22,ArrowHead,0.7885714285714286,0.783380583350176,0.7919319297792878,0.7885714285714286,0.43169355392456055,20260226_190413_run15
c22,ArticularyWordRecognition,0.98,0.9798071146245059,0.9815384615384615,0.98,19.916409969329834,20260226_190435_run15
c22,AtrialFibrillation,0.3333333333333333,0.32756132756132755,0.37301587301587297,0.3333333333333333,0.47206783294677734,20260226_190435_run15
c22,BME,0.9266666666666666,0.9266593325999266,0.9267707082833133,0.9266666666666666,0.46310925483703613,20260226_190436_run15
c22,BasicMotions,1.0,1.0,1.0,1.0,0.5220966339111328,20260226_190437_run15
c22,Beef,0.6,0.5931202131202131,0.6009523809523809,0.6,0.42729902267456055,20260226_190437_run15
c22,BeetleFly,0.9,0.9,0.9,0.9,0.42470741271972656,20260226_190438_run15
c22,BirdChicken,0.95,0.949874686716792,0.9545454545454545,0.95,0.42746710777282715,20260226_190438_run15
c22,CBF,0.9855555555555555,0.9855621681283933,0.9856271631459602,0.9855555555555555,0.5592207908630371,20260226_190439_run15
c22,Car,0.8166666666666667,0.8126572492796402,0.8251994301994301,0.8166666666666667,0.4260263442993164,20260226_190439_run15
c22,Chinatown,0.9183673469387755,0.9195923774378107,0.9225957843710384,0.9183673469387755,0.4359118938446045,20260226_190440_run15
c22,ChlorineConcentration,0.60390625,0.5038169616303831,0.6196533910678048,0.60390625,2.027653455734253,20260226_190444_run15
c22,CinCECGTorso,0.8231884057971014,0.819097171027551,0.8460286696389842,0.8231884057971014,0.9168667793273926,20260226_190449_run15
c22,Coffee,1.0,1.0,1.0,1.0,0.4263734817504883,20260226_190449_run15
c22,Computers,0.804,0.8039968639498232,0.8040194572452638,0.804,0.4509868621826172,20260226_190450_run15
c22,Cricket,1.0,1.0,1.0,1.0,6.549997568130493,20260226_190459_run15
c22,CricketX,0.6538461538461539,0.6432861397151599,0.6536396481258355,0.6538461538461539,5.884646654129028,20260226_190506_run15
c22,CricketY,0.6717948717948717,0.6607327268805552,0.6649012098771032,0.6717948717948717,5.890161514282227,20260226_190512_run15
c22,CricketZ,0.6666666666666666,0.6643169854882436,0.6665701306199043,0.6666666666666666,5.891267776489258,20260226_190518_run15
c22,Crop,0.728452380952381,0.7251435243894246,0.7253303787920669,0.728452380952381,197.4113805294037,20260226_190841_run15
c22,DiatomSizeReduction,0.9901960784313726,0.9901620195064933,0.9904992925005055,0.9901960784313726,0.4303586483001709,20260226_190841_run15
c22,DistalPhalanxOutlineAgeGroup,0.7553956834532374,0.7557428925576718,0.7562949640287769,0.7553956834532374,0.4775266647338867,20260226_190842_run15
c22,DistalPhalanxOutlineCorrect,0.8260869565217391,0.825061425061425,0.8254714372615163,0.8260869565217391,0.6472761631011963,20260226_190843_run15
c22,DistalPhalanxTW,0.7266187050359713,0.6882696262926705,0.692833237966017,0.7266187050359713,0.47703027725219727,20260226_190844_run15
c22,DuckDuckGeese,0.68,0.6694031623093407,0.7354700854700854,0.68,24.666022062301636,20260226_191039_run15
c22,ECG200,0.84,0.838945054945055,0.8386096256684492,0.84,0.451934814453125,20260226_191040_run15
c22,ECG5000,0.9373333333333334,0.9190201913090498,0.9287775761490059,0.9373333333333334,2.2867777347564697,20260226_191044_run15
c22,ECGFiveDays,0.9059233449477352,0.905907350805672,0.9060894540104794,0.9059233449477352,0.542384147644043,20260226_191045_run15
c22,EOGHorizontalSignal,0.787292817679558,0.7780727351487751,0.7760945681652702,0.787292817679558,5.489851951599121,20260226_191052_run15
c22,EOGVerticalSignal,0.712707182320442,0.7111821640445655,0.715486594037808,0.712707182320442,5.488634347915649,20260226_191059_run15
c22,ERing,0.9481481481481482,0.9484741282488532,0.952169696834331,0.9481481481481482,0.5871589183807373,20260226_191100_run15
c22,Earthquakes,0.7482014388489209,0.6404357995085412,0.5598053930955955,0.7482014388489209,0.4540884494781494,20260226_191101_run15
c22,EigenWorms,0.9083969465648855,0.9119430041877593,0.9318886298274854,0.9083969465648855,0.8124485015869141,20260226_191217_run15
c22,ElectricDevices,0.9036441447283102,0.9036523013273599,0.9055849135430248,0.9036441447283102,15.424675464630127,20260226_191237_run15
c22,Epilepsy,1.0,1.0,1.0,1.0,0.5413775444030762,20260226_191238_run15
c22,EthanolConcentration,0.467680608365019,0.423374264528721,0.4259068459397722,0.467680608365019,0.7896883487701416,20260226_191243_run15
c22,EthanolLevel,0.52,0.5122182859908821,0.5236611609831887,0.52,0.6248016357421875,20260226_191246_run15
c22,FaceAll,0.8775147928994083,0.8811976977248539,0.8945977287012348,0.8775147928994083,11.390789985656738,20260226_191258_run15
c22,FaceDetection,0.6475595913734393,0.6474828348745862,0.6476882209198115,0.6475595913734393,127.64177703857422,20260226_192009_run15
c22,FaceFour,0.6931818181818182,0.7062576319933159,0.7775769054178144,0.6931818181818182,0.42856931686401367,20260226_192010_run15
c22,FacesUCR,0.7760975609756098,0.772631481568368,0.7917690562693774,0.7760975609756098,9.699047803878784,20260226_192020_run15
c22,FiftyWords,0.6373626373626373,0.6122130585131554,0.6506075200219296,0.6373626373626373,6.63859486579895,20260226_192027_run15
c22,FingerMovements,0.52,0.5188461538461538,0.5214545454545454,0.52,3.881150960922241,20260226_192034_run15
c22,Fish,0.8457142857142858,0.8431223760917994,0.845630658355033,0.8457142857142858,0.46147894859313965,20260226_192034_run15
c22,FordA,0.918939393939394,0.9189122275920552,0.9190129522276259,0.918939393939394,3.319864511489868,20260226_192042_run15
c22,FordB,0.8975308641975308,0.8975319575331872,0.8975357869331629,0.8975308641975308,3.0501177310943604,20260226_192049_run15
c22,FreezerRegularTrain,0.9989473684210526,0.9989473682914581,0.9989476141324046,0.9989473684210526,1.4056694507598877,20260226_192052_run15
c22,FreezerSmallTrain,0.983859649122807,0.9838558011487871,0.9843214016539745,0.983859649122807,1.289095163345337,20260226_192055_run15
c22,Fungi,0.7849462365591398,0.7848766116885377,0.8247631848438298,0.7849462365591398,3.4657115936279297,20260226_192059_run15
c22,GunPoint,0.9866666666666667,0.9866666666666667,0.9870175438596491,0.9866666666666667,0.43050050735473633,20260226_192059_run15
c22,GunPointAgeSpan,0.9746835443037974,0.9746835443037974,0.9749959428756898,0.9746835443037974,0.4425821304321289,20260226_192100_run15
c22,GunPointMaleVersusFemale,1.0,1.0,1.0,1.0,0.44250917434692383,20260226_192101_run15
c22,GunPointOldVersusYoung,1.0,1.0,1.0,1.0,0.44254326820373535,20260226_192101_run15
c22,Ham,0.780952380952381,0.780952380952381,0.7822284469343292,0.780952380952381,0.4310119152069092,20260226_192102_run15
c22,HandMovementDirection,0.28378378378378377,0.29356088644014344,0.3228296946832416,0.28378378378378377,1.1204330921173096,20260226_192105_run15
c22,HandOutlines,0.8972972972972973,0.8956875896304468,0.8978465848031066,0.8972972972972973,0.8708138465881348,20260226_192112_run15
c22,Handwriting,0.27647058823529413,0.22478526655157566,0.2663987785280214,0.27647058823529413,10.106394052505493,20260226_192123_run15
c22,Haptics,0.474025974025974,0.46311077676936985,0.49819702425516116,0.474025974025974,0.44080209732055664,20260226_192125_run15
c22,Heartbeat,0.7804878048780488,0.7691517955810953,0.7678224065325666,0.7804878048780488,3.6914000511169434,20260226_192149_run15
c22,Herring,0.59375,0.4424019607843137,0.3525390625,0.59375,0.42703819274902344,20260226_192150_run15
c22,HouseTwenty,0.9495798319327731,0.9492395549769204,0.9511513956386605,0.9495798319327731,0.4271965026855469,20260226_192151_run15
c22,InlineSkate,0.5127272727272727,0.5116094936351988,0.541281882814998,0.5127272727272727,0.47644758224487305,20260226_192153_run15
c22,InsectEPGRegularTrain,1.0,1.0,1.0,1.0,0.4325292110443115,20260226_192154_run15
c22,InsectEPGSmallTrain,1.0,1.0,1.0,1.0,0.42693185806274414,20260226_192154_run15
c22,InsectWingbeatSound,0.6065656565656565,0.6013134122538144,0.608561257599471,0.6065656565656565,9.689913511276245,20260226_192205_run15
c22,ItalyPowerDemand,0.8999028182701652,0.8998905276026414,0.9001656347981131,0.8999028182701652,0.6454586982727051,20260226_192206_run15
c22,LSST,0.7287104622871047,0.6946043050099793,0.7084653978508573,0.7287104622871047,149.07334923744202,20260226_192441_run15
c22,LargeKitchenAppliances,0.952,0.952003803930139,0.9522743670470942,0.952,0.5792925357818604,20260226_192442_run15
c22,Libras,0.95,0.9496980282197671,0.9546642246642247,0.95,4.869250059127808,20260226_192447_run15
c22,Lightning2,0.7377049180327869,0.7221139516221483,0.7743169398907104,0.7377049180327869,0.43982934951782227,20260226_192448_run15
c22,Lightning7,0.6027397260273972,0.5771002288602696,0.6318330071754729,0.6027397260273972,0.43610048294067383,20260226_192448_run15
c22,Mallat,0.9321961620469084,0.9312272653164998,0.940440597041571,0.9321961620469084,1.0850064754486084,20260226_192453_run15
c22,Meat,0.9166666666666666,0.9166145507608923,0.9172932330827066,0.9166666666666666,0.437349796295166,20260226_192454_run15
c22,MedicalImages,0.781578947368421,0.7798819601650633,0.7840698523922501,0.781578947368421,0.7217159271240234,20260226_192455_run15
c22,MiddlePhalanxOutlineAgeGroup,0.7337662337662337,0.7101300245484983,0.7429278243880013,0.7337662337662337,0.4904186725616455,20260226_192455_run15
c22,ACSF1,0.75,0.7468204602415127,0.7671717171717173,0.75,0.4378690719604492,20260226_192456_run16
c22,Adiac,0.7698209718670077,0.7588865118072078,0.7995411948097371,0.7698209718670077,5.818763971328735,20260226_192502_run16
c22,ArrowHead,0.8114285714285714,0.8111577311577312,0.8143178842309278,0.8114285714285714,0.4385843276977539,20260226_192503_run16
c22,ArticularyWordRecognition,0.97,0.9699592928810319,0.9734065934065935,0.97,19.77148675918579,20260226_192525_run16
c22,AtrialFibrillation,0.2,0.17777777777777776,0.16190476190476188,0.2,0.4414381980895996,20260226_192525_run16
c22,BME,0.9,0.8999899989999,0.900093370681606,0.9,0.4298727512359619,20260226_192526_run16
c22,BasicMotions,1.0,1.0,1.0,1.0,0.5098092555999756,20260226_192526_run16
c22,Beef,0.3333333333333333,0.3325563325563325,0.3466666666666666,0.3333333333333333,0.4252748489379883,20260226_192527_run16
c22,BeetleFly,0.8,0.7979797979797979,0.8125,0.8,0.4261131286621094,20260226_192527_run16
c22,BirdChicken,0.9,0.898989898989899,0.9166666666666667,0.9,0.42760586738586426,20260226_192528_run16
c22,CBF,0.9922222222222222,0.9922069541031612,0.9922689193248531,0.9922222222222222,0.5591175556182861,20260226_192529_run16
c22,Car,0.7333333333333333,0.730129637387702,0.7405042016806722,0.7333333333333333,0.42965269088745117,20260226_192529_run16
c22,Chinatown,0.8513119533527697,0.8494672813446962,0.848463130634027,0.8513119533527697,0.4356048107147217,20260226_192530_run16
c22,ChlorineConcentration,0.5950520833333334,0.5074985108668753,0.6208549387949226,0.5950520833333334,2.030012845993042,20260226_192534_run16
c22,CinCECGTorso,0.8681159420289855,0.8666028473424153,0.8675488261163293,0.8681159420289855,0.7779641151428223,20260226_192538_run16
c22,Coffee,1.0,1.0,1.0,1.0,0.42579221725463867,20260226_192539_run16
c22,Computers,0.856,0.8559907834101382,0.8560911593367903,0.856,0.45220327377319336,20260226_192540_run16
c22,Cricket,0.9861111111111112,0.9860139860139859,0.988095238095238,0.9861111111111112,6.690171957015991,20260226_192549_run16
c22,CricketX,0.6512820512820513,0.6288603579726985,0.6457367012035152,0.6512820512820513,5.887346267700195,20260226_192555_run16
c22,CricketY,0.658974358974359,0.6512361258104097,0.655513898719324,0.658974358974359,5.901387453079224,20260226_192602_run16
c22,CricketZ,0.717948717948718,0.7123819167611982,0.713872789953678,0.717948717948718,5.887701988220215,20260226_192608_run16
c22,Crop,0.7338095238095238,0.730703746150634,0.7305526841145122,0.7338095238095238,197.7066113948822,20260226_192931_run16
c22,DiatomSizeReduction,0.9901960784313726,0.9901787651632853,0.9903693800752624,0.9901960784313726,0.44629979133605957,20260226_192931_run16
c22,DistalPhalanxOutlineAgeGroup,0.7553956834532374,0.7487845589789567,0.7641507357149776,0.7553956834532374,0.4776730537414551,20260226_192932_run16
c22,DistalPhalanxOutlineCorrect,0.8586956521739131,0.8577394704105207,0.8586847946725861,0.8586956521739131,0.6437985897064209,20260226_192933_run16
c22,DistalPhalanxTW,0.697841726618705,0.6452673446424192,0.6488930642511694,0.697841726618705,0.47680234909057617,20260226_192934_run16
c22,DuckDuckGeese,0.72,0.7214035087719298,0.7256565656565657,0.72,24.534337997436523,20260226_193129_run16
c22,ECG200,0.84,0.8347058823529412,0.8419047619047619,0.84,0.4300572872161865,20260226_193130_run16
c22,ECG5000,0.9417777777777778,0.9328316738043267,0.9355587207358591,0.9417777777777778,2.2737669944763184,20260226_193134_run16
c22,ECGFiveDays,0.8524970963995354,0.8502081416145376,0.876798844471552,0.8524970963995354,0.5445637702941895,20260226_193135_run16
c22,EOGHorizontalSignal,0.7734806629834254,0.7668017925280832,0.7674442637307627,0.7734806629834254,5.518157005310059,20260226_193142_run16
c22,EOGVerticalSignal,0.7016574585635359,0.695311232691581,0.705015841015715,0.7016574585635359,5.511137008666992,20260226_193149_run16
c22,ERing,0.8740740740740741,0.8696074185693902,0.8921902472715482,0.8740740740740741,0.5884814262390137,20260226_193150_run16
c22,Earthquakes,0.7482014388489209,0.6404357995085412,0.5598053930955955,0.7482014388489209,0.454547643661499,20260226_193151_run16
c22,EigenWorms,0.9236641221374046,0.9243779894643694,0.92752000987634,0.9236641221374046,0.8283588886260986,20260226_193310_run16
c22,ElectricDevices,0.9037738295940864,0.9039809857980242,0.9062526523107198,0.9037738295940864,15.401302337646484,20260226_193330_run16
c22,Epilepsy,0.9855072463768116,0.9855072463768116,0.9855072463768116,0.9855072463768116,0.535938024520874,20260226_193331_run16
c22,EthanolConcentration,0.4068441064638783,0.3777769501735258,0.3777643076074045,0.4068441064638783,0.7880220413208008,20260226_193335_run16
c22,EthanolLevel,0.532,0.5237045486397187,0.5209726359786614,0.532,0.6271209716796875,20260226_193338_run16
c22,FaceAll,0.8710059171597633,0.8742516507875399,0.8830318307991774,0.8710059171597633,11.40078067779541,20260226_193351_run16
c22,FaceDetection,0.6274120317820658,0.627401200575123,0.6274268486474976,0.6274120317820658,126.97097969055176,20260226_194105_run16
c22,FaceFour,0.7159090909090909,0.7096663091899026,0.7776988636363636,0.7159090909090909,0.44124341011047363,20260226_194105_run16
c22,FacesUCR,0.7697560975609756,0.7652320102693833,0.7839945410908782,0.7697560975609756,9.698539972305298,20260226_194116_run16
c22,FiftyWords,0.654945054945055,0.6218764312751558,0.667201335210385,0.654945054945055,6.619038820266724,20260226_194123_run16
c22,FingerMovements,0.51,0.508280701754386,0.5115909090909091,0.51,3.7539403438568115,20260226_194129_run16
c22,Fish,0.8514285714285714,0.8516956590853073,0.8548486879009477,0.8514285714285714,0.4524857997894287,20260226_194130_run16
c22,FordA,0.9242424242424242,0.9241883912438098,0.9245601766060654,0.9242424242424242,3.3145334720611572,20260226_194138_run16
c22,FordB,0.8876543209876543,0.8876185267824838,0.8885608013385791,0.8876543209876543,3.047767162322998,20260226_194145_run16
c22,FreezerRegularTrain,0.9989473684210526,0.9989473682914581,0.9989476141324046,0.9989473684210526,1.4028856754302979,20260226_194148_run16
c22,FreezerSmallTrain,0.9985964912280701,0.9985964905368989,0.9985974733837579,0.9985964912280701,1.2670600414276123,20260226_194151_run16
c22,Fungi,0.8010752688172043,0.7834351105510211,0.8143173433496015,0.8010752688172043,3.456814765930176,20260226_194154_run16
c22,GunPoint,0.9866666666666667,0.9866666666666667,0.9870175438596491,0.9866666666666667,0.4271705150604248,20260226_194155_run16
c22,GunPointAgeSpan,0.9873417721518988,0.9873422792314905,0.9874218875180258,0.9873417721518988,0.4396522045135498,20260226_194155_run16
c22,GunPointMaleVersusFemale,0.9968354430379747,0.9968359194795887,0.9968564003688489,0.9968354430379747,0.44531989097595215,20260226_194156_run16
c22,GunPointOldVersusYoung,1.0,1.0,1.0,1.0,0.4418191909790039,20260226_194157_run16
c22,Ham,0.7904761904761904,0.7904761904761904,0.7904761904761904,0.7904761904761904,0.43100905418395996,20260226_194157_run16
c22,HandMovementDirection,0.25675675675675674,0.27465102465102464,0.33781407781407785,0.25675675675675674,1.2577590942382812,20260226_194200_run16
c22,HandOutlines,0.8891891891891892,0.8878212655196853,0.8888846846846847,0.8891891891891892,0.8664655685424805,20260226_194207_run16
c22,Handwriting,0.25176470588235295,0.18877176884936472,0.30060137214866217,0.25176470588235295,10.085624933242798,20260226_194219_run16
c22,Haptics,0.4675324675324675,0.4244823971486869,0.4577433266104217,0.4675324675324675,0.4422335624694824,20260226_194220_run16
c22,Heartbeat,0.7804878048780488,0.7726989087986449,0.7701067781801689,0.7804878048780488,3.563417673110962,20260226_194245_run16
c22,Herring,0.59375,0.4424019607843137,0.3525390625,0.59375,0.43982720375061035,20260226_194245_run16
c22,HouseTwenty,0.9243697478991597,0.9246308232030678,0.9260778067659311,0.9243697478991597,0.428067684173584,20260226_194246_run16
c22,InlineSkate,0.5,0.4890090984325584,0.501823237930518,0.5,0.4738476276397705,20260226_194248_run16
c22,InsectEPGRegularTrain,1.0,1.0,1.0,1.0,0.4485044479370117,20260226_194249_run16
c22,InsectEPGSmallTrain,1.0,1.0,1.0,1.0,0.42826151847839355,20260226_194250_run16
c22,InsectWingbeatSound,0.5954545454545455,0.57853538466914,0.5835047796282518,0.5954545454545455,9.82729196548462,20260226_194301_run16
c22,ItalyPowerDemand,0.9154518950437318,0.9153623768401569,0.9173995077838368,0.9154518950437318,0.6432077884674072,20260226_194302_run16
c22,LSST,0.7141119221411192,0.6760852055826474,0.7193442820502475,0.7141119221411192,148.94415736198425,20260226_194536_run16
c22,LargeKitchenAppliances,0.944,0.9441243262469561,0.9466779161603105,0.944,0.5571577548980713,20260226_194538_run16
c22,Libras,0.9277777777777778,0.9271235334713596,0.9341880341880342,0.9277777777777778,4.799095630645752,20260226_194543_run16
c22,Lightning2,0.7049180327868853,0.7037929926068788,0.7041974419023599,0.7049180327868853,0.43106889724731445,20260226_194543_run16
c22,Lightning7,0.7123287671232876,0.708042159291152,0.7300490654868261,0.7123287671232876,0.43010473251342773,20260226_194544_run16
c22,Mallat,0.9317697228144989,0.931725428997731,0.9335734926455899,0.9317697228144989,1.083505392074585,20260226_194548_run16
c22,Meat,0.9166666666666666,0.9150788419081102,0.9190645955351838,0.9166666666666666,0.42907023429870605,20260226_194549_run16
c22,MedicalImages,0.7881578947368421,0.7805800862008313,0.7941176074357486,0.7881578947368421,0.7197668552398682,20260226_194550_run16
c22,MiddlePhalanxOutlineAgeGroup,0.7337662337662337,0.7188349386462594,0.7274793048614666,0.7337662337662337,0.48642921447753906,20260226_194551_run16
c22,ACSF1,0.72,0.7053970675480973,0.7556485671191554,0.72,0.4299631118774414,20260226_194552_run17
c22,Adiac,0.7468030690537084,0.7302471423838405,0.7867155636600498,0.7468030690537084,5.669447660446167,20260226_194558_run17
c22,ArrowHead,0.8114285714285714,0.8053300911854103,0.8107471931862176,0.8114285714285714,0.4304969310760498,20260226_194558_run17
c22,ArticularyWordRecognition,0.9933333333333333,0.9933217391304349,0.9938461538461539,0.9933333333333333,19.834248781204224,20260226_194620_run17
c22,AtrialFibrillation,0.4,0.3055555555555555,0.27777777777777773,0.4,0.4369995594024658,20260226_194620_run17
c22,BME,0.96,0.9599358974358975,0.9618894256575417,0.96,0.42684268951416016,20260226_194621_run17
c22,BasicMotions,1.0,1.0,1.0,1.0,0.5082371234893799,20260226_194622_run17
c22,Beef,0.4,0.3987179487179488,0.44,0.4,0.424572229385376,20260226_194622_run17
c22,BeetleFly,0.9,0.9,0.9,0.9,0.42322349548339844,20260226_194623_run17
c22,BirdChicken,0.9,0.898989898989899,0.9166666666666667,0.9,0.4255056381225586,20260226_194623_run17
c22,CBF,0.9811111111111112,0.9810974028431335,0.9819471109639929,0.9811111111111112,0.5591349601745605,20260226_194624_run17
c22,Car,0.85,0.8487992610837438,0.8604440235690236,0.85,0.4275038242340088,20260226_194624_run17
c22,Chinatown,0.9212827988338192,0.9221345510966859,0.9238745236834842,0.9212827988338192,0.43324851989746094,20260226_194625_run17
c22,ChlorineConcentration,0.58671875,0.48939773088668503,0.4520329969761016,0.58671875,2.0293257236480713,20260226_194629_run17
c22,CinCECGTorso,0.827536231884058,0.8257149303774726,0.8343357402313339,0.827536231884058,0.7785673141479492,20260226_194634_run17
c22,Coffee,0.9285714285714286,0.9285714285714286,0.9285714285714286,0.9285714285714286,0.4256417751312256,20260226_194634_run17
c22,Computers,0.84,0.839959029511555,0.8403485168812865,0.84,0.45068883895874023,20260226_194635_run17
c22,Cricket,0.9861111111111112,0.9860139860139859,0.988095238095238,0.9861111111111112,6.551589012145996,20260226_194644_run17
c22,CricketX,0.6384615384615384,0.627223517323632,0.6331319555119578,0.6384615384615384,5.880659341812134,20260226_194650_run17
c22,CricketY,0.6538461538461539,0.6378113393203717,0.6493668402064449,0.6538461538461539,5.88989782333374,20260226_194657_run17
c22,CricketZ,0.6743589743589744,0.6730112226121154,0.6805808211116169,0.6743589743589744,6.036545991897583,20260226_194703_run17
c22,Crop,0.7275,0.7236093714912166,0.7255046028355608,0.7275,197.87899684906006,20260226_195026_run17
c22,DiatomSizeReduction,0.9084967320261438,0.8838755840791629,0.9294974820529304,0.9084967320261438,0.43737339973449707,20260226_195027_run17
c22,DistalPhalanxOutlineAgeGroup,0.8345323741007195,0.8346804068571874,0.8356319552652808,0.8345323741007195,0.47624969482421875,20260226_195027_run17
c22,DistalPhalanxOutlineCorrect,0.8442028985507246,0.8425590939312653,0.844855758395312,0.8442028985507246,0.6447117328643799,20260226_195028_run17
c22,DistalPhalanxTW,0.7050359712230215,0.6498922786904167,0.662454384318632,0.7050359712230215,0.49515485763549805,20260226_195029_run17
c22,DuckDuckGeese,0.54,0.5243684210526316,0.5222222222222223,0.54,24.587976694107056,20260226_195225_run17
c22,ECG200,0.81,0.8064818763326226,0.8074053295932678,0.81,0.4461634159088135,20260226_195226_run17
c22,ECG5000,0.9342222222222222,0.9205659542004074,0.9155099513211198,0.9342222222222222,2.281439781188965,20260226_195230_run17
c22,ECGFiveDays,0.8815331010452961,0.8812310235867642,0.8860084427694299,0.8815331010452961,0.543344259262085,20260226_195231_run17
c22,EOGHorizontalSignal,0.7707182320441989,0.7660658844346718,0.7700506076268311,0.7707182320441989,5.488103151321411,20260226_195238_run17
c22,EOGVerticalSignal,0.712707182320442,0.7127814779238102,0.7169441570810341,0.712707182320442,5.49453330039978,20260226_195245_run17
c22,ERing,0.9148148148148149,0.9154052196121896,0.9224858916887902,0.9148148148148149,0.5861337184906006,20260226_195246_run17
c22,Earthquakes,0.7482014388489209,0.6404357995085412,0.5598053930955955,0.7482014388489209,0.45075058937072754,20260226_195247_run17
c22,EigenWorms,0.916030534351145,0.9171576899528824,0.9213581788856475,0.916030534351145,0.8231587409973145,20260226_195403_run17
c22,ElectricDevices,0.9067565815069382,0.9066175893924378,0.9083779672841671,0.9067565815069382,15.431142807006836,20260226_195423_run17
c22,Epilepsy,1.0,1.0,1.0,1.0,0.5348241329193115,20260226_195424_run17
c22,EthanolConcentration,0.41825095057034223,0.39836143598958246,0.4032029740314046,0.41825095057034223,0.7894823551177979,20260226_195428_run17
c22,EthanolLevel,0.502,0.4751145058325577,0.47875560157743974,0.502,0.6269638538360596,20260226_195431_run17
c22,FaceAll,0.8686390532544379,0.8708355078720974,0.8780214233058156,0.8686390532544379,11.392732620239258,20260226_195444_run17
c22,FaceDetection,0.6455732122587968,0.645357060873465,0.6459289813775901,0.6455732122587968,127.08250880241394,20260226_200155_run17
c22,FaceFour,0.6477272727272727,0.6443722943722944,0.6949179292929293,0.6477272727272727,0.42534351348876953,20260226_200155_run17
c22,FacesUCR,0.7839024390243903,0.7813848412275501,0.7982188876675936,0.7839024390243903,9.6953763961792,20260226_200206_run17
c22,FiftyWords,0.643956043956044,0.6129117899646853,0.6380809588989237,0.643956043956044,6.763325214385986,20260226_200213_run17
c22,FingerMovements,0.45,0.4498349834983498,0.4504807692307692,0.45,3.7845966815948486,20260226_200220_run17
c22,Fish,0.88,0.8839618972634259,0.8933446712018142,0.88,0.4409921169281006,20260226_200220_run17
c22,FordA,0.9234848484848485,0.9233560274564295,0.9246885855286127,0.9234848484848485,3.3173186779022217,20260226_200228_run17
c22,FordB,0.9024691358024691,0.9024677979284931,0.9026893255043662,0.9024691358024691,3.0511863231658936,20260226_200235_run17
c22,FreezerRegularTrain,0.9982456140350877,0.998245608635299,0.9982517482517483,0.9982456140350877,1.4230525493621826,20260226_200238_run17
c22,FreezerSmallTrain,0.9985964912280701,0.9985964905368989,0.9985974733837579,0.9985964912280701,1.2689666748046875,20260226_200241_run17
c22,Fungi,0.8440860215053764,0.841807661138654,0.9039224471150467,0.8440860215053764,3.4499902725219727,20260226_200245_run17
c22,GunPoint,0.98,0.9799973332148096,0.9807792207792208,0.98,0.43080997467041016,20260226_200245_run17
c22,GunPointAgeSpan,0.9746835443037974,0.9746835443037974,0.9746835443037974,0.9746835443037974,0.4516890048980713,20260226_200246_run17
c22,GunPointMaleVersusFemale,1.0,1.0,1.0,1.0,0.43999624252319336,20260226_200246_run17
c22,GunPointOldVersusYoung,1.0,1.0,1.0,1.0,0.44222521781921387,20260226_200247_run17
c22,Ham,0.7333333333333333,0.7333817126269957,0.7339622641509433,0.7333333333333333,0.4319601058959961,20260226_200248_run17
c22,HandMovementDirection,0.44594594594594594,0.4496406754471271,0.46007016632016634,0.44594594594594594,1.1162972450256348,20260226_200251_run17
c22,HandOutlines,0.8864864864864865,0.8858861746361746,0.8857897267346085,0.8864864864864865,0.8647422790527344,20260226_200257_run17
c22,Handwriting,0.27058823529411763,0.2160409514089124,0.33459282239203536,0.27058823529411763,10.094023942947388,20260226_200309_run17
c22,Haptics,0.487012987012987,0.454864032866575,0.5156344998400879,0.487012987012987,0.4388759136199951,20260226_200310_run17
c22,Heartbeat,0.7658536585365854,0.7506136398943608,0.7495377381948055,0.7658536585365854,3.7667033672332764,20260226_200335_run17
c22,Herring,0.59375,0.46839285714285717,0.5574596774193549,0.59375,0.4425020217895508,20260226_200336_run17
c22,HouseTwenty,0.9747899159663865,0.9746682616894092,0.9758403361344538,0.9747899159663865,0.4410419464111328,20260226_200337_run17
c22,InlineSkate,0.5036363636363637,0.504529153567453,0.5138393859871279,0.5036363636363637,0.4787118434906006,20260226_200339_run17
c22,InsectEPGRegularTrain,1.0,1.0,1.0,1.0,0.4458916187286377,20260226_200340_run17
c22,InsectEPGSmallTrain,1.0,1.0,1.0,1.0,0.4424705505371094,20260226_200340_run17
c22,InsectWingbeatSound,0.5853535353535354,0.5746179484876097,0.5738531886355964,0.5853535353535354,9.729680061340332,20260226_200351_run17
c22,ItalyPowerDemand,0.9222546161321672,0.9222239140211621,0.9230376076637257,0.9222546161321672,0.6533513069152832,20260226_200352_run17
c22,LSST,0.7201946472019465,0.6842643646072721,0.6989064156204639,0.7201946472019465,148.91418552398682,20260226_200627_run17
c22,LargeKitchenAppliances,0.936,0.9360700901422448,0.9369056417836905,0.936,0.5702376365661621,20260226_200628_run17
c22,Libras,0.9111111111111111,0.909354938814893,0.9195393495393493,0.9111111111111111,4.795734643936157,20260226_200633_run17
c22,Lightning2,0.8360655737704918,0.8312656919214296,0.8582966813274691,0.8360655737704918,0.5652511119842529,20260226_200634_run17
c22,Lightning7,0.6438356164383562,0.6357040083033192,0.6618370214260626,0.6438356164383562,0.42650413513183594,20260226_200634_run17
c22,Mallat,0.9010660980810234,0.8986061231613381,0.9079709013808333,0.9010660980810234,1.0825181007385254,20260226_200639_run17
c22,Meat,0.8833333333333333,0.8832603710652491,0.883876357560568,0.8833333333333333,0.42511510848999023,20260226_200640_run17
c22,MedicalImages,0.8052631578947368,0.7914341598313085,0.8166812380789191,0.8052631578947368,0.7202093601226807,20260226_200641_run17
c22,MiddlePhalanxOutlineAgeGroup,0.7142857142857143,0.6743914920310984,0.7491749796097622,0.7142857142857143,0.48711156845092773,20260226_200641_run17
c22,ACSF1,0.83,0.8274076495586792,0.8323776223776224,0.83,0.4301142692565918,20260226_200642_run18
c22,Adiac,0.7672634271099744,0.7628559708048982,0.7982762047640941,0.7672634271099744,5.6634180545806885,20260226_200648_run18
c22,ArrowHead,0.7028571428571428,0.7043961975259685,0.7151520498090592,0.7028571428571428,0.4280107021331787,20260226_200649_run18
c22,ArticularyWordRecognition,0.99,0.9899826086956522,0.990769230769231,0.99,19.88344717025757,20260226_200710_run18
c22,AtrialFibrillation,0.3333333333333333,0.32756132756132755,0.37301587301587297,0.3333333333333333,0.47384214401245117,20260226_200711_run18
c22,BME,0.96,0.96,0.96,0.96,0.441861629486084,20260226_200711_run18
c22,BasicMotions,1.0,1.0,1.0,1.0,0.5078094005584717,20260226_200712_run18
c22,Beef,0.43333333333333335,0.43053391053391044,0.46277777777777784,0.43333333333333335,0.4247562885284424,20260226_200713_run18
c22,BeetleFly,0.8,0.7916666666666667,0.8571428571428571,0.8,0.425403356552124,20260226_200713_run18
c22,BirdChicken,0.85,0.846547314578005,0.8846153846153847,0.85,0.4256315231323242,20260226_200714_run18
c22,CBF,0.9922222222222222,0.992222225349803,0.9922702104097453,0.9922222222222222,0.5580940246582031,20260226_200714_run18
c22,Car,0.7666666666666667,0.7572916666666667,0.7751686909581645,0.7666666666666667,0.4295687675476074,20260226_200715_run18
c22,Chinatown,0.9300291545189504,0.9319293122555014,0.9407725266289331,0.9300291545189504,0.4349067211151123,20260226_200716_run18
c22,ChlorineConcentration,0.5786458333333333,0.4653433159867599,0.6082158556754874,0.5786458333333333,2.0287411212921143,20260226_200719_run18
c22,CinCECGTorso,0.8731884057971014,0.8733202624696641,0.8752673731122006,0.8731884057971014,0.7800114154815674,20260226_200724_run18
c22,Coffee,0.9285714285714286,0.9285714285714286,0.9285714285714286,0.9285714285714286,0.42531442642211914,20260226_200725_run18
c22,Computers,0.8,0.7987117552334944,0.8078817733990147,0.8,0.4508814811706543,20260226_200726_run18
c22,Cricket,1.0,1.0,1.0,1.0,6.684419870376587,20260226_200735_run18
c22,CricketX,0.6615384615384615,0.654062513288562,0.6760925991571153,0.6615384615384615,5.8955793380737305,20260226_200741_run18
c22,CricketY,0.6717948717948717,0.6599815002000496,0.6660555594067441,0.6717948717948717,5.879901885986328,20260226_200747_run18
c22,CricketZ,0.6641025641025641,0.6603350678445175,0.6613157921856906,0.6641025641025641,5.889206171035767,20260226_200754_run18
c22,Crop,0.7244047619047619,0.7214618140636282,0.7226306700209117,0.7244047619047619,197.52390217781067,20260226_201116_run18
c22,DiatomSizeReduction,0.9901960784313726,0.9900084332273874,0.9903773533856673,0.9901960784313726,0.4497792720794678,20260226_201117_run18
c22,DistalPhalanxOutlineAgeGroup,0.7985611510791367,0.8000716927093328,0.8023603856206416,0.7985611510791367,0.4825901985168457,20260226_201118_run18
c22,DistalPhalanxOutlineCorrect,0.8442028985507246,0.8438924658307918,0.843786295005807,0.8442028985507246,0.6497559547424316,20260226_201119_run18
c22,DistalPhalanxTW,0.697841726618705,0.644258041702316,0.6332784556054216,0.697841726618705,0.49150919914245605,20260226_201119_run18
c22,DuckDuckGeese,0.72,0.7090476190476189,0.734025974025974,0.72,26.285085916519165,20260226_201317_run18
c22,ECG200,0.85,0.848456687686691,0.8485753052917232,0.85,0.4489707946777344,20260226_201317_run18
c22,ECG5000,0.9346666666666666,0.92834391872263,0.9234341862712429,0.9346666666666666,2.284412384033203,20260226_201322_run18
c22,ECGFiveDays,0.9558652729384437,0.9558649157264941,0.9559574019854423,0.9558652729384437,0.550339937210083,20260226_201323_run18
c22,EOGHorizontalSignal,0.7679558011049724,0.7649914048680864,0.7739210126018626,0.7679558011049724,5.529356241226196,20260226_201330_run18
c22,EOGVerticalSignal,0.7403314917127072,0.7328909350939694,0.734787100526373,0.7403314917127072,5.528474569320679,20260226_201337_run18
c22,ERing,0.9222222222222223,0.9218827571893972,0.9280243990075172,0.9222222222222223,0.5921833515167236,20260226_201338_run18
c22,Earthquakes,0.7410071942446043,0.6368987454664369,0.5584402043582525,0.7410071942446043,0.46106815338134766,20260226_201339_run18
c22,EigenWorms,0.9465648854961832,0.9456676928387749,0.9476135447692036,0.9465648854961832,0.8056309223175049,20260226_201456_run18
c22,ElectricDevices,0.9040331993256387,0.9042681190170354,0.9056428948279749,0.9040331993256387,15.417917490005493,20260226_201516_run18
c22,Epilepsy,0.9782608695652174,0.9783443871284696,0.9786422578184591,0.9782608695652174,0.6754093170166016,20260226_201517_run18
c22,EthanolConcentration,0.42585551330798477,0.40100776647410513,0.3958909799661309,0.42585551330798477,0.7878108024597168,20260226_201522_run18
c22,EthanolLevel,0.526,0.5146598977863647,0.5207683528964102,0.526,0.627117395401001,20260226_201525_run18
c22,FaceAll,0.8751479289940829,0.8809676030367993,0.8929447641216465,0.8751479289940829,11.393057823181152,20260226_201537_run18
c22,FaceDetection,0.6345062429057888,0.6344384208077916,0.6346061360134608,0.6345062429057888,127.44104194641113,20260226_202250_run18
c22,FaceFour,0.75,0.7514265761014454,0.7642725428729485,0.75,0.42819952964782715,20260226_202250_run18
c22,FacesUCR,0.7580487804878049,0.7566187079453637,0.7672798578216511,0.7580487804878049,9.692519664764404,20260226_202301_run18
c22,FiftyWords,0.6417582417582418,0.613821624842793,0.6130516524860028,0.6417582417582418,6.620586395263672,20260226_202308_run18
c22,FingerMovements,0.54,0.532159090909091,0.5461261261261261,0.54,3.731677532196045,20260226_202314_run18
c22,Fish,0.8685714285714285,0.8680909760006472,0.8696330100081653,0.8685714285714285,0.45348429679870605,20260226_202315_run18
c22,FordA,0.9136363636363637,0.9136319969847121,0.9136318293712145,0.9136363636363637,3.315944194793701,20260226_202322_run18
c22,FordB,0.8716049382716049,0.8715297623094802,0.872988408831546,0.8716049382716049,3.05096173286438,20260226_202329_run18
c22,FreezerRegularTrain,0.9978947368421053,0.997894732695072,0.9978986599586627,0.9978947368421053,1.4190022945404053,20260226_202333_run18
c22,FreezerSmallTrain,0.9985964912280701,0.9985964905368989,0.9985974733837579,0.9985964912280701,1.27573561668396,20260226_202336_run18
c22,Fungi,0.8279569892473119,0.816542461616094,0.8614891191882407,0.8279569892473119,3.5944461822509766,20260226_202339_run18
c22,GunPoint,0.98,0.9799973332148096,0.9807792207792208,0.98,0.5928573608398438,20260226_202340_run18
c22,GunPointAgeSpan,0.9936708860759493,0.9936708860759493,0.9936708860759493,0.9936708860759493,0.4578971862792969,20260226_202341_run18
c22,GunPointMaleVersusFemale,1.0,1.0,1.0,1.0,0.4579792022705078,20260226_202341_run18
c22,GunPointOldVersusYoung,1.0,1.0,1.0,1.0,0.46017956733703613,20260226_202342_run18
c22,Ham,0.7142857142857143,0.7142857142857143,0.7142857142857143,0.7142857142857143,0.4462168216705322,20260226_202343_run18
c22,HandMovementDirection,0.24324324324324326,0.24695324695324697,0.2601812601812602,0.24324324324324326,1.1301181316375732,20260226_202346_run18
c22,HandOutlines,0.9054054054054054,0.9040297110348195,0.905991645398425,0.9054054054054054,0.8696427345275879,20260226_202352_run18
c22,Handwriting,0.29058823529411765,0.22471830447210275,0.3500629978494306,0.29058823529411765,10.102731704711914,20260226_202404_run18
c22,Haptics,0.45454545454545453,0.4132491627402342,0.4629724711734377,0.45454545454545453,0.45554685592651367,20260226_202405_run18
c22,Heartbeat,0.7804878048780488,0.7709783528672545,0.7688504496563882,0.7804878048780488,3.5444297790527344,20260226_202430_run18
c22,Herring,0.609375,0.5359848484848485,0.5967261904761905,0.609375,0.4511857032775879,20260226_202430_run18
c22,HouseTwenty,0.9495798319327731,0.9497969107275517,0.952175058057411,0.9495798319327731,0.4370853900909424,20260226_202431_run18
c22,InlineSkate,0.5036363636363637,0.5009208826981297,0.511190845847128,0.5036363636363637,0.4831676483154297,20260226_202434_run18
c22,InsectEPGRegularTrain,1.0,1.0,1.0,1.0,0.43197083473205566,20260226_202434_run18
c22,InsectEPGSmallTrain,1.0,1.0,1.0,1.0,0.4294743537902832,20260226_202435_run18
c22,InsectWingbeatSound,0.6085858585858586,0.5955639671039953,0.5979860176068017,0.6085858585858586,9.826363563537598,20260226_202446_run18
c22,ItalyPowerDemand,0.9290573372206026,0.9289909504975702,0.9308424072652745,0.9290573372206026,0.6444027423858643,20260226_202447_run18
c22,LSST,0.7092457420924574,0.6769182978450049,0.6830524192080348,0.7092457420924574,148.2325201034546,20260226_202721_run18
c22,LargeKitchenAppliances,0.9333333333333333,0.9335971505891495,0.934977547751281,0.9333333333333333,0.5575504302978516,20260226_202722_run18
c22,Libras,0.9277777777777778,0.9266815975221773,0.9372568172568172,0.9277777777777778,4.811594486236572,20260226_202727_run18
c22,Lightning2,0.7540983606557377,0.741608118657299,0.7861620057859209,0.7540983606557377,0.43057870864868164,20260226_202728_run18
c22,Lightning7,0.5753424657534246,0.5644923167082716,0.6085512660855126,0.5753424657534246,0.42992138862609863,20260226_202728_run18
c22,Mallat,0.915138592750533,0.9147345122684992,0.9221047232327478,0.915138592750533,1.0811805725097656,20260226_202733_run18
c22,Meat,0.9,0.8991348759641442,0.8990392648287385,0.9,0.4257793426513672,20260226_202733_run18
c22,MedicalImages,0.7986842105263158,0.7789377474708759,0.7868786996132912,0.7986842105263158,0.7247581481933594,20260226_202735_run18
c22,MiddlePhalanxOutlineAgeGroup,0.6428571428571429,0.6134151165705436,0.6396763685981878,0.6428571428571429,0.4897737503051758,20260226_202735_run18
c22,ACSF1,0.76,0.755632977273844,0.7597366522366522,0.76,0.4327890872955322,20260226_202736_run19
c22,Adiac,0.7263427109974424,0.7136140737472164,0.7313099730618912,0.7263427109974424,5.536522150039673,20260226_202742_run19
c22,ArrowHead,0.7714285714285715,0.7682125888175598,0.7717539682539682,0.7714285714285715,0.4275972843170166,20260226_202742_run19
c22,ArticularyWordRecognition,0.99,0.9899826086956522,0.990769230769231,0.99,19.762146949768066,20260226_202804_run19
c22,AtrialFibrillation,0.13333333333333333,0.1465201465201465,0.20833333333333334,0.13333333333333333,0.4486527442932129,20260226_202805_run19
c22,BME,0.96,0.9598554797270173,0.9642857142857143,0.96,0.43918728828430176,20260226_202805_run19
c22,BasicMotions,1.0,1.0,1.0,1.0,0.5198671817779541,20260226_202806_run19
c22,Beef,0.36666666666666664,0.37230769230769234,0.38571428571428573,0.36666666666666664,0.43337273597717285,20260226_202806_run19
c22,BeetleFly,0.9,0.898989898989899,0.9166666666666667,0.9,0.43328118324279785,20260226_202807_run19
c22,BirdChicken,0.85,0.846547314578005,0.8846153846153847,0.85,0.43508267402648926,20260226_202807_run19
c22,CBF,0.9911111111111112,0.9911184940738026,0.9911701250919794,0.9911111111111112,0.5745339393615723,20260226_202808_run19
c22,Car,0.7166666666666667,0.7174635990357162,0.7502136752136753,0.7166666666666667,0.43666863441467285,20260226_202809_run19
c22,Chinatown,0.9212827988338192,0.9225693965724842,0.926007954202089,0.9212827988338192,0.44345688819885254,20260226_202809_run19
c22,ChlorineConcentration,0.5713541666666667,0.4526185530884604,0.7308151543980529,0.5713541666666667,2.024392604827881,20260226_202813_run19
c22,CinCECGTorso,0.9007246376811594,0.900557132957486,0.900651730101203,0.9007246376811594,0.7807397842407227,20260226_202818_run19
c22,Coffee,1.0,1.0,1.0,1.0,0.4464879035949707,20260226_202818_run19
c22,Computers,0.876,0.8759503801520608,0.8766025641025642,0.876,0.456312894821167,20260226_202819_run19
c22,Cricket,0.9861111111111112,0.9860139860139859,0.988095238095238,0.9861111111111112,6.586663007736206,20260226_202828_run19
c22,CricketX,0.7128205128205128,0.7014889291439134,0.7150129444310478,0.7128205128205128,5.914217948913574,20260226_202835_run19
c22,CricketY,0.6538461538461539,0.6413471782306679,0.649242953429,0.6538461538461539,6.042644739151001,20260226_202841_run19
c22,CricketZ,0.6461538461538462,0.6423958595049735,0.6432696631938254,0.6461538461538462,5.913843154907227,20260226_202848_run19
c22,Crop,0.7327976190476191,0.731037368094952,0.7322022724974219,0.7327976190476191,197.86573815345764,20260226_203211_run19
c22,DiatomSizeReduction,0.9738562091503268,0.9736700609359757,0.9748474446987032,0.9738562091503268,0.4601309299468994,20260226_203211_run19
c22,DistalPhalanxOutlineAgeGroup,0.7841726618705036,0.7794137556669867,0.7873119560705663,0.7841726618705036,0.5002894401550293,20260226_203212_run19
c22,DistalPhalanxOutlineCorrect,0.855072463768116,0.8542178542178541,0.8548544673634538,0.855072463768116,0.6489224433898926,20260226_203213_run19
c22,DistalPhalanxTW,0.7050359712230215,0.6480765844134475,0.6535299838946578,0.7050359712230215,0.4864501953125,20260226_203214_run19
c22,DuckDuckGeese,0.7,0.6957902778336215,0.7052669552669554,0.7,26.391822814941406,20260226_203411_run19
c22,ECG200,0.85,0.8442127215849844,0.8547945205479452,0.85,0.44706201553344727,20260226_203411_run19
c22,ECG5000,0.9311111111111111,0.9171139467367844,0.9182481180208447,0.9311111111111111,2.2819299697875977,20260226_203416_run19
c22,ECGFiveDays,0.9291521486643438,0.9289797510544284,0.9339308342004075,0.9291521486643438,0.5449492931365967,20260226_203417_run19
c22,EOGHorizontalSignal,0.7541436464088398,0.7502620314329125,0.751285525062087,0.7541436464088398,5.510411739349365,20260226_203424_run19
c22,EOGVerticalSignal,0.7071823204419889,0.6977134034757276,0.697597379528658,0.7071823204419889,5.5130534172058105,20260226_203431_run19
c22,ERing,0.8629629629629629,0.8629739341347492,0.8689526606598562,0.8629629629629629,0.5906364917755127,20260226_203432_run19
c22,Earthquakes,0.7482014388489209,0.6404357995085412,0.5598053930955955,0.7482014388489209,0.45674896240234375,20260226_203432_run19
c22,EigenWorms,0.9312977099236641,0.9323540649110431,0.9387219880003986,0.9312977099236641,0.8297855854034424,20260226_203551_run19
c22,ElectricDevices,0.9004020230839062,0.9007402086114693,0.9033984952282119,0.9004020230839062,15.414509057998657,20260226_203611_run19
c22,Epilepsy,0.9927536231884058,0.9927405223941702,0.9929443173150269,0.9927536231884058,0.5389750003814697,20260226_203612_run19
c22,EthanolConcentration,0.4296577946768061,0.40798093165671373,0.4085820965290542,0.4296577946768061,0.7881765365600586,20260226_203617_run19
c22,EthanolLevel,0.55,0.5459363566016464,0.5482736919384344,0.55,0.6286470890045166,20260226_203620_run19
c22,FaceAll,0.8745562130177514,0.8765370920509649,0.883443175579861,0.8745562130177514,11.395115375518799,20260226_203632_run19
c22,FaceDetection,0.6370601589103292,0.6354389679626503,0.6395423193729691,0.6370601589103292,127.03159022331238,20260226_204344_run19
c22,FaceFour,0.7613636363636364,0.7546620046620046,0.7552208187350175,0.7613636363636364,0.4362788200378418,20260226_204344_run19
c22,FacesUCR,0.7634146341463415,0.759608005862102,0.7773380012875138,0.7634146341463415,9.716930150985718,20260226_204355_run19
c22,FiftyWords,0.6681318681318681,0.6487172599342653,0.6773636161886798,0.6681318681318681,6.657907724380493,20260226_204402_run19
c22,FingerMovements,0.54,0.54,0.5404321728691477,0.54,3.763859748840332,20260226_204408_run19
c22,Fish,0.8685714285714285,0.8676840862562117,0.8676827520305782,0.8685714285714285,0.4538147449493408,20260226_204409_run19
c22,FordA,0.9333333333333333,0.9333032823079186,0.9334837410071941,0.9333333333333333,3.333144426345825,20260226_204417_run19
c22,FordB,0.9061728395061729,0.9061545327721778,0.9068439678565319,0.9061728395061729,3.0532920360565186,20260226_204424_run19
c22,FreezerRegularTrain,0.9978947368421053,0.997894732695072,0.9978986599586627,0.9978947368421053,1.399787425994873,20260226_204427_run19
c22,FreezerSmallTrain,0.9978947368421053,0.997894732695072,0.9978986599586627,0.9978947368421053,1.2671935558319092,20260226_204430_run19
c22,Fungi,0.8924731182795699,0.8883775874721267,0.9035842293906812,0.8924731182795699,3.4519171714782715,20260226_204433_run19
c22,GunPoint,0.9933333333333333,0.993333629642799,0.9934222222222221,0.9933333333333333,0.4280557632446289,20260226_204434_run19
c22,GunPointAgeSpan,0.9651898734177216,0.9651881299649572,0.9652057247349026,0.9651898734177216,0.4403116703033447,20260226_204434_run19
c22,GunPointMaleVersusFemale,0.9968354430379747,0.9968359194795887,0.9968564003688489,0.9968354430379747,0.44169092178344727,20260226_204435_run19
c22,GunPointOldVersusYoung,1.0,1.0,1.0,1.0,0.44232916831970215,20260226_204436_run19
c22,Ham,0.7238095238095238,0.7235589199839267,0.7266034985422739,0.7238095238095238,0.4317612648010254,20260226_204436_run19
c22,HandMovementDirection,0.22972972972972974,0.2155299020218375,0.20313629137158548,0.22972972972972974,1.2560780048370361,20260226_204439_run19
c22,HandOutlines,0.9162162162162162,0.9151819324661036,0.9166729729729729,0.9162162162162162,0.8684144020080566,20260226_204446_run19
c22,Handwriting,0.2776470588235294,0.20904786887609542,0.2946765830460457,0.2776470588235294,10.084648609161377,20260226_204458_run19
c22,Haptics,0.487012987012987,0.4787946024137851,0.5051552605938572,0.487012987012987,0.44038963317871094,20260226_204459_run19
c22,Heartbeat,0.7804878048780488,0.7606607017876993,0.7664971850956901,0.7804878048780488,3.581514358520508,20260226_204524_run19
c22,Herring,0.578125,0.45983542319749215,0.4858265027322404,0.578125,0.459489107131958,20260226_204524_run19
c22,HouseTwenty,0.957983193277311,0.9576120473953291,0.9608221667045197,0.957983193277311,0.4428246021270752,20260226_204525_run19
c22,InlineSkate,0.5327272727272727,0.5306858818631074,0.5580969406178672,0.5327272727272727,0.48807311058044434,20260226_204527_run19
c22,InsectEPGRegularTrain,1.0,1.0,1.0,1.0,0.4465620517730713,20260226_204528_run19
c22,InsectEPGSmallTrain,1.0,1.0,1.0,1.0,0.4464552402496338,20260226_204529_run19
c22,InsectWingbeatSound,0.601010101010101,0.5907665784188117,0.5927064850385577,0.601010101010101,9.726708173751831,20260226_204540_run19
c22,ItalyPowerDemand,0.9212827988338192,0.9212627201347385,0.9216345542271869,0.9212827988338192,0.6478421688079834,20260226_204541_run19
c22,LSST,0.7238442822384428,0.6890408060427214,0.6966222002597797,0.7238442822384428,148.86520886421204,20260226_204815_run19
c22,LargeKitchenAppliances,0.952,0.952010154829144,0.9520406212664277,0.952,0.5765590667724609,20260226_204817_run19
c22,Libras,0.9222222222222223,0.9207376157747813,0.9334690799396682,0.9222222222222223,4.812732934951782,20260226_204822_run19
c22,Lightning2,0.7704918032786885,0.7637719686900015,0.7860055977608956,0.7704918032786885,0.4332265853881836,20260226_204822_run19
c22,Lightning7,0.726027397260274,0.7125210969530067,0.7924932423145645,0.726027397260274,0.4296607971191406,20260226_204823_run19
c22,Mallat,0.91727078891258,0.9172322468288692,0.9202121607575545,0.91727078891258,1.0820724964141846,20260226_204827_run19
c22,Meat,0.9,0.8997493734335839,0.9023569023569025,0.9,0.4299445152282715,20260226_204828_run19
c22,MedicalImages,0.8026315789473685,0.7955822612059024,0.7994318436621272,0.8026315789473685,0.7209441661834717,20260226_204829_run19
c22,MiddlePhalanxOutlineAgeGroup,0.7272727272727273,0.7137336543687317,0.7166539411685042,0.7272727272727273,0.47847819328308105,20260226_204830_run19
c22,ACSF1,0.74,0.7362080269389115,0.7763369525211631,0.74,0.43021464347839355,20260226_204830_run20
c22,Adiac,0.7595907928388747,0.7537602917729861,0.7894670688788338,0.7595907928388747,5.6719136238098145,20260226_204836_run20
c22,ArrowHead,0.8228571428571428,0.8206909709338281,0.8327489095588755,0.8228571428571428,0.4321165084838867,20260226_204837_run20
c22,ArticularyWordRecognition,0.9833333333333333,0.9832693219823655,0.9850549450549452,0.9833333333333333,20.04319143295288,20260226_204859_run20
c22,AtrialFibrillation,0.2,0.1717171717171717,0.15079365079365079,0.2,0.4474313259124756,20260226_204859_run20
c22,BME,0.9466666666666667,0.9466453247965854,0.9471153846153846,0.9466666666666667,0.43816065788269043,20260226_204900_run20
c22,BasicMotions,1.0,1.0,1.0,1.0,0.519132137298584,20260226_204901_run20
c22,Beef,0.43333333333333335,0.4366666666666667,0.48888888888888893,0.43333333333333335,0.4348320960998535,20260226_204901_run20
c22,BeetleFly,0.95,0.949874686716792,0.9545454545454545,0.95,0.4330174922943115,20260226_204902_run20
c22,BirdChicken,0.85,0.849624060150376,0.8535353535353536,0.85,0.43634796142578125,20260226_204902_run20
c22,CBF,0.9933333333333333,0.9933328917932414,0.9933909399595674,0.9933333333333333,0.5614478588104248,20260226_204903_run20
c22,Car,0.8333333333333334,0.8313537675606641,0.8318954248366013,0.8333333333333334,0.4350924491882324,20260226_204904_run20
c22,Chinatown,0.9300291545189504,0.9320773207242079,0.9424640019415679,0.9300291545189504,0.4447801113128662,20260226_204904_run20
c22,ChlorineConcentration,0.6122395833333333,0.5443411578154439,0.6584263191403532,0.6122395833333333,2.023170232772827,20260226_204908_run20
c22,CinCECGTorso,0.9108695652173913,0.9113098959340388,0.9184068131609852,0.9108695652173913,0.782221794128418,20260226_204913_run20
c22,Coffee,0.9285714285714286,0.9285714285714286,0.9285714285714286,0.9285714285714286,0.4263429641723633,20260226_204913_run20
c22,Computers,0.776,0.7759856630824372,0.7760706740925677,0.776,0.4513692855834961,20260226_204914_run20
c22,Cricket,1.0,1.0,1.0,1.0,6.559089422225952,20260226_204923_run20
c22,CricketX,0.6512820512820513,0.6364421166668256,0.6685177305682846,0.6512820512820513,5.900230646133423,20260226_204930_run20
c22,CricketY,0.6846153846153846,0.678175011999854,0.6821020768471748,0.6846153846153846,5.881199359893799,20260226_204936_run20
c22,CricketZ,0.6871794871794872,0.6773608061582094,0.6809346684881489,0.6871794871794872,6.025988340377808,20260226_204943_run20
c22,Crop,0.7344047619047619,0.732792966540846,0.7340993714532075,0.7344047619047619,197.44710087776184,20260226_205305_run20
c22,DiatomSizeReduction,0.9901960784313726,0.9901292276169726,0.9903020139475248,0.9901960784313726,0.4427790641784668,20260226_205306_run20
c22,DistalPhalanxOutlineAgeGroup,0.7913669064748201,0.7895201887005349,0.7917420074635478,0.7913669064748201,0.4847128391265869,20260226_205306_run20
c22,DistalPhalanxOutlineCorrect,0.822463768115942,0.8212624115414235,0.8218738438771735,0.822463768115942,0.6490616798400879,20260226_205307_run20
c22,DistalPhalanxTW,0.697841726618705,0.6320683763427032,0.6824626865671642,0.697841726618705,0.4811992645263672,20260226_205308_run20
c22,DuckDuckGeese,0.62,0.6171679197994987,0.6578643578643579,0.62,24.5157368183136,20260226_205504_run20
c22,ECG200,0.77,0.7552638538285852,0.772128740824393,0.77,0.434467077255249,20260226_205504_run20
c22,ECG5000,0.9415555555555556,0.9339449675790135,0.9312875295882558,0.9415555555555556,2.2747514247894287,20260226_205508_run20
c22,ECGFiveDays,0.9291521486643438,0.9290905365959932,0.9303593597061006,0.9291521486643438,0.5407464504241943,20260226_205509_run20
c22,EOGHorizontalSignal,0.7679558011049724,0.760413836619728,0.7621356541042753,0.7679558011049724,5.495718717575073,20260226_205516_run20
c22,EOGVerticalSignal,0.7292817679558011,0.7173466608452709,0.7177041430461053,0.7292817679558011,5.49564790725708,20260226_205523_run20
c22,ERing,0.8925925925925926,0.8936436735778841,0.9004397831484015,0.8925925925925926,0.5887775421142578,20260226_205524_run20
c22,Earthquakes,0.7482014388489209,0.6404357995085412,0.5598053930955955,0.7482014388489209,0.4533228874206543,20260226_205525_run20
c22,EigenWorms,0.9083969465648855,0.9098606039026595,0.9176844783715012,0.9083969465648855,0.8255021572113037,20260226_205639_run20
c22,ElectricDevices,0.9090909090909091,0.9092492201112042,0.9122498532066372,0.9090909090909091,15.4354727268219,20260226_205700_run20
c22,Epilepsy,1.0,1.0,1.0,1.0,0.5399439334869385,20260226_205700_run20
c22,EthanolConcentration,0.44106463878326996,0.4218487230539745,0.421253935156793,0.44106463878326996,0.792872428894043,20260226_205705_run20
c22,EthanolLevel,0.49,0.47608311550782584,0.4747286797948087,0.49,0.6319751739501953,20260226_205708_run20
c22,FaceAll,0.8810650887573964,0.8837124920542714,0.8909560683394028,0.8810650887573964,11.432463645935059,20260226_205721_run20
c22,FaceDetection,0.6279795686719637,0.6279339988427207,0.6280422980333039,0.6279795686719637,126.87416982650757,20260226_210432_run20
c22,FaceFour,0.6818181818181818,0.6848054582334502,0.7393465909090909,0.6818181818181818,0.4285719394683838,20260226_210433_run20
c22,FacesUCR,0.7970731707317074,0.7967854274766488,0.8048921620114877,0.7970731707317074,9.701813459396362,20260226_210443_run20
c22,FiftyWords,0.6879120879120879,0.6594875080177821,0.667794151874724,0.6879120879120879,6.620524883270264,20260226_210451_run20
c22,FingerMovements,0.6,0.6,0.6,0.6,3.676582098007202,20260226_210457_run20
c22,Fish,0.8342857142857143,0.8337454607374752,0.8418614393125672,0.8342857142857143,0.4624035358428955,20260226_210457_run20
c22,FordA,0.925,0.9249195891666797,0.9256168993020937,0.925,3.3248069286346436,20260226_210505_run20
c22,FordB,0.8938271604938272,0.8938193912283637,0.8938552310053256,0.8938271604938272,3.048128366470337,20260226_210512_run20
c22,FreezerRegularTrain,0.9982456140350877,0.998245608635299,0.9982517482517483,0.9982456140350877,1.3990287780761719,20260226_210515_run20
c22,FreezerSmallTrain,0.9964912280701754,0.9964911848714665,0.9965156794425086,0.9964912280701754,1.4074666500091553,20260226_210518_run20
c22,Fungi,0.8279569892473119,0.8301057928167684,0.8679485389162808,0.8279569892473119,3.4800217151641846,20260226_210522_run20
c22,GunPoint,0.98,0.9799973332148096,0.9807792207792208,0.98,0.4298288822174072,20260226_210522_run20
c22,GunPointAgeSpan,0.9778481012658228,0.9778469917958819,0.9778654743094531,0.9778481012658228,0.44312453269958496,20260226_210523_run20
c22,GunPointMaleVersusFemale,0.9968354430379747,0.9968349027237305,0.9968543924808612,0.9968354430379747,0.4415616989135742,20260226_210524_run20
c22,GunPointOldVersusYoung,1.0,1.0,1.0,1.0,0.4422276020050049,20260226_210524_run20
c22,Ham,0.780952380952381,0.7805935805935806,0.7815162907268169,0.780952380952381,0.43273496627807617,20260226_210525_run20
c22,HandMovementDirection,0.24324324324324326,0.25998663498663505,0.2825521325521326,0.24324324324324326,1.1231238842010498,20260226_210528_run20
c22,HandOutlines,0.9405405405405406,0.9401121279534866,0.940653502482074,0.9405405405405406,0.8726320266723633,20260226_210535_run20
c22,Handwriting,0.27058823529411763,0.20333982170300768,0.29325932096468954,0.27058823529411763,10.173331022262573,20260226_210547_run20
c22,Haptics,0.4318181818181818,0.3993907978721546,0.4711073648573649,0.4318181818181818,0.45788073539733887,20260226_210548_run20
c22,Heartbeat,0.7853658536585366,0.767127526894629,0.772469768395163,0.7853658536585366,3.5865800380706787,20260226_210613_run20
c22,Herring,0.59375,0.5091145833333333,0.5614224137931034,0.59375,0.4463350772857666,20260226_210613_run20
c22,HouseTwenty,0.9663865546218487,0.9662836563196706,0.9667465577780407,0.9663865546218487,0.5871050357818604,20260226_210614_run20
c22,InlineSkate,0.5054545454545455,0.500791232733284,0.5150607339757832,0.5054545454545455,0.47801709175109863,20260226_210616_run20
c22,InsectEPGRegularTrain,1.0,1.0,1.0,1.0,0.4470832347869873,20260226_210617_run20
c22,InsectEPGSmallTrain,1.0,1.0,1.0,1.0,0.446505069732666,20260226_210618_run20
c22,InsectWingbeatSound,0.5828282828282828,0.5816228477672076,0.5846158860535842,0.5828282828282828,9.722035884857178,20260226_210629_run20
c22,ItalyPowerDemand,0.9387755102040817,0.9387651007968922,0.9391539277659894,0.9387755102040817,0.6463892459869385,20260226_210630_run20
c22,LSST,0.7149229521492295,0.6768997476564147,0.6992852453272836,0.7149229521492295,148.81605696678162,20260226_210904_run20
c22,LargeKitchenAppliances,0.9333333333333333,0.9333732718894009,0.933493118238269,0.9333333333333333,0.5561456680297852,20260226_210906_run20
c22,Libras,0.9277777777777778,0.9272885514914502,0.9315747215747214,0.9277777777777778,4.808762550354004,20260226_210911_run20
c22,Lightning2,0.7213114754098361,0.7113498430415067,0.7359176630099838,0.7213114754098361,0.4286513328552246,20260226_210911_run20
c22,Lightning7,0.7123287671232876,0.7079890469219957,0.7737714340454066,0.7123287671232876,0.43015003204345703,20260226_210912_run20
c22,Mallat,0.9398720682302771,0.9392068263078971,0.9464080526646703,0.9398720682302771,1.083543300628662,20260226_210916_run20
c22,Meat,0.9166666666666666,0.9166145507608923,0.9172932330827066,0.9166666666666666,0.42742490768432617,20260226_210917_run20
c22,MedicalImages,0.7894736842105263,0.7737276251181029,0.7813675646253743,0.7894736842105263,0.7205913066864014,20260226_210918_run20
c22,MiddlePhalanxOutlineAgeGroup,0.7142857142857143,0.6834424682360419,0.7009213374344953,0.7142857142857143,0.49611330032348633,20260226_210919_run20
c22,ACSF1,0.75,0.7447219206661931,0.7510209235209234,0.75,0.43109989166259766,20260226_210920_run21
c22,Adiac,0.7263427109974424,0.7217842517989779,0.751568389235758,0.7263427109974424,5.53689432144165,20260226_210925_run21
c22,ArrowHead,0.7485714285714286,0.7463387098180676,0.7786538461538463,0.7485714285714286,0.43322086334228516,20260226_210926_run21
c22,ArticularyWordRecognition,0.98,0.9802171683389076,0.9821611721611722,0.98,19.86042332649231,20260226_210948_run21
c22,AtrialFibrillation,0.2,0.17663817663817666,0.16666666666666666,0.2,0.44472599029541016,20260226_210948_run21
c22,BME,0.8933333333333333,0.8922558922558922,0.9027777777777777,0.8933333333333333,0.4296989440917969,20260226_210949_run21
c22,BasicMotions,1.0,1.0,1.0,1.0,0.5117502212524414,20260226_210949_run21
c22,Beef,0.4666666666666667,0.4801198801198801,0.5035714285714286,0.4666666666666667,0.42464423179626465,20260226_210950_run21
c22,BeetleFly,0.85,0.849624060150376,0.8535353535353536,0.85,0.4247722625732422,20260226_210950_run21
c22,BirdChicken,0.9,0.898989898989899,0.9166666666666667,0.9,0.4254882335662842,20260226_210951_run21
c22,CBF,0.9888888888888889,0.988901419280985,0.9890275417146408,0.9888888888888889,0.5572941303253174,20260226_210952_run21
c22,Car,0.75,0.7410504201680671,0.774090909090909,0.75,0.427905797958374,20260226_210952_run21
c22,Chinatown,0.9154518950437318,0.9181792803389494,0.9313383516671975,0.9154518950437318,0.4360508918762207,20260226_210953_run21
c22,ChlorineConcentration,0.58515625,0.4719271134213428,0.742300486361528,0.58515625,2.029226779937744,20260226_210957_run21
c22,CinCECGTorso,0.8652173913043478,0.8640476856666571,0.8675154789023899,0.8652173913043478,0.7790477275848389,20260226_211001_run21
c22,Coffee,1.0,1.0,1.0,1.0,0.4281158447265625,20260226_211002_run21
c22,Computers,0.78,0.7797145100049664,0.7814590838908902,0.78,0.45351290702819824,20260226_211003_run21
c22,Cricket,0.9861111111111112,0.9860139860139859,0.988095238095238,0.9861111111111112,6.549291372299194,20260226_211012_run21
c22,CricketX,0.6538461538461539,0.6352551607690033,0.6398368794153103,0.6538461538461539,5.9082653522491455,20260226_211018_run21
c22,CricketY,0.6743589743589744,0.6632958349757364,0.6825383322720959,0.6743589743589744,6.026681423187256,20260226_211025_run21
c22,CricketZ,0.7025641025641025,0.6989565820399517,0.6992470220417351,0.7025641025641025,5.878619194030762,20260226_211031_run21
c22,Crop,0.7273214285714286,0.7248737856653382,0.725988096817764,0.7273214285714286,197.53305387496948,20260226_211354_run21
c22,DiatomSizeReduction,0.9836601307189542,0.9831045941601335,0.9841102200175798,0.9836601307189542,0.4404287338256836,20260226_211354_run21
c22,DistalPhalanxOutlineAgeGroup,0.7769784172661871,0.7744841388692663,0.7856714628297362,0.7769784172661871,0.4801630973815918,20260226_211355_run21
c22,DistalPhalanxOutlineCorrect,0.7934782608695652,0.7912992640484214,0.7927935542032906,0.7934782608695652,0.6456046104431152,20260226_211356_run21
c22,DistalPhalanxTW,0.7266187050359713,0.6892052709545277,0.6989422881757289,0.7266187050359713,0.48078417778015137,20260226_211357_run21
c22,DuckDuckGeese,0.56,0.5296066252587991,0.5622926093514328,0.56,24.502298593521118,20260226_211552_run21
c22,ECG200,0.8,0.7953867028493895,0.7971428571428573,0.8,0.43532395362854004,20260226_211553_run21
c22,ECG5000,0.9328888888888889,0.9089138141949222,0.8927827573442313,0.9328888888888889,2.273357629776001,20260226_211557_run21
c22,ECGFiveDays,0.9500580720092915,0.9499584614748985,0.9542009871710918,0.9500580720092915,0.5419836044311523,20260226_211558_run21
c22,EOGHorizontalSignal,0.7513812154696132,0.7393102055182498,0.7511905062170131,0.7513812154696132,5.491145610809326,20260226_211605_run21
c22,EOGVerticalSignal,0.6988950276243094,0.6990182622036981,0.7060833019518428,0.6988950276243094,5.49868106842041,20260226_211612_run21
c22,ERing,0.8962962962962963,0.8969566715414266,0.9031008846226238,0.8962962962962963,0.5863974094390869,20260226_211613_run21
c22,Earthquakes,0.7482014388489209,0.6404357995085412,0.5598053930955955,0.7482014388489209,0.4548618793487549,20260226_211614_run21
c22,EigenWorms,0.9312977099236641,0.9320065479201435,0.9355889724310776,0.9312977099236641,0.8068344593048096,20260226_211728_run21
c22,ElectricDevices,0.9011801322785631,0.9012822201109159,0.9044713679525211,0.9011801322785631,15.42017412185669,20260226_211748_run21
c22,Epilepsy,0.9927536231884058,0.9927478549282573,0.9929443173150269,0.9927536231884058,0.5365993976593018,20260226_211749_run21
c22,EthanolConcentration,0.4144486692015209,0.409515931692856,0.4068846835033104,0.4144486692015209,0.7907664775848389,20260226_211754_run21
c22,EthanolLevel,0.518,0.5123569862732144,0.5130146549021156,0.518,0.6258316040039062,20260226_211757_run21
c22,FaceAll,0.8591715976331361,0.8635213283921204,0.8732494598821458,0.8591715976331361,11.400624513626099,20260226_211809_run21
c22,FaceDetection,0.6381952326901249,0.6381847149529946,0.6382113035441679,0.6381952326901249,127.20503044128418,20260226_212520_run21
c22,FaceFour,0.75,0.7500795772854597,0.7551515151515154,0.75,0.42751264572143555,20260226_212521_run21
c22,FacesUCR,0.775609756097561,0.7733683252317448,0.7901750389227283,0.775609756097561,9.836260795593262,20260226_212532_run21
c22,FiftyWords,0.6703296703296703,0.6428409586802941,0.6449053412047444,0.6703296703296703,6.620789527893066,20260226_212539_run21
c22,FingerMovements,0.57,0.5693544189770794,0.5715700483091788,0.57,3.729405164718628,20260226_212545_run21
c22,Fish,0.8742857142857143,0.8715667174459707,0.8762938542938543,0.8742857142857143,0.4528694152832031,20260226_212546_run21
c22,FordA,0.9166666666666666,0.9166417581002658,0.9167222683652411,0.9166666666666666,3.320859909057617,20260226_212553_run21
c22,FordB,0.891358024691358,0.891358024691358,0.891358024691358,0.891358024691358,3.0463297367095947,20260226_212600_run21
c22,FreezerRegularTrain,0.9982456140350877,0.9982456120911676,0.9982478223356852,0.9982456140350877,1.399479627609253,20260226_212604_run21
c22,FreezerSmallTrain,0.9978947368421053,0.997894732695072,0.9978986599586627,0.9978947368421053,1.2681612968444824,20260226_212607_run21
c22,Fungi,0.8333333333333334,0.8332715485741552,0.8575556015072143,0.8333333333333334,3.4609172344207764,20260226_212610_run21
c22,GunPoint,0.9866666666666667,0.9866666666666667,0.9870175438596491,0.9866666666666667,0.4277660846710205,20260226_212611_run21
c22,GunPointAgeSpan,0.9778481012658228,0.9778469920625414,0.978335687782312,0.9778481012658228,0.44233012199401855,20260226_212611_run21
c22,GunPointMaleVersusFemale,0.9968354430379747,0.9968349027237305,0.9968543924808612,0.9968354430379747,0.44308924674987793,20260226_212612_run21
c22,GunPointOldVersusYoung,1.0,1.0,1.0,1.0,0.44213414192199707,20260226_212613_run21
c22,Ham,0.7428571428571429,0.7429038070177713,0.7430852166701224,0.7428571428571429,0.43368077278137207,20260226_212613_run21
c22,HandMovementDirection,0.1891891891891892,0.17438060541508815,0.19079794079794077,0.1891891891891892,1.1173911094665527,20260226_212616_run21
c22,HandOutlines,0.9081081081081082,0.9066678433535577,0.9090547525330134,0.9081081081081082,0.8693423271179199,20260226_212623_run21
c22,Handwriting,0.2788235294117647,0.2201795989547957,0.3179290520782868,0.2788235294117647,10.232858657836914,20260226_212634_run21
c22,Haptics,0.44805194805194803,0.4365103589748265,0.46805753736632544,0.44805194805194803,0.442335844039917,20260226_212636_run21
c22,Heartbeat,0.7609756097560976,0.7419061967153711,0.7423533939481407,0.7609756097560976,3.5619261264801025,20260226_212701_run21
c22,Herring,0.59375,0.4424019607843137,0.3525390625,0.59375,0.4438767433166504,20260226_212701_run21
c22,HouseTwenty,0.9663865546218487,0.9663865546218487,0.9663865546218487,0.9663865546218487,0.4296302795410156,20260226_212702_run21
c22,InlineSkate,0.5145454545454545,0.5140401042437693,0.5379677526265925,0.5145454545454545,0.4752931594848633,20260226_212704_run21
c22,InsectEPGRegularTrain,1.0,1.0,1.0,1.0,0.43234777450561523,20260226_212705_run21
c22,InsectEPGSmallTrain,1.0,1.0,1.0,1.0,0.430833101272583,20260226_212706_run21
c22,InsectWingbeatSound,0.6196969696969697,0.6151945085009141,0.6184719706174513,0.6196969696969697,9.687333822250366,20260226_212717_run21
c22,ItalyPowerDemand,0.9300291545189504,0.930028890188757,0.930056733594239,0.9300291545189504,0.6441693305969238,20260226_212717_run21
c22,LSST,0.7210056772100568,0.6879999863205191,0.7157174701973535,0.7210056772100568,148.64900541305542,20260226_212952_run21
c22,LargeKitchenAppliances,0.928,0.928102127829534,0.928346046908071,0.928,0.557319164276123,20260226_212953_run21
c22,Libras,0.9166666666666666,0.9154257669330134,0.9245706145706143,0.9166666666666666,4.811893939971924,20260226_212958_run21
c22,Lightning2,0.7704918032786885,0.7606444836253141,0.798026009234549,0.7704918032786885,0.4309821128845215,20260226_212959_run21
c22,Lightning7,0.7534246575342466,0.7406756702110767,0.7737861073477512,0.7534246575342466,0.4311501979827881,20260226_212959_run21
c22,Mallat,0.9390191897654584,0.9386626169583258,0.9428191855315728,0.9390191897654584,1.080806016921997,20260226_213004_run21
c22,Meat,0.9,0.8975546732211508,0.9053226363008972,0.9,0.42858028411865234,20260226_213004_run21
c22,MedicalImages,0.8184210526315789,0.8067005027696885,0.812793771178566,0.8184210526315789,0.7200355529785156,20260226_213005_run21
c22,MiddlePhalanxOutlineAgeGroup,0.7142857142857143,0.6944098497399123,0.7006160506160506,0.7142857142857143,0.4880218505859375,20260226_213006_run21
c22,ACSF1,0.88,0.8789444198732123,0.8852525252525253,0.88,0.4447059631347656,20260226_213007_run22
c22,Adiac,0.7902813299232737,0.7850710641028184,0.8094624684778137,0.7902813299232737,5.7019524574279785,20260226_213013_run22
c22,ArrowHead,0.7142857142857143,0.7029625951387254,0.7156192911947388,0.7142857142857143,0.43669605255126953,20260226_213013_run22
c22,ArticularyWordRecognition,0.99,0.989824505928854,0.990769230769231,0.99,19.664613485336304,20260226_213035_run22
c22,AtrialFibrillation,0.2,0.1952861952861953,0.19444444444444445,0.2,0.44059181213378906,20260226_213036_run22
c22,BME,0.94,0.9397045523063008,0.9454644362845098,0.94,0.431110143661499,20260226_213036_run22
c22,BasicMotions,1.0,1.0,1.0,1.0,0.5085728168487549,20260226_213037_run22
c22,Beef,0.4666666666666667,0.4568197815256639,0.4893073593073593,0.4666666666666667,0.43265223503112793,20260226_213037_run22
c22,BeetleFly,0.9,0.898989898989899,0.9166666666666667,0.9,0.4262557029724121,20260226_213038_run22
c22,BirdChicken,0.85,0.846547314578005,0.8846153846153847,0.85,0.4300193786621094,20260226_213038_run22
c22,CBF,0.9933333333333333,0.99332199093743,0.9933585373849094,0.9933333333333333,0.5586776733398438,20260226_213039_run22
c22,Car,0.75,0.7318100358422939,0.7772276688453158,0.75,0.42917847633361816,20260226_213040_run22
c22,Chinatown,0.9183673469387755,0.9198085159989922,0.9237874275576007,0.9183673469387755,0.4384000301361084,20260226_213040_run22
c22,ChlorineConcentration,0.625,0.5669201725228653,0.6560380602165954,0.625,2.02925443649292,20260226_213044_run22
c22,CinCECGTorso,0.8478260869565217,0.8470995198345256,0.8595166753522371,0.8478260869565217,0.7752833366394043,20260226_213049_run22
c22,Coffee,1.0,1.0,1.0,1.0,0.42592692375183105,20260226_213049_run22
c22,Computers,0.828,0.8279752284328944,0.8281890368852459,0.828,0.4510037899017334,20260226_213050_run22
c22,Cricket,1.0,1.0,1.0,1.0,6.690375566482544,20260226_213059_run22
c22,CricketX,0.6794871794871795,0.6613105648377223,0.6657244337144826,0.6794871794871795,5.896849155426025,20260226_213106_run22
c22,CricketY,0.6538461538461539,0.6433952105963401,0.644489243143294,0.6538461538461539,5.889325857162476,20260226_213112_run22
c22,CricketZ,0.7256410256410256,0.7191391232222241,0.7205254865959873,0.7256410256410256,5.890735387802124,20260226_213119_run22
c22,Crop,0.7267261904761905,0.7248307390095216,0.7263148737051742,0.7267261904761905,197.72020196914673,20260226_213441_run22
c22,DiatomSizeReduction,0.9836601307189542,0.9833994097930039,0.9837376187588438,0.9836601307189542,0.4374690055847168,20260226_213442_run22
c22,DistalPhalanxOutlineAgeGroup,0.7985611510791367,0.798053529363614,0.7998032946192065,0.7985611510791367,0.4772024154663086,20260226_213443_run22
c22,DistalPhalanxOutlineCorrect,0.8188405797101449,0.8163560618628914,0.8196941163042858,0.8188405797101449,0.6513283252716064,20260226_213443_run22
c22,DistalPhalanxTW,0.7050359712230215,0.6592421376347998,0.6729748122213098,0.7050359712230215,0.48711585998535156,20260226_213444_run22
c22,DuckDuckGeese,0.56,0.5565907522429261,0.563986013986014,0.56,25.64096689224243,20260226_213641_run22
c22,ECG200,0.79,0.7893350802489354,0.7888351648351649,0.79,0.44966769218444824,20260226_213641_run22
c22,ECG5000,0.9366666666666666,0.9296170255524485,0.9297389484949288,0.9366666666666666,2.280268907546997,20260226_213646_run22
c22,ECGFiveDays,0.8931475029036005,0.8926698987442685,0.9010110752073485,0.8931475029036005,0.5449318885803223,20260226_213647_run22
c22,EOGHorizontalSignal,0.7541436464088398,0.756270546437874,0.7632324676349959,0.7541436464088398,5.529704570770264,20260226_213654_run22
c22,EOGVerticalSignal,0.6988950276243094,0.690534917637027,0.688937090454677,0.6988950276243094,5.5282509326934814,20260226_213701_run22
c22,ERing,0.8851851851851852,0.8845688655668827,0.8876083183253726,0.8851851851851852,0.5937979221343994,20260226_213701_run22
c22,Earthquakes,0.7482014388489209,0.6404357995085412,0.5598053930955955,0.7482014388489209,0.46228742599487305,20260226_213702_run22
c22,EigenWorms,0.9389312977099237,0.9386295315412,0.9411104022254446,0.9389312977099237,0.9660358428955078,20260226_213819_run22
c22,ElectricDevices,0.9050706782518481,0.9048130526500114,0.9065770003836339,0.9050706782518481,15.386501550674438,20260226_213839_run22
c22,Epilepsy,1.0,1.0,1.0,1.0,0.542107343673706,20260226_213840_run22
c22,EthanolConcentration,0.4296577946768061,0.41403519684069173,0.41133501315275567,0.4296577946768061,0.7890737056732178,20260226_213845_run22
c22,EthanolLevel,0.544,0.5350324405836989,0.5392953717437323,0.544,0.6303527355194092,20260226_213848_run22
c22,FaceAll,0.8751479289940829,0.8782338173030685,0.8850569398043552,0.8751479289940829,11.416089057922363,20260226_213900_run22
c22,FaceDetection,0.6367763904653803,0.6367646907243061,0.6367940149034677,0.6367763904653803,127.25695085525513,20260226_214611_run22
c22,FaceFour,0.7954545454545454,0.7958446830959076,0.7991392920804685,0.7954545454545454,0.4399685859680176,20260226_214611_run22
c22,FacesUCR,0.7726829268292683,0.7694430117638879,0.7873458068391499,0.7726829268292683,9.732963562011719,20260226_214622_run22
c22,FiftyWords,0.6483516483516484,0.6247697358829297,0.6281302122753302,0.6483516483516484,6.653942346572876,20260226_214629_run22
c22,FingerMovements,0.53,0.5298589858985899,0.530673076923077,0.53,3.7412352561950684,20260226_214635_run22
c22,Fish,0.8685714285714285,0.8689672369330081,0.8713770800627944,0.8685714285714285,0.4549264907836914,20260226_214636_run22
c22,FordA,0.9340909090909091,0.9340688205655028,0.9341767398776989,0.9340909090909091,3.325791358947754,20260226_214644_run22
c22,FordB,0.8876543209876543,0.8876568895112055,0.8877271046754375,0.8876543209876543,3.0432467460632324,20260226_214651_run22
c22,FreezerRegularTrain,0.9982456140350877,0.9982456120911676,0.9982478223356852,0.9982456140350877,1.4032354354858398,20260226_214654_run22
c22,FreezerSmallTrain,0.9992982456140351,0.9992982452684495,0.9992992291520674,0.9992982456140351,1.273646354675293,20260226_214657_run22
c22,Fungi,0.8064516129032258,0.7775372554751718,0.8530278313880464,0.8064516129032258,3.6780638694763184,20260226_214701_run22
c22,GunPoint,0.9933333333333333,0.993333629642799,0.9934222222222221,0.9933333333333333,0.43678832054138184,20260226_214701_run22
c22,GunPointAgeSpan,0.9683544303797469,0.9683544303797469,0.9683544303797469,0.9683544303797469,0.4584665298461914,20260226_214702_run22
c22,GunPointMaleVersusFemale,1.0,1.0,1.0,1.0,0.45087599754333496,20260226_214703_run22
c22,GunPointOldVersusYoung,1.0,1.0,1.0,1.0,0.45287132263183594,20260226_214703_run22
c22,Ham,0.7142857142857143,0.7142857142857143,0.7142857142857143,0.7142857142857143,0.4466688632965088,20260226_214704_run22
c22,HandMovementDirection,0.2702702702702703,0.26223908128195267,0.26381307415790173,0.2702702702702703,1.1340949535369873,20260226_214707_run22
c22,HandOutlines,0.9054054054054054,0.904437852042461,0.9052383623708319,0.9054054054054054,0.8730278015136719,20260226_214714_run22
c22,Handwriting,0.25882352941176473,0.1856527173396094,0.20255289575090654,0.25882352941176473,10.13298749923706,20260226_214725_run22
c22,Haptics,0.4707792207792208,0.4525743836660715,0.49654301041860843,0.4707792207792208,0.452502965927124,20260226_214727_run22
c22,Heartbeat,0.7219512195121951,0.7051369656676046,0.6990835181079084,0.7219512195121951,3.5737133026123047,20260226_214752_run22
c22,Herring,0.609375,0.4768747708104144,0.7643849206349207,0.609375,0.4302241802215576,20260226_214752_run22
c22,HouseTwenty,0.9663865546218487,0.9663865546218487,0.9663865546218487,0.9663865546218487,0.429368257522583,20260226_214753_run22
c22,InlineSkate,0.5309090909090909,0.5145755327820922,0.5456666945615868,0.5309090909090909,0.4759540557861328,20260226_214755_run22
c22,InsectEPGRegularTrain,1.0,1.0,1.0,1.0,0.43267011642456055,20260226_214756_run22
c22,InsectEPGSmallTrain,1.0,1.0,1.0,1.0,0.5687470436096191,20260226_214757_run22
c22,InsectWingbeatSound,0.5904040404040404,0.5875084036106062,0.5887389957590333,0.5904040404040404,9.695224285125732,20260226_214808_run22
c22,ItalyPowerDemand,0.9203109815354713,0.9201618556399842,0.9237170508050755,0.9203109815354713,0.6448268890380859,20260226_214808_run22
c22,LSST,0.721816707218167,0.6849617592809704,0.6908771690198997,0.721816707218167,148.9575550556183,20260226_215043_run22
c22,LargeKitchenAppliances,0.944,0.9439784836065573,0.9446835589197511,0.944,0.5593302249908447,20260226_215045_run22
c22,Libras,0.9166666666666666,0.9172292827945003,0.9202353202353204,0.9166666666666666,4.8336992263793945,20260226_215050_run22
c22,Lightning2,0.819672131147541,0.8154374258124539,0.8345628415300547,0.819672131147541,0.43840909004211426,20260226_215050_run22
c22,Lightning7,0.684931506849315,0.6759948512406208,0.7488069058200089,0.684931506849315,0.4374721050262451,20260226_215051_run22
c22,Mallat,0.9343283582089552,0.9340688212706089,0.9380125230334848,0.9343283582089552,1.089782953262329,20260226_215055_run22
c22,Meat,0.8666666666666667,0.8663324979114453,0.8686868686868687,0.8666666666666667,0.43788695335388184,20260226_215056_run22
c22,MedicalImages,0.7921052631578948,0.7798363955108168,0.7936262868332966,0.7921052631578948,0.7223784923553467,20260226_215057_run22
c22,MiddlePhalanxOutlineAgeGroup,0.7402597402597403,0.7099406269684908,0.7411873840445269,0.7402597402597403,0.4907348155975342,20260226_215058_run22
c22,ACSF1,0.81,0.8076048298107122,0.8266450216450216,0.81,0.4364795684814453,20260226_215058_run23
c22,Adiac,0.7595907928388747,0.7493786592107358,0.7578707311443885,0.7595907928388747,5.689751386642456,20260226_215104_run23
c22,ArrowHead,0.7885714285714286,0.7857165641376167,0.7930659283095114,0.7885714285714286,0.44257616996765137,20260226_215105_run23
c22,ArticularyWordRecognition,0.9866666666666667,0.986649275362319,0.9874358974358977,0.9866666666666667,20.022987604141235,20260226_215127_run23
c22,AtrialFibrillation,0.26666666666666666,0.23232323232323232,0.20634920634920634,0.26666666666666666,0.4388573169708252,20260226_215127_run23
c22,BME,0.9666666666666667,0.9666366396423448,0.9677505687140372,0.9666666666666667,0.43074655532836914,20260226_215128_run23
c22,BasicMotions,1.0,1.0,1.0,1.0,0.5105195045471191,20260226_215129_run23
c22,Beef,0.4,0.3956277056277056,0.4388888888888889,0.4,0.42716217041015625,20260226_215129_run23
c22,BeetleFly,0.9,0.9,0.9,0.9,0.4262211322784424,20260226_215130_run23
c22,BirdChicken,0.85,0.846547314578005,0.8846153846153847,0.85,0.4292631149291992,20260226_215130_run23
c22,CBF,0.9888888888888889,0.9889101729603686,0.9890329465119381,0.9888888888888889,0.5588984489440918,20260226_215131_run23
c22,Car,0.75,0.7573897707231041,0.7727941176470589,0.75,0.42853355407714844,20260226_215132_run23
c22,Chinatown,0.9008746355685131,0.9011964984878258,0.9015902196621853,0.9008746355685131,0.4371523857116699,20260226_215132_run23
c22,ChlorineConcentration,0.6080729166666666,0.5189350180169781,0.7022872456783296,0.6080729166666666,2.0260226726531982,20260226_215136_run23
c22,CinCECGTorso,0.8797101449275362,0.8796054431347382,0.8838922938300455,0.8797101449275362,0.7789511680603027,20260226_215141_run23
c22,Coffee,0.9642857142857143,0.964331326400292,0.9668367346938774,0.9642857142857143,0.42776989936828613,20260226_215141_run23
c22,Computers,0.824,0.8238195912614517,0.8253325621746674,0.824,0.450960636138916,20260226_215142_run23
c22,Cricket,1.0,1.0,1.0,1.0,6.555938243865967,20260226_215151_run23
c22,CricketX,0.6538461538461539,0.6363734374725063,0.6354434236645775,0.6538461538461539,5.88530421257019,20260226_215157_run23
c22,CricketY,0.6820512820512821,0.6713531658967299,0.6903829021499112,0.6820512820512821,6.022571802139282,20260226_215204_run23
c22,CricketZ,0.6974358974358974,0.6978760427744989,0.7043418992834752,0.6974358974358974,5.89447021484375,20260226_215210_run23
c22,Crop,0.7246428571428571,0.722322784652618,0.7248425426713337,0.7246428571428571,197.60104751586914,20260226_215533_run23
c22,DiatomSizeReduction,0.9411764705882353,0.9368148074584478,0.9400279205533346,0.9411764705882353,0.434863805770874,20260226_215534_run23
c22,DistalPhalanxOutlineAgeGroup,0.8057553956834532,0.8030773183650882,0.8103426007050277,0.8057553956834532,0.4779024124145508,20260226_215534_run23
c22,DistalPhalanxOutlineCorrect,0.8442028985507246,0.84366292898403,0.8436929536327126,0.8442028985507246,0.6442813873291016,20260226_215535_run23
c22,DistalPhalanxTW,0.6834532374100719,0.6358447848413694,0.6597042468458012,0.6834532374100719,0.48148083686828613,20260226_215536_run23
c22,DuckDuckGeese,0.64,0.6185518143184048,0.6717948717948719,0.64,26.270814180374146,20260226_215733_run23
c22,ECG200,0.82,0.8140441176470589,0.8201587301587301,0.82,0.4480433464050293,20260226_215734_run23
c22,ECG5000,0.938,0.9287778639029699,0.9265793948988018,0.938,2.289918899536133,20260226_215738_run23
c22,ECGFiveDays,0.9256678281068524,0.925637738008447,0.9266081587657801,0.9256678281068524,0.5489945411682129,20260226_215739_run23
c22,EOGHorizontalSignal,0.7403314917127072,0.734760720082482,0.7387637303797094,0.7403314917127072,5.527533769607544,20260226_215746_run23
c22,EOGVerticalSignal,0.7154696132596685,0.709897895339841,0.7129149318263798,0.7154696132596685,5.52331805229187,20260226_215753_run23
c22,ERing,0.8666666666666667,0.8652608612765772,0.8653909036070125,0.8666666666666667,0.5877504348754883,20260226_215754_run23
c22,Earthquakes,0.7482014388489209,0.6404357995085412,0.5598053930955955,0.7482014388489209,0.4580357074737549,20260226_215755_run23
c22,EigenWorms,0.9541984732824428,0.9545452651162121,0.9554845668768669,0.9541984732824428,0.8102438449859619,20260226_215909_run23
c22,ElectricDevices,0.9087018544935807,0.9086867008318821,0.9112613920222622,0.9087018544935807,15.421072721481323,20260226_215929_run23
c22,Epilepsy,1.0,1.0,1.0,1.0,0.5363049507141113,20260226_215930_run23
c22,EthanolConcentration,0.46387832699619774,0.45402668799081647,0.45266197416862813,0.46387832699619774,0.8005125522613525,20260226_215935_run23
c22,EthanolLevel,0.522,0.5162868675865228,0.517306990906991,0.522,0.6261482238769531,20260226_215938_run23
c22,FaceAll,0.8781065088757396,0.8800624409163302,0.8858675932199885,0.8781065088757396,11.391222715377808,20260226_215950_run23
c22,FaceDetection,0.6416004540295119,0.6415955766307223,0.6416081624107135,0.6416004540295119,127.22960591316223,20260226_220702_run23
c22,FaceFour,0.5454545454545454,0.48992094861660074,0.6012225993101146,0.5454545454545454,0.42729663848876953,20260226_220703_run23
c22,FacesUCR,0.7834146341463415,0.7805324474382743,0.7954737029908264,0.7834146341463415,9.704017877578735,20260226_220714_run23
c22,FiftyWords,0.6725274725274726,0.6517816596415346,0.6647175718043266,0.6725274725274726,6.613068103790283,20260226_220721_run23
c22,FingerMovements,0.56,0.5596478591436574,0.5610919309514252,0.56,3.694370746612549,20260226_220727_run23
c22,Fish,0.8857142857142857,0.8871631860203287,0.8897696802392454,0.8857142857142857,0.453859806060791,20260226_220728_run23
c22,FordA,0.928030303030303,0.9280161158922297,0.9280542072550647,0.928030303030303,3.317612648010254,20260226_220735_run23
c22,FordB,0.8864197530864197,0.8864218305711818,0.8864347165422435,0.8864197530864197,3.047896146774292,20260226_220742_run23
c22,FreezerRegularTrain,0.9982456140350877,0.9982456120911676,0.9982478223356852,0.9982456140350877,1.4048523902893066,20260226_220746_run23
c22,FreezerSmallTrain,0.9985964912280701,0.9985964905368989,0.9985974733837579,0.9985964912280701,1.272702693939209,20260226_220749_run23
c22,Fungi,0.8494623655913979,0.8211852202911109,0.8367362975547337,0.8494623655913979,3.5788495540618896,20260226_220752_run23
c22,GunPoint,0.9866666666666667,0.9866666666666667,0.9866666666666667,0.9866666666666667,0.4457664489746094,20260226_220753_run23
c22,GunPointAgeSpan,0.9683544303797469,0.9683442826902742,0.968644887148405,0.9683544303797469,0.4564797878265381,20260226_220753_run23
c22,GunPointMaleVersusFemale,1.0,1.0,1.0,1.0,0.5980823040008545,20260226_220754_run23
c22,GunPointOldVersusYoung,1.0,1.0,1.0,1.0,0.45749640464782715,20260226_220755_run23
c22,Ham,0.7333333333333333,0.7333333333333333,0.7333333333333333,0.7333333333333333,0.4443652629852295,20260226_220755_run23
c22,HandMovementDirection,0.2702702702702703,0.2680202299451374,0.2662547783515526,0.2702702702702703,1.1306989192962646,20260226_220758_run23
c22,HandOutlines,0.8972972972972973,0.8949449383280689,0.8998991269261539,0.8972972972972973,0.8920257091522217,20260226_220805_run23
c22,Handwriting,0.29411764705882354,0.23211629311913606,0.3687574443483436,0.29411764705882354,10.137872695922852,20260226_220817_run23
c22,Haptics,0.4383116883116883,0.3962056415711946,0.5494196136049055,0.4383116883116883,0.45436525344848633,20260226_220818_run23
c22,Heartbeat,0.7853658536585366,0.7751880409126671,0.7737680580940175,0.7853658536585366,3.5745890140533447,20260226_220843_run23
c22,Herring,0.59375,0.5091145833333333,0.5614224137931034,0.59375,0.44270849227905273,20260226_220844_run23
c22,HouseTwenty,0.9663865546218487,0.9664689405173833,0.9671053266312265,0.9663865546218487,0.42884278297424316,20260226_220844_run23
c22,InlineSkate,0.5163636363636364,0.5180705558867579,0.5552782323853519,0.5163636363636364,0.4886658191680908,20260226_220847_run23
c22,InsectEPGRegularTrain,1.0,1.0,1.0,1.0,0.4329545497894287,20260226_220847_run23
c22,InsectEPGSmallTrain,1.0,1.0,1.0,1.0,0.4326481819152832,20260226_220848_run23
c22,InsectWingbeatSound,0.5969696969696969,0.595177382349857,0.5998803952099698,0.5969696969696969,9.832127332687378,20260226_220859_run23
c22,ItalyPowerDemand,0.9154518950437318,0.915239792627813,0.9199307735649823,0.9154518950437318,0.645646333694458,20260226_220900_run23
c22,LSST,0.718978102189781,0.6864176060887557,0.7225169366801668,0.718978102189781,148.8601884841919,20260226_221134_run23
c22,LargeKitchenAppliances,0.9306666666666666,0.9308361527596892,0.9323021107772422,0.9306666666666666,0.5594773292541504,20260226_221136_run23
c22,Libras,0.9388888888888889,0.9383719147197409,0.9459340659340659,0.9388888888888889,4.832763910293579,20260226_221141_run23
c22,Lightning2,0.7540983606557377,0.748323762471528,0.7637978142076502,0.7540983606557377,0.4399843215942383,20260226_221142_run23
c22,Lightning7,0.6712328767123288,0.6600187709713135,0.6813738772642883,0.6712328767123288,0.4372568130493164,20260226_221142_run23
c22,Mallat,0.9373134328358209,0.9372481857906024,0.9385356614420592,0.9373134328358209,1.0817205905914307,20260226_221147_run23
c22,Meat,0.9166666666666666,0.9150788419081102,0.9190645955351838,0.9166666666666666,0.4390416145324707,20260226_221147_run23
c22,MedicalImages,0.8118421052631579,0.8023750630856596,0.808253213104263,0.8118421052631579,0.7232894897460938,20260226_221148_run23
c22,MiddlePhalanxOutlineAgeGroup,0.7012987012987013,0.6667039819973125,0.6806414484985913,0.7012987012987013,0.48986101150512695,20260226_221149_run23
c22,ACSF1,0.77,0.7628110047846889,0.7655555555555555,0.77,0.4388270378112793,20260226_221150_run24
c22,Adiac,0.7416879795396419,0.7317757800974146,0.7588718754959165,0.7416879795396419,5.684262990951538,20260226_221156_run24
c22,ArrowHead,0.7314285714285714,0.729446482443067,0.7333348530901722,0.7314285714285714,0.435802698135376,20260226_221156_run24
c22,ArticularyWordRecognition,0.9933333333333333,0.9933217391304346,0.9938461538461539,0.9933333333333333,20.024064540863037,20260226_221218_run24
c22,AtrialFibrillation,0.2,0.20134680134680136,0.20555555555555555,0.2,0.45545172691345215,20260226_221219_run24
c22,BME,0.9466666666666667,0.9469143604198222,0.950925925925926,0.9466666666666667,0.4284098148345947,20260226_221219_run24
c22,BasicMotions,1.0,1.0,1.0,1.0,0.5146558284759521,20260226_221220_run24
c22,Beef,0.4,0.38,0.39111111111111113,0.4,0.4271719455718994,20260226_221221_run24
c22,BeetleFly,0.65,0.6491228070175439,0.6515151515151515,0.65,0.44704723358154297,20260226_221221_run24
c22,BirdChicken,0.95,0.949874686716792,0.9545454545454545,0.95,0.4264030456542969,20260226_221222_run24
c22,CBF,0.9588888888888889,0.9585144550018292,0.9626025753257553,0.9588888888888889,0.5610270500183105,20260226_221222_run24
c22,Car,0.75,0.7534744268077601,0.809032634032634,0.75,0.44330859184265137,20260226_221223_run24
c22,Chinatown,0.9096209912536443,0.9113324304509134,0.9159683221119453,0.9096209912536443,0.4345736503601074,20260226_221224_run24
c22,ChlorineConcentration,0.5736979166666667,0.4517694686633512,0.6344646644211577,0.5736979166666667,2.028165340423584,20260226_221227_run24
c22,CinCECGTorso,0.8942028985507247,0.893543899632474,0.8966555500901052,0.8942028985507247,0.7781813144683838,20260226_221232_run24
c22,Coffee,0.9285714285714286,0.9285714285714286,0.9285714285714286,0.9285714285714286,0.4255688190460205,20260226_221233_run24
c22,Computers,0.808,0.8069994853319609,0.8145219266714594,0.808,0.4504075050354004,20260226_221234_run24
c22,Cricket,0.9861111111111112,0.9860139860139859,0.988095238095238,0.9861111111111112,6.551565408706665,20260226_221243_run24
c22,CricketX,0.6384615384615384,0.6342545360042053,0.6513221633003016,0.6384615384615384,5.890516996383667,20260226_221249_run24
c22,CricketY,0.6564102564102564,0.6513283422778773,0.6555230724610378,0.6564102564102564,5.885875463485718,20260226_221255_run24
c22,CricketZ,0.6820512820512821,0.6780244595901862,0.684909653470025,0.6820512820512821,6.024798154830933,20260226_221302_run24
c22,Crop,0.7295238095238096,0.7266737798812432,0.7270426916798068,0.7295238095238096,197.73102378845215,20260226_221625_run24
c22,DiatomSizeReduction,0.9836601307189542,0.983526795506158,0.9840557275541796,0.9836601307189542,0.44260668754577637,20260226_221625_run24
c22,DistalPhalanxOutlineAgeGroup,0.7697841726618705,0.7686558005596493,0.7688334359250568,0.7697841726618705,0.48554277420043945,20260226_221626_run24
c22,DistalPhalanxOutlineCorrect,0.8043478260869565,0.8040935672514621,0.8039252945328194,0.8043478260869565,0.6487593650817871,20260226_221627_run24
c22,DistalPhalanxTW,0.7122302158273381,0.6797711382191847,0.6996654424711979,0.7122302158273381,0.4827392101287842,20260226_221627_run24
c22,DuckDuckGeese,0.68,0.6776025159387657,0.6932234432234432,0.68,25.273456811904907,20260226_221824_run24
c22,ECG200,0.78,0.7749253731343283,0.7759999999999999,0.78,0.43767404556274414,20260226_221825_run24
c22,ECG5000,0.9406666666666667,0.9304350619876612,0.9293273788330864,0.9406666666666667,2.274744749069214,20260226_221829_run24
c22,ECGFiveDays,0.9361207897793263,0.9361032077997384,0.9368163049839537,0.9361207897793263,0.5458834171295166,20260226_221830_run24
c22,EOGHorizontalSignal,0.8093922651933702,0.8032038499322319,0.8081778949037131,0.8093922651933702,5.516699552536011,20260226_221837_run24
c22,EOGVerticalSignal,0.712707182320442,0.7036542146943482,0.7204515781170668,0.712707182320442,5.513054847717285,20260226_221844_run24
c22,ERing,0.9296296296296296,0.9294415599964244,0.9343352576876615,0.9296296296296296,0.5905334949493408,20260226_221845_run24
c22,Earthquakes,0.7482014388489209,0.6404357995085412,0.5598053930955955,0.7482014388489209,0.4726238250732422,20260226_221846_run24
c22,EigenWorms,0.9618320610687023,0.9619426217059182,0.9632018562835898,0.9618320610687023,0.8073074817657471,20260226_222002_run24
c22,ElectricDevices,0.8949552587213072,0.8951723134311222,0.8972503419032748,0.8949552587213072,15.392284154891968,20260226_222022_run24
c22,Epilepsy,0.9782608695652174,0.9784033619700533,0.979891304347826,0.9782608695652174,0.5375170707702637,20260226_222023_run24
c22,EthanolConcentration,0.4448669201520912,0.4150887199320686,0.4228981833544571,0.4448669201520912,0.7883632183074951,20260226_222028_run24
c22,EthanolLevel,0.524,0.5149187041391408,0.5232310474365408,0.524,0.6253576278686523,20260226_222031_run24
c22,FaceAll,0.8810650887573964,0.8821637589915856,0.8930921925501086,0.8810650887573964,11.401522397994995,20260226_222043_run24
c22,FaceDetection,0.6359250851305335,0.6352193798710417,0.6369851318842089,0.6359250851305335,127.39161539077759,20260226_222755_run24
c22,FaceFour,0.7386363636363636,0.7355096344757999,0.7500883218581326,0.7386363636363636,0.426013708114624,20260226_222755_run24
c22,FacesUCR,0.7609756097560976,0.7590489776606801,0.7787437890109581,0.7609756097560976,9.701964616775513,20260226_222806_run24
c22,FiftyWords,0.6637362637362637,0.6411443816673347,0.6673594212349815,0.6637362637362637,6.618984937667847,20260226_222813_run24
c22,FingerMovements,0.61,0.6094135338345865,0.6099275362318841,0.61,3.7261312007904053,20260226_222819_run24
c22,Fish,0.8457142857142858,0.8469065839021473,0.852543180956974,0.8457142857142858,0.44017982482910156,20260226_222820_run24
c22,FordA,0.9242424242424242,0.9242142027071351,0.924339084626166,0.9242424242424242,3.3358752727508545,20260226_222828_run24
c22,FordB,0.9074074074074074,0.9074027493992156,0.9074229923439563,0.9074074074074074,3.060460329055786,20260226_222835_run24
c22,FreezerRegularTrain,0.9978947368421053,0.997894732695072,0.9978986599586627,0.9978947368421053,1.4157662391662598,20260226_222838_run24
c22,FreezerSmallTrain,0.9982456140350877,0.9982456120911676,0.9982478223356852,0.9982456140350877,1.2681775093078613,20260226_222841_run24
c22,Fungi,0.8870967741935484,0.8805640985944092,0.9057341449903943,0.8870967741935484,3.4511220455169678,20260226_222844_run24
c22,GunPoint,0.9733333333333334,0.9733238501659556,0.9747008547008547,0.9733333333333334,0.4266700744628906,20260226_222845_run24
c22,GunPointAgeSpan,0.9746835443037974,0.9746683172764329,0.9753576330639011,0.9746835443037974,0.5786545276641846,20260226_222846_run24
c22,GunPointMaleVersusFemale,1.0,1.0,1.0,1.0,0.440809965133667,20260226_222846_run24
c22,GunPointOldVersusYoung,1.0,1.0,1.0,1.0,0.4429595470428467,20260226_222847_run24
c22,Ham,0.638095238095238,0.6371720116618077,0.6381092128707684,0.638095238095238,0.4323616027832031,20260226_222848_run24
c22,HandMovementDirection,0.32432432432432434,0.3166885230028725,0.362600322554556,0.32432432432432434,1.1197936534881592,20260226_222850_run24
c22,HandOutlines,0.8810810810810811,0.8802242559069733,0.8802621070049641,0.8810810810810811,0.869086503982544,20260226_222857_run24
c22,Handwriting,0.2576470588235294,0.21247250160694123,0.307484613880599,0.2576470588235294,10.095487356185913,20260226_222909_run24
c22,Haptics,0.4675324675324675,0.4325964655195938,0.47473184542998376,0.4675324675324675,0.4401564598083496,20260226_222910_run24
c22,Heartbeat,0.7609756097560976,0.7393860975021614,0.741697500566337,0.7609756097560976,3.5284290313720703,20260226_222935_run24
c22,Herring,0.5,0.41551939924906134,0.37946428571428575,0.5,0.4471094608306885,20260226_222935_run24
c22,HouseTwenty,0.907563025210084,0.9080263684421136,0.9117050229182582,0.907563025210084,0.4488413333892822,20260226_222936_run24
c22,InlineSkate,0.5672727272727273,0.5654133620828619,0.5669220320464222,0.5672727272727273,0.5015513896942139,20260226_222938_run24
c22,InsectEPGRegularTrain,1.0,1.0,1.0,1.0,0.4353065490722656,20260226_222939_run24
c22,InsectEPGSmallTrain,1.0,1.0,1.0,1.0,0.4315788745880127,20260226_222940_run24
c22,InsectWingbeatSound,0.5843434343434344,0.5808723841039102,0.5894144560663187,0.5843434343434344,9.83506727218628,20260226_222951_run24
c22,ItalyPowerDemand,0.9271137026239067,0.9271013104724907,0.9274831929038821,0.9271137026239067,0.6432902812957764,20260226_222952_run24
c22,LSST,0.7266828872668288,0.6900159694389612,0.7110480607063676,0.7266828872668288,148.81825184822083,20260226_223226_run24
c22,LargeKitchenAppliances,0.9253333333333333,0.9251841648936825,0.9260393930785835,0.9253333333333333,0.5574131011962891,20260226_223228_run24
c22,Libras,0.9277777777777778,0.9271325818572196,0.9342035742035741,0.9277777777777778,4.807104587554932,20260226_223233_run24
c22,Lightning2,0.7868852459016393,0.7760603695029925,0.8254580520732883,0.7868852459016393,0.43033456802368164,20260226_223233_run24
c22,Lightning7,0.6438356164383562,0.6280239949861223,0.6634653018214662,0.6438356164383562,0.42974114418029785,20260226_223234_run24
c22,Mallat,0.9347547974413646,0.9347496428380437,0.9349513480698574,0.9347547974413646,1.0849559307098389,20260226_223238_run24
c22,Meat,0.8833333333333333,0.877684587122551,0.9072039072039072,0.8833333333333333,0.42876338958740234,20260226_223239_run24
c22,MedicalImages,0.8,0.7855812826532983,0.7905603442823526,0.8,0.7211835384368896,20260226_223240_run24
c22,MiddlePhalanxOutlineAgeGroup,0.7727272727272727,0.761861393008934,0.7681652093780806,0.7727272727272727,0.48667359352111816,20260226_223241_run24
c22,ACSF1,0.81,0.8103353973168214,0.8414141414141416,0.81,0.43037962913513184,20260226_223242_run25
c22,Adiac,0.7595907928388747,0.7481610034972972,0.7728008929512576,0.7595907928388747,5.670563697814941,20260226_223248_run25
c22,ArrowHead,0.7657142857142857,0.766802713746049,0.7683848028304319,0.7657142857142857,0.4315621852874756,20260226_223248_run25
c22,ArticularyWordRecognition,0.99,0.9899826086956522,0.990769230769231,0.99,19.770545959472656,20260226_223310_run25
c22,AtrialFibrillation,0.13333333333333333,0.10683760683760685,0.08928571428571427,0.13333333333333333,0.44968485832214355,20260226_223310_run25
c22,BME,0.9666666666666667,0.9665831244778614,0.9696969696969696,0.9666666666666667,0.4402611255645752,20260226_223311_run25
c22,BasicMotions,1.0,1.0,1.0,1.0,0.517535924911499,20260226_223311_run25
c22,Beef,0.5333333333333333,0.521958041958042,0.5228571428571428,0.5333333333333333,0.437039852142334,20260226_223312_run25
c22,BeetleFly,0.9,0.9,0.9,0.9,0.43227386474609375,20260226_223312_run25
c22,BirdChicken,0.9,0.9,0.9,0.9,0.43660426139831543,20260226_223313_run25
c22,CBF,0.9922222222222222,0.9922220750551876,0.9922804073943247,0.9922222222222222,0.5605509281158447,20260226_223314_run25
c22,Car,0.8333333333333334,0.8329614604462473,0.8434027777777778,0.8333333333333334,0.43538427352905273,20260226_223314_run25
c22,Chinatown,0.9387755102040817,0.9377797596841122,0.9384488679192607,0.9387755102040817,0.4459214210510254,20260226_223315_run25
c22,ChlorineConcentration,0.5783854166666667,0.4656833387915823,0.4774223559823273,0.5783854166666667,2.020150661468506,20260226_223319_run25
c22,CinCECGTorso,0.8442028985507246,0.8443631168383032,0.863090111148224,0.8442028985507246,0.7827627658843994,20260226_223324_run25
c22,Coffee,0.9285714285714286,0.9285714285714286,0.9285714285714286,0.9285714285714286,0.43374061584472656,20260226_223324_run25
c22,Computers,0.8,0.7997949900698316,0.8012338538654328,0.8,0.456895112991333,20260226_223325_run25
c22,Cricket,0.9722222222222222,0.9720279720279721,0.976190476190476,0.9722222222222222,6.5814409255981445,20260226_223334_run25
c22,CricketX,0.6717948717948717,0.6581362710894888,0.6793298576090432,0.6717948717948717,5.906612157821655,20260226_223340_run25
c22,CricketY,0.6435897435897436,0.6353182809797951,0.6428170114048543,0.6435897435897436,5.910816669464111,20260226_223347_run25
c22,CricketZ,0.658974358974359,0.6548205265906707,0.6647198593636195,0.658974358974359,5.8953564167022705,20260226_223353_run25
c22,Crop,0.7257142857142858,0.7226804443936446,0.7229687440636965,0.7257142857142858,197.62035417556763,20260226_223716_run25
c22,DiatomSizeReduction,0.9803921568627451,0.9803517980391979,0.9812450537328847,0.9803921568627451,0.4299623966217041,20260226_223716_run25
c22,DistalPhalanxOutlineAgeGroup,0.7338129496402878,0.7327696284530817,0.7326070257456492,0.7338129496402878,0.47806334495544434,20260226_223717_run25
c22,DistalPhalanxOutlineCorrect,0.8152173913043478,0.8145769622833844,0.8144852135815992,0.8152173913043478,0.6438496112823486,20260226_223718_run25
c22,DistalPhalanxTW,0.7410071942446043,0.6989859115630085,0.722577069315272,0.7410071942446043,0.4761335849761963,20260226_223719_run25
c22,DuckDuckGeese,0.72,0.7083333333333333,0.7685714285714286,0.72,24.397721529006958,20260226_223915_run25
c22,ECG200,0.77,0.769271754558358,0.7687032967032966,0.77,0.43204379081726074,20260226_223915_run25
c22,ECG5000,0.9397777777777778,0.9244970342725485,0.9274479584512778,0.9397777777777778,2.280116558074951,20260226_223919_run25
c22,ECGFiveDays,0.9628339140534262,0.9627934528382432,0.9645164595520419,0.9628339140534262,0.5439064502716064,20260226_223920_run25
c22,EOGHorizontalSignal,0.8038674033149171,0.7986037313538515,0.8068533194044891,0.8038674033149171,5.500248432159424,20260226_223927_run25
c22,EOGVerticalSignal,0.6823204419889503,0.6791200094522886,0.6842846272145898,0.6823204419889503,5.5173890590667725,20260226_223934_run25
c22,ERing,0.825925925925926,0.8262903762903763,0.8329361335008987,0.825925925925926,0.588284969329834,20260226_223935_run25
c22,Earthquakes,0.7482014388489209,0.6404357995085412,0.5598053930955955,0.7482014388489209,0.4524564743041992,20260226_223936_run25
c22,EigenWorms,0.9312977099236641,0.9302578957390837,0.939292440293848,0.9312977099236641,0.8097443580627441,20260226_224050_run25
c22,ElectricDevices,0.8987161198288159,0.8988344177654594,0.9015417642774088,0.8987161198288159,15.407182216644287,20260226_224111_run25
c22,Epilepsy,1.0,1.0,1.0,1.0,0.5343854427337646,20260226_224111_run25
c22,EthanolConcentration,0.467680608365019,0.44332823070465655,0.4675615963478568,0.467680608365019,0.786156415939331,20260226_224116_run25
c22,EthanolLevel,0.496,0.47613278499213385,0.48367711301044636,0.496,0.62725830078125,20260226_224119_run25
c22,FaceAll,0.8798816568047337,0.8823945466160527,0.8904504530331049,0.8798816568047337,11.390695810317993,20260226_224131_run25
c22,FaceDetection,0.6316685584562997,0.6314387302962443,0.6319978042558688,0.6316685584562997,127.2713508605957,20260226_224843_run25
c22,FaceFour,0.7272727272727273,0.7221161383466705,0.7698863636363636,0.7272727272727273,0.43398046493530273,20260226_224844_run25
c22,FacesUCR,0.7507317073170732,0.7452733462199348,0.7641625511031414,0.7507317073170732,9.70871114730835,20260226_224854_run25
c22,FiftyWords,0.6967032967032967,0.6584088057086532,0.6524001663374933,0.6967032967032967,6.637789487838745,20260226_224901_run25
c22,FingerMovements,0.47,0.469840856771094,0.469775641025641,0.47,3.716967821121216,20260226_224907_run25
c22,Fish,0.8857142857142857,0.8883080274544004,0.8977485187623436,0.8857142857142857,0.4516134262084961,20260226_224908_run25
c22,FordA,0.9325757575757576,0.9325177661523254,0.9330283353010624,0.9325757575757576,3.316631317138672,20260226_224916_run25
c22,FordB,0.908641975308642,0.9086352901267316,0.9086729372032991,0.908641975308642,3.0700197219848633,20260226_224923_run25
c22,FreezerRegularTrain,0.9982456140350877,0.998245608635299,0.9982517482517483,0.9982456140350877,1.3997089862823486,20260226_224926_run25
c22,FreezerSmallTrain,0.9989473684210526,0.9989473682914581,0.9989476141324046,0.9989473684210526,1.2686753273010254,20260226_224929_run25
c22,Fungi,0.8924731182795699,0.8858860686540952,0.9252902316731839,0.8924731182795699,3.4492099285125732,20260226_224933_run25
c22,GunPoint,0.9733333333333334,0.9733238501659556,0.9747008547008547,0.9733333333333334,0.43150901794433594,20260226_224933_run25
c22,GunPointAgeSpan,0.9715189873417721,0.9715129947634379,0.9716822972102563,0.9715189873417721,0.44083595275878906,20260226_224934_run25
c22,GunPointMaleVersusFemale,1.0,1.0,1.0,1.0,0.44033360481262207,20260226_224934_run25
c22,GunPointOldVersusYoung,1.0,1.0,1.0,1.0,0.4519379138946533,20260226_224935_run25
c22,Ham,0.7619047619047619,0.7573060239045939,0.7774660531926832,0.7619047619047619,0.4410068988800049,20260226_224936_run25
c22,HandMovementDirection,0.3108108108108108,0.2799437636394158,0.2878653540418247,0.3108108108108108,1.1275393962860107,20260226_224939_run25
c22,HandOutlines,0.9162162162162162,0.9160018329542685,0.9159173596673598,0.9162162162162162,0.8834891319274902,20260226_224945_run25
c22,Handwriting,0.27647058823529413,0.21981992095168554,0.2919136666159236,0.27647058823529413,10.105790376663208,20260226_224957_run25
c22,Haptics,0.4707792207792208,0.45127386033929223,0.47533984460861933,0.4707792207792208,0.4409298896789551,20260226_224958_run25
c22,Heartbeat,0.7609756097560976,0.7242730015952641,0.7437811615685218,0.7609756097560976,3.7321724891662598,20260226_225023_run25
c22,Herring,0.59375,0.4424019607843137,0.3525390625,0.59375,0.4539296627044678,20260226_225024_run25
c22,HouseTwenty,0.9663865546218487,0.9664689405173833,0.9671053266312265,0.9663865546218487,0.44144630432128906,20260226_225024_run25
c22,InlineSkate,0.5327272727272727,0.5255617756517009,0.5547696016493684,0.5327272727272727,0.4773435592651367,20260226_225027_run25
c22,InsectEPGRegularTrain,1.0,1.0,1.0,1.0,0.4450864791870117,20260226_225027_run25
c22,InsectEPGSmallTrain,1.0,1.0,1.0,1.0,0.4473552703857422,20260226_225028_run25
c22,InsectWingbeatSound,0.5797979797979798,0.5733102140036372,0.585192176869748,0.5797979797979798,9.73620057106018,20260226_225039_run25
c22,ItalyPowerDemand,0.8892128279883382,0.8891156536068384,0.8907439210208524,0.8892128279883382,0.6467628479003906,20260226_225040_run25
c22,LSST,0.7157339821573399,0.6796004961801998,0.7017926716585423,0.7157339821573399,148.62104177474976,20260226_225314_run25
c22,LargeKitchenAppliances,0.9573333333333334,0.9573333333333334,0.9573333333333334,0.9573333333333334,0.5562493801116943,20260226_225316_run25
c22,Libras,0.9277777777777778,0.926616040963867,0.9420634920634919,0.9277777777777778,4.807437896728516,20260226_225321_run25
c22,Lightning2,0.7049180327868853,0.6746901239504198,0.7740604438496709,0.7049180327868853,0.43297362327575684,20260226_225321_run25
c22,Lightning7,0.7808219178082192,0.7722560220361231,0.8042174720256913,0.7808219178082192,0.43272972106933594,20260226_225322_run25
c22,Mallat,0.9317697228144989,0.9315393575077138,0.934812056655499,0.9317697228144989,1.0806915760040283,20260226_225326_run25
c22,Meat,0.9166666666666666,0.9166145507608923,0.9172932330827066,0.9166666666666666,0.4299807548522949,20260226_225327_run25
c22,MedicalImages,0.7947368421052632,0.7853279467317431,0.7888282333217428,0.7947368421052632,0.7226202487945557,20260226_225328_run25
c22,MiddlePhalanxOutlineAgeGroup,0.7467532467532467,0.6980766896689019,0.799800607001694,0.7467532467532467,0.4868347644805908,20260226_225329_run25
c22,ACSF1,0.84,0.8352264059357881,0.8518803418803419,0.84,0.430103063583374,20260226_225330_run26
c22,Adiac,0.7902813299232737,0.7867567369566932,0.8157342511223961,0.7902813299232737,5.658953428268433,20260226_225336_run26
c22,ArrowHead,0.7428571428571429,0.74399416909621,0.749509001276965,0.7428571428571429,0.4327828884124756,20260226_225336_run26
c22,ArticularyWordRecognition,0.99,0.9899826086956522,0.990769230769231,0.99,19.762017965316772,20260226_225358_run26
c22,AtrialFibrillation,0.3333333333333333,0.3333333333333333,0.5238095238095238,0.3333333333333333,0.44133424758911133,20260226_225358_run26
c22,BME,0.8733333333333333,0.8695637249854118,0.9003467510930196,0.8733333333333333,0.43101048469543457,20260226_225359_run26
c22,BasicMotions,1.0,1.0,1.0,1.0,0.5095381736755371,20260226_225359_run26
c22,Beef,0.5,0.4781365693130399,0.5166233766233767,0.5,0.42736196517944336,20260226_225400_run26
c22,BeetleFly,0.8,0.7979797979797979,0.8125,0.8,0.42582106590270996,20260226_225400_run26
c22,BirdChicken,0.8,0.8,0.8,0.8,0.4266984462738037,20260226_225401_run26
c22,CBF,0.9966666666666667,0.9966666790228736,0.9966777653908088,0.9966666666666667,0.557443380355835,20260226_225402_run26
c22,Car,0.7833333333333333,0.7840343437152392,0.8201608187134503,0.7833333333333333,0.42966318130493164,20260226_225402_run26
c22,Chinatown,0.8483965014577259,0.8555833627171898,0.8933533441525802,0.8483965014577259,0.43631887435913086,20260226_225403_run26
c22,ChlorineConcentration,0.603125,0.5084255987987532,0.7009736996139282,0.603125,2.028001308441162,20260226_225407_run26
c22,CinCECGTorso,0.8478260869565217,0.8469146733436752,0.8500173996900355,0.8478260869565217,0.7769200801849365,20260226_225411_run26
c22,Coffee,0.9285714285714286,0.9285714285714286,0.9285714285714286,0.9285714285714286,0.4274578094482422,20260226_225412_run26
c22,Computers,0.82,0.8197664172767907,0.821667524446732,0.82,0.45319628715515137,20260226_225413_run26
c22,Cricket,1.0,1.0,1.0,1.0,6.553046703338623,20260226_225422_run26
c22,CricketX,0.6846153846153846,0.6780423277015878,0.6925917336578838,0.6846153846153846,6.041480779647827,20260226_225428_run26
c22,CricketY,0.6358974358974359,0.6326384573306841,0.6355226826464907,0.6358974358974359,5.884305477142334,20260226_225435_run26
c22,CricketZ,0.6666666666666666,0.6649096525700547,0.672933784805013,0.6666666666666666,5.8902976512908936,20260226_225441_run26
c22,Crop,0.7286309523809524,0.7260299419488382,0.7268925910403903,0.7286309523809524,197.57406210899353,20260226_225804_run26
c22,DiatomSizeReduction,0.9150326797385621,0.8925798668377009,0.933442265795207,0.9150326797385621,0.43170714378356934,20260226_225804_run26
c22,DistalPhalanxOutlineAgeGroup,0.8489208633093526,0.8472745227762267,0.8468992008764652,0.8489208633093526,0.47844457626342773,20260226_225805_run26
c22,DistalPhalanxOutlineCorrect,0.8369565217391305,0.8358532350890623,0.8365982241953385,0.8369565217391305,0.6441013813018799,20260226_225806_run26
c22,DistalPhalanxTW,0.7194244604316546,0.6847481176031684,0.6816109824005202,0.7194244604316546,0.47969508171081543,20260226_225806_run26
c22,DuckDuckGeese,0.74,0.7413368983957218,0.7733333333333333,0.74,24.374683380126953,20260226_230002_run26
c22,ECG200,0.84,0.8363093622795116,0.8394285714285715,0.84,0.43204164505004883,20260226_230002_run26
c22,ECG5000,0.942,0.930101961303573,0.9353258551389148,0.942,2.280911684036255,20260226_230007_run26
c22,ECGFiveDays,0.9535423925667829,0.953491816047804,0.955187624538146,0.9535423925667829,0.5393824577331543,20260226_230008_run26
c22,EOGHorizontalSignal,0.7569060773480663,0.7480391193700613,0.7458024286069965,0.7569060773480663,5.489741325378418,20260226_230015_run26
c22,EOGVerticalSignal,0.7513812154696132,0.7450105894305217,0.7481079745268207,0.7513812154696132,5.486848592758179,20260226_230022_run26
c22,ERing,0.9037037037037037,0.9041014187350418,0.9087617260787992,0.9037037037037037,0.5851726531982422,20260226_230023_run26
c22,Earthquakes,0.7482014388489209,0.6404357995085412,0.5598053930955955,0.7482014388489209,0.4652137756347656,20260226_230023_run26
c22,EigenWorms,0.9312977099236641,0.9317331040836996,0.9333036374540733,0.9312977099236641,0.8063464164733887,20260226_230140_run26
c22,ElectricDevices,0.9019582414732201,0.9019123793418012,0.9045603252272941,0.9019582414732201,15.392364263534546,20260226_230200_run26
c22,Epilepsy,1.0,1.0,1.0,1.0,0.5362908840179443,20260226_230201_run26
c22,EthanolConcentration,0.44106463878326996,0.4166419541638358,0.41524906530108197,0.44106463878326996,0.7892305850982666,20260226_230206_run26
c22,EthanolLevel,0.526,0.5047876610109835,0.5111507557410031,0.526,0.6434521675109863,20260226_230209_run26
c22,FaceAll,0.8633136094674556,0.8672106724695031,0.8766048570096752,0.8633136094674556,11.410469770431519,20260226_230221_run26
c22,FaceDetection,0.6424517593643587,0.6419184392358758,0.6433055057631715,0.6424517593643587,127.09662175178528,20260226_230937_run26
c22,FaceFour,0.7272727272727273,0.7194744260227736,0.7587689034558104,0.7272727272727273,0.44081997871398926,20260226_230937_run26
c22,FacesUCR,0.764390243902439,0.7660183224392063,0.7874252898776989,0.764390243902439,9.733977556228638,20260226_230948_run26
c22,FiftyWords,0.6395604395604395,0.6136743884168921,0.6202005360742887,0.6395604395604395,6.663877248764038,20260226_230955_run26
c22,FingerMovements,0.62,0.6190847049377759,0.6201616161616161,0.62,3.7386410236358643,20260226_231001_run26
c22,Fish,0.8571428571428571,0.8566042611098225,0.8590899412574288,0.8571428571428571,0.4704117774963379,20260226_231002_run26
c22,FordA,0.9204545454545454,0.9204335594879848,0.9204983060417844,0.9204545454545454,3.3287856578826904,20260226_231010_run26
c22,FordB,0.8925925925925926,0.8925950482140096,0.8926655268154072,0.8925925925925926,3.0597386360168457,20260226_231017_run26
c22,FreezerRegularTrain,0.9982456140350877,0.998245608635299,0.9982517482517483,0.9982456140350877,1.4057378768920898,20260226_231020_run26
c22,FreezerSmallTrain,0.9978947368421053,0.997894732695072,0.9978986599586627,0.9978947368421053,1.273679256439209,20260226_231023_run26
c22,Fungi,0.7526881720430108,0.7578959619256997,0.848620614749647,0.7526881720430108,3.561246871948242,20260226_231027_run26
c22,GunPoint,0.96,0.96,0.96,0.96,0.4455437660217285,20260226_231027_run26
c22,GunPointAgeSpan,0.9778481012658228,0.9778434422387773,0.9787994098004195,0.9778481012658228,0.4576699733734131,20260226_231028_run26
c22,GunPointMaleVersusFemale,1.0,1.0,1.0,1.0,0.4543802738189697,20260226_231028_run26
c22,GunPointOldVersusYoung,1.0,1.0,1.0,1.0,0.4566071033477783,20260226_231029_run26
c22,Ham,0.6761904761904762,0.669012135405578,0.6872132636838519,0.6761904761904762,0.4455111026763916,20260226_231030_run26
c22,HandMovementDirection,0.24324324324324326,0.23847249494286257,0.25711872586872586,0.24324324324324326,1.1311116218566895,20260226_231033_run26
c22,HandOutlines,0.9216216216216216,0.9201174024703438,0.9241835585585585,0.9216216216216216,0.8746087551116943,20260226_231040_run26
c22,Handwriting,0.27647058823529413,0.22021099180390025,0.29787569153590565,0.27647058823529413,10.134908199310303,20260226_231051_run26
c22,Haptics,0.42207792207792205,0.3916663799773262,0.4622787392795695,0.42207792207792205,0.45470190048217773,20260226_231053_run26
c22,Heartbeat,0.7365853658536585,0.7016673435796583,0.7060747236685849,0.7365853658536585,3.7469418048858643,20260226_231117_run26
c22,Herring,0.59375,0.46839285714285717,0.5574596774193549,0.59375,0.45819759368896484,20260226_231118_run26
c22,HouseTwenty,0.9411764705882353,0.9415289837130544,0.9484004127966976,0.9411764705882353,0.4416639804840088,20260226_231119_run26
c22,InlineSkate,0.5672727272727273,0.5632174646707743,0.5908908480866608,0.5672727272727273,0.47762084007263184,20260226_231121_run26
c22,InsectEPGRegularTrain,1.0,1.0,1.0,1.0,0.4453301429748535,20260226_231122_run26
c22,InsectEPGSmallTrain,1.0,1.0,1.0,1.0,0.44310688972473145,20260226_231123_run26
c22,InsectWingbeatSound,0.6161616161616161,0.599775403593635,0.6050551142690755,0.6161616161616161,9.733926773071289,20260226_231134_run26
c22,ItalyPowerDemand,0.9212827988338192,0.9210853241707225,0.9258224099100578,0.9212827988338192,0.6487584114074707,20260226_231134_run26
c22,LSST,0.713300892133009,0.6753603464256284,0.6912867361494938,0.713300892133009,148.70514488220215,20260226_231409_run26
c22,LargeKitchenAppliances,0.9173333333333333,0.9173689497348552,0.9178130276370745,0.9173333333333333,0.5565385818481445,20260226_231410_run26
c22,Libras,0.9277777777777778,0.9272610288262461,0.9360472860472859,0.9277777777777778,4.798586368560791,20260226_231415_run26
c22,Lightning2,0.8032786885245902,0.7915854637166112,0.8557377049180328,0.8032786885245902,0.5687031745910645,20260226_231416_run26
c22,Lightning7,0.6986301369863014,0.6776917862332851,0.7405850552068539,0.6986301369863014,0.4286530017852783,20260226_231416_run26
c22,Mallat,0.9509594882729211,0.9503234630787268,0.9570708025531711,0.9509594882729211,1.0817809104919434,20260226_231421_run26
c22,Meat,0.8666666666666667,0.8666666666666667,0.8666666666666667,0.8666666666666667,0.4262561798095703,20260226_231422_run26
c22,MedicalImages,0.7960526315789473,0.79057842911202,0.8006198710421988,0.7960526315789473,0.7204034328460693,20260226_231423_run26
c22,MiddlePhalanxOutlineAgeGroup,0.7467532467532467,0.7200846494843065,0.745027294134437,0.7467532467532467,0.48769330978393555,20260226_231423_run26
c22,ACSF1,0.76,0.7585032742193867,0.8019905094905094,0.76,0.42910313606262207,20260226_231424_run27
c22,Adiac,0.731457800511509,0.723337676830099,0.7717220859635721,0.731457800511509,5.657826662063599,20260226_231430_run27
c22,ArrowHead,0.7942857142857143,0.7909847192608387,0.79967602824111,0.7942857142857143,0.42943787574768066,20260226_231431_run27
c22,ArticularyWordRecognition,0.9933333333333333,0.9933217391304349,0.9938461538461539,0.9933333333333333,19.85233736038208,20260226_231452_run27
c22,AtrialFibrillation,0.2,0.21666666666666667,0.24444444444444444,0.2,0.43933773040771484,20260226_231453_run27
c22,BME,0.94,0.9399459513562207,0.9409875551987155,0.94,0.42638564109802246,20260226_231453_run27
c22,BasicMotions,1.0,1.0,1.0,1.0,0.5074224472045898,20260226_231454_run27
c22,Beef,0.5,0.49327561327561326,0.5133333333333333,0.5,0.42383742332458496,20260226_231455_run27
c22,BeetleFly,0.8,0.7979797979797979,0.8125,0.8,0.4245162010192871,20260226_231455_run27
c22,BirdChicken,0.95,0.949874686716792,0.9545454545454545,0.95,0.42449092864990234,20260226_231456_run27
c22,CBF,0.9811111111111112,0.9810645637434474,0.9815915792021298,0.9811111111111112,0.5589003562927246,20260226_231456_run27
c22,Car,0.8,0.799520202020202,0.838595571095571,0.8,0.42586445808410645,20260226_231457_run27
c22,Chinatown,0.9271137026239067,0.9283049968263741,0.9316681774750717,0.9271137026239067,0.4331629276275635,20260226_231457_run27
c22,ChlorineConcentration,0.6046875,0.5416626536678476,0.5981292417096081,0.6046875,2.0215489864349365,20260226_231501_run27
c22,CinCECGTorso,0.8297101449275363,0.830381185194006,0.836679844432558,0.8297101449275363,0.795893669128418,20260226_231506_run27
c22,Coffee,0.9285714285714286,0.9285714285714286,0.9285714285714286,0.9285714285714286,0.44010496139526367,20260226_231507_run27
c22,Computers,0.832,0.831989247311828,0.8320850137635234,0.832,0.458660364151001,20260226_231508_run27
c22,Cricket,1.0,1.0,1.0,1.0,6.743966102600098,20260226_231517_run27
c22,CricketX,0.6435897435897436,0.6261099156563054,0.6558672826025767,0.6435897435897436,5.919014930725098,20260226_231523_run27
c22,CricketY,0.6435897435897436,0.6339962405800589,0.6395799112090903,0.6435897435897436,5.921135425567627,20260226_231530_run27
c22,CricketZ,0.6923076923076923,0.6926956544650072,0.6979423724163176,0.6923076923076923,5.896321058273315,20260226_231536_run27
c22,Crop,0.7336904761904762,0.7327805117964141,0.7356351616696933,0.7336904761904762,197.72397685050964,20260226_231859_run27
c22,DiatomSizeReduction,0.9901960784313726,0.9901287621510112,0.9903693800752624,0.9901960784313726,0.44593071937561035,20260226_231859_run27
c22,DistalPhalanxOutlineAgeGroup,0.7841726618705036,0.7818546405111935,0.7848003006029081,0.7841726618705036,0.4839167594909668,20260226_231900_run27
c22,DistalPhalanxOutlineCorrect,0.8405797101449275,0.8405797101449275,0.8405797101449275,0.8405797101449275,0.6493420600891113,20260226_231901_run27
c22,DistalPhalanxTW,0.6906474820143885,0.6503350496156252,0.6375867726871135,0.6906474820143885,0.48685669898986816,20260226_231902_run27
c22,DuckDuckGeese,0.58,0.5491304347826087,0.6611721611721612,0.58,25.959083080291748,20260226_232058_run27
c22,ECG200,0.83,0.8282509127115831,0.8281139755766621,0.83,0.46140265464782715,20260226_232059_run27
c22,ECG5000,0.936,0.9265280512071602,0.9224904468172135,0.936,2.2828519344329834,20260226_232103_run27
c22,ECGFiveDays,0.9094076655052264,0.9091766650957608,0.914187071836935,0.9094076655052264,0.5481784343719482,20260226_232104_run27
c22,EOGHorizontalSignal,0.787292817679558,0.7810506783670113,0.7820538773234109,0.787292817679558,5.541895389556885,20260226_232111_run27
c22,EOGVerticalSignal,0.712707182320442,0.7096515002197722,0.7152291301942996,0.712707182320442,5.679089546203613,20260226_232119_run27
c22,ERing,0.9037037037037037,0.903895234932852,0.9094125949832581,0.9037037037037037,0.592954158782959,20260226_232119_run27
c22,Earthquakes,0.7482014388489209,0.6404357995085412,0.5598053930955955,0.7482014388489209,0.462810754776001,20260226_232120_run27
c22,EigenWorms,0.9236641221374046,0.9238266892847046,0.9252103359237852,0.9236641221374046,0.8238246440887451,20260226_232237_run27
c22,ElectricDevices,0.9019582414732201,0.9020678266398572,0.9035579194919156,0.9019582414732201,15.412073612213135,20260226_232257_run27
c22,Epilepsy,1.0,1.0,1.0,1.0,0.54117751121521,20260226_232258_run27
c22,EthanolConcentration,0.4790874524714829,0.460956480686446,0.465941080710283,0.4790874524714829,0.7947249412536621,20260226_232302_run27
c22,EthanolLevel,0.526,0.5160312148409709,0.5155733389007777,0.526,0.6302776336669922,20260226_232305_run27
c22,FaceAll,0.8733727810650888,0.8740137010342262,0.8805053639325523,0.8733727810650888,11.44368863105774,20260226_232318_run27
c22,FaceDetection,0.6396140749148694,0.6390443856008754,0.6405010755114027,0.6396140749148694,127.51385283470154,20260226_233029_run27
c22,FaceFour,0.75,0.7446378867629516,0.7783333333333334,0.75,0.42995476722717285,20260226_233030_run27
c22,FacesUCR,0.7697560975609756,0.7619680589455184,0.7835857494710486,0.7697560975609756,9.71427035331726,20260226_233041_run27
c22,FiftyWords,0.6593406593406593,0.6230690676144416,0.618669991426481,0.6593406593406593,6.615530729293823,20260226_233048_run27
c22,FingerMovements,0.57,0.57004300430043,0.5701999999999999,0.57,3.7804577350616455,20260226_233054_run27
c22,Fish,0.8457142857142858,0.8451972938074906,0.8561588148325475,0.8457142857142858,0.45546936988830566,20260226_233055_run27
c22,FordA,0.9409090909090909,0.9408993108844151,0.9409284696966562,0.9409090909090909,3.449300765991211,20260226_233102_run27
c22,FordB,0.8987654320987655,0.898737644832653,0.8989841184149477,0.8987654320987655,3.0428967475891113,20260226_233110_run27
c22,FreezerRegularTrain,0.9985964912280701,0.9985964905368989,0.9985974733837579,0.9985964912280701,1.4005322456359863,20260226_233113_run27
c22,FreezerSmallTrain,0.9971929824561403,0.9971929603384995,0.997208653175157,0.9971929824561403,1.2701029777526855,20260226_233116_run27
c22,Fungi,0.8118279569892473,0.8073629323236287,0.8508009296908727,0.8118279569892473,3.4539060592651367,20260226_233119_run27
c22,GunPoint,0.9933333333333333,0.993333629642799,0.9934222222222221,0.9933333333333333,0.43085241317749023,20260226_233120_run27
c22,GunPointAgeSpan,0.9715189873417721,0.9715175612232674,0.9720027695421378,0.9715189873417721,0.4407780170440674,20260226_233120_run27
c22,GunPointMaleVersusFemale,1.0,1.0,1.0,1.0,0.4417119026184082,20260226_233121_run27
c22,GunPointOldVersusYoung,1.0,1.0,1.0,1.0,0.44095683097839355,20260226_233122_run27
c22,Ham,0.7142857142857143,0.7143375492432096,0.7149077337756583,0.7142857142857143,0.43328022956848145,20260226_233122_run27
c22,HandMovementDirection,0.33783783783783783,0.3070178075739811,0.2947635135135135,0.33783783783783783,1.1318237781524658,20260226_233125_run27
c22,HandOutlines,0.9108108108108108,0.9095137275471155,0.9115797395458412,0.9108108108108108,0.8680636882781982,20260226_233132_run27
c22,Handwriting,0.3352941176470588,0.28221002631628844,0.4051186047935785,0.3352941176470588,10.095415115356445,20260226_233143_run27
c22,Haptics,0.5064935064935064,0.49100126714420084,0.5232068556743881,0.5064935064935064,0.44179391860961914,20260226_233145_run27
c22,Heartbeat,0.751219512195122,0.7338443670150987,0.7316196874543596,0.751219512195122,3.662443161010742,20260226_233210_run27
c22,Herring,0.59375,0.46839285714285717,0.5574596774193549,0.59375,0.44736337661743164,20260226_233210_run27
c22,HouseTwenty,0.9411764705882353,0.9410909774853913,0.9411421711541759,0.9411764705882353,0.45197010040283203,20260226_233211_run27
c22,InlineSkate,0.5509090909090909,0.5506603147070526,0.5654641236167184,0.5509090909090909,0.4736449718475342,20260226_233213_run27
c22,InsectEPGRegularTrain,1.0,1.0,1.0,1.0,0.43773722648620605,20260226_233214_run27
c22,InsectEPGSmallTrain,1.0,1.0,1.0,1.0,0.4336419105529785,20260226_233215_run27
c22,InsectWingbeatSound,0.6111111111111112,0.6024762157103697,0.6029522835562208,0.6111111111111112,9.73316240310669,20260226_233226_run27
c22,ItalyPowerDemand,0.891156462585034,0.8911091532592295,0.8917362106963217,0.891156462585034,0.6428983211517334,20260226_233227_run27
c22,LSST,0.7222222222222222,0.6896159063250371,0.7142190949783715,0.7222222222222222,148.88715529441833,20260226_233501_run27
c22,LargeKitchenAppliances,0.936,0.9360275815773486,0.9367746014541841,0.936,0.5570814609527588,20260226_233503_run27
c22,Libras,0.9666666666666667,0.9665503192459715,0.969030969030969,0.9666666666666667,4.819375276565552,20260226_233508_run27
c22,Lightning2,0.7049180327868853,0.6922571932325469,0.7218621595289533,0.7049180327868853,0.4317638874053955,20260226_233508_run27
c22,Lightning7,0.6712328767123288,0.6639169509424361,0.7135533416355334,0.6712328767123288,0.43309640884399414,20260226_233509_run27
c22,Mallat,0.9492537313432836,0.9492456482560219,0.9500371458465068,0.9492537313432836,1.0943667888641357,20260226_233513_run27
c22,Meat,0.8333333333333334,0.8295098842461293,0.8346704623878537,0.8333333333333334,0.4379088878631592,20260226_233514_run27
c22,MedicalImages,0.8013157894736842,0.7927665503324796,0.7995585108039069,0.8013157894736842,0.7229669094085693,20260226_233515_run27
c22,MiddlePhalanxOutlineAgeGroup,0.7207792207792207,0.697339379301823,0.7069465004247614,0.7207792207792207,0.49071693420410156,20260226_233516_run27
c22,ACSF1,0.78,0.7754041501490687,0.7886094461094462,0.78,0.4357311725616455,20260226_233517_run28
c22,Adiac,0.7570332480818415,0.7566490606494962,0.7825770847509979,0.7570332480818415,5.840973615646362,20260226_233523_run28
c22,ArrowHead,0.6742857142857143,0.6778736958138798,0.691075401947613,0.6742857142857143,0.44388270378112793,20260226_233523_run28
c22,ArticularyWordRecognition,0.9866666666666667,0.986649275362319,0.9874358974358977,0.9866666666666667,19.765493631362915,20260226_233545_run28
c22,AtrialFibrillation,0.3333333333333333,0.3484848484848485,0.3888888888888889,0.3333333333333333,0.4529266357421875,20260226_233545_run28
c22,BME,0.9466666666666667,0.9464739729693563,0.9507575757575758,0.9466666666666667,0.44870901107788086,20260226_233546_run28
c22,BasicMotions,1.0,1.0,1.0,1.0,0.5261228084564209,20260226_233547_run28
c22,Beef,0.5666666666666667,0.5652014652014652,0.6369047619047618,0.5666666666666667,0.4500772953033447,20260226_233547_run28
c22,BeetleFly,0.95,0.949874686716792,0.9545454545454545,0.95,0.44076061248779297,20260226_233548_run28
c22,BirdChicken,0.95,0.949874686716792,0.9545454545454545,0.95,0.44534778594970703,20260226_233548_run28
c22,CBF,0.9944444444444445,0.9944516527639522,0.9945355191256829,0.9944444444444445,0.5649466514587402,20260226_233549_run28
c22,Car,0.8,0.789000123594117,0.8377314814814815,0.8,0.44145917892456055,20260226_233550_run28
c22,Chinatown,0.9212827988338192,0.921151199984978,0.9210385278535377,0.9212827988338192,0.45691657066345215,20260226_233550_run28
c22,ChlorineConcentration,0.5955729166666667,0.502910366313482,0.6908736309102542,0.5955729166666667,2.0352487564086914,20260226_233554_run28
c22,CinCECGTorso,0.8079710144927537,0.8127647221693006,0.84383636735483,0.8079710144927537,0.782834529876709,20260226_233559_run28
c22,Coffee,0.9285714285714286,0.9285714285714286,0.9380952380952381,0.9285714285714286,0.44025373458862305,20260226_233559_run28
c22,Computers,0.832,0.8319569809871328,0.8323403164840797,0.832,0.46009087562561035,20260226_233600_run28
c22,Cricket,0.9861111111111112,0.9860139860139859,0.988095238095238,0.9861111111111112,6.77050256729126,20260226_233609_run28
c22,CricketX,0.6615384615384615,0.6458356588914954,0.6583195366359144,0.6615384615384615,5.949148893356323,20260226_233616_run28
c22,CricketY,0.676923076923077,0.6700553318196276,0.6761579963907818,0.676923076923077,5.954285144805908,20260226_233622_run28
c22,CricketZ,0.6615384615384615,0.6576895660107883,0.6632048475118649,0.6615384615384615,5.92067813873291,20260226_233629_run28
c22,Crop,0.72875,0.7257977539474918,0.7263053227161544,0.72875,197.74673342704773,20260226_233952_run28
c22,DiatomSizeReduction,0.9836601307189542,0.9833750304281769,0.9842308135375363,0.9836601307189542,0.4370861053466797,20260226_233952_run28
c22,DistalPhalanxOutlineAgeGroup,0.8201438848920863,0.8206697999942584,0.8225922963374409,0.8201438848920863,0.4782240390777588,20260226_233953_run28
c22,DistalPhalanxOutlineCorrect,0.8405797101449275,0.8393574297188755,0.8404344193817878,0.8405797101449275,0.6440920829772949,20260226_233954_run28
c22,DistalPhalanxTW,0.6690647482014388,0.6501824917371027,0.6446508247947097,0.6690647482014388,0.48403191566467285,20260226_233954_run28
c22,DuckDuckGeese,0.66,0.6593984962406014,0.6616161616161615,0.66,24.543487548828125,20260226_234150_run28
c22,ECG200,0.76,0.7462857142857143,0.7584210526315789,0.76,0.4303865432739258,20260226_234150_run28
c22,ECG5000,0.9404444444444444,0.9281342286177713,0.9291494457019858,0.9404444444444444,2.2770233154296875,20260226_234155_run28
c22,ECGFiveDays,0.9454123112659698,0.9453570173635136,0.9469020712754801,0.9454123112659698,0.5421226024627686,20260226_234156_run28
c22,EOGHorizontalSignal,0.7596685082872928,0.7543757388373509,0.7582663576839346,0.7596685082872928,5.488214015960693,20260226_234203_run28
c22,EOGVerticalSignal,0.7348066298342542,0.723829272346677,0.7278761186405007,0.7348066298342542,5.4912402629852295,20260226_234210_run28
c22,ERing,0.9444444444444444,0.9435765331500545,0.9455685144737939,0.9444444444444444,0.5859830379486084,20260226_234211_run28
c22,Earthquakes,0.7482014388489209,0.6404357995085412,0.5598053930955955,0.7482014388489209,0.4506101608276367,20260226_234211_run28
c22,EigenWorms,0.916030534351145,0.9157967295607713,0.9172150565938405,0.916030534351145,0.8245632648468018,20260226_234328_run28
c22,ElectricDevices,0.9048113085202957,0.9046646354956546,0.906727869691832,0.9048113085202957,15.393875360488892,20260226_234348_run28
c22,Epilepsy,1.0,1.0,1.0,1.0,0.5361518859863281,20260226_234349_run28
c22,EthanolConcentration,0.4448669201520912,0.42302854722500327,0.43265406248357313,0.4448669201520912,0.7891511917114258,20260226_234353_run28
c22,EthanolLevel,0.522,0.5014992663378427,0.507639011204004,0.522,0.6289875507354736,20260226_234356_run28
c22,FaceAll,0.8662721893491124,0.8701297992446559,0.8772413575042712,0.8662721893491124,11.4118173122406,20260226_234409_run28
c22,FaceDetection,0.626844494892168,0.6266272704720058,0.6271403707409298,0.626844494892168,127.44794034957886,20260226_235120_run28
c22,FaceFour,0.7045454545454546,0.6970394883516244,0.7189501359624358,0.7045454545454546,0.4396681785583496,20260226_235121_run28
c22,FacesUCR,0.7560975609756098,0.7522515007868158,0.7761766383532852,0.7560975609756098,9.73896050453186,20260226_235131_run28
c22,FiftyWords,0.6747252747252748,0.6453837295941939,0.6677398480093877,0.6747252747252748,6.658616304397583,20260226_235139_run28
c22,FingerMovements,0.58,0.5796638655462185,0.5811882778000803,0.58,3.7822415828704834,20260226_235145_run28
c22,Fish,0.9142857142857143,0.911417650672309,0.9141798941798941,0.9142857142857143,0.4564509391784668,20260226_235145_run28
c22,FordA,0.9272727272727272,0.9272339178926506,0.9274683500047419,0.9272727272727272,3.3171885013580322,20260226_235153_run28
c22,FordB,0.9049382716049382,0.9049369676011895,0.9051591388136103,0.9049382716049382,3.038666009902954,20260226_235200_run28
c22,FreezerRegularTrain,0.9992982456140351,0.9992982452684495,0.9992992291520674,0.9992982456140351,1.39841890335083,20260226_235203_run28
c22,FreezerSmallTrain,0.9508771929824561,0.9508190416837587,0.9530197855440393,0.9508771929824561,1.2665941715240479,20260226_235206_run28
c22,Fungi,0.8225806451612904,0.8116541791399475,0.890456557370819,0.8225806451612904,3.4994308948516846,20260226_235210_run28
c22,GunPoint,0.9933333333333333,0.993333629642799,0.9934222222222221,0.9933333333333333,0.43046069145202637,20260226_235210_run28
c22,GunPointAgeSpan,0.9683544303797469,0.9683556980787261,0.9684345457458741,0.9683544303797469,0.4454457759857178,20260226_235211_run28
c22,GunPointMaleVersusFemale,0.9968354430379747,0.9968359194795887,0.9968564003688489,0.9968354430379747,0.44287824630737305,20260226_235212_run28
c22,GunPointOldVersusYoung,1.0,1.0,1.0,1.0,0.44412779808044434,20260226_235212_run28
c22,Ham,0.638095238095238,0.6379639228695831,0.6396883116883118,0.638095238095238,0.4337911605834961,20260226_235213_run28
c22,HandMovementDirection,0.32432432432432434,0.3417124527582812,0.4028460278460278,0.32432432432432434,1.2681846618652344,20260226_235216_run28
c22,HandOutlines,0.8837837837837837,0.883277158088187,0.8831180547799867,0.8837837837837837,0.8866090774536133,20260226_235223_run28
c22,Handwriting,0.28823529411764703,0.24037201296609456,0.3286143675890249,0.28823529411764703,10.10290002822876,20260226_235234_run28
c22,Haptics,0.461038961038961,0.4396986872035939,0.4831280500277607,0.461038961038961,0.4425337314605713,20260226_235236_run28
c22,Heartbeat,0.775609756097561,0.7541056910569106,0.7604083947816223,0.775609756097561,3.5883848667144775,20260226_235300_run28
c22,Herring,0.578125,0.45983542319749215,0.4858265027322404,0.578125,0.4466123580932617,20260226_235301_run28
c22,HouseTwenty,0.9663865546218487,0.9662836563196706,0.9667465577780407,0.9663865546218487,0.4296269416809082,20260226_235302_run28
c22,InlineSkate,0.5254545454545455,0.5251870934515483,0.5282106089983325,0.5254545454545455,0.4754951000213623,20260226_235304_run28
c22,InsectEPGRegularTrain,1.0,1.0,1.0,1.0,0.4320104122161865,20260226_235305_run28
c22,InsectEPGSmallTrain,1.0,1.0,1.0,1.0,0.4297518730163574,20260226_235306_run28
c22,InsectWingbeatSound,0.5944444444444444,0.5816286121132662,0.5872392881355991,0.5944444444444444,9.688565731048584,20260226_235316_run28
c22,ItalyPowerDemand,0.9067055393586005,0.9066237083004954,0.9083013563516023,0.9067055393586005,0.7813422679901123,20260226_235317_run28
c22,LSST,0.7262773722627737,0.6933770537467895,0.7083613892280819,0.7262773722627737,148.72127747535706,20260226_235552_run28
c22,LargeKitchenAppliances,0.9466666666666667,0.9467165524163411,0.9480664053295632,0.9466666666666667,0.5593852996826172,20260226_235553_run28
c22,Libras,0.9277777777777778,0.9280199092373006,0.9318104118104118,0.9277777777777778,4.832008123397827,20260226_235558_run28
c22,Lightning2,0.7049180327868853,0.7037929926068788,0.7041974419023599,0.7049180327868853,0.43807029724121094,20260226_235559_run28
c22,Lightning7,0.684931506849315,0.690675521094538,0.720808871493803,0.684931506849315,0.43953776359558105,20260226_235559_run28
c22,Mallat,0.9198294243070363,0.9175514791007608,0.9342446848677692,0.9198294243070363,1.0864498615264893,20260226_235604_run28
c22,Meat,0.85,0.8485237483953786,0.8492063492063492,0.85,0.4248385429382324,20260226_235604_run28
c22,MedicalImages,0.8157894736842105,0.8062626278760842,0.8202202308526583,0.8157894736842105,0.7221508026123047,20260226_235605_run28
c22,MiddlePhalanxOutlineAgeGroup,0.7142857142857143,0.6959286396910185,0.7020176090256952,0.7142857142857143,0.48650097846984863,20260226_235606_run28
c22,ACSF1,0.8,0.7966190230478156,0.821388888888889,0.8,0.4313046932220459,20260226_235607_run29
c22,Adiac,0.7595907928388747,0.7527974659384421,0.7848949046707434,0.7595907928388747,5.529647588729858,20260226_235613_run29
c22,ArrowHead,0.7542857142857143,0.755972593275615,0.7751770451770452,0.7542857142857143,0.454089879989624,20260226_235613_run29
c22,ArticularyWordRecognition,0.98,0.979930191547583,0.981978021978022,0.98,19.938411235809326,20260226_235635_run29
c22,AtrialFibrillation,0.4,0.4026936026936027,0.4111111111111111,0.4,0.4504227638244629,20260226_235636_run29
c22,BME,0.9533333333333334,0.9533286661999534,0.9534480458850206,0.9533333333333334,0.4368011951446533,20260226_235636_run29
c22,BasicMotions,1.0,1.0,1.0,1.0,0.5231771469116211,20260226_235637_run29
c22,Beef,0.43333333333333335,0.4074675324675325,0.4,0.43333333333333335,0.4330108165740967,20260226_235638_run29
c22,BeetleFly,0.9,0.9,0.9,0.9,0.4365963935852051,20260226_235638_run29
c22,BirdChicken,0.85,0.846547314578005,0.8846153846153847,0.85,0.43444156646728516,20260226_235638_run29
c22,CBF,0.9955555555555555,0.9955498091235634,0.995592058531474,0.9955555555555555,0.5603764057159424,20260226_235639_run29
c22,Car,0.6833333333333333,0.6674907522886759,0.7346650326797385,0.6833333333333333,0.4377310276031494,20260226_235640_run29
c22,Chinatown,0.9446064139941691,0.9450430469540989,0.9459551544697079,0.9446064139941691,0.44210028648376465,20260226_235640_run29
c22,ChlorineConcentration,0.60625,0.5100047806918552,0.6476660532413921,0.60625,2.024221658706665,20260226_235644_run29
c22,CinCECGTorso,0.927536231884058,0.9272680201301661,0.9290892945752967,0.927536231884058,0.778472900390625,20260226_235649_run29
c22,Coffee,0.9285714285714286,0.9285714285714286,0.9285714285714286,0.9285714285714286,0.42368030548095703,20260226_235650_run29
c22,Computers,0.8,0.7997949900698316,0.8012338538654328,0.8,0.4496762752532959,20260226_235651_run29
c22,Cricket,1.0,1.0,1.0,1.0,6.60668683052063,20260226_235659_run29
c22,CricketX,0.6641025641025641,0.6496900946937475,0.6658843182926932,0.6641025641025641,5.882318735122681,20260226_235706_run29
c22,CricketY,0.6794871794871795,0.6733590561784384,0.6755889343334784,0.6794871794871795,5.913922309875488,20260226_235712_run29
c22,CricketZ,0.7051282051282052,0.7034045350245707,0.7060713065260313,0.7051282051282052,6.049839735031128,20260226_235719_run29
c22,Crop,0.7367261904761905,0.734278209612385,0.7355980379791345,0.7367261904761905,197.45967388153076,20260227_000041_run29
c22,DiatomSizeReduction,0.9771241830065359,0.9766812146217261,0.9781483849578478,0.9771241830065359,0.4342470169067383,20260227_000042_run29
c22,DistalPhalanxOutlineAgeGroup,0.7338129496402878,0.7330989399066281,0.7350731109265511,0.7338129496402878,0.48203349113464355,20260227_000043_run29
c22,DistalPhalanxOutlineCorrect,0.8333333333333334,0.8317401893460785,0.8334455730774267,0.8333333333333334,0.6436617374420166,20260227_000044_run29
c22,DistalPhalanxTW,0.697841726618705,0.6508497032743161,0.6449967897809625,0.697841726618705,0.4812443256378174,20260227_000044_run29
c22,DuckDuckGeese,0.62,0.6103304141155803,0.617985347985348,0.62,24.64779233932495,20260227_000240_run29
c22,ECG200,0.81,0.8129218537503923,0.8237943696450429,0.81,0.43412208557128906,20260227_000241_run29
c22,ECG5000,0.9388888888888889,0.9276729086279193,0.925790533922262,0.9388888888888889,2.2710423469543457,20260227_000245_run29
c22,ECGFiveDays,0.9326364692218351,0.9326319255894144,0.9328790706402296,0.9326364692218351,0.5405619144439697,20260227_000246_run29
c22,EOGHorizontalSignal,0.7734806629834254,0.7621545749055513,0.7706803254330514,0.7734806629834254,5.494572162628174,20260227_000253_run29
c22,EOGVerticalSignal,0.7237569060773481,0.7116979251252694,0.704220810452969,0.7237569060773481,5.5065295696258545,20260227_000300_run29
c22,ERing,0.9333333333333333,0.9329087981261894,0.9327872157164586,0.9333333333333333,0.5867812633514404,20260227_000301_run29
c22,Earthquakes,0.7482014388489209,0.6404357995085412,0.5598053930955955,0.7482014388489209,0.45493364334106445,20260227_000302_run29
c22,EigenWorms,0.916030534351145,0.9168035706490483,0.9182068077443021,0.916030534351145,0.8290872573852539,20260227_000418_run29
c22,ElectricDevices,0.9079237452989236,0.9082509644373742,0.9109216363911656,0.9079237452989236,15.400181770324707,20260227_000438_run29
c22,Epilepsy,1.0,1.0,1.0,1.0,0.536090612411499,20260227_000439_run29
c22,EthanolConcentration,0.41825095057034223,0.4008256975840872,0.4015722732225768,0.41825095057034223,0.7886934280395508,20260227_000443_run29
c22,EthanolLevel,0.504,0.49193579120648895,0.49332013450834883,0.504,0.6253154277801514,20260227_000447_run29
c22,FaceAll,0.8715976331360947,0.8748092054438324,0.8817487187045133,0.8715976331360947,11.403334140777588,20260227_000459_run29
c22,FaceDetection,0.6407491486946651,0.6405041308249273,0.6411339134029675,0.6407491486946651,127.34484028816223,20260227_001211_run29
c22,FaceFour,0.8181818181818182,0.8160755432993596,0.818732057416268,0.8181818181818182,0.4282827377319336,20260227_001211_run29
c22,FacesUCR,0.7809756097560976,0.7788935687620624,0.7968694981603998,0.7809756097560976,9.695669174194336,20260227_001222_run29
c22,FiftyWords,0.643956043956044,0.6233285122728999,0.6465574291398467,0.643956043956044,6.633897304534912,20260227_001229_run29
c22,FingerMovements,0.51,0.5100490049004901,0.5102,0.51,3.7606656551361084,20260227_001235_run29
c22,Fish,0.8228571428571428,0.8271168571821407,0.8384103896103896,0.8228571428571428,0.44942474365234375,20260227_001236_run29
c22,FordA,0.925,0.9249354926862945,0.9254348989079104,0.925,3.3261055946350098,20260227_001244_run29
c22,FordB,0.8876543209876543,0.8875951980867646,0.8881460692125631,0.8876543209876543,3.0441172122955322,20260227_001251_run29
c22,FreezerRegularTrain,0.9978947368421053,0.997894732695072,0.9978986599586627,0.9978947368421053,1.4036459922790527,20260227_001254_run29
c22,FreezerSmallTrain,0.9971929824561403,0.9971929603384995,0.997208653175157,0.9971929824561403,1.275104284286499,20260227_001257_run29
c22,Fungi,0.8010752688172043,0.7954161922307085,0.8150405861269239,0.8010752688172043,3.5222206115722656,20260227_001301_run29
c22,GunPoint,0.9466666666666667,0.9466666666666667,0.9466666666666667,0.9466666666666667,0.441483736038208,20260227_001301_run29
c22,GunPointAgeSpan,0.9683544303797469,0.9683544303797469,0.9683544303797469,0.9683544303797469,0.45029592514038086,20260227_001302_run29
c22,GunPointMaleVersusFemale,0.9936708860759493,0.9936726642737205,0.9937541638907393,0.9936708860759493,0.4519956111907959,20260227_001302_run29
c22,GunPointOldVersusYoung,1.0,1.0,1.0,1.0,0.45375800132751465,20260227_001303_run29
c22,Ham,0.7428571428571429,0.7422031325019789,0.7482129755790798,0.7428571428571429,0.4405508041381836,20260227_001304_run29
c22,HandMovementDirection,0.33783783783783783,0.3365274365274365,0.34065315315315314,0.33783783783783783,1.2792713642120361,20260227_001307_run29
c22,HandOutlines,0.9081081081081082,0.9064542709507304,0.9096841086610907,0.9081081081081082,0.873568058013916,20260227_001314_run29
c22,Handwriting,0.3023529411764706,0.24731935365356153,0.36883004779031164,0.3023529411764706,10.123464345932007,20260227_001325_run29
c22,Haptics,0.5064935064935064,0.4849159254071733,0.5173067838671366,0.5064935064935064,0.45078325271606445,20260227_001327_run29
c22,Heartbeat,0.7902439024390244,0.7610151503305682,0.7866047564644104,0.7902439024390244,3.5405635833740234,20260227_001351_run29
c22,Herring,0.546875,0.5234439124487005,0.521002816020025,0.546875,0.44977498054504395,20260227_001352_run29
c22,HouseTwenty,0.9411764705882353,0.9414713253722542,0.9451036096256684,0.9411764705882353,0.4357335567474365,20260227_001353_run29
c22,InlineSkate,0.5127272727272727,0.5123514108077393,0.5220734799961678,0.5127272727272727,0.4773242473602295,20260227_001355_run29
c22,InsectEPGRegularTrain,1.0,1.0,1.0,1.0,0.44192028045654297,20260227_001356_run29
c22,InsectEPGSmallTrain,1.0,1.0,1.0,1.0,0.43755245208740234,20260227_001356_run29
c22,InsectWingbeatSound,0.5838383838383838,0.5777013223354277,0.5792790926769156,0.5838383838383838,9.860596656799316,20260227_001407_run29
c22,ItalyPowerDemand,0.9076773566569485,0.9076757871445453,0.907689648939675,0.9076773566569485,0.6463494300842285,20260227_001408_run29
c22,LSST,0.7112733171127331,0.6726122893263369,0.6910460217729367,0.7112733171127331,148.81933188438416,20260227_001643_run29
c22,LargeKitchenAppliances,0.936,0.9360324349700191,0.9363861020351505,0.936,0.560523509979248,20260227_001644_run29
c22,Libras,0.9111111111111111,0.9107059220972263,0.9136052836052836,0.9111111111111111,4.806905031204224,20260227_001649_run29
c22,Lightning2,0.8360655737704918,0.8360655737704918,0.8360655737704918,0.8360655737704918,0.42862629890441895,20260227_001650_run29
c22,Lightning7,0.726027397260274,0.7150040381449383,0.7684170471841705,0.726027397260274,0.4303295612335205,20260227_001650_run29
c22,Mallat,0.9292110874200427,0.9290652237954073,0.9299929983279579,0.9292110874200427,1.0825119018554688,20260227_001655_run29
c22,Meat,0.8666666666666667,0.8666666666666667,0.8666666666666667,0.8666666666666667,0.4278872013092041,20260227_001655_run29
c22,MedicalImages,0.7868421052631579,0.7742928384552936,0.788544347288001,0.7868421052631579,0.7196869850158691,20260227_001656_run29
c22,MiddlePhalanxOutlineAgeGroup,0.7597402597402597,0.736498608640001,0.7515890194461623,0.7597402597402597,0.48763465881347656,20260227_001657_run29
c22,ACSF1,0.75,0.7498486747170956,0.792070707070707,0.75,0.43036794662475586,20260227_001658_run30
c22,Adiac,0.7570332480818415,0.7571396176973771,0.792139085735821,0.7570332480818415,5.668642520904541,20260227_001704_run30
c22,ArrowHead,0.7771428571428571,0.7769103797125257,0.7811822862785667,0.7771428571428571,0.42772603034973145,20260227_001704_run30
c22,ArticularyWordRecognition,0.98,0.979823878536922,0.9827692307692306,0.98,19.771934747695923,20260227_001726_run30
c22,AtrialFibrillation,0.26666666666666666,0.2136752136752137,0.17857142857142855,0.26666666666666666,0.43967294692993164,20260227_001727_run30
c22,BME,0.8933333333333333,0.8912008703930367,0.9126157407407408,0.8933333333333333,0.4292786121368408,20260227_001727_run30
c22,BasicMotions,1.0,1.0,1.0,1.0,0.5081779956817627,20260227_001728_run30
c22,Beef,0.5,0.5174025974025974,0.5549999999999999,0.5,0.42429590225219727,20260227_001728_run30
c22,BeetleFly,0.85,0.849624060150376,0.8535353535353536,0.85,0.4254302978515625,20260227_001729_run30
c22,BirdChicken,0.9,0.898989898989899,0.9166666666666667,0.9,0.42600083351135254,20260227_001729_run30
c22,CBF,0.9488888888888889,0.9488358936117326,0.9488384742358251,0.9488888888888889,0.5591146945953369,20260227_001730_run30
c22,Car,0.8333333333333334,0.8322544917602229,0.8413725490196079,0.8333333333333334,0.429943323135376,20260227_001731_run30
c22,Chinatown,0.8717201166180758,0.8775250015010909,0.9098440618483418,0.8717201166180758,0.43674492835998535,20260227_001731_run30
c22,ChlorineConcentration,0.5927083333333333,0.5095854213217268,0.6333655324682136,0.5927083333333333,2.0293960571289062,20260227_001735_run30
c22,CinCECGTorso,0.7847826086956522,0.7861873534579014,0.8100236235495964,0.7847826086956522,0.7785913944244385,20260227_001740_run30
c22,Coffee,0.9285714285714286,0.9285714285714286,0.9285714285714286,0.9285714285714286,0.4268229007720947,20260227_001740_run30
c22,Computers,0.856,0.8555469953775039,0.8605223928964936,0.856,0.45172786712646484,20260227_001741_run30
c22,Cricket,0.9861111111111112,0.9860139860139859,0.988095238095238,0.9861111111111112,6.5600268840789795,20260227_001750_run30
c22,CricketX,0.6205128205128205,0.6073119300736581,0.645262995253797,0.6205128205128205,5.891722679138184,20260227_001757_run30
c22,CricketY,0.6948717948717948,0.6882202128971412,0.6905388906102979,0.6948717948717948,6.019866704940796,20260227_001803_run30
c22,CricketZ,0.7051282051282052,0.7021398530224027,0.703511989850873,0.7051282051282052,5.887960910797119,20260227_001810_run30
c22,Crop,0.7297619047619047,0.7271877707076053,0.7276932874460096,0.7297619047619047,197.36217212677002,20260227_002132_run30
c22,DiatomSizeReduction,0.9117647058823529,0.8896817535842227,0.9314535731648032,0.9117647058823529,0.43210816383361816,20260227_002133_run30
c22,DistalPhalanxOutlineAgeGroup,0.7985611510791367,0.7975943728792777,0.798941798941799,0.7985611510791367,0.4818558692932129,20260227_002133_run30
c22,DistalPhalanxOutlineCorrect,0.822463768115942,0.8221100192025301,0.8219548490127758,0.822463768115942,0.6459660530090332,20260227_002134_run30
c22,DistalPhalanxTW,0.7338129496402878,0.6909662870583384,0.6994176087701267,0.7338129496402878,0.48102903366088867,20260227_002135_run30
c22,DuckDuckGeese,0.7,0.6968573607932876,0.7372649572649572,0.7,24.57542133331299,20260227_002330_run30
c22,ECG200,0.78,0.7727205882352942,0.7766666666666666,0.78,0.43310117721557617,20260227_002331_run30
c22,ECG5000,0.9375555555555556,0.9283771222893799,0.9306247153808666,0.9375555555555556,2.277338981628418,20260227_002335_run30
c22,ECGFiveDays,0.9384436701509872,0.9384312130707407,0.9389888772975268,0.9384436701509872,0.5420570373535156,20260227_002336_run30
c22,EOGHorizontalSignal,0.7541436464088398,0.744918765956976,0.7446585867559611,0.7541436464088398,5.488322019577026,20260227_002343_run30
c22,EOGVerticalSignal,0.6961325966850829,0.6852634878758932,0.6883731629274387,0.6961325966850829,5.494738578796387,20260227_002350_run30
c22,ERing,0.8740740740740741,0.8744697689142134,0.8900563607085346,0.8740740740740741,0.5876860618591309,20260227_002351_run30
c22,Earthquakes,0.7482014388489209,0.6404357995085412,0.5598053930955955,0.7482014388489209,0.4516446590423584,20260227_002352_run30
c22,EigenWorms,0.8931297709923665,0.8943528556460753,0.8974946947067757,0.8931297709923665,0.8051872253417969,20260227_002507_run30
c22,ElectricDevices,0.8957333679159643,0.8961646549832265,0.8983136597332657,0.8957333679159643,15.39191746711731,20260227_002527_run30
c22,Epilepsy,0.9927536231884058,0.9927478549282573,0.9929443173150269,0.9927536231884058,0.5354588031768799,20260227_002528_run30
c22,EthanolConcentration,0.38783269961977185,0.37448752895629717,0.3714785192954853,0.38783269961977185,0.7897129058837891,20260227_002532_run30
c22,EthanolLevel,0.494,0.48718450707988725,0.4863090523736732,0.494,0.6259267330169678,20260227_002535_run30
c22,FaceAll,0.8857988165680474,0.8882278089683183,0.8943274517916988,0.8857988165680474,11.42521357536316,20260227_002548_run30
c22,FaceDetection,0.6342224744608399,0.6341458483928969,0.6343350172773234,0.6342224744608399,127.67694020271301,20260227_003300_run30
c22,FaceFour,0.625,0.6184716805528788,0.6559929685133127,0.625,0.4350001811981201,20260227_003301_run30
c22,FacesUCR,0.7453658536585366,0.7374894905060491,0.749642259438676,0.7453658536585366,9.727519035339355,20260227_003311_run30
c22,FiftyWords,0.6703296703296703,0.6340271381322812,0.6212698963550293,0.6703296703296703,6.773730516433716,20260227_003319_run30
c22,FingerMovements,0.6,0.5996794871794873,0.599839421918908,0.6,3.665579319000244,20260227_003325_run30
c22,Fish,0.8685714285714285,0.8697413695318854,0.8891772579301991,0.8685714285714285,0.43721532821655273,20260227_003325_run30
c22,FordA,0.9196969696969697,0.9196396947184381,0.9200061322714398,0.9196969696969697,3.319631338119507,20260227_003333_run30
c22,FordB,0.8938271604938272,0.8938291024904527,0.8938419433043089,0.8938271604938272,3.0541176795959473,20260227_003340_run30
c22,FreezerRegularTrain,0.9978947368421053,0.997894732695072,0.9978986599586627,0.9978947368421053,1.4012925624847412,20260227_003343_run30
c22,FreezerSmallTrain,0.9954385964912281,0.9954385015828584,0.9954798331015298,0.9954385964912281,1.2644555568695068,20260227_003346_run30
c22,Fungi,0.8817204301075269,0.8807752811048525,0.9061144426063781,0.8817204301075269,3.451470136642456,20260227_003350_run30
c22,GunPoint,0.9933333333333333,0.993333629642799,0.9934222222222221,0.9933333333333333,0.42856502532958984,20260227_003350_run30
c22,GunPointAgeSpan,0.9746835443037974,0.9746805018262471,0.975380690570564,0.9746835443037974,0.4415750503540039,20260227_003351_run30
c22,GunPointMaleVersusFemale,1.0,1.0,1.0,1.0,0.4400746822357178,20260227_003352_run30
c22,GunPointOldVersusYoung,1.0,1.0,1.0,1.0,0.44153881072998047,20260227_003352_run30
c22,Ham,0.7142857142857143,0.7141820443707236,0.7161558441558441,0.7142857142857143,0.43108057975769043,20260227_003353_run30
c22,HandMovementDirection,0.24324324324324326,0.21817112381223003,0.24554458737367285,0.24324324324324326,1.1189777851104736,20260227_003356_run30
c22,HandOutlines,0.8918918918918919,0.890897224704043,0.8913314420374755,0.8918918918918919,0.8632702827453613,20260227_003403_run30
c22,Handwriting,0.2741176470588235,0.1980683015455221,0.25562415372365843,0.2741176470588235,10.088608980178833,20260227_003414_run30
c22,Haptics,0.4448051948051948,0.43031016489603796,0.4507934267251038,0.4448051948051948,0.44255924224853516,20260227_003416_run30
c22,Heartbeat,0.7268292682926829,0.7282550362449438,0.7298204284573611,0.7268292682926829,3.6795620918273926,20260227_003440_run30
c22,Herring,0.578125,0.48089873628200863,0.5147245762711864,0.578125,0.452101469039917,20260227_003441_run30
c22,HouseTwenty,0.957983193277311,0.9577804361490154,0.958847368734728,0.957983193277311,0.4383103847503662,20260227_003442_run30
c22,InlineSkate,0.5290909090909091,0.5335904983702248,0.5517138158175342,0.5290909090909091,0.47830677032470703,20260227_003444_run30
c22,InsectEPGRegularTrain,1.0,1.0,1.0,1.0,0.4466557502746582,20260227_003445_run30
c22,InsectEPGSmallTrain,1.0,1.0,1.0,1.0,0.4375448226928711,20260227_003446_run30
c22,InsectWingbeatSound,0.5878787878787879,0.5752439368979447,0.58518000804542,0.5878787878787879,9.716927528381348,20260227_003457_run30
c22,ItalyPowerDemand,0.8931000971817298,0.8930790942839614,0.8934902643747211,0.8931000971817298,0.6466431617736816,20260227_003457_run30
c22,LSST,0.7120843471208435,0.6709278199642781,0.6984741441468091,0.7120843471208435,148.45687556266785,20260227_003731_run30
c22,LargeKitchenAppliances,0.92,0.9200021640744819,0.9228307009564763,0.92,0.559180736541748,20260227_003733_run30
c22,Libras,0.9333333333333333,0.9312872538089931,0.9464590964590963,0.9333333333333333,4.887304782867432,20260227_003738_run30
c22,Lightning2,0.7049180327868853,0.687378195574917,0.7336065573770492,0.7049180327868853,0.44309067726135254,20260227_003739_run30
c22,Lightning7,0.6575342465753424,0.6495433789954338,0.706927054277981,0.6575342465753424,0.4471008777618408,20260227_003739_run30
c22,Mallat,0.8925373134328358,0.8913590911547633,0.9031352958017052,0.8925373134328358,1.0826094150543213,20260227_003744_run30
c22,Meat,0.95,0.9499358151476253,0.9523809523809524,0.95,0.4447920322418213,20260227_003744_run30
c22,MedicalImages,0.8118421052631579,0.8065131969167145,0.8095601060544249,0.8118421052631579,0.7256801128387451,20260227_003745_run30
c22,MiddlePhalanxOutlineAgeGroup,0.7597402597402597,0.732233325245537,0.7646816310533125,0.7597402597402597,0.49401235580444336,20260227_003746_run30
c22,MiddlePhalanxOutlineCorrect,0.7972508591065293,0.7971481604570662,0.7970645008619276,0.7972508591065293,1.1687350273132324,20260226_141402_run1
c22,MiddlePhalanxTW,0.6038961038961039,0.5646454516297096,0.5975542869098681,0.6038961038961039,0.6276981830596924,20260226_141403_run1
c22,MixedShapesRegularTrain,0.9410309278350516,0.9410037115307724,0.942472501874751,0.9410309278350516,1.4909439086914062,20260226_141408_run1
c22,MixedShapesSmallTrain,0.8560824742268042,0.8549802833768724,0.8599011387499513,0.8560824742268042,1.2062556743621826,20260226_141413_run1
c22,MoteStrain,0.8003194888178914,0.7997837808444065,0.8003050282207591,0.8003194888178914,0.714893102645874,20260226_141414_run1
c22,MotorImagery,0.5,0.33333333333333326,0.25,0.5,3.546861171722412,20260226_141621_run1
c22,NATOPS,0.9333333333333333,0.9326599326599326,0.9375,0.9333333333333333,2.803368330001831,20260226_141626_run1
c22,NonInvasiveFetalECGThorax1,0.8880407124681934,0.8878332079691976,0.8901105889581006,0.8880407124681934,24.37974524497986,20260226_141655_run1
c22,NonInvasiveFetalECGThorax2,0.9129770992366413,0.9128523503368076,0.9165474194056343,0.9129770992366413,24.337305784225464,20260226_141724_run1
c22,OSULeaf,0.8429752066115702,0.8409342844131721,0.8431520444547356,0.8429752066115702,0.46401333808898926,20260226_141725_run1
c22,OliveOil,0.8333333333333334,0.8268366013071895,0.8533424908424908,0.8333333333333334,0.4536857604980469,20260226_141726_run1
c22,PEMS-SF,0.9826589595375722,0.9826504725126725,0.9832929861831595,0.9826589595375722,24.261159420013428,20260226_142027_run1
c22,PenDigits,0.9745568896512292,0.9745821957231844,0.974848558811866,0.9745568896512292,14.670100927352905,20260226_142044_run1
c22,PhalangesOutlinesCorrect,0.8076923076923077,0.8046464486955001,0.8063721336968956,0.8076923076923077,1.7003483772277832,20260226_142047_run1
c22,Phoneme,0.3111814345991561,0.260427608247584,0.26418480234550484,0.3111814345991561,9.421878576278687,20260226_142059_run1
c22,PhonemeSpectra,0.27467939158962124,0.26547040996921023,0.27470216222080024,0.27467939158962124,368.68486428260803,20260226_142742_run1
c22,PigAirwayPressure,0.4567307692307692,0.40898492533107905,0.4171564546564546,0.4567307692307692,3.7123680114746094,20260226_142746_run1
c22,PigArtPressure,0.8653846153846154,0.8564407814407814,0.8967948717948718,0.8653846153846154,3.7146103382110596,20260226_142751_run1
c22,PigCVP,0.5432692307692307,0.495923307461769,0.514439726939727,0.5432692307692307,3.7158241271972656,20260226_142756_run1
c22,Plane,1.0,1.0,1.0,1.0,0.46094465255737305,20260226_142756_run1
c22,PowerCons,0.9555555555555556,0.9555555555555556,0.9555555555555556,0.9555555555555556,0.5708498954772949,20260226_142757_run1
c22,ProximalPhalanxOutlineAgeGroup,0.8195121951219512,0.8227037682788454,0.8272758193916869,0.8195121951219512,0.518918514251709,20260226_142758_run1
c22,ProximalPhalanxOutlineCorrect,0.8762886597938144,0.8705281672936923,0.8801067095970652,0.8762886597938144,0.6672189235687256,20260226_142758_run1
c22,ProximalPhalanxTW,0.775609756097561,0.7513116461428778,0.7320782143134263,0.775609756097561,0.519359827041626,20260226_142759_run1
c22,RacketSports,0.8421052631578947,0.83845177673839,0.8410856109869267,0.8421052631578947,0.886925220489502,20260226_142800_run1
c22,RefrigerationDevices,0.5306666666666666,0.5200930513521942,0.5333108822037903,0.5306666666666666,0.5675477981567383,20260226_142802_run1
c22,Rock,0.74,0.7440000000000001,0.7511842105263158,0.74,0.45316267013549805,20260226_142803_run1
c22,ScreenType,0.528,0.5254783701864121,0.5257990463191601,0.528,0.5703279972076416,20260226_142804_run1
c22,SelfRegulationSCP1,0.8088737201365188,0.8049634519357189,0.8366785273400624,0.8088737201365188,1.35274076461792,20260226_142810_run1
c22,SelfRegulationSCP2,0.5166666666666667,0.5165323701028063,0.5166852057842046,0.5166666666666667,1.1583592891693115,20260226_142817_run1
c22,SemgHandGenderCh2,0.9516666666666667,0.9515853983479883,0.9515562193457977,0.9516666666666667,0.6076693534851074,20260226_142820_run1
c22,SemgHandMovementCh2,0.8311111111111111,0.8319706132229451,0.8339988883376035,0.8311111111111111,0.6400570869445801,20260226_142824_run1
c22,SemgHandSubjectCh2,0.9111111111111111,0.9108011674532834,0.9112476519134034,0.9111111111111111,0.6432299613952637,20260226_142827_run1
c22,ShapeletSim,1.0,1.0,1.0,1.0,0.4547908306121826,20260226_142828_run1
c22,ShapesAll,0.805,0.8007921103190991,0.8167651330151331,0.805,8.458166360855103,20260226_142837_run1
c22,SmallKitchenAppliances,0.8053333333333333,0.8062673989634501,0.8107554857870998,0.8053333333333333,0.5674452781677246,20260226_142839_run1
c22,SmoothSubspace,0.8933333333333333,0.8932840307840308,0.8956172192197035,0.8933333333333333,0.4637300968170166,20260226_142840_run1
c22,SonyAIBORobotSurface1,0.8735440931780366,0.8738719387119099,0.899524274928122,0.8735440931780366,0.4693772792816162,20260226_142840_run1
c22,SonyAIBORobotSurface2,0.9307450157397692,0.9302604270397047,0.9310458552122248,0.9307450157397692,0.5861356258392334,20260226_142841_run1
c22,StandWalkJump,0.4,0.38888888888888895,0.39285714285714285,0.4,0.5027177333831787,20260226_142842_run1
c22,StarLightCurves,0.9808159300631375,0.9804829183645385,0.9808893186355266,0.9808159300631375,4.091310501098633,20260226_142859_run1
c22,Strawberry,0.9324324324324325,0.9329845975007266,0.9352578603679926,0.9324324324324325,0.6820218563079834,20260226_142900_run1
c22,SwedishLeaf,0.9408,0.9406960994522579,0.9424433506853227,0.9408,7.609296798706055,20260226_142908_run1
c22,Symbols,0.9587939698492463,0.9587903650201134,0.961461990715855,0.9587939698492463,0.6011345386505127,20260226_142910_run1
c22,SyntheticControl,0.9766666666666667,0.9766342820179454,0.9776767389725617,0.9766666666666667,0.49829769134521484,20260226_142910_run1
c22,ToeSegmentation1,0.8903508771929824,0.8904078377762589,0.8932414195572089,0.8903508771929824,0.4576146602630615,20260226_142911_run1
c22,ToeSegmentation2,0.823076923076923,0.8374035440025288,0.874218089602705,0.823076923076923,0.4510786533355713,20260226_142911_run1
c22,Trace,1.0,1.0,1.0,1.0,0.4551727771759033,20260226_142912_run1
c22,TwoLeadECG,0.9648814749780509,0.9648665262231139,0.9657097991751477,0.9648814749780509,0.651176929473877,20260226_142913_run1
c22,TwoPatterns,0.89975,0.8997485799672815,0.8998191612783928,0.89975,2.4752752780914307,20260226_142917_run1
c22,UMD,0.8819444444444444,0.8812099055341015,0.8813454270597127,0.8819444444444444,0.45389413833618164,20260226_142918_run1
c22,UWaveGestureLibrary,0.8875,0.8873241019319235,0.888536655436863,0.8875,0.6811041831970215,20260226_142919_run1
c22,UWaveGestureLibraryAll,0.8802345058626466,0.8794919284299563,0.8810354166251868,0.8802345058626466,2.210644006729126,20260226_142928_run1
c22,UWaveGestureLibraryX,0.794249022892239,0.7906217626406887,0.7902314517711907,0.794249022892239,2.207872152328491,20260226_142933_run1
c22,UWaveGestureLibraryY,0.7244556113902848,0.7184738486744018,0.7201643873247872,0.7244556113902848,2.310708999633789,20260226_142938_run1
c22,UWaveGestureLibraryZ,0.7342266890005583,0.7301134762214588,0.730687556001991,0.7342266890005583,2.2110044956207275,20260226_142943_run1
c22,Wafer,0.9987021414665801,0.9986995545322623,0.9987019021290875,0.9987021414665801,3.3832011222839355,20260226_142949_run1
c22,Wine,0.5185185185185185,0.5014204545454546,0.5214626391096979,0.5185185185185185,0.449876070022583,20260226_142949_run1
c22,WordSynonyms,0.5924764890282131,0.5597187304920059,0.609420637069942,0.5924764890282131,5.813707113265991,20260226_142956_run1
c22,Worms,0.7792207792207793,0.7689947452335167,0.7753183504806882,0.7792207792207793,0.46088147163391113,20260226_142957_run1
c22,WormsTwoClass,0.8311688311688312,0.8299319727891157,0.8313069908814589,0.8311688311688312,0.459322452545166,20260226_142957_run1
c22,Yoga,0.808,0.8072680453155908,0.8085819676852952,0.808,1.5641074180603027,20260226_143001_run1
c22,MiddlePhalanxOutlineCorrect,0.8041237113402062,0.7980845736985521,0.8149758203838557,0.8041237113402062,0.6644713878631592,20260226_143002_run2
c22,MiddlePhalanxTW,0.5844155844155844,0.5324883928388472,0.5047727190175703,0.5844155844155844,0.49281811714172363,20260226_143003_run2
c22,MixedShapesRegularTrain,0.9393814432989691,0.9394101529147767,0.9398597710281222,0.9393814432989691,1.4483437538146973,20260226_143009_run2
c22,MixedShapesSmallTrain,0.8861855670103093,0.8859280046653087,0.8874266755593053,0.8861855670103093,1.1964516639709473,20260226_143014_run2
c22,MoteStrain,0.7228434504792333,0.7224948380008345,0.7224138735578813,0.7228434504792333,0.6992709636688232,20260226_143015_run2
c22,MotorImagery,0.58,0.5798319327731093,0.5801282051282051,0.58,3.653031826019287,20260226_143217_run2
c22,NATOPS,0.9388888888888889,0.9397319558844061,0.9433862433862433,0.9388888888888889,2.9103822708129883,20260226_143222_run2
c22,NonInvasiveFetalECGThorax1,0.8921119592875318,0.890677617589288,0.8913150195612422,0.8921119592875318,24.161018133163452,20260226_143251_run2
c22,NonInvasiveFetalECGThorax2,0.9150127226463104,0.9142885422301839,0.9162622518428702,0.9150127226463104,24.176220893859863,20260226_143320_run2
c22,OSULeaf,0.8223140495867769,0.8188789783514876,0.8292980410270959,0.8223140495867769,0.4494500160217285,20260226_143321_run2
c22,OliveOil,0.7333333333333333,0.7427170868347339,0.763095238095238,0.7333333333333333,0.43299174308776855,20260226_143322_run2
c22,PEMS-SF,1.0,1.0,1.0,1.0,23.287824869155884,20260226_143623_run2
c22,PenDigits,0.9948542024013722,0.9948497800469581,0.9948554203211198,0.9948542024013722,14.555905103683472,20260226_143640_run2
c22,PhalangesOutlinesCorrect,0.8146853146853147,0.8105699063231181,0.814903614903615,0.8146853146853147,1.6653554439544678,20260226_143642_run2
c22,Phoneme,0.3138185654008439,0.23983868527140229,0.2462188498143134,0.3138185654008439,9.349202394485474,20260226_143655_run2
c22,PhonemeSpectra,0.2881002087682672,0.27238139584329407,0.2861257294905841,0.2881002087682672,367.148152589798,20260226_144336_run2
c22,PigAirwayPressure,0.44711538461538464,0.41258544748363746,0.47132189391804774,0.44711538461538464,3.691298484802246,20260226_144341_run2
c22,PigArtPressure,0.8125,0.7901917526917526,0.8191620879120879,0.8125,3.660212516784668,20260226_144345_run2
c22,PigCVP,0.40865384615384615,0.35422681893270125,0.3928455091916631,0.40865384615384615,3.660814046859741,20260226_144350_run2
c22,Plane,1.0,1.0,1.0,1.0,0.4496328830718994,20260226_144351_run2
c22,PowerCons,0.9555555555555556,0.9555500679096184,0.9557806324110671,0.9555555555555556,0.45879054069519043,20260226_144351_run2
c22,ProximalPhalanxOutlineAgeGroup,0.8585365853658536,0.8663414634146341,0.8829268292682927,0.8585365853658536,0.5194263458251953,20260226_144352_run2
c22,ProximalPhalanxOutlineCorrect,0.8487972508591065,0.8393688721273267,0.8538146556627451,0.8487972508591065,0.663182258605957,20260226_144353_run2
c22,ProximalPhalanxTW,0.775609756097561,0.7527296403267439,0.7357999869701921,0.775609756097561,0.5168595314025879,20260226_144353_run2
c22,RacketSports,0.868421052631579,0.8706470931529848,0.8759594298245614,0.868421052631579,0.994210958480835,20260226_144355_run2
c22,RefrigerationDevices,0.7413333333333333,0.7393842830834417,0.7419321550527224,0.7413333333333333,0.5644485950469971,20260226_144356_run2
c22,Rock,0.7,0.7179859150137787,0.7996923076923078,0.7,0.4475107192993164,20260226_144357_run2
c22,ScreenType,0.6533333333333333,0.6480627674873198,0.6505796485260771,0.6533333333333333,0.5673658847808838,20260226_144358_run2
c22,SelfRegulationSCP1,0.8532423208191127,0.8532218031609838,0.8533802716055275,0.8532423208191127,1.3441407680511475,20260226_144404_run2
c22,SelfRegulationSCP2,0.5,0.4994438264738599,0.5,0.5,1.1547350883483887,20260226_144411_run2
c22,SemgHandGenderCh2,0.95,0.9503038194444445,0.9514157014157014,0.95,0.6199820041656494,20260226_144415_run2
c22,SemgHandMovementCh2,0.8511111111111112,0.8504171246858078,0.8564488932095013,0.8511111111111112,0.6402037143707275,20260226_144418_run2
c22,SemgHandSubjectCh2,0.9488888888888889,0.948722208625235,0.949511999041908,0.9488888888888889,0.6401112079620361,20260226_144422_run2
c22,ShapeletSim,1.0,1.0,1.0,1.0,0.44928860664367676,20260226_144422_run2
c22,ShapesAll,0.815,0.8101828563352544,0.8365710895857955,0.815,8.446432828903198,20260226_144432_run2
c22,SmallKitchenAppliances,0.816,0.8157469058738307,0.8190716887915556,0.816,0.5650255680084229,20260226_144434_run2
c22,SmoothSubspace,0.88,0.8802682394915405,0.8813213964831217,0.88,0.46201372146606445,20260226_144434_run2
c22,SonyAIBORobotSurface1,0.8851913477537438,0.8855948003729953,0.8877737124106492,0.8851913477537438,0.46465396881103516,20260226_144435_run2
c22,SonyAIBORobotSurface2,0.9223504721930745,0.9209535875573215,0.9261771701625906,0.9223504721930745,0.5816664695739746,20260226_144436_run2
c22,StandWalkJump,0.4,0.4,0.4,0.4,0.4950523376464844,20260226_144436_run2
c22,StarLightCurves,0.9798445847498786,0.979569901716754,0.9797220917267071,0.9798445847498786,4.106568098068237,20260226_144454_run2
c22,Strawberry,0.9513513513513514,0.9511798336798337,0.9512515356265356,0.9513513513513514,0.678929328918457,20260226_144455_run2
c22,SwedishLeaf,0.936,0.9354829773423929,0.9362902639222214,0.936,7.589582681655884,20260226_144503_run2
c22,Symbols,0.9618090452261306,0.9618873334253583,0.9640568158684572,0.9618090452261306,0.5995454788208008,20260226_144504_run2
c22,SyntheticControl,0.9766666666666667,0.9766222278385038,0.9784382284382285,0.9766666666666667,0.49590277671813965,20260226_144505_run2
c22,ToeSegmentation1,0.8771929824561403,0.8763217390947549,0.8822433186809513,0.8771929824561403,0.45002007484436035,20260226_144505_run2
c22,ToeSegmentation2,0.823076923076923,0.8361504876209548,0.8663492276395502,0.823076923076923,0.4479398727416992,20260226_144506_run2
c22,Trace,1.0,1.0,1.0,1.0,0.447817325592041,20260226_144507_run2
c22,TwoLeadECG,0.9060579455662863,0.9058729375699639,0.9093476224846962,0.9060579455662863,0.6470656394958496,20260226_144508_run2
c22,TwoPatterns,0.907,0.9066332980225988,0.9099614758825331,0.907,2.4760000705718994,20260226_144512_run2
c22,UMD,0.9027777777777778,0.9014620734418552,0.907591218305504,0.9027777777777778,0.4488852024078369,20260226_144512_run2
c22,UWaveGestureLibrary,0.93125,0.9310234170299431,0.9316687875033585,0.93125,0.6757314205169678,20260226_144514_run2
c22,UWaveGestureLibraryAll,0.8590173087660525,0.8580662046529481,0.8592752538183889,0.8590173087660525,2.2151384353637695,20260226_144522_run2
c22,UWaveGestureLibraryX,0.80178671133445,0.8012760865142105,0.8033744812680277,0.80178671133445,2.2087576389312744,20260226_144527_run2
c22,UWaveGestureLibraryY,0.7252931323283082,0.7228793252013503,0.7246010445829182,0.7252931323283082,2.211332082748413,20260226_144532_run2
c22,UWaveGestureLibraryZ,0.7400893355667225,0.7367464728051464,0.7358052537155493,0.7400893355667225,2.207263231277466,20260226_144537_run2
c22,Wafer,0.9988643737832577,0.9988624891187793,0.9988640290110025,0.9988643737832577,3.3827593326568604,20260226_144543_run2
c22,Wine,0.8703703703703703,0.8703259005145798,0.8708791208791209,0.8703703703703703,0.44576430320739746,20260226_144544_run2
c22,WordSynonyms,0.6112852664576802,0.5745171883869753,0.6288732990801014,0.6112852664576802,5.91145658493042,20260226_144550_run2
c22,Worms,0.7662337662337663,0.7651836488485773,0.786013986013986,0.7662337662337663,0.4559030532836914,20260226_144551_run2
c22,WormsTwoClass,0.7922077922077922,0.7922077922077922,0.7922077922077922,0.7922077922077922,0.45587992668151855,20260226_144552_run2
c22,Yoga,0.812,0.8107980997624703,0.8139714787116976,0.812,1.557746171951294,20260226_144556_run2
c22,MiddlePhalanxOutlineCorrect,0.7766323024054983,0.770948788459611,0.7819664728169882,0.7766323024054983,0.6626343727111816,20260226_144557_run3
c22,MiddlePhalanxTW,0.5844155844155844,0.5342289724878715,0.5355956010901487,0.5844155844155844,0.49652814865112305,20260226_144557_run3
c22,MixedShapesRegularTrain,0.942680412371134,0.9423734729610128,0.9426562962113316,0.942680412371134,1.484079122543335,20260226_144603_run3
c22,MixedShapesSmallTrain,0.9158762886597939,0.9156791363314435,0.9161209831737622,0.9158762886597939,1.194779396057129,20260226_144608_run3
c22,MoteStrain,0.8234824281150159,0.8231360123844162,0.8389012610878497,0.8234824281150159,0.6999971866607666,20260226_144609_run3
c22,MotorImagery,0.51,0.5095586027424682,0.5100361300682457,0.51,3.549079656600952,20260226_144812_run3
c22,NATOPS,0.9611111111111111,0.9609607579486366,0.9637035955821535,0.9611111111111111,2.7831029891967773,20260226_144816_run3
c22,NonInvasiveFetalECGThorax1,0.8844783715012723,0.8825783621443054,0.8860349422177801,0.8844783715012723,24.17997097969055,20260226_144845_run3
c22,NonInvasiveFetalECGThorax2,0.9145038167938931,0.9136897188513349,0.9160903609453362,0.9145038167938931,24.18930411338806,20260226_144915_run3
c22,OSULeaf,0.8347107438016529,0.8330900629504154,0.8339903391860124,0.8347107438016529,0.4484570026397705,20260226_144915_run3
c22,OliveOil,0.7333333333333333,0.7272486772486773,0.7444444444444444,0.7333333333333333,0.4365565776824951,20260226_144916_run3
c22,PEMS-SF,1.0,1.0,1.0,1.0,23.458494663238525,20260226_145217_run3
c22,PenDigits,0.9934248141795312,0.993427380437016,0.9934421620864682,0.9934248141795312,14.729730606079102,20260226_145235_run3
c22,PhalangesOutlinesCorrect,0.8298368298368298,0.8261394122780262,0.8307881915771126,0.8298368298368298,1.6791787147521973,20260226_145237_run3
c22,Phoneme,0.3138185654008439,0.23677224415045844,0.23785212835260588,0.3138185654008439,9.483126401901245,20260226_145250_run3
c22,PhonemeSpectra,0.2827318818968088,0.26775656372919704,0.2764549531642406,0.2827318818968088,367.08544850349426,20260226_145931_run3
c22,PigAirwayPressure,0.46153846153846156,0.4344218815372661,0.49232295482295485,0.46153846153846156,3.641951322555542,20260226_145935_run3
c22,PigArtPressure,0.7788461538461539,0.7591078793001867,0.8217213342213342,0.7788461538461539,3.716167449951172,20260226_145940_run3
c22,PigCVP,0.40384615384615385,0.371555047516586,0.4082306582306582,0.40384615384615385,3.6210756301879883,20260226_145944_run3
c22,Plane,0.9904761904761905,0.9903798931099235,0.990909090909091,0.9904761904761905,0.4562952518463135,20260226_145945_run3
c22,PowerCons,0.9111111111111111,0.911100135819237,0.9113142292490118,0.9111111111111111,0.4555830955505371,20260226_145946_run3
c22,ProximalPhalanxOutlineAgeGroup,0.8390243902439024,0.8392462519293451,0.8395126933904682,0.8390243902439024,0.5181989669799805,20260226_145946_run3
c22,ProximalPhalanxOutlineCorrect,0.8694158075601375,0.8651610804837112,0.8690383100093775,0.8694158075601375,0.663982629776001,20260226_145947_run3
c22,ProximalPhalanxTW,0.8146341463414634,0.7937789955520077,0.7992697971680509,0.8146341463414634,0.5165834426879883,20260226_145948_run3
c22,RacketSports,0.8881578947368421,0.8870107282578679,0.8900792882942651,0.8881578947368421,0.8819568157196045,20260226_145949_run3
c22,RefrigerationDevices,0.768,0.7654437060199089,0.7689398072376795,0.768,0.5684449672698975,20260226_145950_run3
c22,Rock,0.8,0.7989010989010988,0.8083333333333332,0.8,0.45053696632385254,20260226_145951_run3
c22,ScreenType,0.6613333333333333,0.6583778704660349,0.6715348917505713,0.6613333333333333,0.5801374912261963,20260226_145953_run3
c22,SelfRegulationSCP1,0.8498293515358362,0.8490908765410471,0.8564081004251857,0.8498293515358362,1.3623430728912354,20260226_145959_run3
c22,SelfRegulationSCP2,0.55,0.5411487018095987,0.554180602006689,0.55,1.173011064529419,20260226_150006_run3
c22,SemgHandGenderCh2,0.955,0.9552093820576312,0.9558785460036673,0.955,0.6205768585205078,20260226_150009_run3
c22,SemgHandMovementCh2,0.88,0.8788595516626663,0.8786586276323141,0.88,0.6411793231964111,20260226_150012_run3
c22,SemgHandSubjectCh2,0.9288888888888889,0.9287793313226838,0.9314374613154172,0.9288888888888889,0.6418850421905518,20260226_150016_run3
c22,ShapeletSim,1.0,1.0,1.0,1.0,0.454204797744751,20260226_150017_run3
c22,ShapesAll,0.8466666666666667,0.8433083031141877,0.8615943071090131,0.8466666666666667,8.470757961273193,20260226_150026_run3
c22,SmallKitchenAppliances,0.816,0.8156255414969088,0.8155838519293137,0.816,0.5656707286834717,20260226_150028_run3
c22,SmoothSubspace,0.8933333333333333,0.8944669062593592,0.8988095238095237,0.8933333333333333,0.4654526710510254,20260226_150028_run3
c22,SonyAIBORobotSurface1,0.9234608985024958,0.9233837701053799,0.9233901427231664,0.9234608985024958,0.4690723419189453,20260226_150029_run3
c22,SonyAIBORobotSurface2,0.9045120671563484,0.9021742549441909,0.9106376047165048,0.9045120671563484,0.583712100982666,20260226_150030_run3
c22,StandWalkJump,0.4,0.38636363636363635,0.3888888888888889,0.4,0.5021219253540039,20260226_150031_run3
c22,StarLightCurves,0.9802088392423507,0.979846721627074,0.9802600371314381,0.9802088392423507,4.10029149055481,20260226_150048_run3
c22,Strawberry,0.9648648648648649,0.9651054541846833,0.9665500676742896,0.9648648648648649,0.6806900501251221,20260226_150049_run3
c22,SwedishLeaf,0.9152,0.914900921422031,0.9170727868038091,0.9152,7.716805458068848,20260226_150057_run3
c22,Symbols,0.9698492462311558,0.9698294053474618,0.9701212627938789,0.9698492462311558,0.6010966300964355,20260226_150058_run3
c22,SyntheticControl,0.99,0.9899969988995697,0.9903217697335345,0.99,0.49923157691955566,20260226_150059_run3
c22,ToeSegmentation1,0.8947368421052632,0.8947774184516878,0.894955802449112,0.8947368421052632,0.45917177200317383,20260226_150100_run3
c22,ToeSegmentation2,0.8615384615384616,0.8687136393018746,0.8833987441130299,0.8615384615384616,0.45161867141723633,20260226_150100_run3
c22,Trace,1.0,1.0,1.0,1.0,0.45757150650024414,20260226_150101_run3
c22,TwoLeadECG,0.9183494293239683,0.9183467858616849,0.9184135232745131,0.9183494293239683,0.6519293785095215,20260226_150102_run3
c22,TwoPatterns,0.8945,0.8943164240243289,0.8958084139093632,0.8945,2.4852397441864014,20260226_150106_run3
c22,UMD,0.8611111111111112,0.8624913733609386,0.8877314814814814,0.8611111111111112,0.4530630111694336,20260226_150107_run3
c22,UWaveGestureLibrary,0.909375,0.9091117060953724,0.909983389616827,0.909375,0.6775834560394287,20260226_150108_run3
c22,UWaveGestureLibraryAll,0.8587381351200447,0.8584624971736505,0.8590606815100883,0.8587381351200447,2.203766345977783,20260226_150117_run3
c22,UWaveGestureLibraryX,0.7998324958123953,0.797340914730735,0.7965635732207231,0.7998324958123953,2.2127232551574707,20260226_150122_run3
c22,UWaveGestureLibraryY,0.7183137911781128,0.7144383986442665,0.7137358706347483,0.7183137911781128,2.2157275676727295,20260226_150127_run3
c22,UWaveGestureLibraryZ,0.7428810720268006,0.7399909177744884,0.7404886699224479,0.7428810720268006,2.213587522506714,20260226_150132_run3
c22,Wafer,0.999675535366645,0.999675535366645,0.999675535366645,0.999675535366645,3.3849027156829834,20260226_150138_run3
c22,Wine,0.7777777777777778,0.7777777777777778,0.7777777777777778,0.7777777777777778,0.45157480239868164,20260226_150138_run3
c22,WordSynonyms,0.5830721003134797,0.5391180962137855,0.5694099077572009,0.5830721003134797,5.820920705795288,20260226_150145_run3
c22,Worms,0.7922077922077922,0.7883614802738699,0.7902494331065759,0.7922077922077922,0.45989441871643066,20260226_150145_run3
c22,WormsTwoClass,0.7662337662337663,0.7637747946303346,0.76559934318555,0.7662337662337663,0.4605906009674072,20260226_150146_run3
c22,Yoga,0.8303333333333334,0.8304100574328871,0.830568291444529,0.8303333333333334,1.5604770183563232,20260226_150150_run3
c22,MiddlePhalanxOutlineCorrect,0.8075601374570447,0.8018950059052206,0.8178078311101258,0.8075601374570447,0.6653017997741699,20260226_150151_run4
c22,MiddlePhalanxTW,0.564935064935065,0.4625656956411308,0.4288095670272435,0.564935064935065,0.4992947578430176,20260226_150152_run4
c22,MixedShapesRegularTrain,0.9451546391752578,0.9451988038411219,0.9460939376936807,0.9451546391752578,1.4493420124053955,20260226_150158_run4
c22,MixedShapesSmallTrain,0.8758762886597938,0.8754597173133146,0.8752561333750026,0.8758762886597938,1.1961238384246826,20260226_150202_run4
c22,MoteStrain,0.8594249201277955,0.8571316839860735,0.8704968573259548,0.8594249201277955,0.7024984359741211,20260226_150204_run4
c22,MotorImagery,0.51,0.5039983804028748,0.510508617065994,0.51,3.6616151332855225,20260226_150406_run4
c22,NATOPS,0.9388888888888889,0.9378927595628416,0.9403099304237824,0.9388888888888889,2.804074287414551,20260226_150411_run4
c22,NonInvasiveFetalECGThorax1,0.8905852417302799,0.8905894710727691,0.8943459388850309,0.8905852417302799,24.23743772506714,20260226_150440_run4
c22,NonInvasiveFetalECGThorax2,0.916030534351145,0.9163922172911726,0.9196837644935065,0.916030534351145,24.274635076522827,20260226_150509_run4
c22,OSULeaf,0.8636363636363636,0.8610501577375385,0.869525153020415,0.8636363636363636,0.4641110897064209,20260226_150510_run4
c22,OliveOil,0.8333333333333334,0.8340457203615098,0.8538888888888889,0.8333333333333334,0.4462859630584717,20260226_150511_run4
c22,PEMS-SF,0.9884393063583815,0.9884278827480636,0.989402697495183,0.9884393063583815,24.353106260299683,20260226_150814_run4
c22,PenDigits,0.9917095483133219,0.9917064650419808,0.9917347502011346,0.9917095483133219,14.668862342834473,20260226_150831_run4
c22,PhalangesOutlinesCorrect,0.8298368298368298,0.8259757497572544,0.831073171290999,0.8298368298368298,1.6936428546905518,20260226_150834_run4
c22,Phoneme,0.30010548523206754,0.21807395568202192,0.2118687332098605,0.30010548523206754,9.395483255386353,20260226_150847_run4
c22,PhonemeSpectra,0.2863107664777811,0.2730664346274512,0.28051285636790085,0.2863107664777811,367.7435986995697,20260226_151528_run4
c22,PigAirwayPressure,0.4326923076923077,0.3908668882650783,0.42011893021508406,0.4326923076923077,3.7380266189575195,20260226_151533_run4
c22,PigArtPressure,0.7884615384615384,0.771872571872572,0.8299221611721611,0.7884615384615384,3.702768087387085,20260226_151537_run4
c22,PigCVP,0.4567307692307692,0.4016857074549382,0.4260302197802197,0.4567307692307692,3.7026922702789307,20260226_151542_run4
c22,Plane,0.9809523809523809,0.9809292311246992,0.9822510822510823,0.9809523809523809,0.4557347297668457,20260226_151543_run4
c22,PowerCons,0.9611111111111111,0.9611099107997161,0.9611680454377083,0.9611111111111111,0.4603908061981201,20260226_151543_run4
c22,ProximalPhalanxOutlineAgeGroup,0.8585365853658536,0.8606809656407693,0.8639337555897247,0.8585365853658536,0.5178885459899902,20260226_151544_run4
c22,ProximalPhalanxOutlineCorrect,0.8384879725085911,0.8387210758500587,0.8389756113400942,0.8384879725085911,0.6651248931884766,20260226_151545_run4
c22,ProximalPhalanxTW,0.7902439024390244,0.7783217776055088,0.7916985066699872,0.7902439024390244,0.5181841850280762,20260226_151546_run4
c22,RacketSports,0.868421052631579,0.8678348651007058,0.8680299409279366,0.868421052631579,0.8855433464050293,20260226_151547_run4
c22,RefrigerationDevices,0.768,0.7668372618770714,0.7724403622105788,0.768,0.5677025318145752,20260226_151548_run4
c22,Rock,0.6,0.6198801619433197,0.7689696969696969,0.6,0.4550020694732666,20260226_151549_run4
c22,ScreenType,0.6186666666666667,0.6192227344893859,0.621313887685569,0.6186666666666667,0.5672574043273926,20260226_151550_run4
c22,SelfRegulationSCP1,0.8873720136518771,0.8873326392028957,0.8878107375402416,0.8873720136518771,1.3471791744232178,20260226_151557_run4
c22,SelfRegulationSCP2,0.4666666666666667,0.4553019795738242,0.46363146551724144,0.46666666666666673,1.2697396278381348,20260226_151603_run4
c22,SemgHandGenderCh2,0.95,0.9504368460791716,0.9526740237691002,0.95,0.6086654663085938,20260226_151607_run4
c22,SemgHandMovementCh2,0.8555555555555555,0.8553334324602826,0.8572499636453126,0.8555555555555555,0.6413459777832031,20260226_151610_run4
c22,SemgHandSubjectCh2,0.9355555555555556,0.9349930023153261,0.9384145646475008,0.9355555555555556,0.6409134864807129,20260226_151614_run4
c22,ShapeletSim,1.0,1.0,1.0,1.0,0.4548342227935791,20260226_151614_run4
c22,ShapesAll,0.8516666666666667,0.8531607474601148,0.8641954722837075,0.8516666666666667,8.466161489486694,20260226_151624_run4
c22,SmallKitchenAppliances,0.8373333333333334,0.8356024112446774,0.8423229946109752,0.8373333333333334,0.5669212341308594,20260226_151626_run4
c22,SmoothSubspace,0.8533333333333334,0.8524370640947591,0.852992112896567,0.8533333333333334,0.4664576053619385,20260226_151626_run4
c22,SonyAIBORobotSurface1,0.9417637271214643,0.9417775402401636,0.9417966563513458,0.9417637271214643,0.46956396102905273,20260226_151627_run4
c22,SonyAIBORobotSurface2,0.8887722980062959,0.8891487488049209,0.8899206795588016,0.8887722980062959,0.5842599868774414,20260226_151628_run4
c22,StandWalkJump,0.4,0.4101010101010101,0.42777777777777776,0.4,0.5028190612792969,20260226_151629_run4
c22,StarLightCurves,0.9800874210781932,0.9796901496816856,0.9801874793518386,0.9800874210781932,4.1118714809417725,20260226_151646_run4
c22,Strawberry,0.9675675675675676,0.9677673148261383,0.9689239550109116,0.9675675675675676,0.680138111114502,20260226_151647_run4
c22,SwedishLeaf,0.928,0.9276951319955414,0.9295272777603962,0.928,7.601727724075317,20260226_151655_run4
c22,Symbols,0.949748743718593,0.9497966956120695,0.9526083097904084,0.949748743718593,0.6023402214050293,20260226_151656_run4
c22,SyntheticControl,0.97,0.96999699969997,0.9700546885420834,0.97,0.4982774257659912,20260226_151657_run4
c22,ToeSegmentation1,0.8421052631578947,0.8421052631578947,0.8421052631578947,0.8421052631578947,0.455777645111084,20260226_151658_run4
c22,ToeSegmentation2,0.7769230769230769,0.8007983367983368,0.8883212096912768,0.7769230769230769,0.45519495010375977,20260226_151658_run4
c22,Trace,1.0,1.0,1.0,1.0,0.4536752700805664,20260226_151659_run4
c22,TwoLeadECG,0.9095697980684812,0.9094961310822582,0.9109541148042175,0.9095697980684812,0.6489229202270508,20260226_151700_run4
c22,TwoPatterns,0.902,0.9014942364824717,0.9057028356607763,0.902,2.47414493560791,20260226_151704_run4
c22,UMD,0.9027777777777778,0.9018833498925927,0.910627071341357,0.9027777777777778,0.4540750980377197,20260226_151704_run4
c22,UWaveGestureLibrary,0.89375,0.8929114185335403,0.8999789032485357,0.89375,0.6788249015808105,20260226_151706_run4
c22,UWaveGestureLibraryAll,0.8726968174204355,0.8725895191864677,0.8747821426958113,0.8726968174204355,2.211996078491211,20260226_151714_run4
c22,UWaveGestureLibraryX,0.809324399776661,0.8051257351429626,0.8026686280600032,0.809324399776661,2.2114059925079346,20260226_151719_run4
c22,UWaveGestureLibraryY,0.7297599106644332,0.72928458729654,0.7343920726618832,0.7297599106644332,2.2108936309814453,20260226_151724_run4
c22,UWaveGestureLibraryZ,0.7479061976549414,0.7416254132075721,0.740134553878045,0.7479061976549414,2.2074949741363525,20260226_151729_run4
c22,Wafer,0.9991888384166125,0.9991874922276995,0.9991895753003185,0.9991888384166125,3.3788235187530518,20260226_151735_run4
c22,Wine,0.8333333333333334,0.8328173374613003,0.8375,0.8333333333333334,0.45177602767944336,20260226_151736_run4
c22,WordSynonyms,0.5909090909090909,0.5371724932380872,0.5863856304830579,0.5909090909090909,5.927699565887451,20260226_151742_run4
c22,Worms,0.7402597402597403,0.7340051253094731,0.7366633366633366,0.7402597402597403,0.4599876403808594,20260226_151743_run4
c22,WormsTwoClass,0.7662337662337663,0.7572886297376094,0.7773176903611686,0.7662337662337663,0.46242570877075195,20260226_151744_run4
c22,Yoga,0.8073333333333333,0.8048525450214677,0.8136979090749265,0.8073333333333333,1.559152364730835,20260226_151748_run4
c22,MiddlePhalanxOutlineCorrect,0.8109965635738832,0.8061874363889016,0.8189658780509297,0.8109965635738832,0.6660623550415039,20260226_151749_run5
c22,MiddlePhalanxTW,0.5584415584415584,0.48824890773469753,0.462787588512927,0.5584415584415584,0.49947619438171387,20260226_151750_run5
c22,MixedShapesRegularTrain,0.9385567010309278,0.9385530331747647,0.9388420759509989,0.9385567010309278,1.4497201442718506,20260226_151755_run5
c22,MixedShapesSmallTrain,0.9055670103092783,0.904551194040105,0.9065463340836769,0.9055670103092783,1.1968460083007812,20260226_151800_run5
c22,MoteStrain,0.8586261980830671,0.8588399107896829,0.8610786645002133,0.8586261980830671,0.7025868892669678,20260226_151801_run5
c22,MotorImagery,0.53,0.5288220551378446,0.5303030303030303,0.53,3.5068047046661377,20260226_152005_run5
c22,NATOPS,0.9444444444444444,0.9448176851025869,0.9471677559912854,0.9444444444444444,2.908505916595459,20260226_152010_run5
c22,NonInvasiveFetalECGThorax1,0.889058524173028,0.8889044997752766,0.8940374497214177,0.889058524173028,24.194162130355835,20260226_152039_run5
c22,NonInvasiveFetalECGThorax2,0.9099236641221374,0.9098538416139241,0.9128275075463903,0.9099236641221374,24.286465406417847,20260226_152109_run5
c22,OSULeaf,0.8264462809917356,0.821538553929345,0.8386809258578772,0.8264462809917356,0.4637110233306885,20260226_152109_run5
c22,OliveOil,0.8666666666666667,0.858230127360562,0.8813131313131313,0.8666666666666667,0.4498312473297119,20260226_152110_run5
c22,PEMS-SF,1.0,1.0,1.0,1.0,24.086118936538696,20260226_152412_run5
c22,PenDigits,0.9914236706689536,0.991418206657938,0.9914601622550824,0.9914236706689536,14.696743249893188,20260226_152429_run5
c22,PhalangesOutlinesCorrect,0.8193473193473193,0.8156775266391191,0.8193612601424353,0.8193473193473193,1.6882781982421875,20260226_152431_run5
c22,Phoneme,0.3069620253164557,0.24404811042004373,0.2566920535002202,0.3069620253164557,9.494826793670654,20260226_152444_run5
c22,PhonemeSpectra,0.2797494780793319,0.26487613467879306,0.2708279651827774,0.2797494780793319,367.5345244407654,20260226_153126_run5
c22,PigAirwayPressure,0.4807692307692308,0.42411701546316927,0.435777661880603,0.4807692307692308,3.6192636489868164,20260226_153130_run5
c22,PigArtPressure,0.8269230769230769,0.8119980446903524,0.8407814407814408,0.8269230769230769,3.695199966430664,20260226_153135_run5
c22,PigCVP,0.39903846153846156,0.3776202963702963,0.44623734109028224,0.39903846153846156,3.58837628364563,20260226_153139_run5
c22,Plane,1.0,1.0,1.0,1.0,0.44418811798095703,20260226_153140_run5
c22,PowerCons,0.9666666666666667,0.9666666666666667,0.9666666666666667,0.9666666666666667,0.4477231502532959,20260226_153141_run5
c22,ProximalPhalanxOutlineAgeGroup,0.8439024390243902,0.8477591727912651,0.8560127181818931,0.8439024390243902,0.513880729675293,20260226_153141_run5
c22,ProximalPhalanxOutlineCorrect,0.8591065292096219,0.8542042841827756,0.8582531450187368,0.8591065292096219,0.6602175235748291,20260226_153142_run5
c22,ProximalPhalanxTW,0.7853658536585366,0.7761728786119029,0.7773329820920541,0.7853658536585366,0.5137674808502197,20260226_153143_run5
c22,RacketSports,0.8618421052631579,0.8596523261110867,0.8674511423437818,0.8618421052631579,0.8798220157623291,20260226_153144_run5
c22,RefrigerationDevices,0.752,0.7489748288040821,0.7518302577455753,0.752,0.5626785755157471,20260226_153145_run5
c22,Rock,0.72,0.7207016632016632,0.7378571428571428,0.72,0.43896007537841797,20260226_153146_run5
c22,ScreenType,0.6693333333333333,0.6692230382352785,0.6691268134493941,0.6693333333333333,0.5619277954101562,20260226_153148_run5
c22,SelfRegulationSCP1,0.8532423208191127,0.8532320634240973,0.8534007528384147,0.8532423208191127,1.3387234210968018,20260226_153154_run5
c22,SelfRegulationSCP2,0.4888888888888889,0.4888888888888889,0.4888888888888889,0.4888888888888889,1.1535005569458008,20260226_153201_run5
c22,SemgHandGenderCh2,0.9566666666666667,0.9569695948791377,0.9583776595744682,0.9566666666666667,0.6026420593261719,20260226_153204_run5
c22,SemgHandMovementCh2,0.8933333333333333,0.8932823235209966,0.8936036491011257,0.8933333333333333,0.637077808380127,20260226_153207_run5
c22,SemgHandSubjectCh2,0.9644444444444444,0.9645232805182413,0.9649021490104445,0.9644444444444444,0.6371915340423584,20260226_153211_run5
c22,ShapeletSim,1.0,1.0,1.0,1.0,0.4407312870025635,20260226_153211_run5
c22,ShapesAll,0.8283333333333334,0.8233436149517744,0.8531934744105796,0.8283333333333334,8.424352407455444,20260226_153221_run5
c22,SmallKitchenAppliances,0.8293333333333334,0.8300254548472229,0.836137394838996,0.8293333333333334,0.5629487037658691,20260226_153223_run5
c22,SmoothSubspace,0.9,0.8995758303321328,0.8996367521367521,0.9,0.45142650604248047,20260226_153223_run5
c22,SonyAIBORobotSurface1,0.9384359400998337,0.938420975616145,0.9384113039062124,0.9384359400998337,0.46034765243530273,20260226_153224_run5
c22,SonyAIBORobotSurface2,0.9055613850996852,0.9063210139518715,0.9100087888958349,0.9055613850996852,0.5813384056091309,20260226_153225_run5
c22,StandWalkJump,0.5333333333333333,0.5333333333333333,0.565079365079365,0.5333333333333333,0.48685598373413086,20260226_153226_run5
c22,StarLightCurves,0.9771733851384167,0.9765520426363155,0.9775430886831601,0.9771733851384167,4.107462644577026,20260226_153243_run5
c22,Strawberry,0.9459459459459459,0.9459459459459459,0.9459459459459459,0.9459459459459459,0.6763761043548584,20260226_153244_run5
c22,SwedishLeaf,0.9232,0.9229434775812478,0.927316712251355,0.9232,7.671775817871094,20260226_153252_run5
c22,Symbols,0.9507537688442211,0.9504843366362976,0.9522195885085807,0.9507537688442211,0.597109317779541,20260226_153253_run5
c22,SyntheticControl,0.9833333333333333,0.9833276644991429,0.983644419306184,0.9833333333333333,0.49510765075683594,20260226_153254_run5
c22,ToeSegmentation1,0.8640350877192983,0.8641058168222707,0.8644758118442329,0.8640350877192983,0.44129419326782227,20260226_153255_run5
c22,ToeSegmentation2,0.8076923076923077,0.825493893624742,0.8774289062981926,0.8076923076923077,0.4383566379547119,20260226_153255_run5
c22,Trace,1.0,1.0,1.0,1.0,0.4403514862060547,20260226_153256_run5
c22,TwoLeadECG,0.8735733099209834,0.8731538743180282,0.8786709771462939,0.8735733099209834,0.644925594329834,20260226_153257_run5
c22,TwoPatterns,0.9,0.8997216763395172,0.9017549565334929,0.9,2.4765613079071045,20260226_153301_run5
c22,UMD,0.9375,0.936929874249462,0.9392318644810338,0.9375,0.4391965866088867,20260226_153301_run5
c22,UWaveGestureLibrary,0.88125,0.8800973362722416,0.8824785648599736,0.88125,0.6697683334350586,20260226_153303_run5
c22,UWaveGestureLibraryAll,0.8746510329424902,0.8744518619016547,0.8747875752866413,0.8746510329424902,2.211344003677368,20260226_153311_run5
c22,UWaveGestureLibraryX,0.8006700167504187,0.7967070873561103,0.8009250808093704,0.8006700167504187,2.2083678245544434,20260226_153316_run5
c22,UWaveGestureLibraryY,0.7297599106644332,0.726587578486031,0.7282770995550362,0.7297599106644332,2.2107582092285156,20260226_153321_run5
c22,UWaveGestureLibraryZ,0.7420435510887772,0.7363325851561131,0.7364716786564416,0.7420435510887772,2.2100014686584473,20260226_153326_run5
c22,Wafer,0.9990266060999351,0.9990272483535918,0.9990284338632966,0.9990266060999351,3.3710265159606934,20260226_153332_run5
c22,Wine,0.8888888888888888,0.8888888888888888,0.8888888888888888,0.8888888888888888,0.4399983882904053,20260226_153333_run5
c22,WordSynonyms,0.6003134796238244,0.5526063564186909,0.6151053574017189,0.6003134796238244,5.793104648590088,20260226_153339_run5
c22,Worms,0.8051948051948052,0.7919893736369624,0.8044353307511202,0.8051948051948052,0.4476025104522705,20260226_153340_run5
c22,WormsTwoClass,0.8181818181818182,0.8187414500683995,0.8204081632653062,0.8181818181818182,0.44571614265441895,20260226_153341_run5
c22,Yoga,0.8433333333333334,0.8428239853196328,0.8439931544139908,0.8433333333333334,1.555696725845337,20260226_153345_run5
c22,MiddlePhalanxOutlineCorrect,0.7972508591065293,0.7944002033349113,0.7986958754124676,0.7972508591065293,0.6602327823638916,20260226_153346_run6
c22,MiddlePhalanxTW,0.5584415584415584,0.46647139035253493,0.4432101169683176,0.5584415584415584,0.4948892593383789,20260226_153346_run6
c22,MixedShapesRegularTrain,0.937319587628866,0.9372030005290728,0.9372125006939649,0.937319587628866,1.4816563129425049,20260226_153352_run6
c22,MixedShapesSmallTrain,0.8964948453608247,0.8962972582501071,0.8973199177221001,0.8964948453608247,1.1930828094482422,20260226_153357_run6
c22,MoteStrain,0.8578274760383386,0.8579690040654385,0.8647844127596008,0.8578274760383386,0.6973702907562256,20260226_153358_run6
c22,MotorImagery,0.55,0.5495946351716544,0.5501806503412284,0.55,3.5848937034606934,20260226_153600_run6
c22,NATOPS,0.9555555555555556,0.9558739716522946,0.958242556281772,0.9555555555555556,2.7954134941101074,20260226_153605_run6
c22,NonInvasiveFetalECGThorax1,0.8916030534351145,0.8909863422791635,0.8936806712219629,0.8916030534351145,24.180316925048828,20260226_153634_run6
c22,NonInvasiveFetalECGThorax2,0.9099236641221374,0.9106031396568632,0.9140189457398007,0.9099236641221374,24.20033860206604,20260226_153703_run6
c22,OSULeaf,0.7603305785123967,0.757008836248087,0.7738284031538271,0.7603305785123967,0.45168209075927734,20260226_153704_run6
c22,OliveOil,0.8333333333333334,0.8346320346320347,0.8904761904761905,0.8333333333333334,0.433455228805542,20260226_153704_run6
c22,PEMS-SF,1.0,1.0,1.0,1.0,23.306310892105103,20260226_154004_run6
c22,PenDigits,0.9897084048027445,0.9897022808746379,0.9897203212400197,0.9897084048027445,14.703252077102661,20260226_154022_run6
c22,PhalangesOutlinesCorrect,0.8193473193473193,0.8163296166269254,0.818623781533674,0.8193473193473193,1.6821653842926025,20260226_154024_run6
c22,Phoneme,0.32542194092827004,0.26124877161092963,0.26831836044759816,0.32542194092827004,9.35499906539917,20260226_154037_run6
c22,PhonemeSpectra,0.27348643006263046,0.257374816044631,0.2667336566415016,0.27348643006263046,368.65342116355896,20260226_154720_run6
c22,PigAirwayPressure,0.38461538461538464,0.359015512153164,0.40586080586080586,0.38461538461538464,3.6003189086914062,20260226_154724_run6
c22,PigArtPressure,0.8221153846153846,0.8148854350777428,0.8651862026862026,0.8221153846153846,3.5817151069641113,20260226_154729_run6
c22,PigCVP,0.44711538461538464,0.3975458930210061,0.42356825866441244,0.44711538461538464,3.5889108180999756,20260226_154733_run6
c22,Plane,1.0,1.0,1.0,1.0,0.4432699680328369,20260226_154734_run6
c22,PowerCons,0.9611111111111111,0.9611003056404558,0.9616240266963293,0.9611111111111111,0.4478566646575928,20260226_154734_run6
c22,ProximalPhalanxOutlineAgeGroup,0.824390243902439,0.8315813065802817,0.8449170467314429,0.824390243902439,0.5145523548126221,20260226_154735_run6
c22,ProximalPhalanxOutlineCorrect,0.8797250859106529,0.8755402425950524,0.8806564234651286,0.8797250859106529,0.6607608795166016,20260226_154736_run6
c22,ProximalPhalanxTW,0.8390243902439024,0.8184953874807085,0.8027142228163215,0.8390243902439024,0.5131282806396484,20260226_154737_run6
c22,RacketSports,0.8552631578947368,0.8552603918878551,0.8565130728954168,0.8552631578947368,0.8784995079040527,20260226_154738_run6
c22,RefrigerationDevices,0.744,0.7432708503924204,0.7428786760182109,0.744,0.5638864040374756,20260226_154739_run6
c22,Rock,0.66,0.6659259259259259,0.7473076923076922,0.66,0.5478177070617676,20260226_154740_run6
c22,ScreenType,0.584,0.5848865453013272,0.5922866910952292,0.584,0.5627317428588867,20260226_154741_run6
c22,SelfRegulationSCP1,0.8771331058020477,0.8770729611685243,0.8777497347061692,0.8771331058020477,1.3376502990722656,20260226_154748_run6
c22,SelfRegulationSCP2,0.45555555555555555,0.45121951219512196,0.4541050484446711,0.45555555555555555,1.1501708030700684,20260226_154754_run6
c22,SemgHandGenderCh2,0.9633333333333334,0.9634494304327257,0.9637731481481482,0.9633333333333334,0.6029090881347656,20260226_154758_run6
c22,SemgHandMovementCh2,0.8466666666666667,0.8456259634673372,0.846280810237597,0.8466666666666667,0.6379210948944092,20260226_154801_run6
c22,SemgHandSubjectCh2,0.9555555555555556,0.955462368804057,0.955652847338053,0.9555555555555556,0.6370687484741211,20260226_154805_run6
c22,ShapeletSim,1.0,1.0,1.0,1.0,0.44107675552368164,20260226_154805_run6
c22,ShapesAll,0.8366666666666667,0.8326086817043203,0.84877294002294,0.8366666666666667,8.485474824905396,20260226_154815_run6
c22,SmallKitchenAppliances,0.832,0.8310809097301471,0.8308339065178783,0.832,0.5668799877166748,20260226_154817_run6
c22,SmoothSubspace,0.86,0.8588388031681005,0.8699153084318991,0.86,0.4670271873474121,20260226_154817_run6
c22,SonyAIBORobotSurface1,0.9534109816971714,0.9536107679939301,0.957387374473329,0.9534109816971714,0.46941041946411133,20260226_154818_run6
c22,SonyAIBORobotSurface2,0.8153200419727177,0.8047503393018535,0.8302320661501429,0.8153200419727177,0.5841639041900635,20260226_154819_run6
c22,StandWalkJump,0.2,0.1581196581196581,0.13095238095238096,0.2,0.5034968852996826,20260226_154820_run6
c22,StarLightCurves,0.9798445847498786,0.9794801274962404,0.979914155516457,0.9798445847498786,4.105956315994263,20260226_154837_run6
c22,Strawberry,0.9513513513513514,0.9515082626264008,0.9519023548435313,0.9513513513513514,0.6804029941558838,20260226_154838_run6
c22,SwedishLeaf,0.9296,0.9299057018031058,0.9336918454902383,0.9296,7.601261138916016,20260226_154846_run6
c22,Symbols,0.9577889447236181,0.9578297889184817,0.9613258333878081,0.9577889447236181,0.6015877723693848,20260226_154847_run6
c22,SyntheticControl,0.99,0.98999899989999,0.9900626917433639,0.99,0.5001635551452637,20260226_154848_run6
c22,ToeSegmentation1,0.9254385964912281,0.9254773834186645,0.9258367679420311,0.9254385964912281,0.4561038017272949,20260226_154849_run6
c22,ToeSegmentation2,0.9076923076923077,0.9076923076923077,0.9076923076923077,0.9076923076923077,0.45389509201049805,20260226_154849_run6
c22,Trace,1.0,1.0,1.0,1.0,0.4532759189605713,20260226_154850_run6
c22,TwoLeadECG,0.7761194029850746,0.7760469006115712,0.7765025940041388,0.7761194029850746,0.6494705677032471,20260226_154851_run6
c22,TwoPatterns,0.90525,0.9051949499733365,0.9057980725542243,0.90525,2.4847187995910645,20260226_154855_run6
c22,UMD,0.875,0.8743145426628646,0.8740017746228925,0.875,0.4551432132720947,20260226_154855_run6
c22,UWaveGestureLibrary,0.909375,0.9092161407993355,0.9107662411939661,0.909375,0.6772551536560059,20260226_154857_run6
c22,UWaveGestureLibraryAll,0.8774427694025684,0.8770399198775057,0.8771934693658143,0.8774427694025684,2.213942050933838,20260226_154905_run6
c22,UWaveGestureLibraryX,0.8082077051926299,0.8004668402777807,0.7990834645798645,0.8082077051926299,2.207733631134033,20260226_154910_run6
c22,UWaveGestureLibraryY,0.7336683417085427,0.7325239141176264,0.7350123542021303,0.7336683417085427,2.3155601024627686,20260226_154915_run6
c22,UWaveGestureLibraryZ,0.7451144611948632,0.7426675344165852,0.7426862723008444,0.7451144611948632,2.2114248275756836,20260226_154920_run6
c22,Wafer,0.9995133030499675,0.9995131420681151,0.9995131177177591,0.9995133030499675,3.3859174251556396,20260226_154927_run6
c22,Wine,0.8333333333333334,0.8332761578044596,0.8337912087912087,0.8333333333333334,0.45321035385131836,20260226_154927_run6
c22,WordSynonyms,0.5846394984326019,0.5258902753470824,0.5463385111135902,0.5846394984326019,5.818871021270752,20260226_154933_run6
c22,Worms,0.8051948051948052,0.8003813446602895,0.8215771156947628,0.8051948051948052,0.46126556396484375,20260226_154934_run6
c22,WormsTwoClass,0.7792207792207793,0.774257678093539,0.7831286360698124,0.7792207792207793,0.4614908695220947,20260226_154935_run6
c22,Yoga,0.827,0.8262464071796679,0.82805031857094,0.827,1.5595524311065674,20260226_154939_run6
c22,MiddlePhalanxOutlineCorrect,0.7903780068728522,0.7820232257822084,0.8059237904774156,0.7903780068728522,0.6657600402832031,20260226_154940_run7
c22,MiddlePhalanxTW,0.5714285714285714,0.496576120461102,0.49391842215159765,0.5714285714285714,0.49849605560302734,20260226_154941_run7
c22,MixedShapesRegularTrain,0.9463917525773196,0.9462339234926618,0.9466608733737183,0.9463917525773196,1.4847383499145508,20260226_154946_run7
c22,MixedShapesSmallTrain,0.8705154639175258,0.8702450885084292,0.8701777255441417,0.8705154639175258,1.201753854751587,20260226_154951_run7
c22,MoteStrain,0.7835463258785943,0.7751995240448837,0.8097653611596423,0.7835463258785943,0.7318902015686035,20260226_154952_run7
c22,MotorImagery,0.47,0.4608890245142916,0.4678249678249678,0.47,3.5390007495880127,20260226_155155_run7
c22,NATOPS,0.9166666666666666,0.9171678512848552,0.9181034482758621,0.9166666666666666,2.8979063034057617,20260226_155159_run7
c22,NonInvasiveFetalECGThorax1,0.8870229007633588,0.8847128693303893,0.8884226427900564,0.8870229007633588,24.20708465576172,20260226_155228_run7
c22,NonInvasiveFetalECGThorax2,0.9155216284987278,0.9150747745231302,0.9187044470534241,0.9155216284987278,24.1693217754364,20260226_155258_run7
c22,OSULeaf,0.8264462809917356,0.8258705956968688,0.8277453735051955,0.8264462809917356,0.4480466842651367,20260226_155258_run7
c22,OliveOil,0.7666666666666667,0.7592592592592592,0.7849999999999999,0.7666666666666667,0.43900346755981445,20260226_155259_run7
c22,PEMS-SF,1.0,1.0,1.0,1.0,23.372496604919434,20260226_155600_run7
c22,PenDigits,0.9922813036020584,0.9922825791574925,0.9922957323808207,0.9922813036020584,14.65793514251709,20260226_155617_run7
c22,PhalangesOutlinesCorrect,0.8251748251748252,0.8227733804656882,0.8242185714957873,0.8251748251748252,1.6661858558654785,20260226_155620_run7
c22,Phoneme,0.32436708860759494,0.2515636869008994,0.24400521759623522,0.32436708860759494,9.354668140411377,20260226_155633_run7
c22,PhonemeSpectra,0.27915299731583654,0.2669554791331346,0.2764889956565144,0.27915299731583654,367.5846652984619,20260226_160314_run7
c22,PigAirwayPressure,0.4423076923076923,0.4112196564119642,0.46352536352536355,0.4423076923076923,3.589934825897217,20260226_160318_run7
c22,PigArtPressure,0.8365384615384616,0.8288808413808412,0.8759615384615382,0.8365384615384616,3.6903798580169678,20260226_160323_run7
c22,PigCVP,0.49038461538461536,0.4323169979844188,0.45354383863999254,0.49038461538461536,3.5827341079711914,20260226_160328_run7
c22,Plane,0.9904761904761905,0.9904959085083308,0.9913419913419914,0.9904761904761905,0.441561222076416,20260226_160328_run7
c22,PowerCons,0.9611111111111111,0.9611003056404558,0.9616240266963293,0.9611111111111111,0.44805359840393066,20260226_160329_run7
c22,ProximalPhalanxOutlineAgeGroup,0.8292682926829268,0.8380848355026826,0.8541244778244734,0.8292682926829268,0.5147802829742432,20260226_160329_run7
c22,ProximalPhalanxOutlineCorrect,0.8556701030927835,0.8503223679698939,0.8548986071228691,0.8556701030927835,0.6620819568634033,20260226_160330_run7
c22,ProximalPhalanxTW,0.7707317073170732,0.7592010193384505,0.7561783028067103,0.7707317073170732,0.5154693126678467,20260226_160331_run7
c22,RacketSports,0.8947368421052632,0.8952010983945962,0.9013854489164086,0.8947368421052632,0.8786156177520752,20260226_160332_run7
c22,RefrigerationDevices,0.792,0.7893029322414477,0.7949686924065278,0.792,0.5635602474212646,20260226_160334_run7
c22,Rock,0.68,0.6799572192513369,0.7433333333333333,0.68,0.4368116855621338,20260226_160334_run7
c22,ScreenType,0.648,0.6469451163790786,0.6532451499118166,0.648,0.5622153282165527,20260226_160336_run7
c22,SelfRegulationSCP1,0.8668941979522184,0.8666891928081741,0.8689411794825024,0.8668941979522184,1.3414058685302734,20260226_160342_run7
c22,SelfRegulationSCP2,0.45555555555555555,0.4472991602957764,0.4527310924369748,0.45555555555555555,1.1495158672332764,20260226_160349_run7
c22,SemgHandGenderCh2,0.97,0.97,0.97,0.97,0.6031880378723145,20260226_160352_run7
c22,SemgHandMovementCh2,0.8488888888888889,0.8480482905635296,0.849621829019901,0.8488888888888889,0.6364142894744873,20260226_160356_run7
c22,SemgHandSubjectCh2,0.9444444444444444,0.9445082392314348,0.9456881487741321,0.9444444444444444,0.6367824077606201,20260226_160359_run7
c22,ShapeletSim,1.0,1.0,1.0,1.0,0.4416482448577881,20260226_160400_run7
c22,ShapesAll,0.815,0.8124553426760991,0.8298205498205498,0.815,8.42183780670166,20260226_160409_run7
c22,SmallKitchenAppliances,0.832,0.8315606724022885,0.8316183459283732,0.832,0.5625107288360596,20260226_160411_run7
c22,SmoothSubspace,0.8733333333333333,0.8737260392705938,0.8742376950780312,0.8733333333333333,0.4494967460632324,20260226_160411_run7
c22,SonyAIBORobotSurface1,0.9201331114808652,0.9204601930652673,0.9237287994519462,0.9201331114808652,0.4607532024383545,20260226_160412_run7
c22,SonyAIBORobotSurface2,0.881427072402938,0.879717346012794,0.8823031099098383,0.881427072402938,0.5811367034912109,20260226_160413_run7
c22,StandWalkJump,0.5333333333333333,0.5079365079365078,0.5648148148148148,0.5333333333333333,0.487318754196167,20260226_160414_run7
c22,StarLightCurves,0.9791160757649344,0.9787598418151685,0.9790770775610359,0.9791160757649344,4.240260362625122,20260226_160431_run7
c22,Strawberry,0.9297297297297298,0.929845654162776,0.930019622455747,0.9297297297297298,0.6915640830993652,20260226_160432_run7
c22,SwedishLeaf,0.9216,0.9218868320530929,0.9254122062732589,0.9216,7.673036098480225,20260226_160440_run7
c22,Symbols,0.9487437185929648,0.9483353656051601,0.9520782180156143,0.9487437185929648,0.5944058895111084,20260226_160442_run7
c22,SyntheticControl,0.9866666666666667,0.9866613311991462,0.9871794871794873,0.9866666666666667,0.49460649490356445,20260226_160442_run7
c22,ToeSegmentation1,0.8289473684210527,0.8243993848188836,0.8533993019876603,0.8289473684210527,0.44193339347839355,20260226_160443_run7
c22,ToeSegmentation2,0.8538461538461538,0.8606515435783728,0.8731633957440409,0.8538461538461538,0.43768906593322754,20260226_160443_run7
c22,Trace,1.0,1.0,1.0,1.0,0.44281935691833496,20260226_160444_run7
c22,TwoLeadECG,0.8911325724319579,0.8911124288322426,0.8914442169688553,0.8911325724319579,0.6470084190368652,20260226_160445_run7
c22,TwoPatterns,0.903,0.9029736727511335,0.9033023397452163,0.903,2.478114604949951,20260226_160449_run7
c22,UMD,0.8055555555555556,0.804195804195804,0.8095238095238095,0.8055555555555556,0.43810462951660156,20260226_160449_run7
c22,UWaveGestureLibrary,0.9,0.8991071873354979,0.9058181159898588,0.9,0.6705050468444824,20260226_160451_run7
c22,UWaveGestureLibraryAll,0.8685092127303182,0.8683349467789749,0.8693229687155399,0.8685092127303182,2.203030824661255,20260226_160459_run7
c22,UWaveGestureLibraryX,0.8146286990508096,0.8107733173994681,0.8089827416872047,0.8146286990508096,2.2036006450653076,20260226_160504_run7
c22,UWaveGestureLibraryY,0.7292015633724176,0.7269212550805844,0.7287321113950083,0.7292015633724176,2.2043323516845703,20260226_160509_run7
c22,UWaveGestureLibraryZ,0.734785036292574,0.7305091158274101,0.7332602642813166,0.734785036292574,2.2051331996917725,20260226_160514_run7
c22,Wafer,0.9995133030499675,0.9995131420681151,0.9995131177177591,0.9995133030499675,3.3844542503356934,20260226_160520_run7
c22,Wine,0.7962962962962963,0.7945347630577655,0.8068181818181819,0.7962962962962963,0.43541455268859863,20260226_160521_run7
c22,WordSynonyms,0.5924764890282131,0.5607241293748546,0.603508931844373,0.5924764890282131,5.777576923370361,20260226_160527_run7
c22,Worms,0.7532467532467533,0.7450237775360928,0.7757515168229454,0.7532467532467533,0.4463174343109131,20260226_160528_run7
c22,WormsTwoClass,0.7662337662337663,0.7598522167487685,0.7714285714285715,0.7662337662337663,0.446796178817749,20260226_160529_run7
c22,Yoga,0.8196666666666667,0.8190389459813534,0.8202205722386003,0.8196666666666667,1.5582551956176758,20260226_160533_run7
c22,MiddlePhalanxOutlineCorrect,0.8041237113402062,0.7991397068030434,0.8115659970041412,0.8041237113402062,0.6604862213134766,20260226_160534_run8
c22,MiddlePhalanxTW,0.5974025974025974,0.5166648142637643,0.5335577777373008,0.5974025974025974,0.4936530590057373,20260226_160534_run8
c22,MixedShapesRegularTrain,0.9352577319587629,0.9353634518023328,0.9358848733469032,0.9352577319587629,1.4446475505828857,20260226_160540_run8
c22,MixedShapesSmallTrain,0.902680412371134,0.902191298179631,0.9035191545051215,0.902680412371134,1.1915500164031982,20260226_160545_run8
c22,MoteStrain,0.8913738019169329,0.8910113892039621,0.8923180516681406,0.8913738019169329,0.6980142593383789,20260226_160546_run8
c22,MotorImagery,0.49,0.4895405865278751,0.48996386993175434,0.49,3.6377837657928467,20260226_160748_run8
c22,NATOPS,0.9555555555555556,0.9555555555555556,0.9555555555555556,0.9555555555555556,2.8983049392700195,20260226_160753_run8
c22,NonInvasiveFetalECGThorax1,0.889058524173028,0.8888775756777009,0.8918135563072479,0.889058524173028,24.158320426940918,20260226_160822_run8
c22,NonInvasiveFetalECGThorax2,0.905852417302799,0.9063905488438773,0.9131705259747513,0.905852417302799,24.133628845214844,20260226_160851_run8
c22,OSULeaf,0.8553719008264463,0.8525591509109813,0.8578419980520272,0.8553719008264463,0.4502854347229004,20260226_160852_run8
c22,OliveOil,0.7666666666666667,0.7548961292119187,0.7506837606837606,0.7666666666666667,0.43362975120544434,20260226_160853_run8
c22,PEMS-SF,1.0,1.0,1.0,1.0,23.35770010948181,20260226_161155_run8
c22,PenDigits,0.9937106918238994,0.9937008757176057,0.9937189462947766,0.9937106918238994,14.654961824417114,20260226_161212_run8
c22,PhalangesOutlinesCorrect,0.8263403263403264,0.8217945310647427,0.8284805631014547,0.8263403263403264,1.6778056621551514,20260226_161214_run8
c22,Phoneme,0.31962025316455694,0.2501086086808471,0.2642831352243647,0.31962025316455694,9.352209568023682,20260226_161227_run8
c22,PhonemeSpectra,0.2839248434237996,0.2724857829938149,0.2801729964814687,0.2839248434237996,367.5466401576996,20260226_161909_run8
c22,PigAirwayPressure,0.3798076923076923,0.3248928195987019,0.3580858244319783,0.3798076923076923,3.738412380218506,20260226_161913_run8
c22,PigArtPressure,0.7788461538461539,0.7693889443889442,0.81999666999667,0.7788461538461539,3.7057809829711914,20260226_161918_run8
c22,PigCVP,0.4423076923076923,0.4038751846444154,0.47621336996336994,0.4423076923076923,3.812683582305908,20260226_161923_run8
c22,Plane,0.9904761904761905,0.9904959085083308,0.9913419913419914,0.9904761904761905,0.45770835876464844,20260226_161923_run8
c22,PowerCons,0.9444444444444444,0.9444375848870231,0.9446640316205535,0.9444444444444444,0.46598267555236816,20260226_161924_run8
c22,ProximalPhalanxOutlineAgeGroup,0.8195121951219512,0.820598849890938,0.8274705852648588,0.8195121951219512,0.5179295539855957,20260226_161925_run8
c22,ProximalPhalanxOutlineCorrect,0.8556701030927835,0.8509675100083124,0.8541909290163364,0.8556701030927835,0.6660027503967285,20260226_161926_run8
c22,ProximalPhalanxTW,0.8097560975609757,0.7874337702613633,0.7951004067720308,0.8097560975609757,0.5186440944671631,20260226_161926_run8
c22,RacketSports,0.875,0.8760637453361911,0.8786827281478664,0.875,0.8857042789459229,20260226_161927_run8
c22,RefrigerationDevices,0.7386666666666667,0.7340007837901267,0.7396029896029896,0.7386666666666667,0.5699930191040039,20260226_161929_run8
c22,Rock,0.74,0.732047952047952,0.7336666666666667,0.74,0.4535377025604248,20260226_161930_run8
c22,ScreenType,0.6533333333333333,0.6510647454050753,0.6626252863395228,0.6533333333333333,0.5683982372283936,20260226_161931_run8
c22,SelfRegulationSCP1,0.8976109215017065,0.8974795432048278,0.899449116835056,0.8976109215017065,1.3454082012176514,20260226_161937_run8
c22,SelfRegulationSCP2,0.5055555555555555,0.48612670408981556,0.5065454545454545,0.5055555555555555,1.1555793285369873,20260226_161944_run8
c22,SemgHandGenderCh2,0.9583333333333334,0.9584440227703985,0.9586982784657203,0.9583333333333334,0.6050088405609131,20260226_161948_run8
c22,SemgHandMovementCh2,0.86,0.8595871488722572,0.8598900095469026,0.86,0.6387753486633301,20260226_161951_run8
c22,SemgHandSubjectCh2,0.9377777777777778,0.9376780068529053,0.939320728562825,0.9377777777777778,0.6405081748962402,20260226_161954_run8
c22,ShapeletSim,1.0,1.0,1.0,1.0,0.45322632789611816,20260226_161955_run8
c22,ShapesAll,0.8216666666666667,0.8149065842786061,0.8328649359899358,0.8216666666666667,8.446531772613525,20260226_162004_run8
c22,SmallKitchenAppliances,0.84,0.8404871413586011,0.8417107248816845,0.84,0.5676417350769043,20260226_162006_run8
c22,SmoothSubspace,0.8466666666666667,0.8471468312410876,0.8497044917257683,0.8466666666666667,0.4601161479949951,20260226_162007_run8
c22,SonyAIBORobotSurface1,0.940099833610649,0.9399734246729783,0.9401887262918877,0.940099833610649,0.4651670455932617,20260226_162007_run8
c22,SonyAIBORobotSurface2,0.887722980062959,0.8860172695019559,0.889050629941526,0.887722980062959,0.5849637985229492,20260226_162008_run8
c22,StandWalkJump,0.2,0.1952861952861953,0.19444444444444445,0.2,0.4981811046600342,20260226_162009_run8
c22,StarLightCurves,0.9800874210781932,0.9799247184875834,0.9799355655299313,0.9800874210781932,4.100427627563477,20260226_162026_run8
c22,Strawberry,0.9459459459459459,0.9460351185867508,0.9461835349136133,0.9459459459459459,0.6807055473327637,20260226_162027_run8
c22,SwedishLeaf,0.9296,0.9296295755109548,0.9329976257717464,0.9296,7.5885632038116455,20260226_162035_run8
c22,Symbols,0.9447236180904522,0.9444596216343039,0.9459916299013157,0.9447236180904522,0.5968077182769775,20260226_162037_run8
c22,SyntheticControl,0.9933333333333333,0.9933333333333333,0.9933333333333333,0.9933333333333333,0.6026132106781006,20260226_162037_run8
c22,ToeSegmentation1,0.8508771929824561,0.8504146532584563,0.8520723684210525,0.8508771929824561,0.4508974552154541,20260226_162038_run8
c22,ToeSegmentation2,0.7692307692307693,0.7921341816078658,0.8568243350852046,0.7692307692307693,0.44672274589538574,20260226_162039_run8
c22,Trace,1.0,1.0,1.0,1.0,0.44643497467041016,20260226_162039_run8
c22,TwoLeadECG,0.932396839332748,0.9323545005746088,0.9335239048676133,0.932396839332748,0.6474010944366455,20260226_162040_run8
c22,TwoPatterns,0.90325,0.9032503606454716,0.9032959859238936,0.90325,2.481107473373413,20260226_162044_run8
c22,UMD,0.8680555555555556,0.8635932993199665,0.9008895866038722,0.8680555555555556,0.4482266902923584,20260226_162045_run8
c22,UWaveGestureLibrary,0.896875,0.8968775767776233,0.9025422010909626,0.896875,0.6751410961151123,20260226_162046_run8
c22,UWaveGestureLibraryAll,0.8657174762702401,0.8647868231524285,0.86503314236372,0.8657174762702401,2.196465492248535,20260226_162055_run8
c22,UWaveGestureLibraryX,0.803461753210497,0.8000621115854701,0.7983776916563212,0.803461753210497,2.2017221450805664,20260226_162100_run8
c22,UWaveGestureLibraryY,0.7144053601340034,0.7110897231766622,0.7140423745181713,0.7144053601340034,2.2048377990722656,20260226_162105_run8
c22,UWaveGestureLibraryZ,0.7476270240089335,0.7432980627914435,0.7443634378028849,0.7476270240089335,2.208329200744629,20260226_162110_run8
c22,Wafer,0.9991888384166125,0.9991896405383456,0.9991916642148487,0.9991888384166125,3.3787195682525635,20260226_162116_run8
c22,Wine,0.7592592592592593,0.7571774472500865,0.7684659090909092,0.7592592592592593,0.4446592330932617,20260226_162116_run8
c22,WordSynonyms,0.5877742946708464,0.5422048094949796,0.5653477071166582,0.5877742946708464,5.792557001113892,20260226_162123_run8
c22,Worms,0.7662337662337663,0.7608465608465608,0.7740027829313544,0.7662337662337663,0.4528224468231201,20260226_162123_run8
c22,WormsTwoClass,0.8181818181818182,0.8187414500683995,0.8204081632653062,0.8181818181818182,0.4538547992706299,20260226_162124_run8
c22,Yoga,0.8516666666666667,0.8515848283867768,0.8515868767654482,0.8516666666666667,1.5580871105194092,20260226_162128_run8
c22,MiddlePhalanxOutlineCorrect,0.7800687285223368,0.7716516750167791,0.7932021961527828,0.7800687285223368,0.6630465984344482,20260226_162129_run9
c22,MiddlePhalanxTW,0.564935064935065,0.5075289466161248,0.4882943535540938,0.564935064935065,0.49655842781066895,20260226_162130_run9
c22,MixedShapesRegularTrain,0.945979381443299,0.9458443332479369,0.9459800816245556,0.945979381443299,1.4855401515960693,20260226_162136_run9
c22,MixedShapesSmallTrain,0.8882474226804123,0.8872292917270734,0.8919884211955993,0.8882474226804123,1.2048561573028564,20260226_162140_run9
c22,MoteStrain,0.8091054313099042,0.8071015898152597,0.8131919797679329,0.8091054313099042,0.6958291530609131,20260226_162142_run9
c22,MotorImagery,0.52,0.5182657567242072,0.5202922077922078,0.52,3.6553690433502197,20260226_162345_run9
c22,NATOPS,0.9388888888888889,0.9380202116654731,0.9552845528455284,0.9388888888888889,2.8233890533447266,20260226_162349_run9
c22,NonInvasiveFetalECGThorax1,0.8941475826972011,0.8931753580020935,0.896205384115002,0.8941475826972011,24.263307571411133,20260226_162419_run9
c22,NonInvasiveFetalECGThorax2,0.9119592875318067,0.9127196251653599,0.9170832025336573,0.9119592875318067,24.248818159103394,20260226_162448_run9
c22,OSULeaf,0.8347107438016529,0.8345649699436202,0.8458874108120583,0.8347107438016529,0.46366333961486816,20260226_162449_run9
c22,OliveOil,0.8666666666666667,0.863095238095238,0.8916666666666667,0.8666666666666667,0.45065903663635254,20260226_162449_run9
c22,PEMS-SF,0.9826589595375722,0.982785346335201,0.9843930635838151,0.9826589595375722,24.299652814865112,20260226_162753_run9
c22,PenDigits,0.9942824471126358,0.9942831873404576,0.9943004631835525,0.9942824471126358,14.676466941833496,20260226_162810_run9
c22,PhalangesOutlinesCorrect,0.817016317016317,0.8129526747970411,0.8173689558304942,0.817016317016317,1.676443099975586,20260226_162813_run9
c22,Phoneme,0.3106540084388186,0.2448009567000365,0.25013565838595947,0.3106540084388186,9.386840343475342,20260226_162826_run9
c22,PhonemeSpectra,0.27945123769758423,0.2693497867707724,0.2786979248004725,0.27945123769758423,367.75260400772095,20260226_163507_run9
c22,PigAirwayPressure,0.4326923076923077,0.37523064542295315,0.39787851037851046,0.4326923076923077,3.68316650390625,20260226_163512_run9
c22,PigArtPressure,0.875,0.8670690420690421,0.8994505494505495,0.875,3.6453585624694824,20260226_163516_run9
c22,PigCVP,0.4230769230769231,0.38594023497869656,0.47800949050949043,0.4230769230769231,3.755009651184082,20260226_163521_run9
c22,Plane,0.9809523809523809,0.9804240794274016,0.9822510822510823,0.9809523809523809,0.46073341369628906,20260226_163522_run9
c22,PowerCons,0.9277777777777778,0.9277755486280439,0.9278305963699222,0.9277777777777778,0.4546031951904297,20260226_163522_run9
c22,ProximalPhalanxOutlineAgeGroup,0.8439024390243902,0.8485772357723577,0.8589522799575822,0.8439024390243902,0.5163125991821289,20260226_163523_run9
c22,ProximalPhalanxOutlineCorrect,0.852233676975945,0.8483594077217648,0.8498468644436464,0.852233676975945,0.6632034778594971,20260226_163524_run9
c22,ProximalPhalanxTW,0.7902439024390244,0.7695301904166965,0.7658256569261923,0.7902439024390244,0.5164492130279541,20260226_163525_run9
c22,RacketSports,0.8881578947368421,0.8891086983192246,0.892495702939782,0.8881578947368421,0.8824796676635742,20260226_163526_run9
c22,RefrigerationDevices,0.7866666666666666,0.7862256189820316,0.7864131684404153,0.7866666666666666,0.5653719902038574,20260226_163527_run9
c22,Rock,0.76,0.7440869565217391,0.7489393939393939,0.76,0.4488401412963867,20260226_163528_run9
c22,ScreenType,0.664,0.6650623213552275,0.6726308275488603,0.664,0.5634925365447998,20260226_163530_run9
c22,SelfRegulationSCP1,0.8532423208191127,0.8532320634240973,0.8534007528384147,0.8532423208191127,1.362694501876831,20260226_163536_run9
c22,SelfRegulationSCP2,0.5333333333333333,0.53125,0.5339366515837104,0.5333333333333333,1.1728546619415283,20260226_163543_run9
c22,SemgHandGenderCh2,0.9483333333333334,0.9487176019833221,0.9503555555555556,0.9483333333333334,0.6062960624694824,20260226_163546_run9
c22,SemgHandMovementCh2,0.8844444444444445,0.8836481415983567,0.8849021449021447,0.8844444444444445,0.6376094818115234,20260226_163550_run9
c22,SemgHandSubjectCh2,0.9266666666666666,0.9258179802889004,0.9273665956355237,0.9266666666666666,0.6382615566253662,20260226_163553_run9
c22,ShapeletSim,1.0,1.0,1.0,1.0,0.44825148582458496,20260226_163554_run9
c22,ShapesAll,0.835,0.8342488632984998,0.8518673687423689,0.835,8.433391332626343,20260226_163603_run9
c22,SmallKitchenAppliances,0.8453333333333334,0.8451738843248169,0.8463807987401454,0.8453333333333334,0.5666310787200928,20260226_163605_run9
c22,SmoothSubspace,0.8733333333333333,0.8713561025784884,0.8715882226520525,0.8733333333333333,0.45704102516174316,20260226_163605_run9
c22,SonyAIBORobotSurface1,0.8735440931780366,0.8740152006699115,0.894403825943826,0.8735440931780366,0.46428918838500977,20260226_163606_run9
c22,SonyAIBORobotSurface2,0.9265477439664218,0.9260809730063224,0.9266733030355294,0.9265477439664218,0.581188440322876,20260226_163607_run9
c22,StandWalkJump,0.26666666666666666,0.25997150997151,0.27777777777777773,0.26666666666666666,0.4967951774597168,20260226_163608_run9
c22,StarLightCurves,0.9781447304516756,0.9777638789984103,0.978115867139239,0.9781447304516756,4.093342304229736,20260226_163625_run9
c22,Strawberry,0.9486486486486486,0.9486048499177131,0.9485760505786697,0.9486486486486486,0.6789271831512451,20260226_163626_run9
c22,SwedishLeaf,0.928,0.9274180169394125,0.9286464184455865,0.928,7.581286191940308,20260226_163634_run9
c22,Symbols,0.9396984924623115,0.9383938453091171,0.9463330534103142,0.9396984924623115,0.5977499485015869,20260226_163635_run9
c22,SyntheticControl,1.0,1.0,1.0,1.0,0.49644994735717773,20260226_163636_run9
c22,ToeSegmentation1,0.868421052631579,0.8684717730646098,0.8686562322601573,0.868421052631579,0.4504852294921875,20260226_163637_run9
c22,ToeSegmentation2,0.823076923076923,0.8361504876209548,0.8663492276395502,0.823076923076923,0.4452662467956543,20260226_163637_run9
c22,Trace,1.0,1.0,1.0,1.0,0.44857287406921387,20260226_163638_run9
c22,TwoLeadECG,0.8700614574187884,0.8698538038916077,0.8725006016823568,0.8700614574187884,0.6463110446929932,20260226_163639_run9
c22,TwoPatterns,0.90375,0.9036417264044844,0.9042389691493788,0.90375,2.5869317054748535,20260226_163643_run9
c22,UMD,0.9375,0.9372750363337544,0.9388300774855396,0.9375,0.44940686225891113,20260226_163644_run9
c22,UWaveGestureLibrary,0.875,0.8738142505991953,0.8834002514800657,0.875,0.6748547554016113,20260226_163645_run9
c22,UWaveGestureLibraryAll,0.8676716917922948,0.8670688370555115,0.8681905587293065,0.8676716917922948,2.209216594696045,20260226_163654_run9
c22,UWaveGestureLibraryX,0.8037409268565048,0.7992716259761751,0.7989703516001206,0.8037409268565048,2.2211883068084717,20260226_163659_run9
c22,UWaveGestureLibraryY,0.7197096594081519,0.7144187512455212,0.7187129121489827,0.7197096594081519,2.2049171924591064,20260226_163704_run9
c22,UWaveGestureLibraryZ,0.7537688442211056,0.7498334221133798,0.7491820192120118,0.7537688442211056,2.200632095336914,20260226_163709_run9
c22,Wafer,0.9987021414665801,0.9987004198436132,0.9987008855261297,0.9987021414665801,3.3751180171966553,20260226_163715_run9
c22,Wine,0.8703703703703703,0.8703259005145798,0.8708791208791209,0.8703703703703703,0.4517655372619629,20260226_163715_run9
c22,WordSynonyms,0.5736677115987461,0.5068112137163254,0.5192004379236467,0.5736677115987461,5.777759313583374,20260226_163722_run9
c22,Worms,0.8051948051948052,0.8022487538833262,0.8130024737167595,0.8051948051948052,0.4471547603607178,20260226_163723_run9
c22,WormsTwoClass,0.7792207792207793,0.7776033490319205,0.778419452887538,0.7792207792207793,0.4448981285095215,20260226_163723_run9
c22,Yoga,0.8393333333333334,0.8388540455223504,0.8398373896630839,0.8393333333333334,1.5540220737457275,20260226_163727_run9
c22,MiddlePhalanxOutlineCorrect,0.8041237113402062,0.8027569714361672,0.8037584058579672,0.8041237113402062,0.6612458229064941,20260226_163728_run10
c22,MiddlePhalanxTW,0.5909090909090909,0.5331880468585868,0.5307910541208526,0.5909090909090909,0.4947540760040283,20260226_163729_run10
c22,MixedShapesRegularTrain,0.9410309278350516,0.9409420985913826,0.9409583075211498,0.9410309278350516,1.4445455074310303,20260226_163735_run10
c22,MixedShapesSmallTrain,0.9195876288659793,0.9198347417568372,0.9206376286669039,0.9195876288659793,1.190209150314331,20260226_163740_run10
c22,MoteStrain,0.8130990415335463,0.8085836173258907,0.8286845130019987,0.8130990415335463,0.6974236965179443,20260226_163741_run10
c22,MotorImagery,0.57,0.5699569956995699,0.5700280112044818,0.57,3.607088088989258,20260226_163944_run10
c22,NATOPS,0.9333333333333333,0.934543578196829,0.9428070175438596,0.9333333333333333,2.7942397594451904,20260226_163948_run10
c22,NonInvasiveFetalECGThorax1,0.8961832061068702,0.8951033027308404,0.896694760808783,0.8961832061068702,24.181679487228394,20260226_164018_run10
c22,NonInvasiveFetalECGThorax2,0.9099236641221374,0.9097613595049717,0.9117811814256185,0.9099236641221374,24.17130970954895,20260226_164047_run10
c22,OSULeaf,0.8842975206611571,0.8837719200663802,0.8862284823405091,0.8842975206611571,0.44886207580566406,20260226_164048_run10
c22,OliveOil,0.7,0.6735449735449736,0.6766666666666665,0.7,0.4377126693725586,20260226_164048_run10
c22,PEMS-SF,0.9884393063583815,0.9884393063583815,0.9892956540355384,0.9884393063583815,23.346943855285645,20260226_164349_run10
c22,PenDigits,0.9911377930245855,0.9911436073999019,0.9911785131656299,0.9911377930245855,14.534774780273438,20260226_164406_run10
c22,PhalangesOutlinesCorrect,0.8216783216783217,0.8180558811340981,0.8218133482367314,0.8216783216783217,1.6760485172271729,20260226_164408_run10
c22,Phoneme,0.3222573839662447,0.24497875114858483,0.24598041228719159,0.3222573839662447,9.35516619682312,20260226_164421_run10
c22,PhonemeSpectra,0.26990754548165824,0.2563469598589633,0.2609948915272187,0.26990754548165824,364.61902379989624,20260226_165100_run10
c22,PigAirwayPressure,0.4519230769230769,0.38630372267250096,0.36737519958673803,0.4519230769230769,3.6774346828460693,20260226_165104_run10
c22,PigArtPressure,0.8076923076923077,0.7957625707625706,0.8514756077256076,0.8076923076923077,3.6510820388793945,20260226_165109_run10
c22,PigCVP,0.40384615384615385,0.36288685547735317,0.4210443936405475,0.40384615384615385,3.6519641876220703,20260226_165113_run10
c22,Plane,0.9809523809523809,0.9809292311246992,0.9822510822510823,0.9809523809523809,0.45148301124572754,20260226_165114_run10
c22,PowerCons,0.9555555555555556,0.9555500679096184,0.9557806324110671,0.9555555555555556,0.45828962326049805,20260226_165114_run10
c22,ProximalPhalanxOutlineAgeGroup,0.8439024390243902,0.8501330821148444,0.8697557929820668,0.8439024390243902,0.5158939361572266,20260226_165115_run10
c22,ProximalPhalanxOutlineCorrect,0.8625429553264605,0.8592183945943506,0.8606230740686962,0.8625429553264605,0.6623482704162598,20260226_165116_run10
c22,ProximalPhalanxTW,0.7853658536585366,0.7711166747429063,0.780301056483859,0.7853658536585366,0.5155904293060303,20260226_165117_run10
c22,RacketSports,0.9078947368421053,0.9092832517902079,0.9129890120844069,0.9078947368421053,0.8814356327056885,20260226_165118_run10
c22,RefrigerationDevices,0.784,0.783919267983013,0.7839556257653585,0.784,0.566065788269043,20260226_165119_run10
c22,Rock,0.72,0.7168000000000001,0.7248484848484849,0.72,0.5633640289306641,20260226_165120_run10
c22,ScreenType,0.664,0.6603305999824375,0.6622363622363623,0.664,0.5639662742614746,20260226_165122_run10
c22,SelfRegulationSCP1,0.8976109215017065,0.8975608009737704,0.8982648349442167,0.8976109215017065,1.3399479389190674,20260226_165128_run10
c22,SelfRegulationSCP2,0.5,0.4999382639832078,0.5,0.5,1.1570837497711182,20260226_165134_run10
c22,SemgHandGenderCh2,0.9566666666666667,0.9567136539187857,0.9567836996693251,0.9566666666666667,0.6194875240325928,20260226_165138_run10
c22,SemgHandMovementCh2,0.8688888888888889,0.8692241067692797,0.8722500277305628,0.8688888888888889,0.6397173404693604,20260226_165141_run10
c22,SemgHandSubjectCh2,0.94,0.939878560345476,0.9405700503012877,0.94,0.6382763385772705,20260226_165145_run10
c22,ShapeletSim,1.0,1.0,1.0,1.0,0.44780540466308594,20260226_165145_run10
c22,ShapesAll,0.8116666666666666,0.8047986377322385,0.8334792835160483,0.8116666666666666,8.478898525238037,20260226_165155_run10
c22,SmallKitchenAppliances,0.8346666666666667,0.8345330301305909,0.8361491289887862,0.8346666666666667,0.5656578540802002,20260226_165157_run10
c22,SmoothSubspace,0.8733333333333333,0.8724249674429875,0.8835525585525584,0.8733333333333333,0.45836782455444336,20260226_165157_run10
c22,SonyAIBORobotSurface1,0.8452579034941764,0.8451053828015782,0.8829272383283074,0.8452579034941764,0.46476006507873535,20260226_165158_run10
c22,SonyAIBORobotSurface2,0.8541448058761805,0.8483655300571828,0.864328292332806,0.8541448058761805,0.5818753242492676,20260226_165159_run10
c22,StandWalkJump,0.26666666666666666,0.24242424242424246,0.2222222222222222,0.26666666666666666,0.494293212890625,20260226_165200_run10
c22,StarLightCurves,0.9799660029140359,0.9796142379335642,0.9800142022598008,0.9799660029140359,4.104055166244507,20260226_165217_run10
c22,Strawberry,0.9513513513513514,0.9513513513513514,0.9513513513513514,0.9513513513513514,0.6793410778045654,20260226_165218_run10
c22,SwedishLeaf,0.936,0.9356099130141132,0.9382244500072427,0.936,7.584438323974609,20260226_165226_run10
c22,Symbols,0.8974874371859296,0.8975487763877709,0.8977042280082399,0.8974874371859296,0.5982894897460938,20260226_165227_run10
c22,SyntheticControl,0.99,0.9899996666333299,0.9900653594771242,0.99,0.4973125457763672,20260226_165228_run10
c22,ToeSegmentation1,0.8464912280701754,0.8444010113701583,0.8573708666383494,0.8464912280701754,0.449495792388916,20260226_165229_run10
c22,ToeSegmentation2,0.823076923076923,0.8331225942841187,0.8516473217504146,0.823076923076923,0.44979047775268555,20260226_165229_run10
c22,Trace,1.0,1.0,1.0,1.0,0.4471862316131592,20260226_165230_run10
c22,TwoLeadECG,0.9165935030728709,0.91658990258058,0.9166555529409187,0.9165935030728709,0.6473617553710938,20260226_165231_run10
c22,TwoPatterns,0.90175,0.9017272611398068,0.901741264730216,0.90175,2.478285074234009,20260226_165235_run10
c22,UMD,0.8680555555555556,0.8665789957822583,0.8703427170326125,0.8680555555555556,0.43985819816589355,20260226_165235_run10
c22,UWaveGestureLibrary,0.915625,0.9153204620253168,0.9193125028795588,0.915625,0.6698617935180664,20260226_165237_run10
c22,UWaveGestureLibraryAll,0.8573422668900056,0.8566144315421111,0.858008400892293,0.8573422668900056,2.213698625564575,20260226_165245_run10
c22,UWaveGestureLibraryX,0.8015075376884422,0.7965778843967142,0.7940459674210759,0.8015075376884422,2.209980010986328,20260226_165250_run10
c22,UWaveGestureLibraryY,0.7244556113902848,0.7220002783715631,0.7245789360226168,0.7244556113902848,2.206800699234009,20260226_165255_run10
c22,UWaveGestureLibraryZ,0.7462311557788944,0.7408085927148529,0.7389730549974558,0.7462311557788944,2.2083687782287598,20260226_165300_run10
c22,Wafer,0.9991888384166125,0.9991885701135255,0.9991884382554109,0.9991888384166125,3.35239315032959,20260226_165306_run10
c22,Wine,0.7962962962962963,0.7945347630577655,0.8068181818181819,0.7962962962962963,0.43683457374572754,20260226_165307_run10
c22,WordSynonyms,0.5517241379310345,0.49980184585612725,0.5740508091131975,0.5517241379310345,5.88737416267395,20260226_165313_run10
c22,Worms,0.7402597402597403,0.7341983068691142,0.7373474739546169,0.7402597402597403,0.4465193748474121,20260226_165314_run10
c22,WormsTwoClass,0.7532467532467533,0.7497670670595049,0.7529154518950437,0.7532467532467533,0.4453294277191162,20260226_165315_run10
c22,Yoga,0.8396666666666667,0.8395103335769001,0.8395839894353964,0.8396666666666667,1.5534837245941162,20260226_165319_run10
c22,MiddlePhalanxOutlineCorrect,0.8384879725085911,0.8371012979742675,0.8391943527972728,0.8384879725085911,0.6592378616333008,20260226_165320_run11
c22,MiddlePhalanxTW,0.5844155844155844,0.49084604124381037,0.45936597637744814,0.5844155844155844,0.49352312088012695,20260226_165320_run11
c22,MixedShapesRegularTrain,0.9377319587628866,0.9376576527661541,0.9382227883422353,0.9377319587628866,1.4798047542572021,20260226_165326_run11
c22,MixedShapesSmallTrain,0.8717525773195877,0.8715275911254593,0.8746246966180337,0.8717525773195877,1.1904313564300537,20260226_165331_run11
c22,MoteStrain,0.9113418530351438,0.9110154944718778,0.9126794860233964,0.9113418530351438,0.6959271430969238,20260226_165332_run11
c22,MotorImagery,0.51,0.5087719298245613,0.51010101010101,0.51,3.508788824081421,20260226_165534_run11
c22,NATOPS,0.9444444444444444,0.9450517116169584,0.9535818713450293,0.9444444444444444,2.8927066326141357,20260226_165539_run11
c22,NonInvasiveFetalECGThorax1,0.8926208651399491,0.8914796645555686,0.8953384618576069,0.8926208651399491,24.1605806350708,20260226_165608_run11
c22,NonInvasiveFetalECGThorax2,0.9099236641221374,0.9091877601461269,0.9103647767012951,0.9099236641221374,24.201133728027344,20260226_165637_run11
c22,OSULeaf,0.7851239669421488,0.7849391919040013,0.8037023933359766,0.7851239669421488,0.4518604278564453,20260226_165638_run11
c22,OliveOil,0.7333333333333333,0.7136269527573875,0.7315850815850815,0.7333333333333333,0.43440842628479004,20260226_165638_run11
c22,PEMS-SF,1.0,1.0,1.0,1.0,23.3549165725708,20260226_165940_run11
c22,PenDigits,0.9942824471126358,0.9942852682991793,0.9943051455559483,0.9942824471126358,14.553811073303223,20260226_165957_run11
c22,PhalangesOutlinesCorrect,0.8100233100233101,0.8063397338837793,0.8093682770266425,0.8100233100233101,1.6707358360290527,20260226_170000_run11
c22,Phoneme,0.30116033755274263,0.2291538392422098,0.21758757014718136,0.30116033755274263,9.344994306564331,20260226_170013_run11
c22,PhonemeSpectra,0.27378467044437815,0.2629155160530549,0.2819116272786805,0.27378467044437815,366.9309084415436,20260226_170653_run11
c22,PigAirwayPressure,0.3557692307692308,0.2975124171956751,0.30789760453221987,0.3557692307692308,3.614804267883301,20260226_170658_run11
c22,PigArtPressure,0.8269230769230769,0.8181124431124431,0.8636446886446886,0.8269230769230769,3.5836875438690186,20260226_170702_run11
c22,PigCVP,0.4375,0.40138799109387335,0.46005468890084267,0.4375,3.5835061073303223,20260226_170707_run11
c22,Plane,1.0,1.0,1.0,1.0,0.4412202835083008,20260226_170707_run11
c22,PowerCons,0.9611111111111111,0.9610522085870605,0.9639175257731959,0.9611111111111111,0.4476933479309082,20260226_170708_run11
c22,ProximalPhalanxOutlineAgeGroup,0.8926829268292683,0.8957969201606947,0.9010737214671464,0.8926829268292683,0.5144944190979004,20260226_170709_run11
c22,ProximalPhalanxOutlineCorrect,0.8556701030927835,0.8532914409987244,0.8532398612596592,0.8556701030927835,0.6599986553192139,20260226_170709_run11
c22,ProximalPhalanxTW,0.7902439024390244,0.7727914696140425,0.8177599829571697,0.7902439024390244,0.5140969753265381,20260226_170710_run11
c22,RacketSports,0.8881578947368421,0.8887346004253445,0.8897243107769424,0.8881578947368421,0.8789052963256836,20260226_170711_run11
c22,RefrigerationDevices,0.7493333333333333,0.7471837869526662,0.7514932983682984,0.7493333333333333,0.5615041255950928,20260226_170713_run11
c22,Rock,0.74,0.7472496025437202,0.779,0.74,0.43962860107421875,20260226_170714_run11
c22,ScreenType,0.632,0.6237211279913428,0.631373579345787,0.632,0.5616874694824219,20260226_170715_run11
c22,SelfRegulationSCP1,0.8703071672354948,0.8703041457828631,0.8703822334750897,0.8703071672354948,1.3621792793273926,20260226_170721_run11
c22,SelfRegulationSCP2,0.5555555555555556,0.5546759030183078,0.5559980089596814,0.5555555555555556,1.279524326324463,20260226_170728_run11
c22,SemgHandGenderCh2,0.9766666666666667,0.9766919674947306,0.9767409064384361,0.9766666666666667,0.6025002002716064,20260226_170731_run11
c22,SemgHandMovementCh2,0.86,0.8591091729611339,0.8603305946791862,0.86,0.636193037033081,20260226_170735_run11
c22,SemgHandSubjectCh2,0.96,0.9599167686246337,0.9602169317032816,0.96,0.63724684715271,20260226_170738_run11
c22,ShapeletSim,1.0,1.0,1.0,1.0,0.44109058380126953,20260226_170739_run11
c22,ShapesAll,0.8116666666666666,0.8082205339181043,0.8235658323158324,0.8116666666666666,8.414474964141846,20260226_170748_run11
c22,SmallKitchenAppliances,0.8213333333333334,0.8205616424797982,0.8210372674982476,0.8213333333333334,0.5626142024993896,20260226_170750_run11
c22,SmoothSubspace,0.88,0.8795095586027424,0.880040144520273,0.88,0.4503791332244873,20260226_170751_run11
c22,SonyAIBORobotSurface1,0.8785357737104825,0.8790525925805418,0.8965552185021823,0.8785357737104825,0.45871424674987793,20260226_170751_run11
c22,SonyAIBORobotSurface2,0.9317943336831059,0.9314252269929882,0.9318485377682364,0.9317943336831059,0.5799622535705566,20260226_170752_run11
c22,StandWalkJump,0.3333333333333333,0.31216931216931215,0.36111111111111105,0.3333333333333333,0.48726582527160645,20260226_170753_run11
c22,StarLightCurves,0.9777804759592035,0.9773673606391217,0.9777924061466358,0.9777804759592035,4.0931901931762695,20260226_170810_run11
c22,Strawberry,0.9459459459459459,0.9462788580435639,0.9475440658049354,0.9459459459459459,0.6753144264221191,20260226_170811_run11
c22,SwedishLeaf,0.9136,0.9135225040098277,0.9167107549578092,0.9136,7.56267786026001,20260226_170819_run11
c22,Symbols,0.9608040201005025,0.9608351455765163,0.9644461540261227,0.9608040201005025,0.5945959091186523,20260226_170821_run11
c22,SyntheticControl,0.97,0.9699789810829745,0.9705178643115215,0.97,0.495668888092041,20260226_170821_run11
c22,ToeSegmentation1,0.8596491228070176,0.8597463860621756,0.8610341643582641,0.8596491228070176,0.4448211193084717,20260226_170822_run11
c22,ToeSegmentation2,0.8923076923076924,0.8998461538461539,0.924659028914348,0.8923076923076924,0.43611693382263184,20260226_170822_run11
c22,Trace,1.0,1.0,1.0,1.0,0.44025707244873047,20260226_170823_run11
c22,TwoLeadECG,0.9367866549604916,0.9367717414629201,0.9372251650594736,0.9367866549604916,0.6126506328582764,20260226_170824_run11
c22,TwoPatterns,0.896,0.8959643263364698,0.896347209986412,0.896,2.4791688919067383,20260226_170828_run11
c22,UMD,0.8611111111111112,0.859627145341431,0.8605076759385926,0.8611111111111112,0.43869876861572266,20260226_170829_run11
c22,UWaveGestureLibrary,0.903125,0.9018060579490121,0.9038960913592848,0.903125,0.6714305877685547,20260226_170830_run11
c22,UWaveGestureLibraryAll,0.8908431044109436,0.8903169484285028,0.8914099080513163,0.8908431044109436,2.194861888885498,20260226_170839_run11
c22,UWaveGestureLibraryX,0.7992741485203797,0.7971529136633007,0.7961812229162613,0.7992741485203797,2.1953704357147217,20260226_170844_run11
c22,UWaveGestureLibraryY,0.7319932998324958,0.7274816551322141,0.7301532814467113,0.7319932998324958,2.195403575897217,20260226_170848_run11
c22,UWaveGestureLibraryZ,0.7479061976549414,0.7447620411050815,0.743662531664969,0.7479061976549414,2.1969573497772217,20260226_170853_run11
c22,Wafer,0.9993510707332901,0.9993506410753036,0.9993507582932394,0.9993510707332901,3.3718390464782715,20260226_170900_run11
c22,Wine,0.7777777777777778,0.7765517241379312,0.7840112201963534,0.7777777777777778,0.4369840621948242,20260226_170900_run11
c22,WordSynonyms,0.6112852664576802,0.565353690445296,0.5884142747376669,0.6112852664576802,5.8770811557769775,20260226_170906_run11
c22,Worms,0.7662337662337663,0.763171356007177,0.7761741060060388,0.7662337662337663,0.4451935291290283,20260226_170907_run11
c22,WormsTwoClass,0.7922077922077922,0.7784960137901314,0.8296603577910292,0.7922077922077922,0.4460759162902832,20260226_170908_run11
c22,Yoga,0.8146666666666667,0.8143795728582024,0.81458560654177,0.8146666666666667,1.556314468383789,20260226_170912_run11
c22,MiddlePhalanxOutlineCorrect,0.8006872852233677,0.793059330483956,0.8164033002702207,0.8006872852233677,0.6598422527313232,20260226_170913_run12
c22,MiddlePhalanxTW,0.5974025974025974,0.5553313489104754,0.5366225045244719,0.5974025974025974,0.4926180839538574,20260226_170914_run12
c22,MixedShapesRegularTrain,0.9406185567010309,0.9403356356062602,0.9403700064720577,0.9406185567010309,1.443100929260254,20260226_170919_run12
c22,MixedShapesSmallTrain,0.8911340206185567,0.8905030006426402,0.8924011818639132,0.8911340206185567,1.1913411617279053,20260226_170924_run12
c22,MoteStrain,0.8985623003194888,0.8986341391753262,0.8989001897235814,0.8985623003194888,0.6965010166168213,20260226_170925_run12
c22,MotorImagery,0.45,0.44729172947442464,0.449000407996736,0.45,3.544898271560669,20260226_171128_run12
c22,NATOPS,0.9611111111111111,0.9610823049856279,0.9631445170660857,0.9611111111111111,2.774580717086792,20260226_171133_run12
c22,NonInvasiveFetalECGThorax1,0.8951653944020356,0.8955060856301728,0.9001046364959381,0.8951653944020356,24.281535625457764,20260226_171202_run12
c22,NonInvasiveFetalECGThorax2,0.910941475826972,0.9109796913835542,0.9126213300769364,0.910941475826972,24.204846382141113,20260226_171231_run12
c22,OSULeaf,0.8099173553719008,0.8117654880236307,0.8237066117851661,0.8099173553719008,0.450756311416626,20260226_171232_run12
c22,OliveOil,0.7333333333333333,0.738095238095238,0.7666666666666667,0.7333333333333333,0.43727827072143555,20260226_171233_run12
c22,PEMS-SF,0.953757225433526,0.954116751836028,0.9572584640792733,0.953757225433526,23.393765926361084,20260226_171533_run12
c22,PenDigits,0.9919954259576901,0.9919951982242606,0.9920067326292322,0.9919954259576901,14.554123878479004,20260226_171551_run12
c22,PhalangesOutlinesCorrect,0.8216783216783217,0.8186995570575456,0.8210513897480003,0.8216783216783217,1.6644902229309082,20260226_171553_run12
c22,Phoneme,0.3069620253164557,0.24770858314335983,0.24357288382229556,0.3069620253164557,9.345113277435303,20260226_171606_run12
c22,PhonemeSpectra,0.27259170891738743,0.2617314957164705,0.26739616495654417,0.27259170891738743,368.32648372650146,20260226_172248_run12
c22,PigAirwayPressure,0.3605769230769231,0.2951520324823492,0.2989075561190946,0.3605769230769231,3.5961339473724365,20260226_172252_run12
c22,PigArtPressure,0.8125,0.799660062160062,0.8558836996336996,0.8125,3.591048240661621,20260226_172257_run12
c22,PigCVP,0.4567307692307692,0.39711338481581393,0.3997023809523809,0.4567307692307692,3.5928852558135986,20260226_172301_run12
c22,Plane,1.0,1.0,1.0,1.0,0.44469308853149414,20260226_172302_run12
c22,PowerCons,0.9222222222222223,0.9222126188418325,0.9224308300395256,0.9222222222222223,0.44894838333129883,20260226_172303_run12
c22,ProximalPhalanxOutlineAgeGroup,0.8731707317073171,0.877533687211244,0.8856624998503299,0.8731707317073171,0.5152454376220703,20260226_172303_run12
c22,ProximalPhalanxOutlineCorrect,0.8694158075601375,0.8662574748646331,0.8678868523503342,0.8694158075601375,0.6606404781341553,20260226_172304_run12
c22,ProximalPhalanxTW,0.7951219512195122,0.779716328516692,0.7845726495726495,0.7951219512195122,0.6217432022094727,20260226_172305_run12
c22,RacketSports,0.8881578947368421,0.8885952440031456,0.8906848086124401,0.8881578947368421,0.8811142444610596,20260226_172306_run12
c22,RefrigerationDevices,0.728,0.7261542271512361,0.7267129356681595,0.728,0.5806407928466797,20260226_172308_run12
c22,Rock,0.66,0.679510931174089,0.8470909090909092,0.66,0.4515082836151123,20260226_172308_run12
c22,ScreenType,0.616,0.611809104068097,0.61869667362936,0.616,0.5654122829437256,20260226_172310_run12
c22,SelfRegulationSCP1,0.9112627986348123,0.9111012323017945,0.914017394513683,0.9112627986348123,1.3589282035827637,20260226_172316_run12
c22,SelfRegulationSCP2,0.49444444444444446,0.49367871163178884,0.4944106322196,0.49444444444444446,1.1570332050323486,20260226_172323_run12
c22,SemgHandGenderCh2,0.96,0.9600855864617779,0.9602634254999758,0.96,0.6068782806396484,20260226_172326_run12
c22,SemgHandMovementCh2,0.86,0.8593363400179108,0.8601316329483266,0.86,0.6391048431396484,20260226_172330_run12
c22,SemgHandSubjectCh2,0.9355555555555556,0.9352756464395723,0.9355251041062762,0.9355555555555556,0.6414721012115479,20260226_172333_run12
c22,ShapeletSim,1.0,1.0,1.0,1.0,0.45259714126586914,20260226_172334_run12
c22,ShapesAll,0.8266666666666667,0.8211090602873145,0.8370260295260296,0.8266666666666667,8.464669466018677,20260226_172343_run12
c22,SmallKitchenAppliances,0.8213333333333334,0.8200217451463714,0.8214171691783633,0.8213333333333334,0.5690670013427734,20260226_172345_run12
c22,SmoothSubspace,0.9066666666666666,0.905530492898914,0.9074747474747475,0.9066666666666666,0.46245479583740234,20260226_172345_run12
c22,SonyAIBORobotSurface1,0.9217970049916805,0.9221899378533086,0.9320164804690594,0.9217970049916805,0.4732968807220459,20260226_172346_run12
c22,SonyAIBORobotSurface2,0.8919202518363064,0.8899314569999218,0.8945428360242911,0.8919202518363064,0.584094762802124,20260226_172347_run12
c22,StandWalkJump,0.4666666666666667,0.46296296296296297,0.47619047619047616,0.4666666666666667,0.5070500373840332,20260226_172348_run12
c22,StarLightCurves,0.9782661486158329,0.9778529814678228,0.9783103296202625,0.9782661486158329,4.102001190185547,20260226_172405_run12
c22,Strawberry,0.9540540540540541,0.9540923803644757,0.9541457132396506,0.9540540540540541,0.6810719966888428,20260226_172406_run12
c22,SwedishLeaf,0.9344,0.9340949793948282,0.9355691224690051,0.9344,7.602989673614502,20260226_172414_run12
c22,Symbols,0.9547738693467337,0.954653289333224,0.9555087512171003,0.9547738693467337,0.5977630615234375,20260226_172416_run12
c22,SyntheticControl,0.9833333333333333,0.9833276644991431,0.9836444193061837,0.9833333333333333,0.502312183380127,20260226_172416_run12
c22,ToeSegmentation1,0.8333333333333334,0.8323996265172735,0.8361742424242423,0.8333333333333334,0.4618089199066162,20260226_172417_run12
c22,ToeSegmentation2,0.8615384615384616,0.8672143390589994,0.8772307692307691,0.8615384615384616,0.4512794017791748,20260226_172418_run12
c22,Trace,1.0,1.0,1.0,1.0,0.45778989791870117,20260226_172418_run12
c22,TwoLeadECG,0.8568920105355575,0.8563416893107877,0.8625413497099554,0.8568920105355575,0.6184542179107666,20260226_172419_run12
c22,TwoPatterns,0.891,0.8907081637870095,0.8924676352742044,0.891,2.485278844833374,20260226_172423_run12
c22,UMD,0.8472222222222222,0.8464648247060713,0.846530612244898,0.8472222222222222,0.45242881774902344,20260226_172424_run12
c22,UWaveGestureLibrary,0.878125,0.8777705255372388,0.889542693108129,0.878125,0.7859342098236084,20260226_172425_run12
c22,UWaveGestureLibraryAll,0.8752093802345059,0.8747136143156832,0.8752129187587794,0.8752093802345059,2.223512649536133,20260226_172434_run12
c22,UWaveGestureLibraryX,0.8012283640424344,0.7980295631607287,0.7964126820928831,0.8012283640424344,2.2165584564208984,20260226_172439_run12
c22,UWaveGestureLibraryY,0.7292015633724176,0.7249643745522347,0.7282669800171359,0.7292015633724176,2.2022669315338135,20260226_172444_run12
c22,UWaveGestureLibraryZ,0.7375767727526521,0.7339607396166111,0.7327306711276854,0.7375767727526521,2.2046642303466797,20260226_172449_run12
c22,Wafer,0.9991888384166125,0.999188032107387,0.9991884570575968,0.9991888384166125,3.394488573074341,20260226_172455_run12
c22,Wine,0.8148148148148148,0.8137931034482759,0.8218793828892005,0.8148148148148148,0.45038390159606934,20260226_172456_run12
c22,WordSynonyms,0.5956112852664577,0.5475451106854271,0.5795162871729351,0.5956112852664577,5.812765598297119,20260226_172502_run12
c22,Worms,0.7272727272727273,0.7223157476495687,0.752816220006924,0.7272727272727273,0.4607975482940674,20260226_172503_run12
c22,WormsTwoClass,0.7922077922077922,0.7900220396714086,0.7922824302134646,0.7922077922077922,0.46013641357421875,20260226_172504_run12
c22,Yoga,0.835,0.8348699517534545,0.8348968139873377,0.835,1.557288646697998,20260226_172508_run12
c22,MiddlePhalanxOutlineCorrect,0.8006872852233677,0.7963576420028358,0.8057920267971814,0.8006872852233677,0.6642296314239502,20260226_172509_run13
c22,MiddlePhalanxTW,0.5584415584415584,0.49299340330006886,0.4778860648087425,0.5584415584415584,0.49901723861694336,20260226_172509_run13
c22,MixedShapesRegularTrain,0.9389690721649484,0.9387570413557499,0.9387288143731961,0.9389690721649484,1.4502198696136475,20260226_172515_run13
c22,MixedShapesSmallTrain,0.8688659793814433,0.8704794604171473,0.8786920771406956,0.8688659793814433,1.2197937965393066,20260226_172520_run13
c22,MoteStrain,0.7779552715654952,0.7768484535173171,0.7986168877683307,0.7779552715654952,0.6998722553253174,20260226_172521_run13
c22,MotorImagery,0.55,0.5495946351716544,0.5501806503412284,0.55,3.679138660430908,20260226_172724_run13
c22,NATOPS,0.9611111111111111,0.9611003056404558,0.9612532443455691,0.9611111111111111,2.914123058319092,20260226_172728_run13
c22,NonInvasiveFetalECGThorax1,0.889058524173028,0.8877338825988369,0.8895942701464175,0.889058524173028,24.195119857788086,20260226_172758_run13
c22,NonInvasiveFetalECGThorax2,0.9099236641221374,0.9097590654264469,0.910293474894242,0.9099236641221374,24.211636781692505,20260226_172827_run13
c22,OSULeaf,0.8512396694214877,0.8523058219275773,0.8590484945516803,0.8512396694214877,0.4618828296661377,20260226_172828_run13
c22,OliveOil,0.8333333333333334,0.8342948717948718,0.8476190476190477,0.8333333333333334,0.4436032772064209,20260226_172828_run13
c22,PEMS-SF,0.9884393063583815,0.9884683047538035,0.989402697495183,0.9884393063583815,23.713794708251953,20260226_173130_run13
c22,PenDigits,0.9951400800457404,0.9951313281309473,0.9951417542611594,0.9951400800457404,14.702845573425293,20260226_173147_run13
c22,PhalangesOutlinesCorrect,0.8496503496503497,0.8461656932510213,0.8522367076400658,0.8496503496503497,1.6824522018432617,20260226_173150_run13
c22,Phoneme,0.3206751054852321,0.24772502717845812,0.3009312483244316,0.3206751054852321,9.36683464050293,20260226_173203_run13
c22,PhonemeSpectra,0.2860125260960334,0.2743679129032201,0.2859901051343063,0.2860125260960334,363.91259479522705,20260226_173840_run13
c22,PigAirwayPressure,0.3942307692307692,0.32306753075983846,0.31812493062493064,0.3942307692307692,3.6936111450195312,20260226_173845_run13
c22,PigArtPressure,0.7548076923076923,0.7392751039809864,0.796335075181229,0.7548076923076923,3.6505472660064697,20260226_173850_run13
c22,PigCVP,0.4807692307692308,0.4331875389567698,0.45426448551448545,0.4807692307692308,3.767603635787964,20260226_173854_run13
c22,Plane,0.9809523809523809,0.9809292311246992,0.9822510822510823,0.9809523809523809,0.4504110813140869,20260226_173855_run13
c22,PowerCons,0.9444444444444444,0.9443344878772885,0.9479840716774515,0.9444444444444444,0.45490574836730957,20260226_173855_run13
c22,ProximalPhalanxOutlineAgeGroup,0.8585365853658536,0.8663926236941286,0.885687738510038,0.8585365853658536,0.5172789096832275,20260226_173856_run13
c22,ProximalPhalanxOutlineCorrect,0.8316151202749141,0.8249879103432768,0.8288661993831153,0.8316151202749141,0.6630027294158936,20260226_173857_run13
c22,ProximalPhalanxTW,0.7463414634146341,0.7408699555880137,0.8047772017198903,0.7463414634146341,0.5152232646942139,20260226_173858_run13
c22,RacketSports,0.9078947368421053,0.907497363934132,0.9114610851452958,0.9078947368421053,0.8816585540771484,20260226_173859_run13
c22,RefrigerationDevices,0.8133333333333334,0.8107076538954239,0.8163981354815828,0.8133333333333334,0.5645279884338379,20260226_173900_run13
c22,Rock,0.76,0.764235294117647,0.7778508771929825,0.76,0.4467799663543701,20260226_173901_run13
c22,ScreenType,0.6693333333333333,0.6650604208107255,0.6754834523510092,0.6693333333333333,0.5635197162628174,20260226_173902_run13
c22,SelfRegulationSCP1,0.8327645051194539,0.8325069345538599,0.8346090766101999,0.8327645051194539,1.3541059494018555,20260226_173909_run13
c22,SelfRegulationSCP2,0.49444444444444446,0.49254933548127267,0.4943601955132222,0.49444444444444446,1.161146640777588,20260226_173915_run13
c22,SemgHandGenderCh2,0.96,0.9600855864617779,0.9602634254999758,0.96,0.6012148857116699,20260226_173919_run13
c22,SemgHandMovementCh2,0.86,0.85920507519247,0.8595776043602129,0.86,0.635805606842041,20260226_173922_run13
c22,SemgHandSubjectCh2,0.9133333333333333,0.9132813745483933,0.9136999017370534,0.9133333333333333,0.6342411041259766,20260226_173926_run13
c22,ShapeletSim,1.0,1.0,1.0,1.0,0.44037365913391113,20260226_173926_run13
c22,ShapesAll,0.8233333333333334,0.817425299505189,0.8306742794242793,0.8233333333333334,8.411435604095459,20260226_173936_run13
c22,SmallKitchenAppliances,0.8266666666666667,0.8267103993331089,0.8289711042311662,0.8266666666666667,0.5606594085693359,20260226_173938_run13
c22,SmoothSubspace,0.8666666666666667,0.8658365692157933,0.8683415350082017,0.8666666666666667,0.4498910903930664,20260226_173938_run13
c22,SonyAIBORobotSurface1,0.870216306156406,0.8704621303882099,0.8988956969868149,0.870216306156406,0.45896458625793457,20260226_173939_run13
c22,SonyAIBORobotSurface2,0.8982161594963274,0.8955359694074486,0.9049184595822095,0.8982161594963274,0.5786786079406738,20260226_173940_run13
c22,StandWalkJump,0.4666666666666667,0.47619047619047616,0.5555555555555555,0.4666666666666667,0.4846949577331543,20260226_173941_run13
c22,StarLightCurves,0.9774162214667315,0.9769272731629379,0.9775606860315743,0.9774162214667315,4.235125780105591,20260226_173958_run13
c22,Strawberry,0.9486486486486486,0.9490002791929987,0.9505327310028601,0.9486486486486486,0.6786332130432129,20260226_173959_run13
c22,SwedishLeaf,0.936,0.935465880525401,0.936484402863298,0.936,7.559197664260864,20260226_174007_run13
c22,Symbols,0.964824120603015,0.9648061180397774,0.9651122493225543,0.964824120603015,0.5967175960540771,20260226_174008_run13
c22,SyntheticControl,0.9766666666666667,0.9766663332999966,0.9767320261437908,0.9766666666666667,0.49326109886169434,20260226_174009_run13
c22,ToeSegmentation1,0.8333333333333334,0.8326213592233009,0.8351648351648352,0.8333333333333334,0.4404945373535156,20260226_174009_run13
c22,ToeSegmentation2,0.8076923076923077,0.825493893624742,0.8774289062981926,0.8076923076923077,0.4367852210998535,20260226_174010_run13
c22,Trace,1.0,1.0,1.0,1.0,0.43825602531433105,20260226_174011_run13
c22,TwoLeadECG,0.9051799824407375,0.9050979075809117,0.906634154367175,0.9051799824407375,0.6435046195983887,20260226_174012_run13
c22,TwoPatterns,0.90575,0.9056438396705332,0.9065202496997843,0.90575,2.472921133041382,20260226_174016_run13
c22,UMD,0.8611111111111112,0.8597832291820249,0.8621700252428015,0.8611111111111112,0.43865251541137695,20260226_174016_run13
c22,UWaveGestureLibrary,0.896875,0.8964763340237258,0.901620712149127,0.896875,0.6708118915557861,20260226_174018_run13
c22,UWaveGestureLibraryAll,0.8659966499162479,0.8658745047797383,0.8664173219422234,0.8659966499162479,2.308138847351074,20260226_174026_run13
c22,UWaveGestureLibraryX,0.7973199329983249,0.7983764451453415,0.8012775556960483,0.7973199329983249,2.1994755268096924,20260226_174031_run13
c22,UWaveGestureLibraryY,0.7275265214963708,0.7238097321220743,0.7237634717492538,0.7275265214963708,2.202864408493042,20260226_174036_run13
c22,UWaveGestureLibraryZ,0.7426018983807928,0.73934710215533,0.7383123451586626,0.7426018983807928,2.2016830444335938,20260226_174041_run13
c22,Wafer,0.9995133030499675,0.9995128192644323,0.9995135684245313,0.9995133030499675,3.381202459335327,20260226_174047_run13
c22,Wine,0.8703703703703703,0.8703259005145798,0.8708791208791209,0.8703703703703703,0.4342050552368164,20260226_174048_run13
c22,WordSynonyms,0.6003134796238244,0.5502826298653665,0.570739043190219,0.6003134796238244,5.773534774780273,20260226_174054_run13
c22,Worms,0.8051948051948052,0.8010474374110739,0.8063698206555349,0.8051948051948052,0.44809865951538086,20260226_174055_run13
c22,WormsTwoClass,0.8441558441558441,0.841337386018237,0.8495238095238095,0.8441558441558441,0.4443671703338623,20260226_174056_run13
c22,Yoga,0.8223333333333334,0.821504602316348,0.8234886335017371,0.8223333333333334,1.5584583282470703,20260226_174100_run13
c22,MiddlePhalanxOutlineCorrect,0.7594501718213058,0.7478351083350903,0.7762238101298811,0.7594501718213058,0.6603000164031982,20260226_174101_run14
c22,MiddlePhalanxTW,0.5454545454545454,0.49429463171182053,0.5034553752456102,0.5454545454545454,0.4936692714691162,20260226_174101_run14
c22,MixedShapesRegularTrain,0.9348453608247422,0.9346338951613773,0.9352666340343295,0.9348453608247422,1.4781064987182617,20260226_174107_run14
c22,MixedShapesSmallTrain,0.8692783505154639,0.8671581449103101,0.8739149905416594,0.8692783505154639,1.1909053325653076,20260226_174112_run14
c22,MoteStrain,0.8234824281150159,0.8233731862040777,0.8233495051357413,0.8234824281150159,0.6949682235717773,20260226_174113_run14
c22,MotorImagery,0.59,0.5896306676008407,0.5903251706142112,0.59,3.7742300033569336,20260226_174316_run14
c22,NATOPS,0.9555555555555556,0.9561937105040553,0.9611823361823363,0.9555555555555556,2.791239023208618,20260226_174321_run14
c22,NonInvasiveFetalECGThorax1,0.8798982188295166,0.8802055884289705,0.8837116574757526,0.8798982188295166,24.07480025291443,20260226_174350_run14
c22,NonInvasiveFetalECGThorax2,0.9150127226463104,0.9149498086187267,0.9172691422917171,0.9150127226463104,24.145894050598145,20260226_174419_run14
c22,OSULeaf,0.8099173553719008,0.8073529607493473,0.8134481750580096,0.8099173553719008,0.451160192489624,20260226_174420_run14
c22,OliveOil,0.7,0.703362363127069,0.7148504273504273,0.7,0.43505144119262695,20260226_174420_run14
c22,PEMS-SF,0.9884393063583815,0.9884278827480636,0.989402697495183,0.9884393063583815,23.26173186302185,20260226_174722_run14
c22,PenDigits,0.9908519153802172,0.9908596103400367,0.990897399943126,0.9908519153802172,14.624613523483276,20260226_174739_run14
c22,PhalangesOutlinesCorrect,0.8181818181818182,0.8152236996738031,0.817338256149445,0.8181818181818182,1.6904666423797607,20260226_174741_run14
c22,Phoneme,0.26582278481012656,0.19102457967257966,0.18495094617740415,0.26582278481012656,9.484588146209717,20260226_174755_run14
c22,PhonemeSpectra,0.285416045332538,0.2732078183571683,0.2832395610076374,0.285416045332538,366.97858476638794,20260226_175435_run14
c22,PigAirwayPressure,0.4807692307692308,0.43417306658703414,0.45821886446886445,0.4807692307692308,3.6043338775634766,20260226_175440_run14
c22,PigArtPressure,0.7692307692307693,0.7634934509934509,0.8570054945054946,0.7692307692307693,3.690281629562378,20260226_175444_run14
c22,PigCVP,0.4230769230769231,0.3848947621006443,0.4876326664788203,0.4230769230769231,3.5852115154266357,20260226_175449_run14
c22,Plane,0.9904761904761905,0.9904227609697456,0.9910714285714286,0.9904761904761905,0.4419529438018799,20260226_175450_run14
c22,PowerCons,0.9722222222222222,0.9722145040288969,0.9727474972191323,0.9722222222222222,0.4502274990081787,20260226_175450_run14
c22,ProximalPhalanxOutlineAgeGroup,0.824390243902439,0.8300031731806969,0.8419748729094299,0.824390243902439,0.5155284404754639,20260226_175451_run14
c22,ProximalPhalanxOutlineCorrect,0.8797250859106529,0.8770553904598286,0.878562101480856,0.8797250859106529,0.659210205078125,20260226_175452_run14
c22,ProximalPhalanxTW,0.8,0.773950334466365,0.750551757597142,0.8,0.5132687091827393,20260226_175452_run14
c22,RacketSports,0.9013157894736842,0.9008603670301071,0.9005639097744362,0.9013157894736842,0.878448486328125,20260226_175454_run14
c22,RefrigerationDevices,0.712,0.7096886789459286,0.7122002085505735,0.712,0.5629162788391113,20260226_175455_run14
c22,Rock,0.88,0.88,0.88,0.88,0.43886256217956543,20260226_175456_run14
c22,ScreenType,0.688,0.6849892333277855,0.6890677426055607,0.688,0.5626792907714844,20260226_175457_run14
c22,SelfRegulationSCP1,0.8532423208191127,0.8530162895064485,0.8552083383335813,0.8532423208191127,1.3346197605133057,20260226_175503_run14
c22,SelfRegulationSCP2,0.5111111111111111,0.5105672969966629,0.5111607142857143,0.5111111111111111,1.1473705768585205,20260226_175510_run14
c22,SemgHandGenderCh2,0.9483333333333334,0.948470588235294,0.9487496224705527,0.9483333333333334,0.6007170677185059,20260226_175513_run14
c22,SemgHandMovementCh2,0.8533333333333334,0.8524243561798828,0.8564732569197692,0.8533333333333334,0.6357169151306152,20260226_175517_run14
c22,SemgHandSubjectCh2,0.9644444444444444,0.9643070149884516,0.96501988054756,0.9644444444444444,0.6370975971221924,20260226_175520_run14
c22,ShapeletSim,1.0,1.0,1.0,1.0,0.44119834899902344,20260226_175521_run14
c22,ShapesAll,0.8283333333333334,0.8285122154633529,0.8447365597365597,0.8283333333333334,8.418538570404053,20260226_175530_run14
c22,SmallKitchenAppliances,0.824,0.8218441740056723,0.8253685927598972,0.824,0.5637528896331787,20260226_175532_run14
c22,SmoothSubspace,0.9066666666666666,0.9074253494811997,0.9093081761006289,0.9066666666666666,0.4536290168762207,20260226_175533_run14
c22,SonyAIBORobotSurface1,0.9500831946755408,0.9499180312795634,0.9505338348830045,0.9500831946755408,0.46069788932800293,20260226_175533_run14
c22,SonyAIBORobotSurface2,0.9317943336831059,0.9313825309814674,0.9319409605087888,0.9317943336831059,0.580394983291626,20260226_175534_run14
c22,StandWalkJump,0.3333333333333333,0.3194444444444444,0.5353535353535354,0.3333333333333333,0.5946950912475586,20260226_175535_run14
c22,StarLightCurves,0.9805730937348227,0.9803099651068347,0.9805054022973875,0.9805730937348227,4.237101793289185,20260226_175553_run14
c22,Strawberry,0.9648648648648649,0.9648348973121196,0.9648202356113819,0.9648648648648649,0.6746351718902588,20260226_175554_run14
c22,SwedishLeaf,0.912,0.9122357042184356,0.9164350932793068,0.912,7.557101488113403,20260226_175602_run14
c22,Symbols,0.9256281407035176,0.9241682325812813,0.9429955803432382,0.9256281407035176,0.5963895320892334,20260226_175603_run14
c22,SyntheticControl,0.98,0.9799979997999799,0.980125383486728,0.98,0.4934558868408203,20260226_175604_run14
c22,ToeSegmentation1,0.8640350877192983,0.8641266747769749,0.8658471881897896,0.8640350877192983,0.4416847229003906,20260226_175604_run14
c22,ToeSegmentation2,0.8615384615384616,0.8655325443786983,0.8715147597500539,0.8615384615384616,0.43840551376342773,20260226_175605_run14
c22,Trace,1.0,1.0,1.0,1.0,0.43870973587036133,20260226_175605_run14
c22,TwoLeadECG,0.9086918349429324,0.9085927731875044,0.9105247301900918,0.9086918349429324,0.6444456577301025,20260226_175606_run14
c22,TwoPatterns,0.8965,0.8963754969911885,0.8974593890375574,0.8965,2.4681944847106934,20260226_175610_run14
c22,UMD,0.9444444444444444,0.9442243925966118,0.9441429053891058,0.9444444444444444,0.43898797035217285,20260226_175611_run14
c22,UWaveGestureLibrary,0.909375,0.9089049853143105,0.9100118503997023,0.909375,0.6710054874420166,20260226_175612_run14
c22,UWaveGestureLibraryAll,0.8799553322166388,0.8795327951923133,0.8794585135333524,0.8799553322166388,2.193204164505005,20260226_175621_run14
c22,UWaveGestureLibraryX,0.8026242322724735,0.7998308321541432,0.801327813759966,0.8026242322724735,2.1952662467956543,20260226_175626_run14
c22,UWaveGestureLibraryY,0.7381351200446677,0.7354435325872363,0.7359710327029945,0.7381351200446677,2.1977858543395996,20260226_175631_run14
c22,UWaveGestureLibraryZ,0.760748185371301,0.7585814529251612,0.7578109278289256,0.760748185371301,2.1967217922210693,20260226_175636_run14
c22,Wafer,0.9988643737832577,0.9988639981589357,0.9988637587930627,0.9988643737832577,3.3639111518859863,20260226_175642_run14
c22,Wine,0.7962962962962963,0.7945347630577655,0.8068181818181819,0.7962962962962963,0.4362940788269043,20260226_175642_run14
c22,WordSynonyms,0.6128526645768025,0.551537550647251,0.5964259237508761,0.6128526645768025,5.771695613861084,20260226_175649_run14
c22,Worms,0.8051948051948052,0.8086059753054826,0.8187229437229437,0.8051948051948052,0.4450104236602783,20260226_175649_run14
c22,WormsTwoClass,0.7922077922077922,0.7884498480243161,0.7949206349206349,0.7922077922077922,0.4455101490020752,20260226_175650_run14
c22,Yoga,0.8013333333333333,0.8009822063206399,0.8012346998684078,0.8013333333333333,1.557222604751587,20260226_175654_run14
c22,MiddlePhalanxOutlineCorrect,0.8109965635738832,0.8061874363889016,0.8189658780509297,0.8109965635738832,0.6618437767028809,20260226_175655_run15
c22,MiddlePhalanxTW,0.538961038961039,0.49078026556606724,0.4618000085532553,0.538961038961039,0.4931488037109375,20260226_175656_run15
c22,MixedShapesRegularTrain,0.9377319587628866,0.9377567063916964,0.9385555448093154,0.9377319587628866,1.4796183109283447,20260226_175702_run15
c22,MixedShapesSmallTrain,0.871340206185567,0.8728559376431578,0.8808065649134968,0.871340206185567,1.189854383468628,20260226_175706_run15
c22,MoteStrain,0.8178913738019169,0.8121205524800044,0.8414830495619324,0.8178913738019169,0.6959502696990967,20260226_175707_run15
c22,MotorImagery,0.48,0.47474747474747475,0.47916666666666674,0.48,3.6438610553741455,20260226_175911_run15
c22,NATOPS,0.9333333333333333,0.9334507477444074,0.9341765873015874,0.9333333333333333,2.7846221923828125,20260226_175915_run15
c22,NonInvasiveFetalECGThorax1,0.8880407124681934,0.8868520333100812,0.8893589846364295,0.8880407124681934,24.2410409450531,20260226_175944_run15
c22,NonInvasiveFetalECGThorax2,0.9119592875318067,0.9125950821701247,0.9145767401412652,0.9119592875318067,24.2128164768219,20260226_180014_run15
c22,OSULeaf,0.8223140495867769,0.8229748810660568,0.8273690368902401,0.8223140495867769,0.44921445846557617,20260226_180014_run15
c22,OliveOil,0.7333333333333333,0.728970868101303,0.7649184149184148,0.7333333333333333,0.5424566268920898,20260226_180015_run15
c22,PEMS-SF,0.9884393063583815,0.9884489402697495,0.989364161849711,0.9884393063583815,23.47092890739441,20260226_180317_run15
c22,PenDigits,0.9919954259576901,0.9919951537654857,0.9920014749334223,0.9919954259576901,14.565395832061768,20260226_180334_run15
c22,PhalangesOutlinesCorrect,0.8286713286713286,0.8265267186537304,0.8276781772582116,0.8286713286713286,1.6927711963653564,20260226_180336_run15
c22,Phoneme,0.3090717299578059,0.23287590388502447,0.24254326805919182,0.3090717299578059,9.367862939834595,20260226_180349_run15
c22,PhonemeSpectra,0.267223382045929,0.2573981213560783,0.2647235529836221,0.267223382045929,367.9558928012848,20260226_181031_run15
c22,PigAirwayPressure,0.3701923076923077,0.30212048635125555,0.32173382173382176,0.3701923076923077,3.635864734649658,20260226_181036_run15
c22,PigArtPressure,0.7788461538461539,0.7571487273410351,0.8056623931623932,0.7788461538461539,3.595954179763794,20260226_181040_run15
c22,PigCVP,0.42788461538461536,0.4058519471981011,0.4546023421023421,0.42788461538461536,3.58889102935791,20260226_181045_run15
c22,Plane,1.0,1.0,1.0,1.0,0.44434261322021484,20260226_181045_run15
c22,PowerCons,0.9777777777777777,0.9777777777777777,0.9777777777777777,0.9777777777777777,0.5562551021575928,20260226_181046_run15
c22,ProximalPhalanxOutlineAgeGroup,0.848780487804878,0.8496701259330445,0.8507580432373918,0.848780487804878,0.512653112411499,20260226_181047_run15
c22,ProximalPhalanxOutlineCorrect,0.852233676975945,0.8495229813940913,0.8496269629144773,0.852233676975945,0.6629865169525146,20260226_181047_run15
c22,ProximalPhalanxTW,0.824390243902439,0.8200068374403566,0.8463385308716369,0.824390243902439,0.516632080078125,20260226_181048_run15
c22,RacketSports,0.8421052631578947,0.8414174260976622,0.8427996226486115,0.8421052631578947,0.8804295063018799,20260226_181049_run15
c22,RefrigerationDevices,0.7706666666666667,0.7698862259086013,0.7737822987306555,0.7706666666666667,0.5621576309204102,20260226_181051_run15
c22,Rock,0.8,0.7997188328912466,0.8072727272727271,0.8,0.43615078926086426,20260226_181051_run15
c22,ScreenType,0.6373333333333333,0.6375618375618377,0.6418254638755906,0.6373333333333333,0.5622799396514893,20260226_181053_run15
c22,SelfRegulationSCP1,0.8600682593856656,0.8600193396157189,0.860471949061529,0.8600682593856656,1.3422677516937256,20260226_181059_run15
c22,SelfRegulationSCP2,0.5055555555555555,0.5051737451737452,0.5055727554179567,0.5055555555555555,1.1531236171722412,20260226_181106_run15
c22,SemgHandGenderCh2,0.9533333333333334,0.9537799043062201,0.9564512338425383,0.9533333333333334,0.602637767791748,20260226_181109_run15
c22,SemgHandMovementCh2,0.8511111111111112,0.849163283716261,0.8504062142780316,0.8511111111111112,0.6355869770050049,20260226_181113_run15
c22,SemgHandSubjectCh2,0.9488888888888889,0.948563423805273,0.9487845037288153,0.9488888888888889,0.6363363265991211,20260226_181116_run15
c22,ShapeletSim,1.0,1.0,1.0,1.0,0.4402611255645752,20260226_181117_run15
c22,ShapesAll,0.8316666666666667,0.8274514174298802,0.8446228689611043,0.8316666666666667,8.417372465133667,20260226_181126_run15
c22,SmallKitchenAppliances,0.8026666666666666,0.7997922785256745,0.8012692899306423,0.8026666666666666,0.5643668174743652,20260226_181128_run15
c22,SmoothSubspace,0.9133333333333333,0.9128336377327053,0.9139174400960822,0.9133333333333333,0.44825196266174316,20260226_181128_run15
c22,SonyAIBORobotSurface1,0.9284525790349417,0.928721854832752,0.9312665737873376,0.9284525790349417,0.4634857177734375,20260226_181129_run15
c22,SonyAIBORobotSurface2,0.9464847848898216,0.9464424538678627,0.9464198959180894,0.9464847848898216,0.5807094573974609,20260226_181130_run15
c22,StandWalkJump,0.3333333333333333,0.3333333333333333,0.4444444444444444,0.3333333333333333,0.4884798526763916,20260226_181131_run15
c22,StarLightCurves,0.9774162214667315,0.9772577653699785,0.9772211291967855,0.9774162214667315,4.093925952911377,20260226_181148_run15
c22,Strawberry,0.9567567567567568,0.9566821732461006,0.9566683991683992,0.9567567567567568,0.6750092506408691,20260226_181149_run15
c22,SwedishLeaf,0.9248,0.9234852170902043,0.9280013060566018,0.9248,7.567084550857544,20260226_181157_run15
c22,Symbols,0.9366834170854271,0.9365481210953048,0.943120554948996,0.9366834170854271,0.5944907665252686,20260226_181158_run15
c22,SyntheticControl,0.97,0.969982988691423,0.9708010804708918,0.97,0.49333691596984863,20260226_181159_run15
c22,ToeSegmentation1,0.8859649122807017,0.8860088699893284,0.8861892790527939,0.8859649122807017,0.4423329830169678,20260226_181200_run15
c22,ToeSegmentation2,0.8384615384615385,0.8491000019459418,0.8726894158473105,0.8384615384615385,0.43865275382995605,20260226_181200_run15
c22,Trace,1.0,1.0,1.0,1.0,0.44151973724365234,20260226_181201_run15
c22,TwoLeadECG,0.8797190517998245,0.8797021751437023,0.8799146127583707,0.8797190517998245,0.6108264923095703,20260226_181202_run15
c22,TwoPatterns,0.89925,0.8992509764472256,0.8992856148805547,0.89925,2.4733593463897705,20260226_181206_run15
c22,UMD,0.8125,0.8113540061851146,0.8109750566893423,0.8125,0.4362032413482666,20260226_181206_run15
c22,UWaveGestureLibrary,0.93125,0.9305061636877576,0.9328033073890911,0.93125,0.6701438426971436,20260226_181208_run15
c22,UWaveGestureLibraryAll,0.8713009491903965,0.870957736262917,0.8729640863039881,0.8713009491903965,2.2048230171203613,20260226_181216_run15
c22,UWaveGestureLibraryX,0.80178671133445,0.7996515037375262,0.7992814702347919,0.80178671133445,2.200474262237549,20260226_181221_run15
c22,UWaveGestureLibraryY,0.7389726409826912,0.7363555856876328,0.7379851282667957,0.7389726409826912,2.3014934062957764,20260226_181227_run15
c22,UWaveGestureLibraryZ,0.7431602456728085,0.7369557557016838,0.7382862728513387,0.7431602456728085,2.190751552581787,20260226_181231_run15
c22,Wafer,0.9987021414665801,0.9987012821506069,0.9987009682150461,0.9987021414665801,3.3738491535186768,20260226_181238_run15
c22,Wine,0.8888888888888888,0.8875,0.9090909090909092,0.8888888888888888,0.4365205764770508,20260226_181238_run15
c22,WordSynonyms,0.6050156739811913,0.5836643870656582,0.6091246359070986,0.6050156739811913,5.772083044052124,20260226_181244_run15
c22,Worms,0.7402597402597403,0.7343218300188487,0.7584106369820656,0.7402597402597403,0.45786142349243164,20260226_181245_run15
c22,WormsTwoClass,0.7922077922077922,0.7928473715067422,0.7945578231292518,0.7922077922077922,0.44621801376342773,20260226_181246_run15
c22,Yoga,0.8156666666666667,0.8146060471221861,0.8173281904761904,0.8156666666666667,1.5524613857269287,20260226_181250_run15
c22,MiddlePhalanxOutlineCorrect,0.8041237113402062,0.7991397068030434,0.8115659970041412,0.8041237113402062,0.6594007015228271,20260226_181251_run16
c22,MiddlePhalanxTW,0.6233766233766234,0.5546135257003841,0.570721757003616,0.6233766233766234,0.4930086135864258,20260226_181252_run16
c22,MixedShapesRegularTrain,0.942680412371134,0.9427971518556557,0.9435985495086978,0.942680412371134,1.4502160549163818,20260226_181257_run16
c22,MixedShapesSmallTrain,0.9101030927835052,0.9097239775990934,0.9096567518505675,0.9101030927835052,1.1895365715026855,20260226_181302_run16
c22,MoteStrain,0.860223642172524,0.8604347813355337,0.8639659191271916,0.860223642172524,0.6960575580596924,20260226_181303_run16
c22,MotorImagery,0.55,0.5444883085332524,0.5525430853299705,0.55,3.648531675338745,20260226_181506_run16
c22,NATOPS,0.9333333333333333,0.9342672413793104,0.9369747899159664,0.9333333333333333,2.866365432739258,20260226_181511_run16
c22,NonInvasiveFetalECGThorax1,0.9007633587786259,0.9001493067306438,0.9026002799288959,0.9007633587786259,24.50314974784851,20260226_181540_run16
c22,NonInvasiveFetalECGThorax2,0.910941475826972,0.9111099657001608,0.9133344307481505,0.910941475826972,24.170942068099976,20260226_181610_run16
c22,OSULeaf,0.8347107438016529,0.8343488630180653,0.8477246738395967,0.8347107438016529,0.4488840103149414,20260226_181610_run16
c22,OliveOil,0.8333333333333334,0.8186666666666667,0.8634615384615384,0.8333333333333334,0.4361228942871094,20260226_181611_run16
c22,PEMS-SF,1.0,1.0,1.0,1.0,23.665405750274658,20260226_181912_run16
c22,PenDigits,0.9905660377358491,0.9905713999780805,0.9905910762027675,0.9905660377358491,14.70001482963562,20260226_181929_run16
c22,PhalangesOutlinesCorrect,0.8181818181818182,0.8161217542433012,0.8167926871785932,0.8181818181818182,1.681410551071167,20260226_181932_run16
c22,Phoneme,0.33175105485232065,0.2610128711040057,0.2578281449598611,0.33175105485232065,9.372176170349121,20260226_181945_run16
c22,PhonemeSpectra,0.27617059349835965,0.2652164685104417,0.2703055926912934,0.27617059349835965,367.6576111316681,20260226_182626_run16
c22,PigAirwayPressure,0.44711538461538464,0.41042062512650745,0.4404180755142294,0.44711538461538464,3.6289355754852295,20260226_182631_run16
c22,PigArtPressure,0.8076923076923077,0.7876682078605154,0.8191239316239317,0.8076923076923077,3.5956478118896484,20260226_182635_run16
c22,PigCVP,0.4423076923076923,0.4118172425864734,0.46749084249084255,0.4423076923076923,3.701043128967285,20260226_182640_run16
c22,Plane,1.0,1.0,1.0,1.0,0.4422178268432617,20260226_182640_run16
c22,PowerCons,0.9444444444444444,0.9444444444444444,0.9444444444444444,0.9444444444444444,0.4485204219818115,20260226_182641_run16
c22,ProximalPhalanxOutlineAgeGroup,0.8780487804878049,0.8804550825987492,0.8859151051403562,0.8780487804878049,0.5133957862854004,20260226_182642_run16
c22,ProximalPhalanxOutlineCorrect,0.8281786941580757,0.8174646274174167,0.8295582989521298,0.8281786941580757,0.6600868701934814,20260226_182643_run16
c22,ProximalPhalanxTW,0.8,0.7796089133248387,0.78127118884134,0.8,0.515378475189209,20260226_182643_run16
c22,RacketSports,0.8421052631578947,0.8424030207917553,0.8439638866555342,0.8421052631578947,0.8811028003692627,20260226_182644_run16
c22,RefrigerationDevices,0.744,0.740624655046696,0.7500997104623763,0.744,0.5625815391540527,20260226_182646_run16
c22,Rock,0.82,0.8128289102202144,0.8478,0.82,0.4387781620025635,20260226_182647_run16
c22,ScreenType,0.6186666666666667,0.615019593337729,0.615586903517938,0.6186666666666667,0.5638735294342041,20260226_182648_run16
c22,SelfRegulationSCP1,0.8600682593856656,0.8595675974432161,0.8649307242735098,0.8600682593856656,1.3617677688598633,20260226_182654_run16
c22,SelfRegulationSCP2,0.5111111111111111,0.5101434933201385,0.5111996017919364,0.5111111111111111,1.1653318405151367,20260226_182701_run16
c22,SemgHandGenderCh2,0.945,0.945457081075245,0.9475127257266361,0.945,0.6022510528564453,20260226_182704_run16
c22,SemgHandMovementCh2,0.8577777777777778,0.8572857487712247,0.857121202291699,0.8577777777777778,0.6365282535552979,20260226_182708_run16
c22,SemgHandSubjectCh2,0.9333333333333333,0.9335948663450141,0.9340837148933536,0.9333333333333333,0.6390540599822998,20260226_182711_run16
c22,ShapeletSim,1.0,1.0,1.0,1.0,0.4414241313934326,20260226_182712_run16
c22,ShapesAll,0.845,0.8385746526149003,0.8512001887001887,0.845,8.436269283294678,20260226_182721_run16
c22,SmallKitchenAppliances,0.8346666666666667,0.8356350606784048,0.8387250257509047,0.8346666666666667,0.5655770301818848,20260226_182723_run16
c22,SmoothSubspace,0.9,0.9000791527648361,0.9025775412567866,0.9,0.4597775936126709,20260226_182724_run16
c22,SonyAIBORobotSurface1,0.8036605657237936,0.8037062260573462,0.8357629018807757,0.8036605657237936,0.4656515121459961,20260226_182724_run16
c22,SonyAIBORobotSurface2,0.9349422875131165,0.9345288618055998,0.9351856823342513,0.9349422875131165,0.581458330154419,20260226_182725_run16
c22,StandWalkJump,0.4666666666666667,0.4515873015873016,0.5777777777777777,0.4666666666666667,0.496748685836792,20260226_182726_run16
c22,StarLightCurves,0.9787518212724624,0.9783838061779927,0.9786832327394981,0.9787518212724624,4.099652290344238,20260226_182743_run16
c22,Strawberry,0.9513513513513514,0.9517798533165849,0.9542992107151398,0.9513513513513514,0.6781225204467773,20260226_182744_run16
c22,SwedishLeaf,0.9104,0.9097099190490692,0.9144771933899063,0.9104,7.582251071929932,20260226_182752_run16
c22,Symbols,0.9557788944723619,0.9557546088011635,0.9606301055306241,0.9557788944723619,0.705134391784668,20260226_182754_run16
c22,SyntheticControl,0.99,0.98999899989999,0.9900626917433639,0.99,0.49459218978881836,20260226_182754_run16
c22,ToeSegmentation1,0.8421052631578947,0.841220698805838,0.8450956937799043,0.8421052631578947,0.45062780380249023,20260226_182755_run16
c22,ToeSegmentation2,0.8307692307692308,0.8438930245381858,0.8770991022707271,0.8307692307692308,0.44747233390808105,20260226_182756_run16
c22,Trace,1.0,1.0,1.0,1.0,0.44899630546569824,20260226_182756_run16
c22,TwoLeadECG,0.8533801580333626,0.8520376469439888,0.8668384615769659,0.8533801580333626,0.6470582485198975,20260226_182757_run16
c22,TwoPatterns,0.9005,0.9004952524520549,0.9006056163889146,0.9005,2.47983455657959,20260226_182801_run16
c22,UMD,0.8263888888888888,0.8247483341067566,0.8295609152752009,0.8263888888888888,0.4469146728515625,20260226_182802_run16
c22,UWaveGestureLibrary,0.9375,0.9380009938138734,0.9419269547579081,0.9375,0.6743714809417725,20260226_182803_run16
c22,UWaveGestureLibraryAll,0.8646007816862088,0.8643136583449677,0.8648262017342827,0.8646007816862088,2.209563970565796,20260226_182812_run16
c22,UWaveGestureLibraryX,0.8012283640424344,0.7977190093665684,0.7970920047077688,0.8012283640424344,2.2041308879852295,20260226_182817_run16
c22,UWaveGestureLibraryY,0.7294807370184254,0.7271867550845453,0.7322233503163165,0.7294807370184254,2.2062249183654785,20260226_182822_run16
c22,UWaveGestureLibraryZ,0.7451144611948632,0.7404972697253338,0.7455142329599946,0.7451144611948632,2.205533981323242,20260226_182827_run16
c22,Wafer,0.9985399091499026,0.9985384577932969,0.998538234323728,0.9985399091499026,3.369190216064453,20260226_182833_run16
c22,Wine,0.8148148148148148,0.8137931034482759,0.8218793828892005,0.8148148148148148,0.4450407028198242,20260226_182833_run16
c22,WordSynonyms,0.6018808777429467,0.5621398414747395,0.5804776565431867,0.6018808777429467,5.796329736709595,20260226_182840_run16
c22,Worms,0.6233766233766234,0.6118015118348229,0.6500835571981817,0.6233766233766234,0.4528059959411621,20260226_182840_run16
c22,WormsTwoClass,0.7792207792207793,0.7663526460462757,0.8067669172932331,0.7792207792207793,0.45595502853393555,20260226_182841_run16
c22,Yoga,0.837,0.8370609167910827,0.8371756947232258,0.837,1.5562691688537598,20260226_182845_run16
c22,MiddlePhalanxOutlineCorrect,0.7731958762886598,0.7677130738986409,0.7776596875332128,0.7731958762886598,0.6624789237976074,20260226_182846_run17
c22,MiddlePhalanxTW,0.564935064935065,0.5169039261617431,0.5000646539607578,0.564935064935065,0.4962444305419922,20260226_182847_run17
c22,MixedShapesRegularTrain,0.9303092783505155,0.9301424864879764,0.9302694371739139,0.9303092783505155,1.447477102279663,20260226_182853_run17
c22,MixedShapesSmallTrain,0.8981443298969072,0.8977046930719453,0.898209267074788,0.8981443298969072,1.193803071975708,20260226_182857_run17
c22,MoteStrain,0.8394568690095847,0.8396964805730401,0.8434161462452702,0.8394568690095847,0.6981737613677979,20260226_182859_run17
c22,MotorImagery,0.61,0.6052232007288187,0.6155947877259352,0.61,3.697356939315796,20260226_183102_run17
c22,NATOPS,0.9555555555555556,0.9558272359606065,0.9562724014336917,0.9555555555555556,2.879793167114258,20260226_183107_run17
c22,NonInvasiveFetalECGThorax1,0.8916030534351145,0.891169724563052,0.8942631172399322,0.8916030534351145,24.1174476146698,20260226_183136_run17
c22,NonInvasiveFetalECGThorax2,0.9145038167938931,0.9145658112409717,0.9176881222958652,0.9145038167938931,24.232495546340942,20260226_183205_run17
c22,OSULeaf,0.8636363636363636,0.8653558389190746,0.8689415130324222,0.8636363636363636,0.45539116859436035,20260226_183206_run17
c22,OliveOil,0.8666666666666667,0.8666666666666667,0.8983333333333333,0.8666666666666667,0.43584179878234863,20260226_183207_run17
c22,PEMS-SF,0.9942196531791907,0.9942049884515269,0.9944260941370767,0.9942196531791907,23.906373739242554,20260226_183509_run17
c22,PenDigits,0.9897084048027445,0.9897098707562058,0.9897386615700489,0.9897084048027445,14.719083309173584,20260226_183526_run17
c22,PhalangesOutlinesCorrect,0.831002331002331,0.8284695840780811,0.8304375936961483,0.831002331002331,1.6866123676300049,20260226_183529_run17
c22,Phoneme,0.3027426160337553,0.24020632947333687,0.24097373049548834,0.3027426160337553,9.436161756515503,20260226_183542_run17
c22,PhonemeSpectra,0.2752758723531166,0.2641165784673278,0.27904740865393846,0.2752758723531166,367.8951518535614,20260226_184223_run17
c22,PigAirwayPressure,0.47115384615384615,0.423903393614932,0.44600122100122097,0.47115384615384615,3.6954259872436523,20260226_184228_run17
c22,PigArtPressure,0.8173076923076923,0.8040734849945376,0.8407051282051281,0.8173076923076923,3.663224220275879,20260226_184233_run17
c22,PigCVP,0.4519230769230769,0.41548174048174047,0.4567765567765567,0.4519230769230769,3.6672894954681396,20260226_184237_run17
c22,Plane,0.9904761904761905,0.9903798931099235,0.990909090909091,0.9904761904761905,0.45052433013916016,20260226_184238_run17
c22,PowerCons,0.9555555555555556,0.9555555555555556,0.9555555555555556,0.9555555555555556,0.45593953132629395,20260226_184238_run17
c22,ProximalPhalanxOutlineAgeGroup,0.8682926829268293,0.8673947968326338,0.8700071542609615,0.8682926829268293,0.5154433250427246,20260226_184239_run17
c22,ProximalPhalanxOutlineCorrect,0.8350515463917526,0.8329278258179788,0.8322246175226902,0.8350515463917526,0.6633956432342529,20260226_184240_run17
c22,ProximalPhalanxTW,0.7902439024390244,0.7678557656695542,0.7483711410540678,0.7902439024390244,0.5146613121032715,20260226_184241_run17
c22,RacketSports,0.9078947368421053,0.9076427795237244,0.9103254720031037,0.9078947368421053,0.8835976123809814,20260226_184242_run17
c22,RefrigerationDevices,0.736,0.7337039761405397,0.7368475598266441,0.736,0.5656225681304932,20260226_184243_run17
c22,Rock,0.72,0.7289762868710237,0.7887179487179486,0.72,0.45113325119018555,20260226_184244_run17
c22,ScreenType,0.6346666666666667,0.6288325771786707,0.6349560830358943,0.6346666666666667,0.5634372234344482,20260226_184245_run17
c22,SelfRegulationSCP1,0.89419795221843,0.8941831604183836,0.8943559512160194,0.89419795221843,1.4512958526611328,20260226_184252_run17
c22,SelfRegulationSCP2,0.4722222222222222,0.47142283082439496,0.4720531610980002,0.4722222222222222,1.1549959182739258,20260226_184258_run17
c22,SemgHandGenderCh2,0.94,0.940524215295006,0.9428268251273344,0.94,0.6044342517852783,20260226_184302_run17
c22,SemgHandMovementCh2,0.8333333333333334,0.831009722427464,0.8319148560592307,0.8333333333333334,0.6379449367523193,20260226_184305_run17
c22,SemgHandSubjectCh2,0.9222222222222223,0.9218473313049161,0.9237246441226219,0.9222222222222223,0.6382200717926025,20260226_184309_run17
c22,ShapeletSim,1.0,1.0,1.0,1.0,0.44805479049682617,20260226_184309_run17
c22,ShapesAll,0.845,0.8420339566868373,0.8541432641432641,0.845,8.44218373298645,20260226_184319_run17
c22,SmallKitchenAppliances,0.8373333333333334,0.835873751191516,0.8373051360183713,0.8373333333333334,0.5637454986572266,20260226_184321_run17
c22,SmoothSubspace,0.9066666666666666,0.9071729196729196,0.9101099728428921,0.9066666666666666,0.4593076705932617,20260226_184321_run17
c22,SonyAIBORobotSurface1,0.9534109816971714,0.9535092497572404,0.954140906744776,0.9534109816971714,0.46313929557800293,20260226_184322_run17
c22,SonyAIBORobotSurface2,0.9076600209863589,0.9080134346066939,0.908894789115559,0.9076600209863589,0.5973563194274902,20260226_184323_run17
c22,StandWalkJump,0.4,0.38888888888888895,0.39285714285714285,0.4,0.49512743949890137,20260226_184324_run17
c22,StarLightCurves,0.9789946576007771,0.9786100075368823,0.9789976252849625,0.9789946576007771,4.095460414886475,20260226_184341_run17
c22,Strawberry,0.9405405405405406,0.941136820273511,0.9445298037763792,0.9405405405405406,0.6775963306427002,20260226_184342_run17
c22,SwedishLeaf,0.9136,0.9139987411650629,0.9177742655550323,0.9136,7.581194877624512,20260226_184350_run17
c22,Symbols,0.9547738693467337,0.9540836726375749,0.9599744540517028,0.9547738693467337,0.5991239547729492,20260226_184351_run17
c22,SyntheticControl,0.9933333333333333,0.9933326665999933,0.9934640522875816,0.9933333333333333,0.49493956565856934,20260226_184352_run17
c22,ToeSegmentation1,0.8377192982456141,0.8366923851812986,0.8412346656113968,0.8377192982456141,0.4492001533508301,20260226_184353_run17
c22,ToeSegmentation2,0.9,0.9056779880736323,0.9216494845360824,0.9,0.44892334938049316,20260226_184353_run17
c22,Trace,1.0,1.0,1.0,1.0,0.44756078720092773,20260226_184354_run17
c22,TwoLeadECG,0.8700614574187884,0.8698538038916077,0.8725006016823568,0.8700614574187884,0.6613674163818359,20260226_184355_run17
c22,TwoPatterns,0.902,0.9016972440693941,0.9041479217687064,0.902,2.471984386444092,20260226_184359_run17
c22,UMD,0.9097222222222222,0.9091522652736962,0.9094935752078608,0.9097222222222222,0.44931840896606445,20260226_184359_run17
c22,UWaveGestureLibrary,0.890625,0.8911311631833694,0.8994052981864682,0.890625,0.6732804775238037,20260226_184401_run17
c22,UWaveGestureLibraryAll,0.8802345058626466,0.8804116957762876,0.8807979110259753,0.8802345058626466,2.2068803310394287,20260226_184409_run17
c22,UWaveGestureLibraryX,0.8084868788386377,0.8046543444921133,0.8038114003799213,0.8084868788386377,2.2031168937683105,20260226_184414_run17
c22,UWaveGestureLibraryY,0.7303182579564489,0.7293026213959145,0.7314078415347672,0.7303182579564489,2.203634023666382,20260226_184419_run17
c22,UWaveGestureLibraryZ,0.7532104969290899,0.7494354866080679,0.7501622754871481,0.7532104969290899,2.202028512954712,20260226_184424_run17
c22,Wafer,0.9993510707332901,0.9993506410753036,0.9993507582932394,0.9993510707332901,3.3708550930023193,20260226_184430_run17
c22,Wine,0.8703703703703703,0.8681548657132891,0.8970588235294117,0.8703703703703703,0.44580626487731934,20260226_184431_run17
c22,WordSynonyms,0.5987460815047022,0.5400346452968418,0.5479908583876978,0.5987460815047022,5.900244951248169,20260226_184437_run17
c22,Worms,0.7272727272727273,0.7264640580970931,0.7610983787454375,0.7272727272727273,0.4559783935546875,20260226_184438_run17
c22,WormsTwoClass,0.7402597402597403,0.7402597402597403,0.7402597402597403,0.7402597402597403,0.4554321765899658,20260226_184439_run17
c22,Yoga,0.83,0.8301104152661417,0.8304099136730717,0.83,1.556152105331421,20260226_184443_run17
c22,MiddlePhalanxOutlineCorrect,0.8384879725085911,0.8358865813165155,0.8425882536707279,0.8384879725085911,0.6625843048095703,20260226_184444_run18
c22,MiddlePhalanxTW,0.564935064935065,0.46766740845949645,0.4552478134110788,0.564935064935065,0.49513864517211914,20260226_184444_run18
c22,MixedShapesRegularTrain,0.934020618556701,0.9342760949849714,0.9349392524557846,0.934020618556701,1.44840407371521,20260226_184450_run18
c22,MixedShapesSmallTrain,0.8762886597938144,0.8765687681435621,0.8771628895823611,0.8762886597938144,1.1924848556518555,20260226_184455_run18
c22,MoteStrain,0.8722044728434505,0.8713447969772377,0.8751687619428442,0.8722044728434505,0.6989717483520508,20260226_184456_run18
c22,MotorImagery,0.5,0.4981934965877158,0.5,0.5,3.5571844577789307,20260226_184659_run18
c22,NATOPS,0.9388888888888889,0.9387357282094124,0.9399551066217733,0.9388888888888889,2.918137550354004,20260226_184703_run18
c22,NonInvasiveFetalECGThorax1,0.8941475826972011,0.8943619528580389,0.9000358753425125,0.8941475826972011,24.13192653656006,20260226_184732_run18
c22,NonInvasiveFetalECGThorax2,0.9180661577608142,0.9183569386116883,0.921606881580778,0.9180661577608142,24.185466527938843,20260226_184802_run18
c22,OSULeaf,0.8016528925619835,0.7992327101422293,0.8129009452338306,0.8016528925619835,0.44998931884765625,20260226_184802_run18
c22,OliveOil,0.7666666666666667,0.7660079051383398,0.8065850815850816,0.7666666666666667,0.4344809055328369,20260226_184803_run18
c22,PEMS-SF,1.0,1.0,1.0,1.0,23.15178155899048,20260226_185104_run18
c22,PenDigits,0.9917095483133219,0.9917166068435816,0.991776894946264,0.9917095483133219,14.82859754562378,20260226_185121_run18
c22,PhalangesOutlinesCorrect,0.8426573426573427,0.8394610715889101,0.8438821410853946,0.8426573426573427,1.674480676651001,20260226_185124_run18
c22,Phoneme,0.3106540084388186,0.222931252628171,0.24792225889834005,0.3106540084388186,9.382468461990356,20260226_185137_run18
c22,PhonemeSpectra,0.2782582761705935,0.2650356744202563,0.27116601433017995,0.2782582761705935,367.0605208873749,20260226_185817_run18
c22,PigAirwayPressure,0.4567307692307692,0.40732291213060445,0.4266795704295705,0.4567307692307692,3.6278045177459717,20260226_185822_run18
c22,PigArtPressure,0.7932692307692307,0.7860110069668893,0.8799556213017752,0.7932692307692307,3.7003672122955322,20260226_185826_run18
c22,PigCVP,0.47115384615384615,0.44530127991666446,0.500976800976801,0.47115384615384615,3.591787576675415,20260226_185831_run18
c22,Plane,1.0,1.0,1.0,1.0,0.4422435760498047,20260226_185832_run18
c22,PowerCons,0.9555555555555556,0.9555500679096184,0.9557806324110671,0.9555555555555556,0.44933557510375977,20260226_185832_run18
c22,ProximalPhalanxOutlineAgeGroup,0.8341463414634146,0.8429914166737487,0.8672297428715914,0.8341463414634146,0.5140111446380615,20260226_185833_run18
c22,ProximalPhalanxOutlineCorrect,0.8556701030927835,0.8496499936362478,0.8558167120932432,0.8556701030927835,0.6597318649291992,20260226_185834_run18
c22,ProximalPhalanxTW,0.7951219512195122,0.7701843550300989,0.7494122467015335,0.7951219512195122,0.5136432647705078,20260226_185834_run18
c22,RacketSports,0.9078947368421053,0.9078947368421053,0.9078947368421053,0.9078947368421053,0.877976655960083,20260226_185836_run18
c22,RefrigerationDevices,0.768,0.7672268907563025,0.772090434224222,0.768,0.5635488033294678,20260226_185837_run18
c22,Rock,0.8,0.797829457364341,0.7965734265734266,0.8,0.43874049186706543,20260226_185838_run18
c22,ScreenType,0.6133333333333333,0.607362861663604,0.613409238776838,0.6133333333333333,0.562640905380249,20260226_185839_run18
c22,SelfRegulationSCP1,0.863481228668942,0.8629350769307422,0.868999185541421,0.863481228668942,1.3582024574279785,20260226_185845_run18
c22,SelfRegulationSCP2,0.5,0.4990103908955962,0.5,0.5,1.1794586181640625,20260226_185852_run18
c22,SemgHandGenderCh2,0.9683333333333334,0.9683844939164089,0.9684881901226481,0.9683333333333334,0.6160454750061035,20260226_185856_run18
c22,SemgHandMovementCh2,0.8666666666666667,0.8667274804970054,0.8690666095226011,0.8666666666666667,0.6362698078155518,20260226_185859_run18
c22,SemgHandSubjectCh2,0.92,0.9191575775290852,0.9219628800318457,0.92,0.639082670211792,20260226_185902_run18
c22,ShapeletSim,1.0,1.0,1.0,1.0,0.44502925872802734,20260226_185903_run18
c22,ShapesAll,0.8366666666666667,0.8306878188031439,0.851781598031598,0.8366666666666667,8.417656183242798,20260226_185912_run18
c22,SmallKitchenAppliances,0.84,0.83966643193991,0.8396043308347748,0.84,0.5626955032348633,20260226_185914_run18
c22,SmoothSubspace,0.86,0.8593663646295224,0.8745398599819332,0.86,0.45059943199157715,20260226_185915_run18
c22,SonyAIBORobotSurface1,0.9284525790349417,0.9285902689440367,0.9291486200699611,0.9284525790349417,0.568962812423706,20260226_185915_run18
c22,SonyAIBORobotSurface2,0.919202518363064,0.919630604705788,0.9211592890677077,0.919202518363064,0.5810434818267822,20260226_185916_run18
c22,StandWalkJump,0.26666666666666666,0.22857142857142856,0.2074074074074074,0.26666666666666666,0.48541998863220215,20260226_185917_run18
c22,StarLightCurves,0.9775376396308888,0.9770505178882253,0.9776161144217317,0.9775376396308888,4.110507011413574,20260226_185934_run18
c22,Strawberry,0.9513513513513514,0.9515082626264008,0.9519023548435313,0.9513513513513514,0.6752798557281494,20260226_185936_run18
c22,SwedishLeaf,0.928,0.9274281644769937,0.9305127396977788,0.928,7.558210611343384,20260226_185944_run18
c22,Symbols,0.9658291457286432,0.9658917983164447,0.9659992039214098,0.9658291457286432,0.595984697341919,20260226_185945_run18
c22,SyntheticControl,0.9733333333333334,0.9732905982905984,0.9742351046698874,0.9733333333333334,0.49307680130004883,20260226_185945_run18
c22,ToeSegmentation1,0.8728070175438597,0.8715809232523462,0.8804084889371098,0.8728070175438597,0.44321751594543457,20260226_185946_run18
c22,ToeSegmentation2,0.8846153846153846,0.8836587446116964,0.8828493733004095,0.8846153846153846,0.4393634796142578,20260226_185947_run18
c22,Trace,1.0,1.0,1.0,1.0,0.43953442573547363,20260226_185947_run18
c22,TwoLeadECG,0.9201053555750659,0.9199939828389907,0.9225191062953639,0.9201053555750659,0.6121881008148193,20260226_185948_run18
c22,TwoPatterns,0.89325,0.8928086379615877,0.8961000355782681,0.89325,2.4892361164093018,20260226_185952_run18
c22,UMD,0.8125,0.8115489540001205,0.8107209195735031,0.8125,0.44122862815856934,20260226_185953_run18
c22,UWaveGestureLibrary,0.878125,0.8786634892603711,0.8855154268086565,0.878125,0.6754395961761475,20260226_185954_run18
c22,UWaveGestureLibraryAll,0.8682300390843104,0.8683773569382467,0.8698900029314033,0.8682300390843104,2.195281982421875,20260226_190003_run18
c22,UWaveGestureLibraryX,0.7959240647682859,0.7928050218820916,0.7917972156582097,0.7959240647682859,2.192959785461426,20260226_190008_run18
c22,UWaveGestureLibraryY,0.7230597431602457,0.7189045907374323,0.7201981247701486,0.7230597431602457,2.1980772018432617,20260226_190013_run18
c22,UWaveGestureLibraryZ,0.7367392518146287,0.7317025602911583,0.7312594635591372,0.7367392518146287,2.196692943572998,20260226_190018_run18
c22,Wafer,0.9991888384166125,0.9991874922276995,0.9991895753003185,0.9991888384166125,3.3643574714660645,20260226_190024_run18
c22,Wine,0.8333333333333334,0.8318920788654445,0.8451704545454546,0.8333333333333334,0.43763017654418945,20260226_190024_run18
c22,WordSynonyms,0.6050156739811913,0.564072768191467,0.6259863559863459,0.6050156739811913,5.7773118019104,20260226_190031_run18
c22,Worms,0.7012987012987013,0.704909191670107,0.7298891584605871,0.7012987012987013,0.44617700576782227,20260226_190031_run18
c22,WormsTwoClass,0.7792207792207793,0.7720331757228122,0.7884097035040432,0.7792207792207793,0.44635510444641113,20260226_190032_run18
c22,Yoga,0.8323333333333334,0.8321591003124577,0.8322396575730824,0.8323333333333334,1.5574629306793213,20260226_190036_run18
c22,MiddlePhalanxOutlineCorrect,0.7938144329896907,0.7893354917270715,0.7984820281856364,0.7938144329896907,0.6615183353424072,20260226_190037_run19
c22,MiddlePhalanxTW,0.5454545454545454,0.455258536512311,0.4416260358264476,0.5454545454545454,0.4938533306121826,20260226_190038_run19
c22,MixedShapesRegularTrain,0.9397938144329897,0.9395748919799147,0.9394528117529318,0.9397938144329897,1.4445877075195312,20260226_190044_run19
c22,MixedShapesSmallTrain,0.9096907216494845,0.9100383027610006,0.9112830729966533,0.9096907216494845,1.1902766227722168,20260226_190048_run19
c22,MoteStrain,0.8059105431309904,0.8057304543014044,0.8057251560952913,0.8059105431309904,0.6971464157104492,20260226_190049_run19
c22,MotorImagery,0.5,0.4981934965877158,0.5,0.5,3.658540964126587,20260226_190252_run19
c22,NATOPS,0.9666666666666667,0.9669218151995627,0.9676724137931033,0.9666666666666667,2.9024055004119873,20260226_190256_run19
c22,NonInvasiveFetalECGThorax1,0.8966921119592876,0.8965509924057593,0.898430194340532,0.8966921119592876,24.110050916671753,20260226_190325_run19
c22,NonInvasiveFetalECGThorax2,0.9063613231552163,0.905955252173721,0.9087366129583773,0.9063613231552163,24.163137674331665,20260226_190355_run19
c22,OSULeaf,0.8347107438016529,0.8322668435788271,0.8421002433701487,0.8347107438016529,0.5625061988830566,20260226_190355_run19
c22,OliveOil,0.7666666666666667,0.7536796536796537,0.7738095238095238,0.7666666666666667,0.433880090713501,20260226_190356_run19
c22,PEMS-SF,0.976878612716763,0.9763282697122858,0.9786292320396366,0.976878612716763,24.287708044052124,20260226_190658_run19
c22,PenDigits,0.9934248141795312,0.9934195784446683,0.9934282225591311,0.9934248141795312,14.705633878707886,20260226_190715_run19
c22,PhalangesOutlinesCorrect,0.817016317016317,0.8127753010884524,0.8176254765013667,0.817016317016317,1.675306797027588,20260226_190717_run19
c22,Phoneme,0.3322784810126582,0.25466887218762146,0.2787792237754401,0.3322784810126582,9.380688190460205,20260226_190730_run19
c22,PhonemeSpectra,0.27497763197136893,0.260780395520741,0.2717022676854401,0.27497763197136893,367.49276304244995,20260226_191412_run19
c22,PigAirwayPressure,0.4326923076923077,0.38797431201277355,0.4178929765886288,0.4326923076923077,3.593698024749756,20260226_191416_run19
c22,PigArtPressure,0.8125,0.8055555555555555,0.8616987179487179,0.8125,3.691007375717163,20260226_191421_run19
c22,PigCVP,0.4567307692307692,0.41399423226346305,0.4391941391941392,0.4567307692307692,3.59148907661438,20260226_191425_run19
c22,Plane,1.0,1.0,1.0,1.0,0.4414708614349365,20260226_191426_run19
c22,PowerCons,0.95,0.9499984567424921,0.950055562415113,0.95,0.46097564697265625,20260226_191426_run19
c22,ProximalPhalanxOutlineAgeGroup,0.8731707317073171,0.8742450930611245,0.8754126632175413,0.8731707317073171,0.5173351764678955,20260226_191427_run19
c22,ProximalPhalanxOutlineCorrect,0.852233676975945,0.847739175728781,0.850221458571974,0.852233676975945,0.6600587368011475,20260226_191428_run19
c22,ProximalPhalanxTW,0.7902439024390244,0.7647761404159688,0.7977320240734875,0.7902439024390244,0.5128982067108154,20260226_191429_run19
c22,RacketSports,0.881578947368421,0.8826408145630114,0.8859025344902502,0.881578947368421,0.8769223690032959,20260226_191430_run19
c22,RefrigerationDevices,0.7573333333333333,0.7577258487850308,0.7583033969874583,0.7573333333333333,0.5652315616607666,20260226_191431_run19
c22,Rock,0.86,0.8540583372563789,0.8566753246753247,0.86,0.4449899196624756,20260226_191432_run19
c22,ScreenType,0.64,0.6396269602218397,0.6396549837204849,0.64,0.5650680065155029,20260226_191433_run19
c22,SelfRegulationSCP1,0.863481228668942,0.8633666247194989,0.8645432540803253,0.863481228668942,1.3585047721862793,20260226_191440_run19
c22,SelfRegulationSCP2,0.5277777777777778,0.5199397571459948,0.5297186633205654,0.5277777777777778,1.1651229858398438,20260226_191446_run19
c22,SemgHandGenderCh2,0.955,0.9547077605952046,0.9551316432536748,0.955,0.6022870540618896,20260226_191450_run19
c22,SemgHandMovementCh2,0.8488888888888889,0.8487140908706414,0.8528424623665477,0.8488888888888889,0.6360230445861816,20260226_191453_run19
c22,SemgHandSubjectCh2,0.9177777777777778,0.917208936660655,0.9210948685277422,0.9177777777777778,0.6347260475158691,20260226_191457_run19
c22,ShapeletSim,1.0,1.0,1.0,1.0,0.442979097366333,20260226_191457_run19
c22,ShapesAll,0.8183333333333334,0.8155891731446988,0.8344276856041563,0.8183333333333334,8.42341923713684,20260226_191507_run19
c22,SmallKitchenAppliances,0.8426666666666667,0.8440302276310602,0.8483081026271062,0.8426666666666667,0.5635695457458496,20260226_191508_run19
c22,SmoothSubspace,0.88,0.8788902598466534,0.8814319667260843,0.88,0.4526791572570801,20260226_191509_run19
c22,SonyAIBORobotSurface1,0.9284525790349417,0.9287040060295477,0.9308197172827122,0.9284525790349417,0.4593930244445801,20260226_191510_run19
c22,SonyAIBORobotSurface2,0.9244491080797481,0.9249788226827168,0.927639408847399,0.9244491080797481,0.5812854766845703,20260226_191510_run19
c22,StandWalkJump,0.26666666666666666,0.2644688644688645,0.31666666666666665,0.26666666666666666,0.4862349033355713,20260226_191511_run19
c22,StarLightCurves,0.9798445847498786,0.9794535790917854,0.9800053342737555,0.9798445847498786,4.197655916213989,20260226_191529_run19
c22,Strawberry,0.9594594594594594,0.9594932767921844,0.9595422013809756,0.9594594594594594,0.7818043231964111,20260226_191530_run19
c22,SwedishLeaf,0.928,0.9276003670109417,0.930763054994634,0.928,7.563607692718506,20260226_191538_run19
c22,Symbols,0.9768844221105528,0.9769462922184143,0.9775211538179249,0.9768844221105528,0.5952732563018799,20260226_191539_run19
c22,SyntheticControl,0.9933333333333333,0.9933333333333333,0.9933333333333333,0.9933333333333333,0.49288010597229004,20260226_191540_run19
c22,ToeSegmentation1,0.8464912280701754,0.8465709728867624,0.8492905861326913,0.8464912280701754,0.4415140151977539,20260226_191540_run19
c22,ToeSegmentation2,0.7384615384615385,0.7653573376977633,0.8387429643527204,0.7384615384615385,0.44465112686157227,20260226_191541_run19
c22,Trace,1.0,1.0,1.0,1.0,0.4399228096008301,20260226_191542_run19
c22,TwoLeadECG,0.9086918349429324,0.9086770521399156,0.9089370047642745,0.9086918349429324,0.6122808456420898,20260226_191542_run19
c22,TwoPatterns,0.89375,0.8935326675872204,0.8952538111589531,0.89375,2.4839136600494385,20260226_191547_run19
c22,UMD,0.9027777777777778,0.9018833498925927,0.910627071341357,0.9027777777777778,0.44594669342041016,20260226_191547_run19
c22,UWaveGestureLibrary,0.928125,0.9282883445971875,0.9300417659291217,0.928125,0.6703579425811768,20260226_191549_run19
c22,UWaveGestureLibraryAll,0.8715801228364043,0.8707342320697077,0.8715761917454566,0.8715801228364043,2.1910059452056885,20260226_191557_run19
c22,UWaveGestureLibraryX,0.8031825795644891,0.7991012500778698,0.798038044193938,0.8031825795644891,2.195053815841675,20260226_191602_run19
c22,UWaveGestureLibraryY,0.7361809045226131,0.7331288753088219,0.7365115625100505,0.7361809045226131,2.190747022628784,20260226_191607_run19
c22,UWaveGestureLibraryZ,0.7386934673366834,0.734603757628262,0.7337888349348878,0.7386934673366834,2.1931614875793457,20260226_191612_run19
c22,Wafer,0.9987021414665801,0.9987021414665801,0.9987021414665801,0.9987021414665801,3.369333028793335,20260226_191618_run19
c22,Wine,0.8148148148148148,0.8145604395604396,0.8165517241379311,0.8148148148148148,0.4374573230743408,20260226_191619_run19
c22,WordSynonyms,0.5799373040752351,0.5279445594207289,0.5384363491322058,0.5799373040752351,5.7801337242126465,20260226_191625_run19
c22,Worms,0.7012987012987013,0.7000134785849073,0.7085794514365943,0.7012987012987013,0.44794154167175293,20260226_191626_run19
c22,WormsTwoClass,0.8181818181818182,0.8132183908045976,0.8276923076923077,0.8181818181818182,0.4458017349243164,20260226_191627_run19
c22,Yoga,0.848,0.8474919619492581,0.8487451243689421,0.848,1.556086540222168,20260226_191631_run19
c22,MiddlePhalanxOutlineCorrect,0.8178694158075601,0.8159932775928118,0.8186486957632371,0.8178694158075601,0.6644222736358643,20260226_191632_run20
c22,MiddlePhalanxTW,0.6103896103896104,0.5508356125963781,0.5469581794633553,0.6103896103896104,0.4958038330078125,20260226_191632_run20
c22,MixedShapesRegularTrain,0.9381443298969072,0.9381749111421254,0.9385731090745336,0.9381443298969072,1.478214979171753,20260226_191638_run20
c22,MixedShapesSmallTrain,0.883298969072165,0.8824959159515205,0.8836299099847522,0.883298969072165,1.1908395290374756,20260226_191643_run20
c22,MoteStrain,0.8738019169329073,0.873292342034693,0.8749803241017379,0.8738019169329073,0.6971235275268555,20260226_191644_run20
c22,MotorImagery,0.49,0.4899489948994899,0.4899959983993597,0.49,3.6552646160125732,20260226_191846_run20
c22,NATOPS,0.95,0.9505370265686829,0.9516129032258066,0.95,2.7947487831115723,20260226_191851_run20
c22,NonInvasiveFetalECGThorax1,0.8956743002544529,0.8949444256148995,0.898444189731572,0.8956743002544529,24.18530035018921,20260226_191920_run20
c22,NonInvasiveFetalECGThorax2,0.9073791348600508,0.9077990261364298,0.9134194788512714,0.9073791348600508,24.274297952651978,20260226_191949_run20
c22,OSULeaf,0.8347107438016529,0.830672961797529,0.8307645310530188,0.8347107438016529,0.459153413772583,20260226_191950_run20
c22,OliveOil,0.7666666666666667,0.7676240667545016,0.7984848484848485,0.7666666666666667,0.4389770030975342,20260226_191950_run20
c22,PEMS-SF,0.9421965317919075,0.9429713970465415,0.9470043123222314,0.9421965317919075,24.199790239334106,20260226_192252_run20
c22,PenDigits,0.9919954259576901,0.9919897939712741,0.9920637852715869,0.9919954259576901,14.680469274520874,20260226_192309_run20
c22,PhalangesOutlinesCorrect,0.8251748251748252,0.8226282438030823,0.8243332189908198,0.8251748251748252,1.667013168334961,20260226_192312_run20
c22,Phoneme,0.30116033755274263,0.23377209150709674,0.23089362154291965,0.30116033755274263,9.364136934280396,20260226_192325_run20
c22,PhonemeSpectra,0.27497763197136893,0.2637662998022479,0.26940852668585774,0.27497763197136893,368.08904218673706,20260226_193006_run20
c22,PigAirwayPressure,0.4567307692307692,0.40119794735179354,0.4250839438339439,0.4567307692307692,3.629521369934082,20260226_193011_run20
c22,PigArtPressure,0.8125,0.7961344211344211,0.8283300033300034,0.8125,3.6116316318511963,20260226_193015_run20
c22,PigCVP,0.42788461538461536,0.3786150656387617,0.4228280266741805,0.42788461538461536,3.5886800289154053,20260226_193020_run20
c22,Plane,1.0,1.0,1.0,1.0,0.43948912620544434,20260226_193021_run20
c22,PowerCons,0.9444444444444444,0.9444444444444444,0.9444444444444444,0.9444444444444444,0.4483833312988281,20260226_193021_run20
c22,ProximalPhalanxOutlineAgeGroup,0.8292682926829268,0.8381827642603054,0.8556040532933419,0.8292682926829268,0.6205408573150635,20260226_193022_run20
c22,ProximalPhalanxOutlineCorrect,0.872852233676976,0.8714368201661191,0.8711762154566561,0.872852233676976,0.6600301265716553,20260226_193023_run20
c22,ProximalPhalanxTW,0.7853658536585366,0.7565712978026314,0.749982709781849,0.7853658536585366,0.512873649597168,20260226_193024_run20
c22,RacketSports,0.9013157894736842,0.9008221572092036,0.9004916136495084,0.9013157894736842,0.877544641494751,20260226_193025_run20
c22,RefrigerationDevices,0.7146666666666667,0.711171991365228,0.7156073534571429,0.7146666666666667,0.5613057613372803,20260226_193026_run20
c22,Rock,0.7,0.696834008097166,0.697187969924812,0.7,0.437955379486084,20260226_193027_run20
c22,ScreenType,0.64,0.6370967324364475,0.6366168525197252,0.64,0.5617470741271973,20260226_193028_run20
c22,SelfRegulationSCP1,0.8600682593856656,0.8591624354927673,0.8691006311789679,0.8600682593856656,1.3390295505523682,20260226_193034_run20
c22,SelfRegulationSCP2,0.5277777777777778,0.5244755244755245,0.5285714285714286,0.5277777777777778,1.1452689170837402,20260226_193041_run20
c22,SemgHandGenderCh2,0.965,0.9650929791271347,0.9653307157958322,0.965,0.6026358604431152,20260226_193045_run20
c22,SemgHandMovementCh2,0.8733333333333333,0.8734808914578808,0.8742663028903709,0.8733333333333333,0.6365995407104492,20260226_193048_run20
c22,SemgHandSubjectCh2,0.9288888888888889,0.9286288918005435,0.9326184901761455,0.9288888888888889,0.6359963417053223,20260226_193051_run20
c22,ShapeletSim,1.0,1.0,1.0,1.0,0.4457077980041504,20260226_193052_run20
c22,ShapesAll,0.8416666666666667,0.8401597964498423,0.8559878003260356,0.8416666666666667,8.420613288879395,20260226_193102_run20
c22,SmallKitchenAppliances,0.848,0.848210640529743,0.8550262220964399,0.848,0.5696256160736084,20260226_193103_run20
c22,SmoothSubspace,0.8933333333333333,0.8929750117868931,0.8929738562091503,0.8933333333333333,0.450908899307251,20260226_193104_run20
c22,SonyAIBORobotSurface1,0.8951747088186356,0.8956002595327832,0.9145415762334496,0.8951747088186356,0.4590907096862793,20260226_193104_run20
c22,SonyAIBORobotSurface2,0.944386149003148,0.9442814636787741,0.9442845965436302,0.944386149003148,0.5820291042327881,20260226_193105_run20
c22,StandWalkJump,0.2,0.1111111111111111,0.07692307692307693,0.2,0.48541975021362305,20260226_193106_run20
c22,StarLightCurves,0.9810587663914522,0.9806879061185483,0.9811829546738877,0.9810587663914522,4.094521760940552,20260226_193123_run20
c22,Strawberry,0.9513513513513514,0.9515082626264008,0.9519023548435313,0.9513513513513514,0.6740641593933105,20260226_193125_run20
c22,SwedishLeaf,0.936,0.9351916848435349,0.936640661374161,0.936,7.55878210067749,20260226_193132_run20
c22,Symbols,0.9386934673366835,0.9379389062620687,0.9515258631917878,0.9386934673366835,0.5961036682128906,20260226_193134_run20
c22,SyntheticControl,0.99,0.9899909918927033,0.9905660377358491,0.99,0.4922187328338623,20260226_193134_run20
c22,ToeSegmentation1,0.8947368421052632,0.8946801401348696,0.9014032917121135,0.8947368421052632,0.4429147243499756,20260226_193135_run20
c22,ToeSegmentation2,0.8923076923076924,0.896722263712555,0.9058461538461537,0.8923076923076924,0.4366929531097412,20260226_193136_run20
c22,Trace,1.0,1.0,1.0,1.0,0.43863964080810547,20260226_193136_run20
c22,TwoLeadECG,0.8762071992976295,0.8751154690110883,0.8899898974828511,0.8762071992976295,0.6444668769836426,20260226_193137_run20
c22,TwoPatterns,0.90225,0.9022495870438503,0.9023071720838868,0.90225,2.4717557430267334,20260226_193141_run20
c22,UMD,0.8402777777777778,0.8394123515145478,0.8400481404683084,0.8402777777777778,0.4392373561859131,20260226_193142_run20
c22,UWaveGestureLibrary,0.940625,0.9408777830528617,0.9437824753307256,0.940625,0.671555757522583,20260226_193143_run20
c22,UWaveGestureLibraryAll,0.870463428252373,0.869747528818439,0.8705399304127798,0.870463428252373,2.2111246585845947,20260226_193152_run20
c22,UWaveGestureLibraryX,0.7973199329983249,0.7930654192725077,0.7907354023159925,0.7973199329983249,2.2035093307495117,20260226_193157_run20
c22,UWaveGestureLibraryY,0.739251814628699,0.7339245856796102,0.7363970308236274,0.739251814628699,2.20796275138855,20260226_193202_run20
c22,UWaveGestureLibraryZ,0.7378559463986599,0.7353680957099924,0.7358526759817967,0.7378559463986599,2.3038744926452637,20260226_193207_run20
c22,Wafer,0.9991888384166125,0.9991885701135255,0.9991884382554109,0.9991888384166125,3.366097927093506,20260226_193213_run20
c22,Wine,0.7777777777777778,0.7765517241379312,0.7840112201963534,0.7777777777777778,0.43686366081237793,20260226_193213_run20
c22,WordSynonyms,0.5956112852664577,0.5543560630996106,0.5700313912961256,0.5956112852664577,5.774420261383057,20260226_193220_run20
c22,Worms,0.7532467532467533,0.7570239631902919,0.771273964131107,0.7532467532467533,0.4448370933532715,20260226_193220_run20
c22,WormsTwoClass,0.8051948051948052,0.8008155983178286,0.8108166343460461,0.8051948051948052,0.4458179473876953,20260226_193221_run20
c22,Yoga,0.829,0.8292101077005762,0.8323917852062589,0.829,1.5572562217712402,20260226_193225_run20
c22,MiddlePhalanxOutlineCorrect,0.7869415807560137,0.7812432578907488,0.7937738307477087,0.7869415807560137,0.6613113880157471,20260226_193226_run21
c22,MiddlePhalanxTW,0.5909090909090909,0.5318413729128015,0.5509227614490773,0.5909090909090909,0.4941537380218506,20260226_193227_run21
c22,MixedShapesRegularTrain,0.9406185567010309,0.9403720403317944,0.9402882577967488,0.9406185567010309,1.4437403678894043,20260226_193233_run21
c22,MixedShapesSmallTrain,0.9043298969072165,0.9034834600730135,0.9034704533205616,0.9043298969072165,1.1905665397644043,20260226_193237_run21
c22,MoteStrain,0.889776357827476,0.8899370517729824,0.8917369543289326,0.889776357827476,0.6966855525970459,20260226_193238_run21
c22,MotorImagery,0.46,0.45652173913043476,0.45894909688013136,0.46,3.644547462463379,20260226_193441_run21
c22,NATOPS,0.9222222222222223,0.9222831765935214,0.9262820512820512,0.9222222222222223,2.7902166843414307,20260226_193445_run21
c22,NonInvasiveFetalECGThorax1,0.8936386768447837,0.8945685467467877,0.8998575768697527,0.8936386768447837,24.06630301475525,20260226_193514_run21
c22,NonInvasiveFetalECGThorax2,0.9165394402035624,0.9162926529455457,0.9174783124867983,0.9165394402035624,24.183814764022827,20260226_193543_run21
c22,OSULeaf,0.8057851239669421,0.8005033591898084,0.8312309065654097,0.8057851239669421,0.4513578414916992,20260226_193544_run21
c22,OliveOil,0.7,0.6727272727272726,0.6676923076923077,0.7,0.4324822425842285,20260226_193545_run21
c22,PEMS-SF,1.0,1.0,1.0,1.0,23.218446493148804,20260226_193846_run21
c22,PenDigits,0.9928530588907948,0.9928530872665164,0.9928692948098127,0.9928530588907948,14.685118198394775,20260226_193903_run21
c22,PhalangesOutlinesCorrect,0.817016317016317,0.8129526747970411,0.8173689558304942,0.817016317016317,1.6833932399749756,20260226_193906_run21
c22,Phoneme,0.3037974683544304,0.23174999156055728,0.2375114720732639,0.3037974683544304,9.4727303981781,20260226_193919_run21
c22,PhonemeSpectra,0.2779600357888458,0.2664454585250231,0.27848258332271697,0.2779600357888458,367.49939942359924,20260226_194600_run21
c22,PigAirwayPressure,0.3605769230769231,0.3285234949434242,0.3594151181701789,0.3605769230769231,3.663695812225342,20260226_194605_run21
c22,PigArtPressure,0.8221153846153846,0.7953508030431107,0.8112026862026862,0.8221153846153846,3.7544596195220947,20260226_194609_run21
c22,PigCVP,0.40384615384615385,0.3507718337469469,0.37221752606367997,0.40384615384615385,3.649735927581787,20260226_194614_run21
c22,Plane,0.9714285714285714,0.9713948278194393,0.9727272727272728,0.9714285714285714,0.448380708694458,20260226_194614_run21
c22,PowerCons,0.9277777777777778,0.9277220077220077,0.9291021671826626,0.9277777777777778,0.45720648765563965,20260226_194615_run21
c22,ProximalPhalanxOutlineAgeGroup,0.8439024390243902,0.846707199957169,0.850314307266784,0.8439024390243902,0.5142581462860107,20260226_194616_run21
c22,ProximalPhalanxOutlineCorrect,0.8350515463917526,0.8289398491084501,0.8323578485984926,0.8350515463917526,0.6625125408172607,20260226_194617_run21
c22,ProximalPhalanxTW,0.824390243902439,0.8000477742197897,0.8039798683701121,0.824390243902439,0.5179274082183838,20260226_194617_run21
c22,RacketSports,0.8552631578947368,0.8532201976388082,0.8748461064943059,0.8552631578947368,0.8817934989929199,20260226_194618_run21
c22,RefrigerationDevices,0.7253333333333334,0.7205781599169477,0.7229161828762833,0.7253333333333334,0.5646357536315918,20260226_194620_run21
c22,Rock,0.74,0.7188023875438063,0.7251142857142857,0.74,0.44463276863098145,20260226_194621_run21
c22,ScreenType,0.6213333333333333,0.618901743286419,0.6327104681535062,0.6213333333333333,0.5638248920440674,20260226_194622_run21
c22,SelfRegulationSCP1,0.863481228668942,0.8633060576064371,0.8651515887762029,0.863481228668942,1.3466277122497559,20260226_194628_run21
c22,SelfRegulationSCP2,0.46111111111111114,0.46069498069498077,0.46099071207430337,0.46111111111111114,1.1560883522033691,20260226_194635_run21
c22,SemgHandGenderCh2,0.9516666666666667,0.9514131349856143,0.9516346837242359,0.9516666666666667,0.605797529220581,20260226_194638_run21
c22,SemgHandMovementCh2,0.8711111111111111,0.8704317708729434,0.872729067883088,0.8711111111111111,0.6388447284698486,20260226_194642_run21
c22,SemgHandSubjectCh2,0.9488888888888889,0.9489323550882952,0.9491593914120192,0.9488888888888889,0.6391811370849609,20260226_194645_run21
c22,ShapeletSim,1.0,1.0,1.0,1.0,0.44850873947143555,20260226_194646_run21
c22,ShapesAll,0.8183333333333334,0.812737403875545,0.8277561790061791,0.8183333333333334,8.433233737945557,20260226_194655_run21
c22,SmallKitchenAppliances,0.7973333333333333,0.7970297160699638,0.7970514358359221,0.7973333333333333,0.5670750141143799,20260226_194657_run21
c22,SmoothSubspace,0.9,0.8999926659332599,0.9001040416166467,0.9,0.4569694995880127,20260226_194657_run21
c22,SonyAIBORobotSurface1,0.9317803660565723,0.9321131902176453,0.9387659568316948,0.9317803660565723,0.46582770347595215,20260226_194658_run21
c22,SonyAIBORobotSurface2,0.8961175236096537,0.8970970989843843,0.9024857186421238,0.8961175236096537,0.5826327800750732,20260226_194659_run21
c22,StandWalkJump,0.3333333333333333,0.31666666666666665,0.3206349206349206,0.3333333333333333,0.4975588321685791,20260226_194700_run21
c22,StarLightCurves,0.9785089849441476,0.9781628395641233,0.978456890683177,0.9785089849441476,4.231905460357666,20260226_194717_run21
c22,Strawberry,0.9432432432432433,0.9437070619006102,0.9459148067077583,0.9432432432432433,0.6782205104827881,20260226_194718_run21
c22,SwedishLeaf,0.9136,0.9137221715351891,0.9177283998361252,0.9136,7.6891210079193115,20260226_194726_run21
c22,Symbols,0.9507537688442211,0.9506371841535894,0.9517864709602043,0.9507537688442211,0.5989515781402588,20260226_194728_run21
c22,SyntheticControl,0.98,0.9799979997999799,0.980125383486728,0.98,0.49474239349365234,20260226_194728_run21
c22,ToeSegmentation1,0.9122807017543859,0.9121721718462567,0.9126289669583388,0.9122807017543859,0.4508945941925049,20260226_194729_run21
c22,ToeSegmentation2,0.9153846153846154,0.9183539821767878,0.924852273025711,0.9153846153846154,0.4452526569366455,20260226_194729_run21
c22,Trace,1.0,1.0,1.0,1.0,0.4488198757171631,20260226_194730_run21
c22,TwoLeadECG,0.9043020193151887,0.9041209440525249,0.9073105459333352,0.9043020193151887,0.6136877536773682,20260226_194731_run21
c22,TwoPatterns,0.89225,0.8922516869463047,0.8922692254932366,0.89225,2.477294683456421,20260226_194735_run21
c22,UMD,0.8263888888888888,0.8230526600836794,0.8324330664232141,0.8263888888888888,0.4463057518005371,20260226_194736_run21
c22,UWaveGestureLibrary,0.909375,0.9097216809102326,0.91186533734747,0.909375,0.6738665103912354,20260226_194737_run21
c22,UWaveGestureLibraryAll,0.8634840871021775,0.8628345811536997,0.8635199076829548,0.8634840871021775,2.224896192550659,20260226_194746_run21
c22,UWaveGestureLibraryX,0.810999441652708,0.808821701009718,0.8090186831904198,0.810999441652708,2.2048959732055664,20260226_194751_run21
c22,UWaveGestureLibraryY,0.7222222222222222,0.7149279231456612,0.7167810227885472,0.7222222222222222,2.192655324935913,20260226_194756_run21
c22,UWaveGestureLibraryZ,0.7305974316024567,0.7253590025990049,0.7227577773016135,0.7305974316024567,2.1952309608459473,20260226_194800_run21
c22,Wafer,0.9987021414665801,0.9987004198436132,0.9987008855261297,0.9987021414665801,3.364529609680176,20260226_194807_run21
c22,Wine,0.9074074074074074,0.9071207430340557,0.9125000000000001,0.9074074074074074,0.4395027160644531,20260226_194807_run21
c22,WordSynonyms,0.5909090909090909,0.5253468497827365,0.5809390597166374,0.5909090909090909,5.779190301895142,20260226_194813_run21
c22,Worms,0.7662337662337663,0.7652145257340062,0.7746753246753245,0.7662337662337663,0.4493591785430908,20260226_194814_run21
c22,WormsTwoClass,0.7662337662337663,0.7662337662337663,0.7662337662337663,0.7662337662337663,0.44860172271728516,20260226_194815_run21
c22,Yoga,0.8316666666666667,0.8314354784698716,0.8316155066768961,0.8316666666666667,1.556471586227417,20260226_194819_run21
c22,MiddlePhalanxOutlineCorrect,0.7663230240549829,0.7606740761379936,0.7702908562723634,0.7663230240549829,0.6595323085784912,20260226_194820_run22
c22,MiddlePhalanxTW,0.5909090909090909,0.536936817507558,0.5544820786539073,0.5909090909090909,0.492628812789917,20260226_194821_run22
c22,MixedShapesRegularTrain,0.9381443298969072,0.9381404361113955,0.9384268756274791,0.9381443298969072,1.4435653686523438,20260226_194826_run22
c22,MixedShapesSmallTrain,0.8779381443298969,0.877713200559159,0.8805775255851379,0.8779381443298969,1.1894266605377197,20260226_194831_run22
c22,MoteStrain,0.8642172523961661,0.8643191344201092,0.8722264440328054,0.8642172523961661,0.6948690414428711,20260226_194832_run22
c22,MotorImagery,0.57,0.567882624861823,0.5713994288045696,0.57,3.607954978942871,20260226_195034_run22
c22,NATOPS,0.9444444444444444,0.9439228840105811,0.950075075075075,0.9444444444444444,2.801309823989868,20260226_195039_run22
c22,NonInvasiveFetalECGThorax1,0.8895674300254452,0.8879393919298882,0.8907340233075902,0.8895674300254452,24.195293426513672,20260226_195108_run22
c22,NonInvasiveFetalECGThorax2,0.9114503816793893,0.9111518512421364,0.9130933251875171,0.9114503816793893,24.23977041244507,20260226_195137_run22
c22,OSULeaf,0.8677685950413223,0.8671113709912208,0.8683992501188929,0.8677685950413223,0.4590604305267334,20260226_195138_run22
c22,OliveOil,0.7333333333333333,0.7193064182194617,0.7484126984126984,0.7333333333333333,0.4410381317138672,20260226_195139_run22
c22,PEMS-SF,1.0,1.0,1.0,1.0,23.784792184829712,20260226_195441_run22
c22,PenDigits,0.9922813036020584,0.9922859576285836,0.9923104952256144,0.9922813036020584,14.698366641998291,20260226_195458_run22
c22,PhalangesOutlinesCorrect,0.8088578088578089,0.8057479919647674,0.8076393303666032,0.8088578088578089,1.6798436641693115,20260226_195500_run22
c22,Phoneme,0.33069620253164556,0.275169957868454,0.2562725962027619,0.33069620253164556,9.372665405273438,20260226_195513_run22
c22,PhonemeSpectra,0.2800477184610796,0.26711286644050375,0.27352243339423443,0.2800477184610796,368.2798738479614,20260226_200155_run22
c22,PigAirwayPressure,0.3942307692307692,0.3592094017094017,0.4132284382284382,0.3942307692307692,3.7128422260284424,20260226_200200_run22
c22,PigArtPressure,0.8365384615384616,0.8185814185814185,0.867032967032967,0.8365384615384616,3.7693660259246826,20260226_200205_run22
c22,PigCVP,0.4423076923076923,0.42336627048165504,0.47011807636807634,0.4423076923076923,3.6580543518066406,20260226_200209_run22
c22,Plane,0.9809523809523809,0.9814575326496785,0.9841269841269841,0.9809523809523809,0.4508631229400635,20260226_200210_run22
c22,PowerCons,0.9722222222222222,0.97222136485694,0.9722805284603038,0.9722222222222222,0.4552791118621826,20260226_200210_run22
c22,ProximalPhalanxOutlineAgeGroup,0.8829268292682927,0.8865703901704461,0.8942281212208293,0.8829268292682927,0.5179061889648438,20260226_200211_run22
c22,ProximalPhalanxOutlineCorrect,0.8762886597938144,0.8737835577828327,0.8747935701372943,0.8762886597938144,0.6618955135345459,20260226_200212_run22
c22,ProximalPhalanxTW,0.8048780487804879,0.796322524944141,0.7988745786877598,0.8048780487804879,0.5276870727539062,20260226_200213_run22
c22,RacketSports,0.9144736842105263,0.9134848522210218,0.9185418255784389,0.9144736842105263,0.8776073455810547,20260226_200214_run22
c22,RefrigerationDevices,0.768,0.7654593701085655,0.7831455294697865,0.768,0.5632879734039307,20260226_200215_run22
c22,Rock,0.72,0.7154233716542714,0.8138012422360248,0.72,0.43927931785583496,20260226_200216_run22
c22,ScreenType,0.6613333333333333,0.6615216531534523,0.6632839394682892,0.6613333333333333,0.5622782707214355,20260226_200217_run22
c22,SelfRegulationSCP1,0.8839590443686007,0.8839022411036062,0.884588101452185,0.8839590443686007,1.350102186203003,20260226_200224_run22
c22,SelfRegulationSCP2,0.5388888888888889,0.5364710992522727,0.5397175639894086,0.5388888888888889,1.1487390995025635,20260226_200230_run22
c22,SemgHandGenderCh2,0.96,0.9601266513811552,0.9604600694444446,0.96,0.602149248123169,20260226_200234_run22
c22,SemgHandMovementCh2,0.8555555555555555,0.8543727487166823,0.857185784578234,0.8555555555555555,0.6353611946105957,20260226_200237_run22
c22,SemgHandSubjectCh2,0.9355555555555556,0.9346241794303983,0.938587316094635,0.9355555555555556,0.6340851783752441,20260226_200241_run22
c22,ShapeletSim,1.0,1.0,1.0,1.0,0.440981388092041,20260226_200241_run22
c22,ShapesAll,0.8416666666666667,0.8357692657369286,0.8615114296035349,0.8416666666666667,8.418724298477173,20260226_200251_run22
c22,SmallKitchenAppliances,0.8586666666666667,0.8594986861469467,0.8612540437655594,0.8586666666666667,0.562493085861206,20260226_200252_run22
c22,SmoothSubspace,0.8933333333333333,0.8938049673139824,0.8950685620160014,0.8933333333333333,0.45171499252319336,20260226_200253_run22
c22,SonyAIBORobotSurface1,0.8336106489184693,0.8330234986567809,0.8782908635420368,0.8336106489184693,0.4598548412322998,20260226_200254_run22
c22,SonyAIBORobotSurface2,0.9202518363064008,0.9200342360377504,0.9200309402732023,0.9202518363064008,0.5791223049163818,20260226_200254_run22
c22,StandWalkJump,0.5333333333333333,0.51994301994302,0.5555555555555555,0.5333333333333333,0.48601698875427246,20260226_200255_run22
c22,StarLightCurves,0.9804516755706654,0.9801007534023662,0.9804794261944759,0.9804516755706654,4.089927673339844,20260226_200312_run22
c22,Strawberry,0.9486486486486486,0.9487742915493113,0.9490332886077567,0.9486486486486486,0.6779921054840088,20260226_200314_run22
c22,SwedishLeaf,0.9328,0.932890771027119,0.9341361709304276,0.9328,7.671794891357422,20260226_200322_run22
c22,Symbols,0.963819095477387,0.9639111918337139,0.9644387378066804,0.963819095477387,0.5970873832702637,20260226_200323_run22
c22,SyntheticControl,0.9966666666666667,0.9966663332999967,0.9967320261437908,0.9966666666666667,0.4924025535583496,20260226_200324_run22
c22,ToeSegmentation1,0.8508771929824561,0.8502448782506725,0.8657522928199621,0.8508771929824561,0.44235992431640625,20260226_200324_run22
c22,ToeSegmentation2,0.9230769230769231,0.9262301883661107,0.9344615384615383,0.9230769230769231,0.43983936309814453,20260226_200325_run22
c22,Trace,1.0,1.0,1.0,1.0,0.4394247531890869,20260226_200325_run22
c22,TwoLeadECG,0.8849868305531168,0.884794846680028,0.8876349480513595,0.8849868305531168,0.6453123092651367,20260226_200326_run22
c22,TwoPatterns,0.907,0.9069592970795132,0.9072204034319434,0.907,2.480441093444824,20260226_200330_run22
c22,UMD,0.7569444444444444,0.7523904329286665,0.758652389194261,0.7569444444444444,0.4416337013244629,20260226_200331_run22
c22,UWaveGestureLibrary,0.928125,0.9277670235871023,0.930753306904708,0.928125,0.6722187995910645,20260226_200332_run22
c22,UWaveGestureLibraryAll,0.8743718592964824,0.8739096708173782,0.8743868821252205,0.8743718592964824,2.206364154815674,20260226_200341_run22
c22,UWaveGestureLibraryX,0.8087660524846455,0.8060947787048484,0.8055514149580625,0.8087660524846455,2.1979353427886963,20260226_200346_run22
c22,UWaveGestureLibraryY,0.7252931323283082,0.7201716322473446,0.7204001789138392,0.7252931323283082,2.2050533294677734,20260226_200351_run22
c22,UWaveGestureLibraryZ,0.742322724734785,0.7387028623930287,0.7379388503827337,0.742322724734785,2.2058608531951904,20260226_200356_run22
c22,Wafer,0.9993510707332901,0.9993506410753036,0.9993507582932394,0.9993510707332901,3.3791894912719727,20260226_200402_run22
c22,Wine,0.7962962962962963,0.7928147889780258,0.8176470588235295,0.7962962962962963,0.43395495414733887,20260226_200402_run22
c22,WordSynonyms,0.5956112852664577,0.5472639636916046,0.5943523382436826,0.5956112852664577,5.776244640350342,20260226_200409_run22
c22,Worms,0.7662337662337663,0.7651039436753723,0.7764044667453758,0.7662337662337663,0.46288537979125977,20260226_200410_run22
c22,WormsTwoClass,0.8831168831168831,0.8822605965463107,0.8841945288753799,0.8831168831168831,0.4477109909057617,20260226_200410_run22
c22,Yoga,0.8326666666666667,0.8324426163927574,0.8326129109477224,0.8326666666666667,1.554887056350708,20260226_200414_run22
c22,MiddlePhalanxOutlineCorrect,0.7731958762886598,0.7652125738845579,0.7835797016513883,0.7731958762886598,0.662153959274292,20260226_200415_run23
c22,MiddlePhalanxTW,0.5844155844155844,0.5430130409569661,0.5799319727891156,0.5844155844155844,0.4956166744232178,20260226_200416_run23
c22,MixedShapesRegularTrain,0.9381443298969072,0.9380847025683452,0.9381584768154035,0.9381443298969072,1.4437925815582275,20260226_200422_run23
c22,MixedShapesSmallTrain,0.9096907216494845,0.9092813338844201,0.9128295435798014,0.9096907216494845,1.1912217140197754,20260226_200427_run23
c22,MoteStrain,0.847444089456869,0.8447836980934904,0.858966683017126,0.847444089456869,0.6958606243133545,20260226_200428_run23
c22,MotorImagery,0.47,0.46952257031328204,0.46989160979526295,0.47,3.57070255279541,20260226_200630_run23
c22,NATOPS,0.9611111111111111,0.9611095674724461,0.9612903225806452,0.9611111111111111,2.8825433254241943,20260226_200634_run23
c22,NonInvasiveFetalECGThorax1,0.8972010178117048,0.8970528230354694,0.899600255503592,0.8972010178117048,24.200706958770752,20260226_200704_run23
c22,NonInvasiveFetalECGThorax2,0.9068702290076336,0.9060664615336583,0.9073767595381714,0.9068702290076336,24.220070362091064,20260226_200733_run23
c22,OSULeaf,0.8388429752066116,0.8351836411222998,0.8526099540572961,0.8388429752066116,0.451096773147583,20260226_200734_run23
c22,OliveOil,0.8,0.779177033492823,0.8229059829059828,0.8,0.4394094944000244,20260226_200734_run23
c22,PEMS-SF,1.0,1.0,1.0,1.0,23.521854639053345,20260226_201036_run23
c22,PenDigits,0.9914236706689536,0.9914289628783334,0.9914611002751029,0.9914236706689536,14.547428846359253,20260226_201053_run23
c22,PhalangesOutlinesCorrect,0.8041958041958042,0.7997529175288955,0.8039167718448988,0.8041958041958042,1.674178123474121,20260226_201056_run23
c22,Phoneme,0.3143459915611814,0.2529178512062203,0.2632471120562061,0.3143459915611814,9.356019496917725,20260226_201109_run23
c22,PhonemeSpectra,0.27169698777214435,0.25972311301111006,0.26989179290596244,0.27169698777214435,368.37323784828186,20260226_201751_run23
c22,PigAirwayPressure,0.38461538461538464,0.35561944241094035,0.39906898656898654,0.38461538461538464,3.6205694675445557,20260226_201755_run23
c22,PigArtPressure,0.8221153846153846,0.7993894993894993,0.8307692307692308,0.8221153846153846,3.5881474018096924,20260226_201800_run23
c22,PigCVP,0.4326923076923077,0.38773377200979015,0.43455753648061335,0.4326923076923077,3.5901849269866943,20260226_201804_run23
c22,Plane,0.9809523809523809,0.9804240794274016,0.9822510822510823,0.9809523809523809,0.4429283142089844,20260226_201805_run23
c22,PowerCons,0.9388888888888889,0.9388719088635733,0.939377085650723,0.9388888888888889,0.5537769794464111,20260226_201805_run23
c22,ProximalPhalanxOutlineAgeGroup,0.848780487804878,0.851684398041543,0.8581060297616895,0.848780487804878,0.5139920711517334,20260226_201806_run23
c22,ProximalPhalanxOutlineCorrect,0.8591065292096219,0.8548210745320933,0.8576027745959017,0.8591065292096219,0.6594796180725098,20260226_201807_run23
c22,ProximalPhalanxTW,0.7951219512195122,0.7806751509877689,0.7834046984418139,0.7951219512195122,0.5129315853118896,20260226_201808_run23
c22,RacketSports,0.8947368421052632,0.8947732499519434,0.8971112951376109,0.8947368421052632,0.8773443698883057,20260226_201809_run23
c22,RefrigerationDevices,0.7466666666666667,0.7448990748103306,0.7507705093531665,0.7466666666666667,0.5640935897827148,20260226_201810_run23
c22,Rock,0.76,0.7563076923076923,0.7575757575757575,0.76,0.43915748596191406,20260226_201811_run23
c22,ScreenType,0.6453333333333333,0.6410686149795183,0.6421377129341731,0.6453333333333333,0.561610221862793,20260226_201812_run23
c22,SelfRegulationSCP1,0.8907849829351536,0.8907773490802795,0.8908527460277467,0.8907849829351536,1.3564941883087158,20260226_201819_run23
c22,SelfRegulationSCP2,0.5222222222222223,0.5216907675194661,0.5223214285714286,0.5222222222222223,1.165539026260376,20260226_201825_run23
c22,SemgHandGenderCh2,0.9616666666666667,0.9618450291602043,0.9624869665264445,0.9616666666666667,0.6017119884490967,20260226_201829_run23
c22,SemgHandMovementCh2,0.8422222222222222,0.8430081501426714,0.8470961719687519,0.8422222222222222,0.6361129283905029,20260226_201832_run23
c22,SemgHandSubjectCh2,0.9288888888888889,0.9289803358802312,0.9307192739327734,0.9288888888888889,0.6347429752349854,20260226_201836_run23
c22,ShapeletSim,1.0,1.0,1.0,1.0,0.44049906730651855,20260226_201836_run23
c22,ShapesAll,0.8,0.7973842549505156,0.8140796703296704,0.8,8.420876502990723,20260226_201846_run23
c22,SmallKitchenAppliances,0.832,0.8319339082758658,0.8318849633043182,0.832,0.5617344379425049,20260226_201847_run23
c22,SmoothSubspace,0.8666666666666667,0.8675549945063936,0.8705378250591017,0.8666666666666667,0.4527163505554199,20260226_201848_run23
c22,SonyAIBORobotSurface1,0.9151414309484193,0.9155678049046541,0.9253593217653118,0.9151414309484193,0.4581587314605713,20260226_201849_run23
c22,SonyAIBORobotSurface2,0.8667366211962224,0.8681359105251848,0.8753429642214737,0.8667366211962224,0.5821936130523682,20260226_201849_run23
c22,StandWalkJump,0.3333333333333333,0.3333333333333333,0.34523809523809523,0.3333333333333333,0.484560489654541,20260226_201850_run23
c22,StarLightCurves,0.9802088392423507,0.9798752060496688,0.9801901932808507,0.9802088392423507,4.094944715499878,20260226_201908_run23
c22,Strawberry,0.9513513513513514,0.9517171192056064,0.9535418294499095,0.9513513513513514,0.6741795539855957,20260226_201909_run23
c22,SwedishLeaf,0.936,0.9362603344187334,0.9376924278924232,0.936,7.553642988204956,20260226_201917_run23
c22,Symbols,0.9718592964824121,0.971873771068829,0.9719650554902765,0.9718592964824121,0.5950663089752197,20260226_201918_run23
c22,SyntheticControl,0.99,0.9899969988995697,0.9903217697335345,0.99,0.491901159286499,20260226_201919_run23
c22,ToeSegmentation1,0.8377192982456141,0.8358459600778596,0.8460789026968845,0.8377192982456141,0.4421350955963135,20260226_201919_run23
c22,ToeSegmentation2,0.9076923076923077,0.9043512043512044,0.9037762237762237,0.9076923076923077,0.43741321563720703,20260226_201920_run23
c22,Trace,1.0,1.0,1.0,1.0,0.438640832901001,20260226_201920_run23
c22,TwoLeadECG,0.9253731343283582,0.9253196000327283,0.9266407295618383,0.9253731343283582,0.6443696022033691,20260226_201921_run23
c22,TwoPatterns,0.89375,0.8937768659439101,0.8938043452138594,0.89375,2.4794247150421143,20260226_201925_run23
c22,UMD,0.8125,0.8105124324422153,0.8093424036281179,0.8125,0.4387845993041992,20260226_201926_run23
c22,UWaveGestureLibrary,0.9,0.8993195092561702,0.9066869122082458,0.9,0.6721911430358887,20260226_201927_run23
c22,UWaveGestureLibraryAll,0.8648799553322166,0.8644096403495359,0.8655189611519848,0.8648799553322166,2.193829298019409,20260226_201936_run23
c22,UWaveGestureLibraryX,0.8087660524846455,0.8035495005795839,0.8045539657116852,0.8087660524846455,2.3124189376831055,20260226_201941_run23
c22,UWaveGestureLibraryY,0.7127303182579564,0.7083672482925989,0.7092536746505776,0.7127303182579564,2.2052395343780518,20260226_201946_run23
c22,UWaveGestureLibraryZ,0.7294807370184254,0.7246506291416792,0.7282567549439315,0.7294807370184254,2.2129735946655273,20260226_201951_run23
c22,Wafer,0.9991888384166125,0.9991896405383456,0.9991916642148487,0.9991888384166125,3.37807035446167,20260226_201957_run23
c22,Wine,0.8333333333333334,0.8328173374613003,0.8375,0.8333333333333334,0.43709659576416016,20260226_201958_run23
c22,WordSynonyms,0.6003134796238244,0.5666929204937503,0.6206355610503012,0.6003134796238244,5.776560306549072,20260226_202004_run23
c22,Worms,0.7012987012987013,0.7031635031635032,0.7232192050373869,0.7012987012987013,0.44661426544189453,20260226_202005_run23
c22,WormsTwoClass,0.8051948051948052,0.8059919620021923,0.809233449477352,0.8051948051948052,0.44475650787353516,20260226_202005_run23
c22,Yoga,0.8403333333333334,0.8403446190501555,0.8403575903841162,0.8403333333333334,1.551945686340332,20260226_202009_run23
c22,MiddlePhalanxOutlineCorrect,0.7903780068728522,0.7791090912201248,0.8168300489340129,0.7903780068728522,0.6605515480041504,20260226_202010_run24
c22,MiddlePhalanxTW,0.5974025974025974,0.5344920645745852,0.5320707070707071,0.5974025974025974,0.4940032958984375,20260226_202011_run24
c22,MixedShapesRegularTrain,0.945979381443299,0.9458237299573066,0.946443025206029,0.945979381443299,1.4785263538360596,20260226_202017_run24
c22,MixedShapesSmallTrain,0.8944329896907216,0.8936670788346818,0.8973848691973695,0.8944329896907216,1.1999692916870117,20260226_202022_run24
c22,MoteStrain,0.8522364217252396,0.8501728752477063,0.8607195892048602,0.8522364217252396,0.6947531700134277,20260226_202023_run24
c22,MotorImagery,0.54,0.5398159263705482,0.5400641025641025,0.54,3.7056543827056885,20260226_202225_run24
c22,NATOPS,0.9166666666666666,0.9168571587867976,0.9188453159041393,0.9166666666666666,2.7878546714782715,20260226_202229_run24
c22,NonInvasiveFetalECGThorax1,0.8819338422391858,0.8800950565046698,0.8823184021140338,0.8819338422391858,24.191446542739868,20260226_202259_run24
c22,NonInvasiveFetalECGThorax2,0.9073791348600508,0.9072208362608495,0.9095666038755349,0.9073791348600508,24.230969429016113,20260226_202328_run24
c22,OSULeaf,0.8264462809917356,0.8260882000311175,0.8410452078504788,0.8264462809917356,0.4565858840942383,20260226_202329_run24
c22,OliveOil,0.7333333333333333,0.7366522366522367,0.774074074074074,0.7333333333333333,0.44318532943725586,20260226_202329_run24
c22,PEMS-SF,0.9884393063583815,0.9884278827480636,0.989402697495183,0.9884393063583815,23.786667346954346,20260226_202629_run24
c22,PenDigits,0.9919954259576901,0.9919900119544468,0.9920000402565674,0.9919954259576901,14.547539234161377,20260226_202646_run24
c22,PhalangesOutlinesCorrect,0.8391608391608392,0.8358183000734778,0.8403432316475795,0.8391608391608392,1.6935555934906006,20260226_202648_run24
c22,Phoneme,0.3401898734177215,0.27218988230351393,0.2800449437241245,0.3401898734177215,9.466245412826538,20260226_202702_run24
c22,PhonemeSpectra,0.27259170891738743,0.262090142664935,0.26826900759153316,0.27259170891738743,366.8468472957611,20260226_203342_run24
c22,PigAirwayPressure,0.5,0.4651959151959152,0.5428904428904429,0.5,3.683192491531372,20260226_203346_run24
c22,PigArtPressure,0.8317307692307693,0.8204923281846359,0.8688034188034186,0.8317307692307693,3.6526601314544678,20260226_203351_run24
c22,PigCVP,0.47596153846153844,0.4287155686194148,0.4523504273504273,0.47596153846153844,3.7589926719665527,20260226_203356_run24
c22,Plane,0.9809523809523809,0.9809292311246992,0.9822510822510823,0.9809523809523809,0.4508950710296631,20260226_203356_run24
c22,PowerCons,0.9666666666666667,0.9666625509322139,0.966897233201581,0.9666666666666667,0.4597606658935547,20260226_203357_run24
c22,ProximalPhalanxOutlineAgeGroup,0.8780487804878049,0.8829341995710511,0.8941191986488153,0.8780487804878049,0.5159776210784912,20260226_203358_run24
c22,ProximalPhalanxOutlineCorrect,0.8316151202749141,0.8264934793188433,0.828077510500191,0.8316151202749141,0.6627457141876221,20260226_203358_run24
c22,ProximalPhalanxTW,0.7707317073170732,0.7490425782255438,0.7527267588240154,0.7707317073170732,0.5165634155273438,20260226_203359_run24
c22,RacketSports,0.9078947368421053,0.9078947368421053,0.9078947368421053,0.9078947368421053,0.8820700645446777,20260226_203400_run24
c22,RefrigerationDevices,0.7866666666666666,0.7865656406397744,0.7879318394024276,0.7866666666666666,0.5647292137145996,20260226_203402_run24
c22,Rock,0.8,0.7966801619433198,0.7977142857142857,0.8,0.44582056999206543,20260226_203403_run24
c22,ScreenType,0.6453333333333333,0.6449320555291072,0.648551540395512,0.6453333333333333,0.5657799243927002,20260226_203404_run24
c22,SelfRegulationSCP1,0.8839590443686007,0.8839320027588804,0.8842347305358722,0.8839590443686007,1.3436665534973145,20260226_203410_run24
c22,SelfRegulationSCP2,0.5,0.49845201238390097,0.5,0.5,1.1560909748077393,20260226_203417_run24
c22,SemgHandGenderCh2,0.9616666666666667,0.9614655898161768,0.9617457823663637,0.9616666666666667,0.6060736179351807,20260226_203420_run24
c22,SemgHandMovementCh2,0.8555555555555555,0.8549494436908233,0.8562521873024154,0.8555555555555555,0.6378719806671143,20260226_203424_run24
c22,SemgHandSubjectCh2,0.92,0.919728260185212,0.9241277369831272,0.92,0.6392121315002441,20260226_203427_run24
c22,ShapeletSim,1.0,1.0,1.0,1.0,0.44873857498168945,20260226_203428_run24
c22,ShapesAll,0.8366666666666667,0.8320355345660905,0.8492617105117105,0.8366666666666667,8.43567156791687,20260226_203437_run24
c22,SmallKitchenAppliances,0.824,0.8257683142281935,0.830759809319966,0.824,0.5658323764801025,20260226_203439_run24
c22,SmoothSubspace,0.88,0.8792168885949883,0.8807181637370316,0.88,0.4578125476837158,20260226_203440_run24
c22,SonyAIBORobotSurface1,0.9051580698835274,0.9056229180093537,0.9181241542777961,0.9051580698835274,0.46682214736938477,20260226_203440_run24
c22,SonyAIBORobotSurface2,0.9076600209863589,0.9075117621928952,0.9074391507932269,0.9076600209863589,0.5845212936401367,20260226_203441_run24
c22,StandWalkJump,0.26666666666666666,0.19907407407407407,0.17424242424242423,0.26666666666666666,0.5089454650878906,20260226_203442_run24
c22,StarLightCurves,0.9764448761534725,0.9761240821409328,0.9762556475021581,0.9764448761534725,4.099527359008789,20260226_203459_run24
c22,Strawberry,0.9432432432432433,0.9432905875090583,0.9433527369570007,0.9432432432432433,0.6793177127838135,20260226_203500_run24
c22,SwedishLeaf,0.9424,0.942367125697852,0.9440756976130319,0.9424,7.690051794052124,20260226_203508_run24
c22,Symbols,0.9517587939698492,0.9516051859759025,0.9588713916434904,0.9517587939698492,0.5973548889160156,20260226_203510_run24
c22,SyntheticControl,0.9766666666666667,0.9766583300987162,0.9769670688788336,0.9766666666666667,0.4939546585083008,20260226_203510_run24
c22,ToeSegmentation1,0.881578947368421,0.8812738508029367,0.8826488533644081,0.881578947368421,0.4496026039123535,20260226_203511_run24
c22,ToeSegmentation2,0.8769230769230769,0.8819683013857772,0.8915384615384615,0.8769230769230769,0.44501209259033203,20260226_203512_run24
c22,Trace,1.0,1.0,1.0,1.0,0.44995856285095215,20260226_203512_run24
c22,TwoLeadECG,0.8955223880597015,0.8954569554334861,0.8965552494576186,0.8955223880597015,0.6472606658935547,20260226_203513_run24
c22,TwoPatterns,0.89725,0.8971743189852309,0.8975374402782098,0.89725,2.4821038246154785,20260226_203517_run24
c22,UMD,0.8958333333333334,0.8953208838246821,0.8949407777295314,0.8958333333333334,0.44759178161621094,20260226_203518_run24
c22,UWaveGestureLibrary,0.896875,0.894529944630207,0.9019340038139596,0.896875,0.6753268241882324,20260226_203519_run24
c22,UWaveGestureLibraryAll,0.8626465661641541,0.8620378757753248,0.8622874532966929,0.8626465661641541,2.2011876106262207,20260226_203528_run24
c22,UWaveGestureLibraryX,0.8070910106085986,0.8039406896213794,0.8045336324845154,0.8070910106085986,2.197566270828247,20260226_203533_run24
c22,UWaveGestureLibraryY,0.7130094919039642,0.7095151287445514,0.7103428391145942,0.7130094919039642,2.204737901687622,20260226_203538_run24
c22,UWaveGestureLibraryZ,0.7367392518146287,0.7341123636604763,0.7347752349481679,0.7367392518146287,2.1984972953796387,20260226_203543_run24
c22,Wafer,0.9993510707332901,0.9993510707332901,0.9993510707332901,0.9993510707332901,3.372678279876709,20260226_203549_run24
c22,Wine,0.8518518518518519,0.8485273492286114,0.8857142857142857,0.8518518518518519,0.44472670555114746,20260226_203549_run24
c22,WordSynonyms,0.5987460815047022,0.5598103630000341,0.5814699252342354,0.5987460815047022,5.789500713348389,20260226_203556_run24
c22,Worms,0.6753246753246753,0.6804202060742887,0.6952508276037688,0.6753246753246753,0.4543776512145996,20260226_203557_run24
c22,WormsTwoClass,0.7662337662337663,0.7651785714285715,0.7651773191745141,0.7662337662337663,0.45368504524230957,20260226_203557_run24
c22,Yoga,0.8096666666666666,0.8093786017378192,0.8095618566770754,0.8096666666666666,1.5576486587524414,20260226_203601_run24
c22,MiddlePhalanxOutlineCorrect,0.8144329896907216,0.8073311007954074,0.8318707030151793,0.8144329896907216,0.6629974842071533,20260226_203602_run25
c22,MiddlePhalanxTW,0.5909090909090909,0.5248482804661653,0.5206014915317242,0.5909090909090909,0.4965670108795166,20260226_203603_run25
c22,MixedShapesRegularTrain,0.9323711340206186,0.9321428789050867,0.9321605942975575,0.9323711340206186,1.4458105564117432,20260226_203609_run25
c22,MixedShapesSmallTrain,0.902680412371134,0.9023044776953097,0.9030507530218088,0.902680412371134,1.1924331188201904,20260226_203614_run25
c22,MoteStrain,0.8274760383386581,0.8273307420254992,0.840080189302197,0.8274760383386581,0.6985833644866943,20260226_203615_run25
c22,MotorImagery,0.6,0.5998399359743898,0.6001602564102564,0.6,3.637749671936035,20260226_203817_run25
c22,NATOPS,0.9277777777777778,0.9280360494516575,0.9310405643738976,0.9277777777777778,2.792125940322876,20260226_203822_run25
c22,NonInvasiveFetalECGThorax1,0.8905852417302799,0.8901057790967547,0.8929167903355337,0.8905852417302799,24.1639986038208,20260226_203851_run25
c22,NonInvasiveFetalECGThorax2,0.9068702290076336,0.908236146651528,0.9143513232751779,0.9068702290076336,24.22063374519348,20260226_203920_run25
c22,OSULeaf,0.8016528925619835,0.7975050415570626,0.8073317479677704,0.8016528925619835,0.45896005630493164,20260226_203921_run25
c22,OliveOil,0.7333333333333333,0.7360372960372961,0.7642857142857143,0.7333333333333333,0.4418766498565674,20260226_203922_run25
c22,PEMS-SF,1.0,1.0,1.0,1.0,23.875905513763428,20260226_204223_run25
c22,PenDigits,0.9905660377358491,0.9905578132444859,0.9905616859959063,0.9905660377358491,14.565410852432251,20260226_204240_run25
c22,PhalangesOutlinesCorrect,0.8181818181818182,0.8147394662739933,0.8178313036444524,0.8181818181818182,1.6802630424499512,20260226_204242_run25
c22,Phoneme,0.31329113924050633,0.2536113469398839,0.2499607926768417,0.31329113924050633,9.36497974395752,20260226_204255_run25
c22,PhonemeSpectra,0.2785565165523412,0.26479424944316565,0.2740618106356441,0.2785565165523412,367.07038855552673,20260226_204936_run25
c22,PigAirwayPressure,0.4855769230769231,0.4535103785103785,0.4940018315018315,0.4855769230769231,3.6212780475616455,20260226_204940_run25
c22,PigArtPressure,0.8413461538461539,0.8220446220446219,0.8713369963369964,0.8413461538461539,3.5969343185424805,20260226_204945_run25
c22,PigCVP,0.41346153846153844,0.3816889244491054,0.43951251739713276,0.41346153846153844,3.7084481716156006,20260226_204950_run25
c22,Plane,0.9809523809523809,0.9809292311246992,0.9822510822510823,0.9809523809523809,0.4466381072998047,20260226_204950_run25
c22,PowerCons,0.9666666666666667,0.9666501976284585,0.9675903018307768,0.9666666666666667,0.45055437088012695,20260226_204951_run25
c22,ProximalPhalanxOutlineAgeGroup,0.8731707317073171,0.877533687211244,0.8856624998503299,0.8731707317073171,0.5177736282348633,20260226_204951_run25
c22,ProximalPhalanxOutlineCorrect,0.865979381443299,0.8635208435899898,0.8639460111395965,0.865979381443299,0.6596696376800537,20260226_204952_run25
c22,ProximalPhalanxTW,0.8097560975609757,0.7888061088348033,0.7712180457381367,0.8097560975609757,0.5138435363769531,20260226_204953_run25
c22,RacketSports,0.875,0.8731033694611748,0.8798176502285949,0.875,0.877497673034668,20260226_204954_run25
c22,RefrigerationDevices,0.7493333333333333,0.7494315059357076,0.7499401709401708,0.7493333333333333,0.5618109703063965,20260226_204955_run25
c22,Rock,0.8,0.8014111405835544,0.806065162907268,0.8,0.4429142475128174,20260226_204956_run25
c22,ScreenType,0.6826666666666666,0.6808104792840207,0.6823958650045606,0.6826666666666666,0.5617854595184326,20260226_204958_run25
c22,SelfRegulationSCP1,0.8532423208191127,0.8527172363428852,0.8580087979624141,0.8532423208191127,1.352055311203003,20260226_205004_run25
c22,SelfRegulationSCP2,0.4888888888888889,0.4873065015479876,0.48874999999999996,0.4888888888888889,1.1517956256866455,20260226_205011_run25
c22,SemgHandGenderCh2,0.9566666666666667,0.9568038723295846,0.9571469907407407,0.9566666666666667,0.6046960353851318,20260226_205014_run25
c22,SemgHandMovementCh2,0.8511111111111112,0.8487258516990479,0.8489728648586157,0.8511111111111112,0.6387968063354492,20260226_205018_run25
c22,SemgHandSubjectCh2,0.94,0.9399014911322283,0.9408142689167733,0.94,0.636951208114624,20260226_205021_run25
c22,ShapeletSim,1.0,1.0,1.0,1.0,0.43941354751586914,20260226_205022_run25
c22,ShapesAll,0.8433333333333334,0.8383613617765252,0.8525462037962037,0.8433333333333334,8.431203126907349,20260226_205031_run25
c22,SmallKitchenAppliances,0.8133333333333334,0.8144522903682649,0.8221879890453835,0.8133333333333334,0.562915563583374,20260226_205033_run25
c22,SmoothSubspace,0.8866666666666667,0.8870709605799758,0.888265840927566,0.8866666666666667,0.451030969619751,20260226_205033_run25
c22,SonyAIBORobotSurface1,0.9517470881863561,0.9518892869379856,0.9532257391972907,0.9517470881863561,0.4609713554382324,20260226_205034_run25
c22,SonyAIBORobotSurface2,0.881427072402938,0.8798075938819283,0.8821001672415996,0.881427072402938,0.5778772830963135,20260226_205035_run25
c22,StandWalkJump,0.4666666666666667,0.4024276377217554,0.638888888888889,0.4666666666666667,0.4872708320617676,20260226_205036_run25
c22,StarLightCurves,0.9779018941233608,0.9774526600784311,0.9779232969599161,0.9779018941233608,4.230695486068726,20260226_205053_run25
c22,Strawberry,0.9675675675675676,0.9678114128037376,0.9695426709140571,0.9675675675675676,0.6767683029174805,20260226_205054_run25
c22,SwedishLeaf,0.9312,0.9310388100697699,0.9328175701107686,0.9312,7.562908411026001,20260226_205102_run25
c22,Symbols,0.949748743718593,0.9497915139432249,0.9539226074957139,0.949748743718593,0.5969438552856445,20260226_205103_run25
c22,SyntheticControl,0.98,0.9799846531211691,0.9806073105008094,0.98,0.4930109977722168,20260226_205104_run25
c22,ToeSegmentation1,0.9166666666666666,0.9166457589501109,0.9166602301691511,0.9166666666666666,0.5494303703308105,20260226_205105_run25
c22,ToeSegmentation2,0.7615384615384615,0.7791593528804172,0.8113205016430822,0.7615384615384615,0.43891477584838867,20260226_205105_run25
c22,Trace,1.0,1.0,1.0,1.0,0.44157958030700684,20260226_205106_run25
c22,TwoLeadECG,0.9043020193151887,0.9042710281045541,0.9048555743746658,0.9043020193151887,0.6438827514648438,20260226_205107_run25
c22,TwoPatterns,0.908,0.9079193875423006,0.9085868427095984,0.908,2.469003200531006,20260226_205111_run25
c22,UMD,0.8472222222222222,0.8464648247060713,0.846530612244898,0.8472222222222222,0.43954896926879883,20260226_205111_run25
c22,UWaveGestureLibrary,0.93125,0.9311481190922933,0.9327533577533578,0.93125,0.6711208820343018,20260226_205113_run25
c22,UWaveGestureLibraryAll,0.8676716917922948,0.8670383465344146,0.8670162467417517,0.8676716917922948,2.205656051635742,20260226_205121_run25
c22,UWaveGestureLibraryX,0.8154662199888331,0.8137055159606353,0.8128532118990481,0.8154662199888331,2.20353102684021,20260226_205126_run25
c22,UWaveGestureLibraryY,0.7266890005583473,0.722785816956977,0.7231166885842405,0.7266890005583473,2.205871105194092,20260226_205131_run25
c22,UWaveGestureLibraryZ,0.7426018983807928,0.7383105733880277,0.7381156581339384,0.7426018983807928,2.205395460128784,20260226_205136_run25
c22,Wafer,0.999675535366645,0.9996753205376517,0.9996756533323362,0.999675535366645,3.3820302486419678,20260226_205142_run25
c22,Wine,0.8148148148148148,0.8145604395604396,0.8165517241379311,0.8148148148148148,0.4385111331939697,20260226_205143_run25
c22,WordSynonyms,0.5768025078369906,0.5167453573324249,0.5412312333977004,0.5768025078369906,5.777623414993286,20260226_205149_run25
c22,Worms,0.7012987012987013,0.7011013036987064,0.7048855905998763,0.7012987012987013,0.4497091770172119,20260226_205150_run25
c22,WormsTwoClass,0.7142857142857143,0.7064860426929392,0.7151648351648352,0.7142857142857143,0.44769883155822754,20260226_205151_run25
c22,Yoga,0.808,0.8082123001544548,0.8092547077379865,0.808,1.554976463317871,20260226_205155_run25
c22,MiddlePhalanxOutlineCorrect,0.7560137457044673,0.7470548245001349,0.7652736675577059,0.7560137457044673,0.6586496829986572,20260226_205156_run26
c22,MiddlePhalanxTW,0.5844155844155844,0.5211724152470906,0.5101744158571555,0.5844155844155844,0.4930300712585449,20260226_205156_run26
c22,MixedShapesRegularTrain,0.9406185567010309,0.9406435526484679,0.9407632234116081,0.9406185567010309,1.4450490474700928,20260226_205202_run26
c22,MixedShapesSmallTrain,0.8449484536082474,0.8452772263942375,0.8475968204904297,0.8449484536082474,1.1904621124267578,20260226_205207_run26
c22,MoteStrain,0.8618210862619808,0.8612797536803419,0.8628066167546424,0.8618210862619808,0.6980435848236084,20260226_205208_run26
c22,MotorImagery,0.49,0.48872180451127817,0.4898989898989899,0.49,3.597031354904175,20260226_205411_run26
c22,NATOPS,0.9444444444444444,0.9452227011494254,0.9478291316526609,0.9444444444444444,2.779208183288574,20260226_205416_run26
c22,NonInvasiveFetalECGThorax1,0.8834605597964377,0.883038517666528,0.8865956762978191,0.8834605597964377,24.09785485267639,20260226_205445_run26
c22,NonInvasiveFetalECGThorax2,0.9104325699745547,0.9096731048495221,0.9128583728071981,0.9104325699745547,24.1656436920166,20260226_205514_run26
c22,OSULeaf,0.859504132231405,0.8585071942567983,0.86469387465801,0.859504132231405,0.4517991542816162,20260226_205515_run26
c22,OliveOil,0.8666666666666667,0.8688311688311688,0.8777777777777778,0.8666666666666667,0.4333620071411133,20260226_205515_run26
c22,PEMS-SF,0.9884393063583815,0.9884278827480636,0.989402697495183,0.9884393063583815,23.293768167495728,20260226_205817_run26
c22,PenDigits,0.9902801600914809,0.9902720399018542,0.9902967032933154,0.9902801600914809,14.687420845031738,20260226_205834_run26
c22,PhalangesOutlinesCorrect,0.8298368298368298,0.8270683343100979,0.8294619133779974,0.8298368298368298,1.6887662410736084,20260226_205837_run26
c22,Phoneme,0.3154008438818565,0.24283246365234376,0.2757869809218122,0.3154008438818565,9.469017505645752,20260226_205850_run26
c22,PhonemeSpectra,0.27736355502535043,0.272083740919261,0.2792081720191068,0.27736355502535043,367.14456725120544,20260226_210530_run26
c22,PigAirwayPressure,0.47115384615384615,0.43551811436426807,0.4613705738705739,0.47115384615384615,3.596522808074951,20260226_210535_run26
c22,PigArtPressure,0.8365384615384616,0.8236929736929736,0.8597069597069597,0.8365384615384616,3.5860588550567627,20260226_210539_run26
c22,PigCVP,0.40865384615384615,0.38894541693124685,0.45025183150183157,0.40865384615384615,3.6990609169006348,20260226_210544_run26
c22,Plane,0.9904761904761905,0.9905493380147757,0.9913419913419914,0.9904761904761905,0.44184136390686035,20260226_210545_run26
c22,PowerCons,0.9722222222222222,0.9722145040288969,0.9727474972191323,0.9722222222222222,0.4478790760040283,20260226_210545_run26
c22,ProximalPhalanxOutlineAgeGroup,0.8536585365853658,0.8580099045526388,0.871972607338461,0.8536585365853658,0.5128917694091797,20260226_210546_run26
c22,ProximalPhalanxOutlineCorrect,0.845360824742268,0.8430941585580761,0.8426682543019023,0.845360824742268,0.6595988273620605,20260226_210547_run26
c22,ProximalPhalanxTW,0.8,0.7831537517760166,0.7940462789243276,0.8,0.5137369632720947,20260226_210547_run26
c22,RacketSports,0.868421052631579,0.8684060127336448,0.8692415818238187,0.868421052631579,0.8802404403686523,20260226_210549_run26
c22,RefrigerationDevices,0.7546666666666667,0.7534674969308618,0.7556804545228809,0.7546666666666667,0.5632786750793457,20260226_210550_run26
c22,Rock,0.76,0.7690166230054776,0.8123543123543123,0.76,0.4395411014556885,20260226_210551_run26
c22,ScreenType,0.7146666666666667,0.7111606589867461,0.7151553574934995,0.7146666666666667,0.5618658065795898,20260226_210552_run26
c22,SelfRegulationSCP1,0.8668941979522184,0.8665678554022782,0.870825568555202,0.8668941979522184,1.3387846946716309,20260226_210558_run26
c22,SelfRegulationSCP2,0.5,0.49375,0.5,0.5,1.1521284580230713,20260226_210605_run26
c22,SemgHandGenderCh2,0.9616666666666667,0.9618073081246157,0.9622294281142086,0.9616666666666667,0.6017088890075684,20260226_210608_run26
c22,SemgHandMovementCh2,0.8444444444444444,0.8448525534848762,0.8481007594831845,0.8444444444444444,0.6352047920227051,20260226_210612_run26
c22,SemgHandSubjectCh2,0.9466666666666667,0.9464916866287624,0.949607249870219,0.9466666666666667,0.6355500221252441,20260226_210615_run26
c22,ShapeletSim,1.0,1.0,1.0,1.0,0.44211459159851074,20260226_210616_run26
c22,ShapesAll,0.8183333333333334,0.8142001134873661,0.8272122784622786,0.8183333333333334,8.411726713180542,20260226_210625_run26
c22,SmallKitchenAppliances,0.8613333333333333,0.861736673414305,0.8626162766445585,0.8613333333333333,0.5616195201873779,20260226_210627_run26
c22,SmoothSubspace,0.9,0.900540486437794,0.9021678040947412,0.9,0.45151448249816895,20260226_210628_run26
c22,SonyAIBORobotSurface1,0.9317803660565723,0.9319597214732267,0.9330177833619208,0.9317803660565723,0.45955801010131836,20260226_210628_run26
c22,SonyAIBORobotSurface2,0.8908709338929696,0.8918185620336995,0.8962734041432888,0.8908709338929696,0.5830655097961426,20260226_210629_run26
c22,StandWalkJump,0.4666666666666667,0.4444444444444444,0.619047619047619,0.4666666666666667,0.48718786239624023,20260226_210630_run26
c22,StarLightCurves,0.9765662943176299,0.9761219118982957,0.9765461627630913,0.9765662943176299,4.0848777294158936,20260226_210647_run26
c22,Strawberry,0.9675675675675676,0.9676721750842671,0.9680186974304621,0.9675675675675676,0.6747939586639404,20260226_210648_run26
c22,SwedishLeaf,0.9296,0.9294774065561155,0.9307851069479699,0.9296,7.568373680114746,20260226_210656_run26
c22,Symbols,0.9577889447236181,0.9578214132257485,0.9586980792433809,0.9577889447236181,0.7025659084320068,20260226_210658_run26
c22,SyntheticControl,0.99,0.9899969988995697,0.9903217697335345,0.99,0.49267101287841797,20260226_210658_run26
c22,ToeSegmentation1,0.8771929824561403,0.8772686724515448,0.8778843660876329,0.8771929824561403,0.4446086883544922,20260226_210659_run26
c22,ToeSegmentation2,0.7923076923076923,0.8139882679769866,0.8919743395933871,0.7923076923076923,0.43817591667175293,20260226_210700_run26
c22,Trace,1.0,1.0,1.0,1.0,0.4390575885772705,20260226_210700_run26
c22,TwoLeadECG,0.9174714661984197,0.9172606283681073,0.92185359133477,0.9174714661984197,0.6129806041717529,20260226_210701_run26
c22,TwoPatterns,0.89175,0.8916084859061443,0.891642809808883,0.89175,2.4749817848205566,20260226_210705_run26
c22,UMD,0.8333333333333334,0.8321659747029536,0.832472382892551,0.8333333333333334,0.4400827884674072,20260226_210706_run26
c22,UWaveGestureLibrary,0.9,0.8996977598833459,0.9066984427148508,0.9,0.6713643074035645,20260226_210707_run26
c22,UWaveGestureLibraryAll,0.8726968174204355,0.8720155043563571,0.8725093493616637,0.8726968174204355,2.199230432510376,20260226_210716_run26
c22,UWaveGestureLibraryX,0.7950865438302624,0.7911478490992636,0.7907388543045948,0.7950865438302624,2.196626901626587,20260226_210721_run26
c22,UWaveGestureLibraryY,0.7322724734785037,0.7278993520701146,0.7284905279673495,0.7322724734785037,2.1950619220733643,20260226_210726_run26
c22,UWaveGestureLibraryZ,0.7319932998324958,0.7276946860496342,0.728684859073578,0.7319932998324958,2.1975715160369873,20260226_210731_run26
c22,Wafer,0.9991888384166125,0.9991891062544247,0.9991895101777841,0.9991888384166125,3.37239933013916,20260226_210737_run26
c22,Wine,0.8333333333333334,0.8332761578044596,0.8337912087912087,0.8333333333333334,0.43777918815612793,20260226_210737_run26
c22,WordSynonyms,0.6003134796238244,0.5516083678605874,0.5518757868630391,0.6003134796238244,5.778407096862793,20260226_210743_run26
c22,Worms,0.7142857142857143,0.7042619352478507,0.7108111187058554,0.7142857142857143,0.4590473175048828,20260226_210744_run26
c22,WormsTwoClass,0.7922077922077922,0.7900220396714086,0.7922824302134646,0.7922077922077922,0.447174072265625,20260226_210745_run26
c22,Yoga,0.8206666666666667,0.8208003915104549,0.8211976622533281,0.8206666666666667,1.5540719032287598,20260226_210749_run26
c22,MiddlePhalanxOutlineCorrect,0.7972508591065293,0.7935473567748895,0.8004487782130797,0.7972508591065293,0.6601765155792236,20260226_210750_run27
c22,MiddlePhalanxTW,0.577922077922078,0.49680679140949013,0.4564625850340136,0.577922077922078,0.4934101104736328,20260226_210751_run27
c22,MixedShapesRegularTrain,0.9414432989690722,0.9415272092140453,0.9416466939211677,0.9414432989690722,1.478456735610962,20260226_210756_run27
c22,MixedShapesSmallTrain,0.9030927835051547,0.9031445658808841,0.9068350911539408,0.9030927835051547,1.1915032863616943,20260226_210801_run27
c22,MoteStrain,0.8354632587859425,0.8322453078452854,0.8483058950829921,0.8354632587859425,0.695781946182251,20260226_210802_run27
c22,MotorImagery,0.49,0.4858352656517795,0.48966515088879703,0.49,3.7040531635284424,20260226_211004_run27
c22,NATOPS,0.95,0.9498746867167919,0.9511784511784512,0.95,2.8969314098358154,20260226_211009_run27
c22,NonInvasiveFetalECGThorax1,0.9007633587786259,0.9007402482036058,0.9042869996597922,0.9007633587786259,24.0622398853302,20260226_211038_run27
c22,NonInvasiveFetalECGThorax2,0.9114503816793893,0.9117165647135376,0.9159350675634431,0.9114503816793893,24.189993619918823,20260226_211107_run27
c22,OSULeaf,0.756198347107438,0.7572974928346828,0.7701279658757665,0.756198347107438,0.44932985305786133,20260226_211108_run27
c22,OliveOil,0.7333333333333333,0.7126984126984126,0.8088095238095238,0.7333333333333333,0.43205761909484863,20260226_211109_run27
c22,PEMS-SF,1.0,1.0,1.0,1.0,23.30249786376953,20260226_211410_run27
c22,PenDigits,0.9917095483133219,0.9917054008752126,0.9917497332022224,0.9917095483133219,14.699455976486206,20260226_211427_run27
c22,PhalangesOutlinesCorrect,0.8263403263403264,0.8226494684781904,0.8269647790745561,0.8263403263403264,1.668386697769165,20260226_211429_run27
c22,Phoneme,0.2869198312236287,0.23069471931938182,0.25803957526694415,0.2869198312236287,9.455415725708008,20260226_211442_run27
c22,PhonemeSpectra,0.27646883388010735,0.2641236180227879,0.27208258902126337,0.27646883388010735,367.74631214141846,20260226_212124_run27
c22,PigAirwayPressure,0.4423076923076923,0.39068047337278106,0.4442698641228053,0.4423076923076923,3.633793354034424,20260226_212128_run27
c22,PigArtPressure,0.7692307692307693,0.7475135975135975,0.8124542124542125,0.7692307692307693,3.5901236534118652,20260226_212133_run27
c22,PigCVP,0.5048076923076923,0.4671811094888018,0.524735680985681,0.5048076923076923,3.6964333057403564,20260226_212137_run27
c22,Plane,0.9714285714285714,0.9713857035687493,0.975036075036075,0.9714285714285714,0.4431595802307129,20260226_212138_run27
c22,PowerCons,0.9444444444444444,0.9444375848870231,0.9446640316205535,0.9444444444444444,0.44774389266967773,20260226_212138_run27
c22,ProximalPhalanxOutlineAgeGroup,0.8439024390243902,0.8484481529025817,0.8582773653823494,0.8439024390243902,0.5142345428466797,20260226_212139_run27
c22,ProximalPhalanxOutlineCorrect,0.8694158075601375,0.8657208787195341,0.8683625871199216,0.8694158075601375,0.6606462001800537,20260226_212140_run27
c22,ProximalPhalanxTW,0.8048780487804879,0.7917090362151529,0.8385077913279133,0.8048780487804879,0.5130791664123535,20260226_212141_run27
c22,RacketSports,0.9078947368421053,0.9074480807633304,0.9166756176154672,0.9078947368421053,0.8768038749694824,20260226_212142_run27
c22,RefrigerationDevices,0.7706666666666667,0.770488728739562,0.7711327577672062,0.7706666666666667,0.5632984638214111,20260226_212143_run27
c22,Rock,0.54,0.5290025231286796,0.6682407407407408,0.54,0.4405391216278076,20260226_212144_run27
c22,ScreenType,0.64,0.6368033831537481,0.6428088597934816,0.64,0.5620384216308594,20260226_212145_run27
c22,SelfRegulationSCP1,0.8805460750853242,0.8805460750853242,0.8805665891584553,0.8805460750853242,1.3384599685668945,20260226_212152_run27
c22,SelfRegulationSCP2,0.5111111111111111,0.5095975232198142,0.51125,0.5111111111111111,1.1489644050598145,20260226_212158_run27
c22,SemgHandGenderCh2,0.9633333333333334,0.9634860297322164,0.9640064364282626,0.9633333333333334,0.6017677783966064,20260226_212202_run27
c22,SemgHandMovementCh2,0.8577777777777778,0.8573044370867419,0.8589599838683782,0.8577777777777778,0.6369261741638184,20260226_212205_run27
c22,SemgHandSubjectCh2,0.9377777777777778,0.9376038795685704,0.9384211397048727,0.9377777777777778,0.6355164051055908,20260226_212209_run27
c22,ShapeletSim,1.0,1.0,1.0,1.0,0.44104433059692383,20260226_212209_run27
c22,ShapesAll,0.8133333333333334,0.8101686877826892,0.8239687844834903,0.8133333333333334,8.420874118804932,20260226_212219_run27
c22,SmallKitchenAppliances,0.8293333333333334,0.8307278924125622,0.8341012842724748,0.8293333333333334,0.5618109703063965,20260226_212221_run27
c22,SmoothSubspace,0.9133333333333333,0.9126559714795007,0.9123495552066981,0.9133333333333333,0.4529452323913574,20260226_212221_run27
c22,SonyAIBORobotSurface1,0.9534109816971714,0.9535806449904842,0.955871781508253,0.9534109816971714,0.45874714851379395,20260226_212222_run27
c22,SonyAIBORobotSurface2,0.9202518363064008,0.920752218953941,0.9228802042031459,0.9202518363064008,0.5787158012390137,20260226_212222_run27
c22,StandWalkJump,0.3333333333333333,0.31666666666666665,0.3206349206349206,0.3333333333333333,0.48581886291503906,20260226_212223_run27
c22,StarLightCurves,0.9759592034968432,0.9753831702829516,0.9761655854748071,0.9759592034968432,4.08930778503418,20260226_212241_run27
c22,Strawberry,0.9567567567567568,0.9569612165356846,0.9576998662830747,0.9567567567567568,0.6748595237731934,20260226_212242_run27
c22,SwedishLeaf,0.9248,0.9243300651363395,0.9263160744898477,0.9248,7.557544708251953,20260226_212250_run27
c22,Symbols,0.9608040201005025,0.9608415022537411,0.9643449590496066,0.9608040201005025,0.5965955257415771,20260226_212251_run27
c22,SyntheticControl,0.9833333333333333,0.9833329999666633,0.9833986928104574,0.9833333333333333,0.49770259857177734,20260226_212252_run27
c22,ToeSegmentation1,0.8728070175438597,0.8718019808080341,0.8785763692385085,0.8728070175438597,0.44337940216064453,20260226_212252_run27
c22,ToeSegmentation2,0.8,0.8198496240601505,0.8842650103519668,0.8,0.4392867088317871,20260226_212253_run27
c22,Trace,1.0,1.0,1.0,1.0,0.44016504287719727,20260226_212253_run27
c22,TwoLeadECG,0.9525899912203687,0.9525714921361345,0.9532648394269689,0.9525899912203687,0.6443760395050049,20260226_212254_run27
c22,TwoPatterns,0.88925,0.888632546172679,0.8928024342951973,0.88925,2.478760242462158,20260226_212258_run27
c22,UMD,0.8819444444444444,0.8812099055341015,0.8813454270597127,0.8819444444444444,0.4470400810241699,20260226_212259_run27
c22,UWaveGestureLibrary,0.8875,0.8866389680897713,0.8911786613790478,0.8875,0.6768815517425537,20260226_212300_run27
c22,UWaveGestureLibraryAll,0.870463428252373,0.8694518563400913,0.8694307834175956,0.870463428252373,2.2094714641571045,20260226_212309_run27
c22,UWaveGestureLibraryX,0.8123953098827471,0.8079123698044288,0.8051364439908426,0.8123953098827471,2.3045480251312256,20260226_212314_run27
c22,UWaveGestureLibraryY,0.7258514796203238,0.723207131103079,0.7232132663818228,0.7258514796203238,2.1914517879486084,20260226_212319_run27
c22,UWaveGestureLibraryZ,0.743997766610832,0.7380053809275068,0.7385793599629257,0.743997766610832,2.2010648250579834,20260226_212324_run27
c22,Wafer,0.9982154445165476,0.9982183805416961,0.9982246870930165,0.9982154445165476,3.3778250217437744,20260226_212330_run27
c22,Wine,0.8148148148148148,0.8148148148148148,0.8148148148148148,0.8148148148148148,0.4459657669067383,20260226_212331_run27
c22,WordSynonyms,0.5768025078369906,0.5103657980377161,0.53096200218288,0.5768025078369906,5.794846534729004,20260226_212337_run27
c22,Worms,0.7922077922077922,0.7887999493887453,0.7927963849016482,0.7922077922077922,0.4476914405822754,20260226_212338_run27
c22,WormsTwoClass,0.7922077922077922,0.7912698412698412,0.791424564215588,0.7922077922077922,0.4446389675140381,20260226_212339_run27
c22,Yoga,0.8313333333333334,0.8309438845160603,0.8315218958811532,0.8313333333333334,1.55271315574646,20260226_212343_run27
c22,MiddlePhalanxOutlineCorrect,0.8316151202749141,0.8264235808987552,0.8451183153178112,0.8316151202749141,0.6602339744567871,20260226_212343_run28
c22,MiddlePhalanxTW,0.551948051948052,0.49289847286765626,0.4704762520551994,0.551948051948052,0.4938216209411621,20260226_212344_run28
c22,MixedShapesRegularTrain,0.9418556701030928,0.9419949538851313,0.9427584078480102,0.9418556701030928,1.4773764610290527,20260226_212350_run28
c22,MixedShapesSmallTrain,0.894020618556701,0.8944123253752043,0.8953513480229415,0.894020618556701,1.1895325183868408,20260226_212355_run28
c22,MoteStrain,0.889776357827476,0.8899453904569223,0.8927295718238379,0.889776357827476,0.6946384906768799,20260226_212356_run28
c22,MotorImagery,0.45,0.44862155388471175,0.4494949494949495,0.45,3.662168025970459,20260226_212559_run28
c22,NATOPS,0.9555555555555556,0.9552223050173869,0.9585452245414294,0.9555555555555556,2.816195011138916,20260226_212604_run28
c22,NonInvasiveFetalECGThorax1,0.8910941475826972,0.8912071524900934,0.8942634663668528,0.8910941475826972,24.285617351531982,20260226_212633_run28
c22,NonInvasiveFetalECGThorax2,0.9063613231552163,0.907327613901812,0.9126727289442432,0.9063613231552163,24.325953006744385,20260226_212702_run28
c22,OSULeaf,0.8512396694214877,0.8509113849998563,0.8575903491444746,0.8512396694214877,0.4654664993286133,20260226_212703_run28
c22,OliveOil,0.7333333333333333,0.731764705882353,0.7376923076923078,0.7333333333333333,0.4482128620147705,20260226_212704_run28
c22,PEMS-SF,0.976878612716763,0.976338741355077,0.9786677676851087,0.976878612716763,24.222443103790283,20260226_213007_run28
c22,PenDigits,0.9928530588907948,0.9928444907411866,0.9928725709024686,0.9928530588907948,14.61713194847107,20260226_213024_run28
c22,PhalangesOutlinesCorrect,0.8275058275058275,0.8240818184374938,0.8278251187330821,0.8275058275058275,1.6930813789367676,20260226_213027_run28
c22,Phoneme,0.28322784810126583,0.20968349675713469,0.22416999239939436,0.28322784810126583,9.414391994476318,20260226_213040_run28
c22,PhonemeSpectra,0.2803459588428273,0.2661226711889728,0.27128649139026156,0.2803459588428273,367.19303369522095,20260226_213721_run28
c22,PigAirwayPressure,0.4567307692307692,0.4023724139108754,0.41231893106893114,0.4567307692307692,3.632725715637207,20260226_213725_run28
c22,PigArtPressure,0.8076923076923077,0.7873945498945497,0.828319597069597,0.8076923076923077,3.6106503009796143,20260226_213730_run28
c22,PigCVP,0.4326923076923077,0.39460774268466575,0.4442807192807193,0.4326923076923077,3.6174187660217285,20260226_213734_run28
c22,Plane,1.0,1.0,1.0,1.0,0.44785618782043457,20260226_213735_run28
c22,PowerCons,0.9666666666666667,0.9666625509322139,0.966897233201581,0.9666666666666667,0.5554153919219971,20260226_213736_run28
c22,ProximalPhalanxOutlineAgeGroup,0.8390243902439024,0.8439987006742963,0.85363316469078,0.8390243902439024,0.5181686878204346,20260226_213736_run28
c22,ProximalPhalanxOutlineCorrect,0.8625429553264605,0.8586535565468779,0.8610220107929858,0.8625429553264605,0.6633026599884033,20260226_213737_run28
c22,ProximalPhalanxTW,0.7707317073170732,0.7654922023188724,0.8227012592252309,0.7707317073170732,0.517052173614502,20260226_213738_run28
c22,RacketSports,0.8881578947368421,0.889807048264952,0.8936187096029548,0.8881578947368421,0.8781862258911133,20260226_213739_run28
c22,RefrigerationDevices,0.7706666666666667,0.7679007498076657,0.7714180747390313,0.7706666666666667,0.56317138671875,20260226_213741_run28
c22,Rock,0.64,0.6415384615384616,0.6766666666666665,0.64,0.44293785095214844,20260226_213741_run28
c22,ScreenType,0.6373333333333333,0.6328942367565542,0.6334914704653181,0.6373333333333333,0.5629611015319824,20260226_213743_run28
c22,SelfRegulationSCP1,0.8976109215017065,0.8975249685396242,0.8987814471053585,0.8976109215017065,1.3570353984832764,20260226_213749_run28
c22,SelfRegulationSCP2,0.5,0.4990103908955962,0.5,0.5,1.152402400970459,20260226_213756_run28
c22,SemgHandGenderCh2,0.9666666666666667,0.966869212962963,0.9678964678964678,0.9666666666666667,0.602867841720581,20260226_213759_run28
c22,SemgHandMovementCh2,0.8711111111111111,0.870864487019601,0.871515367403672,0.8711111111111111,0.6352086067199707,20260226_213803_run28
c22,SemgHandSubjectCh2,0.9444444444444444,0.9442287871112217,0.9446200304258536,0.9444444444444444,0.6376166343688965,20260226_213806_run28
c22,ShapeletSim,1.0,1.0,1.0,1.0,0.442577600479126,20260226_213807_run28
c22,ShapesAll,0.8283333333333334,0.8254927594665447,0.8378056665556666,0.8283333333333334,8.425296306610107,20260226_213816_run28
c22,SmallKitchenAppliances,0.824,0.8231866374095113,0.8237880156579345,0.824,0.5619418621063232,20260226_213818_run28
c22,SmoothSubspace,0.8866666666666667,0.8869067627050822,0.8876282051282052,0.8866666666666667,0.4517354965209961,20260226_213818_run28
c22,SonyAIBORobotSurface1,0.8851913477537438,0.8857540586429017,0.8980869741166099,0.8851913477537438,0.46039676666259766,20260226_213819_run28
c22,SonyAIBORobotSurface2,0.8961175236096537,0.8970033473168648,0.9012542402188625,0.8961175236096537,0.5792181491851807,20260226_213820_run28
c22,StandWalkJump,0.4666666666666667,0.4336996336996337,0.4666666666666667,0.4666666666666667,0.4872443675994873,20260226_213821_run28
c22,StarLightCurves,0.9779018941233608,0.97764813334519,0.9777171821753969,0.9779018941233608,4.094779014587402,20260226_213838_run28
c22,Strawberry,0.9567567567567568,0.9570818837383168,0.958875443271292,0.9567567567567568,0.6766862869262695,20260226_213839_run28
c22,SwedishLeaf,0.928,0.9280071832017457,0.9311813912164036,0.928,7.558605909347534,20260226_213847_run28
c22,Symbols,0.9517587939698492,0.9516507978664339,0.9523730895680325,0.9517587939698492,0.5965161323547363,20260226_213848_run28
c22,SyntheticControl,0.9666666666666667,0.9666553249926801,0.9672900606783594,0.9666666666666667,0.49364709854125977,20260226_213849_run28
c22,ToeSegmentation1,0.8596491228070176,0.8586534161082914,0.8643094716785612,0.8596491228070176,0.44401025772094727,20260226_213850_run28
c22,ToeSegmentation2,0.8384615384615385,0.8525443786982249,0.8961232792967514,0.8384615384615385,0.4397573471069336,20260226_213850_run28
c22,Trace,1.0,1.0,1.0,1.0,0.43892860412597656,20260226_213851_run28
c22,TwoLeadECG,0.9499561018437226,0.9499429059665004,0.9504589277810971,0.9499561018437226,0.644303560256958,20260226_213852_run28
c22,TwoPatterns,0.9085,0.9084244079807313,0.9090489838510671,0.9085,2.4749536514282227,20260226_213856_run28
c22,UMD,0.8402777777777778,0.8392963659247094,0.8391232048374906,0.8402777777777778,0.5489325523376465,20260226_213856_run28
c22,UWaveGestureLibrary,0.909375,0.9081785797057187,0.9130767845581345,0.909375,0.6715972423553467,20260226_213858_run28
c22,UWaveGestureLibraryAll,0.8701842546063652,0.870049946690004,0.8704314389120107,0.8701842546063652,2.203881025314331,20260226_213906_run28
c22,UWaveGestureLibraryX,0.8087660524846455,0.8057073046177742,0.8045537752099732,0.8087660524846455,2.199481725692749,20260226_213911_run28
c22,UWaveGestureLibraryY,0.7361809045226131,0.7340572527094226,0.737177378046035,0.7361809045226131,2.2045738697052,20260226_213916_run28
c22,UWaveGestureLibraryZ,0.7417643774427694,0.7368144149734047,0.7354264633363898,0.7417643774427694,2.203735113143921,20260226_213921_run28
c22,Wafer,0.9993510707332901,0.9993510707332901,0.9993510707332901,0.9993510707332901,3.3748977184295654,20260226_213927_run28
c22,Wine,0.8703703703703703,0.8703259005145798,0.8708791208791209,0.8703703703703703,0.4369077682495117,20260226_213928_run28
c22,WordSynonyms,0.5971786833855799,0.5541190343680729,0.5740262869365764,0.5971786833855799,5.7765843868255615,20260226_213934_run28
c22,Worms,0.7402597402597403,0.7432465605159505,0.7622044622044623,0.7402597402597403,0.44922375679016113,20260226_213935_run28
c22,WormsTwoClass,0.7662337662337663,0.7572886297376094,0.7773176903611686,0.7662337662337663,0.44626331329345703,20260226_213936_run28
c22,Yoga,0.8116666666666666,0.8116799786290978,0.8116949180296633,0.8116666666666666,1.5542080402374268,20260226_213940_run28
c22,MiddlePhalanxOutlineCorrect,0.8144329896907216,0.8123547266810687,0.8154224475987457,0.8144329896907216,0.6596910953521729,20260226_213941_run29
c22,MiddlePhalanxTW,0.6168831168831169,0.552542205456174,0.5186767457894219,0.6168831168831169,0.4926919937133789,20260226_213941_run29
c22,MixedShapesRegularTrain,0.9430927835051547,0.9431408212749581,0.9435011702596385,0.9430927835051547,1.4796910285949707,20260226_213947_run29
c22,MixedShapesSmallTrain,0.8894845360824742,0.8901302011312558,0.896637153930497,0.8894845360824742,1.190568447113037,20260226_213952_run29
c22,MoteStrain,0.8466453674121406,0.846414421072327,0.8614042545166694,0.8466453674121406,0.6955962181091309,20260226_213953_run29
c22,MotorImagery,0.57,0.5696126513862476,0.5702529104777199,0.57,3.5787875652313232,20260226_214156_run29
c22,NATOPS,0.9611111111111111,0.9613692804370771,0.965018315018315,0.9611111111111111,2.791388750076294,20260226_214201_run29
c22,NonInvasiveFetalECGThorax1,0.8895674300254452,0.8894195082499208,0.8915938428772869,0.8895674300254452,24.12244415283203,20260226_214230_run29
c22,NonInvasiveFetalECGThorax2,0.9083969465648855,0.9078615486543639,0.9090759058155862,0.9083969465648855,24.175615549087524,20260226_214259_run29
c22,OSULeaf,0.8305785123966942,0.8298117069276943,0.8395173006012555,0.8305785123966942,0.4506509304046631,20260226_214300_run29
c22,OliveOil,0.6666666666666666,0.6767965367965368,0.7070707070707071,0.6666666666666666,0.43741583824157715,20260226_214300_run29
c22,PEMS-SF,0.976878612716763,0.9768174450255375,0.9786292320396366,0.976878612716763,23.439807415008545,20260226_214601_run29
c22,PenDigits,0.9908519153802172,0.9908452130243296,0.9908671098655889,0.9908519153802172,14.687575817108154,20260226_214618_run29
c22,PhalangesOutlinesCorrect,0.8275058275058275,0.823078427885148,0.8295525894210105,0.8275058275058275,1.691279649734497,20260226_214620_run29
c22,Phoneme,0.31170886075949367,0.22522042702731715,0.2739475169724465,0.31170886075949367,9.37803030014038,20260226_214633_run29
c22,PhonemeSpectra,0.27408291082612585,0.262458035604701,0.27579157585522396,0.27408291082612585,367.99787282943726,20260226_215315_run29
c22,PigAirwayPressure,0.35096153846153844,0.3150274842909994,0.3412013734129119,0.35096153846153844,3.657465696334839,20260226_215320_run29
c22,PigArtPressure,0.8461538461538461,0.8321692196692195,0.8658882783882783,0.8461538461538461,3.6471564769744873,20260226_215324_run29
c22,PigCVP,0.4519230769230769,0.409389115158346,0.45514693639693643,0.4519230769230769,3.656196117401123,20260226_215329_run29
c22,Plane,0.9619047619047619,0.9617878502321663,0.9643239113827349,0.9619047619047619,0.4498722553253174,20260226_215329_run29
c22,PowerCons,0.95,0.9499984567424921,0.950055562415113,0.95,0.4595799446105957,20260226_215330_run29
c22,ProximalPhalanxOutlineAgeGroup,0.8731707317073171,0.8767808021796651,0.8818524970963995,0.8731707317073171,0.5163860321044922,20260226_215331_run29
c22,ProximalPhalanxOutlineCorrect,0.8865979381443299,0.8849357162759225,0.8852489657280987,0.8865979381443299,0.6624772548675537,20260226_215332_run29
c22,ProximalPhalanxTW,0.8292682926829268,0.803469205013391,0.79317698561601,0.8292682926829268,0.5188512802124023,20260226_215332_run29
c22,RacketSports,0.9078947368421053,0.9072723007768178,0.9100663467964699,0.9078947368421053,0.8842306137084961,20260226_215334_run29
c22,RefrigerationDevices,0.7013333333333334,0.6992747180690689,0.7024964603835506,0.7013333333333334,0.5654265880584717,20260226_215335_run29
c22,Rock,0.7,0.6773535175731972,0.6693015873015873,0.7,0.4466722011566162,20260226_215336_run29
c22,ScreenType,0.632,0.6295563695563695,0.6355650138327303,0.632,0.565047025680542,20260226_215337_run29
c22,SelfRegulationSCP1,0.8771331058020477,0.8770299622475488,0.8782385312903385,0.8771331058020477,1.4509093761444092,20260226_215343_run29
c22,SelfRegulationSCP2,0.4666666666666667,0.465015479876161,0.46625,0.4666666666666667,1.153085470199585,20260226_215350_run29
c22,SemgHandGenderCh2,0.975,0.974986172186078,0.9749782792251497,0.975,0.6040992736816406,20260226_215354_run29
c22,SemgHandMovementCh2,0.8577777777777778,0.8569103974913217,0.8597731306887098,0.8577777777777778,0.6392707824707031,20260226_215357_run29
c22,SemgHandSubjectCh2,0.92,0.9191331385987668,0.9204987655242325,0.92,0.6383609771728516,20260226_215401_run29
c22,ShapeletSim,1.0,1.0,1.0,1.0,0.4512600898742676,20260226_215401_run29
c22,ShapesAll,0.8116666666666666,0.805631934264433,0.8224039699407346,0.8116666666666666,8.446835994720459,20260226_215411_run29
c22,SmallKitchenAppliances,0.8133333333333334,0.8118217054263566,0.8117570543956605,0.8133333333333334,0.5653162002563477,20260226_215412_run29
c22,SmoothSubspace,0.92,0.9198713323713325,0.9222311849641043,0.92,0.45822954177856445,20260226_215413_run29
c22,SonyAIBORobotSurface1,0.9584026622296173,0.9585592179260186,0.9610661364610485,0.9584026622296173,0.46421289443969727,20260226_215414_run29
c22,SonyAIBORobotSurface2,0.8551941238195173,0.8521000859274793,0.8570439496124929,0.8551941238195173,0.5808827877044678,20260226_215414_run29
c22,StandWalkJump,0.4,0.38311688311688313,0.42063492063492064,0.4,0.4936187267303467,20260226_215415_run29
c22,StarLightCurves,0.9796017484215639,0.9793819482473162,0.9794384750052836,0.9796017484215639,4.095879554748535,20260226_215432_run29
c22,Strawberry,0.9540540540540541,0.9542371865389411,0.954791093214075,0.9540540540540541,0.677044153213501,20260226_215434_run29
c22,SwedishLeaf,0.9248,0.9234496492625994,0.9287873170482959,0.9248,7.5821075439453125,20260226_215442_run29
c22,Symbols,0.9386934673366835,0.9380661836678255,0.9412841005506375,0.9386934673366835,0.5981185436248779,20260226_215443_run29
c22,SyntheticControl,0.99,0.9899969988995697,0.9903217697335345,0.99,0.49480605125427246,20260226_215444_run29
c22,ToeSegmentation1,0.8771929824561403,0.8765049879600963,0.8807814992025518,0.8771929824561403,0.4495115280151367,20260226_215444_run29
c22,ToeSegmentation2,0.8153846153846154,0.8309262166405024,0.8714529914529915,0.8153846153846154,0.4470353126525879,20260226_215445_run29
c22,Trace,1.0,1.0,1.0,1.0,0.44645094871520996,20260226_215445_run29
c22,TwoLeadECG,0.9183494293239683,0.9181184358650432,0.9232116508255748,0.9183494293239683,0.6478064060211182,20260226_215446_run29
c22,TwoPatterns,0.89475,0.8947401390254697,0.8948959707349478,0.89475,2.480381488800049,20260226_215450_run29
c22,UMD,0.8472222222222222,0.8464648247060713,0.846530612244898,0.8472222222222222,0.4491872787475586,20260226_215451_run29
c22,UWaveGestureLibrary,0.915625,0.9157239671274298,0.9208200425305689,0.915625,0.6739597320556641,20260226_215452_run29
c22,UWaveGestureLibraryAll,0.867392518146287,0.8669343063113796,0.8685487920040711,0.867392518146287,2.199781894683838,20260226_215501_run29
c22,UWaveGestureLibraryX,0.7934115019542155,0.7934668835774205,0.7938572434620034,0.7934115019542155,2.1974806785583496,20260226_215506_run29
c22,UWaveGestureLibraryY,0.7222222222222222,0.718796768160483,0.7224864529207257,0.7222222222222222,2.2001395225524902,20260226_215511_run29
c22,UWaveGestureLibraryZ,0.7448352875488554,0.7406172160496324,0.7400949241657409,0.7448352875488554,2.2505288124084473,20260226_215516_run29
c22,Wafer,0.9995133030499675,0.9995134637526549,0.9995137607265868,0.9995133030499675,3.3810060024261475,20260226_215522_run29
c22,Wine,0.8148148148148148,0.8145604395604396,0.8165517241379311,0.8148148148148148,0.44467782974243164,20260226_215523_run29
c22,WordSynonyms,0.5862068965517241,0.5420588461051937,0.5611191169025819,0.5862068965517241,5.90764594078064,20260226_215529_run29
c22,Worms,0.7272727272727273,0.7278785664463415,0.7528756957328386,0.7272727272727273,0.4535660743713379,20260226_215530_run29
c22,WormsTwoClass,0.7402597402597403,0.7355623100303951,0.7403174603174604,0.7402597402597403,0.45300841331481934,20260226_215531_run29
c22,Yoga,0.83,0.8296740141894328,0.830063355329586,0.83,1.5556550025939941,20260226_215535_run29
c22,MiddlePhalanxOutlineCorrect,0.8109965635738832,0.8056900026960753,0.820649658602812,0.8109965635738832,0.6617336273193359,20260226_215536_run30
c22,MiddlePhalanxTW,0.5844155844155844,0.5187900229342236,0.5046253199135405,0.5844155844155844,0.49635863304138184,20260226_215536_run30
c22,MixedShapesRegularTrain,0.948041237113402,0.9481520824938817,0.9484381120005807,0.948041237113402,1.4492435455322266,20260226_215542_run30
c22,MixedShapesSmallTrain,0.8775257731958763,0.8772959846951361,0.8772847194153496,0.8775257731958763,1.1940302848815918,20260226_215547_run30
c22,MoteStrain,0.8442492012779552,0.8444844706310233,0.8479780248702933,0.8442492012779552,0.6974868774414062,20260226_215548_run30
c22,MotorImagery,0.44,0.43977591036414565,0.43990384615384615,0.44,3.576415538787842,20260226_215751_run30
c22,NATOPS,0.9444444444444444,0.9441319906870682,0.9445084485407067,0.9444444444444444,2.906339645385742,20260226_215755_run30
c22,NonInvasiveFetalECGThorax1,0.8921119592875318,0.891506110924663,0.8936847885346947,0.8921119592875318,24.211780786514282,20260226_215825_run30
c22,NonInvasiveFetalECGThorax2,0.9124681933842239,0.9124755001925126,0.9145365789554447,0.9124681933842239,24.295386791229248,20260226_215854_run30
c22,OSULeaf,0.8140495867768595,0.8111177523982878,0.8259732003533656,0.8140495867768595,0.46440768241882324,20260226_215855_run30
c22,OliveOil,0.8,0.8036363636363636,0.8181818181818182,0.8,0.4510793685913086,20260226_215855_run30
c22,PEMS-SF,0.9884393063583815,0.9884278827480636,0.989402697495183,0.9884393063583815,24.27542209625244,20260226_220157_run30
c22,PenDigits,0.9914236706689536,0.9914236397850588,0.9914393535446236,0.9914236706689536,14.566335439682007,20260226_220214_run30
c22,PhalangesOutlinesCorrect,0.8263403263403264,0.822973130973516,0.8264883110278397,0.8263403263403264,1.6829159259796143,20260226_220217_run30
c22,Phoneme,0.3111814345991561,0.25278952681957795,0.24749959245486589,0.3111814345991561,9.34574842453003,20260226_220230_run30
c22,PhonemeSpectra,0.27080226662690127,0.2581173263840886,0.2648471723742239,0.27080226662690127,367.2242913246155,20260226_220910_run30
c22,PigAirwayPressure,0.4855769230769231,0.4390212351750814,0.48293650793650794,0.4855769230769231,3.6254889965057373,20260226_220915_run30
c22,PigArtPressure,0.8317307692307693,0.8155927405927405,0.8500000000000001,0.8317307692307693,3.59014892578125,20260226_220919_run30
c22,PigCVP,0.34134615384615385,0.32872568607862723,0.3901089295320065,0.34134615384615385,3.5872931480407715,20260226_220924_run30
c22,Plane,0.9714285714285714,0.9713857035687493,0.975036075036075,0.9714285714285714,0.4410288333892822,20260226_220924_run30
c22,PowerCons,0.9555555555555556,0.9555555555555556,0.9555555555555556,0.9555555555555556,0.44780993461608887,20260226_220925_run30
c22,ProximalPhalanxOutlineAgeGroup,0.8536585365853658,0.856105421180614,0.8606006327736578,0.8536585365853658,0.515207052230835,20260226_220926_run30
c22,ProximalPhalanxOutlineCorrect,0.8556701030927835,0.8543093334006168,0.8537684710340271,0.8556701030927835,0.6594090461730957,20260226_220927_run30
c22,ProximalPhalanxTW,0.7658536585365854,0.7514071921777081,0.7669268292682927,0.7658536585365854,0.5146150588989258,20260226_220927_run30
c22,RacketSports,0.881578947368421,0.8808274954839753,0.8821948378584533,0.881578947368421,0.8781871795654297,20260226_220929_run30
c22,RefrigerationDevices,0.7093333333333334,0.7048878699291091,0.7144702196447023,0.7093333333333334,0.6700239181518555,20260226_220930_run30
c22,Rock,0.74,0.7429019607843137,0.7896052631578948,0.74,0.4381232261657715,20260226_220931_run30
c22,ScreenType,0.6186666666666667,0.6149959174870206,0.6205625555683996,0.6186666666666667,0.5627727508544922,20260226_220932_run30
c22,SelfRegulationSCP1,0.856655290102389,0.8565349559554737,0.8576956154753187,0.856655290102389,1.3372809886932373,20260226_220938_run30
c22,SelfRegulationSCP2,0.4666666666666667,0.46640316205533594,0.4666006927263731,0.4666666666666667,1.1471145153045654,20260226_220945_run30
c22,SemgHandGenderCh2,0.9683333333333334,0.9682434195380248,0.9683019450447669,0.9683333333333334,0.6012613773345947,20260226_220949_run30
c22,SemgHandMovementCh2,0.8755555555555555,0.875562606902691,0.877152738502383,0.8755555555555555,0.6352589130401611,20260226_220952_run30
c22,SemgHandSubjectCh2,0.9355555555555556,0.9353532954052394,0.9359944710852505,0.9355555555555556,0.6348185539245605,20260226_220955_run30
c22,ShapeletSim,1.0,1.0,1.0,1.0,0.4402339458465576,20260226_220956_run30
c22,ShapesAll,0.835,0.8334684372327392,0.84634805009805,0.835,8.422001123428345,20260226_221005_run30
c22,SmallKitchenAppliances,0.8453333333333334,0.8455929797393212,0.8460770916032191,0.8453333333333334,0.5629940032958984,20260226_221007_run30
c22,SmoothSubspace,0.8466666666666667,0.8432965549819482,0.854249684741488,0.8466666666666667,0.4492514133453369,20260226_221008_run30
c22,SonyAIBORobotSurface1,0.8752079866888519,0.8757389649800086,0.8931914471127377,0.8752079866888519,0.4579203128814697,20260226_221008_run30
c22,SonyAIBORobotSurface2,0.9286463798530955,0.9290387143582136,0.9306420525285704,0.9286463798530955,0.5835661888122559,20260226_221009_run30
c22,StandWalkJump,0.3333333333333333,0.31111111111111106,0.29523809523809524,0.3333333333333333,0.48807644844055176,20260226_221010_run30
c22,StarLightCurves,0.9781447304516756,0.977814026166086,0.9780096950159148,0.9781447304516756,4.08750581741333,20260226_221027_run30
c22,Strawberry,0.9621621621621622,0.9622245830107256,0.9623474473714798,0.9621621621621622,0.6749165058135986,20260226_221028_run30
c22,SwedishLeaf,0.9376,0.9372062028376913,0.9393591995847844,0.9376,7.570104598999023,20260226_221036_run30
c22,Symbols,0.9708542713567839,0.9707862943754402,0.9720560423151906,0.9708542713567839,0.5962409973144531,20260226_221038_run30
c22,SyntheticControl,0.98,0.9799979997999799,0.980125383486728,0.98,0.49482297897338867,20260226_221038_run30
c22,ToeSegmentation1,0.8421052631578947,0.8419099093232617,0.8422358626093771,0.8421052631578947,0.44489145278930664,20260226_221039_run30
c22,ToeSegmentation2,0.8538461538461538,0.8665877712031558,0.9097877184476253,0.8538461538461538,0.4464752674102783,20260226_221040_run30
c22,Trace,1.0,1.0,1.0,1.0,0.44120264053344727,20260226_221040_run30
c22,TwoLeadECG,0.8305531167690957,0.8300080460859273,0.8349323338789263,0.8305531167690957,0.6628937721252441,20260226_221041_run30
c22,TwoPatterns,0.895,0.8949316119733955,0.8953674960974303,0.895,2.474128246307373,20260226_221045_run30
c22,UMD,0.8541666666666666,0.8495377601906812,0.8714963991461686,0.8541666666666666,0.44009852409362793,20260226_221046_run30
c22,UWaveGestureLibrary,0.91875,0.9182973137994122,0.9200652030672257,0.91875,0.671943187713623,20260226_221047_run30
c22,UWaveGestureLibraryAll,0.8676716917922948,0.866689246307818,0.8664915040128979,0.8676716917922948,2.209174633026123,20260226_221056_run30
c22,UWaveGestureLibraryX,0.7928531546621999,0.790226851797679,0.790348976551207,0.7928531546621999,2.2038142681121826,20260226_221101_run30
c22,UWaveGestureLibraryY,0.7261306532663316,0.7226528650427222,0.7230876490246271,0.7261306532663316,2.214031219482422,20260226_221106_run30
c22,UWaveGestureLibraryZ,0.7509771077610273,0.747672736973445,0.7475742519310332,0.7509771077610273,2.314030408859253,20260226_221111_run30
c22,Wafer,0.9991888384166125,0.9991874922276995,0.9991895753003185,0.9991888384166125,3.379793405532837,20260226_221117_run30
c22,Wine,0.8888888888888888,0.8887362637362637,0.8910344827586206,0.8888888888888888,0.43682265281677246,20260226_221117_run30
c22,WordSynonyms,0.6050156739811913,0.5705226543293795,0.5963225315729757,0.6050156739811913,5.780886650085449,20260226_221124_run30
c22,Worms,0.6883116883116883,0.6813552791813662,0.6824037713438634,0.6883116883116883,0.4454340934753418,20260226_221124_run30
c22,WormsTwoClass,0.7532467532467533,0.7476997578692494,0.755440637793579,0.7532467532467533,0.44564318656921387,20260226_221125_run30
c22,Yoga,0.8176666666666667,0.8165118059968042,0.8197062927663734,0.8176666666666667,1.5585474967956543,20260226_221129_run30