model,dataset,accuracy,f1,precision,recall,time,run
multirocket_fm,MiddlePhalanxOutlineCorrect,0.872852233676976,0.8730263731265094,0.8733878576096811,0.872852233676976,47.99350094795227,20260226_175104_run1
multirocket_fm,MiddlePhalanxTW,0.5844155844155844,0.5681509813227617,0.6068278504229705,0.5844155844155844,47.248183488845825,20260226_175151_run1
multirocket_fm,MixedShapesRegularTrain,0.9835051546391752,0.9834861957679122,0.9836441311270061,0.9835051546391752,52.93408560752869,20260226_175244_run1
multirocket_fm,MixedShapesSmallTrain,0.965360824742268,0.9652670839062448,0.9653337471101373,0.965360824742268,47.533894538879395,20260226_175332_run1
multirocket_fm,MoteStrain,0.9456869009584664,0.9453982439285955,0.9487186622783053,0.9456869009584664,39.94863843917847,20260226_175412_run1
multirocket_fm,MotorImagery,0.52,0.42857142857142855,0.5555555555555556,0.52,35.65020942687988,20260226_175448_run1
multirocket_fm,NATOPS,0.9111111111111111,0.911012235817575,0.9114583333333334,0.9111111111111111,46.17717719078064,20260226_175534_run1
multirocket_fm,NonInvasiveFetalECGThorax1,0.9689567430025445,0.9690068469110517,0.9698323770985159,0.9689567430025445,678.6209034919739,20260226_180653_run1
multirocket_fm,NonInvasiveFetalECGThorax2,0.9699745547073791,0.969897310687461,0.970318992830635,0.9699745547073791,665.4895656108856,20260226_181758_run1
multirocket_fm,OSULeaf,0.987603305785124,0.9875970264798304,0.9876770956316411,0.987603305785124,37.74213671684265,20260226_181836_run1
multirocket_fm,OliveOil,0.9333333333333333,0.9335610766045549,0.9454545454545454,0.9333333333333333,35.25464868545532,20260226_181911_run1
multirocket_fm,PEMS-SF,0.8959537572254336,0.8928364669522698,0.8976010046134779,0.8959537572254336,38.734630823135376,20260226_181950_run1
multirocket_fm,PhalangesOutlinesCorrect,0.865967365967366,0.8633685239057339,0.8680655364593188,0.865967365967366,53.418930530548096,20260226_182043_run1
multirocket_fm,Phoneme,0.31170886075949367,0.287451223017429,0.3536227063265587,0.31170886075949367,342.07442140579224,20260226_182625_run1
multirocket_fm,PhonemeSpectra,0.2517148821950492,0.25815974606150804,0.36690160179757275,0.2517148821950492,1131.4650995731354,20260226_184517_run1
multirocket_fm,PigAirwayPressure,0.4375,0.43370158343812787,0.5334123392946922,0.4375,295.37812399864197,20260226_185013_run1
multirocket_fm,PowerCons,0.9944444444444445,0.9944442729713879,0.9945054945054945,0.9944444444444445,36.15269374847412,20260226_185130_run1
multirocket_fm,ProximalPhalanxOutlineAgeGroup,0.8439024390243902,0.8478692311127316,0.8536585365853658,0.8439024390243902,54.54585528373718,20260226_185226_run1
multirocket_fm,ProximalPhalanxOutlineCorrect,0.9175257731958762,0.9151921339281268,0.919746621408472,0.9175257731958762,51.1077024936676,20260226_185318_run1
multirocket_fm,ProximalPhalanxTW,0.775609756097561,0.7551590924618184,0.7555841110324725,0.775609756097561,54.14755702018738,20260226_185413_run1
multirocket_fm,RacketSports,0.8947368421052632,0.893803010877902,0.893359199280252,0.8947368421052632,48.54207968711853,20260226_185503_run1
multirocket_fm,RefrigerationDevices,0.5413333333333333,0.5322207622276328,0.5594548689152287,0.5413333333333333,38.48742413520813,20260226_185542_run1
multirocket_fm,Rock,0.76,0.7786813186813187,0.858,0.76,35.411611795425415,20260226_185618_run1
multirocket_fm,ScreenType,0.568,0.5694933764414801,0.5742035742035742,0.568,37.95399808883667,20260226_185657_run1
multirocket_fm,SelfRegulationSCP1,0.9180887372013652,0.9177957866822396,0.9245265303672958,0.9180887372013652,37.97255873680115,20260226_185736_run1
multirocket_fm,SelfRegulationSCP2,0.5666666666666667,0.5653250773993808,0.5675,0.5666666666666667,36.73461842536926,20260226_185813_run1
multirocket_fm,PigArtPressure,0.9086538461538461,0.8993645243645242,0.9199633699633699,0.9086538461538461,325.13760924339294,20260226_190339_run1
multirocket_fm,PigCVP,0.5048076923076923,0.5077815347046116,0.6252645875629746,0.5048076923076923,283.28394293785095,20260226_190823_run1
multirocket_fm,SemgHandGenderCh2,0.9716666666666667,0.9717124419252078,0.9718109691742185,0.9716666666666667,38.484301805496216,20260226_190942_run1
multirocket_fm,SemgHandMovementCh2,0.92,0.9203276385015335,0.9240937361331788,0.92,40.43500566482544,20260226_191024_run1
multirocket_fm,SemgHandSubjectCh2,0.9622222222222222,0.9620746497210586,0.9623381080414329,0.9622222222222222,40.453938484191895,20260226_191106_run1
multirocket_fm,ShapeletSim,1.0,1.0,1.0,1.0,35.744033336639404,20260226_191142_run1
multirocket_fm,ShapesAll,0.8983333333333333,0.8995041289867309,0.9158213545713547,0.8983333333333333,341.4673991203308,20260226_191726_run1
multirocket_fm,SmallKitchenAppliances,0.8293333333333334,0.8296809020068783,0.830355379215835,0.8293333333333334,39.09477353096008,20260226_191806_run1
multirocket_fm,SmoothSubspace,0.98,0.9799979997999799,0.980125383486728,0.98,74.34507703781128,20260226_191921_run1
multirocket_fm,SonyAIBORobotSurface1,0.9217970049916805,0.9221896906220508,0.9311583361860926,0.9217970049916805,36.80104923248291,20260226_191959_run1
multirocket_fm,SonyAIBORobotSurface2,0.9422875131164743,0.9425456430565506,0.9435778328280378,0.9422875131164743,38.3538818359375,20260226_192037_run1
multirocket_fm,StandWalkJump,0.7333333333333333,0.7333333333333333,0.7333333333333333,0.7333333333333333,34.86203145980835,20260226_192112_run1
multirocket_fm,StarLightCurves,0.9832442933462846,0.9831150370447037,0.983132305240891,0.9832442933462846,87.49483942985535,20260226_192240_run1
multirocket_fm,Strawberry,0.972972972972973,0.9730175592933755,0.9731233890100575,0.972972972972973,47.278534173965454,20260226_192327_run1
multirocket_fm,SwedishLeaf,0.9712,0.9709500906809304,0.9713197226837649,0.9712,334.4483904838562,20260226_192902_run1
multirocket_fm,Symbols,0.978894472361809,0.9789429833968656,0.9793311789094389,0.978894472361809,38.30192756652832,20260226_192940_run1
multirocket_fm,SyntheticControl,0.9966666666666667,0.9966663332999967,0.9967320261437908,0.9966666666666667,47.73042273521423,20260226_193028_run1
multirocket_fm,ToeSegmentation1,0.956140350877193,0.9561572264636197,0.9598572702943801,0.956140350877193,35.819176197052,20260226_193104_run1
multirocket_fm,ToeSegmentation2,0.9230769230769231,0.9262301883661107,0.9344615384615383,0.9230769230769231,35.659318923950195,20260226_193139_run1
multirocket_fm,Trace,1.0,1.0,1.0,1.0,36.22528862953186,20260226_193216_run1
multirocket_fm,TwoLeadECG,0.9991220368744512,0.9991220368744512,0.9991235771606364,0.9991220368744512,38.62374925613403,20260226_193254_run1
multirocket_fm,TwoPatterns,1.0,1.0,1.0,1.0,67.1407253742218,20260226_193402_run1
multirocket_fm,UMD,0.9861111111111112,0.9861103575088924,0.9862528344671202,0.9861111111111112,35.84248733520508,20260226_193437_run1
multirocket_fm,UWaveGestureLibrary,0.934375,0.934101939485976,0.9374431610667401,0.934375,38.91474008560181,20260226_193516_run1
multirocket_fm,UWaveGestureLibraryAll,0.9846454494695701,0.9846541492960569,0.9847586741959945,0.9846454494695701,57.601386308670044,20260226_193614_run1
multirocket_fm,UWaveGestureLibraryX,0.8768844221105527,0.8762912841578671,0.8765631456437334,0.8768844221105527,57.58042240142822,20260226_193712_run1
multirocket_fm,UWaveGestureLibraryY,0.8255164712451145,0.8234632251826796,0.8245108333806119,0.8255164712451145,57.095842123031616,20260226_193809_run1
multirocket_fm,UWaveGestureLibraryZ,0.8405918481295366,0.8392456631931539,0.838577533756283,0.8405918481295366,57.64612078666687,20260226_193907_run1
multirocket_fm,Wafer,0.9995133030499675,0.9995128192644323,0.9995135684245313,0.9995133030499675,77.48143696784973,20260226_194025_run1
multirocket_fm,Wine,0.7777777777777778,0.7727910238429172,0.8045112781954886,0.7777777777777778,36.0272741317749,20260226_194101_run1
multirocket_fm,WordSynonyms,0.7601880877742947,0.7446019742918574,0.7577448878857208,0.7601880877742947,303.1116945743561,20260226_194604_run1
multirocket_fm,Worms,0.8311688311688312,0.8165852677130873,0.8305522874338205,0.8311688311688312,36.6021945476532,20260226_194641_run1
multirocket_fm,WormsTwoClass,0.8181818181818182,0.8181818181818182,0.8181818181818182,0.8181818181818182,36.469165563583374,20260226_194717_run1
multirocket_fm,Yoga,0.9303333333333333,0.9302867869880977,0.9303703309540191,0.9303333333333333,49.2552216053009,20260226_194806_run1
multirocket_fm,MiddlePhalanxOutlineCorrect,0.8384879725085911,0.8351702651278152,0.8452303844839064,0.8384879725085911,47.73713564872742,20260226_194856_run2
multirocket_fm,MiddlePhalanxTW,0.6233766233766234,0.5912978797463816,0.5887744608332844,0.6233766233766234,48.23830032348633,20260226_194945_run2
multirocket_fm,MixedShapesRegularTrain,0.9892783505154639,0.9892662352678165,0.9892845984917833,0.9892783505154639,47.13051128387451,20260226_195038_run2
multirocket_fm,MixedShapesSmallTrain,0.9670103092783505,0.9666340954986443,0.9673588100313405,0.9670103092783505,43.61056661605835,20260226_195126_run2
multirocket_fm,MoteStrain,0.8634185303514377,0.8624794377414791,0.8663229626516492,0.8634185303514377,39.22701096534729,20260226_195207_run2
multirocket_fm,MotorImagery,0.52,0.5198079231692677,0.5200320512820513,0.52,35.54897475242615,20260226_195243_run2
multirocket_fm,NATOPS,0.8888888888888888,0.890408625234391,0.89309108886417,0.8888888888888888,45.90732955932617,20260226_195329_run2
multirocket_fm,NonInvasiveFetalECGThorax1,0.9694656488549618,0.9692125561746944,0.9700015603865857,0.9694656488549618,547.8624315261841,20260226_200240_run2
multirocket_fm,NonInvasiveFetalECGThorax2,0.9709923664122138,0.9707006743183975,0.9725336813803586,0.9709923664122138,538.4411942958832,20260226_201141_run2
multirocket_fm,OSULeaf,0.9586776859504132,0.9588222134957987,0.960508252887932,0.9586776859504132,38.66594839096069,20260226_201220_run2
multirocket_fm,OliveOil,0.9,0.8987032799389779,0.9003030303030303,0.9,35.86205434799194,20260226_201256_run2
multirocket_fm,PEMS-SF,0.9132947976878613,0.9119584009171331,0.9249617965583681,0.9132947976878613,39.232725381851196,20260226_201335_run2
multirocket_fm,PhalangesOutlinesCorrect,0.8589743589743589,0.8563682152899755,0.8604301553782547,0.8589743589743589,54.472524642944336,20260226_201430_run2
multirocket_fm,Phoneme,0.35654008438818563,0.3108722129990861,0.34296185264407086,0.35654008438818563,346.29135966300964,20260226_202018_run2
multirocket_fm,PhonemeSpectra,0.31553832388905456,0.3016941141996089,0.3366081431937855,0.31553832388905456,1134.3884592056274,20260226_203919_run2
multirocket_fm,PigAirwayPressure,0.4230769230769231,0.41704877603215196,0.5037761285610476,0.4230769230769231,300.2590537071228,20260226_204419_run2
multirocket_fm,PowerCons,0.9833333333333333,0.9833328189141639,0.983393011482899,0.9833333333333333,36.80145049095154,20260226_204536_run2
multirocket_fm,ProximalPhalanxOutlineAgeGroup,0.8780487804878049,0.8828553189975832,0.8956001912960306,0.8780487804878049,54.96409249305725,20260226_204631_run2
multirocket_fm,ProximalPhalanxOutlineCorrect,0.8934707903780069,0.8887715038999413,0.8985015943778829,0.8934707903780069,51.569191217422485,20260226_204723_run2
multirocket_fm,ProximalPhalanxTW,0.7951219512195122,0.7752679846545201,0.7888244438488342,0.7951219512195122,53.816861629486084,20260226_204817_run2
multirocket_fm,RacketSports,0.8881578947368421,0.8884127234121211,0.891310307017544,0.8881578947368421,49.258259534835815,20260226_204906_run2
multirocket_fm,RefrigerationDevices,0.7786666666666666,0.7800455930662845,0.7830315473540131,0.7786666666666666,39.24371004104614,20260226_204945_run2
multirocket_fm,Rock,0.88,0.8777327935222672,0.8801904761904763,0.88,36.19555950164795,20260226_205021_run2
multirocket_fm,ScreenType,0.7333333333333333,0.729497070931749,0.7339516604968078,0.7333333333333333,38.45689797401428,20260226_205100_run2
multirocket_fm,SelfRegulationSCP1,0.8703071672354948,0.870298102032832,0.8703701582793137,0.8703071672354948,38.611881256103516,20260226_205139_run2
multirocket_fm,SelfRegulationSCP2,0.5333333333333333,0.5324096981692232,0.533598805375809,0.5333333333333333,37.69097352027893,20260226_205216_run2
multirocket_fm,PigArtPressure,0.8990384615384616,0.8961652663575741,0.918574481074481,0.8990384615384616,327.9141159057617,20260226_205744_run2
multirocket_fm,PigCVP,0.6009615384615384,0.5847249156072686,0.6822590870667794,0.6009615384615384,284.6066942214966,20260226_210229_run2
multirocket_fm,SemgHandGenderCh2,0.965,0.9650565459076097,0.9651654110710776,0.965,40.4156539440155,20260226_210350_run2
multirocket_fm,SemgHandMovementCh2,0.92,0.9190110828755216,0.9239068114667902,0.92,40.93085241317749,20260226_210431_run2
multirocket_fm,SemgHandSubjectCh2,0.9844444444444445,0.9844429260535636,0.9846137920050964,0.9844444444444445,40.87781023979187,20260226_210512_run2
multirocket_fm,ShapeletSim,1.0,1.0,1.0,1.0,36.208203077316284,20260226_210548_run2
multirocket_fm,ShapesAll,0.905,0.9056356259010583,0.920147452450084,0.905,344.0809750556946,20260226_211133_run2
multirocket_fm,SmallKitchenAppliances,0.8586666666666667,0.858569043771367,0.858489503328213,0.8586666666666667,38.833172082901,20260226_211212_run2
multirocket_fm,SmoothSubspace,0.9666666666666667,0.9663352974973611,0.9687726942628903,0.9666666666666667,74.10197901725769,20260226_211326_run2
multirocket_fm,SonyAIBORobotSurface1,0.961730449251248,0.961883160347904,0.964862832408619,0.961730449251248,37.155508279800415,20260226_211403_run2
multirocket_fm,SonyAIBORobotSurface2,0.9401888772298006,0.9392333045194632,0.9438160229930389,0.9401888772298006,38.15453863143921,20260226_211441_run2
multirocket_fm,StandWalkJump,0.7333333333333333,0.7407407407407407,0.7738095238095238,0.7333333333333333,35.85319638252258,20260226_211517_run2
multirocket_fm,StarLightCurves,0.9834871296745993,0.9832469171492578,0.9834967507828384,0.9834871296745993,88.04555082321167,20260226_211647_run2
multirocket_fm,Strawberry,0.981081081081081,0.9810968625030194,0.9811281539462753,0.981081081081081,47.62704658508301,20260226_211734_run2
multirocket_fm,SwedishLeaf,0.9792,0.9792185245596305,0.9793868359585205,0.9792,334.9677424430847,20260226_212310_run2
multirocket_fm,Symbols,0.9678391959798995,0.9679547308918274,0.9717479488921186,0.9678391959798995,38.628053426742554,20260226_212348_run2
multirocket_fm,SyntheticControl,0.9866666666666667,0.9866573251927,0.9872980638796398,0.9866666666666667,47.64305138587952,20260226_212436_run2
multirocket_fm,ToeSegmentation1,0.9166666666666666,0.9160081943225051,0.923536439665472,0.9166666666666666,36.718860387802124,20260226_212513_run2
multirocket_fm,ToeSegmentation2,0.9615384615384616,0.9623936435081946,0.9647332171604016,0.9615384615384616,36.35253143310547,20260226_212549_run2
multirocket_fm,Trace,1.0,1.0,1.0,1.0,36.64466094970703,20260226_212626_run2
multirocket_fm,TwoLeadECG,0.9657594381035997,0.9657242470938227,0.9677354816740208,0.9657594381035997,39.12232685089111,20260226_212705_run2
multirocket_fm,TwoPatterns,1.0,1.0,1.0,1.0,67.66120409965515,20260226_212814_run2
multirocket_fm,UMD,0.9930555555555556,0.993054801953337,0.9931972789115646,0.9930555555555556,36.59474778175354,20260226_212850_run2
multirocket_fm,UWaveGestureLibrary,0.95,0.9498903168181665,0.9506410540045082,0.95,39.59750294685364,20260226_212930_run2
multirocket_fm,UWaveGestureLibraryAll,0.9821328866554997,0.9820956229048996,0.982208948111227,0.9821328866554997,57.607728481292725,20260226_213029_run2
multirocket_fm,UWaveGestureLibraryX,0.8819095477386935,0.8818325580858738,0.8824022353333658,0.8819095477386935,56.937915086746216,20260226_213127_run2
multirocket_fm,UWaveGestureLibraryY,0.8238414293690676,0.8226955803843858,0.8232735255302187,0.8238414293690676,56.81454563140869,20260226_213224_run2
multirocket_fm,UWaveGestureLibraryZ,0.8417085427135679,0.8402562128655733,0.8412905391626886,0.8417085427135679,57.385762214660645,20260226_213323_run2
multirocket_fm,Wafer,1.0,1.0,1.0,1.0,77.50694108009338,20260226_213441_run2
multirocket_fm,Wine,1.0,1.0,1.0,1.0,36.51772975921631,20260226_213518_run2
multirocket_fm,WordSynonyms,0.725705329153605,0.7008279477144996,0.7364854672754511,0.725705329153605,306.88037180900574,20260226_214025_run2
multirocket_fm,Worms,0.7272727272727273,0.7286213202864503,0.7429962894248608,0.7272727272727273,36.70858430862427,20260226_214102_run2
multirocket_fm,WormsTwoClass,0.8311688311688312,0.8299319727891157,0.8313069908814589,0.8311688311688312,36.55271339416504,20260226_214138_run2
multirocket_fm,Yoga,0.9223333333333333,0.9223238332630141,0.9223194812918482,0.9223333333333333,48.70721888542175,20260226_214227_run2
multirocket_fm,MiddlePhalanxOutlineCorrect,0.8487972508591065,0.8465187509338115,0.8527668244994484,0.8487972508591065,47.9832820892334,20260226_214316_run3
multirocket_fm,MiddlePhalanxTW,0.5714285714285714,0.5350440218834756,0.5716909587025572,0.5714285714285714,47.584588050842285,20260226_214403_run3
multirocket_fm,MixedShapesRegularTrain,0.9868041237113402,0.9867736089602424,0.986863140248444,0.9868041237113402,46.54773259162903,20260226_214450_run3
multirocket_fm,MixedShapesSmallTrain,0.962061855670103,0.9620302159393722,0.9622619725689763,0.962061855670103,43.68370294570923,20260226_214534_run3
multirocket_fm,MoteStrain,0.9121405750798722,0.912214125383012,0.9201353456228178,0.9121405750798722,39.3763165473938,20260226_214614_run3
multirocket_fm,MotorImagery,0.51,0.5095586027424682,0.5100361300682457,0.51,35.62482523918152,20260226_214650_run3
multirocket_fm,NATOPS,0.8888888888888888,0.8883928571428571,0.889894419306184,0.8888888888888888,45.5781786441803,20260226_214735_run3
multirocket_fm,NonInvasiveFetalECGThorax1,0.9643765903307888,0.9640174931879701,0.9654980956565511,0.9643765903307888,543.3023769855499,20260226_215642_run3
multirocket_fm,NonInvasiveFetalECGThorax2,0.9694656488549618,0.9694417621701013,0.9715933536583691,0.9694656488549618,537.9172778129578,20260226_220542_run3
multirocket_fm,OSULeaf,0.9669421487603306,0.9669434101252283,0.9675691231585098,0.9669421487603306,38.26773548126221,20260226_220621_run3
multirocket_fm,OliveOil,0.8666666666666667,0.8605244996549344,0.8886363636363636,0.8666666666666667,36.018659830093384,20260226_220657_run3
multirocket_fm,PEMS-SF,0.953757225433526,0.9542040394432997,0.9571378650699928,0.953757225433526,39.28107213973999,20260226_220736_run3
multirocket_fm,PhalangesOutlinesCorrect,0.8787878787878788,0.8763818183614821,0.8817005329905355,0.8787878787878788,55.87860584259033,20260226_220832_run3
multirocket_fm,Phoneme,0.36075949367088606,0.3065919129437829,0.30338199472865524,0.36075949367088606,346.6998724937439,20260226_221421_run3
multirocket_fm,PhonemeSpectra,0.3089770354906054,0.2960566103089967,0.35562901422816123,0.3089770354906054,1134.3300206661224,20260226_223321_run3
multirocket_fm,PigAirwayPressure,0.40384615384615385,0.4061709124209125,0.4947732822732823,0.40384615384615385,300.2441825866699,20260226_223822_run3
multirocket_fm,PowerCons,0.9722222222222222,0.97222136485694,0.9722805284603038,0.9722222222222222,36.6584358215332,20260226_223938_run3
multirocket_fm,ProximalPhalanxOutlineAgeGroup,0.8585365853658536,0.8576013156502621,0.8573303167420815,0.8585365853658536,55.238012075424194,20260226_224034_run3
multirocket_fm,ProximalPhalanxOutlineCorrect,0.9312714776632303,0.9301387814279641,0.9316424304182863,0.9312714776632303,51.12805438041687,20260226_224125_run3
multirocket_fm,ProximalPhalanxTW,0.8097560975609757,0.7908194439310139,0.7886109537913041,0.8097560975609757,54.77400779724121,20260226_224220_run3
multirocket_fm,RacketSports,0.875,0.8740367286979995,0.8747854691075514,0.875,48.702330112457275,20260226_224308_run3
multirocket_fm,RefrigerationDevices,0.824,0.8212649208252529,0.8247893611670021,0.824,39.155229568481445,20260226_224348_run3
multirocket_fm,Rock,0.88,0.8794395604395604,0.8911904761904762,0.88,35.93660640716553,20260226_224424_run3
multirocket_fm,ScreenType,0.7306666666666667,0.7291187719723081,0.7336671705719324,0.7306666666666667,38.722047567367554,20260226_224502_run3
multirocket_fm,SelfRegulationSCP1,0.89419795221843,0.8940869050423657,0.8956696874287369,0.89419795221843,39.18868708610535,20260226_224542_run3
multirocket_fm,SelfRegulationSCP2,0.5,0.4999382639832078,0.5,0.5,37.58017945289612,20260226_224619_run3
multirocket_fm,PigArtPressure,0.9471153846153846,0.9418192918192917,0.9589743589743589,0.9471153846153846,333.26454162597656,20260226_225153_run3
multirocket_fm,PigCVP,0.6442307692307693,0.634774655169392,0.7286505161505161,0.6442307692307693,286.75143599510193,20260226_225640_run3
multirocket_fm,SemgHandGenderCh2,0.9766666666666667,0.9766919674947306,0.9767409064384361,0.9766666666666667,40.38752365112305,20260226_225800_run3
multirocket_fm,SemgHandMovementCh2,0.9422222222222222,0.9413869188337275,0.9421212121212121,0.9422222222222222,41.15170669555664,20260226_225841_run3
multirocket_fm,SemgHandSubjectCh2,0.9777777777777777,0.9777388279683242,0.9778912913834987,0.9777777777777777,40.86767315864563,20260226_225922_run3
multirocket_fm,ShapeletSim,1.0,1.0,1.0,1.0,36.072967529296875,20260226_225958_run3
multirocket_fm,ShapesAll,0.9183333333333333,0.9184883222872857,0.93118783993784,0.9183333333333333,343.93456506729126,20260226_230543_run3
multirocket_fm,SmallKitchenAppliances,0.848,0.8473504628188724,0.8474011641634757,0.848,39.535531520843506,20260226_230623_run3
multirocket_fm,SmoothSubspace,0.98,0.9799819837854068,0.9811320754716981,0.98,75.69094634056091,20260226_230739_run3
multirocket_fm,SonyAIBORobotSurface1,0.9683860232945092,0.9684346304613899,0.9687494113584277,0.9683860232945092,37.22359585762024,20260226_230816_run3
multirocket_fm,SonyAIBORobotSurface2,0.9013641133263379,0.9024119627585581,0.909733732456326,0.9013641133263379,38.51595401763916,20260226_230855_run3
multirocket_fm,StandWalkJump,0.6,0.5945165945165944,0.6904761904761905,0.6,35.56024432182312,20260226_230930_run3
multirocket_fm,StarLightCurves,0.9822729480330258,0.9819838667382876,0.9823214381417704,0.9822729480330258,88.06843495368958,20260226_231100_run3
multirocket_fm,Strawberry,0.9837837837837838,0.9838105355760254,0.9838993306486351,0.9837837837837838,48.09631276130676,20260226_231148_run3
multirocket_fm,SwedishLeaf,0.9728,0.9726105094570993,0.9727263626512217,0.9728,336.69002389907837,20260226_231725_run3
multirocket_fm,Symbols,0.9839195979899498,0.9839438057913666,0.9840287740937487,0.9839195979899498,39.18065786361694,20260226_231804_run3
multirocket_fm,SyntheticControl,1.0,1.0,1.0,1.0,47.834532499313354,20260226_231852_run3
multirocket_fm,ToeSegmentation1,0.9166666666666666,0.9166457589501109,0.9166602301691511,0.9166666666666666,36.6926794052124,20260226_231929_run3
multirocket_fm,ToeSegmentation2,0.9461538461538461,0.9480434432034104,0.9537305985240434,0.9461538461538461,36.2180016040802,20260226_232005_run3
multirocket_fm,Trace,1.0,1.0,1.0,1.0,36.373693227767944,20260226_232041_run3
multirocket_fm,TwoLeadECG,0.9973661106233538,0.9973661106233538,0.9973676482025334,0.9973661106233538,39.168538093566895,20260226_232121_run3
multirocket_fm,TwoPatterns,1.0,1.0,1.0,1.0,67.5330011844635,20260226_232229_run3
multirocket_fm,UMD,0.9722222222222222,0.972405206564799,0.9743589743589745,0.9722222222222222,36.499799489974976,20260226_232306_run3
multirocket_fm,UWaveGestureLibrary,0.9375,0.9375414019380033,0.9404838217338216,0.9375,38.833892583847046,20260226_232345_run3
multirocket_fm,UWaveGestureLibraryAll,0.9854829704075935,0.9854706926362752,0.985481661215963,0.9854829704075935,57.38468265533447,20260226_232443_run3
multirocket_fm,UWaveGestureLibraryX,0.8914014517029593,0.8895231355004187,0.8901537924404174,0.8914014517029593,57.53937911987305,20260226_232542_run3
multirocket_fm,UWaveGestureLibraryY,0.8190954773869347,0.8169990340704005,0.8171892484488922,0.8190954773869347,57.35191869735718,20260226_232640_run3
multirocket_fm,UWaveGestureLibraryZ,0.8408710217755444,0.8395399547933006,0.8398063363677616,0.8408710217755444,57.82185244560242,20260226_232739_run3
multirocket_fm,Wafer,0.999675535366645,0.9996753205376517,0.9996756533323362,0.999675535366645,76.94360828399658,20260226_232857_run3
multirocket_fm,Wine,0.9444444444444444,0.9442724458204333,0.95,0.9444444444444444,36.52486515045166,20260226_232933_run3
multirocket_fm,WordSynonyms,0.774294670846395,0.7575765149591608,0.7791923671559979,0.774294670846395,308.45720744132996,20260226_233442_run3
multirocket_fm,Worms,0.8311688311688312,0.8277950678704082,0.8381493506493506,0.8311688311688312,37.01237773895264,20260226_233519_run3
multirocket_fm,WormsTwoClass,0.7012987012987013,0.7018111413376468,0.702560093804964,0.7012987012987013,36.63528800010681,20260226_233556_run3
multirocket_fm,Yoga,0.9376666666666666,0.9377121829979046,0.9380434620581118,0.9376666666666666,49.175909996032715,20260226_233645_run3
multirocket_fm,MiddlePhalanxOutlineCorrect,0.8797250859106529,0.8782667061709662,0.8831568174562934,0.8797250859106529,47.75177359580994,20260226_233733_run4
multirocket_fm,MiddlePhalanxTW,0.5974025974025974,0.5551257712387281,0.5896186747861389,0.5974025974025974,47.4809672832489,20260226_233821_run4
multirocket_fm,MixedShapesRegularTrain,0.9851546391752577,0.9851808693190475,0.9852326398640014,0.9851546391752577,46.81205892562866,20260226_233908_run4
multirocket_fm,MixedShapesSmallTrain,0.9534020618556701,0.9531492424070871,0.9542778309441498,0.9534020618556701,43.813896894454956,20260226_233953_run4
multirocket_fm,MoteStrain,0.9177316293929713,0.9175527135427028,0.9182384548358988,0.9177316293929713,39.60707449913025,20260226_234032_run4
multirocket_fm,MotorImagery,0.56,0.5571658615136876,0.5615763546798029,0.56,35.702117919921875,20260226_234108_run4
multirocket_fm,NATOPS,0.8833333333333333,0.8824194460146976,0.8819124423963135,0.8833333333333333,46.29093813896179,20260226_234154_run4
multirocket_fm,NonInvasiveFetalECGThorax1,0.9653944020356234,0.9646608525506476,0.9665393259134728,0.9653944020356234,544.0263075828552,20260226_235101_run4
multirocket_fm,NonInvasiveFetalECGThorax2,0.9735368956743002,0.9732586978766313,0.9740326619042226,0.9735368956743002,542.4702503681183,20260227_000007_run4
multirocket_fm,OSULeaf,0.9917355371900827,0.9917483683955745,0.9918607563235663,0.9917355371900827,38.45387268066406,20260227_000045_run4
multirocket_fm,OliveOil,0.8666666666666667,0.8483576835064249,0.9075000000000001,0.8666666666666667,36.18054389953613,20260227_000122_run4
multirocket_fm,PEMS-SF,0.8786127167630058,0.8792323015068009,0.8976236351958895,0.8786127167630058,39.558846950531006,20260227_000201_run4
multirocket_fm,PhalangesOutlinesCorrect,0.87995337995338,0.8766872594967258,0.8863788265711774,0.87995337995338,54.40308403968811,20260227_000256_run4
multirocket_fm,Phoneme,0.3707805907172996,0.33190139456273293,0.31915561199706033,0.3707805907172996,347.71248745918274,20260227_000846_run4
multirocket_fm,PhonemeSpectra,0.3077840739636147,0.2849296274030128,0.3469501653265275,0.3077840739636147,1132.6841559410095,20260227_002744_run4
multirocket_fm,PigAirwayPressure,0.4423076923076923,0.4153222452311521,0.49013070263070263,0.4423076923076923,300.7486946582794,20260227_003245_run4
multirocket_fm,PowerCons,0.9777777777777777,0.9777667984189722,0.9787234042553191,0.9777777777777777,36.83560109138489,20260227_003402_run4
multirocket_fm,ProximalPhalanxOutlineAgeGroup,0.8585365853658536,0.8603062147683606,0.8643711852812078,0.8585365853658536,55.037471771240234,20260227_003457_run4
multirocket_fm,ProximalPhalanxOutlineCorrect,0.9072164948453608,0.9058564951348457,0.906539321441197,0.9072164948453608,51.469576835632324,20260227_003549_run4
multirocket_fm,ProximalPhalanxTW,0.8390243902439024,0.8288000276735676,0.8579876069052899,0.8390243902439024,55.18168306350708,20260227_003644_run4
multirocket_fm,RacketSports,0.9144736842105263,0.9142490419101892,0.9152390376646671,0.9144736842105263,48.8066463470459,20260227_003733_run4
multirocket_fm,RefrigerationDevices,0.808,0.8058494131516444,0.8071484910124953,0.808,38.71587920188904,20260227_003812_run4
multirocket_fm,Rock,0.9,0.8997802197802197,0.9066666666666666,0.9,35.93163824081421,20260227_003848_run4
multirocket_fm,ScreenType,0.72,0.7184748565189093,0.725419890478714,0.72,38.492165327072144,20260227_003926_run4
multirocket_fm,SelfRegulationSCP1,0.931740614334471,0.9317358431751748,0.9318179215246122,0.931740614334471,37.79482913017273,20260227_004004_run4
multirocket_fm,SelfRegulationSCP2,0.5388888888888889,0.5377332219437482,0.5392817059483727,0.5388888888888889,37.49307727813721,20260227_004042_run4
multirocket_fm,PigArtPressure,0.8942307692307693,0.8912462537462537,0.9268772893772893,0.8942307692307693,332.09079670906067,20260227_004614_run4
multirocket_fm,PigCVP,0.6971153846153846,0.6644998792057616,0.714466943313097,0.6971153846153846,286.23137855529785,20260227_005101_run4
multirocket_fm,SemgHandGenderCh2,0.9533333333333334,0.9535729386892178,0.9543779904306221,0.9533333333333334,40.586790561676025,20260227_005222_run4
multirocket_fm,SemgHandMovementCh2,0.9177777777777778,0.917703376777787,0.9187456118772709,0.9177777777777778,41.01331305503845,20260227_005303_run4
multirocket_fm,SemgHandSubjectCh2,0.9822222222222222,0.9822150858423453,0.9826882946453543,0.9822222222222222,40.954285860061646,20260227_005344_run4
multirocket_fm,ShapeletSim,1.0,1.0,1.0,1.0,36.19465684890747,20260227_005420_run4
multirocket_fm,ShapesAll,0.94,0.9385434142914962,0.9463306138306138,0.94,345.02311873435974,20260227_010006_run4
multirocket_fm,SmallKitchenAppliances,0.848,0.8481895040531733,0.8490770622563832,0.848,39.710596323013306,20260227_010046_run4
multirocket_fm,SmoothSubspace,0.98,0.9799979997999799,0.980125383486728,0.98,74.08800506591797,20260227_010200_run4
multirocket_fm,SonyAIBORobotSurface1,0.9384359400998337,0.938652284257983,0.9407534107147267,0.9384359400998337,37.18502187728882,20260227_010237_run4
multirocket_fm,SonyAIBORobotSurface2,0.9097586568730325,0.909981425938978,0.9104119208327736,0.9097586568730325,38.5844087600708,20260227_010316_run4
multirocket_fm,StandWalkJump,0.7333333333333333,0.7407407407407407,0.7738095238095238,0.7333333333333333,35.766359090805054,20260227_010352_run4
multirocket_fm,StarLightCurves,0.9840942204953861,0.9838657029134489,0.984116660933325,0.9840942204953861,88.18443632125854,20260227_010521_run4
multirocket_fm,Strawberry,0.9918918918918919,0.9919117302446282,0.992072072072072,0.9918918918918919,47.87035417556763,20260227_010609_run4
multirocket_fm,SwedishLeaf,0.9744,0.9737584613873469,0.975629362554495,0.9744,337.8833386898041,20260227_011148_run4
multirocket_fm,Symbols,0.9778894472361809,0.9779824467434037,0.978702217937137,0.9778894472361809,38.96937417984009,20260227_011227_run4
multirocket_fm,SyntheticControl,1.0,1.0,1.0,1.0,48.17118549346924,20260227_011315_run4
multirocket_fm,ToeSegmentation1,0.956140350877193,0.9561166374652937,0.9562407410422127,0.956140350877193,36.636659383773804,20260227_011352_run4
multirocket_fm,ToeSegmentation2,0.9384615384615385,0.9416505063563887,0.9538461538461539,0.9384615384615385,36.52779150009155,20260227_011428_run4
multirocket_fm,Trace,1.0,1.0,1.0,1.0,37.005563735961914,20260227_011505_run4
multirocket_fm,TwoLeadECG,0.9991220368744512,0.9991220368744512,0.9991235771606364,0.9991220368744512,39.24736571311951,20260227_011545_run4
multirocket_fm,TwoPatterns,1.0,1.0,1.0,1.0,67.08942198753357,20260227_011653_run4
multirocket_fm,UMD,0.9930555555555556,0.993054801953337,0.9931972789115646,0.9930555555555556,36.433375120162964,20260227_011729_run4
multirocket_fm,UWaveGestureLibrary,0.925,0.923677200862986,0.9298041768001909,0.925,39.42508625984192,20260227_011809_run4
multirocket_fm,UWaveGestureLibraryAll,0.9888330541596874,0.988824817631645,0.9888387887275223,0.9888330541596874,57.702303409576416,20260227_011907_run4
multirocket_fm,UWaveGestureLibraryX,0.8844221105527639,0.8829135567238452,0.8823525259866605,0.8844221105527639,57.4653480052948,20260227_012006_run4
multirocket_fm,UWaveGestureLibraryY,0.8269123394751535,0.82637463175417,0.8302401303817459,0.8269123394751535,58.16125965118408,20260227_012105_run4
multirocket_fm,UWaveGestureLibraryZ,0.8495254048017867,0.8477832657301206,0.8477997752463444,0.8495254048017867,58.05414056777954,20260227_012204_run4
multirocket_fm,Wafer,0.9995133030499675,0.9995128192644323,0.9995135684245313,0.9995133030499675,77.35543441772461,20260227_012323_run4
multirocket_fm,Wine,0.9629629629629629,0.9629629629629629,0.9629629629629629,0.9629629629629629,36.52470016479492,20260227_012359_run4
multirocket_fm,WordSynonyms,0.7586206896551724,0.7350180480844332,0.7572838502843977,0.7586206896551724,308.34528136253357,20260227_012908_run4
multirocket_fm,Worms,0.7532467532467533,0.7316188108228452,0.786525974025974,0.7532467532467533,36.98432660102844,20260227_012945_run4
multirocket_fm,WormsTwoClass,0.8051948051948052,0.8024476845206618,0.8068513119533528,0.8051948051948052,36.71529006958008,20260227_013022_run4
multirocket_fm,Yoga,0.908,0.9074442421407886,0.9114233435165162,0.908,49.417627811431885,20260227_013111_run4
multirocket_fm,MiddlePhalanxOutlineCorrect,0.872852233676976,0.8710645342947749,0.8771906121254497,0.872852233676976,47.682193994522095,20260227_013159_run5
multirocket_fm,MiddlePhalanxTW,0.5714285714285714,0.5397838278221053,0.5747578909358683,0.5714285714285714,47.80639171600342,20260227_013247_run5
multirocket_fm,MixedShapesRegularTrain,0.9863917525773196,0.9863815411690742,0.9864679047890853,0.9863917525773196,46.578192710876465,20260227_013334_run5
multirocket_fm,MixedShapesSmallTrain,0.962061855670103,0.9621466076747387,0.9626014881903464,0.962061855670103,43.827471017837524,20260227_013418_run5
multirocket_fm,MoteStrain,0.8266773162939297,0.8259135205427706,0.8275200175198697,0.8266773162939297,39.23498797416687,20260227_013458_run5
multirocket_fm,MotorImagery,0.58,0.5784825371336813,0.5811688311688311,0.58,35.570881366729736,20260227_013533_run5
multirocket_fm,NATOPS,0.9222222222222223,0.9216557068321448,0.9212520084044,0.9222222222222223,45.810877561569214,20260227_013619_run5
multirocket_fm,NonInvasiveFetalECGThorax1,0.9618320610687023,0.9623382422069081,0.9661737230407047,0.9618320610687023,542.6727337837219,20260227_014525_run5
multirocket_fm,NonInvasiveFetalECGThorax2,0.9689567430025445,0.9693403264474254,0.9703281570095461,0.9689567430025445,534.9136738777161,20260227_015423_run5
multirocket_fm,OSULeaf,0.987603305785124,0.9876976272981345,0.9883622870635859,0.987603305785124,38.190643310546875,20260227_015501_run5
multirocket_fm,OliveOil,0.9,0.9003030303030303,0.9121212121212121,0.9,36.17475390434265,20260227_015537_run5
multirocket_fm,PEMS-SF,0.9421965317919075,0.9421965317919075,0.9421965317919075,0.9421965317919075,39.53725552558899,20260227_015617_run5
multirocket_fm,PhalangesOutlinesCorrect,0.8601398601398601,0.8576180997245452,0.8615067581158006,0.8601398601398601,53.64824819564819,20260227_015711_run5
multirocket_fm,Phoneme,0.3291139240506329,0.29558203798575233,0.3363288138495883,0.3291139240506329,347.04912662506104,20260227_020259_run5
multirocket_fm,PhonemeSpectra,0.29257381449448255,0.2753830306253094,0.3279282120344989,0.29257381449448255,1130.7808437347412,20260227_022156_run5
multirocket_fm,PigAirwayPressure,0.40384615384615385,0.3825072363533902,0.4569366806339511,0.40384615384615385,302.2928059101105,20260227_022658_run5
multirocket_fm,PowerCons,1.0,1.0,1.0,1.0,36.91592979431152,20260227_022815_run5
multirocket_fm,ProximalPhalanxOutlineAgeGroup,0.8439024390243902,0.845787955332864,0.8521873790166473,0.8439024390243902,55.68080377578735,20260227_022911_run5
multirocket_fm,ProximalPhalanxOutlineCorrect,0.9106529209621993,0.9077417919099077,0.9135804529885009,0.9106529209621993,51.86649179458618,20260227_023003_run5
multirocket_fm,ProximalPhalanxTW,0.7902439024390244,0.7794050729605521,0.7927833534826301,0.7902439024390244,55.179028034210205,20260227_023058_run5
multirocket_fm,RacketSports,0.868421052631579,0.8667648504108882,0.8707032055246341,0.868421052631579,48.59397029876709,20260227_023147_run5
multirocket_fm,RefrigerationDevices,0.8293333333333334,0.828223821828473,0.8286006011262322,0.8293333333333334,38.83877491950989,20260227_023226_run5
multirocket_fm,Rock,0.78,0.7857333414028929,0.8084201680672269,0.78,36.148552894592285,20260227_023302_run5
multirocket_fm,ScreenType,0.7493333333333333,0.7481725258614503,0.7482284006348179,0.7493333333333333,38.68822908401489,20260227_023341_run5
multirocket_fm,SelfRegulationSCP1,0.8907849829351536,0.8907137004065331,0.8919737664059613,0.8907849829351536,38.38703966140747,20260227_023419_run5
multirocket_fm,SelfRegulationSCP2,0.5111111111111111,0.5101434933201385,0.5111996017919364,0.5111111111111111,37.73771071434021,20260227_023457_run5
multirocket_fm,PigArtPressure,0.8798076923076923,0.8728438228438228,0.9110805860805861,0.8798076923076923,330.0254406929016,20260227_024027_run5
multirocket_fm,PigCVP,0.6826923076923077,0.6823952756645064,0.7664565826330533,0.6826923076923077,290.7054841518402,20260227_024518_run5
multirocket_fm,SemgHandGenderCh2,0.9616666666666667,0.9620490620490622,0.9649051490514906,0.9616666666666667,40.47830867767334,20260227_024639_run5
multirocket_fm,SemgHandMovementCh2,0.9355555555555556,0.9360022121292033,0.9377631710431332,0.9355555555555556,40.75837421417236,20260227_024720_run5
multirocket_fm,SemgHandSubjectCh2,0.98,0.9800091216042882,0.9802589500476041,0.98,41.38262319564819,20260227_024801_run5
multirocket_fm,ShapeletSim,1.0,1.0,1.0,1.0,36.33642387390137,20260227_024838_run5
multirocket_fm,ShapesAll,0.915,0.9130489821844647,0.9222289284789285,0.915,343.5151243209839,20260227_025422_run5
multirocket_fm,SmallKitchenAppliances,0.832,0.8318001572817204,0.8342069003527337,0.832,39.071824073791504,20260227_025501_run5
multirocket_fm,SmoothSubspace,0.9933333333333333,0.9933326665999933,0.9934640522875816,0.9933333333333333,72.32689332962036,20260227_025613_run5
multirocket_fm,SonyAIBORobotSurface1,0.9750415973377704,0.9749960302117969,0.9752220402914134,0.9750415973377704,37.23618984222412,20260227_025651_run5
multirocket_fm,SonyAIBORobotSurface2,0.9317943336831059,0.9319466552660672,0.9322719214805131,0.9317943336831059,38.61482834815979,20260227_025729_run5
multirocket_fm,StandWalkJump,0.7333333333333333,0.7387205387205388,0.7555555555555554,0.7333333333333333,35.54322004318237,20260227_025805_run5
multirocket_fm,StarLightCurves,0.9823943661971831,0.9820664869695407,0.982549742800417,0.9823943661971831,87.4573769569397,20260227_025934_run5
multirocket_fm,Strawberry,0.9756756756756757,0.9756959660753107,0.9757316658049502,0.9756756756756757,47.91254997253418,20260227_030022_run5
multirocket_fm,SwedishLeaf,0.9664,0.9663635394588469,0.9668733779045342,0.9664,335.57355308532715,20260227_030557_run5
multirocket_fm,Symbols,0.9839195979899498,0.9839598669941209,0.9842519091978793,0.9839195979899498,39.12547826766968,20260227_030637_run5
multirocket_fm,SyntheticControl,1.0,1.0,1.0,1.0,47.47432088851929,20260227_030724_run5
multirocket_fm,ToeSegmentation1,0.9166666666666666,0.9166843414380194,0.9167373371366896,0.9166666666666666,36.816558837890625,20260227_030801_run5
multirocket_fm,ToeSegmentation2,0.9461538461538461,0.9486610950025584,0.9583126550868486,0.9461538461538461,36.327287435531616,20260227_030837_run5
multirocket_fm,Trace,1.0,1.0,1.0,1.0,36.51402163505554,20260227_030914_run5
multirocket_fm,TwoLeadECG,0.9956101843722563,0.9956101640696676,0.9956239578715433,0.9956101843722563,39.02297329902649,20260227_030953_run5
multirocket_fm,TwoPatterns,1.0,1.0,1.0,1.0,66.29291105270386,20260227_031100_run5
multirocket_fm,UMD,0.9861111111111112,0.9860349491847629,0.9863945578231292,0.9861111111111112,36.34259533882141,20260227_031137_run5
multirocket_fm,UWaveGestureLibrary,0.921875,0.9206629898793747,0.9205674642997389,0.921875,39.649858236312866,20260227_031216_run5
multirocket_fm,UWaveGestureLibraryAll,0.9860413176996091,0.9860294204815645,0.9861023786079838,0.9860413176996091,57.213035106658936,20260227_031315_run5
multirocket_fm,UWaveGestureLibraryX,0.8894472361809045,0.8885057123597156,0.891593752919114,0.8894472361809045,57.60238575935364,20260227_031413_run5
multirocket_fm,UWaveGestureLibraryY,0.8288665549972083,0.8271156835127433,0.8270847571501019,0.8288665549972083,57.03448271751404,20260227_031511_run5
multirocket_fm,UWaveGestureLibraryZ,0.8464544946957008,0.8456614443617952,0.8453199887823525,0.8464544946957008,57.779210805892944,20260227_031610_run5
multirocket_fm,Wafer,0.9998377676833226,0.9998377140227052,0.9998377971801073,0.9998377676833226,77.18527674674988,20260227_031728_run5
multirocket_fm,Wine,0.9814814814814815,0.98147512864494,0.9821428571428571,0.9814814814814815,36.64000153541565,20260227_031805_run5
multirocket_fm,WordSynonyms,0.7633228840125392,0.7378717579448733,0.7569059240729202,0.7633228840125392,308.33433079719543,20260227_032314_run5
multirocket_fm,Worms,0.8311688311688312,0.8218049386880555,0.8447074161359877,0.8311688311688312,36.59719228744507,20260227_032350_run5
multirocket_fm,WormsTwoClass,0.8051948051948052,0.8061865166905045,0.8139579718527087,0.8051948051948052,37.079749584198,20260227_032427_run5
multirocket_fm,Yoga,0.9376666666666666,0.937449691124793,0.9393106842353534,0.9376666666666666,48.58686971664429,20260227_032516_run5
multirocket_fm,MiddlePhalanxOutlineCorrect,0.8316151202749141,0.8306930921190595,0.8314079190154554,0.8316151202749141,47.75588369369507,20260227_032604_run6
multirocket_fm,MiddlePhalanxTW,0.5454545454545454,0.5119841909095654,0.5271861471861472,0.5454545454545454,48.45457172393799,20260227_032653_run6
multirocket_fm,MixedShapesRegularTrain,0.9839175257731959,0.9838926976431471,0.9840195424795685,0.9839175257731959,46.68418097496033,20260227_032740_run6
multirocket_fm,MixedShapesSmallTrain,0.9356701030927835,0.936145206334116,0.9386349916908954,0.9356701030927835,43.960938692092896,20260227_032824_run6
multirocket_fm,MoteStrain,0.9145367412140575,0.914483850334101,0.9145261577029016,0.9145367412140575,39.625710010528564,20260227_032904_run6
multirocket_fm,MotorImagery,0.54,0.5332792207792209,0.5424448217317487,0.54,35.7031307220459,20260227_032940_run6
multirocket_fm,NATOPS,0.9111111111111111,0.9099596566492039,0.9160885991180521,0.9111111111111111,45.816219329833984,20260227_033026_run6
multirocket_fm,NonInvasiveFetalECGThorax1,0.9648854961832061,0.9652774861758012,0.9663529836875813,0.9648854961832061,542.6289694309235,20260227_033931_run6
multirocket_fm,NonInvasiveFetalECGThorax2,0.9699745547073791,0.9695186755214329,0.970058662261676,0.9699745547073791,537.2449109554291,20260227_034832_run6
multirocket_fm,OSULeaf,0.9752066115702479,0.9752114146288356,0.9760330578512396,0.9752066115702479,38.649386405944824,20260227_034910_run6
multirocket_fm,OliveOil,0.9666666666666667,0.9677938808373592,0.9733333333333333,0.9666666666666667,35.83911991119385,20260227_034946_run6
multirocket_fm,PEMS-SF,0.976878612716763,0.9772007857267972,0.9799614643545279,0.976878612716763,39.326460123062134,20260227_035026_run6
multirocket_fm,PhalangesOutlinesCorrect,0.865967365967366,0.8639586356481334,0.8666826592526387,0.865967365967366,55.669028997421265,20260227_035122_run6
multirocket_fm,Phoneme,0.38238396624472576,0.33071325014624503,0.3577618801346329,0.38238396624472576,344.65197801589966,20260227_035708_run6
multirocket_fm,PhonemeSpectra,0.3068893528183716,0.2890106859995887,0.34485992259167175,0.3068893528183716,1136.1962931156158,20260227_041610_run6
multirocket_fm,PigAirwayPressure,0.5625,0.5339641128102666,0.6325806138306139,0.5625,303.48100686073303,20260227_042114_run6
multirocket_fm,PowerCons,0.9777777777777777,0.9777667984189722,0.9787234042553191,0.9777777777777777,36.68199706077576,20260227_042231_run6
multirocket_fm,ProximalPhalanxOutlineAgeGroup,0.8439024390243902,0.8467658433455371,0.8525793350213893,0.8439024390243902,55.516966581344604,20260227_042326_run6
multirocket_fm,ProximalPhalanxOutlineCorrect,0.9312714776632303,0.9296091972971753,0.9332608568850765,0.9312714776632303,53.04874801635742,20260227_042420_run6
multirocket_fm,ProximalPhalanxTW,0.8390243902439024,0.8182709474254718,0.8045636020483582,0.8390243902439024,55.10378932952881,20260227_042515_run6
multirocket_fm,RacketSports,0.8881578947368421,0.8869211659963343,0.891383803712179,0.8881578947368421,49.30814218521118,20260227_042604_run6
multirocket_fm,RefrigerationDevices,0.8133333333333334,0.8114704400244682,0.8123433882069337,0.8133333333333334,38.67351317405701,20260227_042643_run6
multirocket_fm,Rock,0.82,0.8211188811188812,0.8403296703296703,0.82,35.99995183944702,20260227_042719_run6
multirocket_fm,ScreenType,0.7253333333333334,0.724829987991079,0.7295620765527308,0.7253333333333334,38.61177849769592,20260227_042758_run6
multirocket_fm,SelfRegulationSCP1,0.9249146757679181,0.9248779207140981,0.9256183019282799,0.9249146757679181,38.82097148895264,20260227_042836_run6
multirocket_fm,SelfRegulationSCP2,0.4444444444444444,0.44437584887023085,0.4444169960474308,0.4444444444444444,37.92938494682312,20260227_042914_run6
multirocket_fm,PigArtPressure,0.9230769230769231,0.9159451659451658,0.9521062271062272,0.9230769230769231,328.82803416252136,20260227_043443_run6
multirocket_fm,PigCVP,0.7067307692307693,0.695589026358257,0.7700778388278386,0.7067307692307693,285.68583631515503,20260227_043929_run6
multirocket_fm,SemgHandGenderCh2,0.9633333333333334,0.963411787589963,0.9635828773425016,0.9633333333333334,39.88189339637756,20260227_044049_run6
multirocket_fm,SemgHandMovementCh2,0.9333333333333333,0.933432201582833,0.9343155391848867,0.9333333333333333,40.95282316207886,20260227_044131_run6
multirocket_fm,SemgHandSubjectCh2,0.9688888888888889,0.9687740421722083,0.9688740575948585,0.9688888888888889,41.24975085258484,20260227_044212_run6
multirocket_fm,ShapeletSim,1.0,1.0,1.0,1.0,35.94437766075134,20260227_044248_run6
multirocket_fm,ShapesAll,0.9233333333333333,0.9223512419631544,0.9370554056080372,0.9233333333333333,345.30621361732483,20260227_044834_run6
multirocket_fm,SmallKitchenAppliances,0.8426666666666667,0.8417281538795484,0.8423919052082581,0.8426666666666667,39.67108225822449,20260227_044914_run6
multirocket_fm,SmoothSubspace,0.9666666666666667,0.9665313197986465,0.9665252767773775,0.9666666666666667,74.82566213607788,20260227_045029_run6
multirocket_fm,SonyAIBORobotSurface1,0.9650582362728786,0.9651810262004767,0.9672432598667653,0.9650582362728786,37.30014967918396,20260227_045106_run6
multirocket_fm,SonyAIBORobotSurface2,0.9485834207764953,0.9478420349966983,0.9517943150340904,0.9485834207764953,38.54804587364197,20260227_045145_run6
multirocket_fm,StandWalkJump,0.6,0.5945165945165944,0.6904761904761905,0.6,35.68851613998413,20260227_045221_run6
multirocket_fm,StarLightCurves,0.9840942204953861,0.9838277938464357,0.9842209586754735,0.9840942204953861,87.91370129585266,20260227_045350_run6
multirocket_fm,Strawberry,0.9783783783783784,0.9784140474347003,0.9785113598293461,0.9783783783783784,47.656492710113525,20260227_045438_run6
multirocket_fm,SwedishLeaf,0.9808,0.9805603627652314,0.9817252944200836,0.9808,336.71134877204895,20260227_050014_run6
multirocket_fm,Symbols,0.9879396984924623,0.987983143185874,0.9880913210783421,0.9879396984924623,38.30519080162048,20260227_050053_run6
multirocket_fm,SyntheticControl,1.0,1.0,1.0,1.0,47.83913707733154,20260227_050141_run6
multirocket_fm,ToeSegmentation1,0.9517543859649122,0.9517646187272745,0.9518115309861269,0.9517543859649122,36.949387550354004,20260227_050218_run6
multirocket_fm,ToeSegmentation2,0.9538461538461539,0.9530584815428376,0.9530173530173529,0.9538461538461539,36.468888998031616,20260227_050254_run6
multirocket_fm,Trace,1.0,1.0,1.0,1.0,36.735111236572266,20260227_050331_run6
multirocket_fm,TwoLeadECG,0.9762949956101844,0.976282161786677,0.9773688800372399,0.9762949956101844,39.16008281707764,20260227_050410_run6
multirocket_fm,TwoPatterns,1.0,1.0,1.0,1.0,66.92229509353638,20260227_050518_run6
multirocket_fm,UMD,0.9791666666666666,0.979008164622683,0.9798639455782312,0.9791666666666666,36.416722774505615,20260227_050555_run6
multirocket_fm,UWaveGestureLibrary,0.965625,0.9654112786766899,0.9658825436264461,0.965625,39.312355518341064,20260227_050634_run6
multirocket_fm,UWaveGestureLibraryAll,0.981574539363484,0.9815175860664698,0.9816179384943842,0.981574539363484,57.92867374420166,20260227_050733_run6
multirocket_fm,UWaveGestureLibraryX,0.8821887213847013,0.8790843117122323,0.8802697609024055,0.8821887213847013,57.26196789741516,20260227_050831_run6
multirocket_fm,UWaveGestureLibraryY,0.835287548855388,0.8352325799130338,0.8358365093983174,0.835287548855388,57.12986946105957,20260227_050929_run6
multirocket_fm,UWaveGestureLibraryZ,0.8453378001116695,0.8445387066029503,0.8449950335770355,0.8453378001116695,57.16079664230347,20260227_051028_run6
multirocket_fm,Wafer,1.0,1.0,1.0,1.0,77.38194298744202,20260227_051146_run6
multirocket_fm,Wine,0.9259259259259259,0.9258241758241759,0.9282758620689655,0.9259259259259259,36.214536905288696,20260227_051222_run6
multirocket_fm,WordSynonyms,0.7351097178683386,0.705070438081034,0.7275462244003171,0.7351097178683386,308.8207845687866,20260227_051731_run6
multirocket_fm,Worms,0.7272727272727273,0.7315418836156163,0.7438672438672439,0.7272727272727273,36.63249969482422,20260227_051808_run6
multirocket_fm,WormsTwoClass,0.8181818181818182,0.8112244897959184,0.8357487922705313,0.8181818181818182,37.38429522514343,20260227_051845_run6
multirocket_fm,Yoga,0.9193333333333333,0.9192416121312884,0.9194794836274244,0.9193333333333333,48.827237606048584,20260227_051935_run6
multirocket_fm,MiddlePhalanxOutlineCorrect,0.8316151202749141,0.8254322028240368,0.8498787324773815,0.8316151202749141,48.07609844207764,20260227_052023_run7
multirocket_fm,MiddlePhalanxTW,0.5584415584415584,0.5135328471477834,0.5309463533962908,0.5584415584415584,48.603211402893066,20260227_052111_run7
multirocket_fm,MixedShapesRegularTrain,0.9876288659793815,0.9876116952342653,0.9876691285282093,0.9876288659793815,46.301620960235596,20260227_052158_run7
multirocket_fm,MixedShapesSmallTrain,0.9550515463917526,0.9550422073124472,0.9552608891825222,0.9550515463917526,43.79212832450867,20260227_052243_run7
multirocket_fm,MoteStrain,0.9169329073482428,0.9168067224471381,0.9171534294466904,0.9169329073482428,39.003682374954224,20260227_052322_run7
multirocket_fm,MotorImagery,0.47,0.46994699469946993,0.46998799519807916,0.47,35.9209885597229,20260227_052358_run7
multirocket_fm,NATOPS,0.8833333333333333,0.8821008099306967,0.8817764336917563,0.8833333333333333,45.819621324539185,20260227_052443_run7
multirocket_fm,NonInvasiveFetalECGThorax1,0.9608142493638677,0.9611520892111982,0.9630951619921142,0.9608142493638677,548.2758712768555,20260227_053355_run7
multirocket_fm,NonInvasiveFetalECGThorax2,0.9689567430025445,0.9690105109024912,0.9700603359998403,0.9689567430025445,536.6671423912048,20260227_054254_run7
multirocket_fm,OSULeaf,0.9545454545454546,0.9546675369187395,0.9569830528998479,0.9545454545454546,38.88184404373169,20260227_054333_run7
multirocket_fm,OliveOil,0.9,0.900250626566416,0.9066666666666666,0.9,36.38960671424866,20260227_054410_run7
multirocket_fm,PEMS-SF,0.9017341040462428,0.9021290481987836,0.903558943456389,0.9017341040462428,39.75302267074585,20260227_054450_run7
multirocket_fm,PhalangesOutlinesCorrect,0.8694638694638694,0.8678819931161633,0.8696020884632985,0.8694638694638694,54.04462242126465,20260227_054544_run7
multirocket_fm,Phoneme,0.395042194092827,0.34264961432588853,0.3550240627377673,0.395042194092827,344.89108395576477,20260227_055131_run7
multirocket_fm,PhonemeSpectra,0.3259767372502237,0.31249248862877915,0.34190950761823746,0.3259767372502237,1136.5389711856842,20260227_061033_run7
multirocket_fm,PigAirwayPressure,0.6105769230769231,0.5744955898802053,0.6220390720390719,0.6105769230769231,301.4654541015625,20260227_061535_run7
multirocket_fm,PowerCons,0.9388888888888889,0.9388719088635733,0.939377085650723,0.9388888888888889,36.63543200492859,20260227_061652_run7
multirocket_fm,ProximalPhalanxOutlineAgeGroup,0.8439024390243902,0.8490578291697279,0.8610009969101976,0.8439024390243902,55.01897859573364,20260227_061747_run7
multirocket_fm,ProximalPhalanxOutlineCorrect,0.9037800687285223,0.9002149119799292,0.9074937103464147,0.9037800687285223,51.744534730911255,20260227_061839_run7
multirocket_fm,ProximalPhalanxTW,0.7658536585365854,0.7535870144558544,0.7942475188758679,0.7658536585365854,55.759562253952026,20260227_061934_run7
multirocket_fm,RacketSports,0.8618421052631579,0.8597779850200999,0.8650511695906433,0.8618421052631579,48.45720076560974,20260227_062023_run7
multirocket_fm,RefrigerationDevices,0.8213333333333334,0.8196737227163191,0.8216471556865513,0.8213333333333334,38.420417070388794,20260227_062101_run7
multirocket_fm,Rock,0.86,0.8671040723981901,0.892,0.86,36.11001253128052,20260227_062138_run7
multirocket_fm,ScreenType,0.7386666666666667,0.7377750357009164,0.7398040093271004,0.7386666666666667,38.98655843734741,20260227_062217_run7
multirocket_fm,SelfRegulationSCP1,0.9078498293515358,0.9077896742013777,0.9087683622881403,0.9078498293515358,37.590527057647705,20260227_062254_run7
multirocket_fm,SelfRegulationSCP2,0.5111111111111111,0.5110507470058032,0.5111166007905139,0.5111111111111111,37.74924993515015,20260227_062332_run7
multirocket_fm,PigArtPressure,0.9326923076923077,0.9288766788766789,0.9519230769230769,0.9326923076923077,330.147891998291,20260227_062902_run7
multirocket_fm,PigCVP,0.7067307692307693,0.6835251287174362,0.7196733821733822,0.7067307692307693,288.12726521492004,20260227_063351_run7
multirocket_fm,SemgHandGenderCh2,0.9816666666666667,0.9816565262697907,0.9816523697059436,0.9816666666666667,40.56209993362427,20260227_063511_run7
multirocket_fm,SemgHandMovementCh2,0.94,0.9398726908059729,0.9403415138094301,0.94,41.02446722984314,20260227_063553_run7
multirocket_fm,SemgHandSubjectCh2,0.9622222222222222,0.9622683362698015,0.9632752466022368,0.9622222222222222,40.83512473106384,20260227_063634_run7
multirocket_fm,ShapeletSim,1.0,1.0,1.0,1.0,36.3040566444397,20260227_063710_run7
multirocket_fm,ShapesAll,0.9216666666666666,0.9222673495505191,0.9313088980736038,0.9216666666666666,344.0571916103363,20260227_064255_run7
multirocket_fm,SmallKitchenAppliances,0.84,0.8408824154740344,0.8424304015767431,0.84,39.588433265686035,20260227_064335_run7
multirocket_fm,SmoothSubspace,0.9866666666666667,0.9866666666666667,0.9866666666666667,0.9866666666666667,74.38471031188965,20260227_064449_run7
multirocket_fm,SonyAIBORobotSurface1,0.9534109816971714,0.9535917392423178,0.9563372350044097,0.9534109816971714,37.34138536453247,20260227_064527_run7
multirocket_fm,SonyAIBORobotSurface2,0.9601259181532005,0.9602785285801632,0.9609928289192279,0.9601259181532005,38.57835078239441,20260227_064605_run7
multirocket_fm,StandWalkJump,0.6666666666666666,0.6781144781144781,0.7,0.6666666666666666,35.739200592041016,20260227_064641_run7
multirocket_fm,StarLightCurves,0.9813016027197669,0.9810509300641554,0.9812244080650993,0.9813016027197669,88.17863345146179,20260227_064810_run7
multirocket_fm,Strawberry,0.9702702702702702,0.9702950696476018,0.9703351776636254,0.9702702702702702,47.42106318473816,20260227_064858_run7
multirocket_fm,SwedishLeaf,0.9776,0.9776205999298211,0.9779109812501291,0.9776,337.49531173706055,20260227_065436_run7
multirocket_fm,Symbols,0.9778894472361809,0.9778954895948972,0.978036758263578,0.9778894472361809,38.63240170478821,20260227_065515_run7
multirocket_fm,SyntheticControl,0.9933333333333333,0.9933306655995732,0.9935897435897436,0.9933333333333333,48.08956742286682,20260227_065603_run7
multirocket_fm,ToeSegmentation1,0.9342105263157895,0.9340410282238536,0.935653822323799,0.9342105263157895,36.625004053115845,20260227_065639_run7
multirocket_fm,ToeSegmentation2,0.9384615384615385,0.9393992673992674,0.9409763313609467,0.9384615384615385,36.367509841918945,20260227_065716_run7
multirocket_fm,Trace,1.0,1.0,1.0,1.0,36.7128427028656,20260227_065753_run7
multirocket_fm,TwoLeadECG,0.9956101843722563,0.9956101776047267,0.9956117057187837,0.9956101843722563,39.13988542556763,20260227_065832_run7
multirocket_fm,TwoPatterns,1.0,1.0,1.0,1.0,68.74281454086304,20260227_065941_run7
multirocket_fm,UMD,0.9791666666666666,0.9791621911922663,0.9795744680851064,0.9791666666666666,36.490678548812866,20260227_070018_run7
multirocket_fm,UWaveGestureLibrary,0.934375,0.9340877831233503,0.9367346258657063,0.934375,39.41660141944885,20260227_070057_run7
multirocket_fm,UWaveGestureLibraryAll,0.9857621440536013,0.9856736194772232,0.9859158408190246,0.9857621440536013,58.13008260726929,20260227_070157_run7
multirocket_fm,UWaveGestureLibraryX,0.8919597989949749,0.8906087608226623,0.8906479757517481,0.8919597989949749,59.502891540527344,20260227_070257_run7
multirocket_fm,UWaveGestureLibraryY,0.8294249022892239,0.8284549830585246,0.8293095395657712,0.8294249022892239,57.95506715774536,20260227_070356_run7
multirocket_fm,UWaveGestureLibraryZ,0.8403126744835288,0.838417229759083,0.8386215037813476,0.8403126744835288,58.00055742263794,20260227_070455_run7
multirocket_fm,Wafer,0.999675535366645,0.9996753205376517,0.9996756533323362,0.999675535366645,77.41763305664062,20260227_070614_run7
multirocket_fm,Wine,0.8703703703703703,0.8692493946731235,0.8835227272727273,0.8703703703703703,36.09742736816406,20260227_070650_run7
multirocket_fm,WordSynonyms,0.7445141065830722,0.7296214832379934,0.7679646058962459,0.7445141065830722,309.59633898735046,20260227_071200_run7
multirocket_fm,Worms,0.7142857142857143,0.7128997053366802,0.719356833642548,0.7142857142857143,36.65320539474487,20260227_071236_run7
multirocket_fm,WormsTwoClass,0.7792207792207793,0.7694083694083693,0.7961038961038962,0.7792207792207793,37.192267656326294,20260227_071314_run7
multirocket_fm,Yoga,0.9266666666666666,0.9266240980479495,0.9266818366415789,0.9266666666666666,49.270662784576416,20260227_071403_run7
multirocket_fm,MiddlePhalanxOutlineCorrect,0.8694158075601375,0.8668838479771829,0.8771560932544693,0.8694158075601375,81.52259850502014,20260227_095514_run1
multirocket_fm,MiddlePhalanxTW,0.6298701298701299,0.6009738281570137,0.6229634002361275,0.6298701298701299,77.20796465873718,20260227_095633_run1
multirocket_fm,MixedShapesRegularTrain,0.9868041237113402,0.9867908184743024,0.986788861729183,0.9868041237113402,80.4165301322937,20260227_095758_run1
multirocket_fm,MixedShapesSmallTrain,0.9628865979381444,0.9628465797802566,0.9629484661680467,0.9628865979381444,71.93138003349304,20260227_095915_run1
multirocket_fm,MoteStrain,0.8793929712460063,0.877708671148128,0.8890688848299046,0.8793929712460063,63.4575035572052,20260227_100021_run1
multirocket_fm,MotorImagery,0.6,0.5985547972701727,0.601461038961039,0.6,56.970988512039185,20260227_100119_run1
multirocket_fm,NATOPS,0.8611111111111112,0.8575277059180479,0.868642133789759,0.8611111111111112,76.11625862121582,20260227_100236_run1
multirocket_fm,NonInvasiveFetalECGThorax1,0.9603053435114504,0.9605305267477514,0.9639756747137542,0.9603053435114504,950.8672580718994,20260227_101837_run1
multirocket_fm,NonInvasiveFetalECGThorax2,0.9689567430025445,0.9690096010852164,0.9698556820222117,0.9689567430025445,934.8799195289612,20260227_103422_run1
multirocket_fm,OSULeaf,0.9752066115702479,0.9748671472309736,0.9753051540361746,0.9752066115702479,61.36872053146362,20260227_103524_run1
multirocket_fm,OliveOil,0.9,0.894524849673591,0.8977777777777777,0.9,58.08410954475403,20260227_103622_run1
multirocket_fm,PEMS-SF,0.9421965317919075,0.9433559673402734,0.9495281455238569,0.9421965317919075,64.54011178016663,20260227_103727_run1
multirocket_fm,PhalangesOutlinesCorrect,0.8764568764568764,0.8741178424682261,0.8788962479273897,0.8764568764568764,90.3171980381012,20260227_103902_run1
multirocket_fm,Phoneme,0.3459915611814346,0.312277732356488,0.35652903527958096,0.3459915611814346,567.7062771320343,20260227_104836_run1
multirocket_fm,PhonemeSpectra,0.29466149716671636,0.28269004020153776,0.3322426490747574,0.29466149716671636,1946.4516971111298,20260227_112121_run1
multirocket_fm,PigAirwayPressure,0.2980769230769231,0.2911754940392712,0.3428830007874473,0.2980769230769231,477.7599906921387,20260227_112920_run1
multirocket_fm,PowerCons,0.9777777777777777,0.9777750339548092,0.9780138339920948,0.9777777777777777,60.032066822052,20260227_113125_run1
multirocket_fm,ProximalPhalanxOutlineAgeGroup,0.8341463414634146,0.8332504909312782,0.8409370476275826,0.8341463414634146,89.6863579750061,20260227_113256_run1
multirocket_fm,ProximalPhalanxOutlineCorrect,0.9140893470790378,0.91283008808782,0.9136361066788964,0.9140893470790378,82.98712038993835,20260227_113422_run1
multirocket_fm,ProximalPhalanxTW,0.7902439024390244,0.7638441539917791,0.8006715235983528,0.7902439024390244,88.98639726638794,20260227_113552_run1
multirocket_fm,RacketSports,0.9078947368421053,0.9069578293798647,0.9076806599832915,0.9078947368421053,81.71569514274597,20260227_113715_run1
multirocket_fm,RefrigerationDevices,0.784,0.7802873021325821,0.7843441760492451,0.784,62.38572669029236,20260227_113818_run1
multirocket_fm,Rock,0.86,0.8601546601546601,0.8732417582417582,0.86,57.251596212387085,20260227_113916_run1
multirocket_fm,ScreenType,0.736,0.7345177560473494,0.7382116201555454,0.736,60.88480496406555,20260227_114018_run1
multirocket_fm,SelfRegulationSCP1,0.9249146757679181,0.9248971782557464,0.9252247431200225,0.9249146757679181,61.3665235042572,20260227_114120_run1
multirocket_fm,SelfRegulationSCP2,0.5166666666666667,0.5162934362934364,0.5167182662538701,0.5166666666666667,59.56016159057617,20260227_114221_run1
multirocket_fm,PigArtPressure,0.8942307692307693,0.8902319902319902,0.9396853146853146,0.8942307692307693,528.0821876525879,20260227_115110_run1
multirocket_fm,PigCVP,0.5336538461538461,0.522821476768845,0.6405760905760906,0.5336538461538461,473.6387414932251,20260227_115904_run1
multirocket_fm,SemgHandGenderCh2,0.965,0.9653204780905117,0.9676802928471381,0.965,66.43856978416443,20260227_120012_run1
multirocket_fm,SemgHandMovementCh2,0.9311111111111111,0.931420726342596,0.9321133483444227,0.9311111111111111,66.13138842582703,20260227_120120_run1
multirocket_fm,SemgHandSubjectCh2,0.9711111111111111,0.9709239969960146,0.9720586503509758,0.9711111111111111,67.1181378364563,20260227_120229_run1
multirocket_fm,ShapeletSim,1.0,1.0,1.0,1.0,58.20222067832947,20260227_120327_run1
multirocket_fm,ShapesAll,0.9183333333333333,0.917620026583548,0.9277668165168161,0.9183333333333333,567.1885282993317,20260227_121257_run1
multirocket_fm,SmallKitchenAppliances,0.8666666666666667,0.8662364445496975,0.8671098601286371,0.8666666666666667,63.069488286972046,20260227_121402_run1
multirocket_fm,SmoothSubspace,0.9733333333333334,0.973193237691116,0.9734477124183005,0.9733333333333334,115.89174056053162,20260227_121558_run1
multirocket_fm,SonyAIBORobotSurface1,0.9667221297836939,0.9667665677780666,0.9670063651669482,0.9667221297836939,59.33995485305786,20260227_121659_run1
multirocket_fm,SonyAIBORobotSurface2,0.9622245540398741,0.9621845156300457,0.962180325096092,0.9622245540398741,61.029441833496094,20260227_121802_run1
multirocket_fm,StandWalkJump,0.6,0.5995670995670996,0.6984126984126984,0.6,57.33015012741089,20260227_121859_run1
multirocket_fm,StarLightCurves,0.9822729480330258,0.9820229462651157,0.9822425362323982,0.9822729480330258,146.12311697006226,20260227_122142_run1
multirocket_fm,Strawberry,0.9594594594594594,0.9593534215231717,0.9593851305710807,0.9594594594594594,76.12463450431824,20260227_122300_run1
multirocket_fm,SwedishLeaf,0.976,0.9759705700141144,0.9763830201507102,0.976,559.7896888256073,20260227_123222_run1
multirocket_fm,Symbols,0.9758793969849247,0.9759380848341618,0.9760134003350084,0.9758793969849247,60.72315311431885,20260227_123325_run1
multirocket_fm,SyntheticControl,1.0,1.0,1.0,1.0,76.14327073097229,20260227_123442_run1
multirocket_fm,ToeSegmentation1,0.9385964912280702,0.9384060336946586,0.9405592105263157,0.9385964912280702,57.997138261795044,20260227_123541_run1
multirocket_fm,ToeSegmentation2,0.8769230769230769,0.8872841444270017,0.9261538461538462,0.8769230769230769,58.26002073287964,20260227_123639_run1
multirocket_fm,Trace,1.0,1.0,1.0,1.0,57.606605768203735,20260227_123737_run1
multirocket_fm,TwoLeadECG,0.9973661106233538,0.9973660984418004,0.9973799247284763,0.9973661106233538,61.83369040489197,20260227_123841_run1
multirocket_fm,TwoPatterns,1.0,1.0,1.0,1.0,115.03064727783203,20260227_124045_run1
multirocket_fm,UMD,0.9791666666666666,0.979008164622683,0.9798639455782312,0.9791666666666666,61.50068283081055,20260227_124147_run1
multirocket_fm,UWaveGestureLibrary,0.9625,0.9624331776294056,0.96362772249792,0.9625,64.94383478164673,20260227_124253_run1
multirocket_fm,UWaveGestureLibraryAll,0.9796203238414294,0.9795444847631087,0.9797516687455518,0.9796203238414294,98.22247624397278,20260227_124440_run1
multirocket_fm,UWaveGestureLibraryX,0.871859296482412,0.8709009784910616,0.8736350130136665,0.871859296482412,95.70940136909485,20260227_124624_run1
multirocket_fm,UWaveGestureLibraryY,0.8149078726968174,0.8138538448749376,0.8183984700563999,0.8149078726968174,97.31396842002869,20260227_124810_run1
multirocket_fm,UWaveGestureLibraryZ,0.8241206030150754,0.822728545526019,0.8218907325264444,0.8241206030150754,97.7517786026001,20260227_124956_run1
multirocket_fm,Wafer,0.9998377676833226,0.9998377140227052,0.9998377971801073,0.9998377676833226,126.44895792007446,20260227_125217_run1
multirocket_fm,Wine,0.7777777777777778,0.7727910238429172,0.8045112781954886,0.7777777777777778,57.37791728973389,20260227_125314_run1
multirocket_fm,WordSynonyms,0.7492163009404389,0.7286857102686946,0.7576725531941124,0.7492163009404389,522.3771941661835,20260227_130158_run1
multirocket_fm,Worms,0.8311688311688312,0.8219220434329269,0.849477590079094,0.8311688311688312,61.522820234298706,20260227_130300_run1
multirocket_fm,WormsTwoClass,0.8051948051948052,0.8055290052202044,0.8061364080515927,0.8051948051948052,59.052401304244995,20260227_130400_run1
multirocket_fm,Yoga,0.93,0.9300128785013426,0.9300390322466889,0.93,82.4031069278717,20260227_130528_run1
multirocket_fm,MiddlePhalanxOutlineCorrect,0.8797250859106529,0.8780340189274897,0.8843264972811754,0.8797250859106529,80.07292652130127,20260227_130650_run2
multirocket_fm,MiddlePhalanxTW,0.6168831168831169,0.5812075279564131,0.5974854402954183,0.6168831168831169,79.68707013130188,20260227_130811_run2
multirocket_fm,MixedShapesRegularTrain,0.9863917525773196,0.9863632355370627,0.9864168252963083,0.9863917525773196,78.03228116035461,20260227_130934_run2
multirocket_fm,MixedShapesSmallTrain,0.9505154639175257,0.9507686557253461,0.954436042211298,0.9505154639175257,70.65032887458801,20260227_131049_run2
multirocket_fm,MoteStrain,0.9361022364217252,0.9361248603220069,0.936190654974808,0.9361022364217252,63.68568730354309,20260227_131155_run2
multirocket_fm,MotorImagery,0.53,0.52995299529953,0.5300120048019208,0.53,57.20328211784363,20260227_131253_run2
multirocket_fm,NATOPS,0.8722222222222222,0.8726595821586063,0.8808992939427722,0.8722222222222222,72.9456582069397,20260227_131407_run2
multirocket_fm,NonInvasiveFetalECGThorax1,0.966412213740458,0.9664863502767953,0.9684088634475915,0.966412213740458,955.1744334697723,20260227_133008_run2
multirocket_fm,NonInvasiveFetalECGThorax2,0.9653944020356234,0.9653399358003851,0.9669435021488476,0.9653944020356234,1008.0165419578552,20260227_134701_run2
multirocket_fm,OSULeaf,0.9752066115702479,0.9752070075742387,0.975846028422079,0.9752066115702479,64.92187166213989,20260227_134807_run2
multirocket_fm,OliveOil,0.8666666666666667,0.8483576835064249,0.9075000000000001,0.8666666666666667,60.10887050628662,20260227_134907_run2
multirocket_fm,PEMS-SF,0.9364161849710982,0.9357123573335923,0.9426171521605514,0.9364161849710982,66.48739576339722,20260227_135014_run2
multirocket_fm,PhalangesOutlinesCorrect,0.865967365967366,0.8642896098311497,0.8660875827266531,0.865967365967366,94.44976043701172,20260227_135154_run2
multirocket_fm,Phoneme,0.3802742616033755,0.34180793220471295,0.3479858339417338,0.3802742616033755,623.2086834907532,20260227_140222_run2
multirocket_fm,PhonemeSpectra,0.3331345064121682,0.3212209691959934,0.3453053812522094,0.3331345064121682,1995.852630853653,20260227_143555_run2
multirocket_fm,PigAirwayPressure,0.5576923076923077,0.5452697156644525,0.6270174270174269,0.5576923076923077,497.1255328655243,20260227_144413_run2
multirocket_fm,PowerCons,0.9777777777777777,0.9777750339548092,0.9780138339920948,0.9777777777777777,62.54959297180176,20260227_144624_run2
multirocket_fm,ProximalPhalanxOutlineAgeGroup,0.824390243902439,0.8291649076482034,0.8408971731993741,0.824390243902439,89.90591883659363,20260227_144754_run2
multirocket_fm,ProximalPhalanxOutlineCorrect,0.9106529209621993,0.9088436806209348,0.9107579681112686,0.9106529209621993,84.75452136993408,20260227_144922_run2
multirocket_fm,ProximalPhalanxTW,0.8341463414634146,0.8114229237378573,0.8475026536492051,0.8341463414634146,89.4197404384613,20260227_145052_run2
multirocket_fm,RacketSports,0.9210526315789473,0.9204410674573759,0.9228951145594483,0.9210526315789473,77.14826250076294,20260227_145210_run2
multirocket_fm,RefrigerationDevices,0.7946666666666666,0.7924557100783638,0.7941592391816463,0.7946666666666666,63.79345726966858,20260227_145315_run2
multirocket_fm,Rock,0.86,0.8653058823529411,0.8945454545454545,0.86,63.13774037361145,20260227_145418_run2
multirocket_fm,ScreenType,0.7413333333333333,0.7382310338584103,0.7438149612062656,0.7413333333333333,62.78077244758606,20260227_145522_run2
multirocket_fm,SelfRegulationSCP1,0.8976109215017065,0.8976085361443656,0.8976898046687384,0.8976109215017065,62.594019412994385,20260227_145626_run2
multirocket_fm,SelfRegulationSCP2,0.55,0.54987496526813,0.550055617352614,0.55,60.4266083240509,20260227_145727_run2
multirocket_fm,PigArtPressure,0.9134615384615384,0.9075244200244199,0.926602564102564,0.9134615384615384,534.5052587985992,20260227_150622_run2
multirocket_fm,PigCVP,0.7019230769230769,0.6966630591630593,0.7741300366300367,0.7019230769230769,457.03780126571655,20260227_151400_run2
multirocket_fm,SemgHandGenderCh2,0.97,0.970236322589942,0.9719345984572428,0.97,68.60219311714172,20260227_151510_run2
multirocket_fm,SemgHandMovementCh2,0.94,0.9398982320411299,0.9417939995031899,0.94,68.52793478965759,20260227_151620_run2
multirocket_fm,SemgHandSubjectCh2,0.9688888888888889,0.9688068869284087,0.9699372056514913,0.9688888888888889,69.9442195892334,20260227_151732_run2
multirocket_fm,ShapeletSim,1.0,1.0,1.0,1.0,62.11144423484802,20260227_151834_run2
multirocket_fm,ShapesAll,0.9433333333333334,0.943025471982936,0.9477129352129352,0.9433333333333334,589.9435782432556,20260227_152827_run2
multirocket_fm,SmallKitchenAppliances,0.856,0.8562576353314375,0.8594904982501882,0.856,67.03196907043457,20260227_152936_run2
multirocket_fm,SmoothSubspace,0.9666666666666667,0.9665831244778612,0.9696969696969696,0.9666666666666667,124.63975191116333,20260227_153141_run2
multirocket_fm,SonyAIBORobotSurface1,0.9633943427620633,0.9635077212986772,0.9649961731452068,0.9633943427620633,61.00703024864197,20260227_153243_run2
multirocket_fm,SonyAIBORobotSurface2,0.9569779643231899,0.9564543608374019,0.9594631756302953,0.9569779643231899,63.8343448638916,20260227_153348_run2
multirocket_fm,StandWalkJump,0.6666666666666666,0.60994560994561,0.7638888888888888,0.6666666666666666,59.896075963974,20260227_153447_run2
multirocket_fm,StarLightCurves,0.9827586206896551,0.9825628725891186,0.9826837256300254,0.9827586206896551,149.73344254493713,20260227_153727_run2
multirocket_fm,Strawberry,0.981081081081081,0.9810968625030194,0.9811281539462753,0.981081081081081,78.45644545555115,20260227_153847_run2
multirocket_fm,SwedishLeaf,0.9792,0.9791000225939962,0.9791808666719136,0.9792,570.0172009468079,20260227_154818_run2
multirocket_fm,Symbols,0.9738693467336683,0.9739623619247131,0.9741624478675165,0.9738693467336683,64.88224768638611,20260227_154925_run2
multirocket_fm,SyntheticControl,0.9933333333333333,0.9933326665999933,0.9934640522875816,0.9933333333333333,83.35293388366699,20260227_155049_run2
multirocket_fm,ToeSegmentation1,0.956140350877193,0.9561166374652937,0.9562407410422127,0.956140350877193,61.94137239456177,20260227_155151_run2
multirocket_fm,ToeSegmentation2,0.9230769230769231,0.9252958579881656,0.9298642533936651,0.9230769230769231,61.27603459358215,20260227_155252_run2
multirocket_fm,Trace,1.0,1.0,1.0,1.0,62.4116051197052,20260227_155355_run2
multirocket_fm,TwoLeadECG,0.9982440737489026,0.9982440737489026,0.9982440737489026,0.9982440737489026,66.30090188980103,20260227_155502_run2
multirocket_fm,TwoPatterns,1.0,1.0,1.0,1.0,117.25542163848877,20260227_155700_run2
multirocket_fm,UMD,0.9930555555555556,0.993054801953337,0.9931972789115646,0.9930555555555556,59.03936815261841,20260227_155759_run2
multirocket_fm,UWaveGestureLibrary,0.9375,0.9373313525281868,0.9407916730886143,0.9375,66.83906149864197,20260227_155906_run2
multirocket_fm,UWaveGestureLibraryAll,0.9821328866554997,0.9820609423190394,0.9822062615781573,0.9821328866554997,103.98741936683655,20260227_160052_run2
multirocket_fm,UWaveGestureLibraryX,0.8908431044109436,0.8899338929111383,0.8939564070766476,0.8908431044109436,104.13360977172852,20260227_160237_run2
multirocket_fm,UWaveGestureLibraryY,0.8271915131211613,0.8258188115745027,0.826721931674106,0.8271915131211613,100.03434443473816,20260227_160418_run2
multirocket_fm,UWaveGestureLibraryZ,0.8411501954215522,0.8395057993563237,0.8410929428763301,0.8411501954215522,104.11890172958374,20260227_160603_run2
multirocket_fm,Wafer,0.9998377676833226,0.9998377140227052,0.9998377971801073,0.9998377676833226,132.85284996032715,20260227_160817_run2
multirocket_fm,Wine,0.9259259259259259,0.9255172413793104,0.9354838709677419,0.9259259259259259,64.58454298973083,20260227_160922_run2
multirocket_fm,WordSynonyms,0.7539184952978056,0.7252972097543575,0.7363644554906741,0.7539184952978056,545.9763305187225,20260227_161828_run2
multirocket_fm,Worms,0.8311688311688312,0.8261250053457846,0.8261440940012369,0.8311688311688312,62.189658641815186,20260227_161930_run2
multirocket_fm,WormsTwoClass,0.7792207792207793,0.7776033490319205,0.778419452887538,0.7792207792207793,63.107640743255615,20260227_162033_run2
multirocket_fm,Yoga,0.938,0.9378857939854728,0.9385304685499509,0.938,87.27731251716614,20260227_162201_run2
multirocket_fm,MiddlePhalanxOutlineCorrect,0.8419243986254296,0.8413838840315355,0.8415758535492835,0.8419243986254296,80.98422193527222,20260227_162322_run3
multirocket_fm,MiddlePhalanxTW,0.6233766233766234,0.5906960282027741,0.5864408846966987,0.6233766233766234,82.38643884658813,20260227_162445_run3
multirocket_fm,MixedShapesRegularTrain,0.9818556701030928,0.9818557226320771,0.9819402403567544,0.9818556701030928,79.22088932991028,20260227_162605_run3
multirocket_fm,MixedShapesSmallTrain,0.9604123711340207,0.9603913119238217,0.9613899454692091,0.9604123711340207,73.97299575805664,20260227_162719_run3
multirocket_fm,MoteStrain,0.8785942492012779,0.8767718566789227,0.8893052884094785,0.8785942492012779,63.22756600379944,20260227_162823_run3
multirocket_fm,MotorImagery,0.55,0.54995499549955,0.5500200080032013,0.55,61.38215160369873,20260227_162924_run3
multirocket_fm,NATOPS,0.8888888888888888,0.88932866475934,0.8926090038993266,0.8888888888888888,78.51009368896484,20260227_163043_run3
multirocket_fm,NonInvasiveFetalECGThorax1,0.9699745547073791,0.9698997750012348,0.9709060373740291,0.9699745547073791,966.1434736251831,20260227_164657_run3
multirocket_fm,NonInvasiveFetalECGThorax2,0.9648854961832061,0.9653491213823471,0.9674558420089766,0.9648854961832061,953.6647341251373,20260227_170259_run3
multirocket_fm,OSULeaf,0.9710743801652892,0.9711244847766863,0.9722579073818741,0.9710743801652892,62.83298468589783,20260227_170402_run3
multirocket_fm,OliveOil,0.9,0.8922222222222221,0.9121212121212121,0.9,59.70134711265564,20260227_170502_run3
multirocket_fm,PEMS-SF,0.9017341040462428,0.8997707564181552,0.9036554646381236,0.9017341040462428,62.76189732551575,20260227_170605_run3
multirocket_fm,PhalangesOutlinesCorrect,0.8601398601398601,0.8582187043725504,0.8603429582663814,0.8601398601398601,88.69620108604431,20260227_170734_run3
multirocket_fm,Phoneme,0.33755274261603374,0.30777213899548955,0.33940990771599927,0.33755274261603374,569.9515602588654,20260227_171706_run3
multirocket_fm,PhonemeSpectra,0.26632866090068597,0.2572226342370685,0.3073322036271249,0.26632866090068597,1952.488740682602,20260227_174946_run3
multirocket_fm,PigAirwayPressure,0.46634615384615385,0.434582740696101,0.5069938063144585,0.46634615384615385,479.64799761772156,20260227_175746_run3
multirocket_fm,PowerCons,0.9944444444444445,0.9944442729713879,0.9945054945054945,0.9944444444444445,59.144580125808716,20260227_175949_run3
multirocket_fm,ProximalPhalanxOutlineAgeGroup,0.8390243902439024,0.8431269989186558,0.858259206121473,0.8390243902439024,88.75497603416443,20260227_180118_run3
multirocket_fm,ProximalPhalanxOutlineCorrect,0.9175257731958762,0.9164639129089893,0.9170324835945634,0.9175257731958762,84.9120180606842,20260227_180243_run3
multirocket_fm,ProximalPhalanxTW,0.8048780487804879,0.7898283421808981,0.7893649577525226,0.8048780487804879,86.25530195236206,20260227_180409_run3
multirocket_fm,RacketSports,0.9342105263157895,0.9341146791804686,0.9345798707294553,0.9342105263157895,77.92777609825134,20260227_180527_run3
multirocket_fm,RefrigerationDevices,0.8053333333333333,0.8058867962671563,0.806899071451127,0.8053333333333333,61.787792921066284,20260227_180629_run3
multirocket_fm,Rock,0.76,0.7616666666666666,0.7747985347985348,0.76,60.297452211380005,20260227_180729_run3
multirocket_fm,ScreenType,0.7466666666666667,0.744188909214579,0.74787718753236,0.7466666666666667,62.29000639915466,20260227_180832_run3
multirocket_fm,SelfRegulationSCP1,0.9146757679180887,0.9146737800508377,0.9146931031301985,0.9146757679180887,62.0612473487854,20260227_180934_run3
multirocket_fm,SelfRegulationSCP2,0.5444444444444444,0.5439377085650724,0.5446428571428572,0.5444444444444444,62.72821092605591,20260227_181037_run3
multirocket_fm,PigArtPressure,0.8990384615384616,0.8876845376845377,0.9291208791208792,0.8990384615384616,527.7842497825623,20260227_181925_run3
multirocket_fm,PigCVP,0.5576923076923077,0.5553935380858459,0.6498672079554433,0.5576923076923077,457.22081184387207,20260227_182702_run3
multirocket_fm,SemgHandGenderCh2,0.9616666666666667,0.9617285978988108,0.9618426320195073,0.9616666666666667,66.71624398231506,20260227_182809_run3
multirocket_fm,SemgHandMovementCh2,0.92,0.9200119997097942,0.9219307064211116,0.92,66.87622570991516,20260227_182917_run3
multirocket_fm,SemgHandSubjectCh2,0.9755555555555555,0.9755103518155223,0.9768438064135138,0.9755555555555555,65.51267433166504,20260227_183022_run3
multirocket_fm,ShapeletSim,1.0,1.0,1.0,1.0,59.11669874191284,20260227_183121_run3
multirocket_fm,ShapesAll,0.9033333333333333,0.903157552589845,0.9160456210456212,0.9033333333333333,568.1900477409363,20260227_184051_run3
multirocket_fm,SmallKitchenAppliances,0.856,0.856128682008219,0.8576469910408204,0.856,62.092676401138306,20260227_184153_run3
multirocket_fm,SmoothSubspace,0.9933333333333333,0.9933326665999933,0.9934640522875816,0.9933333333333333,117.19236779212952,20260227_184351_run3
multirocket_fm,SonyAIBORobotSurface1,0.8885191347753744,0.8889208108372257,0.9102294855182858,0.8885191347753744,58.82491397857666,20260227_184450_run3
multirocket_fm,SonyAIBORobotSurface2,0.9674711437565582,0.9672329511053877,0.9684379189128257,0.9674711437565582,61.86594557762146,20260227_184553_run3
multirocket_fm,StandWalkJump,0.7333333333333333,0.7333333333333333,0.7333333333333333,0.7333333333333333,59.58213400840759,20260227_184653_run3
multirocket_fm,StarLightCurves,0.9832442933462846,0.982977014559245,0.9832991550125119,0.9832442933462846,145.16518259048462,20260227_184926_run3
multirocket_fm,Strawberry,0.9891891891891892,0.9891891891891892,0.9891891891891892,0.9891891891891892,77.54394197463989,20260227_185043_run3
multirocket_fm,SwedishLeaf,0.984,0.98387955407747,0.9841252653626538,0.984,553.1833238601685,20260227_185957_run3
multirocket_fm,Symbols,0.9688442211055276,0.9688525401205977,0.9689802272535408,0.9688442211055276,61.56378436088562,20260227_190058_run3
multirocket_fm,SyntheticControl,1.0,1.0,1.0,1.0,76.23578715324402,20260227_190215_run3
multirocket_fm,ToeSegmentation1,0.9166666666666666,0.9163610965601537,0.9189570119802679,0.9166666666666666,57.49454855918884,20260227_190312_run3
multirocket_fm,ToeSegmentation2,0.9615384615384616,0.9618397851302388,0.9623150183150183,0.9615384615384616,60.57037591934204,20260227_190413_run3
multirocket_fm,Trace,1.0,1.0,1.0,1.0,60.60300660133362,20260227_190514_run3
multirocket_fm,TwoLeadECG,0.9947322212467077,0.9947321725203062,0.9947566609974999,0.9947322212467077,64.18606972694397,20260227_190618_run3
multirocket_fm,TwoPatterns,1.0,1.0,1.0,1.0,111.61930346488953,20260227_190810_run3
multirocket_fm,UMD,0.9791666666666666,0.979008164622683,0.9798639455782312,0.9791666666666666,57.726808071136475,20260227_190908_run3
multirocket_fm,UWaveGestureLibrary,0.95,0.9502348017112894,0.9527228120978121,0.95,63.238452196121216,20260227_191011_run3
multirocket_fm,UWaveGestureLibraryAll,0.981574539363484,0.9814757676670804,0.9818830285547058,0.981574539363484,96.49607586860657,20260227_191149_run3
multirocket_fm,UWaveGestureLibraryX,0.8886097152428811,0.8873734557761348,0.8940644967993712,0.8886097152428811,98.96207451820374,20260227_191329_run3
multirocket_fm,UWaveGestureLibraryY,0.8146286990508096,0.8138320030090568,0.8169977388218851,0.8146286990508096,97.2809579372406,20260227_191508_run3
multirocket_fm,UWaveGestureLibraryZ,0.8193746510329425,0.8168702977777951,0.8156143096559704,0.8193746510329425,97.61071109771729,20260227_191646_run3
multirocket_fm,Wafer,0.9998377676833226,0.9998377140227052,0.9998377971801073,0.9998377676833226,126.27377033233643,20260227_191854_run3
multirocket_fm,Wine,0.9259259259259259,0.9258241758241759,0.9282758620689655,0.9259259259259259,58.466673135757446,20260227_191952_run3
multirocket_fm,WordSynonyms,0.7225705329153606,0.6990571147648387,0.7446727699505995,0.7225705329153606,504.90375566482544,20260227_192817_run3
multirocket_fm,Worms,0.7272727272727273,0.7212225368616346,0.72002847002847,0.7272727272727273,58.08504271507263,20260227_192915_run3
multirocket_fm,WormsTwoClass,0.7662337662337663,0.7598522167487685,0.7714285714285715,0.7662337662337663,58.783371925354004,20260227_193014_run3
multirocket_fm,Yoga,0.9346666666666666,0.9345607655285171,0.9350668287112703,0.9346666666666666,80.50047469139099,20260227_193135_run3
multirocket_fm,MiddlePhalanxOutlineCorrect,0.8762886597938144,0.875865648372506,0.8762070639811906,0.8762886597938144,77.13994550704956,20260227_193252_run4
multirocket_fm,MiddlePhalanxTW,0.5844155844155844,0.523975980914191,0.5625086398195641,0.5844155844155844,78.24993538856506,20260227_193411_run4
multirocket_fm,MixedShapesRegularTrain,0.9868041237113402,0.9868016424301665,0.9869191129330619,0.9868041237113402,78.987628698349,20260227_193530_run4
multirocket_fm,MixedShapesSmallTrain,0.9402061855670103,0.940709502222909,0.9435372175474752,0.9402061855670103,71.94762945175171,20260227_193643_run4
multirocket_fm,MoteStrain,0.8913738019169329,0.890092974535574,0.8993372688845129,0.8913738019169329,62.68918514251709,20260227_193746_run4
multirocket_fm,MotorImagery,0.47,0.46994699469946993,0.46998799519807916,0.47,58.661925077438354,20260227_193844_run4
multirocket_fm,NATOPS,0.8777777777777778,0.8776289682539682,0.8794369029663147,0.8777777777777778,71.616290807724,20260227_193956_run4
multirocket_fm,NonInvasiveFetalECGThorax1,0.9628498727735368,0.9626237957860466,0.9634514516064494,0.9628498727735368,939.9039530754089,20260227_195540_run4
multirocket_fm,NonInvasiveFetalECGThorax2,0.973027989821883,0.9730518557019819,0.9742428982436208,0.973027989821883,932.7025303840637,20260227_201116_run4
multirocket_fm,OSULeaf,0.9586776859504132,0.9581056923947099,0.9597042530112158,0.9586776859504132,61.56379199028015,20260227_201218_run4
multirocket_fm,OliveOil,0.9333333333333333,0.9336363636363636,0.9454545454545454,0.9333333333333333,57.12249183654785,20260227_201315_run4
multirocket_fm,PEMS-SF,0.8901734104046243,0.886014524804934,0.9026149187998899,0.8901734104046243,62.25386381149292,20260227_201417_run4
multirocket_fm,PhalangesOutlinesCorrect,0.8531468531468531,0.8507576035826871,0.8537092278351021,0.8531468531468531,87.90859580039978,20260227_201546_run4
multirocket_fm,Phoneme,0.33122362869198313,0.30831243928222796,0.36470967710186725,0.33122362869198313,572.5259728431702,20260227_202520_run4
multirocket_fm,PhonemeSpectra,0.23262749776319713,0.22962368293055738,0.37542338650445256,0.23262749776319713,1945.231586933136,20260227_205751_run4
multirocket_fm,PigAirwayPressure,0.46153846153846156,0.4468951673059503,0.5368629322293116,0.46153846153846156,488.0025715827942,20260227_210600_run4
multirocket_fm,PowerCons,0.9833333333333333,0.9833328189141639,0.983393011482899,0.9833333333333333,60.249977588653564,20260227_210807_run4
multirocket_fm,ProximalPhalanxOutlineAgeGroup,0.8439024390243902,0.8540818482932303,0.8801355407627184,0.8439024390243902,90.08021450042725,20260227_210938_run4
multirocket_fm,ProximalPhalanxOutlineCorrect,0.8900343642611683,0.8889975873528508,0.888828593872129,0.8900343642611683,83.62658643722534,20260227_211101_run4
multirocket_fm,ProximalPhalanxTW,0.7804878048780488,0.7665346389205357,0.7733312216239044,0.7804878048780488,89.11621451377869,20260227_211231_run4
multirocket_fm,RacketSports,0.9276315789473685,0.9272522129682117,0.9270311194653299,0.9276315789473685,79.34348559379578,20260227_211350_run4
multirocket_fm,RefrigerationDevices,0.8026666666666666,0.800957994886768,0.8042197209667257,0.8026666666666666,63.06364917755127,20260227_211453_run4
multirocket_fm,Rock,0.8,0.8065100416824555,0.8216666666666665,0.8,57.451600074768066,20260227_211551_run4
multirocket_fm,ScreenType,0.7626666666666667,0.7611654717268685,0.76368703036909,0.7626666666666667,61.47776412963867,20260227_211652_run4
multirocket_fm,SelfRegulationSCP1,0.9249146757679181,0.9248884294996602,0.9256389284881655,0.9249146757679181,61.98469138145447,20260227_211754_run4
multirocket_fm,SelfRegulationSCP2,0.5555555555555556,0.5546759030183078,0.5559980089596814,0.5555555555555556,60.47267389297485,20260227_211855_run4
multirocket_fm,PigArtPressure,0.8942307692307693,0.8902434104357181,0.9358821733821734,0.8942307692307693,526.8315811157227,20260227_212742_run4
multirocket_fm,PigCVP,0.5625,0.5579034527563939,0.6779761904761904,0.5625,456.24789476394653,20260227_213518_run4
multirocket_fm,SemgHandGenderCh2,0.9666666666666667,0.9666666666666667,0.9666666666666667,0.9666666666666667,65.29336476325989,20260227_213624_run4
multirocket_fm,SemgHandMovementCh2,0.9222222222222223,0.9215311712138339,0.9218551520230112,0.9222222222222223,67.61732769012451,20260227_213731_run4
multirocket_fm,SemgHandSubjectCh2,0.9755555555555555,0.97557577863716,0.9758518848537975,0.9755555555555555,65.97425317764282,20260227_213838_run4
multirocket_fm,ShapeletSim,1.0,1.0,1.0,1.0,57.15305995941162,20260227_213935_run4
multirocket_fm,ShapesAll,0.9116666666666666,0.9148697426870802,0.9334434667586842,0.9116666666666666,560.8216667175293,20260227_214857_run4
multirocket_fm,SmallKitchenAppliances,0.8586666666666667,0.8576334666884794,0.8584423116036434,0.8586666666666667,64.78775954246521,20260227_215001_run4
multirocket_fm,SmoothSubspace,0.9933333333333333,0.9933326665999933,0.9934640522875816,0.9933333333333333,120.94133043289185,20260227_215202_run4
multirocket_fm,SonyAIBORobotSurface1,0.9633943427620633,0.9634432245558732,0.9636867696901171,0.9633943427620633,59.28164267539978,20260227_215302_run4
multirocket_fm,SonyAIBORobotSurface2,0.9307450157397692,0.9309480446346328,0.9314573759814742,0.9307450157397692,61.98740363121033,20260227_215404_run4
multirocket_fm,StandWalkJump,0.6,0.5956043956043956,0.7,0.6,59.13631558418274,20260227_215503_run4
multirocket_fm,StarLightCurves,0.9834871296745993,0.9832648314258169,0.9834567979262441,0.9834871296745993,142.51961636543274,20260227_215727_run4
multirocket_fm,Strawberry,0.972972972972973,0.9730175592933755,0.9731233890100575,0.972972972972973,76.77943110466003,20260227_215844_run4
multirocket_fm,SwedishLeaf,0.9776,0.9774134240836058,0.9778292336902863,0.9776,550.3215601444244,20260227_220754_run4
multirocket_fm,Symbols,0.9698492462311558,0.9699910551994805,0.9710573201686403,0.9698492462311558,64.36135077476501,20260227_220859_run4
multirocket_fm,SyntheticControl,0.9833333333333333,0.9833276644991429,0.983644419306184,0.9833333333333333,77.19688892364502,20260227_221016_run4
multirocket_fm,ToeSegmentation1,0.9122807017543859,0.9122807017543859,0.9122807017543859,0.9122807017543859,57.330235719680786,20260227_221114_run4
multirocket_fm,ToeSegmentation2,0.9230769230769231,0.9262301883661107,0.9344615384615383,0.9230769230769231,57.26996469497681,20260227_221211_run4
multirocket_fm,Trace,1.0,1.0,1.0,1.0,58.654754877090454,20260227_221310_run4
multirocket_fm,TwoLeadECG,0.9973661106233538,0.9973661106233538,0.9973676482025334,0.9973661106233538,62.025553464889526,20260227_221412_run4
multirocket_fm,TwoPatterns,1.0,1.0,1.0,1.0,112.31425666809082,20260227_221605_run4
multirocket_fm,UMD,0.9791666666666666,0.979008164622683,0.9798639455782312,0.9791666666666666,58.46277213096619,20260227_221703_run4
multirocket_fm,UWaveGestureLibrary,0.94375,0.9432541807545061,0.9452232709664454,0.94375,61.621734619140625,20260227_221805_run4
multirocket_fm,UWaveGestureLibraryAll,0.9840871021775545,0.9840887135971352,0.9842993328261778,0.9840871021775545,96.45288801193237,20260227_221943_run4
multirocket_fm,UWaveGestureLibraryX,0.8855388051367951,0.8855065227248995,0.8868894952127336,0.8855388051367951,96.00830936431885,20260227_222120_run4
multirocket_fm,UWaveGestureLibraryY,0.8257956448911222,0.8253559396922434,0.8266001947614584,0.8257956448911222,95.59514284133911,20260227_222257_run4
multirocket_fm,UWaveGestureLibraryZ,0.8391959798994975,0.8377798797153868,0.8386170767241348,0.8391959798994975,96.2415382862091,20260227_222434_run4
multirocket_fm,Wafer,1.0,1.0,1.0,1.0,125.28642439842224,20260227_222640_run4
multirocket_fm,Wine,0.9074074074074074,0.9073756432246998,0.907967032967033,0.9074074074074074,57.6969838142395,20260227_222738_run4
multirocket_fm,WordSynonyms,0.7617554858934169,0.739665947907065,0.7552708210146383,0.7617554858934169,509.5635120868683,20260227_223608_run4
multirocket_fm,Worms,0.7792207792207793,0.7810760667903526,0.787012987012987,0.7792207792207793,62.6021466255188,20260227_223710_run4
multirocket_fm,WormsTwoClass,0.7922077922077922,0.7865353037766832,0.7995604395604395,0.7922077922077922,60.46163511276245,20260227_223811_run4
multirocket_fm,Yoga,0.9476666666666667,0.9476285839016584,0.9477451409261347,0.9476666666666667,82.46378660202026,20260227_223934_run4
multirocket_fm,MiddlePhalanxOutlineCorrect,0.8762886597938144,0.8751220862173624,0.8782029452132546,0.8762886597938144,77.0423686504364,20260227_224051_run5
multirocket_fm,MiddlePhalanxTW,0.5714285714285714,0.544806286150824,0.5657743285543092,0.5714285714285714,78.6490626335144,20260227_224210_run5
multirocket_fm,MixedShapesRegularTrain,0.9847422680412371,0.9847160865890384,0.9848992926225013,0.9847422680412371,76.80321717262268,20260227_224327_run5
multirocket_fm,MixedShapesSmallTrain,0.9665979381443299,0.9665019864829879,0.9668146221943187,0.9665979381443299,70.44189524650574,20260227_224438_run5
multirocket_fm,MoteStrain,0.920926517571885,0.9207060278708726,0.9217846908555485,0.920926517571885,63.383041858673096,20260227_224541_run5
multirocket_fm,MotorImagery,0.58,0.5798319327731093,0.5801282051282051,0.58,58.271225690841675,20260227_224640_run5
multirocket_fm,NATOPS,0.9222222222222223,0.9227051120031717,0.9250181554103124,0.9222222222222223,72.38938879966736,20260227_224752_run5
multirocket_fm,NonInvasiveFetalECGThorax1,0.9725190839694656,0.9722562666847993,0.973174648701731,0.9725190839694656,940.7950091362,20260227_230337_run5
multirocket_fm,NonInvasiveFetalECGThorax2,0.9699745547073791,0.9692657764324883,0.9715841284004889,0.9699745547073791,927.4639222621918,20260227_231908_run5
multirocket_fm,OSULeaf,0.9628099173553719,0.9623434109410899,0.9642309897583929,0.9628099173553719,62.17966389656067,20260227_232010_run5
multirocket_fm,OliveOil,0.8666666666666667,0.8666666666666667,0.8916666666666667,0.8666666666666667,57.15673756599426,20260227_232107_run5
multirocket_fm,PEMS-SF,0.9132947976878613,0.9136799989683007,0.9194127901642353,0.9132947976878613,63.1452751159668,20260227_232211_run5
multirocket_fm,PhalangesOutlinesCorrect,0.8589743589743589,0.8562399251529896,0.8607283790302344,0.8589743589743589,91.57431387901306,20260227_232342_run5
multirocket_fm,Phoneme,0.3454641350210971,0.3101061246936387,0.3424154678308816,0.3454641350210971,571.4294648170471,20260227_233316_run5
multirocket_fm,PhonemeSpectra,0.3119594393080823,0.29597818972062967,0.33034604018429936,0.3119594393080823,1931.3781628608704,20260228_000534_run5
multirocket_fm,PigAirwayPressure,0.4807692307692308,0.47145357784498054,0.5674157730153205,0.4807692307692308,483.90195965766907,20260228_001338_run5
multirocket_fm,PowerCons,0.9611111111111111,0.9611099107997161,0.9611680454377083,0.9611111111111111,59.784191846847534,20260228_001543_run5
multirocket_fm,ProximalPhalanxOutlineAgeGroup,0.8146341463414634,0.8131992635959724,0.8157678958705916,0.8146341463414634,90.56288194656372,20260228_001713_run5
multirocket_fm,ProximalPhalanxOutlineCorrect,0.9037800687285223,0.9025412317271543,0.9028978392492512,0.9037800687285223,84.58983540534973,20260228_001838_run5
multirocket_fm,ProximalPhalanxTW,0.7902439024390244,0.778405602720335,0.7936430507162213,0.7902439024390244,89.54297280311584,20260228_002008_run5
multirocket_fm,RacketSports,0.9013157894736842,0.9013157894736842,0.9015037593984961,0.9013157894736842,78.52077054977417,20260228_002126_run5
multirocket_fm,RefrigerationDevices,0.832,0.8318492708736611,0.8319125398581376,0.832,61.45961117744446,20260228_002228_run5
multirocket_fm,Rock,0.9,0.9015372002459521,0.909,0.9,57.366819620132446,20260228_002325_run5
multirocket_fm,ScreenType,0.704,0.7008005810394081,0.7056600417944956,0.704,61.50076985359192,20260228_002427_run5
multirocket_fm,SelfRegulationSCP1,0.9146757679180887,0.9146638390470837,0.9148437910212656,0.9146757679180887,61.94121241569519,20260228_002529_run5
multirocket_fm,SelfRegulationSCP2,0.55,0.5496525096525097,0.5501547987616099,0.55,61.21896457672119,20260228_002630_run5
multirocket_fm,PigArtPressure,0.8942307692307693,0.884010434010434,0.9315018315018315,0.8942307692307693,522.8694667816162,20260228_003513_run5
multirocket_fm,PigCVP,0.6826923076923077,0.6486563930895914,0.7147768897768898,0.6826923076923077,462.29401421546936,20260228_004256_run5
multirocket_fm,SemgHandGenderCh2,0.97,0.9700325296360823,0.9700885041820658,0.97,66.72283911705017,20260228_004403_run5
multirocket_fm,SemgHandMovementCh2,0.9377777777777778,0.9373986117830047,0.9378366562193089,0.9377777777777778,66.68739628791809,20260228_004509_run5
multirocket_fm,SemgHandSubjectCh2,0.9755555555555555,0.975552811732587,0.9757422046552481,0.9755555555555555,66.2104880809784,20260228_004616_run5
multirocket_fm,ShapeletSim,1.0,1.0,1.0,1.0,57.351162910461426,20260228_004713_run5
multirocket_fm,ShapesAll,0.9116666666666666,0.9099519858279448,0.9271603165353165,0.9116666666666666,559.8294787406921,20260228_005634_run5
multirocket_fm,SmallKitchenAppliances,0.8533333333333334,0.8526232097835524,0.8527925003766247,0.8533333333333334,62.84362030029297,20260228_005737_run5
multirocket_fm,SmoothSubspace,0.9866666666666667,0.9866613311991462,0.9871794871794873,0.9866666666666667,115.7456636428833,20260228_005933_run5
multirocket_fm,SonyAIBORobotSurface1,0.9284525790349417,0.9288100322095698,0.9369837927395508,0.9284525790349417,58.777690172195435,20260228_010032_run5
multirocket_fm,SonyAIBORobotSurface2,0.9307450157397692,0.9300747934969805,0.9316845735828235,0.9307450157397692,60.596948862075806,20260228_010133_run5
multirocket_fm,StandWalkJump,0.6,0.5995670995670996,0.6984126984126984,0.6,56.94867420196533,20260228_010230_run5
multirocket_fm,StarLightCurves,0.9832442933462846,0.9829727800878321,0.9833324325403251,0.9832442933462846,142.78762292861938,20260228_010454_run5
multirocket_fm,Strawberry,0.972972972972973,0.972972972972973,0.972972972972973,0.972972972972973,77.28543257713318,20260228_010611_run5
multirocket_fm,SwedishLeaf,0.9776,0.9775159637241725,0.9778246019387643,0.9776,554.0191562175751,20260228_011525_run5
multirocket_fm,Symbols,0.9698492462311558,0.9699464778712016,0.9701297804455309,0.9698492462311558,64.81313347816467,20260228_011630_run5
multirocket_fm,SyntheticControl,0.9966666666666667,0.9966663332999967,0.9967320261437908,0.9966666666666667,78.6653265953064,20260228_011749_run5
multirocket_fm,ToeSegmentation1,0.9078947368421053,0.9078146592354647,0.9080506143407299,0.9078947368421053,57.470494508743286,20260228_011847_run5
multirocket_fm,ToeSegmentation2,0.9230769230769231,0.9262301883661107,0.9344615384615383,0.9230769230769231,57.72170948982239,20260228_011944_run5
multirocket_fm,Trace,1.0,1.0,1.0,1.0,58.903605222702026,20260228_012043_run5
multirocket_fm,TwoLeadECG,0.9938542581211589,0.9938542296975345,0.9938679910146108,0.9938542581211589,63.325302600860596,20260228_012147_run5
multirocket_fm,TwoPatterns,1.0,1.0,1.0,1.0,112.8920431137085,20260228_012341_run5
multirocket_fm,UMD,0.9861111111111112,0.9861103575088924,0.9862528344671202,0.9861111111111112,57.54698038101196,20260228_012438_run5
multirocket_fm,UWaveGestureLibrary,0.921875,0.9208899954681484,0.928299694481565,0.921875,62.484355211257935,20260228_012541_run5
multirocket_fm,UWaveGestureLibraryAll,0.9860413176996091,0.9860348157230314,0.9861206146445635,0.9860413176996091,97.72070550918579,20260228_012720_run5
multirocket_fm,UWaveGestureLibraryX,0.88107202680067,0.8798707520047436,0.8806478932294698,0.88107202680067,98.18527412414551,20260228_012859_run5
multirocket_fm,UWaveGestureLibraryY,0.8218872138470128,0.8202179948612803,0.8208471659601508,0.8218872138470128,95.8364851474762,20260228_013036_run5
multirocket_fm,UWaveGestureLibraryZ,0.8297040759352318,0.827822647185157,0.8278613980023491,0.8297040759352318,97.55745434761047,20260228_013215_run5
multirocket_fm,Wafer,1.0,1.0,1.0,1.0,124.2292320728302,20260228_013420_run5
multirocket_fm,Wine,0.9814814814814815,0.98147512864494,0.9821428571428571,0.9814814814814815,57.75054121017456,20260228_013518_run5
multirocket_fm,WordSynonyms,0.7413793103448276,0.7156788415356088,0.7519413540866539,0.7413793103448276,502.3053617477417,20260228_014340_run5
multirocket_fm,Worms,0.7142857142857143,0.715192643314867,0.7205824478551751,0.7142857142857143,58.29900884628296,20260228_014439_run5
multirocket_fm,WormsTwoClass,0.7792207792207793,0.7761073757900834,0.7798833819241983,0.7792207792207793,58.179532051086426,20260228_014537_run5
multirocket_fm,Yoga,0.9293333333333333,0.9293264501723695,0.9293228867947546,0.9293333333333333,89.14243364334106,20260228_014706_run5
multirocket_fm,MiddlePhalanxOutlineCorrect,0.8419243986254296,0.8388593949197477,0.8481346778193826,0.8419243986254296,77.6693274974823,20260228_014824_run6
multirocket_fm,MiddlePhalanxTW,0.577922077922078,0.5377836501905389,0.5244124203530698,0.577922077922078,77.74434900283813,20260228_014942_run6
multirocket_fm,MixedShapesRegularTrain,0.9810309278350515,0.9810346735431854,0.9811982486974274,0.9810309278350515,84.04675054550171,20260228_015107_run6
multirocket_fm,MixedShapesSmallTrain,0.954639175257732,0.954615231426692,0.9547358089355783,0.954639175257732,72.30505776405334,20260228_015219_run6
multirocket_fm,MoteStrain,0.9241214057507987,0.9242360241535755,0.9279174961547845,0.9241214057507987,63.85100722312927,20260228_015323_run6
multirocket_fm,MotorImagery,0.5,0.49677938808373595,0.5,0.5,57.90025734901428,20260228_015421_run6
multirocket_fm,NATOPS,0.9111111111111111,0.911012235817575,0.9114583333333334,0.9111111111111111,72.28397798538208,20260228_015534_run6
multirocket_fm,NonInvasiveFetalECGThorax1,0.9694656488549618,0.9691945305858525,0.9696846540946227,0.9694656488549618,952.6808612346649,20260228_021130_run6
multirocket_fm,NonInvasiveFetalECGThorax2,0.973027989821883,0.9733129127769208,0.9743556587381043,0.973027989821883,923.1437087059021,20260228_022657_run6
multirocket_fm,OSULeaf,0.9710743801652892,0.9710517442768963,0.9713557210722308,0.9710743801652892,62.22564339637756,20260228_022759_run6
multirocket_fm,OliveOil,0.9333333333333333,0.9333333333333333,0.9333333333333333,0.9333333333333333,57.92596411705017,20260228_022857_run6
multirocket_fm,PEMS-SF,0.9190751445086706,0.9204931016039334,0.9261400128452152,0.9190751445086706,62.41323232650757,20260228_023000_run6
multirocket_fm,PhalangesOutlinesCorrect,0.8589743589743589,0.8557058052974696,0.8621256308225511,0.8589743589743589,88.60139203071594,20260228_023129_run6
multirocket_fm,Phoneme,0.3639240506329114,0.30834371538676825,0.3089975645885667,0.3639240506329114,570.0103497505188,20260228_024101_run6
multirocket_fm,PhonemeSpectra,0.32120489114226064,0.30595982551606565,0.3207371263737589,0.32120489114226064,1939.1244139671326,20260228_031326_run6
multirocket_fm,PigAirwayPressure,0.5432692307692307,0.5099445897240015,0.5487165078511232,0.5432692307692307,488.24581813812256,20260228_032134_run6
multirocket_fm,PowerCons,0.9833333333333333,0.9833328189141639,0.983393011482899,0.9833333333333333,58.78092122077942,20260228_032337_run6
multirocket_fm,ProximalPhalanxOutlineAgeGroup,0.8634146341463415,0.8705182227459498,0.886334668041985,0.8634146341463415,90.62754964828491,20260228_032507_run6
multirocket_fm,ProximalPhalanxOutlineCorrect,0.9106529209621993,0.9081248117554707,0.9124060450815363,0.9106529209621993,83.22793984413147,20260228_032631_run6
multirocket_fm,ProximalPhalanxTW,0.8195121951219512,0.8119523661758418,0.8482207665183751,0.8195121951219512,87.93055152893066,20260228_032759_run6
multirocket_fm,RacketSports,0.9276315789473685,0.9271723571862528,0.9277203425229741,0.9276315789473685,77.93165493011475,20260228_032917_run6
multirocket_fm,RefrigerationDevices,0.8373333333333334,0.8344696798237672,0.8368210152929201,0.8373333333333334,64.57908821105957,20260228_033021_run6
multirocket_fm,Rock,0.8,0.8029471544715446,0.8238461538461539,0.8,58.250038862228394,20260228_033120_run6
multirocket_fm,ScreenType,0.7173333333333334,0.7111418554227213,0.7339400239080799,0.7173333333333334,61.11642408370972,20260228_033221_run6
multirocket_fm,SelfRegulationSCP1,0.89419795221843,0.89416096409969,0.8946454346599195,0.89419795221843,61.26659154891968,20260228_033322_run6
multirocket_fm,SelfRegulationSCP2,0.5444444444444444,0.5443881960735893,0.5444664031620553,0.5444444444444444,60.0988552570343,20260228_033422_run6
multirocket_fm,PigArtPressure,0.9182692307692307,0.9140678765678765,0.9376831501831501,0.9182692307692307,520.710520029068,20260228_034303_run6
multirocket_fm,PigCVP,0.6923076923076923,0.6893958919411407,0.8063367188367188,0.6923076923076923,460.41489577293396,20260228_035044_run6
multirocket_fm,SemgHandGenderCh2,0.9766666666666667,0.9767405466390071,0.977025462962963,0.9766666666666667,64.29125761985779,20260228_035148_run6
multirocket_fm,SemgHandMovementCh2,0.9444444444444444,0.9443662499815285,0.9465387044852626,0.9444444444444444,66.07027840614319,20260228_035255_run6
multirocket_fm,SemgHandSubjectCh2,0.9533333333333334,0.9535153848567044,0.9538147601191079,0.9533333333333334,65.74710893630981,20260228_035401_run6
multirocket_fm,ShapeletSim,1.0,1.0,1.0,1.0,57.89844369888306,20260228_035458_run6
multirocket_fm,ShapesAll,0.9216666666666666,0.9218599449973459,0.9317316479816479,0.9216666666666666,567.6113197803497,20260228_040427_run6
multirocket_fm,SmallKitchenAppliances,0.8693333333333333,0.8698147571785917,0.8710430589918111,0.8693333333333333,65.00303077697754,20260228_040532_run6
multirocket_fm,SmoothSubspace,0.9733333333333334,0.973193237691116,0.9734477124183005,0.9733333333333334,117.38982439041138,20260228_040730_run6
multirocket_fm,SonyAIBORobotSurface1,0.9151414309484193,0.9155661945733614,0.9262490727738084,0.9151414309484193,59.627553939819336,20260228_040830_run6
multirocket_fm,SonyAIBORobotSurface2,0.9674711437565582,0.9672747455450076,0.9680916255676792,0.9674711437565582,64.3131628036499,20260228_040934_run6
multirocket_fm,StandWalkJump,0.7333333333333333,0.7313131313131312,0.7388888888888888,0.7333333333333333,59.29466271400452,20260228_041033_run6
multirocket_fm,StarLightCurves,0.9831228751821273,0.9828580048499624,0.9831592261170732,0.9831228751821273,145.93200540542603,20260228_041301_run6
multirocket_fm,Strawberry,0.9837837837837838,0.9838105355760254,0.9838993306486351,0.9837837837837838,77.84850931167603,20260228_041418_run6
multirocket_fm,SwedishLeaf,0.976,0.9755792319857041,0.9763318599745159,0.976,558.1627805233002,20260228_042337_run6
multirocket_fm,Symbols,0.985929648241206,0.9859607704266095,0.9861193621455658,0.985929648241206,62.39759135246277,20260228_042440_run6
multirocket_fm,SyntheticControl,0.9933333333333333,0.9933326665999933,0.9934640522875816,0.9933333333333333,76.50356554985046,20260228_042556_run6
multirocket_fm,ToeSegmentation1,0.9254385964912281,0.9251651916590848,0.9278216683357443,0.9254385964912281,59.89131259918213,20260228_042656_run6
multirocket_fm,ToeSegmentation2,0.9384615384615385,0.9402366863905325,0.9444516268045681,0.9384615384615385,58.726351499557495,20260228_042755_run6
multirocket_fm,Trace,1.0,1.0,1.0,1.0,57.85707664489746,20260228_042853_run6
multirocket_fm,TwoLeadECG,0.9956101843722563,0.9956101640696676,0.9956239578715433,0.9956101843722563,61.68588948249817,20260228_042955_run6
multirocket_fm,TwoPatterns,1.0,1.0,1.0,1.0,112.69770169258118,20260228_043148_run6
multirocket_fm,UMD,0.9722222222222222,0.972148369204799,0.9722161914411155,0.9722222222222222,58.41309976577759,20260228_043247_run6
multirocket_fm,UWaveGestureLibrary,0.915625,0.9151879561294081,0.9214772084991345,0.915625,61.78240990638733,20260228_043348_run6
multirocket_fm,UWaveGestureLibraryAll,0.9860413176996091,0.9860210541200278,0.9860713097524922,0.9860413176996091,96.52124357223511,20260228_043526_run6
multirocket_fm,UWaveGestureLibraryX,0.88107202680067,0.8808256626061571,0.8828722708665149,0.88107202680067,96.50123476982117,20260228_043704_run6
multirocket_fm,UWaveGestureLibraryY,0.8269123394751535,0.8252082908151501,0.8252360018570959,0.8269123394751535,97.09239554405212,20260228_043842_run6
multirocket_fm,UWaveGestureLibraryZ,0.8389168062534896,0.8374441635607308,0.8367607727647446,0.8389168062534896,95.93633651733398,20260228_044019_run6
multirocket_fm,Wafer,1.0,1.0,1.0,1.0,122.30009245872498,20260228_044222_run6
multirocket_fm,Wine,0.9259259259259259,0.9255172413793104,0.9354838709677419,0.9259259259259259,57.28921055793762,20260228_044320_run6
multirocket_fm,WordSynonyms,0.7758620689655172,0.7611236200197627,0.7839540298808232,0.7758620689655172,500.916286945343,20260228_045141_run6
multirocket_fm,Worms,0.8571428571428571,0.8524492565004292,0.8671597564645692,0.8571428571428571,58.30530309677124,20260228_045239_run6
multirocket_fm,WormsTwoClass,0.7792207792207793,0.7787628102234845,0.7785714285714286,0.7792207792207793,59.03547239303589,20260228_045338_run6
multirocket_fm,Yoga,0.9433333333333334,0.9432289514920987,0.9438878510869468,0.9433333333333334,80.71505880355835,20260228_045500_run6
multirocket_fm,MiddlePhalanxOutlineCorrect,0.8247422680412371,0.8198216388636334,0.835580427179796,0.8247422680412371,78.0029501914978,20260228_045618_run7
multirocket_fm,MiddlePhalanxTW,0.512987012987013,0.483421133987094,0.5097576220570873,0.512987012987013,78.6210355758667,20260228_045736_run7
multirocket_fm,MixedShapesRegularTrain,0.9855670103092784,0.9855591178750289,0.9856006427995438,0.9855670103092784,76.93318557739258,20260228_045854_run7
multirocket_fm,MixedShapesSmallTrain,0.9567010309278351,0.9565830316277072,0.9580482102524069,0.9567010309278351,72.0651388168335,20260228_050006_run7
multirocket_fm,MoteStrain,0.9193290734824281,0.919184497181429,0.9196676089206758,0.9193290734824281,64.32683157920837,20260228_050111_run7
multirocket_fm,MotorImagery,0.55,0.5463252343986289,0.5516742455560149,0.55,57.68522667884827,20260228_050209_run7
multirocket_fm,NATOPS,0.9111111111111111,0.9108305274971942,0.9157407407407406,0.9111111111111111,72.09310698509216,20260228_050321_run7
multirocket_fm,NonInvasiveFetalECGThorax1,0.9679389312977099,0.9678727045435611,0.9687156995991337,0.9679389312977099,945.6317174434662,20260228_051910_run7
multirocket_fm,NonInvasiveFetalECGThorax2,0.9720101781170484,0.9720936632740292,0.9725302443796919,0.9720101781170484,932.7302296161652,20260228_053447_run7
multirocket_fm,OSULeaf,0.9669421487603306,0.9668588869289034,0.9673652105470287,0.9669421487603306,61.352452516555786,20260228_053549_run7
multirocket_fm,OliveOil,0.9666666666666667,0.9668192219679634,0.9700000000000001,0.9666666666666667,57.231839179992676,20260228_053646_run7
multirocket_fm,PEMS-SF,0.9364161849710982,0.9362282244994016,0.9429693620445067,0.9364161849710982,62.377363443374634,20260228_053748_run7
multirocket_fm,PhalangesOutlinesCorrect,0.8694638694638694,0.8671102264095755,0.8712526761063996,0.8694638694638694,90.2767584323883,20260228_053919_run7
multirocket_fm,Phoneme,0.3037974683544304,0.2542640414668856,0.29144337889735134,0.3037974683544304,570.0539152622223,20260228_054851_run7
multirocket_fm,PhonemeSpectra,0.3050999105278855,0.282600931897769,0.31079215623069173,0.3050999105278855,1935.473121881485,20260228_062113_run7
multirocket_fm,PigAirwayPressure,0.5576923076923077,0.5281678728511306,0.6009476100822254,0.5576923076923077,483.27176785469055,20260228_062916_run7
multirocket_fm,PowerCons,1.0,1.0,1.0,1.0,60.70656967163086,20260228_063124_run7
multirocket_fm,ProximalPhalanxOutlineAgeGroup,0.8585365853658536,0.8603873185984152,0.8669833710642678,0.8585365853658536,91.53170084953308,20260228_063255_run7
multirocket_fm,ProximalPhalanxOutlineCorrect,0.9347079037800687,0.9327219613685311,0.9387972508591065,0.9347079037800687,83.59365940093994,20260228_063419_run7
multirocket_fm,ProximalPhalanxTW,0.8195121951219512,0.8063325286365522,0.843044556482752,0.8195121951219512,87.77997255325317,20260228_063547_run7
multirocket_fm,RacketSports,0.8881578947368421,0.8872527984396511,0.8873725217515332,0.8881578947368421,78.7690794467926,20260228_063706_run7
multirocket_fm,RefrigerationDevices,0.824,0.8222340319527021,0.8225104428080834,0.824,62.08853507041931,20260228_063808_run7
multirocket_fm,Rock,0.88,0.8834276018099547,0.8997222222222223,0.88,57.99374842643738,20260228_063906_run7
multirocket_fm,ScreenType,0.7013333333333334,0.6969318707391017,0.7116586571335851,0.7013333333333334,62.31727337837219,20260228_064008_run7
multirocket_fm,SelfRegulationSCP1,0.9112627986348123,0.911148937444184,0.9131681280585974,0.9112627986348123,62.00948429107666,20260228_064110_run7
multirocket_fm,SelfRegulationSCP2,0.4666666666666667,0.4660734149054505,0.4665178571428571,0.4666666666666667,61.5056734085083,20260228_064212_run7
multirocket_fm,PigArtPressure,0.8413461538461539,0.8511639326856717,0.9309716599190284,0.8413461538461539,535.1599674224854,20260228_065107_run7
multirocket_fm,PigCVP,0.5288461538461539,0.5417307529072235,0.6816762138570649,0.5288461538461539,458.40643310546875,20260228_065846_run7
multirocket_fm,SemgHandGenderCh2,0.9666666666666667,0.966772209484296,0.9670862268518519,0.9666666666666667,65.45363640785217,20260228_065951_run7
multirocket_fm,SemgHandMovementCh2,0.92,0.9198193578651176,0.9213178972906084,0.92,66.50964593887329,20260228_070058_run7
multirocket_fm,SemgHandSubjectCh2,0.9755555555555555,0.9755321292162875,0.9767344450251002,0.9755555555555555,67.28280663490295,20260228_070206_run7
multirocket_fm,ShapeletSim,1.0,1.0,1.0,1.0,59.49020957946777,20260228_070305_run7
multirocket_fm,ShapesAll,0.925,0.9239759778006851,0.9351762126762128,0.925,562.8136410713196,20260228_071229_run7
multirocket_fm,SmallKitchenAppliances,0.8186666666666667,0.8157678374936638,0.8197606890033633,0.8186666666666667,64.23620700836182,20260228_071334_run7
multirocket_fm,SmoothSubspace,0.9866666666666667,0.9866659999333266,0.9867973856209149,0.9866666666666667,120.8081865310669,20260228_071534_run7
multirocket_fm,SonyAIBORobotSurface1,0.9500831946755408,0.9496702736133809,0.9529929480831327,0.9500831946755408,59.51828956604004,20260228_071634_run7
multirocket_fm,SonyAIBORobotSurface2,0.9307450157397692,0.9305560470854147,0.9305841753522041,0.9307450157397692,60.84783339500427,20260228_071735_run7
multirocket_fm,StandWalkJump,0.4666666666666667,0.47835497835497837,0.5873015873015872,0.4666666666666667,56.99905037879944,20260228_071832_run7
multirocket_fm,StarLightCurves,0.9833657115104419,0.9831967581150801,0.9832839253509509,0.9833657115104419,142.53844594955444,20260228_072056_run7
multirocket_fm,Strawberry,0.9837837837837838,0.9837837837837838,0.9837837837837838,0.9837837837837838,78.40265774726868,20260228_072214_run7
multirocket_fm,SwedishLeaf,0.976,0.9760291836295378,0.9765503779267326,0.976,550.3559653759003,20260228_073125_run7
multirocket_fm,Symbols,0.9708542713567839,0.9709762419854728,0.9742429186606243,0.9708542713567839,62.22989511489868,20260228_073227_run7
multirocket_fm,SyntheticControl,0.9933333333333333,0.9933333333333333,0.9933333333333333,0.9933333333333333,77.3754050731659,20260228_073345_run7
multirocket_fm,ToeSegmentation1,0.8640350877192983,0.8638115261070753,0.8644251405212059,0.8640350877192983,57.40645909309387,20260228_073442_run7
multirocket_fm,ToeSegmentation2,0.9307692307692308,0.9339928364318607,0.9441211118630474,0.9307692307692308,57.44438600540161,20260228_073540_run7
multirocket_fm,Trace,1.0,1.0,1.0,1.0,57.22394609451294,20260228_073637_run7
multirocket_fm,TwoLeadECG,0.9877085162423178,0.9877067916564222,0.9880036805178025,0.9877085162423178,61.81348419189453,20260228_073739_run7
multirocket_fm,TwoPatterns,1.0,1.0,1.0,1.0,111.79315853118896,20260228_073932_run7
multirocket_fm,UMD,0.9791666666666666,0.979008164622683,0.9798639455782312,0.9791666666666666,59.49672174453735,20260228_074031_run7
multirocket_fm,UWaveGestureLibrary,0.953125,0.9535984805597699,0.9555734025699701,0.953125,64.14920234680176,20260228_074136_run7
multirocket_fm,UWaveGestureLibraryAll,0.9857621440536013,0.985748157474021,0.9857543375555851,0.9857621440536013,96.09005856513977,20260228_074313_run7
multirocket_fm,UWaveGestureLibraryX,0.8914014517029593,0.8899889521612404,0.8899733013142196,0.8914014517029593,96.02794051170349,20260228_074450_run7
multirocket_fm,UWaveGestureLibraryY,0.8271915131211613,0.8260855912988313,0.8257587095592439,0.8271915131211613,96.77861881256104,20260228_074628_run7
multirocket_fm,UWaveGestureLibraryZ,0.847571189279732,0.8464517342154717,0.8471156908571214,0.847571189279732,97.2527928352356,20260228_074806_run7
multirocket_fm,Wafer,0.9993510707332901,0.9993502099218068,0.9993515424245615,0.9993510707332901,124.21787858009338,20260228_075011_run7
multirocket_fm,Wine,0.8888888888888888,0.8888888888888888,0.8888888888888888,0.8888888888888888,57.856303215026855,20260228_075109_run7
multirocket_fm,WordSynonyms,0.7821316614420063,0.7669304104752177,0.7881169873258406,0.7821316614420063,503.08872056007385,20260228_075933_run7
multirocket_fm,Worms,0.7792207792207793,0.7815479551504396,0.7966155057064147,0.7792207792207793,59.524667263031006,20260228_080032_run7
multirocket_fm,WormsTwoClass,0.7792207792207793,0.7694083694083693,0.7961038961038962,0.7792207792207793,58.28450274467468,20260228_080131_run7
multirocket_fm,Yoga,0.9393333333333334,0.9393050146416376,0.9393447459207459,0.9393333333333334,80.900390625,20260228_080252_run7
multirocket_fm,MiddlePhalanxOutlineCorrect,0.8384879725085911,0.8365295768581547,0.8405895755481695,0.8384879725085911,78.42605710029602,20260228_080410_run8
multirocket_fm,MiddlePhalanxTW,0.5,0.4808608597784508,0.4710675837320575,0.5,76.81046056747437,20260228_080527_run8
multirocket_fm,MixedShapesRegularTrain,0.985979381443299,0.985965897437585,0.9860581698894835,0.985979381443299,77.51658463478088,20260228_080645_run8
multirocket_fm,MixedShapesSmallTrain,0.9496907216494845,0.9498531850784834,0.9519055401807935,0.9496907216494845,72.39112401008606,20260228_080758_run8
multirocket_fm,MoteStrain,0.9033546325878594,0.9029287372611762,0.9051014472594646,0.9033546325878594,62.80155968666077,20260228_080901_run8
multirocket_fm,MotorImagery,0.5,0.49979991996798717,0.5,0.5,56.926517963409424,20260228_080958_run8
multirocket_fm,NATOPS,0.8777777777777778,0.8774626127796317,0.8776289682539682,0.8777777777777778,72.84040236473083,20260228_081111_run8
multirocket_fm,NonInvasiveFetalECGThorax1,0.9531806615776082,0.9538702040262576,0.9597700326890047,0.9531806615776082,942.0726776123047,20260228_082657_run8
multirocket_fm,NonInvasiveFetalECGThorax2,0.9597964376590331,0.9607912205952945,0.9637900003368829,0.9597964376590331,937.6830179691315,20260228_084239_run8
multirocket_fm,OSULeaf,0.9793388429752066,0.9793480997659882,0.9801758396342536,0.9793388429752066,61.23844075202942,20260228_084340_run8
multirocket_fm,OliveOil,0.9,0.8994372294372293,0.9176767676767678,0.9,58.49387502670288,20260228_084439_run8
multirocket_fm,PEMS-SF,0.9364161849710982,0.9361609497650575,0.9382364204130199,0.9364161849710982,63.71303200721741,20260228_084543_run8
multirocket_fm,PhalangesOutlinesCorrect,0.8648018648018648,0.8628325085410503,0.8653647186551509,0.8648018648018648,89.0785481929779,20260228_084712_run8
multirocket_fm,Phoneme,0.26635021097046413,0.2692111468470893,0.3741799833695532,0.26635021097046413,577.4869773387909,20260228_085652_run8
multirocket_fm,PhonemeSpectra,0.20131225767968983,0.21103522716670858,0.3323181208243335,0.20131225767968983,1939.2126207351685,20260228_092917_run8
multirocket_fm,PigAirwayPressure,0.21153846153846154,0.1994965779834201,0.25628453557536374,0.21153846153846154,478.86358308792114,20260228_093716_run8
multirocket_fm,PowerCons,1.0,1.0,1.0,1.0,58.06429862976074,20260228_093918_run8
multirocket_fm,ProximalPhalanxOutlineAgeGroup,0.8439024390243902,0.8424372375591888,0.8438301716350496,0.8439024390243902,86.96879410743713,20260228_094045_run8
multirocket_fm,ProximalPhalanxOutlineCorrect,0.9106529209621993,0.9081248117554707,0.9124060450815363,0.9106529209621993,84.01252627372742,20260228_094209_run8
multirocket_fm,ProximalPhalanxTW,0.8682926829268293,0.8532765042911518,0.9002720582483964,0.8682926829268293,86.76651215553284,20260228_094336_run8
multirocket_fm,RacketSports,0.881578947368421,0.881578947368421,0.881578947368421,0.881578947368421,77.36297369003296,20260228_094454_run8
multirocket_fm,RefrigerationDevices,0.7973333333333333,0.7976269479294201,0.7980374158580296,0.7973333333333333,62.2819983959198,20260228_094556_run8
multirocket_fm,Rock,0.76,0.7796963562753036,0.8304395604395605,0.76,58.76299738883972,20260228_094655_run8
multirocket_fm,ScreenType,0.752,0.749706826896785,0.7647971225436014,0.752,63.53637981414795,20260228_094759_run8
multirocket_fm,SelfRegulationSCP1,0.8976109215017065,0.8975870612578357,0.8978980680639221,0.8976109215017065,63.82724857330322,20260228_094902_run8
multirocket_fm,SelfRegulationSCP2,0.4777777777777778,0.47674418604651164,0.4776007964161274,0.4777777777777778,62.49187111854553,20260228_095005_run8
multirocket_fm,PigArtPressure,0.8461538461538461,0.8320835147758223,0.8840506715506715,0.8461538461538461,532.694762468338,20260228_095858_run8
multirocket_fm,PigCVP,0.2980769230769231,0.2993688501041442,0.4343281957885385,0.2980769230769231,468.00527000427246,20260228_100646_run8
multirocket_fm,SemgHandGenderCh2,0.9766666666666667,0.9767405466390071,0.977025462962963,0.9766666666666667,67.55173945426941,20260228_100754_run8
multirocket_fm,SemgHandMovementCh2,0.9044444444444445,0.9038284519782237,0.9062140299936219,0.9044444444444445,69.03154182434082,20260228_100903_run8
multirocket_fm,SemgHandSubjectCh2,0.9822222222222222,0.9821034162683605,0.9824759045920666,0.9822222222222222,66.97678399085999,20260228_101010_run8
multirocket_fm,ShapeletSim,1.0,1.0,1.0,1.0,57.095099449157715,20260228_101107_run8
multirocket_fm,ShapesAll,0.8883333333333333,0.8916016540680022,0.9199856162356164,0.8883333333333333,562.641713142395,20260228_102031_run8
multirocket_fm,SmallKitchenAppliances,0.8426666666666667,0.8414167855569827,0.8414705491017479,0.8426666666666667,63.322500228881836,20260228_102134_run8
multirocket_fm,SmoothSubspace,0.9733333333333334,0.9733226623982927,0.9738247863247864,0.9733333333333334,117.05049395561218,20260228_102331_run8
multirocket_fm,SonyAIBORobotSurface1,0.9767054908485857,0.9767365974446466,0.976965151597441,0.9767054908485857,58.97389030456543,20260228_102430_run8
multirocket_fm,SonyAIBORobotSurface2,0.9412381951731374,0.9415612941773523,0.9431133423505537,0.9412381951731374,61.21418738365173,20260228_102532_run8
multirocket_fm,StandWalkJump,0.8,0.7944444444444445,0.8380952380952381,0.8,57.08267569541931,20260228_102629_run8
multirocket_fm,StarLightCurves,0.9828800388538125,0.9827163583682424,0.982775014375689,0.9828800388538125,142.75410103797913,20260228_102853_run8
multirocket_fm,Strawberry,0.9783783783783784,0.9783783783783784,0.9783783783783784,0.9783783783783784,77.14343595504761,20260228_103010_run8
multirocket_fm,SwedishLeaf,0.9664,0.9656345593139531,0.9681518300806411,0.9664,552.0103182792664,20260228_103923_run8
multirocket_fm,Symbols,0.9668341708542714,0.9668939997001069,0.9694890814409932,0.9668341708542714,61.35094141960144,20260228_104024_run8
multirocket_fm,SyntheticControl,0.9933333333333333,0.9933326665999933,0.9934640522875816,0.9933333333333333,76.43450736999512,20260228_104141_run8
multirocket_fm,ToeSegmentation1,0.9385964912280702,0.9385205202923796,0.9390263810891993,0.9385964912280702,57.687374114990234,20260228_104238_run8
multirocket_fm,ToeSegmentation2,0.9230769230769231,0.927804186254169,0.9457013574660633,0.9230769230769231,58.0850625038147,20260228_104336_run8
multirocket_fm,Trace,1.0,1.0,1.0,1.0,57.54717659950256,20260228_104434_run8
multirocket_fm,TwoLeadECG,0.9964881474978051,0.9964881312556714,0.9964942600295249,0.9964881474978051,62.10961127281189,20260228_104536_run8
multirocket_fm,TwoPatterns,1.0,1.0,1.0,1.0,112.21880054473877,20260228_104729_run8
multirocket_fm,UMD,0.9791666666666666,0.9791620969510859,0.9795918367346937,0.9791666666666666,58.38341665267944,20260228_104828_run8
multirocket_fm,UWaveGestureLibrary,0.9625,0.9624839920198569,0.963085036255768,0.9625,62.94723558425903,20260228_104931_run8
multirocket_fm,UWaveGestureLibraryAll,0.9854829704075935,0.9854447940081696,0.9855416647292942,0.9854829704075935,96.22765469551086,20260228_105108_run8
multirocket_fm,UWaveGestureLibraryX,0.8914014517029593,0.8908495691664468,0.8922863641972557,0.8914014517029593,96.1889009475708,20260228_105246_run8
multirocket_fm,UWaveGestureLibraryY,0.835287548855388,0.8340796007607694,0.8355873272434317,0.835287548855388,96.09521150588989,20260228_105423_run8
multirocket_fm,UWaveGestureLibraryZ,0.8380792853154663,0.8357694711975389,0.8387376640855668,0.8380792853154663,96.02281761169434,20260228_105600_run8
multirocket_fm,Wafer,0.9993510707332901,0.9993502099218068,0.9993515424245615,0.9993510707332901,123.20373868942261,20260228_105804_run8
multirocket_fm,Wine,0.9444444444444444,0.94442538593482,0.9450549450549451,0.9444444444444444,57.0598464012146,20260228_105901_run8
multirocket_fm,WordSynonyms,0.7554858934169278,0.7398021683568636,0.7767672269715566,0.7554858934169278,499.4491181373596,20260228_110721_run8
multirocket_fm,Worms,0.8051948051948052,0.8081110661472012,0.8126705227545563,0.8051948051948052,58.5870680809021,20260228_110820_run8
multirocket_fm,WormsTwoClass,0.7792207792207793,0.7801242236024846,0.7833914053426247,0.7792207792207793,58.5000274181366,20260228_110918_run8
multirocket_fm,Yoga,0.936,0.9359272294595345,0.9361901282135855,0.936,80.80986499786377,20260228_111039_run8
multirocket_fm,MiddlePhalanxOutlineCorrect,0.8694158075601375,0.8674480121701099,0.8742405287134253,0.8694158075601375,76.41451454162598,20260228_111156_run9
multirocket_fm,MiddlePhalanxTW,0.5454545454545454,0.5105545073014168,0.4880825203981886,0.5454545454545454,77.07683110237122,20260228_111313_run9
multirocket_fm,MixedShapesRegularTrain,0.9876288659793815,0.987608002845588,0.987681020764407,0.9876288659793815,78.08024287223816,20260228_111432_run9
multirocket_fm,MixedShapesSmallTrain,0.965360824742268,0.965404553514561,0.9655424717914504,0.965360824742268,70.05244994163513,20260228_111542_run9
multirocket_fm,MoteStrain,0.9049520766773163,0.9050355885058881,0.9127149531183927,0.9049520766773163,62.47666811943054,20260228_111645_run9
multirocket_fm,MotorImagery,0.53,0.5242433444680635,0.5315258511979823,0.53,59.78307747840881,20260228_111745_run9
multirocket_fm,NATOPS,0.9,0.9002054442732409,0.9044444444444445,0.9,73.8885350227356,20260228_111859_run9
multirocket_fm,NonInvasiveFetalECGThorax1,0.9608142493638677,0.9610695637029706,0.9632827241681933,0.9608142493638677,938.7496995925903,20260228_113441_run9
multirocket_fm,NonInvasiveFetalECGThorax2,0.9720101781170484,0.9716559407148915,0.972526998213604,0.9720101781170484,941.673229932785,20260228_115026_run9
multirocket_fm,OSULeaf,0.9710743801652892,0.9710397303559453,0.9712791077394559,0.9710743801652892,62.81892466545105,20260228_115129_run9
multirocket_fm,OliveOil,0.9666666666666667,0.9668192219679634,0.9700000000000001,0.9666666666666667,57.42633271217346,20260228_115227_run9
multirocket_fm,PEMS-SF,0.9479768786127167,0.9479284462650591,0.9493666152060222,0.9479768786127167,62.96118712425232,20260228_115330_run9
multirocket_fm,PhalangesOutlinesCorrect,0.8543123543123543,0.8527182988611341,0.8538307250292939,0.8543123543123543,91.04941749572754,20260228_115501_run9
multirocket_fm,Phoneme,0.34810126582278483,0.31344612483235074,0.3268217580997135,0.34810126582278483,566.9081757068634,20260228_120430_run9
multirocket_fm,PhonemeSpectra,0.29495973754846405,0.2825565351143118,0.34073015033834625,0.29495973754846405,1936.1378545761108,20260228_123653_run9
multirocket_fm,PigAirwayPressure,0.4951923076923077,0.4877749510947892,0.5984834609834611,0.4951923076923077,482.6834628582001,20260228_124456_run9
multirocket_fm,PowerCons,0.9888888888888889,0.9888888888888889,0.9888888888888889,0.9888888888888889,58.926822662353516,20260228_124659_run9
multirocket_fm,ProximalPhalanxOutlineAgeGroup,0.8731707317073171,0.8727055508399112,0.8813359627859516,0.8731707317073171,88.20963335037231,20260228_124827_run9
multirocket_fm,ProximalPhalanxOutlineCorrect,0.8865979381443299,0.8810338064684641,0.8925913052557536,0.8865979381443299,82.63225197792053,20260228_124950_run9
multirocket_fm,ProximalPhalanxTW,0.8195121951219512,0.7981828258103081,0.8429396316347845,0.8195121951219512,90.3625237941742,20260228_125120_run9
multirocket_fm,RacketSports,0.9078947368421053,0.9072235304466002,0.9189704327770125,0.9078947368421053,80.47245025634766,20260228_125240_run9
multirocket_fm,RefrigerationDevices,0.8213333333333334,0.8191227221415901,0.825978835978836,0.8213333333333334,63.41674613952637,20260228_125344_run9
multirocket_fm,Rock,0.76,0.7449232736572889,0.7957402597402597,0.76,57.164339542388916,20260228_125441_run9
multirocket_fm,ScreenType,0.7093333333333334,0.7081346264477797,0.7118357487922705,0.7093333333333334,63.277480363845825,20260228_125545_run9
multirocket_fm,SelfRegulationSCP1,0.9112627986348123,0.9112565961277271,0.9113353337761793,0.9112627986348123,63.16126561164856,20260228_125648_run9
multirocket_fm,SelfRegulationSCP2,0.49444444444444446,0.49090909090909096,0.4942857142857142,0.49444444444444446,62.00836753845215,20260228_125750_run9
multirocket_fm,PigArtPressure,0.9134615384615384,0.8983211233211233,0.9076923076923076,0.9134615384615384,528.5899705886841,20260228_130639_run9
multirocket_fm,PigCVP,0.5817307692307693,0.5978651594363669,0.7263724523339908,0.5817307692307693,464.1699945926666,20260228_131423_run9
multirocket_fm,SemgHandGenderCh2,0.9633333333333334,0.9635215946843854,0.9642822966507176,0.9633333333333334,65.27928018569946,20260228_131528_run9
multirocket_fm,SemgHandMovementCh2,0.9333333333333333,0.9325830704673508,0.9328134914555732,0.9333333333333333,65.23185896873474,20260228_131634_run9
multirocket_fm,SemgHandSubjectCh2,0.9688888888888889,0.9687734088595593,0.968824452242743,0.9688888888888889,65.64748048782349,20260228_131740_run9
multirocket_fm,ShapeletSim,1.0,1.0,1.0,1.0,56.984700202941895,20260228_131837_run9
multirocket_fm,ShapesAll,0.9183333333333333,0.9170658071494321,0.9255021367521367,0.9183333333333333,561.5931870937347,20260228_132800_run9
multirocket_fm,SmallKitchenAppliances,0.8586666666666667,0.8599851358604937,0.8641587161677043,0.8586666666666667,65.71102499961853,20260228_132905_run9
multirocket_fm,SmoothSubspace,0.9866666666666667,0.9866666666666667,0.9866666666666667,0.9866666666666667,117.79001116752625,20260228_133103_run9
multirocket_fm,SonyAIBORobotSurface1,0.9550748752079867,0.9552541447562352,0.9582404548172975,0.9550748752079867,58.55042386054993,20260228_133202_run9
multirocket_fm,SonyAIBORobotSurface2,0.9664218258132214,0.966488827590054,0.9666982551754597,0.9664218258132214,62.24303340911865,20260228_133304_run9
multirocket_fm,StandWalkJump,0.5333333333333333,0.49404761904761896,0.6515151515151516,0.5333333333333333,61.188315868377686,20260228_133405_run9
multirocket_fm,StarLightCurves,0.9830014570179699,0.9827897941476412,0.9829388023687705,0.9830014570179699,147.39207530021667,20260228_133634_run9
multirocket_fm,Strawberry,0.981081081081081,0.9811564885748582,0.9816149158776271,0.981081081081081,77.18831610679626,20260228_133751_run9
multirocket_fm,SwedishLeaf,0.9728,0.9725775976424845,0.9740813362604446,0.9728,550.173638343811,20260228_134702_run9
multirocket_fm,Symbols,0.9597989949748744,0.9598168020004856,0.9638722450873625,0.9597989949748744,62.479466676712036,20260228_134805_run9
multirocket_fm,SyntheticControl,0.9966666666666667,0.9966663332999967,0.9967320261437908,0.9966666666666667,79.12438321113586,20260228_134924_run9
multirocket_fm,ToeSegmentation1,0.9473684210526315,0.9473684210526315,0.9473684210526315,0.9473684210526315,59.684733390808105,20260228_135023_run9
multirocket_fm,ToeSegmentation2,0.9230769230769231,0.927804186254169,0.9457013574660633,0.9230769230769231,57.59923338890076,20260228_135121_run9
multirocket_fm,Trace,1.0,1.0,1.0,1.0,57.500924587249756,20260228_135219_run9
multirocket_fm,TwoLeadECG,0.9982440737489026,0.9982440737489026,0.9982440737489026,0.9982440737489026,61.55962586402893,20260228_135320_run9
multirocket_fm,TwoPatterns,1.0,1.0,1.0,1.0,112.74793457984924,20260228_135514_run9
multirocket_fm,UMD,0.9930555555555556,0.993054801953337,0.9931972789115646,0.9930555555555556,57.613362550735474,20260228_135612_run9
multirocket_fm,UWaveGestureLibrary,0.946875,0.9469938483827518,0.9484029158589568,0.946875,62.33158540725708,20260228_135714_run9
multirocket_fm,UWaveGestureLibraryAll,0.9826912339475153,0.982648801123823,0.9826941179851402,0.9826912339475153,97.37266421318054,20260228_135853_run9
multirocket_fm,UWaveGestureLibraryX,0.8886097152428811,0.8883438048275577,0.8901208403894587,0.8886097152428811,98.16832208633423,20260228_140032_run9
multirocket_fm,UWaveGestureLibraryY,0.8210496929089894,0.8188336619999079,0.8201649616892022,0.8210496929089894,97.5840711593628,20260228_140211_run9
multirocket_fm,UWaveGestureLibraryZ,0.8400335008375209,0.8394472554213004,0.8407781022217322,0.8400335008375209,99.08209133148193,20260228_140351_run9
multirocket_fm,Wafer,0.9998377676833226,0.9998377140227052,0.9998377971801073,0.9998377676833226,124.52708172798157,20260228_140556_run9
multirocket_fm,Wine,0.9444444444444444,0.9442724458204333,0.95,0.9444444444444444,58.02023458480835,20260228_140654_run9
multirocket_fm,WordSynonyms,0.7601880877742947,0.7416618512265647,0.7535216202493921,0.7601880877742947,502.18970561027527,20260228_141517_run9
multirocket_fm,Worms,0.6883116883116883,0.6857880000372923,0.7240589694857988,0.6883116883116883,58.28747630119324,20260228_141615_run9
multirocket_fm,WormsTwoClass,0.7922077922077922,0.7884498480243161,0.7949206349206349,0.7922077922077922,58.92174959182739,20260228_141714_run9
multirocket_fm,Yoga,0.9336666666666666,0.933694089751422,0.933796629228182,0.9336666666666666,81.89739871025085,20260228_141836_run9
multirocket_fm,MiddlePhalanxOutlineCorrect,0.852233676975945,0.8501560803966303,0.8557829566582728,0.852233676975945,76.81606912612915,20260228_141953_run10
multirocket_fm,MiddlePhalanxTW,0.525974025974026,0.5089400995823505,0.5017625231910946,0.525974025974026,78.21989297866821,20260228_142112_run10
multirocket_fm,MixedShapesRegularTrain,0.9863917525773196,0.9863732635415265,0.9863679657540064,0.9863917525773196,79.91510343551636,20260228_142232_run10
multirocket_fm,MixedShapesSmallTrain,0.9554639175257732,0.9551294700761733,0.9554654314502742,0.9554639175257732,69.83681559562683,20260228_142342_run10
multirocket_fm,MoteStrain,0.8809904153354633,0.8811621812598837,0.882872672224334,0.8809904153354633,63.902164936065674,20260228_142446_run10
multirocket_fm,MotorImagery,0.54,0.5353535353535354,0.5416666666666667,0.54,57.50996375083923,20260228_142544_run10
multirocket_fm,NATOPS,0.8833333333333333,0.8841483213195662,0.8858225108225108,0.8833333333333333,73.59801697731018,20260228_142658_run10
multirocket_fm,NonInvasiveFetalECGThorax1,0.9674300254452927,0.9670937580411957,0.9682205305134176,0.9674300254452927,937.279661655426,20260228_144238_run10
multirocket_fm,NonInvasiveFetalECGThorax2,0.9709923664122138,0.9715177607309246,0.9741916660689239,0.9709923664122138,931.71608543396,20260228_145813_run10
multirocket_fm,OSULeaf,0.9834710743801653,0.983426491419437,0.9837727408624006,0.9834710743801653,61.13736915588379,20260228_145914_run10
multirocket_fm,OliveOil,0.9,0.898042328042328,0.9187878787878787,0.9,57.23685002326965,20260228_150011_run10
multirocket_fm,PEMS-SF,0.9248554913294798,0.9240011866630201,0.9310143132397467,0.9248554913294798,64.06379628181458,20260228_150116_run10
multirocket_fm,PhalangesOutlinesCorrect,0.8648018648018648,0.8629447475601322,0.8651595431691274,0.8648018648018648,89.76674103736877,20260228_150246_run10
multirocket_fm,Phoneme,0.34177215189873417,0.30668939412386637,0.3350779294842052,0.34177215189873417,571.1699020862579,20260228_151219_run10
multirocket_fm,PhonemeSpectra,0.257679689830003,0.24466795913254996,0.35485462597260103,0.257679689830003,1937.4352359771729,20260228_154443_run10
multirocket_fm,PigAirwayPressure,0.5192307692307693,0.5166416690398591,0.681551784994713,0.5192307692307693,481.4713137149811,20260228_155244_run10
multirocket_fm,PowerCons,1.0,1.0,1.0,1.0,60.035168409347534,20260228_155450_run10
multirocket_fm,ProximalPhalanxOutlineAgeGroup,0.8341463414634146,0.8329599957319296,0.8427278719961647,0.8341463414634146,89.59037327766418,20260228_155620_run10
multirocket_fm,ProximalPhalanxOutlineCorrect,0.9072164948453608,0.9047838141508755,0.9082581836700732,0.9072164948453608,83.08561325073242,20260228_155743_run10
multirocket_fm,ProximalPhalanxTW,0.7951219512195122,0.7778779471159624,0.7683520245266073,0.7951219512195122,86.1587610244751,20260228_155909_run10
multirocket_fm,RacketSports,0.9407894736842105,0.9407894736842105,0.942063188494492,0.9407894736842105,77.53282260894775,20260228_160027_run10
multirocket_fm,RefrigerationDevices,0.776,0.7715573404730032,0.777949156163213,0.776,62.13758587837219,20260228_160129_run10
multirocket_fm,Rock,0.82,0.8219379217273953,0.8378461538461539,0.82,57.58822703361511,20260228_160227_run10
multirocket_fm,ScreenType,0.7173333333333334,0.71516018241454,0.7167261928287095,0.7173333333333334,60.96430325508118,20260228_160328_run10
multirocket_fm,SelfRegulationSCP1,0.9180887372013652,0.9180887372013652,0.9180887372013652,0.9180887372013652,62.447197675704956,20260228_160430_run10
multirocket_fm,SelfRegulationSCP2,0.5333333333333333,0.5332757130509939,0.5333498023715415,0.5333333333333333,62.52357268333435,20260228_160533_run10
multirocket_fm,PigArtPressure,0.9086538461538461,0.8957584082584081,0.9217490842490842,0.9086538461538461,533.6106412410736,20260228_161427_run10
multirocket_fm,PigCVP,0.5817307692307693,0.5739308944061219,0.6736033871661402,0.5817307692307693,460.0829186439514,20260228_162207_run10
multirocket_fm,SemgHandGenderCh2,0.9633333333333334,0.9636221720543733,0.9653613174956225,0.9633333333333334,64.39976501464844,20260228_162311_run10
multirocket_fm,SemgHandMovementCh2,0.8911111111111111,0.8902279207093663,0.8908612500624989,0.8911111111111111,65.32787370681763,20260228_162417_run10
multirocket_fm,SemgHandSubjectCh2,0.9666666666666667,0.9665341509319408,0.9667943565386021,0.9666666666666667,67.13515663146973,20260228_162524_run10
multirocket_fm,ShapeletSim,1.0,1.0,1.0,1.0,59.08064246177673,20260228_162623_run10
multirocket_fm,ShapesAll,0.92,0.9204112032904603,0.9323841354723706,0.92,565.0310652256012,20260228_163549_run10
multirocket_fm,SmallKitchenAppliances,0.856,0.8560200109868424,0.8560587130909711,0.856,62.841001987457275,20260228_163652_run10
multirocket_fm,SmoothSubspace,0.9933333333333333,0.9933326665999933,0.9934640522875816,0.9933333333333333,119.61656856536865,20260228_163852_run10
multirocket_fm,SonyAIBORobotSurface1,0.9767054908485857,0.9767054908485857,0.9767054908485857,0.9767054908485857,59.52932834625244,20260228_163951_run10
multirocket_fm,SonyAIBORobotSurface2,0.9359916054564533,0.9364517917792502,0.9392072953748066,0.9359916054564533,60.84557771682739,20260228_164052_run10
multirocket_fm,StandWalkJump,0.6,0.5905723905723905,0.5888888888888888,0.6,59.30181312561035,20260228_164152_run10
multirocket_fm,StarLightCurves,0.9827586206896551,0.9825615426004347,0.9826792338416441,0.9827586206896551,144.22998332977295,20260228_164417_run10
multirocket_fm,Strawberry,0.9864864864864865,0.9865195504077136,0.9866922241390326,0.9864864864864865,77.97869324684143,20260228_164535_run10
multirocket_fm,SwedishLeaf,0.9728,0.9726554193454611,0.9731688624731997,0.9728,549.4621112346649,20260228_165445_run10
multirocket_fm,Symbols,0.978894472361809,0.9788092287062364,0.9800999755264056,0.978894472361809,61.237319469451904,20260228_165546_run10
multirocket_fm,SyntheticControl,0.9966666666666667,0.9966663332999967,0.9967320261437908,0.9966666666666667,78.77742671966553,20260228_165705_run10
multirocket_fm,ToeSegmentation1,0.9254385964912281,0.9250719842069463,0.929102483918934,0.9254385964912281,57.743854999542236,20260228_165803_run10
multirocket_fm,ToeSegmentation2,0.9846153846153847,0.9848498168498168,0.9857988165680474,0.9846153846153847,57.08969449996948,20260228_165900_run10
multirocket_fm,Trace,1.0,1.0,1.0,1.0,57.52969431877136,20260228_165958_run10
multirocket_fm,TwoLeadECG,0.9868305531167691,0.9868289693439194,0.9870846140990857,0.9868305531167691,63.533138036727905,20260228_170102_run10
multirocket_fm,TwoPatterns,1.0,1.0,1.0,1.0,113.64250874519348,20260228_170256_run10
multirocket_fm,UMD,0.9861111111111112,0.9860349491847629,0.9863945578231292,0.9861111111111112,57.93880867958069,20260228_170354_run10
multirocket_fm,UWaveGestureLibrary,0.925,0.9250252372954669,0.9294805273790466,0.925,64.88931584358215,20260228_170459_run10
multirocket_fm,UWaveGestureLibraryAll,0.986320491345617,0.9863066448173279,0.9864189431772153,0.986320491345617,96.81059432029724,20260228_170637_run10
multirocket_fm,UWaveGestureLibraryX,0.8897264098269123,0.8878307742358377,0.8871742047737319,0.8897264098269123,97.30451369285583,20260228_170815_run10
multirocket_fm,UWaveGestureLibraryY,0.8204913456169738,0.820078998810549,0.821657243105436,0.8204913456169738,96.34354877471924,20260228_170953_run10
multirocket_fm,UWaveGestureLibraryZ,0.8425460636515912,0.8413728764576841,0.8421580978208293,0.8425460636515912,96.20977783203125,20260228_171130_run10
multirocket_fm,Wafer,0.9995133030499675,0.9995128192644323,0.9995135684245313,0.9995133030499675,123.68788528442383,20260228_171335_run10
multirocket_fm,Wine,0.9074074074074074,0.9073756432246998,0.907967032967033,0.9074074074074074,57.76130175590515,20260228_171433_run10
multirocket_fm,WordSynonyms,0.7554858934169278,0.734806957671159,0.774225133419135,0.7554858934169278,505.8724925518036,20260228_172259_run10
multirocket_fm,Worms,0.8181818181818182,0.8081952418689654,0.8353896103896105,0.8181818181818182,59.76017737388611,20260228_172359_run10
multirocket_fm,WormsTwoClass,0.8571428571428571,0.8539314387664075,0.8661926308985133,0.8571428571428571,58.543275117874146,20260228_172457_run10
multirocket_fm,Yoga,0.944,0.9439642335606454,0.9440501316933284,0.944,81.26483869552612,20260228_172619_run10
multirocket_fm,MiddlePhalanxOutlineCorrect,0.8419243986254296,0.8404337768332966,0.8430079564100184,0.8419243986254296,77.22743964195251,20260228_172736_run11
multirocket_fm,MiddlePhalanxTW,0.5844155844155844,0.539092038642781,0.5906407318172024,0.5844155844155844,76.80692505836487,20260228_172853_run11
multirocket_fm,MixedShapesRegularTrain,0.9818556701030928,0.9818770072815965,0.9819645092400321,0.9818556701030928,76.43978929519653,20260228_173010_run11
multirocket_fm,MixedShapesSmallTrain,0.9694845360824742,0.9694635335770886,0.9696410719290909,0.9694845360824742,72.97400450706482,20260228_173124_run11
multirocket_fm,MoteStrain,0.8993610223642172,0.8989787265703577,0.9006575925162682,0.8993610223642172,64.90424418449402,20260228_173229_run11
multirocket_fm,MotorImagery,0.53,0.5288220551378446,0.5303030303030303,0.53,59.068384408950806,20260228_173328_run11
multirocket_fm,NATOPS,0.85,0.8491567055195841,0.8524940262843488,0.85,75.75577330589294,20260228_173444_run11
multirocket_fm,NonInvasiveFetalECGThorax1,0.9643765903307888,0.9639110704954932,0.9651214078745528,0.9643765903307888,937.795978307724,20260228_175025_run11
multirocket_fm,NonInvasiveFetalECGThorax2,0.9735368956743002,0.9732443586193709,0.9734121391316357,0.9735368956743002,930.15864777565,20260228_180558_run11
multirocket_fm,OSULeaf,0.9752066115702479,0.9751861570043389,0.9752443263806899,0.9752066115702479,65.0103907585144,20260228_180703_run11
multirocket_fm,OliveOil,0.8333333333333334,0.813939393939394,0.8799145299145299,0.8333333333333334,59.727795362472534,20260228_180803_run11
multirocket_fm,PEMS-SF,0.9421965317919075,0.9418571056748136,0.9440528914366563,0.9421965317919075,62.953091621398926,20260228_180906_run11
multirocket_fm,PhalangesOutlinesCorrect,0.8752913752913752,0.8737303326255045,0.8756899340937634,0.8752913752913752,89.4245445728302,20260228_181036_run11
multirocket_fm,Phoneme,0.3728902953586498,0.32404709204613735,0.33111089127154597,0.3728902953586498,572.8989186286926,20260228_182011_run11
multirocket_fm,PhonemeSpectra,0.2827318818968088,0.26358966700325037,0.31552971094620147,0.2827318818968088,1936.1342017650604,20260228_185234_run11
multirocket_fm,PigAirwayPressure,0.3798076923076923,0.35498375430502127,0.4134873673335212,0.3798076923076923,496.12060165405273,20260228_190050_run11
multirocket_fm,PowerCons,0.9944444444444445,0.9944442729713879,0.9945054945054945,0.9944444444444445,59.623126745224,20260228_190254_run11
multirocket_fm,ProximalPhalanxOutlineAgeGroup,0.8682926829268293,0.8704321780059905,0.8750380680148532,0.8682926829268293,92.07051682472229,20260228_190426_run11
multirocket_fm,ProximalPhalanxOutlineCorrect,0.9072164948453608,0.9051570154975821,0.9074725648115547,0.9072164948453608,83.36975145339966,20260228_190550_run11
multirocket_fm,ProximalPhalanxTW,0.8195121951219512,0.7939674685175522,0.7706641184902054,0.8195121951219512,86.25630307197571,20260228_190716_run11
multirocket_fm,RacketSports,0.8947368421052632,0.8939992282133651,0.8950019745995877,0.8947368421052632,79.24403691291809,20260228_190835_run11
multirocket_fm,RefrigerationDevices,0.7813333333333333,0.7807523250885782,0.7831928305612516,0.7813333333333333,63.82761859893799,20260228_190939_run11
multirocket_fm,Rock,0.8,0.8044990619136962,0.8154502164502165,0.8,57.04962682723999,20260228_191036_run11
multirocket_fm,ScreenType,0.7093333333333334,0.7043548021416488,0.7081368675927106,0.7093333333333334,61.479167222976685,20260228_191138_run11
multirocket_fm,SelfRegulationSCP1,0.9215017064846417,0.9214998776467709,0.9215195188126811,0.9215017064846417,61.493075132369995,20260228_191239_run11
multirocket_fm,SelfRegulationSCP2,0.4722222222222222,0.4722059322818606,0.47221879244351156,0.4722222222222222,60.2217321395874,20260228_191340_run11
multirocket_fm,PigArtPressure,0.9038461538461539,0.9001276501276501,0.9449633699633698,0.9038461538461539,552.5994539260864,20260228_192253_run11
multirocket_fm,PigCVP,0.6298076923076923,0.6153152340369534,0.7021498800344953,0.6298076923076923,479.45443844795227,20260228_193052_run11
multirocket_fm,SemgHandGenderCh2,0.9666666666666667,0.9667379887181482,0.9669023291850274,0.9666666666666667,66.11414313316345,20260228_193158_run11
multirocket_fm,SemgHandMovementCh2,0.92,0.9200809041110185,0.922176511954993,0.92,67.11822175979614,20260228_193306_run11
multirocket_fm,SemgHandSubjectCh2,0.9688888888888889,0.9687694665898927,0.9691161552613662,0.9688888888888889,65.52173328399658,20260228_193411_run11
multirocket_fm,ShapeletSim,1.0,1.0,1.0,1.0,57.552998304367065,20260228_193509_run11
multirocket_fm,ShapesAll,0.9266666666666666,0.9257046245907465,0.9386452436452437,0.9266666666666666,559.517085313797,20260228_194430_run11
multirocket_fm,SmallKitchenAppliances,0.84,0.8401793538269511,0.8405256147540984,0.84,65.70861577987671,20260228_194536_run11
multirocket_fm,SmoothSubspace,0.9733333333333334,0.9733184961916447,0.9742332830568126,0.9733333333333334,119.27062058448792,20260228_194735_run11
multirocket_fm,SonyAIBORobotSurface1,0.961730449251248,0.9618432275715059,0.9631631101741892,0.961730449251248,58.6415810585022,20260228_194834_run11
multirocket_fm,SonyAIBORobotSurface2,0.9527806925498427,0.9528404926452558,0.9529552059299233,0.9527806925498427,60.64485049247742,20260228_194934_run11
multirocket_fm,StandWalkJump,0.7333333333333333,0.7333333333333333,0.7333333333333333,0.7333333333333333,57.12002968788147,20260228_195031_run11
multirocket_fm,StarLightCurves,0.9819086935405537,0.9816247427951813,0.9819173573404706,0.9819086935405537,144.50358510017395,20260228_195257_run11
multirocket_fm,Strawberry,0.9756756756756757,0.9756959660753107,0.9757316658049502,0.9756756756756757,75.25202465057373,20260228_195413_run11
multirocket_fm,SwedishLeaf,0.9744,0.9741283967585589,0.9747624037680241,0.9744,558.4987592697144,20260228_200331_run11
multirocket_fm,Symbols,0.9748743718592965,0.9749966209286329,0.976375313696343,0.9748743718592965,63.7054808139801,20260228_200435_run11
multirocket_fm,SyntheticControl,0.9966666666666667,0.9966663332999967,0.9967320261437908,0.9966666666666667,75.83406853675842,20260228_200551_run11
multirocket_fm,ToeSegmentation1,0.9429824561403509,0.9429328842886211,0.9432116877559752,0.9429824561403509,57.24385094642639,20260228_200648_run11
multirocket_fm,ToeSegmentation2,0.9307692307692308,0.9289445438282647,0.9287428168162113,0.9307692307692308,57.61854290962219,20260228_200746_run11
multirocket_fm,Trace,1.0,1.0,1.0,1.0,57.56739616394043,20260228_200844_run11
multirocket_fm,TwoLeadECG,0.9736611062335382,0.9736457488939221,0.9748098977056585,0.9736611062335382,62.97403311729431,20260228_200947_run11
multirocket_fm,TwoPatterns,1.0,1.0,1.0,1.0,112.63792371749878,20260228_201140_run11
multirocket_fm,UMD,0.9930555555555556,0.993054801953337,0.9931972789115646,0.9930555555555556,58.71218657493591,20260228_201239_run11
multirocket_fm,UWaveGestureLibrary,0.953125,0.9529295935545935,0.9540594849283874,0.953125,62.69002819061279,20260228_201342_run11
multirocket_fm,UWaveGestureLibraryAll,0.9865996649916248,0.9865237224436819,0.9867283264032798,0.9865996649916248,96.19582962989807,20260228_201519_run11
multirocket_fm,UWaveGestureLibraryX,0.8858179787828029,0.8846586099733303,0.8850016234425468,0.8858179787828029,96.11085033416748,20260228_201656_run11
multirocket_fm,UWaveGestureLibraryY,0.82607481853713,0.8253286462229764,0.8269819470461689,0.82607481853713,96.95930647850037,20260228_201835_run11
multirocket_fm,UWaveGestureLibraryZ,0.8378001116694584,0.8357738645840571,0.8351887305539761,0.8378001116694584,96.2759063243866,20260228_202012_run11
multirocket_fm,Wafer,1.0,1.0,1.0,1.0,124.43825006484985,20260228_202217_run11
multirocket_fm,Wine,0.9444444444444444,0.9442724458204333,0.95,0.9444444444444444,57.973273038864136,20260228_202315_run11
multirocket_fm,WordSynonyms,0.7366771159874608,0.7238431681602855,0.7464047585168582,0.7366771159874608,498.8421850204468,20260228_203134_run11
multirocket_fm,Worms,0.7402597402597403,0.7426435111561551,0.7862613576899291,0.7402597402597403,58.12980794906616,20260228_203233_run11
multirocket_fm,WormsTwoClass,0.8311688311688312,0.8256724284939152,0.8456873315363883,0.8311688311688312,58.84072756767273,20260228_203331_run11
multirocket_fm,Yoga,0.9393333333333334,0.9393050146416376,0.9393447459207459,0.9393333333333334,81.36871099472046,20260228_203453_run11
multirocket_fm,MiddlePhalanxOutlineCorrect,0.852233676975945,0.8514245502269298,0.852296142061517,0.852233676975945,76.78533935546875,20260228_203610_run12
multirocket_fm,MiddlePhalanxTW,0.551948051948052,0.49398919793111434,0.4716699873474789,0.551948051948052,77.53744888305664,20260228_203728_run12
multirocket_fm,MixedShapesRegularTrain,0.9863917525773196,0.986348967471536,0.9864271869099375,0.9863917525773196,78.27581882476807,20260228_203847_run12
multirocket_fm,MixedShapesSmallTrain,0.9496907216494845,0.9498818323955721,0.9503159713597032,0.9496907216494845,71.0015640258789,20260228_203958_run12
multirocket_fm,MoteStrain,0.9129392971246006,0.9129748646269602,0.9130677111355652,0.9129392971246006,64.06757259368896,20260228_204102_run12
multirocket_fm,MotorImagery,0.55,0.5488721804511277,0.5505050505050505,0.55,60.559556007385254,20260228_204203_run12
multirocket_fm,NATOPS,0.9,0.9004774583383583,0.9018759018759018,0.9,75.93459224700928,20260228_204319_run12
multirocket_fm,NonInvasiveFetalECGThorax1,0.9694656488549618,0.9693991968365805,0.9703116900672929,0.9694656488549618,942.2630023956299,20260228_205905_run12
multirocket_fm,NonInvasiveFetalECGThorax2,0.971501272264631,0.9717494409944413,0.9728146965755985,0.971501272264631,931.8420622348785,20260228_211441_run12
multirocket_fm,OSULeaf,0.9752066115702479,0.9752220959488711,0.9755057461669032,0.9752066115702479,61.37533521652222,20260228_211542_run12
multirocket_fm,OliveOil,0.9666666666666667,0.9677938808373592,0.9733333333333333,0.9666666666666667,58.1239058971405,20260228_211641_run12
multirocket_fm,PEMS-SF,0.8959537572254336,0.8973239472552463,0.9047991275665542,0.8959537572254336,62.839797496795654,20260228_211743_run12
multirocket_fm,PhalangesOutlinesCorrect,0.8531468531468531,0.8503664919905329,0.8544702702142148,0.8531468531468531,88.87852263450623,20260228_211913_run12
multirocket_fm,Phoneme,0.3633966244725738,0.3199536472834952,0.3265714362882918,0.3633966244725738,566.8522346019745,20260228_212842_run12
multirocket_fm,PhonemeSpectra,0.33522218908440204,0.32042866336806985,0.3318678854805764,0.33522218908440204,1933.5237448215485,20260228_220102_run12
multirocket_fm,PigAirwayPressure,0.6586538461538461,0.6335185114031268,0.6612123987123989,0.6586538461538461,485.10595870018005,20260228_220907_run12
multirocket_fm,PowerCons,0.9777777777777777,0.9777667984189722,0.9787234042553191,0.9777777777777777,58.70555591583252,20260228_221110_run12
multirocket_fm,ProximalPhalanxOutlineAgeGroup,0.8731707317073171,0.8717296720660892,0.8706698230619696,0.8731707317073171,87.0004711151123,20260228_221237_run12
multirocket_fm,ProximalPhalanxOutlineCorrect,0.8969072164948454,0.8930874056927812,0.8999801241716225,0.8969072164948454,85.15207648277283,20260228_221402_run12
multirocket_fm,ProximalPhalanxTW,0.7853658536585366,0.772889295841799,0.8109494537454086,0.7853658536585366,87.50817441940308,20260228_221530_run12
multirocket_fm,RacketSports,0.8618421052631579,0.8625884426207948,0.8634868421052632,0.8618421052631579,77.59476232528687,20260228_221647_run12
multirocket_fm,RefrigerationDevices,0.8,0.8009646579515342,0.8024473993816519,0.8,62.63632559776306,20260228_221750_run12
multirocket_fm,Rock,0.76,0.7587344347399068,0.7601448551448552,0.76,57.348583459854126,20260228_221847_run12
multirocket_fm,ScreenType,0.7493333333333333,0.7461851442124013,0.748500233793243,0.7493333333333333,61.62140917778015,20260228_221949_run12
multirocket_fm,SelfRegulationSCP1,0.9180887372013652,0.9180887372013652,0.9180887372013652,0.9180887372013652,63.909915924072266,20260228_222053_run12
multirocket_fm,SelfRegulationSCP2,0.5166666666666667,0.5165323701028063,0.5166852057842046,0.5166666666666667,61.93169951438904,20260228_222155_run12
multirocket_fm,PigArtPressure,0.9086538461538461,0.8972791097791096,0.9037087912087911,0.9086538461538461,533.6535131931305,20260228_223049_run12
multirocket_fm,PigCVP,0.6634615384615384,0.6618460159749753,0.7693634357095895,0.6634615384615384,457.8137023448944,20260228_223827_run12
multirocket_fm,SemgHandGenderCh2,0.9683333333333334,0.9683844939164089,0.9684881901226481,0.9683333333333334,64.88674068450928,20260228_223932_run12
multirocket_fm,SemgHandMovementCh2,0.9422222222222222,0.9421264731654848,0.9423740235438145,0.9422222222222222,65.3033561706543,20260228_224038_run12
multirocket_fm,SemgHandSubjectCh2,0.9666666666666667,0.9665836980529892,0.9689049829018076,0.9666666666666667,66.76514482498169,20260228_224144_run12
multirocket_fm,ShapeletSim,1.0,1.0,1.0,1.0,57.518211364746094,20260228_224242_run12
multirocket_fm,ShapesAll,0.9083333333333333,0.9075714247513954,0.9153824416324419,0.9083333333333333,559.4760739803314,20260228_225202_run12
multirocket_fm,SmallKitchenAppliances,0.864,0.864931879374543,0.8672423395653887,0.864,63.24141883850098,20260228_225306_run12
multirocket_fm,SmoothSubspace,0.9866666666666667,0.9866666666666667,0.9866666666666667,0.9866666666666667,118.81513237953186,20260228_225505_run12
multirocket_fm,SonyAIBORobotSurface1,0.9600665557404326,0.9601780052114401,0.961339725822003,0.9600665557404326,59.046448707580566,20260228_225604_run12
multirocket_fm,SonyAIBORobotSurface2,0.9527806925498427,0.9530308728800059,0.9544256834280235,0.9527806925498427,61.467663049697876,20260228_225705_run12
multirocket_fm,StandWalkJump,0.6666666666666666,0.6773504273504273,0.75,0.6666666666666666,57.24808883666992,20260228_225803_run12
multirocket_fm,StarLightCurves,0.9832442933462846,0.9829430425356721,0.9834130488500349,0.9832442933462846,141.2910704612732,20260228_230025_run12
multirocket_fm,Strawberry,0.9945945945945946,0.9945945945945946,0.9945945945945946,0.9945945945945946,78.22619318962097,20260228_230143_run12
multirocket_fm,SwedishLeaf,0.9744,0.9742044932516277,0.9758096138912008,0.9744,550.7566928863525,20260228_231055_run12
multirocket_fm,Symbols,0.9688442211055276,0.968972121873819,0.9719835716682584,0.9688442211055276,62.26902890205383,20260228_231157_run12
multirocket_fm,SyntheticControl,0.9966666666666667,0.9966663332999967,0.9967320261437908,0.9966666666666667,79.27268719673157,20260228_231316_run12
multirocket_fm,ToeSegmentation1,0.9429824561403509,0.9429328842886211,0.9432116877559752,0.9429824561403509,58.04730176925659,20260228_231414_run12
multirocket_fm,ToeSegmentation2,0.9538461538461539,0.9551775147928994,0.959039000215471,0.9538461538461539,57.57229018211365,20260228_231512_run12
multirocket_fm,Trace,1.0,1.0,1.0,1.0,58.29862713813782,20260228_231610_run12
multirocket_fm,TwoLeadECG,0.9973661106233538,0.9973661106233538,0.9973676482025334,0.9973661106233538,63.36856532096863,20260228_231714_run12
multirocket_fm,TwoPatterns,1.0,1.0,1.0,1.0,113.15517616271973,20260228_231908_run12
multirocket_fm,UMD,0.9722222222222222,0.9720698983695255,0.9723454599230996,0.9722222222222222,58.06988000869751,20260228_232006_run12
multirocket_fm,UWaveGestureLibrary,0.953125,0.9532204014535239,0.954165600659503,0.953125,63.33793926239014,20260228_232109_run12
multirocket_fm,UWaveGestureLibraryAll,0.9871580122836404,0.9871224000694375,0.9873862486682031,0.9871580122836404,97.40475368499756,20260228_232248_run12
multirocket_fm,UWaveGestureLibraryX,0.8813512004466778,0.8804889397738024,0.8809593275585567,0.8813512004466778,97.03132700920105,20260228_232426_run12
multirocket_fm,UWaveGestureLibraryY,0.820212171970966,0.8179380825380512,0.82035588627382,0.820212171970966,96.27903413772583,20260228_232604_run12
multirocket_fm,UWaveGestureLibraryZ,0.8391959798994975,0.837146500860917,0.8363244031276684,0.8391959798994975,98.72279953956604,20260228_232743_run12
multirocket_fm,Wafer,1.0,1.0,1.0,1.0,124.3297860622406,20260228_232949_run12
multirocket_fm,Wine,0.8888888888888888,0.8875,0.9090909090909092,0.8888888888888888,57.71356177330017,20260228_233046_run12
multirocket_fm,WordSynonyms,0.7335423197492164,0.7079093796150855,0.7085985492039568,0.7335423197492164,498.71093368530273,20260228_233905_run12
multirocket_fm,Worms,0.7792207792207793,0.7737027042221847,0.7836348355828875,0.7792207792207793,58.74180555343628,20260228_234004_run12
multirocket_fm,WormsTwoClass,0.8051948051948052,0.7988528021083637,0.8170485175202156,0.8051948051948052,58.582165002822876,20260228_234103_run12
multirocket_fm,Yoga,0.929,0.9289073645467959,0.929236589405163,0.929,81.07115936279297,20260228_234224_run12
multirocket_fm,MiddlePhalanxOutlineCorrect,0.872852233676976,0.8713105179521643,0.8760622771382728,0.872852233676976,76.44985508918762,20260228_234341_run13
multirocket_fm,MiddlePhalanxTW,0.5909090909090909,0.5489101022516617,0.5224866142629301,0.5909090909090909,76.79504370689392,20260228_234458_run13
multirocket_fm,MixedShapesRegularTrain,0.9839175257731959,0.983907337981215,0.9840158857705406,0.9839175257731959,78.87792158126831,20260228_234617_run13
multirocket_fm,MixedShapesSmallTrain,0.963298969072165,0.9631750217034374,0.9633499579249658,0.963298969072165,70.4983811378479,20260228_234728_run13
multirocket_fm,MoteStrain,0.9408945686900958,0.9409822364184572,0.9429907617381734,0.9408945686900958,62.45722579956055,20260228_234831_run13
multirocket_fm,MotorImagery,0.48,0.47916666666666663,0.47987117552334946,0.48,57.81937885284424,20260228_234929_run13
multirocket_fm,NATOPS,0.8777777777777778,0.8777777777777778,0.8777777777777778,0.8777777777777778,74.46492052078247,20260228_235043_run13
multirocket_fm,NonInvasiveFetalECGThorax1,0.9684478371501273,0.9678965871028747,0.9689010642608087,0.9684478371501273,935.347776889801,20260301_000622_run13
multirocket_fm,NonInvasiveFetalECGThorax2,0.973027989821883,0.9727198197600331,0.973091671041635,0.973027989821883,927.1996121406555,20260301_002152_run13
multirocket_fm,OSULeaf,0.9669421487603306,0.9668453005842533,0.9685008357649142,0.9669421487603306,61.650699853897095,20260301_002254_run13
multirocket_fm,OliveOil,0.9,0.9003030303030303,0.9121212121212121,0.9,57.3628294467926,20260301_002351_run13
multirocket_fm,PEMS-SF,0.9479768786127167,0.9484236129502877,0.9508388162275911,0.9479768786127167,62.60155248641968,20260301_002454_run13
multirocket_fm,PhalangesOutlinesCorrect,0.8554778554778555,0.8530003330003331,0.8563742452440494,0.8554778554778555,88.6524167060852,20260301_002623_run13
multirocket_fm,Phoneme,0.3444092827004219,0.2922255402552801,0.2849015651872164,0.3444092827004219,563.8644504547119,20260301_003549_run13
multirocket_fm,PhonemeSpectra,0.3268714583954667,0.3128115246311303,0.3391835381191754,0.3268714583954667,1936.1478536128998,20260301_010811_run13
multirocket_fm,PigAirwayPressure,0.5528846153846154,0.5787366819975517,0.6914135254524271,0.5528846153846154,485.96085929870605,20260301_011618_run13
multirocket_fm,PowerCons,0.9888888888888889,0.9888875169774047,0.9891304347826086,0.9888888888888889,59.21217346191406,20260301_011822_run13
multirocket_fm,ProximalPhalanxOutlineAgeGroup,0.8146341463414634,0.8201197656042234,0.8456191345717889,0.8146341463414634,87.91171193122864,20260301_011950_run13
multirocket_fm,ProximalPhalanxOutlineCorrect,0.9347079037800687,0.9337508669467433,0.9349264623919947,0.9347079037800687,82.7286365032196,20260301_012113_run13
multirocket_fm,ProximalPhalanxTW,0.8048780487804879,0.7762602407566974,0.8131113855442351,0.8048780487804879,87.39771795272827,20260301_012241_run13
multirocket_fm,RacketSports,0.8947368421052632,0.8940582682001447,0.8943558219874008,0.8947368421052632,77.21036744117737,20260301_012358_run13
multirocket_fm,RefrigerationDevices,0.808,0.8045712572028362,0.8055653154618604,0.808,62.48159742355347,20260301_012500_run13
multirocket_fm,Rock,0.86,0.851224420135559,0.8892307692307694,0.86,56.99878144264221,20260301_012557_run13
multirocket_fm,ScreenType,0.7226666666666667,0.7224997944002094,0.7235405729970835,0.7226666666666667,61.0814950466156,20260301_012659_run13
multirocket_fm,SelfRegulationSCP1,0.9180887372013652,0.9180486407790162,0.9187799351822641,0.9180887372013652,60.5781455039978,20260301_012759_run13
multirocket_fm,SelfRegulationSCP2,0.5611111111111111,0.5609891636565713,0.5611790878754171,0.561111111111111,60.48435187339783,20260301_012900_run13
multirocket_fm,PigArtPressure,0.9086538461538461,0.9045843045843045,0.9308608058608058,0.9086538461538461,534.5385234355927,20260301_013755_run13
multirocket_fm,PigCVP,0.5721153846153846,0.5521006082560148,0.6966333239410163,0.5721153846153846,459.81383657455444,20260301_014535_run13
multirocket_fm,SemgHandGenderCh2,0.9733333333333334,0.9734177675874368,0.9737123842592592,0.9733333333333334,65.61107182502747,20260301_014640_run13
multirocket_fm,SemgHandMovementCh2,0.9244444444444444,0.924677271953662,0.9254398089744413,0.9244444444444444,65.10673975944519,20260301_014746_run13
multirocket_fm,SemgHandSubjectCh2,0.9688888888888889,0.9688729056254112,0.9699325424152233,0.9688888888888889,66.14686155319214,20260301_014852_run13
multirocket_fm,ShapeletSim,1.0,1.0,1.0,1.0,58.933435678482056,20260301_014951_run13
multirocket_fm,ShapesAll,0.92,0.9198459841833782,0.9345826858326857,0.92,565.3991649150848,20260301_015917_run13
multirocket_fm,SmallKitchenAppliances,0.8293333333333334,0.8288782286799672,0.8317530307551193,0.8293333333333334,64.71069884300232,20260301_020022_run13
multirocket_fm,SmoothSubspace,0.9933333333333333,0.9933326665999933,0.9934640522875816,0.9933333333333333,118.94330739974976,20260301_020221_run13
multirocket_fm,SonyAIBORobotSurface1,0.9168053244592346,0.9172227788280474,0.927464576617802,0.9168053244592346,62.24121952056885,20260301_020323_run13
multirocket_fm,SonyAIBORobotSurface2,0.9611752360965372,0.9609160968631523,0.9618662497395183,0.9611752360965372,63.25132775306702,20260301_020427_run13
multirocket_fm,StandWalkJump,0.4666666666666667,0.46031746031746024,0.5277777777777778,0.4666666666666667,60.71107459068298,20260301_020527_run13
multirocket_fm,StarLightCurves,0.9817872753763963,0.9813965825910473,0.9820211620172432,0.9817872753763963,145.97971606254578,20260301_020755_run13
multirocket_fm,Strawberry,0.981081081081081,0.9811273705707989,0.9813123762059931,0.981081081081081,79.53229832649231,20260301_020914_run13
multirocket_fm,SwedishLeaf,0.9856,0.9854763758028383,0.9857817131278982,0.9856,556.3403913974762,20260301_021831_run13
multirocket_fm,Symbols,0.9809045226130654,0.9809595853589256,0.9817702069371379,0.9809045226130654,61.18030834197998,20260301_021932_run13
multirocket_fm,SyntheticControl,0.9933333333333333,0.9933326665999933,0.9934640522875816,0.9933333333333333,75.88734722137451,20260301_022048_run13
multirocket_fm,ToeSegmentation1,0.9166666666666666,0.9165942154987539,0.9168408826945413,0.9166666666666666,57.53514909744263,20260301_022146_run13
multirocket_fm,ToeSegmentation2,0.9538461538461539,0.9557381130196665,0.963076923076923,0.9538461538461539,57.97358584403992,20260301_022244_run13
multirocket_fm,Trace,1.0,1.0,1.0,1.0,59.306814670562744,20260301_022343_run13
multirocket_fm,TwoLeadECG,0.9736611062335382,0.9736457488939221,0.9748098977056585,0.9736611062335382,63.43847393989563,20260301_022447_run13
multirocket_fm,TwoPatterns,1.0,1.0,1.0,1.0,111.46423292160034,20260301_022639_run13
multirocket_fm,UMD,0.9791666666666666,0.979008164622683,0.9798639455782312,0.9791666666666666,57.29389190673828,20260301_022736_run13
multirocket_fm,UWaveGestureLibrary,0.9625,0.9624751019893336,0.9633362054873682,0.9625,62.23364281654358,20260301_022839_run13
multirocket_fm,UWaveGestureLibraryAll,0.9838079285315466,0.98381541689061,0.9839579628942354,0.9838079285315466,97.82679009437561,20260301_023018_run13
multirocket_fm,UWaveGestureLibraryX,0.8777219430485762,0.8758411259490281,0.875103666733494,0.8777219430485762,95.59778714179993,20260301_023155_run13
multirocket_fm,UWaveGestureLibraryY,0.8297040759352318,0.8281072928891345,0.8282444933877671,0.8297040759352318,94.92731881141663,20260301_023331_run13
multirocket_fm,UWaveGestureLibraryZ,0.8403126744835288,0.8390792201042173,0.842998966056455,0.8403126744835288,95.28050780296326,20260301_023507_run13
multirocket_fm,Wafer,1.0,1.0,1.0,1.0,124.05591678619385,20260301_023712_run13
multirocket_fm,Wine,0.9444444444444444,0.94442538593482,0.9450549450549451,0.9444444444444444,58.86304831504822,20260301_023811_run13
multirocket_fm,WordSynonyms,0.7727272727272727,0.7604313524588758,0.7769834195192644,0.7727272727272727,504.73052406311035,20260301_024636_run13
multirocket_fm,Worms,0.7532467532467533,0.760794499618029,0.7799475850946439,0.7532467532467533,58.636032581329346,20260301_024735_run13
multirocket_fm,WormsTwoClass,0.8441558441558441,0.8399014778325122,0.8558241758241759,0.8441558441558441,58.275643825531006,20260301_024833_run13
multirocket_fm,Yoga,0.929,0.9290765928263709,0.9300258398139696,0.929,81.15350604057312,20260301_024954_run13
multirocket_fm,MiddlePhalanxOutlineCorrect,0.8316151202749141,0.8285393302028743,0.8365964942678102,0.8316151202749141,78.02295517921448,20260301_025113_run14
multirocket_fm,MiddlePhalanxTW,0.564935064935065,0.5225235861599499,0.5546251743573957,0.564935064935065,76.36784744262695,20260301_025229_run14
multirocket_fm,MixedShapesRegularTrain,0.9868041237113402,0.9867930037463558,0.9869307425163336,0.9868041237113402,77.40453433990479,20260301_025347_run14
multirocket_fm,MixedShapesSmallTrain,0.9674226804123711,0.9673273130497132,0.9675430610947737,0.9674226804123711,70.22029232978821,20260301_025458_run14
multirocket_fm,MoteStrain,0.9321086261980831,0.9321916934946496,0.9382775148675535,0.9321086261980831,65.50923275947571,20260301_025603_run14
multirocket_fm,MotorImagery,0.59,0.58995899589959,0.5900360144057624,0.59,58.08516979217529,20260301_025701_run14
multirocket_fm,NATOPS,0.8944444444444445,0.8882557725314939,0.9068931448548412,0.8944444444444445,73.52371644973755,20260301_025815_run14
multirocket_fm,NonInvasiveFetalECGThorax1,0.9674300254452927,0.9677830942020482,0.9693197379660334,0.9674300254452927,949.4773581027985,20260301_031408_run14
multirocket_fm,NonInvasiveFetalECGThorax2,0.966412213740458,0.9660567989316438,0.9675609347974786,0.966412213740458,932.0438559055328,20260301_032944_run14
multirocket_fm,OSULeaf,0.987603305785124,0.9876578929239732,0.9879043645528611,0.987603305785124,63.863372564315796,20260301_033048_run14
multirocket_fm,OliveOil,0.8333333333333334,0.8204964626017258,0.8408333333333334,0.8333333333333334,60.42135500907898,20260301_033148_run14
multirocket_fm,PEMS-SF,0.953757225433526,0.9542574477545576,0.9573143619386394,0.953757225433526,66.30314207077026,20260301_033255_run14
multirocket_fm,PhalangesOutlinesCorrect,0.8578088578088578,0.8544435676496968,0.8610860039431468,0.8578088578088578,91.1105055809021,20260301_033426_run14
multirocket_fm,Phoneme,0.3517932489451477,0.31346456205088113,0.3273295835170735,0.3517932489451477,564.8403131961823,20260301_034353_run14
multirocket_fm,PhonemeSpectra,0.29197733373098717,0.2888013094805355,0.3302092759778584,0.29197733373098717,1941.3124086856842,20260301_041620_run14
multirocket_fm,PigAirwayPressure,0.47115384615384615,0.4600498357851299,0.5566157133464826,0.47115384615384615,493.74746227264404,20260301_042434_run14
multirocket_fm,PowerCons,0.9888888888888889,0.9888875169774047,0.9891304347826086,0.9888888888888889,58.45690298080444,20260301_042637_run14
multirocket_fm,ProximalPhalanxOutlineAgeGroup,0.8390243902439024,0.8420486906941195,0.854396497811132,0.8390243902439024,86.96854710578918,20260301_042804_run14
multirocket_fm,ProximalPhalanxOutlineCorrect,0.9037800687285223,0.9002149119799292,0.9074937103464147,0.9037800687285223,84.56522560119629,20260301_042929_run14
multirocket_fm,ProximalPhalanxTW,0.8146341463414634,0.8026227575681222,0.8166376306620209,0.8146341463414634,90.715487241745,20260301_043100_run14
multirocket_fm,RacketSports,0.8947368421052632,0.8933681722035585,0.9005417956656346,0.8947368421052632,81.23554706573486,20260301_043221_run14
multirocket_fm,RefrigerationDevices,0.8266666666666667,0.8253566800114769,0.8272851635368735,0.8266666666666667,64.40630006790161,20260301_043325_run14
multirocket_fm,Rock,0.82,0.825099715099715,0.8473846153846154,0.82,56.728811264038086,20260301_043422_run14
multirocket_fm,ScreenType,0.712,0.7091732290713465,0.7120632085347736,0.712,62.12472224235535,20260301_043524_run14
multirocket_fm,SelfRegulationSCP1,0.8805460750853242,0.8805293746659172,0.8806973913458556,0.8805460750853242,61.83482074737549,20260301_043626_run14
multirocket_fm,SelfRegulationSCP2,0.5333333333333333,0.5333333333333333,0.5333333333333333,0.5333333333333333,59.450668811798096,20260301_043726_run14
multirocket_fm,PigArtPressure,0.9182692307692307,0.9098956598956599,0.9308608058608059,0.9182692307692307,529.9806697368622,20260301_044616_run14
multirocket_fm,PigCVP,0.7115384615384616,0.682719310603926,0.7414862914862914,0.7115384615384616,454.5297689437866,20260301_045351_run14
multirocket_fm,SemgHandGenderCh2,0.965,0.9649806410605091,0.9649671435039586,0.965,64.64430379867554,20260301_045456_run14
multirocket_fm,SemgHandMovementCh2,0.9444444444444444,0.9445227299032567,0.9448767593504437,0.9444444444444444,65.99756813049316,20260301_045602_run14
multirocket_fm,SemgHandSubjectCh2,0.9688888888888889,0.9687803884267971,0.9690871844836039,0.9688888888888889,67.69401025772095,20260301_045710_run14
multirocket_fm,ShapeletSim,1.0,1.0,1.0,1.0,59.36124873161316,20260301_045809_run14
multirocket_fm,ShapesAll,0.915,0.9188615147830668,0.9311598124098125,0.915,562.2359445095062,20260301_050732_run14
multirocket_fm,SmallKitchenAppliances,0.8346666666666667,0.8353252930719018,0.8368590054763883,0.8346666666666667,63.52482604980469,20260301_050836_run14
multirocket_fm,SmoothSubspace,0.9933333333333333,0.9933326665999933,0.9934640522875816,0.9933333333333333,121.6598072052002,20260301_051037_run14
multirocket_fm,SonyAIBORobotSurface1,0.9417637271214643,0.9420424838314494,0.9480020274379195,0.9417637271214643,60.00344443321228,20260301_051138_run14
multirocket_fm,SonyAIBORobotSurface2,0.9307450157397692,0.9310979112424596,0.9324723696901913,0.9307450157397692,62.507559061050415,20260301_051240_run14
multirocket_fm,StandWalkJump,0.6666666666666666,0.6551226551226551,0.7460317460317459,0.6666666666666666,57.779831409454346,20260301_051338_run14
multirocket_fm,StarLightCurves,0.9843370568237009,0.9841300239266341,0.9843515151155506,0.9843370568237009,142.81185269355774,20260301_051602_run14
multirocket_fm,Strawberry,0.972972972972973,0.9731007603348028,0.9737732485108798,0.972972972972973,76.30216193199158,20260301_051718_run14
multirocket_fm,SwedishLeaf,0.9728,0.9725286007562829,0.9746865107817261,0.9728,549.9707210063934,20260301_052629_run14
multirocket_fm,Symbols,0.9698492462311558,0.9697315155307216,0.9709463270723095,0.9698492462311558,61.44937586784363,20260301_052730_run14
multirocket_fm,SyntheticControl,0.9966666666666667,0.9966663332999967,0.9967320261437908,0.9966666666666667,78.19320917129517,20260301_052849_run14
multirocket_fm,ToeSegmentation1,0.9429824561403509,0.9429328842886211,0.9432116877559752,0.9429824561403509,59.16993856430054,20260301_052948_run14
multirocket_fm,ToeSegmentation2,0.9769230769230769,0.9774361861049167,0.9794871794871794,0.9769230769230769,58.92097234725952,20260301_053047_run14
multirocket_fm,Trace,1.0,1.0,1.0,1.0,58.00674629211426,20260301_053145_run14
multirocket_fm,TwoLeadECG,0.9982440737489026,0.9982440710418969,0.9982502241035474,0.9982440737489026,62.08022928237915,20260301_053247_run14
multirocket_fm,TwoPatterns,1.0,1.0,1.0,1.0,115.92759108543396,20260301_053444_run14
multirocket_fm,UMD,0.9791666666666666,0.979008164622683,0.9798639455782312,0.9791666666666666,57.85161209106445,20260301_053542_run14
multirocket_fm,UWaveGestureLibrary,0.928125,0.928637052349754,0.9348721807180411,0.928125,63.387282848358154,20260301_053645_run14
multirocket_fm,UWaveGestureLibraryAll,0.9835287548855388,0.983471279904386,0.9837186709410388,0.9835287548855388,98.27391767501831,20260301_053825_run14
multirocket_fm,UWaveGestureLibraryX,0.8883305415968733,0.8865604385843517,0.8855223449528876,0.8883305415968733,96.6291925907135,20260301_054002_run14
multirocket_fm,UWaveGestureLibraryY,0.8149078726968174,0.812258468340814,0.8128470329217143,0.8149078726968174,95.65024662017822,20260301_054139_run14
multirocket_fm,UWaveGestureLibraryZ,0.830820770519263,0.8294522775357989,0.8284784928766613,0.830820770519263,96.43216705322266,20260301_054317_run14
multirocket_fm,Wafer,0.999675535366645,0.9996753205376517,0.9996756533323362,0.999675535366645,124.77864718437195,20260301_054522_run14
multirocket_fm,Wine,0.9814814814814815,0.98147512864494,0.9821428571428571,0.9814814814814815,59.502155780792236,20260301_054622_run14
multirocket_fm,WordSynonyms,0.786833855799373,0.7717860973122773,0.7960656508540105,0.786833855799373,502.6446361541748,20260301_055445_run14
multirocket_fm,Worms,0.8311688311688312,0.8305727605727606,0.8571713374344953,0.8311688311688312,62.170569896698,20260301_055547_run14
multirocket_fm,WormsTwoClass,0.8181818181818182,0.8187414500683995,0.8204081632653062,0.8181818181818182,62.11726784706116,20260301_055649_run14
multirocket_fm,Yoga,0.936,0.9359098833368639,0.9363036152697134,0.936,80.7087836265564,20260301_055810_run14
multirocket_fm,MiddlePhalanxOutlineCorrect,0.8591065292096219,0.85765517700576,0.8609887103650276,0.8591065292096219,78.97277069091797,20260301_055929_run15
multirocket_fm,MiddlePhalanxTW,0.551948051948052,0.5078674363596758,0.48170052242083394,0.551948051948052,77.39570331573486,20260301_060047_run15
multirocket_fm,MixedShapesRegularTrain,0.9851546391752577,0.9852120521990728,0.9854976609974698,0.9851546391752577,77.80968403816223,20260301_060205_run15
multirocket_fm,MixedShapesSmallTrain,0.96,0.9598851343344466,0.9600562049246306,0.96,71.4896650314331,20260301_060317_run15
multirocket_fm,MoteStrain,0.8937699680511182,0.8937201554099371,0.9063435838666776,0.8937699680511182,64.19778180122375,20260301_060422_run15
multirocket_fm,MotorImagery,0.46,0.45652173913043476,0.45894909688013136,0.46,60.016109228134155,20260301_060522_run15
multirocket_fm,NATOPS,0.9222222222222223,0.9222222222222223,0.9222222222222223,0.9222222222222223,75.09246850013733,20260301_060637_run15
multirocket_fm,NonInvasiveFetalECGThorax1,0.9745547073791349,0.9743074498293486,0.9757480763372667,0.9745547073791349,941.7575011253357,20260301_062222_run15
multirocket_fm,NonInvasiveFetalECGThorax2,0.9720101781170484,0.9718712407636001,0.9724432192993897,0.9720101781170484,937.7908134460449,20260301_063804_run15
multirocket_fm,OSULeaf,0.9834710743801653,0.9836497719932086,0.9847933884297521,0.9834710743801653,62.27382707595825,20260301_063906_run15
multirocket_fm,OliveOil,0.8666666666666667,0.8666666666666667,0.8916666666666667,0.8666666666666667,57.313344955444336,20260301_064003_run15
multirocket_fm,PEMS-SF,0.976878612716763,0.976888246628131,0.9786598158852494,0.976878612716763,62.47214102745056,20260301_064106_run15
multirocket_fm,PhalangesOutlinesCorrect,0.8589743589743589,0.8578524292753961,0.858278980094808,0.8589743589743589,88.64291095733643,20260301_064235_run15
multirocket_fm,Phoneme,0.38396624472573837,0.35095742835769744,0.365863803684798,0.38396624472573837,569.2978475093842,20260301_065206_run15
multirocket_fm,PhonemeSpectra,0.31792424694303606,0.3031790508801709,0.3276074336851079,0.31792424694303606,1932.470407962799,20260301_072425_run15
multirocket_fm,PigAirwayPressure,0.5528846153846154,0.5444733628944156,0.5916666666666667,0.5528846153846154,492.92245149612427,20260301_073238_run15
multirocket_fm,PowerCons,0.9944444444444445,0.9944442729713879,0.9945054945054945,0.9944444444444445,59.85877299308777,20260301_073442_run15
multirocket_fm,ProximalPhalanxOutlineAgeGroup,0.8682926829268293,0.8729267794322989,0.8838419893007582,0.8682926829268293,89.46386909484863,20260301_073612_run15
multirocket_fm,ProximalPhalanxOutlineCorrect,0.9106529209621993,0.9098105397241913,0.9098646675749904,0.9106529209621993,83.29254221916199,20260301_073735_run15
multirocket_fm,ProximalPhalanxTW,0.8097560975609757,0.7971385834735754,0.8330402953944842,0.8097560975609757,87.92035222053528,20260301_073903_run15
multirocket_fm,RacketSports,0.8881578947368421,0.8870047135071438,0.8922328548644338,0.8881578947368421,77.35320806503296,20260301_074020_run15
multirocket_fm,RefrigerationDevices,0.8133333333333334,0.8106877055111272,0.8146825396825398,0.8133333333333334,62.34331488609314,20260301_074123_run15
multirocket_fm,Rock,0.86,0.8624542789334078,0.8721904761904762,0.86,57.54881477355957,20260301_074220_run15
multirocket_fm,ScreenType,0.7146666666666667,0.7147319453660695,0.7276350618335892,0.7146666666666667,61.89676070213318,20260301_074322_run15
multirocket_fm,SelfRegulationSCP1,0.931740614334471,0.9317310720158783,0.9320690231270436,0.931740614334471,60.99890208244324,20260301_074424_run15
multirocket_fm,SelfRegulationSCP2,0.55,0.54987496526813,0.550055617352614,0.55,60.84955978393555,20260301_074524_run15
multirocket_fm,PigArtPressure,0.9519230769230769,0.9496947496947498,0.9653846153846154,0.9519230769230769,527.6078152656555,20260301_075412_run15
multirocket_fm,PigCVP,0.6394230769230769,0.6574794863256401,0.8034991828095277,0.6394230769230769,462.91166138648987,20260301_080155_run15
multirocket_fm,SemgHandGenderCh2,0.975,0.975040389934007,0.9751337482257888,0.975,65.85580921173096,20260301_080301_run15
multirocket_fm,SemgHandMovementCh2,0.8977777777777778,0.8972911121341139,0.8991094999902589,0.8977777777777778,66.16316175460815,20260301_080408_run15
multirocket_fm,SemgHandSubjectCh2,0.9488888888888889,0.9482089625530301,0.9504892343892124,0.9488888888888889,65.70257663726807,20260301_080514_run15
multirocket_fm,ShapeletSim,1.0,1.0,1.0,1.0,57.54160523414612,20260301_080611_run15
multirocket_fm,ShapesAll,0.9266666666666666,0.9254447362237778,0.9348785936285937,0.9266666666666666,560.2585601806641,20260301_081532_run15
multirocket_fm,SmallKitchenAppliances,0.8586666666666667,0.8607812884586977,0.8717342028029401,0.8586666666666667,64.47452855110168,20260301_081637_run15
multirocket_fm,SmoothSubspace,0.9933333333333333,0.9933326665999933,0.9934640522875816,0.9933333333333333,118.5205237865448,20260301_081835_run15
multirocket_fm,SonyAIBORobotSurface1,0.9068219633943427,0.9072549526050852,0.9223500491816274,0.9068219633943427,59.315006494522095,20260301_081935_run15
multirocket_fm,SonyAIBORobotSurface2,0.9433368310598111,0.9437926083711229,0.9473082284469078,0.9433368310598111,61.38571500778198,20260301_082036_run15
multirocket_fm,StandWalkJump,0.7333333333333333,0.7135531135531136,0.8083333333333333,0.7333333333333333,57.13650584220886,20260301_082134_run15
multirocket_fm,StarLightCurves,0.9825157843613405,0.9822245330178021,0.9825871427037058,0.9825157843613405,141.81068420410156,20260301_082357_run15
multirocket_fm,Strawberry,0.9783783783783784,0.9784481167228448,0.9787629258217493,0.9783783783783784,77.47433543205261,20260301_082514_run15
multirocket_fm,SwedishLeaf,0.9728,0.972255700137948,0.9743616897404994,0.9728,556.0743799209595,20260301_083431_run15
multirocket_fm,Symbols,0.9798994974874372,0.9800025687112068,0.9812197875479802,0.9798994974874372,61.08788084983826,20260301_083532_run15
multirocket_fm,SyntheticControl,0.9966666666666667,0.9966663332999967,0.9967320261437908,0.9966666666666667,76.3211600780487,20260301_083648_run15
multirocket_fm,ToeSegmentation1,0.9035087719298246,0.9035756404177457,0.9048938134810711,0.9035087719298246,57.75142812728882,20260301_083746_run15
multirocket_fm,ToeSegmentation2,0.9615384615384616,0.9628881737167216,0.9681697612732095,0.9615384615384616,58.5198860168457,20260301_083845_run15
multirocket_fm,Trace,1.0,1.0,1.0,1.0,59.130255937576294,20260301_083944_run15
multirocket_fm,TwoLeadECG,0.9982440737489026,0.9982440737489026,0.9982440737489026,0.9982440737489026,63.127596855163574,20260301_084047_run15
multirocket_fm,TwoPatterns,1.0,1.0,1.0,1.0,113.07742667198181,20260301_084241_run15
multirocket_fm,UMD,0.9722222222222222,0.9722054435342476,0.9731972789115646,0.9722222222222222,57.44760179519653,20260301_084338_run15
multirocket_fm,UWaveGestureLibrary,0.953125,0.9525136986412803,0.9533480666744467,0.953125,62.56955695152283,20260301_084441_run15
multirocket_fm,UWaveGestureLibraryAll,0.9849246231155779,0.9848375290005467,0.9849877973269665,0.9849246231155779,95.64634871482849,20260301_084618_run15
multirocket_fm,UWaveGestureLibraryX,0.8844221105527639,0.8846373640994611,0.8886907588198272,0.8844221105527639,96.02128052711487,20260301_084755_run15
multirocket_fm,UWaveGestureLibraryY,0.8266331658291457,0.824833217251372,0.8250977935112567,0.8266331658291457,95.78882694244385,20260301_084932_run15
multirocket_fm,UWaveGestureLibraryZ,0.8375209380234506,0.8363524451908592,0.8363021284149502,0.8375209380234506,95.58161163330078,20260301_085109_run15
multirocket_fm,Wafer,1.0,1.0,1.0,1.0,124.74109029769897,20260301_085314_run15
multirocket_fm,Wine,0.8333333333333334,0.8328173374613003,0.8375,0.8333333333333334,57.345035552978516,20260301_085412_run15
multirocket_fm,WordSynonyms,0.7931034482758621,0.7797550420607771,0.7991153044505246,0.7931034482758621,498.30306935310364,20260301_090230_run15
multirocket_fm,Worms,0.8441558441558441,0.8430456776747104,0.852501909854851,0.8441558441558441,58.64823603630066,20260301_090329_run15
multirocket_fm,WormsTwoClass,0.8051948051948052,0.8024476845206618,0.8068513119533528,0.8051948051948052,58.38051795959473,20260301_090427_run15
multirocket_fm,Yoga,0.9386666666666666,0.9386345781065335,0.9386864589166817,0.9386666666666666,82.62390446662903,20260301_090550_run15
multirocket_fm,MiddlePhalanxOutlineCorrect,0.8419243986254296,0.8392098978881767,0.8467890605090681,0.8419243986254296,78.33553862571716,20260301_090709_run16
multirocket_fm,MiddlePhalanxTW,0.5974025974025974,0.5705907330309244,0.5762134152079804,0.5974025974025974,78.56157779693604,20260301_090827_run16
multirocket_fm,MixedShapesRegularTrain,0.9839175257731959,0.983909886496715,0.983913204865947,0.9839175257731959,78.81709313392639,20260301_090947_run16
multirocket_fm,MixedShapesSmallTrain,0.9521649484536082,0.9521329157743326,0.9544461090214069,0.9521649484536082,70.09247946739197,20260301_091057_run16
multirocket_fm,MoteStrain,0.8730031948881789,0.8699691294477302,0.8932189705095173,0.8730031948881789,61.93698835372925,20260301_091200_run16
multirocket_fm,MotorImagery,0.5,0.4900040799673603,0.5,0.5,58.243367433547974,20260301_091258_run16
multirocket_fm,NATOPS,0.8888888888888888,0.8879720636773101,0.8882008448540707,0.8888888888888888,72.54597282409668,20260301_091410_run16
multirocket_fm,NonInvasiveFetalECGThorax1,0.9643765903307888,0.9641082963571412,0.9691956150364724,0.9643765903307888,951.2888078689575,20260301_093005_run16
multirocket_fm,NonInvasiveFetalECGThorax2,0.9704834605597964,0.9708478741650967,0.9719594355464798,0.9704834605597964,937.2644922733307,20260301_094546_run16
multirocket_fm,OSULeaf,0.9793388429752066,0.9791218575430629,0.9799604665307144,0.9793388429752066,62.02570915222168,20260301_094648_run16
multirocket_fm,OliveOil,0.9333333333333333,0.9326200877688291,0.9422222222222222,0.9333333333333333,58.91262888908386,20260301_094747_run16
multirocket_fm,PEMS-SF,0.9132947976878613,0.9148946433942664,0.9255460007403399,0.9132947976878613,64.89262866973877,20260301_094852_run16
multirocket_fm,PhalangesOutlinesCorrect,0.8473193473193473,0.8431653494570007,0.8513561291463327,0.8473193473193473,89.98432540893555,20260301_095022_run16
multirocket_fm,Phoneme,0.37183544303797467,0.33047797465847695,0.3352112685581122,0.37183544303797467,570.4191896915436,20260301_095955_run16
multirocket_fm,PhonemeSpectra,0.2842230838055473,0.2733108811652805,0.36850221514590686,0.2842230838055473,1937.4889640808105,20260301_103218_run16
multirocket_fm,PigAirwayPressure,0.40384615384615385,0.40356304787742914,0.4924629829235092,0.40384615384615385,480.7118601799011,20260301_104019_run16
multirocket_fm,PowerCons,0.9444444444444444,0.9444169960474309,0.9453240969816922,0.9444444444444444,60.33356261253357,20260301_104223_run16
multirocket_fm,ProximalPhalanxOutlineAgeGroup,0.848780487804878,0.8504858219313901,0.8581326061707822,0.848780487804878,91.53454637527466,20260301_104354_run16
multirocket_fm,ProximalPhalanxOutlineCorrect,0.9140893470790378,0.9118368649545144,0.9155595985733763,0.9140893470790378,86.42691683769226,20260301_104521_run16
multirocket_fm,ProximalPhalanxTW,0.8048780487804879,0.7927915364133532,0.8120939717758382,0.8048780487804879,91.1594340801239,20260301_104652_run16
multirocket_fm,RacketSports,0.8947368421052632,0.8946301901559037,0.897203947368421,0.8947368421052632,79.16307806968689,20260301_104811_run16
multirocket_fm,RefrigerationDevices,0.8373333333333334,0.8366199736022272,0.8380106639146887,0.8373333333333334,63.80196499824524,20260301_104915_run16
multirocket_fm,Rock,0.86,0.8624542789334078,0.8721904761904762,0.86,56.80047130584717,20260301_105012_run16
multirocket_fm,ScreenType,0.7226666666666667,0.7208484411408849,0.7271078389890272,0.7226666666666667,60.48888087272644,20260301_105113_run16
multirocket_fm,SelfRegulationSCP1,0.9249146757679181,0.924799062866665,0.9278044190991874,0.9249146757679181,61.24462103843689,20260301_105214_run16
multirocket_fm,SelfRegulationSCP2,0.5166666666666667,0.515455304928989,0.5168350168350169,0.5166666666666667,63.27128076553345,20260301_105317_run16
multirocket_fm,PigArtPressure,0.9134615384615384,0.9004384504384504,0.9226190476190477,0.9134615384615384,525.3239989280701,20260301_110203_run16
multirocket_fm,PigCVP,0.6201923076923077,0.6093804913035682,0.696596459096459,0.6201923076923077,457.01052618026733,20260301_110940_run16
multirocket_fm,SemgHandGenderCh2,0.9683333333333334,0.9684174573055028,0.968646934460888,0.9683333333333334,64.86870837211609,20260301_111045_run16
multirocket_fm,SemgHandMovementCh2,0.9111111111111111,0.911113958154739,0.911301510313767,0.9111111111111111,66.50490665435791,20260301_111152_run16
multirocket_fm,SemgHandSubjectCh2,0.9666666666666667,0.9667768644099829,0.9677453689920724,0.9666666666666667,67.75057888031006,20260301_111300_run16
multirocket_fm,ShapeletSim,1.0,1.0,1.0,1.0,59.82916283607483,20260301_111400_run16
multirocket_fm,ShapesAll,0.9083333333333333,0.9074043791095213,0.9169526538276538,0.9083333333333333,563.312353849411,20260301_112324_run16
multirocket_fm,SmallKitchenAppliances,0.8666666666666667,0.8671154008974684,0.8677758870611962,0.8666666666666667,64.09889125823975,20260301_112428_run16
multirocket_fm,SmoothSubspace,0.98,0.9799979997999799,0.980125383486728,0.98,118.73901295661926,20260301_112627_run16
multirocket_fm,SonyAIBORobotSurface1,0.930116472545757,0.9304641459758984,0.9382461810437042,0.930116472545757,60.40685439109802,20260301_112727_run16
multirocket_fm,SonyAIBORobotSurface2,0.9475341028331584,0.9475875294332995,0.9476759167683672,0.9475341028331584,61.92762470245361,20260301_112829_run16
multirocket_fm,StandWalkJump,0.5333333333333333,0.538961038961039,0.6428571428571428,0.5333333333333333,57.31307578086853,20260301_112927_run16
multirocket_fm,StarLightCurves,0.9825157843613405,0.9822618692334522,0.9824869281279481,0.9825157843613405,141.52088356018066,20260301_113149_run16
multirocket_fm,Strawberry,0.9783783783783784,0.9784481167228448,0.9787629258217493,0.9783783783783784,76.34567785263062,20260301_113306_run16
multirocket_fm,SwedishLeaf,0.976,0.9760313120600377,0.9766313999940963,0.976,551.7980308532715,20260301_114218_run16
multirocket_fm,Symbols,0.9738693467336683,0.9739336492484117,0.9740145170295923,0.9738693467336683,61.19975185394287,20260301_114319_run16
multirocket_fm,SyntheticControl,0.9933333333333333,0.9933306655995732,0.9935897435897436,0.9933333333333333,78.25325274467468,20260301_114438_run16
multirocket_fm,ToeSegmentation1,0.9035087719298246,0.9033070481080752,0.9043687650498796,0.9035087719298246,58.613821029663086,20260301_114536_run16
multirocket_fm,ToeSegmentation2,0.8923076923076924,0.893948717948718,0.8961538461538462,0.8923076923076924,57.65704154968262,20260301_114634_run16
multirocket_fm,Trace,1.0,1.0,1.0,1.0,58.06947898864746,20260301_114732_run16
multirocket_fm,TwoLeadECG,0.9973661106233538,0.9973661065628361,0.9973676400909481,0.9973661106233538,62.22939896583557,20260301_114835_run16
multirocket_fm,TwoPatterns,1.0,1.0,1.0,1.0,111.9039249420166,20260301_115027_run16
multirocket_fm,UMD,0.9930555555555556,0.993054801953337,0.9931972789115646,0.9930555555555556,57.76352119445801,20260301_115125_run16
multirocket_fm,UWaveGestureLibrary,0.93125,0.9300426404863327,0.9350164112630868,0.93125,62.63738703727722,20260301_115228_run16
multirocket_fm,UWaveGestureLibraryAll,0.9865996649916248,0.9865853333065976,0.9867703376804254,0.9865996649916248,96.29513716697693,20260301_115405_run16
multirocket_fm,UWaveGestureLibraryX,0.8827470686767169,0.8805902581749976,0.8874585335116636,0.8827470686767169,95.57302594184875,20260301_115542_run16
multirocket_fm,UWaveGestureLibraryY,0.8227247347850363,0.8210762558791641,0.82357739017199,0.8227247347850363,96.49851369857788,20260301_115720_run16
multirocket_fm,UWaveGestureLibraryZ,0.8297040759352318,0.8279107447301429,0.8312630069696204,0.8297040759352318,97.62603545188904,20260301_115858_run16
multirocket_fm,Wafer,1.0,1.0,1.0,1.0,124.40225505828857,20260301_120104_run16
multirocket_fm,Wine,0.9814814814814815,0.98147512864494,0.9821428571428571,0.9814814814814815,57.53458881378174,20260301_120201_run16
multirocket_fm,WordSynonyms,0.7539184952978056,0.737743999495844,0.7477437807389536,0.7539184952978056,500.1133644580841,20260301_121022_run16
multirocket_fm,Worms,0.7662337662337663,0.758311445824063,0.7652433425160698,0.7662337662337663,58.45191788673401,20260301_121120_run16
multirocket_fm,WormsTwoClass,0.7662337662337663,0.7662337662337663,0.7662337662337663,0.7662337662337663,58.280821084976196,20260301_121218_run16
multirocket_fm,Yoga,0.9406666666666667,0.9406666666666667,0.9406666666666667,0.9406666666666667,80.99109530448914,20260301_121340_run16
multirocket_fm,MiddlePhalanxOutlineCorrect,0.8487972508591065,0.8447532797934347,0.8606623333001132,0.8487972508591065,78.5659556388855,20260301_121458_run17
multirocket_fm,MiddlePhalanxTW,0.5909090909090909,0.5369166609721033,0.5645109913726934,0.5909090909090909,77.54590463638306,20260301_121616_run17
multirocket_fm,MixedShapesRegularTrain,0.9863917525773196,0.9863857066161783,0.9866341583675657,0.9863917525773196,77.8105993270874,20260301_121734_run17
multirocket_fm,MixedShapesSmallTrain,0.9665979381443299,0.9664405518227317,0.9670875804132041,0.9665979381443299,71.54656267166138,20260301_121847_run17
multirocket_fm,MoteStrain,0.9185303514376997,0.9177749713830531,0.9248176999708511,0.9185303514376997,62.857123613357544,20260301_121950_run17
multirocket_fm,MotorImagery,0.4,0.397832195905259,0.398538961038961,0.4,58.4077627658844,20260301_122048_run17
multirocket_fm,NATOPS,0.8611111111111112,0.855144988092307,0.860084182229768,0.8611111111111112,72.99282240867615,20260301_122201_run17
multirocket_fm,NonInvasiveFetalECGThorax1,0.9684478371501273,0.9682251606933634,0.9686935291481611,0.9684478371501273,945.3392426967621,20260301_123750_run17
multirocket_fm,NonInvasiveFetalECGThorax2,0.9643765903307888,0.9642320252955696,0.964933537396292,0.9643765903307888,927.7740862369537,20260301_125321_run17
multirocket_fm,OSULeaf,0.987603305785124,0.9875797455726911,0.9878715804984304,0.987603305785124,62.70485997200012,20260301_125424_run17
multirocket_fm,OliveOil,0.9333333333333333,0.9330320751373383,0.9433333333333334,0.9333333333333333,56.90260171890259,20260301_125521_run17
multirocket_fm,PEMS-SF,0.884393063583815,0.8844592169934169,0.8883147466962494,0.884393063583815,62.85061454772949,20260301_125624_run17
multirocket_fm,PhalangesOutlinesCorrect,0.8717948717948718,0.869927378788927,0.8726055715370916,0.8717948717948718,90.06169056892395,20260301_125754_run17
multirocket_fm,Phoneme,0.38871308016877637,0.3474151997334008,0.354069212024877,0.38871308016877637,571.2093362808228,20260301_130727_run17
multirocket_fm,PhonemeSpectra,0.3173277661795407,0.30956564001569437,0.33054088069552096,0.3173277661795407,1937.0330650806427,20260301_133951_run17
multirocket_fm,PigAirwayPressure,0.49038461538461536,0.4662462088069376,0.5044490231990232,0.49038461538461536,487.38180780410767,20260301_134758_run17
multirocket_fm,PowerCons,0.9944444444444445,0.9944442729713879,0.9945054945054945,0.9944444444444445,58.12757706642151,20260301_135001_run17
multirocket_fm,ProximalPhalanxOutlineAgeGroup,0.8731707317073171,0.8761447360712991,0.8870797961597285,0.8731707317073171,87.243661403656,20260301_135128_run17
multirocket_fm,ProximalPhalanxOutlineCorrect,0.8865979381443299,0.882652228732478,0.8881241829472591,0.8865979381443299,83.85212087631226,20260301_135252_run17
multirocket_fm,ProximalPhalanxTW,0.7902439024390244,0.7750666272294443,0.8077620737316145,0.7902439024390244,86.94509100914001,20260301_135419_run17
multirocket_fm,RacketSports,0.9144736842105263,0.9142490419101892,0.9152390376646671,0.9144736842105263,77.27633786201477,20260301_135536_run17
multirocket_fm,RefrigerationDevices,0.84,0.8390861057469544,0.8394549592371733,0.84,64.63044047355652,20260301_135641_run17
multirocket_fm,Rock,0.88,0.88,0.88,0.88,60.782588958740234,20260301_135742_run17
multirocket_fm,ScreenType,0.7253333333333334,0.7249230958533284,0.7258605260154838,0.7253333333333334,62.758338928222656,20260301_135845_run17
multirocket_fm,SelfRegulationSCP1,0.9146757679180887,0.9146638390470837,0.9148437910212656,0.9146757679180887,62.7727792263031,20260301_135947_run17
multirocket_fm,SelfRegulationSCP2,0.5166666666666667,0.5159345924391827,0.5167681033411998,0.5166666666666667,61.303755044937134,20260301_140049_run17
multirocket_fm,PigArtPressure,0.9423076923076923,0.9407412032412032,0.9587454212454212,0.9423076923076923,525.9929683208466,20260301_140935_run17
multirocket_fm,PigCVP,0.6875,0.6677583169518653,0.7433251933251932,0.6875,454.3377356529236,20260301_141710_run17
multirocket_fm,SemgHandGenderCh2,0.9633333333333334,0.963373091777434,0.9634361019256954,0.9633333333333334,65.87131476402283,20260301_141815_run17
multirocket_fm,SemgHandMovementCh2,0.9355555555555556,0.9350385166847214,0.935163953246145,0.9355555555555556,65.98463153839111,20260301_141922_run17
multirocket_fm,SemgHandSubjectCh2,0.9622222222222222,0.9625008027657276,0.964574848335556,0.9622222222222222,65.62152647972107,20260301_142027_run17
multirocket_fm,ShapeletSim,1.0,1.0,1.0,1.0,57.798261404037476,20260301_142125_run17
multirocket_fm,ShapesAll,0.9166666666666666,0.9178776102078029,0.9303561253561253,0.9166666666666666,560.6821892261505,20260301_143047_run17
multirocket_fm,SmallKitchenAppliances,0.848,0.8486182041809063,0.8511752201201439,0.848,64.06495642662048,20260301_143151_run17
multirocket_fm,SmoothSubspace,0.9866666666666667,0.9865966188455579,0.9869281045751633,0.9866666666666667,118.92567992210388,20260301_143350_run17
multirocket_fm,SonyAIBORobotSurface1,0.9334442595673876,0.9337660879385816,0.9400634310993403,0.9334442595673876,58.51436686515808,20260301_143449_run17
multirocket_fm,SonyAIBORobotSurface2,0.9580272822665268,0.9580700235466396,0.9581481581464752,0.9580272822665268,61.20301294326782,20260301_143550_run17
multirocket_fm,StandWalkJump,0.4,0.3116883116883117,0.25925925925925924,0.4,60.3060564994812,20260301_143650_run17
multirocket_fm,StarLightCurves,0.9828800388538125,0.9826814424670127,0.982806988796414,0.9828800388538125,142.7916762828827,20260301_143914_run17
multirocket_fm,Strawberry,0.972972972972973,0.9730175592933755,0.9731233890100575,0.972972972972973,76.81330227851868,20260301_144031_run17
multirocket_fm,SwedishLeaf,0.9616,0.9614577746013305,0.9622380362671383,0.9616,554.9241533279419,20260301_144946_run17
multirocket_fm,Symbols,0.9758793969849247,0.9759234763220808,0.9760135009960085,0.9758793969849247,60.81974935531616,20260301_145047_run17
multirocket_fm,SyntheticControl,0.99,0.9899996666333299,0.9900653594771242,0.99,77.8909080028534,20260301_145205_run17
multirocket_fm,ToeSegmentation1,0.9254385964912281,0.9254888448617452,0.9264291934144712,0.9254385964912281,58.799943685531616,20260301_145304_run17
multirocket_fm,ToeSegmentation2,0.9153846153846154,0.913154442456768,0.9124710152233089,0.9153846153846154,57.787124156951904,20260301_145402_run17
multirocket_fm,Trace,1.0,1.0,1.0,1.0,57.80000591278076,20260301_145500_run17
multirocket_fm,TwoLeadECG,0.974539069359087,0.9745252848819865,0.9756090716584134,0.974539069359087,61.50514101982117,20260301_145602_run17
multirocket_fm,TwoPatterns,1.0,1.0,1.0,1.0,112.77736353874207,20260301_145755_run17
multirocket_fm,UMD,0.9930555555555556,0.993054801953337,0.9931972789115646,0.9930555555555556,57.79732084274292,20260301_145853_run17
multirocket_fm,UWaveGestureLibrary,0.921875,0.9196252483489455,0.9272161413380218,0.921875,62.77432346343994,20260301_145956_run17
multirocket_fm,UWaveGestureLibraryAll,0.9759910664433278,0.9759233887676644,0.9763733188930735,0.9759910664433278,95.55059576034546,20260301_150133_run17
multirocket_fm,UWaveGestureLibraryX,0.8771635957565606,0.8771402454868047,0.8788685301478719,0.8771635957565606,95.43405199050903,20260301_150309_run17
multirocket_fm,UWaveGestureLibraryY,0.8230039084310441,0.8212369701975031,0.8224853064561879,0.8230039084310441,97.4446759223938,20260301_150448_run17
multirocket_fm,UWaveGestureLibraryZ,0.8283082077051926,0.8269327332458141,0.8273044584343991,0.8283082077051926,96.43282079696655,20260301_150625_run17
multirocket_fm,Wafer,1.0,1.0,1.0,1.0,126.31619429588318,20260301_150832_run17
multirocket_fm,Wine,0.9444444444444444,0.9442724458204333,0.95,0.9444444444444444,57.63148093223572,20260301_150930_run17
multirocket_fm,WordSynonyms,0.7288401253918495,0.7132405978958564,0.745802565408236,0.7288401253918495,498.7110779285431,20260301_151749_run17
multirocket_fm,Worms,0.7662337662337663,0.7626396263834687,0.7790379665379665,0.7662337662337663,61.81081771850586,20260301_151851_run17
multirocket_fm,WormsTwoClass,0.8051948051948052,0.7988528021083637,0.8170485175202156,0.8051948051948052,59.89681935310364,20260301_151951_run17
multirocket_fm,Yoga,0.929,0.9289216027634765,0.929159836926186,0.929,81.45540738105774,20260301_152113_run17
multirocket_fm,MiddlePhalanxOutlineCorrect,0.8831615120274914,0.881633402738984,0.8872772641523924,0.8831615120274914,78.3262734413147,20260301_152231_run18
multirocket_fm,MiddlePhalanxTW,0.5974025974025974,0.5638995930176185,0.5839643000334421,0.5974025974025974,77.53897261619568,20260301_152349_run18
multirocket_fm,MixedShapesRegularTrain,0.9835051546391752,0.983496091619894,0.9836683356012653,0.9835051546391752,76.80939078330994,20260301_152506_run18
multirocket_fm,MixedShapesSmallTrain,0.9645360824742268,0.9645384163180302,0.9645561903414906,0.9645360824742268,70.22892189025879,20260301_152617_run18
multirocket_fm,MoteStrain,0.8586261980830671,0.8577493599892956,0.8853995386956198,0.8586261980830671,62.82395267486572,20260301_152720_run18
multirocket_fm,MotorImagery,0.51,0.5075871771681237,0.5101999184006529,0.51,56.8193097114563,20260301_152817_run18
multirocket_fm,NATOPS,0.8833333333333333,0.881143027003348,0.8851612482047264,0.8833333333333333,75.52830743789673,20260301_152932_run18
multirocket_fm,NonInvasiveFetalECGThorax1,0.9628498727735368,0.963434952259816,0.9668341799597632,0.9628498727735368,952.2571926116943,20260301_154528_run18
multirocket_fm,NonInvasiveFetalECGThorax2,0.9679389312977099,0.9688176357773077,0.9708922721829913,0.9679389312977099,937.7685372829437,20260301_160109_run18
multirocket_fm,OSULeaf,0.9710743801652892,0.9709158502825419,0.9722051807383049,0.9710743801652892,61.33399319648743,20260301_160210_run18
multirocket_fm,OliveOil,0.8666666666666667,0.846836788942052,0.8422222222222222,0.8666666666666667,56.817413330078125,20260301_160307_run18
multirocket_fm,PEMS-SF,0.9653179190751445,0.9645736907479755,0.966712478273172,0.9653179190751445,62.431334018707275,20260301_160410_run18
multirocket_fm,PhalangesOutlinesCorrect,0.8496503496503497,0.8465961350738475,0.8512384053682822,0.8496503496503497,89.66566324234009,20260301_160540_run18
multirocket_fm,Phoneme,0.3618143459915612,0.329672389147002,0.3446196888971469,0.3618143459915612,562.7709708213806,20260301_161505_run18
multirocket_fm,PhonemeSpectra,0.29704742022069786,0.27998387584538686,0.32172678176086644,0.29704742022069786,1931.8032908439636,20260301_164723_run18
multirocket_fm,PigAirwayPressure,0.40865384615384615,0.37258648842359243,0.4316234293609859,0.40865384615384615,482.73607325553894,20260301_165526_run18
multirocket_fm,PowerCons,0.9888888888888889,0.9888888888888889,0.9888888888888889,0.9888888888888889,57.68110728263855,20260301_165728_run18
multirocket_fm,ProximalPhalanxOutlineAgeGroup,0.8341463414634146,0.8390321421478875,0.8506678059926069,0.8341463414634146,87.04858422279358,20260301_165855_run18
multirocket_fm,ProximalPhalanxOutlineCorrect,0.9072164948453608,0.9058564951348457,0.906539321441197,0.9072164948453608,81.56383657455444,20260301_170017_run18
multirocket_fm,ProximalPhalanxTW,0.8341463414634146,0.8221604477979904,0.8723215167374344,0.8341463414634146,88.92269325256348,20260301_170146_run18
multirocket_fm,RacketSports,0.868421052631579,0.865889351607668,0.8740837403771335,0.868421052631579,81.99000692367554,20260301_170308_run18
multirocket_fm,RefrigerationDevices,0.816,0.8155898139123134,0.8152990439036651,0.816,64.57417917251587,20260301_170412_run18
multirocket_fm,Rock,0.82,0.8247511312217195,0.8416666666666666,0.82,57.40288758277893,20260301_170510_run18
multirocket_fm,ScreenType,0.7413333333333333,0.739827313381493,0.7463045593641988,0.7413333333333333,61.932708501815796,20260301_170612_run18
multirocket_fm,SelfRegulationSCP1,0.9044368600682594,0.9043142403245061,0.9063086224468266,0.9044368600682594,61.160529375076294,20260301_170713_run18
multirocket_fm,SelfRegulationSCP2,0.5222222222222223,0.5219861660079052,0.5222662048490847,0.5222222222222223,59.73287224769592,20260301_170813_run18
multirocket_fm,PigArtPressure,0.8894230769230769,0.889047064047064,0.9284569597069597,0.8894230769230769,525.8050820827484,20260301_171659_run18
multirocket_fm,PigCVP,0.6682692307692307,0.6430318257241334,0.7197669480278175,0.6682692307692307,455.98567485809326,20260301_172435_run18
multirocket_fm,SemgHandGenderCh2,0.9583333333333334,0.9584006498900116,0.9585198529679367,0.9583333333333334,65.57646918296814,20260301_172541_run18
multirocket_fm,SemgHandMovementCh2,0.92,0.9200834268805514,0.9221320346320345,0.92,66.12907600402832,20260301_172647_run18
multirocket_fm,SemgHandSubjectCh2,0.9666666666666667,0.9667261162601004,0.9674643900209501,0.9666666666666667,66.63489699363708,20260301_172754_run18
multirocket_fm,ShapeletSim,1.0,1.0,1.0,1.0,59.044530391693115,20260301_172853_run18
multirocket_fm,ShapesAll,0.925,0.924599667979329,0.9338318163318162,0.925,560.3057434558868,20260301_173814_run18
multirocket_fm,SmallKitchenAppliances,0.8506666666666667,0.8526805486146671,0.8583164178113183,0.8506666666666667,62.96415448188782,20260301_173917_run18
multirocket_fm,SmoothSubspace,0.9866666666666667,0.9866613311991462,0.9871794871794873,0.9866666666666667,120.77781057357788,20260301_174118_run18
multirocket_fm,SonyAIBORobotSurface1,0.9700499168053245,0.9700639488274132,0.9700998373640745,0.9700499168053245,58.63129901885986,20260301_174217_run18
multirocket_fm,SonyAIBORobotSurface2,0.9496327387198321,0.9491798987374623,0.9507735925857728,0.9496327387198321,62.874807596206665,20260301_174320_run18
multirocket_fm,StandWalkJump,0.6666666666666666,0.6296296296296295,0.8333333333333334,0.6666666666666666,58.313156843185425,20260301_174418_run18
multirocket_fm,StarLightCurves,0.9817872753763963,0.981541337229637,0.9817161004516478,0.9817872753763963,145.11469841003418,20260301_174644_run18
multirocket_fm,Strawberry,0.9837837837837838,0.9838360875421337,0.9841350400173929,0.9837837837837838,77.20011806488037,20260301_174802_run18
multirocket_fm,SwedishLeaf,0.9792,0.9790388574297978,0.9795958466001837,0.9792,551.8777318000793,20260301_175714_run18
multirocket_fm,Symbols,0.9718592964824121,0.9719654748227746,0.9760728777577728,0.9718592964824121,61.610830545425415,20260301_175816_run18
multirocket_fm,SyntheticControl,0.9966666666666667,0.9966663332999967,0.9967320261437908,0.9966666666666667,75.95923733711243,20260301_175932_run18
multirocket_fm,ToeSegmentation1,0.9122807017543859,0.9117892771143544,0.9164673046251993,0.9122807017543859,57.3735249042511,20260301_180029_run18
multirocket_fm,ToeSegmentation2,0.9461538461538461,0.9473511009114723,0.9499792548336238,0.9461538461538461,60.14676880836487,20260301_180129_run18
multirocket_fm,Trace,1.0,1.0,1.0,1.0,58.85372734069824,20260301_180228_run18
multirocket_fm,TwoLeadECG,0.9973661106233538,0.9973661106233538,0.9973676482025334,0.9973661106233538,62.98850917816162,20260301_180331_run18
multirocket_fm,TwoPatterns,1.0,1.0,1.0,1.0,113.6460394859314,20260301_180526_run18
multirocket_fm,UMD,0.9930555555555556,0.993054801953337,0.9931972789115646,0.9930555555555556,57.697014570236206,20260301_180624_run18
multirocket_fm,UWaveGestureLibrary,0.928125,0.9282413504218777,0.9304792060285049,0.928125,61.985509157180786,20260301_180726_run18
multirocket_fm,UWaveGestureLibraryAll,0.9857621440536013,0.9857210892247822,0.9858296827396212,0.9857621440536013,96.23513221740723,20260301_180903_run18
multirocket_fm,UWaveGestureLibraryX,0.8886097152428811,0.888411383069651,0.8884481826826178,0.8886097152428811,95.35332798957825,20260301_181039_run18
multirocket_fm,UWaveGestureLibraryY,0.8252372975991067,0.8238556712415335,0.824563555657141,0.8252372975991067,97.31984376907349,20260301_181218_run18
multirocket_fm,UWaveGestureLibraryZ,0.8380792853154663,0.8354808840070611,0.8365406660600535,0.8380792853154663,96.54007077217102,20260301_181356_run18
multirocket_fm,Wafer,0.9995133030499675,0.9995128192644323,0.9995135684245313,0.9995133030499675,123.21939420700073,20260301_181600_run18
multirocket_fm,Wine,0.9259259259259259,0.9258241758241759,0.9282758620689655,0.9259259259259259,57.68919801712036,20260301_181657_run18
multirocket_fm,WordSynonyms,0.7351097178683386,0.7179613544029627,0.730629146556139,0.7351097178683386,507.6028504371643,20260301_182525_run18
multirocket_fm,Worms,0.6883116883116883,0.6907713090764636,0.7017238713667285,0.6883116883116883,62.55183434486389,20260301_182628_run18
multirocket_fm,WormsTwoClass,0.6363636363636364,0.6325385694249649,0.6321839080459769,0.6363636363636364,60.99663496017456,20260301_182729_run18
multirocket_fm,Yoga,0.9316666666666666,0.9316714966707346,0.9316781976529547,0.9316666666666666,81.32965540885925,20260301_182851_run18
multirocket_fm,MiddlePhalanxOutlineCorrect,0.8213058419243986,0.8178410551266714,0.8263686162430677,0.8213058419243986,77.8839704990387,20260301_183009_run19
multirocket_fm,MiddlePhalanxTW,0.5714285714285714,0.5195845490983636,0.4925172245594781,0.5714285714285714,78.35408115386963,20260301_183127_run19
multirocket_fm,MixedShapesRegularTrain,0.9855670103092784,0.9855404486911987,0.9856585706076324,0.9855670103092784,78.5745038986206,20260301_183246_run19
multirocket_fm,MixedShapesSmallTrain,0.9542268041237113,0.9543828178732262,0.9549583847301165,0.9542268041237113,70.22092938423157,20260301_183357_run19
multirocket_fm,MoteStrain,0.9001597444089456,0.9001778972405934,0.9106179701967819,0.9001597444089456,66.0962336063385,20260301_183503_run19
multirocket_fm,MotorImagery,0.45,0.4495045540986888,0.4498193496587716,0.45,60.88232612609863,20260301_183604_run19
multirocket_fm,NATOPS,0.9222222222222223,0.9227671266709889,0.9234767025089605,0.9222222222222223,73.042555809021,20260301_183717_run19
multirocket_fm,NonInvasiveFetalECGThorax1,0.9709923664122138,0.9711094016064578,0.9725210750578829,0.9709923664122138,935.59801030159,20260301_185256_run19
multirocket_fm,NonInvasiveFetalECGThorax2,0.9760814249363867,0.9762214806127595,0.9771238380758454,0.9760814249363867,927.0476927757263,20260301_190826_run19
multirocket_fm,OSULeaf,0.9793388429752066,0.979449324226887,0.9800275482093663,0.9793388429752066,61.395203828811646,20260301_190928_run19
multirocket_fm,OliveOil,0.9,0.8948571428571429,0.8940170940170941,0.9,57.986265659332275,20260301_191026_run19
multirocket_fm,PEMS-SF,0.9190751445086706,0.9169369033028045,0.91838091341569,0.9190751445086706,63.571306228637695,20260301_191130_run19
multirocket_fm,PhalangesOutlinesCorrect,0.8822843822843823,0.8805201930474911,0.883597023179001,0.8822843822843823,88.38169455528259,20260301_191258_run19
multirocket_fm,Phoneme,0.37236286919831224,0.31852257000756606,0.3288569489339809,0.37236286919831224,567.231695652008,20260301_192228_run19
multirocket_fm,PhonemeSpectra,0.31464360274381153,0.29672971514435764,0.3217178846958116,0.31464360274381153,1933.9982006549835,20260301_195448_run19
multirocket_fm,PigAirwayPressure,0.5192307692307693,0.49581908476139236,0.5841193528693529,0.5192307692307693,484.8899025917053,20260301_200253_run19
multirocket_fm,PowerCons,0.9888888888888889,0.9888888888888889,0.9888888888888889,0.9888888888888889,59.91857171058655,20260301_200458_run19
multirocket_fm,ProximalPhalanxOutlineAgeGroup,0.8439024390243902,0.8447269170209851,0.8472685006035474,0.8439024390243902,91.4386854171753,20260301_200630_run19
multirocket_fm,ProximalPhalanxOutlineCorrect,0.9072164948453608,0.9064962158916118,0.9063916596381412,0.9072164948453608,84.6295747756958,20260301_200754_run19
multirocket_fm,ProximalPhalanxTW,0.8048780487804879,0.7897093587558259,0.8021228129331984,0.8048780487804879,86.94262838363647,20260301_200921_run19
multirocket_fm,RacketSports,0.9276315789473685,0.9276315789473685,0.9288708690330477,0.9276315789473685,77.88570809364319,20260301_201039_run19
multirocket_fm,RefrigerationDevices,0.7866666666666666,0.7864702396071458,0.786475074053066,0.7866666666666666,63.96126461029053,20260301_201143_run19
multirocket_fm,Rock,0.74,0.7454490823682096,0.8000512820512822,0.74,60.29556155204773,20260301_201244_run19
multirocket_fm,ScreenType,0.7413333333333333,0.7409246090314117,0.7446739245117475,0.7413333333333333,64.2581877708435,20260301_201348_run19
multirocket_fm,SelfRegulationSCP1,0.9146757679180887,0.9146558864664135,0.9151692015893023,0.9146757679180887,64.83047032356262,20260301_201453_run19
multirocket_fm,SelfRegulationSCP2,0.55,0.54987496526813,0.550055617352614,0.55,61.06524062156677,20260301_201554_run19
multirocket_fm,PigArtPressure,0.8990384615384616,0.8915861915861915,0.9296703296703297,0.8990384615384616,526.6315805912018,20260301_202441_run19
multirocket_fm,PigCVP,0.6490384615384616,0.6108455207437109,0.6435850474312013,0.6490384615384616,459.24505066871643,20260301_203220_run19
multirocket_fm,SemgHandGenderCh2,0.9666666666666667,0.9668054815747422,0.967313511696047,0.9666666666666667,64.24374294281006,20260301_203325_run19
multirocket_fm,SemgHandMovementCh2,0.9333333333333333,0.9336783464231857,0.935040519934307,0.9333333333333333,66.29624772071838,20260301_203431_run19
multirocket_fm,SemgHandSubjectCh2,0.9711111111111111,0.97122848408636,0.9720904057387865,0.9711111111111111,67.75226783752441,20260301_203539_run19
multirocket_fm,ShapeletSim,1.0,1.0,1.0,1.0,57.34909391403198,20260301_203636_run19
multirocket_fm,ShapesAll,0.93,0.9306130995655157,0.9408039183039184,0.93,564.9581243991852,20260301_204602_run19
multirocket_fm,SmallKitchenAppliances,0.8693333333333333,0.8693568093904229,0.8698547008547008,0.8693333333333333,64.44201993942261,20260301_204707_run19
multirocket_fm,SmoothSubspace,0.9866666666666667,0.9866666666666667,0.9866666666666667,0.9866666666666667,119.04376864433289,20260301_204906_run19
multirocket_fm,SonyAIBORobotSurface1,0.9434276206322796,0.9436798598081213,0.9480337743232918,0.9434276206322796,58.54746413230896,20260301_205005_run19
multirocket_fm,SonyAIBORobotSurface2,0.9590766002098636,0.9590442294283655,0.959031928346331,0.9590766002098636,60.93873929977417,20260301_205106_run19
multirocket_fm,StandWalkJump,0.6666666666666666,0.60994560994561,0.7638888888888888,0.6666666666666666,57.113593339920044,20260301_205203_run19
multirocket_fm,StarLightCurves,0.9825157843613405,0.9822568149356091,0.9825264065335215,0.9825157843613405,141.75865650177002,20260301_205426_run19
multirocket_fm,Strawberry,0.9783783783783784,0.9784481167228448,0.9787629258217493,0.9783783783783784,75.97540712356567,20260301_205542_run19
multirocket_fm,SwedishLeaf,0.9792,0.9792186252997764,0.979558488560663,0.9792,549.1742992401123,20260301_210451_run19
multirocket_fm,Symbols,0.9748743718592965,0.9749812553612219,0.9758256279117163,0.9748743718592965,61.46590566635132,20260301_210553_run19
multirocket_fm,SyntheticControl,0.9966666666666667,0.9966663332999967,0.9967320261437908,0.9966666666666667,75.81858992576599,20260301_210709_run19
multirocket_fm,ToeSegmentation1,0.9385964912280702,0.9386201170490674,0.9422593463628255,0.9385964912280702,57.637256383895874,20260301_210807_run19
multirocket_fm,ToeSegmentation2,0.9538461538461539,0.9557381130196665,0.963076923076923,0.9538461538461539,57.567171573638916,20260301_210904_run19
multirocket_fm,Trace,1.0,1.0,1.0,1.0,57.699069023132324,20260301_211002_run19
multirocket_fm,TwoLeadECG,0.9982440737489026,0.9982440710418969,0.9982502241035474,0.9982440737489026,61.51154446601868,20260301_211103_run19
multirocket_fm,TwoPatterns,1.0,1.0,1.0,1.0,112.45592212677002,20260301_211257_run19
multirocket_fm,UMD,0.9722222222222222,0.9720698983695255,0.9723454599230996,0.9722222222222222,57.54984164237976,20260301_211354_run19
multirocket_fm,UWaveGestureLibrary,0.95,0.9500956569528999,0.9525657240046774,0.95,62.26034903526306,20260301_211457_run19
multirocket_fm,UWaveGestureLibraryAll,0.9849246231155779,0.9848763374366499,0.9849366381823675,0.9849246231155779,95.74970746040344,20260301_211634_run19
multirocket_fm,UWaveGestureLibraryX,0.8869346733668342,0.8860644531486368,0.8867556527063551,0.8869346733668342,97.71133518218994,20260301_211812_run19
multirocket_fm,UWaveGestureLibraryY,0.8263539921831379,0.8246991169359343,0.8250865555381852,0.8263539921831379,95.31296849250793,20260301_211949_run19
multirocket_fm,UWaveGestureLibraryZ,0.8439419318816304,0.8432638257076442,0.8434042808326345,0.8439419318816304,95.94441843032837,20260301_212126_run19
multirocket_fm,Wafer,0.9995133030499675,0.9995128192644323,0.9995135684245313,0.9995133030499675,124.45359468460083,20260301_212331_run19
multirocket_fm,Wine,0.9444444444444444,0.94442538593482,0.9450549450549451,0.9444444444444444,58.10270619392395,20260301_212429_run19
multirocket_fm,WordSynonyms,0.7554858934169278,0.730185153859176,0.7382552362400083,0.7554858934169278,506.2020642757416,20260301_213256_run19
multirocket_fm,Worms,0.7142857142857143,0.7080129174962605,0.7414315008299971,0.7142857142857143,59.60546922683716,20260301_213355_run19
multirocket_fm,WormsTwoClass,0.8441558441558441,0.8399014778325122,0.8558241758241759,0.8441558441558441,61.573298931121826,20260301_213457_run19
multirocket_fm,Yoga,0.9316666666666666,0.9315912139272894,0.9318333165820427,0.9316666666666666,81.37254691123962,20260301_213619_run19
multirocket_fm,MiddlePhalanxOutlineCorrect,0.8762886597938144,0.8760192535651424,0.876088187681991,0.8762886597938144,78.63328146934509,20260301_213738_run20
multirocket_fm,MiddlePhalanxTW,0.5909090909090909,0.5364781159343639,0.538131698960576,0.5909090909090909,78.82185816764832,20260301_213857_run20
multirocket_fm,MixedShapesRegularTrain,0.9835051546391752,0.9835142902112124,0.9837337717180051,0.9835051546391752,77.34893369674683,20260301_214014_run20
multirocket_fm,MixedShapesSmallTrain,0.9575257731958763,0.9576807178183884,0.9580567042461663,0.9575257731958763,70.49799060821533,20260301_214125_run20
multirocket_fm,MoteStrain,0.8977635782747604,0.8970758375817901,0.9012154433104445,0.8977635782747604,62.512030363082886,20260301_214228_run20
multirocket_fm,MotorImagery,0.57,0.5696126513862476,0.5702529104777199,0.57,56.77385973930359,20260301_214325_run20
multirocket_fm,NATOPS,0.9166666666666666,0.9147485080988917,0.924908424908425,0.9166666666666666,72.54877138137817,20260301_214438_run20
multirocket_fm,NonInvasiveFetalECGThorax1,0.9648854961832061,0.9647978311140494,0.9675779584087164,0.9648854961832061,936.6595411300659,20260301_220018_run20
multirocket_fm,NonInvasiveFetalECGThorax2,0.9735368956743002,0.9735011719348167,0.974228450959393,0.9735368956743002,927.5096826553345,20260301_221548_run20
multirocket_fm,OSULeaf,0.9793388429752066,0.9792595546606241,0.979398866343898,0.9793388429752066,62.43716764450073,20260301_221651_run20
multirocket_fm,OliveOil,0.8666666666666667,0.863939393939394,0.8721212121212122,0.8666666666666667,60.35478234291077,20260301_221751_run20
multirocket_fm,PEMS-SF,0.976878612716763,0.9768538567309742,0.9777657236169263,0.976878612716763,62.59792232513428,20260301_221854_run20
multirocket_fm,PhalangesOutlinesCorrect,0.8717948717948718,0.8695970695970696,0.8733879197637356,0.8717948717948718,88.35057401657104,20260301_222023_run20
multirocket_fm,Phoneme,0.339662447257384,0.3060764979078457,0.34471267740969863,0.339662447257384,568.1146433353424,20260301_222953_run20
multirocket_fm,PhonemeSpectra,0.2967491798389502,0.29196882055835693,0.33137719071500493,0.2967491798389502,1929.636566400528,20260301_230209_run20
multirocket_fm,PigAirwayPressure,0.4326923076923077,0.4191679989191301,0.5227341035033342,0.4326923076923077,486.0847055912018,20260301_231015_run20
multirocket_fm,PowerCons,0.9944444444444445,0.9944442729713879,0.9945054945054945,0.9944444444444445,58.41040229797363,20260301_231217_run20
multirocket_fm,ProximalPhalanxOutlineAgeGroup,0.7951219512195122,0.801662056826754,0.8107578800117325,0.7951219512195122,88.26570558547974,20260301_231346_run20
multirocket_fm,ProximalPhalanxOutlineCorrect,0.8969072164948454,0.8930874056927812,0.8999801241716225,0.8969072164948454,82.99404883384705,20260301_231509_run20
multirocket_fm,ProximalPhalanxTW,0.7951219512195122,0.7802688940901916,0.7806197054977544,0.7951219512195122,88.00146222114563,20260301_231637_run20
multirocket_fm,RacketSports,0.9078947368421053,0.9078947368421053,0.9092875721279944,0.9078947368421053,77.51910901069641,20260301_231755_run20
multirocket_fm,RefrigerationDevices,0.8186666666666667,0.8155917276718061,0.8174872954861938,0.8186666666666667,63.68326759338379,20260301_231858_run20
multirocket_fm,Rock,0.8,0.8038545794975814,0.8216666666666665,0.8,59.68513083457947,20260301_231958_run20
multirocket_fm,ScreenType,0.7706666666666667,0.7690733804966015,0.7709753979539236,0.7706666666666667,63.324336767196655,20260301_232101_run20
multirocket_fm,SelfRegulationSCP1,0.9385665529010239,0.9385450786815402,0.9393118261487718,0.9385665529010239,64.03391194343567,20260301_232206_run20
multirocket_fm,SelfRegulationSCP2,0.4722222222222222,0.46945487263814345,0.47163031143613665,0.4722222222222222,63.280107498168945,20260301_232309_run20
multirocket_fm,PigArtPressure,0.9519230769230769,0.9473803973803973,0.9661172161172159,0.9519230769230769,522.7766337394714,20260301_233152_run20
multirocket_fm,PigCVP,0.7067307692307693,0.6965926167849243,0.7552422250951663,0.7067307692307693,460.49639534950256,20260301_233933_run20
multirocket_fm,SemgHandGenderCh2,0.9733333333333334,0.9734443852597936,0.9739276622316153,0.9733333333333334,68.58909010887146,20260301_234041_run20
multirocket_fm,SemgHandMovementCh2,0.9111111111111111,0.9109673578560955,0.9136829703537171,0.9111111111111111,66.62784504890442,20260301_234148_run20
multirocket_fm,SemgHandSubjectCh2,0.9711111111111111,0.971108023833781,0.9713212211098752,0.9711111111111111,65.52553606033325,20260301_234254_run20
multirocket_fm,ShapeletSim,1.0,1.0,1.0,1.0,57.27419567108154,20260301_234351_run20
multirocket_fm,ShapesAll,0.9266666666666666,0.9267430786335753,0.9351377326377328,0.9266666666666666,563.1055099964142,20260301_235315_run20
multirocket_fm,SmallKitchenAppliances,0.8613333333333333,0.8624846708652907,0.8664450031981296,0.8613333333333333,63.564377307891846,20260301_235419_run20
multirocket_fm,SmoothSubspace,0.9933333333333333,0.9933326665999933,0.9934640522875816,0.9933333333333333,118.05893158912659,20260301_235617_run20
multirocket_fm,SonyAIBORobotSurface1,0.9550748752079867,0.9552633189964214,0.9587657295104569,0.9550748752079867,59.92236137390137,20260301_235717_run20
multirocket_fm,SonyAIBORobotSurface2,0.9150052465897167,0.9159575725359849,0.9244587318053512,0.9150052465897167,64.75073051452637,20260301_235822_run20
multirocket_fm,StandWalkJump,0.7333333333333333,0.7193732193732194,0.7638888888888888,0.7333333333333333,58.724597692489624,20260301_235921_run20
multirocket_fm,StarLightCurves,0.9813016027197669,0.9809158030640847,0.9815135244178919,0.9813016027197669,145.17185640335083,20260302_000147_run20
multirocket_fm,Strawberry,0.9891891891891892,0.9892070237173501,0.9892873014679238,0.9891891891891892,78.04451441764832,20260302_000305_run20
multirocket_fm,SwedishLeaf,0.984,0.9839666215325468,0.9841262372574191,0.984,553.8870644569397,20260302_001219_run20
multirocket_fm,Symbols,0.9698492462311558,0.9699016748239134,0.972757523883152,0.9698492462311558,63.18381357192993,20260302_001323_run20
multirocket_fm,SyntheticControl,0.9966666666666667,0.9966663332999967,0.9967320261437908,0.9966666666666667,77.69073009490967,20260302_001440_run20
multirocket_fm,ToeSegmentation1,0.9692982456140351,0.9693142167018031,0.9696660222976011,0.9692982456140351,57.473031759262085,20260302_001538_run20
multirocket_fm,ToeSegmentation2,0.9076923076923077,0.9124757595345832,0.9256671899529042,0.9076923076923077,57.37299132347107,20260302_001635_run20
multirocket_fm,Trace,1.0,1.0,1.0,1.0,60.44196653366089,20260302_001736_run20
multirocket_fm,TwoLeadECG,0.9991220368744512,0.9991220368744512,0.9991235771606364,0.9991220368744512,64.90729880332947,20260302_001841_run20
multirocket_fm,TwoPatterns,1.0,1.0,1.0,1.0,114.53456950187683,20260302_002036_run20
multirocket_fm,UMD,0.9930555555555556,0.993054801953337,0.9931972789115646,0.9930555555555556,59.44181966781616,20260302_002136_run20
multirocket_fm,UWaveGestureLibrary,0.9375,0.9370486942776098,0.9380809254508765,0.9375,65.1546413898468,20260302_002241_run20
multirocket_fm,UWaveGestureLibraryAll,0.9860413176996091,0.9860160315278402,0.9861800310713947,0.9860413176996091,99.06628251075745,20260302_002421_run20
multirocket_fm,UWaveGestureLibraryX,0.8927973199329984,0.8918836702950885,0.8944859958874601,0.8927973199329984,97.88458704948425,20260302_002600_run20
multirocket_fm,UWaveGestureLibraryY,0.8288665549972083,0.8273952338579328,0.8272517846173129,0.8288665549972083,96.66383528709412,20260302_002738_run20
multirocket_fm,UWaveGestureLibraryZ,0.8380792853154663,0.8357486140626632,0.8365795427553283,0.8380792853154663,97.94540882110596,20260302_002917_run20
multirocket_fm,Wafer,0.9993510707332901,0.9993502099218068,0.9993515424245615,0.9993510707332901,123.93999361991882,20260302_003122_run20
multirocket_fm,Wine,0.9074074074074074,0.9073756432246998,0.907967032967033,0.9074074074074074,57.37148475646973,20260302_003219_run20
multirocket_fm,WordSynonyms,0.7445141065830722,0.7146326805204373,0.7500780962481917,0.7445141065830722,499.54964232444763,20260302_004039_run20
multirocket_fm,Worms,0.7662337662337663,0.7691470146581806,0.7760291995586113,0.7662337662337663,61.62794303894043,20260302_004141_run20
multirocket_fm,WormsTwoClass,0.7532467532467533,0.7536700732789254,0.7543482509282783,0.7532467532467533,60.14711117744446,20260302_004241_run20
multirocket_fm,Yoga,0.941,0.9408467971879768,0.9420172203354332,0.941,82.5680296421051,20260302_004404_run20
multirocket_fm,MiddlePhalanxOutlineCorrect,0.8591065292096219,0.857125565029345,0.8629188418139984,0.8591065292096219,75.95968437194824,20260302_004520_run21
multirocket_fm,MiddlePhalanxTW,0.564935064935065,0.5183026559906259,0.5649814471243043,0.564935064935065,77.34331226348877,20260302_004638_run21
multirocket_fm,MixedShapesRegularTrain,0.9806185567010309,0.9805973406268476,0.9809098273529514,0.9806185567010309,76.79304671287537,20260302_004755_run21
multirocket_fm,MixedShapesSmallTrain,0.965360824742268,0.9651210199407484,0.9658426539164865,0.965360824742268,70.44720578193665,20260302_004906_run21
multirocket_fm,MoteStrain,0.9488817891373802,0.948853935166977,0.948904150156678,0.9488817891373802,62.532286643981934,20260302_005009_run21
multirocket_fm,MotorImagery,0.56,0.5598239295718287,0.5600961538461539,0.56,57.35819911956787,20260302_005106_run21
multirocket_fm,NATOPS,0.9055555555555556,0.9032270140760706,0.9068433697589708,0.9055555555555556,71.91061568260193,20260302_005218_run21
multirocket_fm,NonInvasiveFetalECGThorax1,0.9674300254452927,0.9672828654402595,0.9686834646657169,0.9674300254452927,939.8614454269409,20260302_010801_run21
multirocket_fm,NonInvasiveFetalECGThorax2,0.9735368956743002,0.9733754370826648,0.9736740212679111,0.9735368956743002,931.2629401683807,20260302_012336_run21
multirocket_fm,OSULeaf,0.9628099173553719,0.9625903782894458,0.9636287610461164,0.9628099173553719,63.43364095687866,20260302_012439_run21
multirocket_fm,OliveOil,0.9666666666666667,0.9677938808373592,0.9733333333333333,0.9666666666666667,58.588732957839966,20260302_012538_run21
multirocket_fm,PEMS-SF,0.9248554913294798,0.9212039749657992,0.937349723689073,0.9248554913294798,63.95604586601257,20260302_012642_run21
multirocket_fm,PhalangesOutlinesCorrect,0.8764568764568764,0.8748606690277998,0.8769889347396945,0.8764568764568764,91.49402666091919,20260302_012814_run21
multirocket_fm,Phoneme,0.3507383966244726,0.30360123464788025,0.307567490902735,0.3507383966244726,568.6569483280182,20260302_013744_run21
multirocket_fm,PhonemeSpectra,0.31315240083507306,0.30833790751585227,0.3777620247548681,0.31315240083507306,1943.1695230007172,20260302_021014_run21
multirocket_fm,PigAirwayPressure,0.5336538461538461,0.5097986201832355,0.606656537906538,0.5336538461538461,482.7437815666199,20260302_021817_run21
multirocket_fm,PowerCons,0.9944444444444445,0.9944442729713879,0.9945054945054945,0.9944444444444445,60.10702991485596,20260302_022023_run21
multirocket_fm,ProximalPhalanxOutlineAgeGroup,0.8536585365853658,0.8547599680945129,0.8567488268963028,0.8536585365853658,88.36331510543823,20260302_022151_run21
multirocket_fm,ProximalPhalanxOutlineCorrect,0.9106529209621993,0.9088436806209348,0.9107579681112686,0.9106529209621993,83.48275589942932,20260302_022315_run21
multirocket_fm,ProximalPhalanxTW,0.8195121951219512,0.8011360980879125,0.8424801215045118,0.8195121951219512,88.51930952072144,20260302_022443_run21
multirocket_fm,RacketSports,0.9013157894736842,0.9018210358356816,0.9036340135235112,0.9013157894736842,78.84289741516113,20260302_022602_run21
multirocket_fm,RefrigerationDevices,0.8346666666666667,0.8338683252249394,0.8357467236502598,0.8346666666666667,62.80253982543945,20260302_022705_run21
multirocket_fm,Rock,0.82,0.8278725490196078,0.8593006993006993,0.82,59.304343938827515,20260302_022804_run21
multirocket_fm,ScreenType,0.7253333333333334,0.7217080358397834,0.7321139005921615,0.7253333333333334,63.36824917793274,20260302_022908_run21
multirocket_fm,SelfRegulationSCP1,0.9010238907849829,0.9010215848589718,0.9010402717652335,0.9010238907849829,62.29581928253174,20260302_023010_run21
multirocket_fm,SelfRegulationSCP2,0.5222222222222223,0.5221632300283986,0.5222332015810276,0.5222222222222223,59.79681587219238,20260302_023110_run21
multirocket_fm,PigArtPressure,0.8942307692307693,0.8873126873126872,0.920054945054945,0.8942307692307693,524.926965713501,20260302_023955_run21
multirocket_fm,PigCVP,0.6009615384615384,0.5907157352881037,0.6729395604395605,0.6009615384615384,459.14480447769165,20260302_024735_run21
multirocket_fm,SemgHandGenderCh2,0.9733333333333334,0.9734443852597936,0.9739276622316153,0.9733333333333334,64.18108701705933,20260302_024839_run21
multirocket_fm,SemgHandMovementCh2,0.9377777777777778,0.9377356712314624,0.9409019969794521,0.9377777777777778,65.98587656021118,20260302_024945_run21
multirocket_fm,SemgHandSubjectCh2,0.9666666666666667,0.9665992175002498,0.9677488509350468,0.9666666666666667,65.4444568157196,20260302_025051_run21
multirocket_fm,ShapeletSim,1.0,1.0,1.0,1.0,57.412593126297,20260302_025148_run21
multirocket_fm,ShapesAll,0.9266666666666666,0.92563979732845,0.9366170866170866,0.9266666666666666,553.6673483848572,20260302_030103_run21
multirocket_fm,SmallKitchenAppliances,0.872,0.8716807310428584,0.8716002011456557,0.872,63.427998542785645,20260302_030206_run21
multirocket_fm,SmoothSubspace,0.9933333333333333,0.9933326665999933,0.9934640522875816,0.9933333333333333,115.22117805480957,20260302_030402_run21
multirocket_fm,SonyAIBORobotSurface1,0.9001663893510815,0.9006000969185938,0.917846264812181,0.9001663893510815,58.73903799057007,20260302_030500_run21
multirocket_fm,SonyAIBORobotSurface2,0.9496327387198321,0.9499096807234448,0.9514275355652092,0.9496327387198321,62.01223587989807,20260302_030602_run21
multirocket_fm,StandWalkJump,0.6,0.6071428571428572,0.7037037037037037,0.6,59.449650049209595,20260302_030702_run21
multirocket_fm,StarLightCurves,0.9826372025254978,0.9824430115735555,0.9825561717478999,0.9826372025254978,143.49158668518066,20260302_030927_run21
multirocket_fm,Strawberry,0.9864864864864865,0.9865195504077136,0.9866922241390326,0.9864864864864865,78.36412954330444,20260302_031045_run21
multirocket_fm,SwedishLeaf,0.9712,0.9709373569553682,0.9722331440680556,0.9712,548.4499530792236,20260302_031954_run21
multirocket_fm,Symbols,0.964824120603015,0.9649116522648079,0.9662952990359222,0.964824120603015,60.639960289001465,20260302_032055_run21
multirocket_fm,SyntheticControl,0.9933333333333333,0.9933326665999933,0.9934640522875816,0.9933333333333333,77.12179064750671,20260302_032212_run21
multirocket_fm,ToeSegmentation1,0.9649122807017544,0.9649365965155439,0.9662973222530009,0.9649122807017544,59.1583571434021,20260302_032311_run21
multirocket_fm,ToeSegmentation2,0.9461538461538461,0.9486610950025584,0.9583126550868486,0.9461538461538461,57.23714089393616,20260302_032408_run21
multirocket_fm,Trace,1.0,1.0,1.0,1.0,57.26016139984131,20260302_032506_run21
multirocket_fm,TwoLeadECG,0.9991220368744512,0.9991220355209453,0.9991235744631125,0.9991220368744512,62.132813930511475,20260302_032608_run21
multirocket_fm,TwoPatterns,1.0,1.0,1.0,1.0,111.96249771118164,20260302_032801_run21
multirocket_fm,UMD,0.9930555555555556,0.993054801953337,0.9931972789115646,0.9930555555555556,57.70741653442383,20260302_032859_run21
multirocket_fm,UWaveGestureLibrary,0.946875,0.9465049464449242,0.9483849359170284,0.946875,61.811285972595215,20260302_033000_run21
multirocket_fm,UWaveGestureLibraryAll,0.9860413176996091,0.9860123281969224,0.9860320543205209,0.9860413176996091,96.55161714553833,20260302_033138_run21
multirocket_fm,UWaveGestureLibraryX,0.8855388051367951,0.8846613177353382,0.8840047963114608,0.8855388051367951,95.54356718063354,20260302_033315_run21
multirocket_fm,UWaveGestureLibraryY,0.8243997766610832,0.8230795223433328,0.8247954821774179,0.8243997766610832,95.928067445755,20260302_033452_run21
multirocket_fm,UWaveGestureLibraryZ,0.8324958123953099,0.8304919532296974,0.8315356689958142,0.8324958123953099,96.13630938529968,20260302_033629_run21
multirocket_fm,Wafer,0.9995133030499675,0.9995128192644323,0.9995135684245313,0.9995133030499675,125.66990518569946,20260302_033836_run21
multirocket_fm,Wine,0.9444444444444444,0.9442724458204333,0.95,0.9444444444444444,58.08860111236572,20260302_033934_run21
multirocket_fm,WordSynonyms,0.7789968652037618,0.7666386370825791,0.7721624690717533,0.7789968652037618,500.56882071495056,20260302_034755_run21
multirocket_fm,Worms,0.7532467532467533,0.7597947653637726,0.7823821454837498,0.7532467532467533,58.670886754989624,20260302_034853_run21
multirocket_fm,WormsTwoClass,0.8051948051948052,0.8008155983178286,0.8108166343460461,0.8051948051948052,59.12450623512268,20260302_034952_run21
multirocket_fm,Yoga,0.9336666666666666,0.933614384644318,0.9337378658817849,0.9336666666666666,81.10739231109619,20260302_035114_run21
multirocket_fm,MiddlePhalanxOutlineCorrect,0.8797250859106529,0.8786924559382844,0.8813272544518584,0.8797250859106529,76.84238147735596,20260302_035231_run22
multirocket_fm,MiddlePhalanxTW,0.5909090909090909,0.5518139362663622,0.5649833120599848,0.5909090909090909,75.15536236763,20260302_035346_run22
multirocket_fm,MixedShapesRegularTrain,0.985979381443299,0.9859628982960172,0.9859707653620008,0.985979381443299,78.15885019302368,20260302_035505_run22
multirocket_fm,MixedShapesSmallTrain,0.9558762886597938,0.9558698590686282,0.9562288187514789,0.9558762886597938,70.84563541412354,20260302_035616_run22
multirocket_fm,MoteStrain,0.9009584664536742,0.9010960568084336,0.905944844958505,0.9009584664536742,63.4899685382843,20260302_035720_run22
multirocket_fm,MotorImagery,0.43,0.4285714285714286,0.4292929292929293,0.43,57.41922903060913,20260302_035817_run22
multirocket_fm,NATOPS,0.9055555555555556,0.90622458477514,0.9078282828282828,0.9055555555555556,71.5986111164093,20260302_035929_run22
multirocket_fm,NonInvasiveFetalECGThorax1,0.9659033078880407,0.9659999426396206,0.9667524522261915,0.9659033078880407,940.9632019996643,20260302_041513_run22
multirocket_fm,NonInvasiveFetalECGThorax2,0.971501272264631,0.9716066498529207,0.9727208212778455,0.971501272264631,928.478639125824,20260302_043045_run22
multirocket_fm,OSULeaf,0.9628099173553719,0.9627670248699821,0.9628343503570272,0.9628099173553719,61.58692383766174,20260302_043147_run22
multirocket_fm,OliveOil,0.9,0.8977056277056277,0.9176767676767678,0.9,57.11392521858215,20260302_043244_run22
multirocket_fm,PEMS-SF,0.9075144508670521,0.9045454842020444,0.9147971140546385,0.9075144508670521,62.82998514175415,20260302_043347_run22
multirocket_fm,PhalangesOutlinesCorrect,0.8671328671328671,0.8627273302717419,0.8757674302228758,0.8671328671328671,88.0045862197876,20260302_043515_run22
multirocket_fm,Phoneme,0.3881856540084388,0.33209813224478546,0.3694125699837767,0.3881856540084388,565.5903022289276,20260302_044443_run22
multirocket_fm,PhonemeSpectra,0.29227557411273486,0.28016647556739377,0.32531735565886666,0.29227557411273486,1939.1936144828796,20260302_051708_run22
multirocket_fm,PigAirwayPressure,0.5817307692307693,0.5642224044743939,0.6303663003663004,0.5817307692307693,488.80125665664673,20260302_052517_run22
multirocket_fm,PowerCons,0.9888888888888889,0.9888875169774047,0.9891304347826086,0.9888888888888889,58.52329230308533,20260302_052722_run22
multirocket_fm,ProximalPhalanxOutlineAgeGroup,0.848780487804878,0.8498558343145873,0.8535049307959561,0.848780487804878,87.77334189414978,20260302_052850_run22
multirocket_fm,ProximalPhalanxOutlineCorrect,0.9278350515463918,0.9275069431848413,0.9274049726297777,0.9278350515463918,82.87357234954834,20260302_053013_run22
multirocket_fm,ProximalPhalanxTW,0.848780487804878,0.8297283744480229,0.8404841465645313,0.848780487804878,91.59357357025146,20260302_053144_run22
multirocket_fm,RacketSports,0.9473684210526315,0.9472917433443748,0.9477916281932902,0.9473684210526315,79.69347786903381,20260302_053304_run22
multirocket_fm,RefrigerationDevices,0.8026666666666666,0.802178403707659,0.8048138902986802,0.8026666666666666,63.81611156463623,20260302_053408_run22
multirocket_fm,Rock,0.88,0.878129713423831,0.8833333333333334,0.88,57.585047245025635,20260302_053506_run22
multirocket_fm,ScreenType,0.704,0.7011374486280045,0.7116735344077894,0.704,62.215550661087036,20260302_053608_run22
multirocket_fm,SelfRegulationSCP1,0.9215017064846417,0.9214998776467709,0.9215195188126811,0.9215017064846417,62.791016578674316,20260302_053711_run22
multirocket_fm,SelfRegulationSCP2,0.45555555555555555,0.45528656126482214,0.45546759030183076,0.45555555555555555,61.09069466590881,20260302_053812_run22
multirocket_fm,PigArtPressure,0.8846153846153846,0.8777777777777777,0.9204545454545454,0.8846153846153846,533.5356843471527,20260302_054706_run22
multirocket_fm,PigCVP,0.7403846153846154,0.7209948171486632,0.7785409035409034,0.7403846153846154,472.7778151035309,20260302_055459_run22
multirocket_fm,SemgHandGenderCh2,0.985,0.9850242339604042,0.9851020853805001,0.985,67.10861802101135,20260302_055606_run22
multirocket_fm,SemgHandMovementCh2,0.9288888888888889,0.9282707713437836,0.9296996877053947,0.9288888888888889,64.98822808265686,20260302_055711_run22
multirocket_fm,SemgHandSubjectCh2,0.9511111111111111,0.9502481563616554,0.9526985905335518,0.9511111111111111,65.94199705123901,20260302_055817_run22
multirocket_fm,ShapeletSim,1.0,1.0,1.0,1.0,57.504706144332886,20260302_055915_run22
multirocket_fm,ShapesAll,0.9116666666666666,0.9110083107740936,0.9242603692603693,0.9116666666666666,562.4239177703857,20260302_060838_run22
multirocket_fm,SmallKitchenAppliances,0.8213333333333334,0.8205012224077558,0.8205261752136753,0.8213333333333334,63.235300064086914,20260302_060942_run22
multirocket_fm,SmoothSubspace,0.9866666666666667,0.9865966188455579,0.9869281045751633,0.9866666666666667,119.68790054321289,20260302_061141_run22
multirocket_fm,SonyAIBORobotSurface1,0.9534109816971714,0.9536017792880725,0.95684242219303,0.9534109816971714,58.70212769508362,20260302_061240_run22
multirocket_fm,SonyAIBORobotSurface2,0.9580272822665268,0.9579598919058616,0.9579729282997368,0.9580272822665268,61.92229437828064,20260302_061342_run22
multirocket_fm,StandWalkJump,0.7333333333333333,0.7222222222222221,0.7460317460317459,0.7333333333333333,56.970343589782715,20260302_061439_run22
multirocket_fm,StarLightCurves,0.9832442933462846,0.9830298364041471,0.9832086807117342,0.9832442933462846,144.1603124141693,20260302_061704_run22
multirocket_fm,Strawberry,0.9783783783783784,0.9784481167228448,0.9787629258217493,0.9783783783783784,76.47362279891968,20260302_061821_run22
multirocket_fm,SwedishLeaf,0.9792,0.9792331980440585,0.9797054854397528,0.9792,556.6392109394073,20260302_062738_run22
multirocket_fm,Symbols,0.9447236180904522,0.9437985036309561,0.9499970618040889,0.9447236180904522,63.56333613395691,20260302_062842_run22
multirocket_fm,SyntheticControl,0.99,0.9899969988995697,0.9903217697335345,0.99,79.02279806137085,20260302_063001_run22
multirocket_fm,ToeSegmentation1,0.956140350877193,0.9561707456444299,0.9575253924284396,0.956140350877193,59.250699281692505,20260302_063100_run22
multirocket_fm,ToeSegmentation2,0.9076923076923077,0.9141538461538462,0.9384615384615385,0.9076923076923077,57.36688256263733,20260302_063158_run22
multirocket_fm,Trace,1.0,1.0,1.0,1.0,58.461939573287964,20260302_063256_run22
multirocket_fm,TwoLeadECG,0.9982440737489026,0.9982440737489026,0.9982440737489026,0.9982440737489026,62.18653082847595,20260302_063358_run22
multirocket_fm,TwoPatterns,1.0,1.0,1.0,1.0,114.96812701225281,20260302_063554_run22
multirocket_fm,UMD,0.9930555555555556,0.993054801953337,0.9931972789115646,0.9930555555555556,59.31719923019409,20260302_063654_run22
multirocket_fm,UWaveGestureLibrary,0.959375,0.9589585889582899,0.9608789865649623,0.959375,61.73159670829773,20260302_063755_run22
multirocket_fm,UWaveGestureLibraryAll,0.9804578447794529,0.9804012520326795,0.9804893605857867,0.9804578447794529,96.05017852783203,20260302_063933_run22
multirocket_fm,UWaveGestureLibraryX,0.8860971524288107,0.8858909595543196,0.8875259534430667,0.8860971524288107,96.8575484752655,20260302_064111_run22
multirocket_fm,UWaveGestureLibraryY,0.8140703517587939,0.8119558689323868,0.814050120150503,0.8140703517587939,96.18592309951782,20260302_064248_run22
multirocket_fm,UWaveGestureLibraryZ,0.8324958123953099,0.8313204771819087,0.8312171087359427,0.8324958123953099,96.17219924926758,20260302_064425_run22
multirocket_fm,Wafer,1.0,1.0,1.0,1.0,123.49872636795044,20260302_064629_run22
multirocket_fm,Wine,0.9814814814814815,0.98147512864494,0.9821428571428571,0.9814814814814815,57.31599187850952,20260302_064727_run22
multirocket_fm,WordSynonyms,0.7304075235109718,0.7156801788541968,0.7314520580987998,0.7304075235109718,496.113440990448,20260302_065543_run22
multirocket_fm,Worms,0.7402597402597403,0.7289676191743137,0.7310131389078758,0.7402597402597403,58.7836058139801,20260302_065642_run22
multirocket_fm,WormsTwoClass,0.7402597402597403,0.7331691297208538,0.7432967032967034,0.7402597402597403,60.23685097694397,20260302_065742_run22
multirocket_fm,Yoga,0.9383333333333334,0.9383226756818122,0.9383222873092762,0.9383333333333334,80.00246787071228,20260302_065903_run22
multirocket_fm,MiddlePhalanxOutlineCorrect,0.8591065292096219,0.857125565029345,0.8629188418139984,0.8591065292096219,78.25347256660461,20260302_070021_run23
multirocket_fm,MiddlePhalanxTW,0.564935064935065,0.5142049100141824,0.48429383116883123,0.564935064935065,78.42895293235779,20260302_070140_run23
multirocket_fm,MixedShapesRegularTrain,0.985979381443299,0.9860101562479254,0.9861804919447615,0.985979381443299,78.46456980705261,20260302_070259_run23
multirocket_fm,MixedShapesSmallTrain,0.9690721649484536,0.9690881165775044,0.9694088957401251,0.9690721649484536,71.84131669998169,20260302_070411_run23
multirocket_fm,MoteStrain,0.9041533546325878,0.9043003211217789,0.9073309180590163,0.9041533546325878,62.62389898300171,20260302_070514_run23
multirocket_fm,MotorImagery,0.51,0.5099509950995099,0.5100040016006403,0.51,57.03584861755371,20260302_070611_run23
multirocket_fm,NATOPS,0.8833333333333333,0.8824194460146976,0.8819124423963135,0.8833333333333333,72.40300393104553,20260302_070723_run23
multirocket_fm,NonInvasiveFetalECGThorax1,0.966412213740458,0.9664087245360493,0.9670799580519973,0.966412213740458,936.3160407543182,20260302_072303_run23
multirocket_fm,NonInvasiveFetalECGThorax2,0.9755725190839695,0.9753702756942675,0.9762247589523481,0.9755725190839695,933.099888086319,20260302_073839_run23
multirocket_fm,OSULeaf,0.987603305785124,0.9875669784760694,0.9876366975540529,0.987603305785124,62.969929695129395,20260302_073942_run23
multirocket_fm,OliveOil,0.9333333333333333,0.9330320751373383,0.9433333333333334,0.9333333333333333,57.22201132774353,20260302_074040_run23
multirocket_fm,PEMS-SF,0.9248554913294798,0.9243758700482158,0.9299814425117428,0.9248554913294798,62.80605626106262,20260302_074143_run23
multirocket_fm,PhalangesOutlinesCorrect,0.8543123543123543,0.8517504515377845,0.8552848575094697,0.8543123543123543,90.96253776550293,20260302_074314_run23
multirocket_fm,Phoneme,0.36075949367088606,0.31564520132703583,0.33106872975599144,0.36075949367088606,578.835369348526,20260302_075255_run23
multirocket_fm,PhonemeSpectra,0.31852072770653145,0.3084685816633537,0.3362287862323164,0.31852072770653145,1938.6040410995483,20260302_082520_run23
multirocket_fm,PigAirwayPressure,0.5625,0.5645230667765133,0.6808206847680531,0.5625,489.0094664096832,20260302_083329_run23
multirocket_fm,PowerCons,0.9777777777777777,0.9777750339548092,0.9780138339920948,0.9777777777777777,58.501935958862305,20260302_083532_run23
multirocket_fm,ProximalPhalanxOutlineAgeGroup,0.8195121951219512,0.8239706562773695,0.829952154747173,0.8195121951219512,88.57927918434143,20260302_083700_run23
multirocket_fm,ProximalPhalanxOutlineCorrect,0.9140893470790378,0.9121824217570204,0.9147001806442294,0.9140893470790378,84.38762664794922,20260302_083825_run23
multirocket_fm,ProximalPhalanxTW,0.8048780487804879,0.7876411786992615,0.8212653767882635,0.8048780487804879,87.27273416519165,20260302_083952_run23
multirocket_fm,RacketSports,0.9210526315789473,0.9209376150165625,0.9213681132656201,0.9210526315789473,80.9516921043396,20260302_084113_run23
multirocket_fm,RefrigerationDevices,0.752,0.750849280585976,0.7525724482246222,0.752,65.92599701881409,20260302_084219_run23
multirocket_fm,Rock,0.86,0.8616820857863752,0.8643333333333334,0.86,57.771496057510376,20260302_084317_run23
multirocket_fm,ScreenType,0.752,0.7486147772696792,0.7538342901510725,0.752,61.13499855995178,20260302_084418_run23
multirocket_fm,SelfRegulationSCP1,0.8907849829351536,0.8906448460851496,0.8925896112232853,0.8907849829351536,63.241584062576294,20260302_084521_run23
multirocket_fm,SelfRegulationSCP2,0.5111111111111111,0.5081356353248043,0.5113866396761134,0.5111111111111111,60.197572469711304,20260302_084622_run23
multirocket_fm,PigArtPressure,0.9182692307692307,0.9156898656898658,0.9384615384615386,0.9182692307692307,525.3723785877228,20260302_085507_run23
multirocket_fm,PigCVP,0.6346153846153846,0.6460843250316934,0.7770487682252388,0.6346153846153846,469.1711513996124,20260302_090257_run23
multirocket_fm,SemgHandGenderCh2,0.97,0.9700949885358663,0.9703993055555554,0.97,66.76425433158875,20260302_090403_run23
multirocket_fm,SemgHandMovementCh2,0.9333333333333333,0.933413051460019,0.9348237655590597,0.9333333333333333,65.39443278312683,20260302_090509_run23
multirocket_fm,SemgHandSubjectCh2,0.96,0.9599431047773589,0.9601501868539282,0.96,65.55384254455566,20260302_090615_run23
multirocket_fm,ShapeletSim,1.0,1.0,1.0,1.0,56.98871040344238,20260302_090712_run23
multirocket_fm,ShapesAll,0.925,0.9245666868092496,0.9332268194768195,0.925,561.8372037410736,20260302_091635_run23
multirocket_fm,SmallKitchenAppliances,0.8373333333333334,0.837472820166119,0.8380029531192322,0.8373333333333334,62.699706077575684,20260302_091737_run23
multirocket_fm,SmoothSubspace,0.9866666666666667,0.9865966188455579,0.9869281045751633,0.9866666666666667,121.25828814506531,20260302_091939_run23
multirocket_fm,SonyAIBORobotSurface1,0.9717138103161398,0.971805512347607,0.9734624111329602,0.9717138103161398,59.11127424240112,20260302_092038_run23
multirocket_fm,SonyAIBORobotSurface2,0.9622245540398741,0.9622439831402296,0.9622723208357994,0.9622245540398741,62.59665489196777,20260302_092141_run23
multirocket_fm,StandWalkJump,0.7333333333333333,0.7388888888888888,0.7904761904761906,0.7333333333333333,61.678077697753906,20260302_092242_run23
multirocket_fm,StarLightCurves,0.9826372025254978,0.9824535161754702,0.9825403605318941,0.9826372025254978,143.40202236175537,20260302_092507_run23
multirocket_fm,Strawberry,0.9864864864864865,0.9864749605046614,0.9864791489883317,0.9864864864864865,75.89636445045471,20260302_092623_run23
multirocket_fm,SwedishLeaf,0.9728,0.9727066575434865,0.9726874924278655,0.9728,560.462678194046,20260302_093544_run23
multirocket_fm,Symbols,0.9839195979899498,0.9839391523203173,0.9840856229563855,0.9839195979899498,61.69150114059448,20260302_093646_run23
multirocket_fm,SyntheticControl,0.9966666666666667,0.9966663332999967,0.9967320261437908,0.9966666666666667,76.0716643333435,20260302_093802_run23
multirocket_fm,ToeSegmentation1,0.9385964912280702,0.9386390439022018,0.9399815327793167,0.9385964912280702,58.20378255844116,20260302_093900_run23
multirocket_fm,ToeSegmentation2,0.9384615384615385,0.9416505063563887,0.9538461538461539,0.9384615384615385,57.63067412376404,20260302_093958_run23
multirocket_fm,Trace,1.0,1.0,1.0,1.0,58.78765630722046,20260302_094056_run23
multirocket_fm,TwoLeadECG,0.9964881474978051,0.9964881420837939,0.9964942816103162,0.9964881474978051,62.980334520339966,20260302_094200_run23
multirocket_fm,TwoPatterns,1.0,1.0,1.0,1.0,113.53767395019531,20260302_094354_run23
multirocket_fm,UMD,0.9861111111111112,0.9861103575088924,0.9862528344671202,0.9861111111111112,60.007997035980225,20260302_094454_run23
multirocket_fm,UWaveGestureLibrary,0.9625,0.9625548537927484,0.9638804503541458,0.9625,62.49299240112305,20260302_094557_run23
multirocket_fm,UWaveGestureLibraryAll,0.9804578447794529,0.9804103298195777,0.9805402379068525,0.9804578447794529,96.07477307319641,20260302_094734_run23
multirocket_fm,UWaveGestureLibraryX,0.8732551647124511,0.8721336208176007,0.8753113944097072,0.8732551647124511,98.02847647666931,20260302_094913_run23
multirocket_fm,UWaveGestureLibraryY,0.8140703517587939,0.8124218188643544,0.8127562353915092,0.8140703517587939,96.42510938644409,20260302_095051_run23
multirocket_fm,UWaveGestureLibraryZ,0.8302624232272473,0.8286933342061786,0.8294328211932582,0.8302624232272473,95.8549633026123,20260302_095228_run23
multirocket_fm,Wafer,0.9993510707332901,0.9993502099218068,0.9993515424245615,0.9993510707332901,123.94614458084106,20260302_095432_run23
multirocket_fm,Wine,0.9074074074074074,0.9066067104808025,0.921875,0.9074074074074074,58.05954599380493,20260302_095530_run23
multirocket_fm,WordSynonyms,0.7554858934169278,0.7352420836099981,0.751711989173575,0.7554858934169278,512.826605796814,20260302_100404_run23
multirocket_fm,Worms,0.6883116883116883,0.6886997360226788,0.6972866419294992,0.6883116883116883,59.78780436515808,20260302_100503_run23
multirocket_fm,WormsTwoClass,0.7532467532467533,0.7422799422799423,0.7662337662337663,0.7532467532467533,58.862629413604736,20260302_100602_run23
multirocket_fm,Yoga,0.9376666666666666,0.9376098281487624,0.9377816774270683,0.9376666666666666,84.16161727905273,20260302_100727_run23
multirocket_fm,ACSF1,0.95,0.9493734335839599,0.9525252525252526,0.95,86.55224633216858,20260226_175238_run1
multirocket_fm,Adiac,0.8363171355498721,0.8349305662582603,0.864566007935197,0.8363171355498721,791.089471578598,20260226_180549_run1
multirocket_fm,ArrowHead,0.8114285714285714,0.8108281092341242,0.8190081761781501,0.8114285714285714,83.23280382156372,20260226_180713_run1
multirocket_fm,ArticularyWordRecognition,0.99,0.9899826086956522,0.9907692307692307,0.99,853.7392888069153,20260226_182126_run1
multirocket_fm,AtrialFibrillation,0.2,0.15555555555555553,0.13333333333333333,0.2,81.39748811721802,20260226_182248_run1
multirocket_fm,BME,1.0,1.0,1.0,1.0,81.79250311851501,20260226_182410_run1
multirocket_fm,BasicMotions,1.0,1.0,1.0,1.0,82.36526727676392,20260226_182532_run1
multirocket_fm,Beef,0.8,0.8051881451881452,0.8345238095238094,0.8,81.87659049034119,20260226_182654_run1
multirocket_fm,BeetleFly,0.9,0.898989898989899,0.9166666666666667,0.9,82.35102486610413,20260226_182817_run1
multirocket_fm,BirdChicken,0.95,0.949874686716792,0.9545454545454545,0.95,79.85010743141174,20260226_182937_run1
multirocket_fm,CBF,1.0,1.0,1.0,1.0,85.75194883346558,20260226_183104_run1
multirocket_fm,Car,0.9,0.8971890657235485,0.8975505050505052,0.9,81.62913846969604,20260226_183226_run1
multirocket_fm,Chinatown,0.9795918367346939,0.979812661395437,0.9810062638916954,0.9795918367346939,82.11442160606384,20260226_183349_run1
multirocket_fm,ChlorineConcentration,0.7369791666666666,0.7170054422181693,0.7524016480704309,0.7369791666666666,147.02968668937683,20260226_183623_run1
multirocket_fm,CinCECGTorso,0.9927536231884058,0.9927527335014348,0.9928857508567654,0.9927536231884058,85.65419960021973,20260226_183751_run1
multirocket_fm,Coffee,1.0,1.0,1.0,1.0,82.2430100440979,20260226_183914_run1
multirocket_fm,Computers,0.82,0.8199740762669824,0.8201844262295083,0.82,80.43894791603088,20260226_184035_run1
multirocket_fm,Cricket,1.0,1.0,1.0,1.0,650.637247800827,20260226_185126_run1
multirocket_fm,CricketX,0.8051282051282052,0.8010501478986773,0.815696260012344,0.8051282051282052,720.7704658508301,20260226_190328_run1
multirocket_fm,CricketY,0.8487179487179487,0.8483171328673832,0.8518546715812321,0.8487179487179487,716.995157957077,20260226_191526_run1
multirocket_fm,CricketZ,0.8435897435897436,0.8441559880536782,0.8469301712486296,0.8435897435897436,719.9825091362,20260226_192728_run1
multirocket_fm,DiatomSizeReduction,0.9836601307189542,0.98321867440996,0.984548167092924,0.9836601307189542,81.47677874565125,20260226_193312_run1
multirocket_fm,DistalPhalanxOutlineAgeGroup,0.7122302158273381,0.7125228388717598,0.7205355517645107,0.7122302158273381,97.23698258399963,20260226_193451_run1
multirocket_fm,DistalPhalanxOutlineCorrect,0.7898550724637681,0.7874228395061728,0.7892409240924092,0.7898550724637681,92.84940385818481,20260226_193625_run1
multirocket_fm,DistalPhalanxTW,0.7122302158273381,0.6864468518172676,0.6708203857082402,0.7122302158273381,96.97189092636108,20260226_193803_run1
multirocket_fm,ECG200,0.91,0.9102621076475029,0.9107164307164308,0.91,80.73089218139648,20260226_193924_run1
multirocket_fm,ECG5000,0.9455555555555556,0.9412895664581569,0.9393828479525577,0.9455555555555556,144.8936529159546,20260226_194157_run1
multirocket_fm,ECGFiveDays,1.0,1.0,1.0,1.0,84.25987076759338,20260226_194323_run1
multirocket_fm,EOGHorizontalSignal,0.6104972375690608,0.6178466614918235,0.6582413400042224,0.6104972375690608,751.4835422039032,20260226_195556_run1
multirocket_fm,EOGVerticalSignal,0.5580110497237569,0.5202486298039222,0.5142257260171172,0.5580110497237569,756.8744390010834,20260226_200834_run1
multirocket_fm,ERing,0.9851851851851852,0.9851810680950887,0.985580909308939,0.9851851851851852,79.6490387916565,20260226_200954_run1
multirocket_fm,Earthquakes,0.7553956834532374,0.6687113467121041,0.7345182677387502,0.7553956834532374,118.97989535331726,20260226_201154_run1
multirocket_fm,EigenWorms,0.9694656488549618,0.9698621988698324,0.9717920756088695,0.9694656488549618,78.96489429473877,20260226_201313_run1
multirocket_fm,ElectricDevices,0.7475035663338089,0.7354316169928875,0.7546769923535358,0.7475035663338089,506.43008852005005,20260226_202208_run1
multirocket_fm,Epilepsy,1.0,1.0,1.0,1.0,89.05142164230347,20260226_202338_run1
multirocket_fm,EthanolConcentration,0.6197718631178707,0.6046455582779005,0.6081442019416096,0.6197718631178707,85.42289805412292,20260226_202504_run1
multirocket_fm,EthanolLevel,0.762,0.7544479997785989,0.7731494362915339,0.762,95.1944305896759,20260226_202641_run1
multirocket_fm,FaceAll,0.7733727810650888,0.7665134042587798,0.9196898314679118,0.7733727810650888,911.0703489780426,20260226_204316_run1
multirocket_fm,FiftyWords,0.8175824175824176,0.8062165907434724,0.8218839515550614,0.8175824175824176,712.7547960281372,20260226_205510_run1
multirocket_fm,FingerMovements,0.6,0.5980730630268968,0.6039167686658508,0.6,148.70275402069092,20260226_205740_run1
multirocket_fm,Fish,0.9885714285714285,0.9885888696786529,0.9890396559961778,0.9885714285714285,90.06987857818604,20260226_205910_run1
multirocket_fm,FordA,0.9568181818181818,0.9568227702697164,0.956854829952656,0.9568181818181818,182.54330444335938,20260226_210221_run1
multirocket_fm,FordB,0.8333333333333334,0.833263937504099,0.8336244523704825,0.8333333333333334,174.73007106781006,20260226_210524_run1
multirocket_fm,FreezerRegularTrain,0.9996491228070176,0.9996491227638195,0.9996493688639551,0.9996491228070176,131.48949217796326,20260226_210740_run1
multirocket_fm,FreezerSmallTrain,0.9891228070175438,0.9891218306943153,0.9892984665224229,0.9891228070175438,99.36862659454346,20260226_210924_run1
multirocket_fm,Fungi,0.9946236559139785,0.994619930103801,0.9948924731182797,0.9946236559139785,640.183997631073,20260226_212005_run1
multirocket_fm,GunPoint,1.0,1.0,1.0,1.0,80.77986097335815,20260226_212126_run1
multirocket_fm,GunPointAgeSpan,0.9968354430379747,0.9968352845422689,0.9968550986712791,0.9968354430379747,92.90776205062866,20260226_212300_run1
multirocket_fm,GunPointMaleVersusFemale,1.0,1.0,1.0,1.0,94.07000207901001,20260226_212435_run1
multirocket_fm,GunPointOldVersusYoung,1.0,1.0,1.0,1.0,95.41767001152039,20260226_212611_run1
multirocket_fm,Ham,0.7428571428571429,0.7424359424359425,0.7432330827067669,0.7428571428571429,80.50209712982178,20260226_212732_run1
multirocket_fm,HandMovementDirection,0.3918918918918919,0.3880484672109797,0.38950066218668755,0.3918918918918919,118.12143445014954,20260226_212930_run1
multirocket_fm,HandOutlines,0.9378378378378378,0.9374501320447266,0.9377996849308325,0.9378378378378378,111.18691682815552,20260226_213124_run1
multirocket_fm,Handwriting,0.46,0.4125186267604503,0.5493062265830675,0.46,687.7096791267395,20260226_214253_run1
multirocket_fm,Haptics,0.5714285714285714,0.5584101790000475,0.5824447440644623,0.5714285714285714,86.49444389343262,20260226_214421_run1
multirocket_fm,Heartbeat,0.7268292682926829,0.7115339944608237,0.7058893515764426,0.7268292682926829,87.18699407577515,20260226_214549_run1
multirocket_fm,Herring,0.625,0.5943181818181819,0.6121428571428571,0.625,80.77746415138245,20260226_214710_run1
multirocket_fm,HouseTwenty,0.9915966386554622,0.991584425355056,0.99171668667467,0.9915966386554622,82.80915236473083,20260226_214833_run1
multirocket_fm,InlineSkate,0.6145454545454545,0.6128721364122883,0.6236843193985825,0.6145454545454545,82.66002607345581,20260226_214956_run1
multirocket_fm,InsectEPGRegularTrain,1.0,1.0,1.0,1.0,80.47648358345032,20260226_215117_run1
multirocket_fm,InsectEPGSmallTrain,1.0,1.0,1.0,1.0,80.02425527572632,20260226_215238_run1
multirocket_fm,InsectWingbeatSound,0.6651515151515152,0.6618348206815782,0.6607995898849922,0.6651515151515152,796.7591965198517,20260226_220558_run1
multirocket_fm,ItalyPowerDemand,0.9689018464528668,0.9689006716253785,0.969016642710879,0.9689018464528668,86.46588802337646,20260226_220727_run1
multirocket_fm,LSST,0.7035685320356854,0.6612138089742601,0.6947519040600093,0.7035685320356854,1682.1264617443085,20260226_223537_run1
multirocket_fm,LargeKitchenAppliances,0.8933333333333333,0.8932268039593384,0.8952801629578893,0.8933333333333333,83.15947127342224,20260226_223702_run1
multirocket_fm,Libras,0.9555555555555556,0.9552036433775565,0.9609035409035409,0.9555555555555556,840.2437369823456,20260226_225103_run1
multirocket_fm,Lightning2,0.8032786885245902,0.8025286617379193,0.8035308953341741,0.8032786885245902,80.99214458465576,20260226_225224_run1
multirocket_fm,Lightning7,0.7808219178082192,0.7875830298527725,0.8396304038427326,0.7808219178082192,79.45744562149048,20260226_225344_run1
multirocket_fm,Mallat,0.9714285714285714,0.9712617692104568,0.9740172197345914,0.9714285714285714,94.28057432174683,20260226_225522_run1
multirocket_fm,Meat,0.9666666666666667,0.9665831244778613,0.9696969696969696,0.9666666666666667,79.52796936035156,20260226_225642_run1
multirocket_fm,MedicalImages,0.8223684210526315,0.8206223205333606,0.8263317414864659,0.8223684210526315,92.59018325805664,20260226_225816_run1
multirocket_fm,MiddlePhalanxOutlineAgeGroup,0.5714285714285714,0.5503990808171201,0.5506197845647386,0.5714285714285714,102.97368431091309,20260226_230000_run1
multirocket_fm,FaceFour,0.9659090909090909,0.9661863092344375,0.969435736677116,0.9659090909090909,81.4423189163208,20260226_230609_run1
multirocket_fm,FacesUCR,0.9507317073170731,0.9501421903657616,0.9522314672965114,0.9507317073170731,850.3687677383423,20260226_232023_run1
multirocket_fm,ACSF1,0.89,0.8900122409410335,0.9072871572871573,0.89,80.80072355270386,20260226_232145_run2
multirocket_fm,Adiac,0.8516624040920716,0.8489261287339344,0.8708950507393414,0.8516624040920716,751.6107540130615,20260226_233418_run2
multirocket_fm,ArrowHead,0.8285714285714286,0.8307682738198631,0.8369283585267192,0.8285714285714286,79.57290840148926,20260226_233538_run2
multirocket_fm,ArticularyWordRecognition,0.99,0.9899826086956521,0.990769230769231,0.99,836.2089817523956,20260226_234936_run2
multirocket_fm,AtrialFibrillation,0.26666666666666666,0.25,0.25396825396825395,0.26666666666666666,79.96203756332397,20260226_235056_run2
multirocket_fm,BME,1.0,1.0,1.0,1.0,80.36133885383606,20260226_235216_run2
multirocket_fm,BasicMotions,1.0,1.0,1.0,1.0,80.13638854026794,20260226_235337_run2
multirocket_fm,Beef,0.8,0.795957375957376,0.8130952380952381,0.8,80.5373318195343,20260226_235457_run2
multirocket_fm,BeetleFly,0.95,0.949874686716792,0.9545454545454545,0.95,80.26777529716492,20260226_235618_run2
multirocket_fm,BirdChicken,0.95,0.949874686716792,0.9545454545454545,0.95,80.21957898139954,20260226_235738_run2
multirocket_fm,CBF,1.0,1.0,1.0,1.0,82.27236747741699,20260226_235902_run2
multirocket_fm,Car,0.8833333333333333,0.8875462115045448,0.9117872807017543,0.8833333333333333,79.954674243927,20260227_000022_run2
multirocket_fm,Chinatown,0.967930029154519,0.9682770393356868,0.9695799158500531,0.967930029154519,79.63578939437866,20260227_000143_run2
multirocket_fm,ChlorineConcentration,0.7333333333333333,0.7183529726836113,0.7471275187704254,0.7333333333333333,146.31205368041992,20260227_000417_run2
multirocket_fm,CinCECGTorso,0.9927536231884058,0.9927536373974493,0.9927746751171193,0.9927536231884058,86.55002307891846,20260227_000546_run2
multirocket_fm,Coffee,1.0,1.0,1.0,1.0,80.96730494499207,20260227_000707_run2
multirocket_fm,Computers,0.88,0.8799692721336662,0.8803895188673201,0.88,80.28112816810608,20260227_000828_run2
multirocket_fm,Cricket,1.0,1.0,1.0,1.0,644.6591789722443,20260227_001913_run2
multirocket_fm,CricketX,0.8128205128205128,0.8074346073052533,0.8270393863292104,0.8128205128205128,715.7705280780792,20260227_003111_run2
multirocket_fm,CricketY,0.8282051282051283,0.8289292412802022,0.8324547904515245,0.8282051282051283,716.3495507240295,20260227_004309_run2
multirocket_fm,CricketZ,0.8358974358974359,0.8343430572211554,0.8397035209788247,0.8358974358974359,711.2056767940521,20260227_005502_run2
multirocket_fm,DiatomSizeReduction,0.8954248366013072,0.8613903193151559,0.9180725154309283,0.8954248366013072,80.6649580001831,20260227_010152_run2
multirocket_fm,DistalPhalanxOutlineAgeGroup,0.7841726618705036,0.7792535202607145,0.791098100125381,0.7841726618705036,96.54362988471985,20260227_010329_run2
multirocket_fm,DistalPhalanxOutlineCorrect,0.8442028985507246,0.8434150685367172,0.84375,0.8442028985507246,94.4897027015686,20260227_010505_run2
multirocket_fm,DistalPhalanxTW,0.7122302158273381,0.6830509944360038,0.7091858980348189,0.7122302158273381,94.23784613609314,20260227_010640_run2
multirocket_fm,ECG200,0.91,0.9097150343924008,0.9096263736263737,0.91,78.36641335487366,20260227_010759_run2
multirocket_fm,ECG5000,0.9448888888888889,0.9397277478826596,0.9371758533298499,0.9448888888888889,139.34193086624146,20260227_011027_run2
multirocket_fm,ECGFiveDays,0.9976771196283392,0.9976771384291709,0.9976879237230911,0.9976771196283392,83.61672592163086,20260227_011152_run2
multirocket_fm,EOGHorizontalSignal,0.8950276243093923,0.8934012639709328,0.8956703255357684,0.8950276243093923,735.0694682598114,20260227_012408_run2
multirocket_fm,EOGVerticalSignal,0.8397790055248618,0.8331683549957255,0.8313145132749089,0.8397790055248618,735.5873365402222,20260227_013625_run2
multirocket_fm,ERing,0.9703703703703703,0.9706396011001786,0.9729810896690694,0.9703703703703703,78.29210305213928,20260227_013744_run2
multirocket_fm,Earthquakes,0.7410071942446043,0.6492237788716394,0.645083932853717,0.7410071942446043,116.8584897518158,20260227_013942_run2
multirocket_fm,EigenWorms,0.9465648854961832,0.9474093827962962,0.9508360596146855,0.9465648854961832,77.47129440307617,20260227_014100_run2
multirocket_fm,ElectricDevices,0.9162235767085981,0.9165454013453013,0.9182465572490832,0.9162235767085981,469.2442932128906,20260227_014918_run2
multirocket_fm,Epilepsy,0.9710144927536232,0.9711315510693903,0.9738423471191233,0.9710144927536232,88.3014121055603,20260227_015047_run2
multirocket_fm,EthanolConcentration,0.6958174904942965,0.6792859144156055,0.6860684517022506,0.6958174904942965,84.21968340873718,20260227_015212_run2
multirocket_fm,EthanolLevel,0.866,0.8657536510665236,0.8660629769464985,0.866,93.9868004322052,20260227_015348_run2
multirocket_fm,FaceAll,0.9875739644970414,0.9878048760002511,0.98858280357732,0.9875739644970414,829.2772579193115,20260227_020903_run2
multirocket_fm,FiftyWords,0.8043956043956044,0.8026191813380366,0.8404808642370221,0.8043956043956044,686.6087951660156,20260227_022032_run2
multirocket_fm,FingerMovements,0.58,0.5766183574879227,0.5850434063662671,0.58,141.7169337272644,20260227_022255_run2
multirocket_fm,Fish,0.9828571428571429,0.9827870542156256,0.9838429172510519,0.9828571428571429,87.13121438026428,20260227_022422_run2
multirocket_fm,FordA,0.9598484848484848,0.9598453703159586,0.9598521837039712,0.9598484848484848,163.49987196922302,20260227_022714_run2
multirocket_fm,FordB,0.9358024691358025,0.9358040347287658,0.9358512421886908,0.9358024691358025,163.37038135528564,20260227_023002_run2
multirocket_fm,FreezerRegularTrain,0.9996491228070176,0.9996491227638195,0.9996493688639551,0.9996491228070176,118.44407773017883,20260227_023204_run2
multirocket_fm,FreezerSmallTrain,0.9975438596491228,0.9975438569276346,0.997546064839438,0.9975438596491228,94.51429009437561,20260227_023340_run2
multirocket_fm,Fungi,0.989247311827957,0.9892639645795325,0.9903673835125447,0.989247311827957,632.9901509284973,20260227_024414_run2
multirocket_fm,GunPoint,0.9933333333333333,0.993333629642799,0.9934222222222221,0.9933333333333333,78.57002329826355,20260227_024533_run2
multirocket_fm,GunPointAgeSpan,0.9968354430379747,0.9968352845422689,0.9968550986712791,0.9968354430379747,93.51212978363037,20260227_024707_run2
multirocket_fm,GunPointMaleVersusFemale,1.0,1.0,1.0,1.0,93.20782423019409,20260227_024841_run2
multirocket_fm,GunPointOldVersusYoung,1.0,1.0,1.0,1.0,93.28544592857361,20260227_025015_run2
multirocket_fm,Ham,0.8476190476190476,0.847370059134765,0.8526942355889725,0.8476190476190476,79.95149683952332,20260227_025135_run2
multirocket_fm,HandMovementDirection,0.3918918918918919,0.38588935957357007,0.39268076224597964,0.3918918918918919,116.59348583221436,20260227_025332_run2
multirocket_fm,HandOutlines,0.9783783783783784,0.9783037948677222,0.97847991772531,0.9783783783783784,106.7497627735138,20260227_025519_run2
multirocket_fm,Handwriting,0.4164705882352941,0.38187218622358005,0.502845347091536,0.4164705882352941,673.8969705104828,20260227_030634_run2
multirocket_fm,Haptics,0.564935064935065,0.5438418088663407,0.5805288202485326,0.564935064935065,83.97966122627258,20260227_030758_run2
multirocket_fm,Heartbeat,0.7609756097560976,0.7506208731221217,0.747243530594538,0.7609756097560976,92.85483479499817,20260227_030931_run2
multirocket_fm,Herring,0.546875,0.5234439124487005,0.521002816020025,0.546875,79.49394965171814,20260227_031051_run2
multirocket_fm,HouseTwenty,0.9831932773109243,0.9831418281598353,0.9836667061190674,0.9831932773109243,80.13566970825195,20260227_031211_run2
multirocket_fm,InlineSkate,0.6636363636363637,0.6644379628531399,0.680850985669103,0.6636363636363637,83.19068169593811,20260227_031334_run2
multirocket_fm,InsectEPGRegularTrain,1.0,1.0,1.0,1.0,77.13441371917725,20260227_031452_run2
multirocket_fm,InsectEPGSmallTrain,1.0,1.0,1.0,1.0,78.5167019367218,20260227_031611_run2
multirocket_fm,InsectWingbeatSound,0.6626262626262627,0.6577300984224033,0.659825736876704,0.6626262626262627,738.9851784706116,20260227_032833_run2
multirocket_fm,ItalyPowerDemand,0.9689018464528668,0.9689017289727809,0.9689308940625159,0.9689018464528668,85.31173777580261,20260227_032959_run2
multirocket_fm,LSST,0.6966747769667477,0.6583518892512225,0.6703933117993978,0.6966747769667477,1453.550238609314,20260227_035419_run2
multirocket_fm,LargeKitchenAppliances,0.9546666666666667,0.9547278794437886,0.955877530380145,0.9546666666666667,82.32390141487122,20260227_035543_run2
multirocket_fm,Libras,0.9333333333333333,0.9345186986926118,0.9391941391941392,0.9333333333333333,830.5159840583801,20260227_040934_run2
multirocket_fm,Lightning2,0.7377049180327869,0.7379869557553322,0.7446297343131713,0.7377049180327869,79.96313166618347,20260227_041054_run2
multirocket_fm,Lightning7,0.8082191780821918,0.8036529680365296,0.8095890410958905,0.8082191780821918,79.41690969467163,20260227_041213_run2
multirocket_fm,Mallat,0.982089552238806,0.9820888144025636,0.9820935078150742,0.982089552238806,90.53361129760742,20260227_041346_run2
multirocket_fm,Meat,0.9666666666666667,0.9665831244778613,0.9696969696969696,0.9666666666666667,77.86108756065369,20260227_041504_run2
multirocket_fm,MedicalImages,0.8342105263157895,0.8243527740597377,0.8274318786649488,0.8342105263157895,89.94010734558105,20260227_041637_run2
multirocket_fm,MiddlePhalanxOutlineAgeGroup,0.6428571428571429,0.6408448491781825,0.6579323293609008,0.6428571428571429,103.62175345420837,20260227_041821_run2
multirocket_fm,FaceFour,0.8863636363636364,0.886208286231216,0.9044278996865203,0.8863636363636364,78.77030181884766,20260227_042428_run2
multirocket_fm,FacesUCR,0.9619512195121951,0.9625958517304691,0.96481106619664,0.9619512195121951,774.7872979640961,20260227_043726_run2
multirocket_fm,ACSF1,0.88,0.8788220551378445,0.8803030303030304,0.88,79.26958441734314,20260227_043846_run3
multirocket_fm,Adiac,0.8286445012787724,0.8295371707790746,0.8630617180489304,0.8286445012787724,746.9315023422241,20260227_045114_run3
multirocket_fm,ArrowHead,0.8342857142857143,0.8307007244622571,0.8342259136212624,0.8342857142857143,78.49051117897034,20260227_045233_run3
multirocket_fm,ArticularyWordRecognition,1.0,1.0,1.0,1.0,823.5634977817535,20260227_050618_run3
multirocket_fm,AtrialFibrillation,0.06666666666666667,0.05128205128205129,0.041666666666666664,0.06666666666666667,78.48638391494751,20260227_050736_run3
multirocket_fm,BME,1.0,1.0,1.0,1.0,78.85476279258728,20260227_050855_run3
multirocket_fm,BasicMotions,1.0,1.0,1.0,1.0,78.05668091773987,20260227_051013_run3
multirocket_fm,Beef,0.7,0.6858517952635599,0.7840909090909091,0.7,79.25469374656677,20260227_051133_run3
multirocket_fm,BeetleFly,0.95,0.949874686716792,0.9545454545454545,0.95,78.58624291419983,20260227_051251_run3
multirocket_fm,BirdChicken,0.9,0.898989898989899,0.9166666666666667,0.9,77.72596478462219,20260227_051409_run3
multirocket_fm,CBF,0.9988888888888889,0.9988888796908224,0.9988925559222589,0.9988888888888889,80.30434250831604,20260227_051531_run3
multirocket_fm,Car,0.95,0.9502502502502502,0.9514550264550263,0.95,79.47015285491943,20260227_051651_run3
multirocket_fm,Chinatown,0.9620991253644315,0.9626161003290971,0.9646826969345298,0.9620991253644315,79.31374859809875,20260227_051811_run3
multirocket_fm,ChlorineConcentration,0.73515625,0.7133839306091285,0.7542769415638546,0.73515625,139.22733974456787,20260227_052036_run3
multirocket_fm,CinCECGTorso,0.9855072463768116,0.9854852757176833,0.985614278026798,0.9855072463768116,85.47090935707092,20260227_052205_run3
multirocket_fm,Coffee,1.0,1.0,1.0,1.0,77.92811870574951,20260227_052323_run3
multirocket_fm,Computers,0.904,0.9039938556067588,0.9041034504833237,0.904,79.12863540649414,20260227_052443_run3
multirocket_fm,Cricket,1.0,1.0,1.0,1.0,623.8292052745819,20260227_053507_run3
multirocket_fm,CricketX,0.8128205128205128,0.8121096315748741,0.8219510142949467,0.8128205128205128,698.8381032943726,20260227_054647_run3
multirocket_fm,CricketY,0.8256410256410256,0.8268795145005127,0.8372098175343612,0.8256410256410256,695.8859174251556,20260227_055824_run3
multirocket_fm,CricketZ,0.8461538461538461,0.8458399473251916,0.8471918409388367,0.8461538461538461,695.6819486618042,20260227_061001_run3
multirocket_fm,DiatomSizeReduction,0.9084967320261438,0.8807157690886621,0.9294974820529304,0.9084967320261438,77.89839911460876,20260227_061556_run3
multirocket_fm,DistalPhalanxOutlineAgeGroup,0.7841726618705036,0.781526881514567,0.7856059009254099,0.7841726618705036,94.30639886856079,20260227_061731_run3
multirocket_fm,DistalPhalanxOutlineCorrect,0.8586956521739131,0.8574807684396725,0.8591234347048301,0.8586956521739131,89.57883477210999,20260227_061902_run3
multirocket_fm,DistalPhalanxTW,0.7410071942446043,0.7210698855416351,0.7058939121410865,0.7410071942446043,92.36177182197571,20260227_062036_run3
multirocket_fm,ECG200,0.91,0.9097150343924008,0.9096263736263737,0.91,77.4092345237732,20260227_062153_run3
multirocket_fm,ECG5000,0.9513333333333334,0.9447595092488761,0.9437452522729972,0.9513333333333334,121.76946091651917,20260227_062405_run3
multirocket_fm,ECGFiveDays,1.0,1.0,1.0,1.0,81.9310097694397,20260227_062528_run3
multirocket_fm,EOGHorizontalSignal,0.9005524861878453,0.9000935082561674,0.9036647174327624,0.9005524861878453,722.2069413661957,20260227_063732_run3
multirocket_fm,EOGVerticalSignal,0.8784530386740331,0.8773023704893063,0.8782516423803842,0.8784530386740331,724.258467912674,20260227_064938_run3
multirocket_fm,ERing,0.9888888888888889,0.9888847717987923,0.9892846130126427,0.9888888888888889,78.5226399898529,20260227_065057_run3
multirocket_fm,Earthquakes,0.7338129496402878,0.645283837300935,0.6227151612043699,0.7338129496402878,114.47238373756409,20260227_065252_run3
multirocket_fm,EigenWorms,0.9312977099236641,0.9322438747878188,0.9352671755725191,0.9312977099236641,74.76726627349854,20260227_065408_run3
multirocket_fm,ElectricDevices,0.9166126313059266,0.9168126018650079,0.9179911905682373,0.9166126313059266,445.91330552101135,20260227_070206_run3
multirocket_fm,Epilepsy,0.9927536231884058,0.9927478549282573,0.9929443173150269,0.9927536231884058,86.81096196174622,20260227_070333_run3
multirocket_fm,EthanolConcentration,0.6653992395437263,0.6425820284252247,0.6416406210070048,0.6653992395437263,84.3691394329071,20260227_070459_run3
multirocket_fm,EthanolLevel,0.848,0.8475859405753565,0.8472359221311476,0.848,93.12190198898315,20260227_070634_run3
multirocket_fm,FaceAll,0.9881656804733728,0.9882539057807613,0.9886188509507108,0.9881656804733728,820.2715139389038,20260227_072136_run3
multirocket_fm,FiftyWords,0.8,0.7880294369239851,0.8201206870866822,0.8,676.8109951019287,20260227_073255_run3
multirocket_fm,FingerMovements,0.53,0.527014820042343,0.5292528735632184,0.53,139.7687268257141,20260227_073516_run3
multirocket_fm,Fish,0.9771428571428571,0.9773410038383054,0.9792280390417037,0.9771428571428571,88.93832659721375,20260227_073645_run3
multirocket_fm,FordA,0.9522727272727273,0.9522808676910672,0.9523775703463204,0.9522727272727273,160.06302332878113,20260227_073935_run3
multirocket_fm,FordB,0.9395061728395062,0.9395053429177441,0.9395073772959952,0.9395061728395062,157.65100193023682,20260227_074220_run3
multirocket_fm,FreezerRegularTrain,0.9992982456140351,0.9992982456140351,0.9992982456140351,0.9992982456140351,122.83812952041626,20260227_074429_run3
multirocket_fm,FreezerSmallTrain,0.9985964912280701,0.9985964905368989,0.9985974733837579,0.9985964912280701,92.56485795974731,20260227_074606_run3
multirocket_fm,Fungi,0.9623655913978495,0.9612071172555045,0.9779259718775848,0.9623655913978495,628.344621181488,20260227_075635_run3
multirocket_fm,GunPoint,0.9933333333333333,0.993333629642799,0.9934222222222221,0.9933333333333333,76.46186375617981,20260227_075752_run3
multirocket_fm,GunPointAgeSpan,0.9968354430379747,0.9968352845422689,0.9968550986712791,0.9968354430379747,90.35643434524536,20260227_075923_run3
multirocket_fm,GunPointMaleVersusFemale,1.0,1.0,1.0,1.0,91.91205525398254,20260227_080056_run3
multirocket_fm,GunPointOldVersusYoung,1.0,1.0,1.0,1.0,91.65554857254028,20260227_080229_run3
multirocket_fm,Ham,0.8,0.799491325279317,0.8061628760088041,0.8,77.22884154319763,20260227_080346_run3
multirocket_fm,HandMovementDirection,0.36486486486486486,0.3689950748774278,0.37961119013750594,0.36486486486486486,113.9192316532135,20260227_080541_run3
multirocket_fm,HandOutlines,0.9594594594594594,0.9593557256230331,0.9593892931392932,0.9594594594594594,106.9538745880127,20260227_080730_run3
multirocket_fm,Handwriting,0.4023529411764706,0.3498788236741886,0.4556932126829786,0.4023529411764706,666.1807129383087,20260227_081839_run3
multirocket_fm,Haptics,0.5324675324675324,0.5032103855458344,0.5444895515344123,0.5324675324675324,83.38537192344666,20260227_082003_run3
multirocket_fm,Heartbeat,0.775609756097561,0.7565424144807485,0.7602787456445993,0.775609756097561,87.64379835128784,20260227_082131_run3
multirocket_fm,Herring,0.59375,0.5690060908084165,0.57421875,0.59375,78.58045625686646,20260227_082250_run3
multirocket_fm,HouseTwenty,0.9411764705882353,0.9414713253722542,0.9451036096256684,0.9411764705882353,77.72867131233215,20260227_082408_run3
multirocket_fm,InlineSkate,0.6945454545454546,0.6927457511058873,0.6986332244012899,0.6945454545454546,79.25251984596252,20260227_082529_run3
multirocket_fm,InsectEPGRegularTrain,1.0,1.0,1.0,1.0,78.94906449317932,20260227_082648_run3
multirocket_fm,InsectEPGSmallTrain,1.0,1.0,1.0,1.0,77.73591923713684,20260227_082806_run3
multirocket_fm,InsectWingbeatSound,0.6818181818181818,0.678059311663482,0.6835005573154032,0.6818181818181818,718.9463851451874,20260227_084010_run3
multirocket_fm,ItalyPowerDemand,0.9446064139941691,0.9445367396245731,0.9466632854636067,0.9446064139941691,81.89481711387634,20260227_084134_run3
multirocket_fm,LSST,0.6970802919708029,0.6650598764404373,0.6842560178423297,0.6970802919708029,1429.178962945938,20260227_090533_run3
multirocket_fm,LargeKitchenAppliances,0.9493333333333334,0.9492837785520711,0.9494804884926573,0.9493333333333334,81.28249049186707,20260227_090656_run3
multirocket_fm,Libras,0.9277777777777778,0.9288953301127214,0.9413111888111888,0.9277777777777778,836.7098534107208,20260227_092053_run3
multirocket_fm,Lightning2,0.6885245901639344,0.6812100991306022,0.6930327868852459,0.6885245901639344,77.58559012413025,20260227_092211_run3
multirocket_fm,Lightning7,0.7945205479452054,0.7938612555856714,0.8168598524762909,0.7945205479452054,76.76698112487793,20260227_092328_run3
multirocket_fm,Mallat,0.9752665245202559,0.9751155072045826,0.9780696595600149,0.9752665245202559,87.82731580734253,20260227_092501_run3
multirocket_fm,Meat,1.0,1.0,1.0,1.0,76.05248260498047,20260227_092617_run3
multirocket_fm,MedicalImages,0.8052631578947368,0.8006840499875845,0.8082371239001925,0.8052631578947368,91.89121150970459,20260227_092751_run3
multirocket_fm,MiddlePhalanxOutlineAgeGroup,0.6883116883116883,0.6715503911243059,0.6789492189837812,0.6883116883116883,98.48508095741272,20260227_092931_run3
multirocket_fm,FaceFour,0.8863636363636364,0.8814031836895405,0.8878458498023715,0.8863636363636364,78.40479445457458,20260227_093529_run3
multirocket_fm,FacesUCR,0.9556097560975609,0.9547895312872832,0.9570950108131738,0.9556097560975609,767.7160527706146,20260227_094821_run3
multirocket_fm,ACSF1,0.82,0.8178646137742248,0.8455655455655454,0.82,77.00926494598389,20260227_094939_run4
multirocket_fm,Adiac,0.8260869565217391,0.8214187644975826,0.8550523127475135,0.8260869565217391,728.7997262477875,20260227_100149_run4
multirocket_fm,ArrowHead,0.9257142857142857,0.9255402023718856,0.9276126126126126,0.9257142857142857,76.99791312217712,20260227_100307_run4
multirocket_fm,ArticularyWordRecognition,0.9866666666666667,0.9866434782608693,0.9876923076923078,0.9866666666666667,824.9520747661591,20260227_101653_run4
multirocket_fm,AtrialFibrillation,0.26666666666666666,0.2606060606060606,0.25555555555555554,0.26666666666666666,77.60726189613342,20260227_101811_run4
multirocket_fm,BME,1.0,1.0,1.0,1.0,79.54911422729492,20260227_101931_run4
multirocket_fm,BasicMotions,1.0,1.0,1.0,1.0,78.57511925697327,20260227_102049_run4
multirocket_fm,Beef,0.9,0.8893772893772893,0.9214285714285714,0.9,76.88661694526672,20260227_102206_run4
multirocket_fm,BeetleFly,0.85,0.849624060150376,0.8535353535353536,0.85,78.57574510574341,20260227_102325_run4
multirocket_fm,BirdChicken,0.9,0.898989898989899,0.9166666666666667,0.9,79.68174576759338,20260227_102445_run4
multirocket_fm,CBF,0.9988888888888889,0.9988888796908224,0.9988925559222589,0.9988888888888889,81.78451657295227,20260227_102608_run4
multirocket_fm,Car,0.9166666666666666,0.9160683760683761,0.9163888888888889,0.9166666666666666,76.55905437469482,20260227_102725_run4
multirocket_fm,Chinatown,0.956268221574344,0.9568647311489583,0.9589972119222169,0.956268221574344,77.64552903175354,20260227_102844_run4
multirocket_fm,ChlorineConcentration,0.7354166666666667,0.7199735714214359,0.749856012006721,0.7354166666666667,134.7957923412323,20260227_103106_run4
multirocket_fm,CinCECGTorso,0.9797101449275363,0.9797056427470774,0.9799423929330069,0.9797101449275363,83.48280739784241,20260227_103232_run4
multirocket_fm,Coffee,1.0,1.0,1.0,1.0,78.16536855697632,20260227_103351_run4
multirocket_fm,Computers,0.876,0.8759980159682554,0.8760240655401945,0.876,78.54318761825562,20260227_103510_run4
multirocket_fm,Cricket,1.0,1.0,1.0,1.0,622.1605863571167,20260227_104533_run4
multirocket_fm,CricketX,0.8102564102564103,0.809559186309348,0.8161373950085695,0.8102564102564103,703.2848420143127,20260227_105718_run4
multirocket_fm,CricketY,0.841025641025641,0.8405103155691317,0.8474694713290419,0.841025641025641,700.9063789844513,20260227_110900_run4
multirocket_fm,CricketZ,0.841025641025641,0.8392198759343389,0.8406334200378864,0.841025641025641,711.4252223968506,20260227_112053_run4
multirocket_fm,DiatomSizeReduction,0.9803921568627451,0.9796486206041835,0.9813145929615174,0.9803921568627451,78.77451968193054,20260227_112654_run4
multirocket_fm,DistalPhalanxOutlineAgeGroup,0.841726618705036,0.8425832460777631,0.8442670506640695,0.841726618705036,93.09388566017151,20260227_112829_run4
multirocket_fm,DistalPhalanxOutlineCorrect,0.855072463768116,0.8548841238899719,0.8547876287167235,0.855072463768116,90.70722317695618,20260227_113001_run4
multirocket_fm,DistalPhalanxTW,0.697841726618705,0.6703544976071267,0.6666565232960198,0.697841726618705,91.74586415290833,20260227_113134_run4
multirocket_fm,ECG200,0.93,0.9292797875871224,0.9304206241519674,0.93,79.1213116645813,20260227_113253_run4
multirocket_fm,ECG5000,0.946,0.9372509226836515,0.9357188591658121,0.946,121.79010152816772,20260227_113506_run4
multirocket_fm,ECGFiveDays,1.0,1.0,1.0,1.0,79.89951300621033,20260227_113628_run4
multirocket_fm,EOGHorizontalSignal,0.8839779005524862,0.8818769911136174,0.8816549216725931,0.8839779005524862,718.1327831745148,20260227_114827_run4
multirocket_fm,EOGVerticalSignal,0.8397790055248618,0.835202340744362,0.8378998264711928,0.8397790055248618,719.524867773056,20260227_120028_run4
multirocket_fm,ERing,0.9814814814814815,0.981513638590478,0.9821722661396574,0.9814814814814815,77.33159947395325,20260227_120146_run4
multirocket_fm,Earthquakes,0.7050359712230215,0.6553539451657638,0.634589928057554,0.7050359712230215,114.13391923904419,20260227_120341_run4
multirocket_fm,EigenWorms,0.9389312977099237,0.9399331290862162,0.9460541118357247,0.9389312977099237,76.6110610961914,20260227_120458_run4
multirocket_fm,ElectricDevices,0.9133705096615224,0.9134536230580007,0.9147337705506279,0.9133705096615224,444.42117500305176,20260227_121255_run4
multirocket_fm,Epilepsy,0.9782608695652174,0.9782456064565829,0.9788760119091557,0.9782608695652174,85.73900127410889,20260227_121421_run4
multirocket_fm,EthanolConcentration,0.6577946768060836,0.6383412059702744,0.6410848848099371,0.6577946768060836,81.6410915851593,20260227_121544_run4
multirocket_fm,EthanolLevel,0.866,0.8644455123844131,0.8637986153164628,0.866,93.06982064247131,20260227_121719_run4
multirocket_fm,FaceAll,0.9887573964497042,0.9888642445658389,0.9892857501972742,0.9887573964497042,816.6453380584717,20260227_123218_run4
multirocket_fm,FiftyWords,0.8043956043956044,0.7936174444923785,0.8123792035894625,0.8043956043956044,678.314816236496,20260227_124339_run4
multirocket_fm,FingerMovements,0.55,0.5484172444980403,0.5495941558441558,0.55,141.75612258911133,20260227_124601_run4
multirocket_fm,Fish,0.9714285714285714,0.9714712755175805,0.9726007326007325,0.9714285714285714,87.19632625579834,20260227_124729_run4
multirocket_fm,FordA,0.9613636363636363,0.9613606393606393,0.9613675859889861,0.9613636363636363,160.98718547821045,20260227_125019_run4
multirocket_fm,FordB,0.9530864197530864,0.9530849896702861,0.9533741535961197,0.9530864197530864,157.65032744407654,20260227_125305_run4
multirocket_fm,FreezerRegularTrain,0.9992982456140351,0.9992982452684495,0.9992992291520674,0.9992982456140351,122.55575203895569,20260227_125513_run4
multirocket_fm,FreezerSmallTrain,0.9908771929824561,0.9908766493442023,0.9909942215836239,0.9908771929824561,92.32898330688477,20260227_125651_run4
multirocket_fm,Fungi,0.989247311827957,0.9892915355748455,0.989695340501792,0.989247311827957,620.2567274570465,20260227_130711_run4
multirocket_fm,GunPoint,1.0,1.0,1.0,1.0,81.3387656211853,20260227_130833_run4
multirocket_fm,GunPointAgeSpan,0.9936708860759493,0.9936711396157453,0.9937510014420766,0.9936708860759493,96.93823480606079,20260227_131011_run4
multirocket_fm,GunPointMaleVersusFemale,1.0,1.0,1.0,1.0,109.22113180160522,20260227_131201_run4
multirocket_fm,GunPointOldVersusYoung,1.0,1.0,1.0,1.0,95.52647066116333,20260227_131337_run4
multirocket_fm,Ham,0.8857142857142857,0.8857350196972839,0.8863985071532242,0.8857142857142857,79.96567225456238,20260227_131458_run4
multirocket_fm,HandMovementDirection,0.33783783783783783,0.3274428274428275,0.4418388977212507,0.33783783783783783,118.45633912086487,20260227_131656_run4
multirocket_fm,HandOutlines,0.9540540540540541,0.953584099563481,0.9550012863206941,0.9540540540540541,216.10452938079834,20260227_132035_run4
multirocket_fm,Handwriting,0.37411764705882355,0.31432244715010316,0.39180759102614326,0.37411764705882355,699.9514169692993,20260227_133217_run4
multirocket_fm,Haptics,0.5811688311688312,0.5636660048680954,0.5951136770592188,0.5811688311688312,83.26287603378296,20260227_133341_run4
multirocket_fm,Heartbeat,0.7609756097560976,0.7486319551883037,0.7457236912421711,0.7609756097560976,90.55169463157654,20260227_133513_run4
multirocket_fm,Herring,0.5625,0.5593589743589744,0.5572916666666666,0.5625,103.3187804222107,20260227_133656_run4
multirocket_fm,HouseTwenty,0.9663865546218487,0.9665312738183678,0.9688764394646748,0.9663865546218487,115.60311794281006,20260227_133852_run4
multirocket_fm,InlineSkate,0.6545454545454545,0.6551335814732556,0.6664051239483734,0.6545454545454545,83.33318901062012,20260227_134017_run4
multirocket_fm,InsectEPGRegularTrain,1.0,1.0,1.0,1.0,76.46132159233093,20260227_134134_run4
multirocket_fm,InsectEPGSmallTrain,1.0,1.0,1.0,1.0,78.64331364631653,20260227_134253_run4
multirocket_fm,InsectWingbeatSound,0.6752525252525252,0.6730746841473935,0.6761177835986397,0.6752525252525252,726.7376418113708,20260227_135504_run4
multirocket_fm,ItalyPowerDemand,0.9708454810495627,0.97084520569937,0.9708522658320972,0.9708454810495627,81.79681277275085,20260227_135628_run4
multirocket_fm,LSST,0.6966747769667477,0.6596879352799375,0.6769120422800599,0.6966747769667477,1512.5848577022552,20260227_142152_run4
multirocket_fm,LargeKitchenAppliances,0.944,0.9439862276748703,0.9443983019564415,0.944,79.8008143901825,20260227_142313_run4
multirocket_fm,Libras,0.95,0.9482195846360608,0.957997557997558,0.95,898.5880923271179,20260227_143812_run4
multirocket_fm,Lightning2,0.8360655737704918,0.8354405514482659,0.836642046478112,0.8360655737704918,85.70144486427307,20260227_143938_run4
multirocket_fm,Lightning7,0.9315068493150684,0.929549941766957,0.9400187331694181,0.9315068493150684,85.73535561561584,20260227_144104_run4
multirocket_fm,Mallat,0.967590618336887,0.9672731283127579,0.9717011779792433,0.967590618336887,89.62805104255676,20260227_144239_run4
multirocket_fm,Meat,1.0,1.0,1.0,1.0,99.56487131118774,20260227_144419_run4
multirocket_fm,MedicalImages,0.8144736842105263,0.8066418068602185,0.808524066403436,0.8144736842105263,93.10081744194031,20260227_144554_run4
multirocket_fm,MiddlePhalanxOutlineAgeGroup,0.6688311688311688,0.6652728498928128,0.6627480744363862,0.6688311688311688,107.75171518325806,20260227_144743_run4
multirocket_fm,FaceFour,0.9659090909090909,0.9655554875623413,0.9685606060606059,0.9659090909090909,57.7426872253418,20260227_145258_run4
multirocket_fm,FacesUCR,0.9536585365853658,0.9539911116776396,0.9564495785561753,0.9536585365853658,650.4213383197784,20260227_150353_run4
multirocket_fm,ACSF1,0.86,0.8566080123194136,0.8692968142968143,0.86,65.61040925979614,20260227_172931_run1
multirocket_fm,Adiac,0.8337595907928389,0.8309512142882819,0.8468161562790721,0.8337595907928389,596.410117149353,20260227_173929_run1
multirocket_fm,ArrowHead,0.9314285714285714,0.9309675433339557,0.9339250827037258,0.9314285714285714,62.365798473358154,20260227_174032_run1
multirocket_fm,ArticularyWordRecognition,0.99,0.9899826086956522,0.9907692307692307,0.99,643.0687203407288,20260227_175116_run1
multirocket_fm,AtrialFibrillation,0.26666666666666666,0.19047619047619044,0.14814814814814817,0.26666666666666666,61.97504949569702,20260227_175218_run1
multirocket_fm,BME,1.0,1.0,1.0,1.0,61.82340097427368,20260227_175321_run1
multirocket_fm,BasicMotions,1.0,1.0,1.0,1.0,62.038179874420166,20260227_175423_run1
multirocket_fm,Beef,0.7666666666666667,0.7651948051948051,0.795,0.7666666666666667,62.68097996711731,20260227_175526_run1
multirocket_fm,BeetleFly,1.0,1.0,1.0,1.0,60.908294677734375,20260227_175627_run1
multirocket_fm,BirdChicken,0.95,0.949874686716792,0.9545454545454545,0.95,61.04446196556091,20260227_175728_run1
multirocket_fm,CBF,0.9955555555555555,0.9955554561272683,0.9956144223693892,0.9955555555555555,65.61142206192017,20260227_175835_run1
multirocket_fm,Car,0.9333333333333333,0.9327687687687688,0.9351851851851851,0.9333333333333333,63.49009943008423,20260227_175939_run1
multirocket_fm,Chinatown,0.967930029154519,0.9684541986036047,0.9712897403859503,0.967930029154519,60.8690299987793,20260227_180040_run1
multirocket_fm,ChlorineConcentration,0.7526041666666666,0.7360868090748508,0.7796953268897703,0.7526041666666666,115.21271562576294,20260227_180243_run1
multirocket_fm,CinCECGTorso,0.9695652173913043,0.969298757765314,0.9699799631359289,0.9695652173913043,65.27483129501343,20260227_180351_run1
multirocket_fm,Coffee,1.0,1.0,1.0,1.0,59.84811043739319,20260227_180451_run1
multirocket_fm,Computers,0.92,0.9199179960279327,0.921727395411606,0.92,59.66460967063904,20260227_180552_run1
multirocket_fm,Cricket,1.0,1.0,1.0,1.0,484.3132166862488,20260227_181356_run1
multirocket_fm,CricketX,0.8512820512820513,0.8509107305238969,0.8556919100127239,0.8512820512820513,552.936598777771,20260227_182311_run1
multirocket_fm,CricketY,0.8692307692307693,0.8673236892927203,0.871027072376024,0.8692307692307693,553.655038356781,20260227_183226_run1
multirocket_fm,CricketZ,0.8384615384615385,0.839290844096885,0.8496471146673306,0.8384615384615385,551.2765688896179,20260227_184139_run1
multirocket_fm,DiatomSizeReduction,0.9705882352941176,0.970109829411819,0.9728242174062609,0.9705882352941176,57.93513035774231,20260227_184617_run1
multirocket_fm,DistalPhalanxOutlineAgeGroup,0.7841726618705036,0.7856828221392874,0.7941989691828627,0.7841726618705036,73.47515082359314,20260227_184732_run1
multirocket_fm,DistalPhalanxOutlineCorrect,0.855072463768116,0.8544570267131243,0.8546759691625923,0.855072463768116,70.27816438674927,20260227_184843_run1
multirocket_fm,DistalPhalanxTW,0.7050359712230215,0.6878407523569284,0.6753471641291617,0.7050359712230215,73.72657942771912,20260227_184958_run1
multirocket_fm,ECG200,0.91,0.9097150343924008,0.9096263736263737,0.91,62.150516748428345,20260227_185101_run1
multirocket_fm,ECG5000,0.9477777777777778,0.9389883268142629,0.9384835778739099,0.9477777777777778,106.74119782447815,20260227_185257_run1
multirocket_fm,ECGFiveDays,0.9976771196283392,0.9976770757573643,0.997687799538094,0.9976771196283392,64.7731032371521,20260227_185403_run1
multirocket_fm,EOGHorizontalSignal,0.9088397790055248,0.9063499292508433,0.9073319362336077,0.9088397790055248,578.1325883865356,20260227_190343_run1
multirocket_fm,EOGVerticalSignal,0.8535911602209945,0.8500081769137113,0.8545472676198037,0.8535911602209945,573.9677798748016,20260227_191318_run1
multirocket_fm,ERing,0.9777777777777777,0.9777199875992792,0.9797101449275362,0.9777777777777777,61.56240248680115,20260227_191420_run1
multirocket_fm,Earthquakes,0.7553956834532374,0.6687113467121041,0.7345182677387502,0.7553956834532374,93.75658059120178,20260227_191555_run1
multirocket_fm,ElectricDevices,0.9194656983530022,0.9194506128277281,0.9207303757043669,0.9194656983530022,395.9714844226837,20260227_192302_run1
multirocket_fm,Epilepsy,1.0,1.0,1.0,1.0,67.00278830528259,20260227_192410_run1
multirocket_fm,EthanolConcentration,0.7034220532319392,0.6940726450466541,0.6934976762690849,0.7034220532319392,67.25934648513794,20260227_192518_run1
multirocket_fm,EthanolLevel,0.862,0.8612415190139093,0.8618056690446096,0.862,74.92013025283813,20260227_192635_run1
multirocket_fm,FaceAll,0.9828402366863905,0.9834080497816697,0.9848476322831043,0.9828402366863905,670.3094112873077,20260227_193750_run1
multirocket_fm,FiftyWords,0.8065934065934066,0.8002991377664207,0.8376216679029976,0.8065934065934066,543.0179064273834,20260227_194655_run1
multirocket_fm,FingerMovements,0.7,0.6975757575757575,0.7042992972302605,0.7,110.49312424659729,20260227_194846_run1
multirocket_fm,Fish,0.9828571428571429,0.9828636513003133,0.9839560439560441,0.9828571428571429,66.3446626663208,20260227_194953_run1
multirocket_fm,FordA,0.9522727272727273,0.952273851416361,0.9522760695187165,0.9522727272727273,125.71806478500366,20260227_195207_run1
multirocket_fm,FordB,0.9481481481481482,0.9481490965651047,0.9481616062261222,0.9481481481481482,119.14474201202393,20260227_195415_run1
multirocket_fm,FreezerRegularTrain,0.9992982456140351,0.9992982456140351,0.9992982456140351,0.9992982456140351,99.28482913970947,20260227_195559_run1
multirocket_fm,FreezerSmallTrain,0.9873684210526316,0.987366405276853,0.9876796714579056,0.9873684210526316,74.35858130455017,20260227_195719_run1
multirocket_fm,Fungi,0.967741935483871,0.9668520952321793,0.9726702508960573,0.967741935483871,494.9483127593994,20260227_200534_run1
multirocket_fm,GunPoint,1.0,1.0,1.0,1.0,61.47294759750366,20260227_200636_run1
multirocket_fm,GunPointAgeSpan,1.0,1.0,1.0,1.0,75.46505999565125,20260227_200752_run1
multirocket_fm,GunPointMaleVersusFemale,1.0,1.0,1.0,1.0,75.47125744819641,20260227_200908_run1
multirocket_fm,GunPointOldVersusYoung,1.0,1.0,1.0,1.0,74.69303560256958,20260227_201024_run1
multirocket_fm,Ham,0.819047619047619,0.8189818719748777,0.819064935064935,0.819047619047619,61.566768169403076,20260227_201126_run1
multirocket_fm,HandMovementDirection,0.35135135135135137,0.35253378378378375,0.363499245852187,0.35135135135135137,92.13190579414368,20260227_201258_run1
multirocket_fm,HandOutlines,0.9567567567567568,0.9566075897354444,0.9567025097083961,0.9567567567567568,77.93441486358643,20260227_201419_run1
multirocket_fm,Handwriting,0.3729411764705882,0.3223016118073097,0.41459282324542734,0.3729411764705882,536.9047598838806,20260227_202318_run1
multirocket_fm,Haptics,0.5357142857142857,0.5037734952841144,0.512166286100413,0.5357142857142857,67.32734942436218,20260227_202426_run1
multirocket_fm,Heartbeat,0.7365853658536585,0.7168984385777065,0.7132466961735255,0.7365853658536585,66.38610863685608,20260227_202533_run1
multirocket_fm,Herring,0.609375,0.5727996254681648,0.5912990196078431,0.609375,58.15901970863342,20260227_202632_run1
multirocket_fm,HouseTwenty,0.9663865546218487,0.9662836563196706,0.9667465577780407,0.9663865546218487,58.22450232505798,20260227_202730_run1
multirocket_fm,InlineSkate,0.6654545454545454,0.6671242827483299,0.679445119964656,0.6654545454545454,59.87079119682312,20260227_202831_run1
multirocket_fm,InsectEPGRegularTrain,1.0,1.0,1.0,1.0,58.1821653842926,20260227_202930_run1
multirocket_fm,InsectEPGSmallTrain,1.0,1.0,1.0,1.0,58.016711950302124,20260227_203029_run1
multirocket_fm,InsectWingbeatSound,0.6813131313131313,0.678734298315111,0.6803160723528082,0.6813131313131313,565.737871170044,20260227_203959_run1
multirocket_fm,ItalyPowerDemand,0.9620991253644315,0.9620944716165342,0.962397085962977,0.9620991253644315,62.18600821495056,20260227_204103_run1
multirocket_fm,LSST,0.7060016220600163,0.6710146746460501,0.6837112282305772,0.7060016220600163,1140.6953904628754,20260227_210013_run1
multirocket_fm,LargeKitchenAppliances,0.952,0.951993903987808,0.9522278943719669,0.952,61.25635266304016,20260227_210115_run1
multirocket_fm,Libras,0.9666666666666667,0.9667651092868483,0.9702686202686203,0.9666666666666667,655.1940383911133,20260227_211211_run1
multirocket_fm,Lightning2,0.7868852459016393,0.7871153293068738,0.7877685132843414,0.7868852459016393,57.678001165390015,20260227_211309_run1
multirocket_fm,Lightning7,0.7808219178082192,0.7757753409086485,0.7893923428170003,0.7808219178082192,57.94232702255249,20260227_211407_run1
multirocket_fm,Mallat,0.979957356076759,0.9799375278257993,0.9805131026893182,0.979957356076759,71.15582370758057,20260227_211523_run1
multirocket_fm,Meat,1.0,1.0,1.0,1.0,61.12985682487488,20260227_211624_run1
multirocket_fm,MedicalImages,0.8157894736842105,0.8124830114568318,0.81644116768634,0.8157894736842105,70.8777220249176,20260227_211738_run1
multirocket_fm,MiddlePhalanxOutlineAgeGroup,0.6103896103896104,0.6063720862712916,0.6079999838620528,0.6103896103896104,78.43199443817139,20260227_211857_run1
multirocket_fm,FaceFour,0.8522727272727273,0.8522267417605339,0.8592045454545456,0.8522727272727273,57.45112466812134,20260227_211955_run1
multirocket_fm,FacesUCR,0.9614634146341463,0.9619811531586849,0.9636205957500222,0.9614634146341463,615.6400284767151,20260227_213015_run1
multirocket_fm,EigenWorms,0.9541984732824428,0.9542614718934003,0.9570401843583465,0.9541984732824428,57.04888844490051,20260227_213112_run1
multirocket_fm,ACSF1,0.85,0.849144679881522,0.8753030303030301,0.85,59.655927658081055,20260227_213703_run2
multirocket_fm,Adiac,0.8312020460358056,0.8221807292917231,0.854418592206316,0.8312020460358056,588.6861996650696,20260227_214653_run2
multirocket_fm,ArrowHead,0.9142857142857143,0.9141964033138008,0.9167699633699635,0.9142857142857143,57.591254234313965,20260227_214751_run2
multirocket_fm,ArticularyWordRecognition,0.9933333333333333,0.9933275362318841,0.9935897435897436,0.9933333333333333,641.1332309246063,20260227_215833_run2
multirocket_fm,AtrialFibrillation,0.2,0.18888888888888886,0.18095238095238095,0.2,57.3922483921051,20260227_215931_run2
multirocket_fm,BME,1.0,1.0,1.0,1.0,57.643404483795166,20260227_220029_run2
multirocket_fm,BasicMotions,1.0,1.0,1.0,1.0,57.17039704322815,20260227_220126_run2
multirocket_fm,Beef,0.8333333333333334,0.832034632034632,0.8433333333333334,0.8333333333333334,57.21159482002258,20260227_220223_run2
multirocket_fm,BeetleFly,0.9,0.9,0.9,0.9,57.64310646057129,20260227_220321_run2
multirocket_fm,BirdChicken,0.85,0.846547314578005,0.8846153846153847,0.85,57.62031435966492,20260227_220419_run2
multirocket_fm,CBF,1.0,1.0,1.0,1.0,60.72620987892151,20260227_220521_run2
multirocket_fm,Car,0.8833333333333333,0.8825350276963181,0.9241666666666667,0.8833333333333333,57.533650636672974,20260227_220619_run2
multirocket_fm,Chinatown,0.9620991253644315,0.9627185983497145,0.9656295171129676,0.9620991253644315,57.45243525505066,20260227_220717_run2
multirocket_fm,ChlorineConcentration,0.7380208333333333,0.7253927632052589,0.7457628752653688,0.7380208333333333,106.14481735229492,20260227_220911_run2
multirocket_fm,CinCECGTorso,0.9905797101449275,0.9905774031873736,0.9907998473467184,0.9905797101449275,63.6607141494751,20260227_221017_run2
multirocket_fm,Coffee,1.0,1.0,1.0,1.0,57.8156373500824,20260227_221115_run2
multirocket_fm,Computers,0.896,0.8958933948363124,0.8976286871023713,0.896,60.116559743881226,20260227_221216_run2
multirocket_fm,Cricket,1.0,1.0,1.0,1.0,467.8631248474121,20260227_222004_run2
multirocket_fm,CricketX,0.8461538461538461,0.8435253027255716,0.8539953683727812,0.8461538461538461,551.6453728675842,20260227_222917_run2
multirocket_fm,CricketY,0.8487179487179487,0.8475998875124526,0.8574450252174927,0.8487179487179487,545.9529941082001,20260227_223825_run2
multirocket_fm,CricketZ,0.8256410256410256,0.8258164251131512,0.8315473605732803,0.8256410256410256,537.8103311061859,20260227_224724_run2
multirocket_fm,DiatomSizeReduction,0.9640522875816994,0.9626994440882523,0.9661167945439044,0.9640522875816994,61.622270345687866,20260227_225152_run2
multirocket_fm,DistalPhalanxOutlineAgeGroup,0.7985611510791367,0.7947704853191906,0.798088104858579,0.7985611510791367,75.15155386924744,20260227_225308_run2
multirocket_fm,DistalPhalanxOutlineCorrect,0.8586956521739131,0.8577394704105207,0.8586847946725861,0.8586956521739131,70.864586353302,20260227_225421_run2
multirocket_fm,DistalPhalanxTW,0.7553956834532374,0.7262915018267055,0.7075784826684107,0.7553956834532374,71.34425210952759,20260227_225533_run2
multirocket_fm,ECG200,0.9,0.8985739750445632,0.9003676470588234,0.9,59.712886810302734,20260227_225633_run2
multirocket_fm,ECG5000,0.9526666666666667,0.945986540866908,0.9465797963829733,0.9526666666666667,97.76476454734802,20260227_225820_run2
multirocket_fm,ECGFiveDays,1.0,1.0,1.0,1.0,61.554438829422,20260227_225923_run2
multirocket_fm,EOGHorizontalSignal,0.9171270718232044,0.9163411498458403,0.9169704131540178,0.9171270718232044,580.2246255874634,20260227_230905_run2
multirocket_fm,EOGVerticalSignal,0.8480662983425414,0.8481463558533726,0.8506359435007452,0.8480662983425414,582.3923020362854,20260227_231849_run2
multirocket_fm,ERing,0.9296296296296296,0.9301235123218442,0.9413798790856922,0.9296296296296296,61.77564239501953,20260227_231951_run2
multirocket_fm,Earthquakes,0.7482014388489209,0.6531522118853084,0.6884156908050202,0.7482014388489209,92.42094016075134,20260227_232124_run2
multirocket_fm,ElectricDevices,0.9197250680845546,0.9199647121558198,0.9212391703279786,0.9197250680845546,389.048819065094,20260227_232825_run2
multirocket_fm,Epilepsy,1.0,1.0,1.0,1.0,65.66055655479431,20260227_232931_run2
multirocket_fm,EthanolConcentration,0.6692015209125475,0.6386537309346548,0.6439236748284237,0.6692015209125475,64.20726037025452,20260227_233037_run2
multirocket_fm,EthanolLevel,0.864,0.8625994964345092,0.8619626069157932,0.864,71.11779379844666,20260227_233150_run2
multirocket_fm,FaceAll,0.9804733727810651,0.9810683366940776,0.9826944506088144,0.9804733727810651,655.8638641834259,20260227_234250_run2
multirocket_fm,FiftyWords,0.8,0.7863449821904629,0.7960799448200483,0.8,528.0608780384064,20260227_235140_run2
multirocket_fm,FingerMovements,0.43,0.4243109184393588,0.4290833333333333,0.43,113.3939254283905,20260227_235334_run2
multirocket_fm,Fish,0.9942857142857143,0.9942920752716672,0.9945142857142857,0.9942857142857143,66.21512365341187,20260227_235441_run2
multirocket_fm,FordA,0.9643939393939394,0.9644000124044468,0.9644957762145261,0.9643939393939394,122.7208800315857,20260227_235653_run2
multirocket_fm,FordB,0.9419753086419753,0.9419695586394015,0.9420356273415856,0.9419753086419753,120.0656349658966,20260227_235901_run2
multirocket_fm,FreezerRegularTrain,0.9992982456140351,0.9992982456140351,0.9992982456140351,0.9992982456140351,99.89810276031494,20260228_000046_run2
multirocket_fm,FreezerSmallTrain,0.988421052631579,0.9884201616006156,0.9885714285714287,0.988421052631579,71.94011282920837,20260228_000203_run2
multirocket_fm,Fungi,1.0,1.0,1.0,1.0,461.8198823928833,20260228_000945_run2
multirocket_fm,GunPoint,1.0,1.0,1.0,1.0,57.76559019088745,20260228_001043_run2
multirocket_fm,GunPointAgeSpan,1.0,1.0,1.0,1.0,70.80882811546326,20260228_001155_run2
multirocket_fm,GunPointMaleVersusFemale,1.0,1.0,1.0,1.0,71.57572793960571,20260228_001307_run2
multirocket_fm,GunPointOldVersusYoung,1.0,1.0,1.0,1.0,72.01287174224854,20260228_001420_run2
multirocket_fm,Ham,0.8,0.8,0.8013071895424836,0.8,58.01849818229675,20260228_001518_run2
multirocket_fm,HandMovementDirection,0.35135135135135137,0.35537241329966107,0.38897721250662426,0.35135135135135137,87.82742547988892,20260228_001647_run2
multirocket_fm,HandOutlines,0.9540540540540541,0.9538537601743994,0.9540348587223588,0.9540540540540541,75.53613448143005,20260228_001805_run2
multirocket_fm,Handwriting,0.38588235294117645,0.34486584846297813,0.4990020125549766,0.38588235294117645,526.4045286178589,20260228_002653_run2
multirocket_fm,Haptics,0.564935064935065,0.5394398352472887,0.599839045754937,0.564935064935065,65.50393342971802,20260228_002800_run2
multirocket_fm,Heartbeat,0.7317073170731707,0.7277821597137609,0.7247636390391053,0.7317073170731707,77.35612559318542,20260228_002918_run2
multirocket_fm,Herring,0.625,0.6223076923076922,0.6208333333333333,0.625,58.35305428504944,20260228_003016_run2
multirocket_fm,HouseTwenty,0.9747899159663865,0.9747532760651677,0.9748585148345051,0.9747899159663865,58.398759603500366,20260228_003115_run2
multirocket_fm,InlineSkate,0.6618181818181819,0.6608195274478662,0.6812518513683511,0.6618181818181819,59.65563082695007,20260228_003216_run2
multirocket_fm,InsectEPGRegularTrain,1.0,1.0,1.0,1.0,58.009440183639526,20260228_003314_run2
multirocket_fm,InsectEPGSmallTrain,1.0,1.0,1.0,1.0,57.87560510635376,20260228_003413_run2
multirocket_fm,InsectWingbeatSound,0.6626262626262627,0.6495256018872998,0.659592030889164,0.6626262626262627,565.2814812660217,20260228_004342_run2
multirocket_fm,ItalyPowerDemand,0.967930029154519,0.9679294839554736,0.967945394507927,0.967930029154519,62.33572006225586,20260228_004447_run2
multirocket_fm,LSST,0.7011354420113545,0.671390406835359,0.6688499300590519,0.7011354420113545,1153.113362789154,20260228_010409_run2
multirocket_fm,LargeKitchenAppliances,0.944,0.943967402145101,0.9439549411162315,0.944,63.1607940196991,20260228_010514_run2
multirocket_fm,Libras,0.9333333333333333,0.9331868019814047,0.9438394503100385,0.9333333333333333,662.9381330013275,20260228_011618_run2
multirocket_fm,Lightning2,0.8524590163934426,0.8522187868407589,0.8524411586128076,0.8524590163934426,61.35140633583069,20260228_011719_run2
multirocket_fm,Lightning7,0.8082191780821918,0.8061224660887645,0.8297619047619048,0.8082191780821918,61.39787483215332,20260228_011821_run2
multirocket_fm,Mallat,0.979957356076759,0.9799222790139862,0.9808742671428602,0.979957356076759,69.24994492530823,20260228_011935_run2
multirocket_fm,Meat,0.9833333333333333,0.9833229101521785,0.9841269841269842,0.9833333333333333,58.117870569229126,20260228_012033_run2
multirocket_fm,MedicalImages,0.8328947368421052,0.827376897273608,0.834437740277557,0.8328947368421052,69.73829483985901,20260228_012145_run2
multirocket_fm,MiddlePhalanxOutlineAgeGroup,0.6623376623376623,0.6515233860342556,0.6574695490844559,0.6623376623376623,77.02272200584412,20260228_012303_run2
multirocket_fm,FaceFour,0.8522727272727273,0.8574164145592718,0.892292490118577,0.8522727272727273,57.65329647064209,20260228_012401_run2
multirocket_fm,FacesUCR,0.9585365853658536,0.9582376893201542,0.959440409748181,0.9585365853658536,604.9835481643677,20260228_013410_run2
multirocket_fm,EigenWorms,0.9465648854961832,0.9471829365314187,0.9482006543075245,0.9465648854961832,58.85866117477417,20260228_013509_run2
multirocket_fm,ACSF1,0.81,0.8009050293718487,0.8238422688422689,0.81,61.38124370574951,20260228_014104_run3
multirocket_fm,Adiac,0.8005115089514067,0.7931711428717207,0.8317790869261457,0.8005115089514067,578.7607927322388,20260228_015045_run3
multirocket_fm,ArrowHead,0.8571428571428571,0.8552748694604364,0.8591846323425271,0.8571428571428571,57.63225555419922,20260228_015143_run3
multirocket_fm,ArticularyWordRecognition,0.9966666666666667,0.9966608695652174,0.996923076923077,0.9966666666666667,639.454484462738,20260228_020223_run3
multirocket_fm,AtrialFibrillation,0.4,0.3055555555555555,0.27777777777777773,0.4,59.7062873840332,20260228_020323_run3
multirocket_fm,BME,1.0,1.0,1.0,1.0,59.911261796951294,20260228_020423_run3
multirocket_fm,BasicMotions,1.0,1.0,1.0,1.0,60.01946520805359,20260228_020523_run3
multirocket_fm,Beef,0.8333333333333334,0.8113664113664112,0.8261904761904761,0.8333333333333334,59.59462809562683,20260228_020623_run3
multirocket_fm,BeetleFly,0.9,0.9,0.9,0.9,59.97413229942322,20260228_020723_run3
multirocket_fm,BirdChicken,1.0,1.0,1.0,1.0,59.88267970085144,20260228_020823_run3
multirocket_fm,CBF,1.0,1.0,1.0,1.0,63.19270968437195,20260228_020928_run3
multirocket_fm,Car,0.9,0.899161230195713,0.8992592592592593,0.9,58.33308720588684,20260228_021027_run3
multirocket_fm,Chinatown,0.9737609329446064,0.9741188386893749,0.9760536669591554,0.9737609329446064,58.258265018463135,20260228_021126_run3
multirocket_fm,ChlorineConcentration,0.73828125,0.720410147700511,0.7568107571659013,0.73828125,108.91799545288086,20260228_021322_run3
multirocket_fm,CinCECGTorso,0.9630434782608696,0.9628084157446204,0.9648880337987865,0.9630434782608696,63.81946587562561,20260228_021429_run3
multirocket_fm,Coffee,1.0,1.0,1.0,1.0,58.00924611091614,20260228_021527_run3
multirocket_fm,Computers,0.868,0.8679471788715487,0.8685897435897435,0.868,59.734763383865356,20260228_021627_run3
multirocket_fm,Cricket,1.0,1.0,1.0,1.0,470.06260776519775,20260228_022418_run3
multirocket_fm,CricketX,0.8615384615384616,0.8594135458467483,0.8655611160501744,0.8615384615384616,546.6673572063446,20260228_023326_run3
multirocket_fm,CricketY,0.8333333333333334,0.8292397860019836,0.8406859506321873,0.8333333333333334,547.4098508358002,20260228_024235_run3
multirocket_fm,CricketZ,0.882051282051282,0.8816260341489174,0.8873196183229629,0.882051282051282,549.8841052055359,20260228_025146_run3
multirocket_fm,DiatomSizeReduction,0.9313725490196079,0.9227122875508241,0.9404556463379994,0.9313725490196079,62.50936484336853,20260228_025645_run3
multirocket_fm,DistalPhalanxOutlineAgeGroup,0.7841726618705036,0.7840091563113145,0.7867476510594803,0.7841726618705036,72.08320832252502,20260228_025758_run3
multirocket_fm,DistalPhalanxOutlineCorrect,0.8260869565217391,0.8256148542266138,0.8254982254982255,0.8260869565217391,69.63430166244507,20260228_025909_run3
multirocket_fm,DistalPhalanxTW,0.7194244604316546,0.7067887877301827,0.6992497696195203,0.7194244604316546,71.10778999328613,20260228_030021_run3
multirocket_fm,ECG200,0.89,0.8896517087018233,0.8894945054945055,0.89,62.31767988204956,20260228_030124_run3
multirocket_fm,ECG5000,0.952,0.9431233482210843,0.9415807259511484,0.952,112.73487377166748,20260228_030324_run3
multirocket_fm,ECGFiveDays,1.0,1.0,1.0,1.0,60.8767511844635,20260228_030426_run3
multirocket_fm,EOGHorizontalSignal,0.9116022099447514,0.9101738206676043,0.911564383472217,0.9116022099447514,562.7406620979309,20260228_031350_run3
multirocket_fm,EOGVerticalSignal,0.8535911602209945,0.8497939820414199,0.8479127126215436,0.8535911602209945,580.1193506717682,20260228_032331_run3
multirocket_fm,ERing,0.9777777777777777,0.9778385364460362,0.9789834906294534,0.9777777777777777,62.89485788345337,20260228_032435_run3
multirocket_fm,Earthquakes,0.7266187050359713,0.6610348085168228,0.6479616306954438,0.7266187050359713,94.09869742393494,20260228_032610_run3
multirocket_fm,ElectricDevices,0.9166126313059266,0.9171074948939987,0.9189993959586048,0.9166126313059266,390.25498509407043,20260228_033307_run3
multirocket_fm,Epilepsy,0.9927536231884058,0.9927478549282573,0.9929443173150269,0.9927536231884058,66.95520615577698,20260228_033415_run3
multirocket_fm,EthanolConcentration,0.6730038022813688,0.6707321652840662,0.6779562366575955,0.6730038022813688,67.14059805870056,20260228_033523_run3
multirocket_fm,EthanolLevel,0.852,0.8520904566929135,0.852234879032258,0.852,72.77160501480103,20260228_033637_run3
multirocket_fm,FaceAll,0.9881656804733728,0.9884503987311427,0.9892805093723049,0.9881656804733728,657.696266412735,20260228_034739_run3
multirocket_fm,FiftyWords,0.8131868131868132,0.7933010583836856,0.8231409385751624,0.8131868131868132,536.1853051185608,20260228_035637_run3
multirocket_fm,FingerMovements,0.53,0.5283468998090644,0.5293506493506492,0.53,110.96816372871399,20260228_035828_run3
multirocket_fm,Fish,0.9885714285714285,0.9885796122960463,0.9887999999999999,0.9885714285714285,66.26172423362732,20260228_035935_run3
multirocket_fm,FordA,0.953030303030303,0.9530225291645351,0.9530541972635144,0.953030303030303,124.54270648956299,20260228_040142_run3
multirocket_fm,FordB,0.9432098765432099,0.9432109152349278,0.9433154637455713,0.9432098765432099,117.41812014579773,20260228_040344_run3
multirocket_fm,FreezerRegularTrain,0.9996491228070176,0.9996491227638195,0.9996493688639551,0.9996491228070176,95.71234488487244,20260228_040525_run3
multirocket_fm,FreezerSmallTrain,0.9908771929824561,0.9908767436992896,0.9909739068329865,0.9908771929824561,73.76785612106323,20260228_040643_run3
multirocket_fm,Fungi,0.9946236559139785,0.994619930103801,0.9948924731182797,0.9946236559139785,485.7796685695648,20260228_041450_run3
multirocket_fm,GunPoint,0.9866666666666667,0.9866666666666667,0.9866666666666667,0.9866666666666667,61.625993728637695,20260228_041552_run3
multirocket_fm,GunPointAgeSpan,1.0,1.0,1.0,1.0,73.02850437164307,20260228_041705_run3
multirocket_fm,GunPointMaleVersusFemale,1.0,1.0,1.0,1.0,72.80415439605713,20260228_041819_run3
multirocket_fm,GunPointOldVersusYoung,1.0,1.0,1.0,1.0,72.69060444831848,20260228_041932_run3
multirocket_fm,Ham,0.8857142857142857,0.8857142857142857,0.8857142857142857,0.8857142857142857,58.696406841278076,20260228_042032_run3
multirocket_fm,HandMovementDirection,0.32432432432432434,0.32772519327141175,0.38657232550154513,0.32432432432432434,91.80651569366455,20260228_042204_run3
multirocket_fm,HandOutlines,0.9486486486486486,0.9480147328018054,0.950018918918919,0.9486486486486486,78.20434761047363,20260228_042323_run3
multirocket_fm,Handwriting,0.40588235294117647,0.37212572630154406,0.5010262903244294,0.40588235294117647,508.1550889015198,20260228_043152_run3
multirocket_fm,Haptics,0.5324675324675324,0.508104739692261,0.5643966248804958,0.5324675324675324,62.82507061958313,20260228_043256_run3
multirocket_fm,Heartbeat,0.7804878048780488,0.7691517955810953,0.7678224065325666,0.7804878048780488,66.85322856903076,20260228_043403_run3
multirocket_fm,Herring,0.65625,0.628125,0.6530357142857144,0.65625,58.277310609817505,20260228_043501_run3
multirocket_fm,HouseTwenty,0.9831932773109243,0.9831418281598353,0.9836667061190674,0.9831932773109243,57.704622745513916,20260228_043559_run3
multirocket_fm,InlineSkate,0.6981818181818182,0.6961639015128648,0.7037026827883615,0.6981818181818182,59.854971170425415,20260228_043659_run3
multirocket_fm,InsectEPGRegularTrain,1.0,1.0,1.0,1.0,57.65669655799866,20260228_043758_run3
multirocket_fm,InsectEPGSmallTrain,1.0,1.0,1.0,1.0,57.994332790374756,20260228_043856_run3
multirocket_fm,InsectWingbeatSound,0.6787878787878788,0.6795420773218867,0.6842627034705503,0.6787878787878788,568.6917660236359,20260228_044826_run3
multirocket_fm,ItalyPowerDemand,0.9698736637512148,0.9698716719103987,0.9699594695802839,0.9698736637512148,65.39451718330383,20260228_044932_run3
multirocket_fm,LSST,0.6853203568532036,0.6419837287653322,0.6548929606657939,0.6853203568532036,1136.1234815120697,20260228_050833_run3
multirocket_fm,LargeKitchenAppliances,0.9413333333333334,0.9413350854190882,0.9415936634431832,0.9413333333333334,62.440611839294434,20260228_050936_run3
multirocket_fm,Libras,0.9222222222222223,0.9206065133711311,0.9378014795661853,0.9222222222222223,648.17205286026,20260228_052024_run3
multirocket_fm,Lightning2,0.8360655737704918,0.8312656919214296,0.8582966813274691,0.8360655737704918,57.85940432548523,20260228_052122_run3
multirocket_fm,Lightning7,0.8356164383561644,0.8345528953365845,0.860078277886497,0.8356164383561644,57.566675424575806,20260228_052220_run3
multirocket_fm,Mallat,0.9782515991471216,0.9781567931716321,0.9803432302069551,0.9782515991471216,69.13981771469116,20260228_052331_run3
multirocket_fm,Meat,1.0,1.0,1.0,1.0,57.86954998970032,20260228_052429_run3
multirocket_fm,MedicalImages,0.8052631578947368,0.8054996924689686,0.8150680765665742,0.8052631578947368,68.30092525482178,20260228_052539_run3
multirocket_fm,MiddlePhalanxOutlineAgeGroup,0.6038961038961039,0.5923440384978846,0.5982517922994114,0.6038961038961039,78.64239883422852,20260228_052658_run3
multirocket_fm,FaceFour,0.9886363636363636,0.9887208802016104,0.9893939393939394,0.9886363636363636,61.5766921043396,20260228_052800_run3
multirocket_fm,FacesUCR,0.9575609756097561,0.9576235205873121,0.9589156256165215,0.9575609756097561,633.7358813285828,20260228_053836_run3
multirocket_fm,EigenWorms,0.9541984732824428,0.9542819330197281,0.9556670301708469,0.9541984732824428,60.84380221366882,20260228_053937_run3
multirocket_fm,ACSF1,0.9,0.8999473320983619,0.9087412587412588,0.9,58.080000162124634,20260228_054523_run4
multirocket_fm,Adiac,0.8337595907928389,0.8260065174645802,0.8661452354208483,0.8337595907928389,572.5026228427887,20260228_055457_run4
multirocket_fm,ArrowHead,0.8628571428571429,0.8635777150158853,0.8679295863670067,0.8628571428571429,58.733821868896484,20260228_055556_run4
multirocket_fm,ArticularyWordRecognition,0.99,0.9899826086956522,0.990769230769231,0.99,648.6202440261841,20260228_060646_run4
multirocket_fm,AtrialFibrillation,0.2,0.20134680134680136,0.20555555555555555,0.2,58.03813982009888,20260228_060744_run4
multirocket_fm,BME,1.0,1.0,1.0,1.0,58.02266001701355,20260228_060842_run4
multirocket_fm,BasicMotions,1.0,1.0,1.0,1.0,58.00226545333862,20260228_060940_run4
multirocket_fm,Beef,0.7666666666666667,0.7657009657009657,0.8107142857142856,0.7666666666666667,58.05757141113281,20260228_061039_run4
multirocket_fm,BeetleFly,0.9,0.9,0.9,0.9,58.203370094299316,20260228_061137_run4
multirocket_fm,BirdChicken,0.8,0.7916666666666667,0.8571428571428571,0.8,58.07256269454956,20260228_061235_run4
multirocket_fm,CBF,0.9977777777777778,0.9977777287204751,0.9977923976608187,0.9977777777777778,61.45866346359253,20260228_061338_run4
multirocket_fm,Car,0.9,0.9012179487179488,0.9063492063492063,0.9,61.45350503921509,20260228_061440_run4
multirocket_fm,Chinatown,0.9708454810495627,0.971118552669101,0.9721009250260952,0.9708454810495627,58.476882457733154,20260228_061539_run4
multirocket_fm,ChlorineConcentration,0.7455729166666667,0.7254206388859588,0.7609265094867711,0.7455729166666667,108.40763974189758,20260228_061731_run4
multirocket_fm,CinCECGTorso,0.9920289855072464,0.9920262987699912,0.9920671012553528,0.9920289855072464,68.51422095298767,20260228_061842_run4
multirocket_fm,Coffee,1.0,1.0,1.0,1.0,62.76644563674927,20260228_061945_run4
multirocket_fm,Computers,0.932,0.931990206589749,0.932248975409836,0.932,59.013137340545654,20260228_062044_run4
multirocket_fm,Cricket,1.0,1.0,1.0,1.0,489.0936176776886,20260228_062854_run4
multirocket_fm,CricketX,0.8333333333333334,0.827867114665735,0.8413773278142314,0.8333333333333334,550.6003515720367,20260228_063806_run4
multirocket_fm,CricketY,0.8512820512820513,0.8499174200685372,0.850464467794408,0.8512820512820513,544.6487102508545,20260228_064712_run4
multirocket_fm,CricketZ,0.8615384615384616,0.861563756922771,0.8636638017030174,0.8615384615384616,538.5918250083923,20260228_065611_run4
multirocket_fm,DiatomSizeReduction,0.9673202614379085,0.9663218402806264,0.9690335437351635,0.9673202614379085,57.72370529174805,20260228_070020_run4
multirocket_fm,DistalPhalanxOutlineAgeGroup,0.7697841726618705,0.765053053747631,0.7726097442919729,0.7697841726618705,71.22104215621948,20260228_070132_run4
multirocket_fm,DistalPhalanxOutlineCorrect,0.8514492753623188,0.8506980886047769,0.8510802469135803,0.8514492753623188,68.64596486091614,20260228_070242_run4
multirocket_fm,DistalPhalanxTW,0.7482014388489209,0.7293994820471233,0.7147541706894225,0.7482014388489209,73.19741654396057,20260228_070356_run4
multirocket_fm,ECG200,0.89,0.8913356562137049,0.8972137246796197,0.89,58.27178740501404,20260228_070455_run4
multirocket_fm,ECG5000,0.9475555555555556,0.9414935654998575,0.9422219045217486,0.9475555555555556,97.29919290542603,20260228_070641_run4
multirocket_fm,ECGFiveDays,1.0,1.0,1.0,1.0,61.051772594451904,20260228_070744_run4
multirocket_fm,EOGHorizontalSignal,0.9005524861878453,0.8997718264122738,0.9005784620477166,0.9005524861878453,579.0326581001282,20260228_071724_run4
multirocket_fm,EOGVerticalSignal,0.856353591160221,0.8568443787517654,0.8604517913965873,0.856353591160221,567.2661786079407,20260228_072653_run4
multirocket_fm,ERing,0.9851851851851852,0.9851820138825512,0.9854967342247638,0.9851851851851852,57.76255941390991,20260228_072751_run4
multirocket_fm,Earthquakes,0.7410071942446043,0.6492237788716394,0.645083932853717,0.7410071942446043,90.01565194129944,20260228_072922_run4
multirocket_fm,ElectricDevices,0.922448450265854,0.9225838052158394,0.9240543944754664,0.922448450265854,393.1394991874695,20260228_073624_run4
multirocket_fm,Epilepsy,1.0,1.0,1.0,1.0,67.02353072166443,20260228_073732_run4
multirocket_fm,EthanolConcentration,0.6425855513307985,0.6283643399360178,0.6295215682694653,0.6425855513307985,66.22094392776489,20260228_073839_run4
multirocket_fm,EthanolLevel,0.826,0.8248190208415042,0.8240395153161427,0.826,73.32076859474182,20260228_073954_run4
multirocket_fm,FaceAll,0.9840236686390532,0.9841903581497023,0.9846906824805497,0.9840236686390532,658.4486167430878,20260228_075056_run4
multirocket_fm,FiftyWords,0.789010989010989,0.7808086185783832,0.8190234420763114,0.789010989010989,530.4566435813904,20260228_075949_run4
multirocket_fm,FingerMovements,0.6,0.6,0.6,0.6,113.25502038002014,20260228_080143_run4
multirocket_fm,Fish,0.9771428571428571,0.977452337518353,0.9792380952380952,0.9771428571428571,66.12313985824585,20260228_080250_run4
multirocket_fm,FordA,0.9636363636363636,0.9636395384855427,0.9636604216713608,0.9636363636363636,122.61495208740234,20260228_080501_run4
multirocket_fm,FordB,0.9469135802469136,0.9469109096555505,0.9469342246411249,0.9469135802469136,117.0540361404419,20260228_080706_run4
multirocket_fm,FreezerRegularTrain,0.9992982456140351,0.9992982456140351,0.9992982456140351,0.9992982456140351,100.5087616443634,20260228_080852_run4
multirocket_fm,FreezerSmallTrain,0.9792982456140351,0.9792899615986747,0.9800663517768781,0.9792982456140351,71.6228711605072,20260228_081008_run4
multirocket_fm,Fungi,0.9946236559139785,0.9944858009374139,0.9948924731182797,0.9946236559139785,462.7481150627136,20260228_081751_run4
multirocket_fm,GunPoint,1.0,1.0,1.0,1.0,57.94429636001587,20260228_081850_run4
multirocket_fm,GunPointAgeSpan,1.0,1.0,1.0,1.0,70.4021098613739,20260228_082001_run4
multirocket_fm,GunPointMaleVersusFemale,1.0,1.0,1.0,1.0,70.98334431648254,20260228_082112_run4
multirocket_fm,GunPointOldVersusYoung,1.0,1.0,1.0,1.0,70.78464150428772,20260228_082224_run4
multirocket_fm,Ham,0.8476190476190476,0.8463892673723927,0.8552781052405959,0.8476190476190476,63.6081337928772,20260228_082328_run4
multirocket_fm,HandMovementDirection,0.2972972972972973,0.30434695426746305,0.32305194805194803,0.2972972972972973,88.3094093799591,20260228_082456_run4
multirocket_fm,HandOutlines,0.9567567567567568,0.9562691300224109,0.9580441937506561,0.9567567567567568,75.85742115974426,20260228_082614_run4
multirocket_fm,Handwriting,0.4023529411764706,0.36306057375478457,0.4772195876716162,0.4023529411764706,512.3476512432098,20260228_083449_run4
multirocket_fm,Haptics,0.5714285714285714,0.5587156691702204,0.5916782653387356,0.5714285714285714,63.44182014465332,20260228_083553_run4
multirocket_fm,Heartbeat,0.7268292682926829,0.7181596340850286,0.7131462954812688,0.7268292682926829,69.06823205947876,20260228_083703_run4
multirocket_fm,Herring,0.609375,0.5502112135176651,0.592739898989899,0.609375,58.04070281982422,20260228_083801_run4
multirocket_fm,HouseTwenty,0.9915966386554622,0.991584425355056,0.99171668667467,0.9915966386554622,57.86872982978821,20260228_083859_run4
multirocket_fm,InlineSkate,0.6581818181818182,0.6592214693877201,0.6642454649920172,0.6581818181818182,59.36225914955139,20260228_083959_run4
multirocket_fm,InsectEPGRegularTrain,1.0,1.0,1.0,1.0,57.81836724281311,20260228_084058_run4
multirocket_fm,InsectEPGSmallTrain,1.0,1.0,1.0,1.0,61.19970417022705,20260228_084159_run4
multirocket_fm,InsectWingbeatSound,0.6666666666666666,0.6628426692406462,0.6629441687410728,0.6666666666666666,593.1050703525543,20260228_085156_run4
multirocket_fm,ItalyPowerDemand,0.9650145772594753,0.9650139825120466,0.9650790126124769,0.9650145772594753,61.97153997421265,20260228_085300_run4
multirocket_fm,LSST,0.702757502027575,0.6600425293359976,0.685622509391367,0.702757502027575,1139.7785801887512,20260228_091209_run4
multirocket_fm,LargeKitchenAppliances,0.952,0.9521579759534833,0.9531791211108099,0.952,65.1815345287323,20260228_091316_run4
multirocket_fm,Libras,0.9388888888888889,0.938520358868185,0.9465811965811965,0.9388888888888889,660.828813791275,20260228_092417_run4
multirocket_fm,Lightning2,0.8032786885245902,0.799672131147541,0.8125644846956324,0.8032786885245902,61.321012020111084,20260228_092519_run4
multirocket_fm,Lightning7,0.7534246575342466,0.7415408031846389,0.8340048348106366,0.7534246575342466,61.44821786880493,20260228_092620_run4
multirocket_fm,Mallat,0.9756929637526652,0.9755378949408802,0.9786283291909009,0.9756929637526652,69.3349142074585,20260228_092734_run4
multirocket_fm,Meat,1.0,1.0,1.0,1.0,57.58958077430725,20260228_092832_run4
multirocket_fm,MedicalImages,0.8328947368421052,0.8299368820382135,0.8316740288647655,0.8328947368421052,71.03499722480774,20260228_092945_run4
multirocket_fm,MiddlePhalanxOutlineAgeGroup,0.6883116883116883,0.6718723899051767,0.6711625077185718,0.6883116883116883,79.42297625541687,20260228_093105_run4
multirocket_fm,FaceFour,0.9659090909090909,0.9655554875623413,0.9685606060606059,0.9659090909090909,57.84282898902893,20260228_093203_run4
multirocket_fm,FacesUCR,0.9556097560975609,0.9557157037797258,0.9587375031020379,0.9556097560975609,611.0172684192657,20260228_094218_run4
multirocket_fm,EigenWorms,0.9236641221374046,0.925179526433348,0.936699254497567,0.9236641221374046,57.54903554916382,20260228_094316_run4
multirocket_fm,ACSF1,0.93,0.92960431381484,0.9373737373737374,0.93,58.539223432540894,20260228_094907_run5
multirocket_fm,Adiac,0.8363171355498721,0.832633039316369,0.8731057710823019,0.8363171355498721,596.4294583797455,20260228_095905_run5
multirocket_fm,ArrowHead,0.9371428571428572,0.9371408348520286,0.9389734753550543,0.9371428571428572,63.402225494384766,20260228_100008_run5
multirocket_fm,ArticularyWordRecognition,0.9933333333333333,0.9933217391304349,0.9938461538461539,0.9933333333333333,666.1799209117889,20260228_101116_run5
multirocket_fm,AtrialFibrillation,0.13333333333333333,0.14285714285714282,0.2037037037037037,0.13333333333333333,61.9666543006897,20260228_101218_run5
multirocket_fm,BME,1.0,1.0,1.0,1.0,58.14592123031616,20260228_101316_run5
multirocket_fm,BasicMotions,1.0,1.0,1.0,1.0,58.365936279296875,20260228_101415_run5
multirocket_fm,Beef,0.8,0.7991208791208793,0.8357142857142856,0.8,58.26638054847717,20260228_101513_run5
multirocket_fm,BeetleFly,0.95,0.949874686716792,0.9545454545454545,0.95,58.08385109901428,20260228_101611_run5
multirocket_fm,BirdChicken,0.9,0.898989898989899,0.9166666666666667,0.9,58.365410566329956,20260228_101710_run5
multirocket_fm,CBF,0.9988888888888889,0.9988888796908224,0.9988925559222589,0.9988888888888889,61.15531873703003,20260228_101812_run5
multirocket_fm,Car,0.9333333333333333,0.9338562091503267,0.9490196078431372,0.9333333333333333,58.653568983078,20260228_101911_run5
multirocket_fm,Chinatown,0.9766763848396501,0.9768948421352809,0.9778288881690242,0.9766763848396501,58.52417325973511,20260228_102010_run5
multirocket_fm,ChlorineConcentration,0.7197916666666667,0.7016044423567881,0.7317059856312045,0.7197916666666667,111.97707414627075,20260228_102209_run5
multirocket_fm,CinCECGTorso,0.9847826086956522,0.9847869584285617,0.9849294618238202,0.9847826086956522,64.15503811836243,20260228_102316_run5
multirocket_fm,Coffee,1.0,1.0,1.0,1.0,57.99304509162903,20260228_102414_run5
multirocket_fm,Computers,0.86,0.8598183245486151,0.8618759650025734,0.86,60.474101543426514,20260228_102515_run5
multirocket_fm,Cricket,1.0,1.0,1.0,1.0,472.41097950935364,20260228_103308_run5
multirocket_fm,CricketX,0.8128205128205128,0.8099812837924725,0.829921029122631,0.8128205128205128,547.9488141536713,20260228_104217_run5
multirocket_fm,CricketY,0.8384615384615385,0.8375982032742749,0.8414130291121028,0.8384615384615385,546.6137933731079,20260228_105125_run5
multirocket_fm,CricketZ,0.7948717948717948,0.7962059454315307,0.8040533494757356,0.7948717948717948,560.2171432971954,20260228_110047_run5
multirocket_fm,DiatomSizeReduction,0.9967320261437909,0.9967321206075532,0.996767165647621,0.9967320261437909,62.26134991645813,20260228_110517_run5
multirocket_fm,DistalPhalanxOutlineAgeGroup,0.8129496402877698,0.810362390072575,0.8126898481215028,0.8129496402877698,71.55050587654114,20260228_110630_run5
multirocket_fm,DistalPhalanxOutlineCorrect,0.8442028985507246,0.8428634113565621,0.8443276684555755,0.8442028985507246,70.89603734016418,20260228_110742_run5
multirocket_fm,DistalPhalanxTW,0.762589928057554,0.7241325355409821,0.7387035825884747,0.762589928057554,75.35215473175049,20260228_110858_run5
multirocket_fm,ECG200,0.87,0.8686624626617988,0.8690366350067842,0.87,61.347532749176025,20260228_111000_run5
multirocket_fm,ECG5000,0.9462222222222222,0.9406175062159803,0.9366266200909845,0.9462222222222222,101.15678882598877,20260228_111150_run5
multirocket_fm,ECGFiveDays,1.0,1.0,1.0,1.0,64.87999844551086,20260228_111257_run5
multirocket_fm,EOGHorizontalSignal,0.9060773480662984,0.9048142194754559,0.9091577220058106,0.9060773480662984,566.6162869930267,20260228_112225_run5
multirocket_fm,EOGVerticalSignal,0.8480662983425414,0.8439557110099235,0.8484554483176417,0.8480662983425414,578.5201244354248,20260228_113205_run5
multirocket_fm,ERing,0.9851851851851852,0.9852603600338287,0.9857954545454546,0.9851851851851852,62.08795166015625,20260228_113307_run5
multirocket_fm,Earthquakes,0.7338129496402878,0.645283837300935,0.6227151612043699,0.7338129496402878,93.0545380115509,20260228_113441_run5
multirocket_fm,ElectricDevices,0.9186875891583453,0.9190537550979618,0.9202991113810548,0.9186875891583453,391.0147979259491,20260228_114144_run5
multirocket_fm,Epilepsy,1.0,1.0,1.0,1.0,65.47071027755737,20260228_114250_run5
multirocket_fm,EthanolConcentration,0.6083650190114068,0.5930211882069955,0.5913521391729265,0.6083650190114068,63.47887706756592,20260228_114354_run5
multirocket_fm,EthanolLevel,0.83,0.8276088668181034,0.8282778571783654,0.83,71.01507472991943,20260228_114507_run5
multirocket_fm,FaceAll,0.98698224852071,0.9870199900804489,0.9873102488410361,0.98698224852071,667.5930552482605,20260228_115619_run5
multirocket_fm,FiftyWords,0.8,0.7802430053841933,0.7885994543758519,0.8,543.1396949291229,20260228_120524_run5
multirocket_fm,FingerMovements,0.64,0.6391346153846154,0.6429090909090909,0.64,111.81899309158325,20260228_120717_run5
multirocket_fm,Fish,0.9828571428571429,0.982967321051042,0.9837362637362638,0.9828571428571429,68.18360829353333,20260228_120826_run5
multirocket_fm,FordA,0.9636363636363636,0.9636363636363636,0.9636363636363636,0.9636363636363636,124.28976154327393,20260228_121039_run5
multirocket_fm,FordB,0.9567901234567902,0.9567895307278134,0.9570252183077387,0.9567901234567902,117.41991543769836,20260228_121244_run5
multirocket_fm,FreezerRegularTrain,0.9992982456140351,0.9992982456140351,0.9992982456140351,0.9992982456140351,93.40676546096802,20260228_121423_run5
multirocket_fm,FreezerSmallTrain,0.9982456140350877,0.9982456120911676,0.9982478223356852,0.9982456140350877,72.24431490898132,20260228_121540_run5
multirocket_fm,Fungi,0.989247311827957,0.9893966547192353,0.9909015715467329,0.989247311827957,466.8402078151703,20260228_122327_run5
multirocket_fm,GunPoint,1.0,1.0,1.0,1.0,58.36760997772217,20260228_122426_run5
multirocket_fm,GunPointAgeSpan,0.9968354430379747,0.9968355381201592,0.9968555994517455,0.9968354430379747,70.48366618156433,20260228_122537_run5
multirocket_fm,GunPointMaleVersusFemale,1.0,1.0,1.0,1.0,70.24407005310059,20260228_122648_run5
multirocket_fm,GunPointOldVersusYoung,1.0,1.0,1.0,1.0,71.7929413318634,20260228_122800_run5
multirocket_fm,Ham,0.8095238095238095,0.8093506493506495,0.8097667638483964,0.8095238095238095,58.746984004974365,20260228_122859_run5
multirocket_fm,HandMovementDirection,0.40540540540540543,0.41479770965385615,0.44883653707183124,0.40540540540540543,89.37014484405518,20260228_123029_run5
multirocket_fm,HandOutlines,0.9513513513513514,0.9510940748440749,0.9513860317009923,0.9513513513513514,75.50224041938782,20260228_123147_run5
multirocket_fm,Handwriting,0.38941176470588235,0.33978044373427546,0.44228141818369016,0.38941176470588235,514.3976485729218,20260228_124024_run5
multirocket_fm,Haptics,0.525974025974026,0.5185132671196522,0.5427036132693396,0.525974025974026,65.5906331539154,20260228_124130_run5
multirocket_fm,Heartbeat,0.7317073170731707,0.7154830370476888,0.7104101995565412,0.7317073170731707,67.76153111457825,20260228_124239_run5
multirocket_fm,Herring,0.578125,0.5482022708158116,0.5531037414965987,0.578125,57.98768091201782,20260228_124337_run5
multirocket_fm,HouseTwenty,0.957983193277311,0.9581938038373244,0.9618029029793735,0.957983193277311,57.42796277999878,20260228_124435_run5
multirocket_fm,InlineSkate,0.6618181818181819,0.6576809687811976,0.659283154669176,0.6618181818181819,62.13036918640137,20260228_124538_run5
multirocket_fm,InsectEPGRegularTrain,1.0,1.0,1.0,1.0,58.31496834754944,20260228_124637_run5
multirocket_fm,InsectEPGSmallTrain,1.0,1.0,1.0,1.0,58.08826732635498,20260228_124735_run5
multirocket_fm,InsectWingbeatSound,0.6843434343434344,0.6804682462357755,0.6812557237151055,0.6843434343434344,586.8289451599121,20260228_125726_run5
multirocket_fm,ItalyPowerDemand,0.9698736637512148,0.9698721272811779,0.9700190100233407,0.9698736637512148,65.73616003990173,20260228_125834_run5
multirocket_fm,LSST,0.6909975669099757,0.6462742632668598,0.6573897383170758,0.6909975669099757,1138.0524685382843,20260228_131741_run5
multirocket_fm,LargeKitchenAppliances,0.9546666666666667,0.9546192386779893,0.9552108022696258,0.9546666666666667,63.90611910820007,20260228_131846_run5
multirocket_fm,Libras,0.95,0.9506125018298931,0.9565889665889666,0.95,674.9748532772064,20260228_133002_run5
multirocket_fm,Lightning2,0.8524590163934426,0.8504217202928274,0.8604306561128408,0.8524590163934426,61.860039710998535,20260228_133104_run5
multirocket_fm,Lightning7,0.8356164383561644,0.8334351341200655,0.847756601151479,0.8356164383561644,61.571221590042114,20260228_133206_run5
multirocket_fm,Mallat,0.9727078891257995,0.9725335368790686,0.9749397302479615,0.9727078891257995,72.63167572021484,20260228_133323_run5
multirocket_fm,Meat,1.0,1.0,1.0,1.0,61.8831889629364,20260228_133425_run5
multirocket_fm,MedicalImages,0.8197368421052632,0.8181483274145466,0.8231904628938059,0.8197368421052632,72.91058492660522,20260228_133540_run5
multirocket_fm,MiddlePhalanxOutlineAgeGroup,0.6103896103896104,0.5936220566208943,0.6004659792035206,0.6103896103896104,82.36694240570068,20260228_133703_run5
multirocket_fm,FaceFour,0.8863636363636364,0.8823251860969463,0.8995493730407524,0.8863636363636364,57.88689422607422,20260228_133801_run5
multirocket_fm,FacesUCR,0.968780487804878,0.96873314188198,0.9693111981307477,0.968780487804878,620.4912359714508,20260228_134826_run5
multirocket_fm,EigenWorms,0.9465648854961832,0.945556309904792,0.9463680975513036,0.9465648854961832,56.83824586868286,20260228_134923_run5
multirocket_fm,ACSF1,0.85,0.8532615795087191,0.8646697746697747,0.85,58.64637327194214,20260228_135510_run6
multirocket_fm,Adiac,0.8414322250639387,0.8359557532484532,0.8612177514577095,0.8414322250639387,577.6046898365021,20260228_140450_run6
multirocket_fm,ArrowHead,0.8628571428571429,0.863606824548001,0.8658687535164441,0.8628571428571429,61.739628076553345,20260228_140552_run6
multirocket_fm,ArticularyWordRecognition,0.9933333333333333,0.9933217391304349,0.9938461538461539,0.9933333333333333,645.0644874572754,20260228_141638_run6
multirocket_fm,AtrialFibrillation,0.4,0.3824175824175825,0.425,0.4,57.779054164886475,20260228_141736_run6
multirocket_fm,BME,1.0,1.0,1.0,1.0,61.57324028015137,20260228_141838_run6
multirocket_fm,BasicMotions,1.0,1.0,1.0,1.0,61.67817735671997,20260228_141940_run6
multirocket_fm,Beef,0.8333333333333334,0.8351515151515152,0.8666666666666667,0.8333333333333334,61.661625146865845,20260228_142042_run6
multirocket_fm,BeetleFly,0.9,0.898989898989899,0.9166666666666667,0.9,61.63912630081177,20260228_142143_run6
multirocket_fm,BirdChicken,1.0,1.0,1.0,1.0,61.729629039764404,20260228_142245_run6
multirocket_fm,CBF,1.0,1.0,1.0,1.0,64.24824857711792,20260228_142351_run6
multirocket_fm,Car,0.9,0.9018669502540472,0.9200231481481481,0.9,61.85665464401245,20260228_142453_run6
multirocket_fm,Chinatown,0.9591836734693877,0.9597961887189055,0.9623036855553292,0.9591836734693877,58.31815457344055,20260228_142552_run6
multirocket_fm,ChlorineConcentration,0.7385416666666667,0.7204258342270131,0.7513031024226364,0.7385416666666667,108.12071442604065,20260228_142746_run6
multirocket_fm,CinCECGTorso,0.9891304347826086,0.9891572239433687,0.9893653749833771,0.9891304347826086,63.44651961326599,20260228_142852_run6
multirocket_fm,Coffee,1.0,1.0,1.0,1.0,57.67944598197937,20260228_142950_run6
multirocket_fm,Computers,0.9,0.8999215384861732,0.9012583461736003,0.9,59.666402101516724,20260228_143051_run6
multirocket_fm,Cricket,1.0,1.0,1.0,1.0,469.33076453208923,20260228_143840_run6
multirocket_fm,CricketX,0.8589743589743589,0.859366338760902,0.8643587337621055,0.8589743589743589,554.3066873550415,20260228_144756_run6
multirocket_fm,CricketY,0.8307692307692308,0.8296148095630916,0.8344664380089483,0.8307692307692308,540.2076451778412,20260228_145658_run6
multirocket_fm,CricketZ,0.8512820512820513,0.851774755281353,0.8547173550899042,0.8512820512820513,540.2100341320038,20260228_150559_run6
multirocket_fm,DiatomSizeReduction,0.9738562091503268,0.9735188760188762,0.9734013921632518,0.9738562091503268,58.186564922332764,20260228_151023_run6
multirocket_fm,DistalPhalanxOutlineAgeGroup,0.7985611510791367,0.7963180602961736,0.8074573190950677,0.7985611510791367,72.20019149780273,20260228_151136_run6
multirocket_fm,DistalPhalanxOutlineCorrect,0.8442028985507246,0.8434150685367172,0.84375,0.8442028985507246,70.29089188575745,20260228_151248_run6
multirocket_fm,DistalPhalanxTW,0.7050359712230215,0.6757417455438028,0.6524468219377466,0.7050359712230215,73.71979856491089,20260228_151402_run6
multirocket_fm,ECG200,0.88,0.88,0.88,0.88,60.375630140304565,20260228_151503_run6
multirocket_fm,ECG5000,0.9504444444444444,0.9438729547148426,0.942253867981328,0.9504444444444444,99.6314685344696,20260228_151652_run6
multirocket_fm,ECGFiveDays,0.9454123112659698,0.9452316867863465,0.9507573557878436,0.9454123112659698,60.9856162071228,20260228_151755_run6
multirocket_fm,EOGHorizontalSignal,0.8977900552486188,0.8952216461842845,0.8999245476149396,0.8977900552486188,567.3509504795074,20260228_152723_run6
multirocket_fm,EOGVerticalSignal,0.8756906077348067,0.8743152049558781,0.8824512278405288,0.8756906077348067,564.5731573104858,20260228_153649_run6
multirocket_fm,ERing,0.9592592592592593,0.9592574841927812,0.9616300729357422,0.9592592592592593,58.129233598709106,20260228_153748_run6
multirocket_fm,Earthquakes,0.7338129496402878,0.6333323382787546,0.5570550858583206,0.7338129496402878,89.77047300338745,20260228_153919_run6
multirocket_fm,ElectricDevices,0.9180391648294643,0.9179880589423132,0.91972100039512,0.9180391648294643,388.5744733810425,20260228_154619_run6
multirocket_fm,Epilepsy,0.9927536231884058,0.9927478549282573,0.9929443173150269,0.9927536231884058,65.62091183662415,20260228_154725_run6
multirocket_fm,EthanolConcentration,0.7110266159695817,0.6986634834492542,0.7022146162051792,0.7110266159695817,64.37951374053955,20260228_154830_run6
multirocket_fm,EthanolLevel,0.86,0.8562778703289394,0.8584057590488112,0.86,71.29488945007324,20260228_154943_run6
multirocket_fm,FaceAll,0.9822485207100592,0.9822895322072248,0.9827430792178075,0.9822485207100592,665.8626625537872,20260228_160053_run6
multirocket_fm,FiftyWords,0.810989010989011,0.7925795642644802,0.8176334176582903,0.810989010989011,538.722728729248,20260228_160954_run6
multirocket_fm,FingerMovements,0.53,0.5298589858985899,0.530673076923077,0.53,115.97474408149719,20260228_161151_run6
multirocket_fm,Fish,0.9828571428571429,0.9827783838681671,0.983573817486861,0.9828571428571429,69.94896125793457,20260228_161301_run6
multirocket_fm,FordA,0.9545454545454546,0.9545538073966167,0.9546717522544141,0.9545454545454546,126.97240543365479,20260228_161517_run6
multirocket_fm,FordB,0.9407407407407408,0.9407244750239919,0.9409952970384885,0.9407407407407408,119.03599047660828,20260228_161723_run6
multirocket_fm,FreezerRegularTrain,0.9992982456140351,0.9992982456140351,0.9992982456140351,0.9992982456140351,99.02349495887756,20260228_161907_run6
multirocket_fm,FreezerSmallTrain,0.9887719298245614,0.9887706855791962,0.9889886560987325,0.9887719298245614,73.48521423339844,20260228_162026_run6
multirocket_fm,Fungi,1.0,1.0,1.0,1.0,479.4834613800049,20260228_162826_run6
multirocket_fm,GunPoint,0.9933333333333333,0.993333629642799,0.9934222222222221,0.9933333333333333,60.08880352973938,20260228_162926_run6
multirocket_fm,GunPointAgeSpan,1.0,1.0,1.0,1.0,71.33206748962402,20260228_163038_run6
multirocket_fm,GunPointMaleVersusFemale,1.0,1.0,1.0,1.0,72.66646671295166,20260228_163152_run6
multirocket_fm,GunPointOldVersusYoung,1.0,1.0,1.0,1.0,70.7431161403656,20260228_163303_run6
multirocket_fm,Ham,0.819047619047619,0.8183872691490609,0.821486472260238,0.819047619047619,58.6654999256134,20260228_163402_run6
multirocket_fm,HandMovementDirection,0.35135135135135137,0.35504158004158004,0.39834152334152334,0.35135135135135137,88.80645108222961,20260228_163532_run6
multirocket_fm,HandOutlines,0.9432432432432433,0.9431958989774284,0.9431634078692903,0.9432432432432433,76.47086095809937,20260228_163650_run6
multirocket_fm,Handwriting,0.3623529411764706,0.3209765209960209,0.4127957953997788,0.3623529411764706,509.28600811958313,20260228_164521_run6
multirocket_fm,Haptics,0.5454545454545454,0.5227210619178825,0.5708422470196948,0.5454545454545454,63.541149616241455,20260228_164626_run6
multirocket_fm,Heartbeat,0.775609756097561,0.7565424144807485,0.7602787456445993,0.775609756097561,66.70435214042664,20260228_164733_run6
multirocket_fm,Herring,0.65625,0.628125,0.6530357142857144,0.65625,58.16556406021118,20260228_164832_run6
multirocket_fm,HouseTwenty,0.9663865546218487,0.9664689405173833,0.9671053266312265,0.9663865546218487,58.347490310668945,20260228_164930_run6
multirocket_fm,InlineSkate,0.6654545454545454,0.663645853077027,0.6801007536467373,0.6654545454545454,59.58305335044861,20260228_165031_run6
multirocket_fm,InsectEPGRegularTrain,1.0,1.0,1.0,1.0,58.66053891181946,20260228_165130_run6
multirocket_fm,InsectEPGSmallTrain,1.0,1.0,1.0,1.0,60.80132603645325,20260228_165231_run6
multirocket_fm,InsectWingbeatSound,0.6590909090909091,0.6527827737884242,0.6569492480543658,0.6590909090909091,592.4588179588318,20260228_170228_run6
multirocket_fm,ItalyPowerDemand,0.9659863945578231,0.9659777185767389,0.9663799901554795,0.9659863945578231,65.93273305892944,20260228_170336_run6
multirocket_fm,LSST,0.681265206812652,0.6316951310658072,0.6591315759671978,0.681265206812652,1136.0973443984985,20260228_172241_run6
multirocket_fm,LargeKitchenAppliances,0.9546666666666667,0.9547038327526133,0.9549901303659356,0.9546666666666667,61.45027995109558,20260228_172344_run6
multirocket_fm,Libras,0.9277777777777778,0.9270390978337006,0.9446778711484592,0.9277777777777778,637.0589904785156,20260228_173422_run6
multirocket_fm,Lightning2,0.819672131147541,0.8171821025801224,0.8262370109164572,0.819672131147541,58.34523320198059,20260228_173520_run6
multirocket_fm,Lightning7,0.7123287671232876,0.6994929056975793,0.7336921069797783,0.7123287671232876,58.149041414260864,20260228_173619_run6
multirocket_fm,Mallat,0.9833688699360341,0.9833293529044593,0.9846137066568298,0.9833688699360341,69.344158411026,20260228_173732_run6
multirocket_fm,Meat,1.0,1.0,1.0,1.0,57.898009061813354,20260228_173830_run6
multirocket_fm,MedicalImages,0.8184210526315789,0.8063796349684168,0.8108639527606047,0.8184210526315789,70.18377780914307,20260228_173942_run6
multirocket_fm,MiddlePhalanxOutlineAgeGroup,0.6558441558441559,0.645857232688823,0.6430593090934646,0.6558441558441559,78.75448203086853,20260228_174102_run6
multirocket_fm,FaceFour,0.9545454545454546,0.9539354476533494,0.9593939393939394,0.9545454545454546,57.46861672401428,20260228_174200_run6
multirocket_fm,FacesUCR,0.9536585365853658,0.9537012845145887,0.9554780790179767,0.9536585365853658,631.6599917411804,20260228_175235_run6
multirocket_fm,EigenWorms,0.9694656488549618,0.9692166484914576,0.9700508905852417,0.9694656488549618,57.958298444747925,20260228_175334_run6
multirocket_fm,ACSF1,0.88,0.8764688235740867,0.8920598845598845,0.88,61.874335527420044,20260228_175924_run7
multirocket_fm,Adiac,0.8184143222506394,0.8157899316492311,0.8417126422880897,0.8184143222506394,587.8457200527191,20260228_180914_run7
multirocket_fm,ArrowHead,0.84,0.8374327559595266,0.8433378684807256,0.84,57.97873497009277,20260228_181012_run7
multirocket_fm,ArticularyWordRecognition,0.9866666666666667,0.9867665551839464,0.9881318681318683,0.9866666666666667,634.6613652706146,20260228_182048_run7
multirocket_fm,AtrialFibrillation,0.2,0.18518518518518517,0.17857142857142855,0.2,57.79968619346619,20260228_182146_run7
multirocket_fm,BME,1.0,1.0,1.0,1.0,57.82972860336304,20260228_182244_run7
multirocket_fm,BasicMotions,1.0,1.0,1.0,1.0,57.76306676864624,20260228_182342_run7
multirocket_fm,Beef,0.9,0.8993006993006993,0.9028571428571428,0.9,57.80319023132324,20260228_182440_run7
multirocket_fm,BeetleFly,0.95,0.949874686716792,0.9545454545454545,0.95,57.828261613845825,20260228_182537_run7
multirocket_fm,BirdChicken,0.9,0.898989898989899,0.9166666666666667,0.9,57.86860942840576,20260228_182635_run7
multirocket_fm,CBF,1.0,1.0,1.0,1.0,61.346641540527344,20260228_182738_run7
multirocket_fm,Car,0.95,0.9496410256410256,0.9502777777777778,0.95,60.117926359176636,20260228_182839_run7
multirocket_fm,Chinatown,0.9737609329446064,0.9735328886025243,0.9738350895773434,0.9737609329446064,60.56673312187195,20260228_182940_run7
multirocket_fm,ChlorineConcentration,0.7208333333333333,0.7039674242184483,0.7288949281111182,0.7208333333333333,113.48623609542847,20260228_183141_run7
multirocket_fm,CinCECGTorso,0.981159420289855,0.981147145574265,0.9811803635754377,0.981159420289855,68.31682801246643,20260228_183251_run7
multirocket_fm,Coffee,1.0,1.0,1.0,1.0,61.4663519859314,20260228_183353_run7
multirocket_fm,Computers,0.9,0.8999983999743995,0.9000256016385049,0.9,62.769819259643555,20260228_183457_run7
multirocket_fm,Cricket,1.0,1.0,1.0,1.0,475.2597382068634,20260228_184252_run7
multirocket_fm,CricketX,0.8333333333333334,0.8289814697241392,0.8369955179133872,0.8333333333333334,556.4090881347656,20260228_185210_run7
multirocket_fm,CricketY,0.841025641025641,0.8421747198037384,0.8444933086275589,0.841025641025641,536.2759666442871,20260228_190107_run7
multirocket_fm,CricketZ,0.8641025641025641,0.8632658243350851,0.8633165981300073,0.8641025641025641,538.8342456817627,20260228_191008_run7
multirocket_fm,DiatomSizeReduction,0.9640522875816994,0.962669196178324,0.9656748763111606,0.9640522875816994,57.82858228683472,20260228_191426_run7
multirocket_fm,DistalPhalanxOutlineAgeGroup,0.7985611510791367,0.7962404270132282,0.8050544180040583,0.7985611510791367,70.90273070335388,20260228_191538_run7
multirocket_fm,DistalPhalanxOutlineCorrect,0.8586956521739131,0.8582059123343527,0.8582968236582694,0.8586956521739131,69.90311789512634,20260228_191650_run7
multirocket_fm,DistalPhalanxTW,0.7482014388489209,0.7231294063622694,0.7192832932501663,0.7482014388489209,70.84946274757385,20260228_191801_run7
multirocket_fm,ECG200,0.92,0.9194725274725275,0.9197504456327985,0.92,57.868207693099976,20260228_191900_run7
multirocket_fm,ECG5000,0.9466666666666667,0.9393725935052037,0.9368465403769803,0.9466666666666667,107.62623906135559,20260228_192056_run7
multirocket_fm,ECGFiveDays,1.0,1.0,1.0,1.0,60.96849250793457,20260228_192159_run7
multirocket_fm,EOGHorizontalSignal,0.9033149171270718,0.9007464378458317,0.9027977040349336,0.9033149171270718,571.5992894172668,20260228_193132_run7
multirocket_fm,EOGVerticalSignal,0.8397790055248618,0.8372128288464918,0.8408335723244977,0.8397790055248618,568.2994818687439,20260228_194102_run7
multirocket_fm,ERing,0.9703703703703703,0.9705001921441896,0.9718776916451336,0.9703703703703703,57.759318351745605,20260228_194200_run7
multirocket_fm,Earthquakes,0.7338129496402878,0.655959332564822,0.6464903265357639,0.7338129496402878,90.09771633148193,20260228_194331_run7
multirocket_fm,ElectricDevices,0.9153157826481649,0.9156335007229743,0.9181255806858472,0.9153157826481649,431.65103697776794,20260228_195113_run7
multirocket_fm,Epilepsy,0.9927536231884058,0.9927478549282573,0.9929443173150269,0.9927536231884058,65.3424882888794,20260228_195219_run7
multirocket_fm,EthanolConcentration,0.6844106463878327,0.6800673612836999,0.6853073331807323,0.6844106463878327,64.12255120277405,20260228_195324_run7
multirocket_fm,EthanolLevel,0.884,0.883490703879971,0.8830786337658205,0.884,75.03350567817688,20260228_195441_run7
multirocket_fm,FaceAll,0.98698224852071,0.9870181204207681,0.9872542521678959,0.98698224852071,672.7652225494385,20260228_200558_run7
multirocket_fm,FiftyWords,0.7912087912087912,0.7976634495236006,0.8539529993815708,0.7912087912087912,540.7739264965057,20260228_201501_run7
multirocket_fm,FingerMovements,0.49,0.4900510051005101,0.49019999999999997,0.49,110.60097312927246,20260228_201652_run7
multirocket_fm,Fish,0.9828571428571429,0.9830035166968805,0.9838095238095238,0.9828571428571429,66.28109407424927,20260228_201759_run7
multirocket_fm,FordA,0.9575757575757575,0.9575712720661476,0.9575843961774188,0.9575757575757575,130.3946008682251,20260228_202018_run7
multirocket_fm,FordB,0.937037037037037,0.937030797672542,0.9370960002602515,0.937037037037037,126.8572404384613,20260228_202232_run7
multirocket_fm,FreezerRegularTrain,1.0,1.0,1.0,1.0,98.4476113319397,20260228_202416_run7
multirocket_fm,FreezerSmallTrain,0.9940350877192983,0.9940349224816939,0.9940898345153665,0.9940350877192983,75.3968255519867,20260228_202537_run7
multirocket_fm,Fungi,0.9946236559139785,0.994667879660867,0.9950716845878135,0.9946236559139785,490.74090123176575,20260228_203348_run7
multirocket_fm,GunPoint,1.0,1.0,1.0,1.0,57.9921555519104,20260228_203446_run7
multirocket_fm,GunPointAgeSpan,0.9810126582278481,0.9810065696141647,0.9813153019937929,0.9810126582278481,71.38275074958801,20260228_203559_run7
multirocket_fm,GunPointMaleVersusFemale,1.0,1.0,1.0,1.0,74.10289311408997,20260228_203714_run7
multirocket_fm,GunPointOldVersusYoung,1.0,1.0,1.0,1.0,75.64123678207397,20260228_203830_run7
multirocket_fm,Ham,0.819047619047619,0.8189818719748777,0.819064935064935,0.819047619047619,63.30385088920593,20260228_203934_run7
multirocket_fm,HandMovementDirection,0.32432432432432434,0.32285257393616523,0.3254306938517465,0.32432432432432434,92.34959936141968,20260228_204106_run7
multirocket_fm,HandOutlines,0.9513513513513514,0.9510008319619436,0.9516337562051848,0.9513513513513514,76.1495418548584,20260228_204225_run7
multirocket_fm,Handwriting,0.3847058823529412,0.3396146051657138,0.4302458697546931,0.3847058823529412,509.7328517436981,20260228_205057_run7
multirocket_fm,Haptics,0.5454545454545454,0.5278402223753158,0.5633236081789038,0.5454545454545454,62.689563274383545,20260228_205200_run7
multirocket_fm,Heartbeat,0.775609756097561,0.7610047382320958,0.7610162978367504,0.775609756097561,69.60204935073853,20260228_205311_run7
multirocket_fm,Herring,0.625,0.6142629904559915,0.6147727272727272,0.625,58.01524472236633,20260228_205409_run7
multirocket_fm,HouseTwenty,0.9747899159663865,0.9747532760651677,0.9748585148345051,0.9747899159663865,57.67203164100647,20260228_205507_run7
multirocket_fm,InlineSkate,0.64,0.6394694354318653,0.648095180778084,0.64,59.931901693344116,20260228_205608_run7
multirocket_fm,InsectEPGRegularTrain,1.0,1.0,1.0,1.0,58.029855251312256,20260228_205707_run7
multirocket_fm,InsectEPGSmallTrain,1.0,1.0,1.0,1.0,58.029123067855835,20260228_205805_run7
multirocket_fm,InsectWingbeatSound,0.6590909090909091,0.6499778856372013,0.6499625856254276,0.6590909090909091,576.3733596801758,20260228_210745_run7
multirocket_fm,ItalyPowerDemand,0.9650145772594753,0.9650067112967146,0.9653564238328685,0.9650145772594753,65.30550646781921,20260228_210853_run7
multirocket_fm,LSST,0.6788321167883211,0.6270987984164043,0.6384936184331301,0.6788321167883211,1135.3320264816284,20260228_212757_run7
multirocket_fm,LargeKitchenAppliances,0.968,0.9680191045257097,0.9681846463181173,0.968,62.09589099884033,20260228_212900_run7
multirocket_fm,Libras,0.9833333333333333,0.9830408432147563,0.9846153846153846,0.9833333333333333,654.2554814815521,20260228_213955_run7
multirocket_fm,Lightning2,0.8360655737704918,0.8354405514482659,0.836642046478112,0.8360655737704918,57.957836627960205,20260228_214054_run7
multirocket_fm,Lightning7,0.7945205479452054,0.800379639304106,0.8337658470177827,0.7945205479452054,57.845454931259155,20260228_214152_run7
multirocket_fm,Mallat,0.9773987206823028,0.977337136270131,0.9787387908238996,0.9773987206823028,69.35424757003784,20260228_214305_run7
multirocket_fm,Meat,0.9833333333333333,0.9833229101521784,0.9841269841269842,0.9833333333333333,58.08134984970093,20260228_214404_run7
multirocket_fm,MedicalImages,0.8276315789473684,0.8220784388957451,0.8308696227661543,0.8276315789473684,70.8330557346344,20260228_214517_run7
multirocket_fm,MiddlePhalanxOutlineAgeGroup,0.6428571428571429,0.6357126081390788,0.6473151960956839,0.6428571428571429,80.89208984375,20260228_214638_run7
multirocket_fm,FaceFour,0.8977272727272727,0.8911016509023153,0.9127134439634439,0.8977272727272727,61.36686658859253,20260228_214740_run7
multirocket_fm,FacesUCR,0.9560975609756097,0.9563375222102131,0.9576048366935734,0.9560975609756097,606.3174946308136,20260228_215750_run7
multirocket_fm,EigenWorms,0.9694656488549618,0.9696352841391008,0.9701294390972452,0.9694656488549618,56.78935694694519,20260228_215848_run7
multirocket_fm,ACSF1,0.87,0.8618266516092603,0.887074592074592,0.87,58.0953049659729,20260228_220435_run8
multirocket_fm,Adiac,0.8337595907928389,0.8277464502486916,0.8370891540968266,0.8337595907928389,588.5883839130402,20260228_221424_run8
multirocket_fm,ArrowHead,0.92,0.9201167639699751,0.9225850340136055,0.92,61.842721700668335,20260228_221526_run8
multirocket_fm,ArticularyWordRecognition,0.9966666666666667,0.9966608695652174,0.996923076923077,0.9966666666666667,647.4672236442566,20260228_222615_run8
multirocket_fm,AtrialFibrillation,0.26666666666666666,0.26801346801346804,0.2722222222222222,0.26666666666666666,58.12669920921326,20260228_222713_run8
multirocket_fm,BME,1.0,1.0,1.0,1.0,58.52847385406494,20260228_222812_run8
multirocket_fm,BasicMotions,1.0,1.0,1.0,1.0,57.69407391548157,20260228_222910_run8
multirocket_fm,Beef,0.7,0.6856254856254856,0.7092063492063492,0.7,57.804590463638306,20260228_223008_run8
multirocket_fm,BeetleFly,0.9,0.898989898989899,0.9166666666666667,0.9,57.7164785861969,20260228_223106_run8
multirocket_fm,BirdChicken,0.95,0.949874686716792,0.9545454545454545,0.95,57.78542351722717,20260228_223203_run8
multirocket_fm,CBF,0.9988888888888889,0.9988888796908224,0.9988925559222589,0.9988888888888889,60.9646270275116,20260228_223306_run8
multirocket_fm,Car,0.9666666666666667,0.9666666666666667,0.9666666666666667,0.9666666666666667,60.45430660247803,20260228_223407_run8
multirocket_fm,Chinatown,0.9650145772594753,0.9656322211424253,0.968975191154629,0.9650145772594753,58.37957191467285,20260228_223506_run8
multirocket_fm,ChlorineConcentration,0.7372395833333333,0.718749935176897,0.7608154726271317,0.7372395833333333,106.98280215263367,20260228_223700_run8
multirocket_fm,CinCECGTorso,0.9630434782608696,0.9626609398708577,0.96381068250257,0.9630434782608696,65.72886896133423,20260228_223808_run8
multirocket_fm,Coffee,1.0,1.0,1.0,1.0,59.66643571853638,20260228_223908_run8
multirocket_fm,Computers,0.888,0.8879928315412186,0.8880993534344792,0.888,61.17847013473511,20260228_224010_run8
multirocket_fm,Cricket,1.0,1.0,1.0,1.0,487.5213186740875,20260228_224818_run8
multirocket_fm,CricketX,0.841025641025641,0.8390573707670583,0.8532232405495433,0.841025641025641,543.9579439163208,20260228_225723_run8
multirocket_fm,CricketY,0.841025641025641,0.8407200846278492,0.8423957521669341,0.841025641025641,540.7920162677765,20260228_230626_run8
multirocket_fm,CricketZ,0.841025641025641,0.8375342675933186,0.8493184416566905,0.841025641025641,540.1345586776733,20260228_231527_run8
multirocket_fm,DiatomSizeReduction,0.9771241830065359,0.9760297532050195,0.9781483849578478,0.9771241830065359,62.85112810134888,20260228_231956_run8
multirocket_fm,DistalPhalanxOutlineAgeGroup,0.8273381294964028,0.8266336654288046,0.8261546606870348,0.8273381294964028,74.38201069831848,20260228_232112_run8
multirocket_fm,DistalPhalanxOutlineCorrect,0.8586956521739131,0.8574807684396725,0.8591234347048301,0.8586956521739131,68.31008100509644,20260228_232221_run8
multirocket_fm,DistalPhalanxTW,0.7266187050359713,0.7033735803364063,0.6900471363718157,0.7266187050359713,71.43419694900513,20260228_232334_run8
multirocket_fm,ECG200,0.95,0.9494855625622304,0.9508819538670285,0.95,62.9479444026947,20260228_232437_run8
multirocket_fm,ECG5000,0.9468888888888889,0.9415024723419411,0.9391403717495438,0.9468888888888889,102.98624014854431,20260228_232629_run8
multirocket_fm,ECGFiveDays,1.0,1.0,1.0,1.0,60.727744817733765,20260228_232732_run8
multirocket_fm,EOGHorizontalSignal,0.9005524861878453,0.8989512854963134,0.9037786108918704,0.9005524861878453,578.9225969314575,20260228_233712_run8
multirocket_fm,EOGVerticalSignal,0.856353591160221,0.8527484983910331,0.8574690227755627,0.856353591160221,565.6197066307068,20260228_234639_run8
multirocket_fm,ERing,0.9666666666666667,0.9667549785995764,0.9697742474916389,0.9666666666666667,57.57032036781311,20260228_234737_run8
multirocket_fm,Earthquakes,0.7553956834532374,0.6790853031860226,0.7206056050681843,0.7553956834532374,89.22418689727783,20260228_234907_run8
multirocket_fm,ElectricDevices,0.9218000259369732,0.9219578551226285,0.9236493868954494,0.9218000259369732,390.88279819488525,20260228_235610_run8
multirocket_fm,Epilepsy,1.0,1.0,1.0,1.0,64.87990403175354,20260228_235715_run8
multirocket_fm,EthanolConcentration,0.6615969581749049,0.6366635876015565,0.6497153073603609,0.6615969581749049,65.87780261039734,20260228_235822_run8
multirocket_fm,EthanolLevel,0.868,0.8682358436002924,0.8701781410218298,0.868,71.82326006889343,20260228_235935_run8
multirocket_fm,FaceAll,0.9881656804733728,0.9882148003049749,0.9884344695935499,0.9881656804733728,653.0981643199921,20260301_001033_run8
multirocket_fm,FiftyWords,0.8043956043956044,0.7858408690921205,0.8162115997523851,0.8043956043956044,532.6637725830078,20260301_001928_run8
multirocket_fm,FingerMovements,0.55,0.5471510400964726,0.5533251231527093,0.55,112.21469569206238,20260301_002121_run8
multirocket_fm,Fish,0.9771428571428571,0.9770351256043206,0.9778109890109891,0.9771428571428571,66.43476390838623,20260301_002228_run8
multirocket_fm,FordA,0.9575757575757575,0.9575777072192514,0.9575840567429097,0.9575757575757575,125.22761583328247,20260301_002442_run8
multirocket_fm,FordB,0.9395061728395062,0.9394920641695507,0.9403064539656018,0.9395061728395062,118.51677298545837,20260301_002648_run8
multirocket_fm,FreezerRegularTrain,0.9992982456140351,0.9992982452684495,0.9992992291520674,0.9992982456140351,97.7412657737732,20260301_002831_run8
multirocket_fm,FreezerSmallTrain,0.9971929824561403,0.9971929700150103,0.9972017971140392,0.9971929824561403,73.58689641952515,20260301_002950_run8
multirocket_fm,Fungi,0.9946236559139785,0.9946748591909882,0.9952956989247311,0.9946236559139785,480.5335748195648,20260301_003751_run8
multirocket_fm,GunPoint,0.9733333333333334,0.9733238501659556,0.9747008547008547,0.9733333333333334,60.07044458389282,20260301_003851_run8
multirocket_fm,GunPointAgeSpan,0.9810126582278481,0.9810065696141647,0.9813153019937929,0.9810126582278481,71.56708717346191,20260301_004004_run8
multirocket_fm,GunPointMaleVersusFemale,1.0,1.0,1.0,1.0,74.38394904136658,20260301_004119_run8
multirocket_fm,GunPointOldVersusYoung,1.0,1.0,1.0,1.0,71.44412875175476,20260301_004231_run8
multirocket_fm,Ham,0.8285714285714286,0.8285714285714286,0.8285714285714286,0.8285714285714286,58.24137496948242,20260301_004330_run8
multirocket_fm,HandMovementDirection,0.35135135135135137,0.351800995093678,0.39271752429647167,0.35135135135135137,88.12434530258179,20260301_004458_run8
multirocket_fm,HandOutlines,0.9513513513513514,0.9509037511168194,0.9520043199118937,0.9513513513513514,76.12558436393738,20260301_004616_run8
multirocket_fm,Handwriting,0.40588235294117647,0.37982941777874984,0.5043716366446221,0.40588235294117647,527.826648235321,20260301_005506_run8
multirocket_fm,Haptics,0.5909090909090909,0.5771031906985786,0.6111808833118633,0.5909090909090909,65.3025472164154,20260301_005612_run8
multirocket_fm,Heartbeat,0.7121951219512195,0.6973323542063249,0.6904769030161818,0.7121951219512195,74.66679978370667,20260301_005728_run8
multirocket_fm,Herring,0.625,0.6187499999999999,0.6174242424242424,0.625,59.784164905548096,20260301_005828_run8
multirocket_fm,HouseTwenty,0.9831932773109243,0.9831932773109243,0.9831932773109243,0.9831932773109243,60.003315925598145,20260301_005928_run8
multirocket_fm,InlineSkate,0.6218181818181818,0.6234489950637374,0.6494995700740627,0.6218181818181818,61.52679896354675,20260301_010031_run8
multirocket_fm,InsectEPGRegularTrain,1.0,1.0,1.0,1.0,58.19286394119263,20260301_010129_run8
multirocket_fm,InsectEPGSmallTrain,1.0,1.0,1.0,1.0,58.27975034713745,20260301_010228_run8
multirocket_fm,InsectWingbeatSound,0.6712121212121213,0.6665155285613333,0.6654322583898049,0.6712121212121213,573.6575272083282,20260301_011206_run8
multirocket_fm,ItalyPowerDemand,0.9708454810495627,0.9708453709119821,0.9708746020859297,0.9708454810495627,62.235589265823364,20260301_011310_run8
multirocket_fm,LSST,0.6816707218167072,0.6462191784556743,0.6515640714742182,0.6816707218167072,1140.824116230011,20260301_013219_run8
multirocket_fm,LargeKitchenAppliances,0.952,0.9519781116497864,0.9519764464925755,0.952,62.43876242637634,20260301_013323_run8
multirocket_fm,Libras,0.9666666666666667,0.9668138238573022,0.9699633699633698,0.9666666666666667,650.5889403820038,20260301_014414_run8
multirocket_fm,Lightning2,0.7377049180327869,0.7264508384289305,0.7599440843817512,0.7377049180327869,59.90569353103638,20260301_014514_run8
multirocket_fm,Lightning7,0.863013698630137,0.8623046574698469,0.8775674295924445,0.863013698630137,61.60297894477844,20260301_014616_run8
multirocket_fm,Mallat,0.9641791044776119,0.9636935442905593,0.9696487964079323,0.9641791044776119,72.9034788608551,20260301_014733_run8
multirocket_fm,Meat,0.9833333333333333,0.9833229101521785,0.9841269841269842,0.9833333333333333,61.233895778656006,20260301_014835_run8
multirocket_fm,MedicalImages,0.8289473684210527,0.8283392714495738,0.8375995018681256,0.8289473684210527,68.95539402961731,20260301_014946_run8
multirocket_fm,MiddlePhalanxOutlineAgeGroup,0.6493506493506493,0.6440061528296822,0.6581435727777191,0.6493506493506493,77.1229133605957,20260301_015104_run8
multirocket_fm,FaceFour,0.8977272727272727,0.8927864435604654,0.9181063508649715,0.8977272727272727,59.67295002937317,20260301_015204_run8
multirocket_fm,FacesUCR,0.9556097560975609,0.9556214286048371,0.9580096205713375,0.9556097560975609,605.3703758716583,20260301_020214_run8
multirocket_fm,EigenWorms,0.9541984732824428,0.9549093774240781,0.9591803937324226,0.9541984732824428,56.94723081588745,20260301_020311_run8
multirocket_fm,ACSF1,0.86,0.8581565807100873,0.8663170163170163,0.86,58.04770803451538,20260301_020858_run9
multirocket_fm,Adiac,0.8132992327365729,0.8133043819084288,0.8638165734279533,0.8132992327365729,588.4551749229431,20260301_021848_run9
multirocket_fm,ArrowHead,0.9028571428571428,0.9031192555576826,0.9075452777399917,0.9028571428571428,57.847883224487305,20260301_021946_run9
multirocket_fm,ArticularyWordRecognition,0.98,0.9795563740607218,0.9824175824175825,0.98,647.9312226772308,20260301_023035_run9
multirocket_fm,AtrialFibrillation,0.5333333333333333,0.523905723905724,0.5222222222222223,0.5333333333333333,61.52638006210327,20260301_023137_run9
multirocket_fm,BME,1.0,1.0,1.0,1.0,61.69162607192993,20260301_023239_run9
multirocket_fm,BasicMotions,1.0,1.0,1.0,1.0,61.41703224182129,20260301_023341_run9
multirocket_fm,Beef,0.7666666666666667,0.758095238095238,0.7666666666666667,0.7666666666666667,62.7693247795105,20260301_023443_run9
multirocket_fm,BeetleFly,0.8,0.7916666666666667,0.8571428571428571,0.8,62.86890387535095,20260301_023546_run9
multirocket_fm,BirdChicken,1.0,1.0,1.0,1.0,62.92227125167847,20260301_023649_run9
multirocket_fm,CBF,0.9988888888888889,0.9988888796908224,0.9988925559222589,0.9988888888888889,64.57223749160767,20260301_023756_run9
multirocket_fm,Car,0.9,0.9012345679012346,0.9035714285714286,0.9,61.64409780502319,20260301_023857_run9
multirocket_fm,Chinatown,0.9737609329446064,0.9740448503655619,0.9752930898708744,0.9737609329446064,60.625527143478394,20260301_023959_run9
multirocket_fm,ChlorineConcentration,0.7348958333333333,0.7121120082898733,0.7649437761193657,0.7348958333333333,106.37898397445679,20260301_024152_run9
multirocket_fm,CinCECGTorso,0.9985507246376811,0.9985506703088701,0.9985589591567852,0.9985507246376811,63.49190974235535,20260301_024258_run9
multirocket_fm,Coffee,1.0,1.0,1.0,1.0,57.65296459197998,20260301_024356_run9
multirocket_fm,Computers,0.888,0.8879713206580884,0.8883977192645268,0.888,59.740830183029175,20260301_024456_run9
multirocket_fm,Cricket,1.0,1.0,1.0,1.0,470.12910771369934,20260301_025247_run9
multirocket_fm,CricketX,0.882051282051282,0.8801008170923348,0.8918818136502902,0.882051282051282,538.0502779483795,20260301_030146_run9
multirocket_fm,CricketY,0.8333333333333334,0.8310025137134895,0.8387446591627352,0.8333333333333334,552.9731833934784,20260301_031100_run9
multirocket_fm,CricketZ,0.8564102564102564,0.8559064325743877,0.85781746060869,0.8564102564102564,539.3671169281006,20260301_032001_run9
multirocket_fm,DiatomSizeReduction,0.9052287581699346,0.8744213174953213,0.9275731973006006,0.9052287581699346,58.311036825180054,20260301_032423_run9
multirocket_fm,DistalPhalanxOutlineAgeGroup,0.8057553956834532,0.8052891785308838,0.8077660809882827,0.8057553956834532,71.15268683433533,20260301_032535_run9
multirocket_fm,DistalPhalanxOutlineCorrect,0.8333333333333334,0.8323505323505324,0.8328171947870007,0.8333333333333334,69.64275550842285,20260301_032647_run9
multirocket_fm,DistalPhalanxTW,0.6906474820143885,0.6647194101746899,0.6454381948986265,0.6906474820143885,74.81526350975037,20260301_032802_run9
multirocket_fm,ECG200,0.92,0.9194725274725275,0.9197504456327985,0.92,61.360421895980835,20260301_032904_run9
multirocket_fm,ECG5000,0.9473333333333334,0.9410270850457034,0.9391551886634117,0.9473333333333334,99.395028591156,20260301_033053_run9
multirocket_fm,ECGFiveDays,1.0,1.0,1.0,1.0,61.25245475769043,20260301_033156_run9
multirocket_fm,EOGHorizontalSignal,0.8950276243093923,0.8942330058714444,0.8970031650968258,0.8950276243093923,561.5851314067841,20260301_034119_run9
multirocket_fm,EOGVerticalSignal,0.8756906077348067,0.8739843770723527,0.8760732567262395,0.8756906077348067,570.8106353282928,20260301_035051_run9
multirocket_fm,ERing,0.9777777777777777,0.9778769486119523,0.9793023592415689,0.9777777777777777,61.123233795166016,20260301_035153_run9
multirocket_fm,Earthquakes,0.7410071942446043,0.660207968079318,0.6646623000107377,0.7410071942446043,93.44348335266113,20260301_035327_run9
multirocket_fm,ElectricDevices,0.917001685903255,0.9171372321664215,0.9182817151435482,0.917001685903255,393.98607444763184,20260301_040033_run9
multirocket_fm,Epilepsy,0.9927536231884058,0.9927478549282573,0.9929443173150269,0.9927536231884058,66.31405568122864,20260301_040139_run9
multirocket_fm,EthanolConcentration,0.6349809885931559,0.6177989311069159,0.6150982256020279,0.6349809885931559,65.43779373168945,20260301_040246_run9
multirocket_fm,EthanolLevel,0.882,0.8816138095852498,0.8816333078686021,0.882,73.79964089393616,20260301_040401_run9
multirocket_fm,FaceAll,0.9798816568047337,0.9806600507966099,0.9826639724972229,0.9798816568047337,656.0942437648773,20260301_041502_run9
multirocket_fm,FiftyWords,0.7670329670329671,0.7652382919707021,0.8059468498037206,0.7670329670329671,538.799174785614,20260301_042403_run9
multirocket_fm,FingerMovements,0.47,0.469840856771094,0.469775641025641,0.47,110.51058006286621,20260301_042554_run9
multirocket_fm,Fish,0.9885714285714285,0.9885725578025163,0.9890109890109892,0.9885714285714285,68.51078581809998,20260301_042703_run9
multirocket_fm,FordA,0.9643939393939394,0.9643963323856929,0.9644086949220932,0.9643939393939394,128.05531573295593,20260301_042919_run9
multirocket_fm,FordB,0.9308641975308642,0.9308620897320085,0.930871334414255,0.9308641975308642,117.6525616645813,20260301_043125_run9
multirocket_fm,FreezerRegularTrain,0.9992982456140351,0.9992982456140351,0.9992982456140351,0.9992982456140351,96.06144499778748,20260301_043306_run9
multirocket_fm,FreezerSmallTrain,0.9947368421052631,0.994736732595606,0.9947780203067684,0.9947368421052631,72.2402880191803,20260301_043424_run9
multirocket_fm,Fungi,0.967741935483871,0.9678549573514168,0.9708088954056696,0.967741935483871,463.772664308548,20260301_044208_run9
multirocket_fm,GunPoint,0.9933333333333333,0.993333629642799,0.9934222222222221,0.9933333333333333,58.008946657180786,20260301_044306_run9
multirocket_fm,GunPointAgeSpan,1.0,1.0,1.0,1.0,70.01229000091553,20260301_044417_run9
multirocket_fm,GunPointMaleVersusFemale,1.0,1.0,1.0,1.0,70.3139181137085,20260301_044528_run9
multirocket_fm,GunPointOldVersusYoung,1.0,1.0,1.0,1.0,69.91601181030273,20260301_044639_run9
multirocket_fm,Ham,0.8380952380952381,0.8379483324043709,0.8416180758017493,0.8380952380952381,59.13754057884216,20260301_044738_run9
multirocket_fm,HandMovementDirection,0.25675675675675674,0.2691972369391724,0.3040871754107048,0.25675675675675674,90.95202302932739,20260301_044910_run9
multirocket_fm,HandOutlines,0.9432432432432433,0.9429958213919051,0.9431245811927631,0.9432432432432433,78.62999868392944,20260301_045031_run9
multirocket_fm,Handwriting,0.3976470588235294,0.3452211476259603,0.39525581441324636,0.3976470588235294,513.8547196388245,20260301_045907_run9
multirocket_fm,Haptics,0.538961038961039,0.5062895323565489,0.6006715887668398,0.538961038961039,62.233691692352295,20260301_050010_run9
multirocket_fm,Heartbeat,0.7804878048780488,0.7726989087986449,0.7701067781801689,0.7804878048780488,64.25700831413269,20260301_050115_run9
multirocket_fm,Herring,0.609375,0.5359848484848485,0.5967261904761905,0.609375,58.85300636291504,20260301_050214_run9
multirocket_fm,HouseTwenty,0.9747899159663865,0.9747532760651677,0.9748585148345051,0.9747899159663865,60.57190537452698,20260301_050315_run9
multirocket_fm,InlineSkate,0.6854545454545454,0.681190652065668,0.6850021766995446,0.6854545454545454,63.29609251022339,20260301_050419_run9
multirocket_fm,InsectEPGRegularTrain,1.0,1.0,1.0,1.0,61.60173273086548,20260301_050521_run9
multirocket_fm,InsectEPGSmallTrain,1.0,1.0,1.0,1.0,61.32894277572632,20260301_050623_run9
multirocket_fm,InsectWingbeatSound,0.6803030303030303,0.6760682586490804,0.6815699944849171,0.6803030303030303,593.0526716709137,20260301_051620_run9
multirocket_fm,ItalyPowerDemand,0.9591836734693877,0.9591675548611099,0.9600296829163387,0.9591836734693877,65.73039627075195,20260301_051728_run9
multirocket_fm,LSST,0.7064071370640713,0.665399662566978,0.6904251758086287,0.7064071370640713,1151.20832157135,20260301_053648_run9
multirocket_fm,LargeKitchenAppliances,0.9493333333333334,0.9495063661700968,0.9508547008547008,0.9493333333333334,61.25282883644104,20260301_053751_run9
multirocket_fm,Libras,0.95,0.9494840714840715,0.9537118437118436,0.95,660.9322829246521,20260301_054852_run9
multirocket_fm,Lightning2,0.7704918032786885,0.7606444836253141,0.798026009234549,0.7704918032786885,61.886948108673096,20260301_054955_run9
multirocket_fm,Lightning7,0.7671232876712328,0.7636619342678714,0.8121119874544532,0.7671232876712328,62.01970314979553,20260301_055057_run9
multirocket_fm,Mallat,0.971002132196162,0.9708690154332908,0.9730542368004603,0.971002132196162,72.70867085456848,20260301_055214_run9
multirocket_fm,Meat,1.0,1.0,1.0,1.0,61.47329378128052,20260301_055315_run9
multirocket_fm,MedicalImages,0.8078947368421052,0.8056354707971242,0.806484477892607,0.8078947368421052,71.77875900268555,20260301_055429_run9
multirocket_fm,MiddlePhalanxOutlineAgeGroup,0.7207792207792207,0.6960984069301284,0.7106464600582248,0.7207792207792207,79.89409327507019,20260301_055550_run9
multirocket_fm,FaceFour,0.8522727272727273,0.8508021390374332,0.8510227272727273,0.8522727272727273,58.07562208175659,20260301_055649_run9
multirocket_fm,FacesUCR,0.9678048780487805,0.9677022254431127,0.9691939148828832,0.9678048780487805,606.276281118393,20260301_060659_run9
multirocket_fm,EigenWorms,0.9618320610687023,0.9619270306293206,0.9627119064141965,0.9618320610687023,57.104954957962036,20260301_060756_run9
multirocket_fm,ACSF1,0.91,0.9061080732133362,0.9191919191919191,0.91,58.56445550918579,20260301_061343_run10
multirocket_fm,Adiac,0.8388746803069054,0.8366509071861656,0.8513242040209091,0.8388746803069054,587.5551111698151,20260301_062332_run10
multirocket_fm,ArrowHead,0.9085714285714286,0.9084839650145773,0.9137513745372423,0.9085714285714286,61.50751757621765,20260301_062434_run10
multirocket_fm,ArticularyWordRecognition,0.9933333333333333,0.9933217391304349,0.9938461538461539,0.9933333333333333,648.1393547058105,20260301_063523_run10
multirocket_fm,AtrialFibrillation,0.3333333333333333,0.3333333333333333,0.34523809523809523,0.3333333333333333,58.31096386909485,20260301_063622_run10
multirocket_fm,BME,1.0,1.0,1.0,1.0,57.76148247718811,20260301_063720_run10
multirocket_fm,BasicMotions,1.0,1.0,1.0,1.0,57.495200872421265,20260301_063817_run10
multirocket_fm,Beef,0.7666666666666667,0.7318181818181818,0.8450000000000001,0.7666666666666667,58.214821338653564,20260301_063916_run10
multirocket_fm,BeetleFly,0.9,0.898989898989899,0.9166666666666667,0.9,57.96454095840454,20260301_064014_run10
multirocket_fm,BirdChicken,1.0,1.0,1.0,1.0,57.99620199203491,20260301_064112_run10
multirocket_fm,CBF,0.9988888888888889,0.9988888796908224,0.9988925559222589,0.9988888888888889,60.74093699455261,20260301_064214_run10
multirocket_fm,Car,0.9833333333333333,0.9834167500834167,0.9845238095238095,0.9833333333333333,57.86055064201355,20260301_064312_run10
multirocket_fm,Chinatown,0.9737609329446064,0.9741188386893749,0.9760536669591554,0.9737609329446064,58.229002475738525,20260301_064411_run10
multirocket_fm,ChlorineConcentration,0.7458333333333333,0.7313653444903191,0.7591605868481902,0.7458333333333333,110.58068370819092,20260301_064608_run10
multirocket_fm,CinCECGTorso,0.9855072463768116,0.9854609808994989,0.9861582495739928,0.9855072463768116,64.55373692512512,20260301_064715_run10
multirocket_fm,Coffee,1.0,1.0,1.0,1.0,57.979918003082275,20260301_064813_run10
multirocket_fm,Computers,0.864,0.863921618852459,0.86484059272564,0.864,58.90258431434631,20260301_064913_run10
multirocket_fm,Cricket,1.0,1.0,1.0,1.0,473.5644772052765,20260301_065707_run10
multirocket_fm,CricketX,0.8282051282051283,0.8274482477180246,0.8381564794785719,0.8282051282051283,556.116482257843,20260301_070624_run10
multirocket_fm,CricketY,0.8384615384615385,0.837246316468633,0.841252714555406,0.8384615384615385,545.3270840644836,20260301_071531_run10
multirocket_fm,CricketZ,0.8384615384615385,0.8400555431577356,0.8434866624006077,0.8384615384615385,542.4579517841339,20260301_072435_run10
multirocket_fm,DiatomSizeReduction,0.9313725490196079,0.9304332459939834,0.9359521415403768,0.9313725490196079,57.61688709259033,20260301_072855_run10
multirocket_fm,DistalPhalanxOutlineAgeGroup,0.7769784172661871,0.7766019715055905,0.7763168775324569,0.7769784172661871,71.50626397132874,20260301_073007_run10
multirocket_fm,DistalPhalanxOutlineCorrect,0.8333333333333334,0.832625580720093,0.8327290373381678,0.8333333333333334,70.02699089050293,20260301_073119_run10
multirocket_fm,DistalPhalanxTW,0.7410071942446043,0.720329196521266,0.7024253782611802,0.7410071942446043,71.91804075241089,20260301_073232_run10
multirocket_fm,ECG200,0.89,0.887963191560992,0.8909583917718561,0.89,60.00149059295654,20260301_073332_run10
multirocket_fm,ECG5000,0.9491111111111111,0.943147591389329,0.9396788241547488,0.9491111111111111,98.6455864906311,20260301_073520_run10
multirocket_fm,ECGFiveDays,1.0,1.0,1.0,1.0,64.40401768684387,20260301_073626_run10
multirocket_fm,EOGHorizontalSignal,0.8812154696132597,0.8787462099108545,0.8807400619260379,0.8812154696132597,564.5266799926758,20260301_074552_run10
multirocket_fm,EOGVerticalSignal,0.8480662983425414,0.8455224363465744,0.8445147894789224,0.8480662983425414,568.2158041000366,20260301_075522_run10
multirocket_fm,ERing,0.9888888888888889,0.9888847717987923,0.9892846130126427,0.9888888888888889,62.02113151550293,20260301_075624_run10
multirocket_fm,Earthquakes,0.7050359712230215,0.6187657468961539,0.5513063233623626,0.7050359712230215,89.67044639587402,20260301_075755_run10
multirocket_fm,ElectricDevices,0.9211516016080923,0.9213806809601245,0.9224341202866763,0.9211516016080923,390.3025403022766,20260301_080457_run10
multirocket_fm,Epilepsy,0.9855072463768116,0.9854480654409637,0.986250464511334,0.9855072463768116,65.7367889881134,20260301_080603_run10
multirocket_fm,EthanolConcentration,0.6653992395437263,0.6514095569107328,0.6525845902955753,0.6653992395437263,63.69815230369568,20260301_080708_run10
multirocket_fm,EthanolLevel,0.882,0.8810710892578256,0.8805583294087203,0.882,73.50993800163269,20260301_080823_run10
multirocket_fm,FaceAll,0.9857988165680474,0.9858613023451364,0.9863476750311491,0.9857988165680474,647.5836555957794,20260301_081915_run10
multirocket_fm,FiftyWords,0.7714285714285715,0.7533816077332555,0.7690606939933067,0.7714285714285715,537.4753971099854,20260301_082815_run10
multirocket_fm,FingerMovements,0.57,0.5637756857981577,0.5773938879456706,0.57,113.21528482437134,20260301_083009_run10
multirocket_fm,Fish,0.9828571428571429,0.9830062184868165,0.9840579710144927,0.9828571428571429,68.54213905334473,20260301_083118_run10
multirocket_fm,FordA,0.9583333333333334,0.9583438818020401,0.9588395316804408,0.9583333333333334,125.42728972434998,20260301_083332_run10
multirocket_fm,FordB,0.9419753086419753,0.9419745126916351,0.9422063384522734,0.9419753086419753,119.23232984542847,20260301_083539_run10
multirocket_fm,FreezerRegularTrain,0.9992982456140351,0.9992982456140351,0.9992982456140351,0.9992982456140351,99.42916345596313,20260301_083723_run10
multirocket_fm,FreezerSmallTrain,0.9964912280701754,0.9964912125187628,0.9965000302867788,0.9964912280701754,75.1943347454071,20260301_083843_run10
multirocket_fm,Fungi,1.0,1.0,1.0,1.0,465.34548807144165,20260301_084629_run10
multirocket_fm,GunPoint,0.9933333333333333,0.993333629642799,0.9934222222222221,0.9933333333333333,57.972193241119385,20260301_084728_run10
multirocket_fm,GunPointAgeSpan,0.9936708860759493,0.9936708860759493,0.9936708860759493,0.9936708860759493,72.1945128440857,20260301_084841_run10
multirocket_fm,GunPointMaleVersusFemale,1.0,1.0,1.0,1.0,74.42126226425171,20260301_084956_run10
multirocket_fm,GunPointOldVersusYoung,1.0,1.0,1.0,1.0,73.99835467338562,20260301_085111_run10
multirocket_fm,Ham,0.7904761904761904,0.7902857142857144,0.79067055393586,0.7904761904761904,62.33114957809448,20260301_085213_run10
multirocket_fm,HandMovementDirection,0.35135135135135137,0.34035709918062856,0.4277501185395922,0.35135135135135137,92.07714176177979,20260301_085346_run10
multirocket_fm,HandOutlines,0.9567567567567568,0.9566838037426274,0.9566714691311453,0.9567567567567568,77.44348573684692,20260301_085506_run10
multirocket_fm,Handwriting,0.4176470588235294,0.3953718569244147,0.47592573324261433,0.4176470588235294,510.2479636669159,20260301_090338_run10
multirocket_fm,Haptics,0.5681818181818182,0.5321569841882302,0.5845253347324264,0.5681818181818182,62.59038209915161,20260301_090441_run10
multirocket_fm,Heartbeat,0.7804878048780488,0.765156794425087,0.7665400905506062,0.7804878048780488,71.58626365661621,20260301_090554_run10
multirocket_fm,Herring,0.640625,0.6069756554307116,0.6341911764705883,0.640625,57.95661163330078,20260301_090652_run10
multirocket_fm,HouseTwenty,0.9915966386554622,0.991584425355056,0.99171668667467,0.9915966386554622,57.92184662818909,20260301_090750_run10
multirocket_fm,InlineSkate,0.5945454545454546,0.5878449137993639,0.598196775355983,0.5945454545454546,59.563639879226685,20260301_090851_run10
multirocket_fm,InsectEPGRegularTrain,1.0,1.0,1.0,1.0,57.87153506278992,20260301_090949_run10
multirocket_fm,InsectEPGSmallTrain,1.0,1.0,1.0,1.0,57.88144016265869,20260301_091048_run10
multirocket_fm,InsectWingbeatSound,0.6782828282828283,0.6710486332630304,0.6747770853359636,0.6782828282828283,576.4374182224274,20260301_092028_run10
multirocket_fm,ItalyPowerDemand,0.9475218658892128,0.9475219650130353,0.9475292230795943,0.9475218658892128,65.68560934066772,20260301_092136_run10
multirocket_fm,LSST,0.6881589618815896,0.6437375518072518,0.6479751824689146,0.6881589618815896,1142.5868582725525,20260301_094047_run10
multirocket_fm,LargeKitchenAppliances,0.952,0.9520831983412169,0.9527310924369747,0.952,62.7202684879303,20260301_094151_run10
multirocket_fm,Libras,0.9388888888888889,0.9376636600114863,0.9446275946275946,0.9388888888888889,665.1169703006744,20260301_095257_run10
multirocket_fm,Lightning2,0.8032786885245902,0.8013330931363719,0.8065278393147246,0.8032786885245902,58.165043115615845,20260301_095355_run10
multirocket_fm,Lightning7,0.821917808219178,0.8220204829961542,0.841025222874538,0.821917808219178,58.58002281188965,20260301_095454_run10
multirocket_fm,Mallat,0.9782515991471216,0.9782250833461612,0.9789080478552858,0.9782515991471216,68.95346975326538,20260301_095608_run10
multirocket_fm,Meat,0.9666666666666667,0.9665831244778613,0.9696969696969696,0.9666666666666667,58.060741662979126,20260301_095706_run10
multirocket_fm,MedicalImages,0.8289473684210527,0.8155763676579618,0.8178400004983437,0.8289473684210527,68.90768337249756,20260301_095817_run10
multirocket_fm,MiddlePhalanxOutlineAgeGroup,0.6753246753246753,0.6662900668285492,0.6758827912990015,0.6753246753246753,78.45237755775452,20260301_095936_run10
multirocket_fm,FaceFour,0.8863636363636364,0.8823560337637101,0.8896254208754208,0.8863636363636364,58.43278169631958,20260301_100035_run10
multirocket_fm,FacesUCR,0.9390243902439024,0.9396289046804578,0.9449156645058675,0.9390243902439024,609.9125390052795,20260301_101049_run10
multirocket_fm,EigenWorms,0.9618320610687023,0.9620698364868125,0.9629773601248088,0.9618320610687023,57.39003658294678,20260301_101147_run10
multirocket_fm,ACSF1,0.89,0.8860253128364584,0.8924819624819623,0.89,62.765963315963745,20260301_101740_run11
multirocket_fm,Adiac,0.8337595907928389,0.8242722413445308,0.8645801372615208,0.8337595907928389,597.6832945346832,20260301_102740_run11
multirocket_fm,ArrowHead,0.8514285714285714,0.8496301919902557,0.8560255920550038,0.8514285714285714,61.801684856414795,20260301_102842_run11
multirocket_fm,ArticularyWordRecognition,0.9866666666666667,0.9866434782608697,0.9876923076923078,0.9866666666666667,647.0207290649414,20260301_103930_run11
multirocket_fm,AtrialFibrillation,0.26666666666666666,0.25925925925925924,0.2619047619047619,0.26666666666666666,57.76453733444214,20260301_104028_run11
multirocket_fm,BME,1.0,1.0,1.0,1.0,58.168243408203125,20260301_104126_run11
multirocket_fm,BasicMotions,1.0,1.0,1.0,1.0,57.55489778518677,20260301_104224_run11
multirocket_fm,Beef,0.8333333333333334,0.829004329004329,0.8366666666666667,0.8333333333333334,57.636646032333374,20260301_104322_run11
multirocket_fm,BeetleFly,1.0,1.0,1.0,1.0,57.58763003349304,20260301_104420_run11
multirocket_fm,BirdChicken,0.95,0.949874686716792,0.9545454545454545,0.95,57.92536211013794,20260301_104518_run11
multirocket_fm,CBF,1.0,1.0,1.0,1.0,60.734060287475586,20260301_104620_run11
multirocket_fm,Car,0.9166666666666666,0.9173789173789174,0.9215476190476191,0.9166666666666666,57.69874596595764,20260301_104718_run11
multirocket_fm,Chinatown,0.9620991253644315,0.9626161003290971,0.9646826969345298,0.9620991253644315,58.099717140197754,20260301_104816_run11
multirocket_fm,ChlorineConcentration,0.7421875,0.7228383753080525,0.7509854889503862,0.7421875,110.90877866744995,20260301_105015_run11
multirocket_fm,CinCECGTorso,0.8869565217391304,0.8778271989938936,0.9031556375295894,0.8869565217391304,65.86474537849426,20260301_105123_run11
multirocket_fm,Coffee,1.0,1.0,1.0,1.0,59.856088399887085,20260301_105223_run11
multirocket_fm,Computers,0.912,0.9119774662313552,0.9124223204561472,0.912,61.27581214904785,20260301_105325_run11
multirocket_fm,Cricket,1.0,1.0,1.0,1.0,466.62269401550293,20260301_110112_run11
multirocket_fm,CricketX,0.841025641025641,0.8403216573760753,0.855675290658653,0.841025641025641,553.755607843399,20260301_111027_run11
multirocket_fm,CricketY,0.8384615384615385,0.8369871817465081,0.83930229269611,0.8384615384615385,546.581556558609,20260301_111935_run11
multirocket_fm,CricketZ,0.8435897435897436,0.8439023409534272,0.8482614738916664,0.8435897435897436,544.7935862541199,20260301_112841_run11
multirocket_fm,DiatomSizeReduction,0.9738562091503268,0.9731451098061102,0.9750474595934295,0.9738562091503268,61.73717761039734,20260301_113309_run11
multirocket_fm,DistalPhalanxOutlineAgeGroup,0.7841726618705036,0.7833099867008131,0.783223134009378,0.7841726618705036,72.93157410621643,20260301_113423_run11
multirocket_fm,DistalPhalanxOutlineCorrect,0.8478260869565217,0.8463714772290282,0.8482799259217689,0.8478260869565217,68.9242103099823,20260301_113533_run11
multirocket_fm,DistalPhalanxTW,0.7122302158273381,0.6790565545060823,0.6640804632041873,0.7122302158273381,72.56530165672302,20260301_113647_run11
multirocket_fm,ECG200,0.94,0.9386160108548168,0.9451428571428571,0.94,60.510990619659424,20260301_113748_run11
multirocket_fm,ECG5000,0.9513333333333334,0.9441269221826192,0.9432039364571796,0.9513333333333334,101.96887874603271,20260301_113939_run11
multirocket_fm,ECGFiveDays,0.9465737514518002,0.9464040823226388,0.9517044559052807,0.9465737514518002,64.50391292572021,20260301_114045_run11
multirocket_fm,EOGHorizontalSignal,0.9281767955801105,0.9275140931757141,0.9288375211773446,0.9281767955801105,574.7531032562256,20260301_115021_run11
multirocket_fm,EOGVerticalSignal,0.8425414364640884,0.8434709268045815,0.8469627729764645,0.8425414364640884,565.238570690155,20260301_115948_run11
multirocket_fm,ERing,0.9666666666666667,0.967003890204942,0.9681401101666882,0.9666666666666667,58.18673825263977,20260301_120046_run11
multirocket_fm,Earthquakes,0.7266187050359713,0.6413306329726135,0.6087189949532911,0.7266187050359713,90.2660882472992,20260301_120217_run11
multirocket_fm,ElectricDevices,0.9186875891583453,0.9189351234061977,0.9201644339290235,0.9186875891583453,391.03992319107056,20260301_120920_run11
multirocket_fm,Epilepsy,1.0,1.0,1.0,1.0,67.25356841087341,20260301_121028_run11
multirocket_fm,EthanolConcentration,0.6615969581749049,0.6432689445803632,0.6451381624580481,0.6615969581749049,65.49438643455505,20260301_121134_run11
multirocket_fm,EthanolLevel,0.868,0.8692403148809332,0.8714977986952073,0.868,71.58505153656006,20260301_121247_run11
multirocket_fm,FaceAll,0.9828402366863905,0.9836666950450068,0.9856477078010769,0.9828402366863905,657.1471226215363,20260301_122349_run11
multirocket_fm,FiftyWords,0.7758241758241758,0.759096493548338,0.8038567972035271,0.7758241758241758,540.8312532901764,20260301_123252_run11
multirocket_fm,FingerMovements,0.51,0.508280701754386,0.5115909090909091,0.51,109.69128584861755,20260301_123442_run11
multirocket_fm,Fish,0.9942857142857143,0.9942990810359231,0.9945341614906832,0.9942857142857143,66.54520678520203,20260301_123550_run11
multirocket_fm,FordA,0.956060606060606,0.9560533337345649,0.9560856291552291,0.956060606060606,122.925208568573,20260301_123801_run11
multirocket_fm,FordB,0.9407407407407408,0.9407421859034761,0.9407895137936291,0.9407407407407408,119.89606714248657,20260301_124009_run11
multirocket_fm,FreezerRegularTrain,0.9992982456140351,0.9992982456140351,0.9992982456140351,0.9992982456140351,97.11516261100769,20260301_124151_run11
multirocket_fm,FreezerSmallTrain,0.991578947368421,0.9915784455484943,0.9916961432728071,0.991578947368421,71.9290246963501,20260301_124308_run11
multirocket_fm,Fungi,0.9946236559139785,0.9946748591909882,0.9952956989247311,0.9946236559139785,467.1048722267151,20260301_125056_run11
multirocket_fm,GunPoint,0.9933333333333333,0.993333629642799,0.9934222222222221,0.9933333333333333,57.86177110671997,20260301_125154_run11
multirocket_fm,GunPointAgeSpan,0.9936708860759493,0.9936711396157453,0.9937510014420766,0.9936708860759493,69.55488348007202,20260301_125304_run11
multirocket_fm,GunPointMaleVersusFemale,1.0,1.0,1.0,1.0,74.1679859161377,20260301_125419_run11
multirocket_fm,GunPointOldVersusYoung,1.0,1.0,1.0,1.0,71.36077284812927,20260301_125531_run11
multirocket_fm,Ham,0.8476190476190476,0.8466472303206997,0.861422184373004,0.8476190476190476,62.0771861076355,20260301_125633_run11
multirocket_fm,HandMovementDirection,0.32432432432432434,0.3236211324446619,0.35500237079184443,0.32432432432432434,92.07524156570435,20260301_125806_run11
multirocket_fm,HandOutlines,0.9594594594594594,0.9594256421267344,0.959406981465805,0.9594594594594594,76.49842023849487,20260301_125925_run11
multirocket_fm,Handwriting,0.37058823529411766,0.34534930126029073,0.5157366352997187,0.37058823529411766,524.6317055225372,20260301_130812_run11
multirocket_fm,Haptics,0.5487012987012987,0.5193273708492585,0.5633858125979255,0.5487012987012987,65.65653085708618,20260301_130918_run11
multirocket_fm,Heartbeat,0.7853658536585366,0.7693246536559091,0.7723074991367676,0.7853658536585366,73.16588544845581,20260301_131032_run11
multirocket_fm,Herring,0.640625,0.6364473004391631,0.6351073700954402,0.640625,58.25235557556152,20260301_131130_run11
multirocket_fm,HouseTwenty,0.9663865546218487,0.9663865546218487,0.9663865546218487,0.9663865546218487,58.31560921669006,20260301_131229_run11
multirocket_fm,InlineSkate,0.6236363636363637,0.6286725903289665,0.6465652507883706,0.6236363636363637,60.196123123168945,20260301_131330_run11
multirocket_fm,InsectEPGRegularTrain,1.0,1.0,1.0,1.0,58.78822708129883,20260301_131430_run11
multirocket_fm,InsectEPGSmallTrain,1.0,1.0,1.0,1.0,58.49624967575073,20260301_131529_run11
multirocket_fm,InsectWingbeatSound,0.6752525252525252,0.6720316290204719,0.67684457771187,0.6752525252525252,570.1492235660553,20260301_132503_run11
multirocket_fm,ItalyPowerDemand,0.966958211856171,0.9669565266238618,0.9670206069816312,0.966958211856171,62.45550203323364,20260301_132607_run11
multirocket_fm,LSST,0.6974858069748581,0.6562703517537113,0.666921503334587,0.6974858069748581,1134.0970840454102,20260301_134510_run11
multirocket_fm,LargeKitchenAppliances,0.9733333333333334,0.9734050931678239,0.9737516534391534,0.9733333333333334,63.85916256904602,20260301_134615_run11
multirocket_fm,Libras,0.9444444444444444,0.9447473621386665,0.9516883116883117,0.9444444444444444,671.9442911148071,20260301_135727_run11
multirocket_fm,Lightning2,0.7540983606557377,0.7453086850366237,0.7729569826204856,0.7540983606557377,60.06054472923279,20260301_135828_run11
multirocket_fm,Lightning7,0.7534246575342466,0.7494498602002304,0.7910632746249185,0.7534246575342466,60.201847553253174,20260301_135928_run11
multirocket_fm,Mallat,0.971002132196162,0.9707565915589388,0.9746916858891511,0.971002132196162,71.60834074020386,20260301_140043_run11
multirocket_fm,Meat,0.9666666666666667,0.9665831244778613,0.9696969696969696,0.9666666666666667,60.30046463012695,20260301_140144_run11
multirocket_fm,MedicalImages,0.7921052631578948,0.7880166789138205,0.7895387166395433,0.7921052631578948,70.82416844367981,20260301_140257_run11
multirocket_fm,MiddlePhalanxOutlineAgeGroup,0.6363636363636364,0.6323291753322052,0.6388490293133254,0.6363636363636364,80.24799990653992,20260301_140418_run11
multirocket_fm,FaceFour,0.875,0.8786385443926119,0.9022727272727273,0.875,57.781604051589966,20260301_140516_run11
multirocket_fm,FacesUCR,0.9560975609756097,0.9559868138408926,0.957292983971079,0.9560975609756097,633.9497499465942,20260301_141554_run11
multirocket_fm,EigenWorms,0.9465648854961832,0.947171251027223,0.9516623141824025,0.9465648854961832,60.53662300109863,20260301_141655_run11
multirocket_fm,ACSF1,0.83,0.8243037668572734,0.851078921078921,0.83,58.12856340408325,20260301_142248_run12
multirocket_fm,Adiac,0.8618925831202046,0.8597983331614275,0.8870656966188785,0.8618925831202046,580.7423868179321,20260301_143231_run12
multirocket_fm,ArrowHead,0.8285714285714286,0.8299468620430446,0.8457482993197278,0.8285714285714286,57.79761219024658,20260301_143329_run12
multirocket_fm,ArticularyWordRecognition,0.98,0.9794741200828158,0.9812820512820511,0.98,639.1949837207794,20260301_144409_run12
multirocket_fm,AtrialFibrillation,0.13333333333333333,0.1272727272727273,0.12222222222222222,0.13333333333333333,57.471089124679565,20260301_144507_run12
multirocket_fm,BME,1.0,1.0,1.0,1.0,58.04869222640991,20260301_144605_run12
multirocket_fm,BasicMotions,1.0,1.0,1.0,1.0,57.71832275390625,20260301_144703_run12
multirocket_fm,Beef,0.6333333333333333,0.6225951825951827,0.6469841269841269,0.6333333333333333,59.47580862045288,20260301_144802_run12
multirocket_fm,BeetleFly,1.0,1.0,1.0,1.0,61.23611831665039,20260301_144904_run12
multirocket_fm,BirdChicken,0.9,0.898989898989899,0.9166666666666667,0.9,61.49698781967163,20260301_145005_run12
multirocket_fm,CBF,0.9977777777777778,0.9977777287204751,0.9977923976608187,0.9977777777777778,63.30718159675598,20260301_145110_run12
multirocket_fm,Car,0.8666666666666667,0.8696147296722009,0.8783700980392157,0.8666666666666667,63.01487731933594,20260301_145214_run12
multirocket_fm,Chinatown,0.9533527696793003,0.9535042345825063,0.953734168624072,0.9533527696793003,58.27044439315796,20260301_145312_run12
multirocket_fm,ChlorineConcentration,0.7341145833333333,0.7164523332255726,0.7596438196054848,0.7341145833333333,109.58670949935913,20260301_145508_run12
multirocket_fm,CinCECGTorso,0.9731884057971014,0.9732269412635646,0.9740818998146864,0.9731884057971014,67.08528876304626,20260301_145618_run12
multirocket_fm,Coffee,1.0,1.0,1.0,1.0,61.49759531021118,20260301_145719_run12
multirocket_fm,Computers,0.912,0.9119097956307257,0.913694492641861,0.912,63.22797107696533,20260301_145823_run12
multirocket_fm,Cricket,1.0,1.0,1.0,1.0,485.99607157707214,20260301_150630_run12
multirocket_fm,CricketX,0.8487179487179487,0.8457664675179769,0.8587757143323188,0.8487179487179487,552.8096678256989,20260301_151544_run12
multirocket_fm,CricketY,0.8538461538461538,0.8548617799879364,0.8576496226014482,0.8538461538461538,551.4130132198334,20260301_152457_run12
multirocket_fm,CricketZ,0.8923076923076924,0.8919123686310684,0.8956370127750628,0.8923076923076924,546.2107102870941,20260301_153404_run12
multirocket_fm,DiatomSizeReduction,0.954248366013072,0.949893311208001,0.955231427181753,0.954248366013072,58.24643087387085,20260301_153827_run12
multirocket_fm,DistalPhalanxOutlineAgeGroup,0.7913669064748201,0.7865912729786613,0.7917572015262284,0.7913669064748201,72.77197527885437,20260301_153941_run12
multirocket_fm,DistalPhalanxOutlineCorrect,0.8442028985507246,0.84366292898403,0.8436929536327126,0.8442028985507246,68.59682822227478,20260301_154051_run12
multirocket_fm,DistalPhalanxTW,0.7482014388489209,0.7158071053843093,0.7000427113351217,0.7482014388489209,72.18024468421936,20260301_154205_run12
multirocket_fm,ECG200,0.93,0.9287038491751767,0.9327349228611501,0.93,58.245338678359985,20260301_154303_run12
multirocket_fm,ECG5000,0.9488888888888889,0.943468287459762,0.9423512656040649,0.9488888888888889,100.34371423721313,20260301_154453_run12
multirocket_fm,ECGFiveDays,1.0,1.0,1.0,1.0,60.60273766517639,20260301_154555_run12
multirocket_fm,EOGHorizontalSignal,0.9088397790055248,0.9085953116094575,0.9126560643984852,0.9088397790055248,574.4035413265228,20260301_155531_run12
multirocket_fm,EOGVerticalSignal,0.8756906077348067,0.875213020333088,0.8754625646393815,0.8756906077348067,567.6718237400055,20260301_160500_run12
multirocket_fm,ERing,0.9777777777777777,0.9777697233297088,0.9782196969696968,0.9777777777777777,57.93821096420288,20260301_160558_run12
multirocket_fm,Earthquakes,0.7410071942446043,0.660207968079318,0.6646623000107377,0.7410071942446043,90.29022884368896,20260301_160729_run12
multirocket_fm,ElectricDevices,0.920114122681883,0.9206436090836131,0.9224984572457002,0.920114122681883,389.42337560653687,20260301_161431_run12
multirocket_fm,Epilepsy,1.0,1.0,1.0,1.0,66.40442562103271,20260301_161538_run12
multirocket_fm,EthanolConcentration,0.6501901140684411,0.6391735995644459,0.6535920554946856,0.6501901140684411,64.33482456207275,20260301_161643_run12
multirocket_fm,EthanolLevel,0.858,0.8568194314320501,0.8565113671235517,0.858,72.10934233665466,20260301_161757_run12
multirocket_fm,FaceAll,0.9775147928994082,0.9781561348695845,0.9801049714112172,0.9775147928994082,657.0056397914886,20260301_162858_run12
multirocket_fm,FiftyWords,0.7956043956043956,0.7849052471323079,0.8095805565522259,0.7956043956043956,535.185533285141,20260301_163755_run12
multirocket_fm,FingerMovements,0.64,0.6397118847539016,0.6414773183460457,0.64,109.82476425170898,20260301_163946_run12
multirocket_fm,Fish,0.9885714285714285,0.988576659176814,0.9890484472049691,0.9885714285714285,66.3739857673645,20260301_164053_run12
multirocket_fm,FordA,0.9568181818181818,0.9568227702697164,0.956854829952656,0.9568181818181818,124.75190162658691,20260301_164306_run12
multirocket_fm,FordB,0.9395061728395062,0.939486899036722,0.9405028716139827,0.9395061728395062,117.1152994632721,20260301_164511_run12
multirocket_fm,FreezerRegularTrain,0.9989473684210526,0.9989473682914581,0.9989476141324046,0.9989473684210526,98.23742246627808,20260301_164654_run12
multirocket_fm,FreezerSmallTrain,0.9992982456140351,0.9992982452684495,0.9992992291520674,0.9992982456140351,71.29425430297852,20260301_164810_run12
multirocket_fm,Fungi,1.0,1.0,1.0,1.0,462.4847717285156,20260301_165553_run12
multirocket_fm,GunPoint,1.0,1.0,1.0,1.0,57.884403467178345,20260301_165652_run12
multirocket_fm,GunPointAgeSpan,0.9873417721518988,0.9873417721518988,0.9876582278481013,0.9873417721518988,70.91252422332764,20260301_165803_run12
multirocket_fm,GunPointMaleVersusFemale,1.0,1.0,1.0,1.0,73.52920293807983,20260301_165918_run12
multirocket_fm,GunPointOldVersusYoung,1.0,1.0,1.0,1.0,75.08820056915283,20260301_170033_run12
multirocket_fm,Ham,0.8857142857142857,0.8851503759398497,0.8904761904761904,0.8857142857142857,63.533742904663086,20260301_170137_run12
multirocket_fm,HandMovementDirection,0.32432432432432434,0.3238230281155559,0.34408564408564407,0.32432432432432434,88.9666736125946,20260301_170307_run12
multirocket_fm,HandOutlines,0.9540540540540541,0.9536776208743727,0.9545548302039254,0.9540540540540541,77.9273591041565,20260301_170427_run12
multirocket_fm,Handwriting,0.36941176470588233,0.3356780360288229,0.5456625958110248,0.36941176470588233,537.8809156417847,20260301_171327_run12
multirocket_fm,Haptics,0.5422077922077922,0.48392389763318294,0.4430613683105378,0.5422077922077922,66.8765594959259,20260301_171434_run12
multirocket_fm,Heartbeat,0.7658536585365854,0.7616755505303398,0.7589334625202631,0.7658536585365854,72.99805498123169,20260301_171548_run12
multirocket_fm,Herring,0.6875,0.668466223698782,0.6875,0.6875,61.66016173362732,20260301_171650_run12
multirocket_fm,HouseTwenty,0.9495798319327731,0.9497969107275517,0.952175058057411,0.9495798319327731,61.534746408462524,20260301_171752_run12
multirocket_fm,InlineSkate,0.6363636363636364,0.6363951428105146,0.6433403591944817,0.6363636363636364,62.98591375350952,20260301_171856_run12
multirocket_fm,InsectEPGRegularTrain,1.0,1.0,1.0,1.0,58.93306040763855,20260301_171956_run12
multirocket_fm,InsectEPGSmallTrain,1.0,1.0,1.0,1.0,59.954204082489014,20260301_172056_run12
multirocket_fm,InsectWingbeatSound,0.6646464646464646,0.657879052053567,0.6590439678385609,0.6646464646464646,590.1522059440613,20260301_173050_run12
multirocket_fm,ItalyPowerDemand,0.9659863945578231,0.965980611553829,0.9663856424442395,0.9659863945578231,64.27474927902222,20260301_173156_run12
multirocket_fm,LSST,0.6962692619626926,0.6591727714854506,0.6816749518396726,0.6962692619626926,1140.733446598053,20260301_175106_run12
multirocket_fm,LargeKitchenAppliances,0.96,0.9601140740285082,0.9617276234032027,0.96,61.4924430847168,20260301_175209_run12
multirocket_fm,Libras,0.9388888888888889,0.9373580227430144,0.9478358243064124,0.9388888888888889,654.2814047336578,20260301_180304_run12
multirocket_fm,Lightning2,0.7704918032786885,0.7696167720275724,0.7704197441902361,0.7704918032786885,59.919140100479126,20260301_180404_run12
multirocket_fm,Lightning7,0.7534246575342466,0.7557663037115092,0.7911403664828321,0.7534246575342466,60.15339016914368,20260301_180504_run12
multirocket_fm,Mallat,0.9684434968017057,0.9684440538777891,0.9684497198475114,0.9684434968017057,71.23821926116943,20260301_180619_run12
multirocket_fm,Meat,0.95,0.9497171590194846,0.9565217391304348,0.95,59.89202427864075,20260301_180719_run12
multirocket_fm,MedicalImages,0.8263157894736842,0.8261555186685156,0.8293240684064226,0.8263157894736842,70.74942350387573,20260301_180832_run12
multirocket_fm,MiddlePhalanxOutlineAgeGroup,0.7077922077922078,0.6975856487315885,0.6975507975507974,0.7077922077922078,77.4991602897644,20260301_180951_run12
multirocket_fm,FaceFour,0.8977272727272727,0.8941170599273366,0.9021679501158512,0.8977272727272727,57.97052502632141,20260301_181049_run12
multirocket_fm,FacesUCR,0.9595121951219512,0.95980497972345,0.9629501634246781,0.9595121951219512,605.4125940799713,20260301_182058_run12
multirocket_fm,EigenWorms,0.9618320610687023,0.962238291832479,0.9652530392988409,0.9618320610687023,57.373496294021606,20260301_182156_run12
multirocket_fm,ACSF1,0.82,0.811019253551223,0.8384648684648685,0.82,58.00461387634277,20260301_182741_run13
multirocket_fm,Adiac,0.8414322250639387,0.8362917738370146,0.8607466418208106,0.8414322250639387,580.2772912979126,20260301_183723_run13
multirocket_fm,ArrowHead,0.8228571428571428,0.8218332131699111,0.8409998660115756,0.8228571428571428,60.20951294898987,20260301_183824_run13
multirocket_fm,ArticularyWordRecognition,0.9933333333333333,0.9933217391304349,0.9938461538461539,0.9933333333333333,652.6526553630829,20260301_184917_run13
multirocket_fm,AtrialFibrillation,0.26666666666666666,0.23333333333333334,0.20952380952380953,0.26666666666666666,59.70570969581604,20260301_185017_run13
multirocket_fm,BME,1.0,1.0,1.0,1.0,60.20400428771973,20260301_185118_run13
multirocket_fm,BasicMotions,1.0,1.0,1.0,1.0,59.66463327407837,20260301_185217_run13
multirocket_fm,Beef,0.7333333333333333,0.7269841269841268,0.7722222222222221,0.7333333333333333,59.94219422340393,20260301_185317_run13
multirocket_fm,BeetleFly,0.8,0.7979797979797979,0.8125,0.8,60.182077169418335,20260301_185418_run13
multirocket_fm,BirdChicken,0.9,0.898989898989899,0.9166666666666667,0.9,59.72236514091492,20260301_185517_run13
multirocket_fm,CBF,1.0,1.0,1.0,1.0,62.96417188644409,20260301_185622_run13
multirocket_fm,Car,0.9166666666666666,0.916358024691358,0.9186507936507937,0.9166666666666666,59.90107846260071,20260301_185722_run13
multirocket_fm,Chinatown,0.9708454810495627,0.9712024751591598,0.9728066686069805,0.9708454810495627,59.834782123565674,20260301_185823_run13
multirocket_fm,ChlorineConcentration,0.7192708333333333,0.69368409152379,0.7457108843454229,0.7192708333333333,116.50924491882324,20260301_190027_run13
multirocket_fm,CinCECGTorso,0.972463768115942,0.9723982436304032,0.9730795447836588,0.972463768115942,67.08315396308899,20260301_190136_run13
multirocket_fm,Coffee,0.9642857142857143,0.964331326400292,0.9668367346938774,0.9642857142857143,61.802849769592285,20260301_190238_run13
multirocket_fm,Computers,0.88,0.8795064584538268,0.8863296245689375,0.88,62.463592290878296,20260301_190341_run13
multirocket_fm,Cricket,1.0,1.0,1.0,1.0,498.63870120048523,20260301_191200_run13
multirocket_fm,CricketX,0.8256410256410256,0.8250029454450349,0.8300057752324976,0.8256410256410256,548.1251494884491,20260301_192110_run13
multirocket_fm,CricketY,0.8307692307692308,0.8290721205725217,0.836637603144161,0.8307692307692308,542.6566033363342,20260301_193014_run13
multirocket_fm,CricketZ,0.8641025641025641,0.8633205870580025,0.8656780700405441,0.8641025641025641,549.3058204650879,20260301_193925_run13
multirocket_fm,DiatomSizeReduction,0.9052287581699346,0.8740282766426557,0.9262646477005515,0.9052287581699346,57.89469003677368,20260301_194349_run13
multirocket_fm,DistalPhalanxOutlineAgeGroup,0.8129496402877698,0.809704774913972,0.8135010955578031,0.8129496402877698,69.91252851486206,20260301_194500_run13
multirocket_fm,DistalPhalanxOutlineCorrect,0.8731884057971014,0.8715869620224047,0.8754734848484849,0.8731884057971014,68.93950152397156,20260301_194611_run13
multirocket_fm,DistalPhalanxTW,0.7194244604316546,0.6894660922106514,0.6701762068605984,0.7194244604316546,71.48973107337952,20260301_194723_run13
multirocket_fm,ECG200,0.91,0.9083335203680843,0.9118466573165029,0.91,63.28152799606323,20260301_194827_run13
multirocket_fm,ECG5000,0.9404444444444444,0.9332256288660885,0.9278571392955612,0.9404444444444444,109.03601169586182,20260301_195025_run13
multirocket_fm,ECGFiveDays,1.0,1.0,1.0,1.0,60.77142262458801,20260301_195128_run13
multirocket_fm,EOGHorizontalSignal,0.9060773480662984,0.9046224784055698,0.9054885296214369,0.9060773480662984,566.9500415325165,20260301_200056_run13
multirocket_fm,EOGVerticalSignal,0.8646408839779005,0.8631789242853869,0.8647889766636616,0.8646408839779005,569.5353410243988,20260301_201027_run13
multirocket_fm,ERing,0.9814814814814815,0.9813538313538314,0.9814702467887502,0.9814814814814815,62.459450483322144,20260301_201130_run13
multirocket_fm,Earthquakes,0.7266187050359713,0.629736211031175,0.5556495979686839,0.7266187050359713,93.5901300907135,20260301_201304_run13
multirocket_fm,ElectricDevices,0.917001685903255,0.9169528927992733,0.9176779486709403,0.917001685903255,395.1622483730316,20260301_202011_run13
multirocket_fm,Epilepsy,1.0,1.0,1.0,1.0,64.54289484024048,20260301_202116_run13
multirocket_fm,EthanolConcentration,0.6806083650190115,0.6681449354566193,0.6663728812653782,0.6806083650190115,63.62433218955994,20260301_202220_run13
multirocket_fm,EthanolLevel,0.854,0.8534324499782332,0.8530481476700658,0.854,72.62142562866211,20260301_202335_run13
multirocket_fm,FaceAll,0.978698224852071,0.9790532052390593,0.9810796585340062,0.978698224852071,692.1693212985992,20260301_203511_run13
multirocket_fm,FiftyWords,0.8021978021978022,0.7959039811817603,0.8224881281183803,0.8021978021978022,538.196825504303,20260301_204411_run13
multirocket_fm,FingerMovements,0.59,0.5898768892002803,0.5898717948717949,0.59,113.90454626083374,20260301_204606_run13
multirocket_fm,Fish,0.9828571428571429,0.9826500569126676,0.9839322751322751,0.9828571428571429,69.27412796020508,20260301_204716_run13
multirocket_fm,FordA,0.9598484848484848,0.9598350286203636,0.9599551788828233,0.9598484848484848,132.70534253120422,20260301_204937_run13
multirocket_fm,FordB,0.9358024691358025,0.9358005121803916,0.9360838791581098,0.9358024691358025,126.49329495429993,20260301_205151_run13
multirocket_fm,FreezerRegularTrain,0.9996491228070176,0.9996491227638195,0.9996493688639551,0.9996491228070176,98.8337049484253,20260301_205335_run13
multirocket_fm,FreezerSmallTrain,0.9971929824561403,0.9971929810737981,0.9971939618471394,0.9971929824561403,71.63677954673767,20260301_205452_run13
multirocket_fm,Fungi,1.0,1.0,1.0,1.0,464.8960237503052,20260301_210237_run13
multirocket_fm,GunPoint,0.96,0.959914423248351,0.9629268292682926,0.96,58.007060289382935,20260301_210335_run13
multirocket_fm,GunPointAgeSpan,0.9936708860759493,0.9936701252127246,0.9937490232848883,0.9936708860759493,70.33509707450867,20260301_210446_run13
multirocket_fm,GunPointMaleVersusFemale,1.0,1.0,1.0,1.0,72.02571845054626,20260301_210559_run13
multirocket_fm,GunPointOldVersusYoung,1.0,1.0,1.0,1.0,70.407151222229,20260301_210710_run13
multirocket_fm,Ham,0.8476190476190476,0.847646692929712,0.8482894464026539,0.8476190476190476,58.45776081085205,20260301_210809_run13
multirocket_fm,HandMovementDirection,0.33783783783783783,0.333099822230257,0.3851801801801802,0.33783783783783783,88.51299381256104,20260301_210938_run13
multirocket_fm,HandOutlines,0.9378378378378378,0.9373285458888572,0.9380467603717014,0.9378378378378378,75.4203519821167,20260301_211056_run13
multirocket_fm,Handwriting,0.4,0.35776567253771646,0.3982567912068897,0.4,550.4053845405579,20260301_212008_run13
multirocket_fm,Haptics,0.5324675324675324,0.49998071703025304,0.5752691639020364,0.5324675324675324,64.08090448379517,20260301_212113_run13
multirocket_fm,Heartbeat,0.7609756097560976,0.7308650259353271,0.741622866591862,0.7609756097560976,67.88820242881775,20260301_212221_run13
multirocket_fm,Herring,0.515625,0.5188823163138232,0.524353448275862,0.515625,58.248215198516846,20260301_212320_run13
multirocket_fm,HouseTwenty,0.957983193277311,0.9579221267752795,0.9580003429943406,0.957983193277311,58.02534079551697,20260301_212418_run13
multirocket_fm,InlineSkate,0.6290909090909091,0.6304667895269562,0.6400524657676165,0.6290909090909091,63.28435492515564,20260301_212523_run13
multirocket_fm,InsectEPGRegularTrain,1.0,1.0,1.0,1.0,61.658270835876465,20260301_212625_run13
multirocket_fm,InsectEPGSmallTrain,1.0,1.0,1.0,1.0,61.12217354774475,20260301_212726_run13
multirocket_fm,InsectWingbeatSound,0.6686868686868687,0.6585475212258577,0.6596933081217468,0.6686868686868687,602.980947971344,20260301_213733_run13
multirocket_fm,ItalyPowerDemand,0.9698736637512148,0.9698725255951631,0.9699171933583902,0.9698736637512148,62.41775965690613,20260301_213837_run13
multirocket_fm,LSST,0.7092457420924574,0.6725228092456302,0.6751564908172983,0.7092457420924574,1147.9220986366272,20260301_215754_run13
multirocket_fm,LargeKitchenAppliances,0.952,0.9519190573770492,0.9525737378921033,0.952,62.61172580718994,20260301_215857_run13
multirocket_fm,Libras,0.9111111111111111,0.9100360899522897,0.9255440637793577,0.9111111111111111,649.3966245651245,20260301_220947_run13
multirocket_fm,Lightning2,0.9016393442622951,0.9012643308689595,0.9028643487659881,0.9016393442622951,61.76284146308899,20260301_221049_run13
multirocket_fm,Lightning7,0.7534246575342466,0.7465576710365275,0.8034536493440603,0.7534246575342466,61.649998903274536,20260301_221151_run13
multirocket_fm,Mallat,0.976545842217484,0.9765317591605217,0.9769014648264607,0.976545842217484,73.47826600074768,20260301_221309_run13
multirocket_fm,Meat,1.0,1.0,1.0,1.0,61.67016530036926,20260301_221411_run13
multirocket_fm,MedicalImages,0.8552631578947368,0.8485101767157134,0.8517561629709172,0.8552631578947368,72.51965928077698,20260301_221525_run13
multirocket_fm,MiddlePhalanxOutlineAgeGroup,0.6233766233766234,0.607943117579109,0.6123320402541181,0.6233766233766234,78.21798801422119,20260301_221645_run13
multirocket_fm,FaceFour,0.9090909090909091,0.9038460625059371,0.9203681376095169,0.9090909090909091,58.28324604034424,20260301_221743_run13
multirocket_fm,FacesUCR,0.9551219512195122,0.9557075080174995,0.9599932314530287,0.9551219512195122,613.5239264965057,20260301_222800_run13
multirocket_fm,EigenWorms,0.9465648854961832,0.9482180504953346,0.9522900763358778,0.9465648854961832,60.96088433265686,20260301_222902_run13
multirocket_fm,ACSF1,0.9,0.8986926803173942,0.9098523698523698,0.9,58.183647871017456,20260301_223456_run14
multirocket_fm,Adiac,0.8260869565217391,0.8203388195769518,0.8553681506047236,0.8260869565217391,589.1975681781769,20260301_224447_run14
multirocket_fm,ArrowHead,0.8057142857142857,0.8056432456432456,0.8089896989027423,0.8057142857142857,58.44660210609436,20260301_224546_run14
multirocket_fm,ArticularyWordRecognition,0.9933333333333333,0.9933217391304349,0.9938461538461539,0.9933333333333333,646.8284621238708,20260301_225633_run14
multirocket_fm,AtrialFibrillation,0.3333333333333333,0.33468013468013463,0.33888888888888885,0.3333333333333333,58.00416827201843,20260301_225732_run14
multirocket_fm,BME,1.0,1.0,1.0,1.0,61.757415533065796,20260301_225834_run14
multirocket_fm,BasicMotions,1.0,1.0,1.0,1.0,61.54391098022461,20260301_225935_run14
multirocket_fm,Beef,0.7333333333333333,0.7032976827094474,0.7357575757575758,0.7333333333333333,61.30653166770935,20260301_230037_run14
multirocket_fm,BeetleFly,0.75,0.7442455242966752,0.7747252747252747,0.75,61.78144907951355,20260301_230139_run14
multirocket_fm,BirdChicken,0.85,0.846547314578005,0.8846153846153847,0.85,61.69061231613159,20260301_230240_run14
multirocket_fm,CBF,1.0,1.0,1.0,1.0,64.34518361091614,20260301_230346_run14
multirocket_fm,Car,0.9,0.9,0.931578947368421,0.9,61.655094623565674,20260301_230448_run14
multirocket_fm,Chinatown,0.9825072886297376,0.9826711316014606,0.9835568513119534,0.9825072886297376,61.50181484222412,20260301_230550_run14
multirocket_fm,ChlorineConcentration,0.7359375,0.7174693750352965,0.7663132556510547,0.7359375,108.32020902633667,20260301_230745_run14
multirocket_fm,CinCECGTorso,0.986231884057971,0.9862263932387739,0.9866223164171183,0.986231884057971,68.62944388389587,20260301_230856_run14
multirocket_fm,Coffee,1.0,1.0,1.0,1.0,62.83707785606384,20260301_230959_run14
multirocket_fm,Computers,0.848,0.8472079258878022,0.8553689301352853,0.848,64.32454037666321,20260301_231104_run14
multirocket_fm,Cricket,1.0,1.0,1.0,1.0,489.6655468940735,20260301_231914_run14
multirocket_fm,CricketX,0.8384615384615385,0.8386567565867691,0.8456832641810633,0.8384615384615385,548.4403569698334,20260301_232823_run14
multirocket_fm,CricketY,0.8743589743589744,0.8737049805392451,0.8777674748567621,0.8743589743589744,552.1424331665039,20260301_233736_run14
multirocket_fm,CricketZ,0.8358974358974359,0.83519578770545,0.8410062409235147,0.8358974358974359,541.3788793087006,20260301_234639_run14
multirocket_fm,DiatomSizeReduction,0.9869281045751634,0.9866533057586935,0.9875026933850464,0.9869281045751634,61.78385400772095,20260301_235102_run14
multirocket_fm,DistalPhalanxOutlineAgeGroup,0.8129496402877698,0.8141889298865357,0.8169707793484182,0.8129496402877698,73.93678092956543,20260301_235217_run14
multirocket_fm,DistalPhalanxOutlineCorrect,0.8478260869565217,0.8476283300844705,0.8475215809761658,0.8478260869565217,73.05164551734924,20260301_235332_run14
multirocket_fm,DistalPhalanxTW,0.7338129496402878,0.712126383298622,0.6980527036417977,0.7338129496402878,72.67085194587708,20260301_235446_run14
multirocket_fm,ECG200,0.95,0.949841685773556,0.9498901098901099,0.95,58.45391082763672,20260301_235544_run14
multirocket_fm,ECG5000,0.9504444444444444,0.9449038712494386,0.9426432980310105,0.9504444444444444,99.55735349655151,20260301_235733_run14
multirocket_fm,ECGFiveDays,1.0,1.0,1.0,1.0,60.58203339576721,20260301_235835_run14
multirocket_fm,EOGHorizontalSignal,0.9060773480662984,0.9062627618780269,0.9124803326761051,0.9060773480662984,571.3946406841278,20260302_000808_run14
multirocket_fm,EOGVerticalSignal,0.861878453038674,0.8586180842876224,0.8620236462848186,0.861878453038674,569.3101377487183,20260302_001739_run14
multirocket_fm,ERing,0.9518518518518518,0.9524016088858667,0.953823620104841,0.9518518518518518,58.152902126312256,20260302_001838_run14
multirocket_fm,Earthquakes,0.7194244604316546,0.626109990668553,0.5542232880362377,0.7194244604316546,90.51695847511292,20260302_002009_run14
multirocket_fm,ElectricDevices,0.9211516016080923,0.9213224786542576,0.9227537021448903,0.9211516016080923,390.6947503089905,20260302_002711_run14
multirocket_fm,Epilepsy,0.9782608695652174,0.9781826868783391,0.979891304347826,0.9782608695652174,65.43173408508301,20260302_002817_run14
multirocket_fm,EthanolConcentration,0.6615969581749049,0.6598108362878262,0.6674417675815573,0.6615969581749049,65.44656729698181,20260302_002923_run14
multirocket_fm,EthanolLevel,0.828,0.8277427821522311,0.827532274590164,0.828,73.13393139839172,20260302_003038_run14
multirocket_fm,FaceAll,0.985207100591716,0.9855649101078218,0.9866740519916559,0.985207100591716,656.611914396286,20260302_004139_run14
multirocket_fm,FiftyWords,0.789010989010989,0.7707598890783576,0.7787981014691223,0.789010989010989,524.8506729602814,20260302_005026_run14
multirocket_fm,FingerMovements,0.58,0.58,0.5804641856742697,0.58,113.9736008644104,20260302_005221_run14
multirocket_fm,Fish,0.9485714285714286,0.9482153339968467,0.9494466564031782,0.9485714285714286,70.32542586326599,20260302_005332_run14
multirocket_fm,FordA,0.9484848484848485,0.948494315049499,0.9486126770751288,0.9484848484848485,124.43377232551575,20260302_005545_run14
multirocket_fm,FordB,0.9222222222222223,0.9222040825037081,0.9229991917021991,0.9222222222222223,117.23436784744263,20260302_005750_run14
multirocket_fm,FreezerRegularTrain,0.9989473684210526,0.9989473682914581,0.9989476141324046,0.9989473684210526,97.4596815109253,20260302_005932_run14
multirocket_fm,FreezerSmallTrain,0.9971929824561403,0.997192976926763,0.9971969000432874,0.9971929824561403,71.65936970710754,20260302_010048_run14
multirocket_fm,Fungi,0.989247311827957,0.9887992831541219,0.9909015715467329,0.989247311827957,462.2376251220703,20260302_010831_run14
multirocket_fm,GunPoint,1.0,1.0,1.0,1.0,57.711735010147095,20260302_010929_run14
multirocket_fm,GunPointAgeSpan,1.0,1.0,1.0,1.0,70.26186990737915,20260302_011040_run14
multirocket_fm,GunPointMaleVersusFemale,1.0,1.0,1.0,1.0,71.88474774360657,20260302_011153_run14
multirocket_fm,GunPointOldVersusYoung,1.0,1.0,1.0,1.0,70.68693351745605,20260302_011304_run14
multirocket_fm,Ham,0.819047619047619,0.8183872691490609,0.821486472260238,0.819047619047619,57.94276762008667,20260302_011403_run14
multirocket_fm,HandMovementDirection,0.35135135135135137,0.3548860069298753,0.3634884221091118,0.35135135135135137,88.34544849395752,20260302_011532_run14
multirocket_fm,HandOutlines,0.9432432432432433,0.9426627112254765,0.9439428587762801,0.9432432432432433,76.06359696388245,20260302_011650_run14
multirocket_fm,Handwriting,0.33176470588235296,0.275527030513848,0.41491491100026057,0.33176470588235296,515.2476570606232,20260302_012527_run14
multirocket_fm,Haptics,0.5551948051948052,0.5328220007475101,0.5425117524417952,0.5551948051948052,66.86554169654846,20260302_012635_run14
multirocket_fm,Heartbeat,0.7609756097560976,0.7524943673585245,0.7489365533524082,0.7609756097560976,69.42519545555115,20260302_012745_run14
multirocket_fm,Herring,0.578125,0.5792924528301887,0.580736986986987,0.578125,61.012956380844116,20260302_012846_run14
multirocket_fm,HouseTwenty,0.9831932773109243,0.9831418281598353,0.9836667061190674,0.9831932773109243,61.45127558708191,20260302_012948_run14
multirocket_fm,InlineSkate,0.6509090909090909,0.6445794565368154,0.6632552861235088,0.6509090909090909,62.75538730621338,20260302_013052_run14
multirocket_fm,InsectEPGRegularTrain,1.0,1.0,1.0,1.0,61.55004644393921,20260302_013154_run14
multirocket_fm,InsectEPGSmallTrain,1.0,1.0,1.0,1.0,61.403236627578735,20260302_013256_run14
multirocket_fm,InsectWingbeatSound,0.6611111111111111,0.6540598277215297,0.6535778681518357,0.6611111111111111,564.374671459198,20260302_014225_run14
multirocket_fm,ItalyPowerDemand,0.9650145772594753,0.9650122642654294,0.9651922775106374,0.9650145772594753,61.82986831665039,20260302_014328_run14
multirocket_fm,LSST,0.6557177615571776,0.628089986500756,0.6735545479077579,0.6557177615571776,1131.276110649109,20260302_020228_run14
multirocket_fm,LargeKitchenAppliances,0.952,0.9521164524189536,0.9526536513340034,0.952,61.52495861053467,20260302_020331_run14
multirocket_fm,Libras,0.9333333333333333,0.932291789799036,0.9381033781033782,0.9333333333333333,661.5583300590515,20260302_021434_run14
multirocket_fm,Lightning2,0.819672131147541,0.8154374258124539,0.8345628415300547,0.819672131147541,61.40934634208679,20260302_021535_run14
multirocket_fm,Lightning7,0.7123287671232876,0.7137707281903388,0.7473715021660227,0.7123287671232876,61.687175035476685,20260302_021637_run14
multirocket_fm,Mallat,0.9829424307036247,0.9829273650187453,0.9834591985354013,0.9829424307036247,71.38622951507568,20260302_021753_run14
multirocket_fm,Meat,1.0,1.0,1.0,1.0,58.54864478111267,20260302_021852_run14
multirocket_fm,MedicalImages,0.8328947368421052,0.8181162976708344,0.8305770092067728,0.8328947368421052,68.4778413772583,20260302_022002_run14
multirocket_fm,MiddlePhalanxOutlineAgeGroup,0.6363636363636364,0.6190048317550171,0.626979645613186,0.6363636363636364,76.54288625717163,20260302_022120_run14
multirocket_fm,FaceFour,0.9318181818181818,0.9290763494246858,0.9382900432900434,0.9318181818181818,57.709248781204224,20260302_022218_run14
multirocket_fm,FacesUCR,0.9595121951219512,0.9588118258942661,0.9592401677885971,0.9595121951219512,621.0408489704132,20260302_023243_run14
multirocket_fm,EigenWorms,0.9618320610687023,0.9595692183022454,0.9642379573571993,0.9618320610687023,60.80198645591736,20260302_023344_run14
multirocket_fm,ACSF1,0.85,0.8496154417664714,0.860483682983683,0.85,61.71827006340027,20260302_023940_run15
multirocket_fm,Adiac,0.8414322250639387,0.8399016579295311,0.8686596467738337,0.8414322250639387,597.2332003116608,20260302_024939_run15
multirocket_fm,ArrowHead,0.9028571428571428,0.9028661478980081,0.9029607535321821,0.9028571428571428,60.39228367805481,20260302_025040_run15
multirocket_fm,ArticularyWordRecognition,0.99,0.9899826086956522,0.9907692307692307,0.99,670.6785001754761,20260302_030151_run15
multirocket_fm,AtrialFibrillation,0.13333333333333333,0.1111111111111111,0.09523809523809522,0.13333333333333333,57.713565826416016,20260302_030249_run15
multirocket_fm,BME,1.0,1.0,1.0,1.0,60.583457469940186,20260302_030350_run15
multirocket_fm,BasicMotions,1.0,1.0,1.0,1.0,57.7814302444458,20260302_030448_run15
multirocket_fm,Beef,0.6333333333333333,0.6266511266511267,0.6568253968253969,0.6333333333333333,57.607686042785645,20260302_030546_run15
multirocket_fm,BeetleFly,0.9,0.898989898989899,0.9166666666666667,0.9,57.519965171813965,20260302_030643_run15
multirocket_fm,BirdChicken,0.9,0.898989898989899,0.9166666666666667,0.9,57.92433452606201,20260302_030741_run15
multirocket_fm,CBF,1.0,1.0,1.0,1.0,60.516958236694336,20260302_030843_run15
multirocket_fm,Car,0.9166666666666666,0.9170739654610623,0.9398148148148148,0.9166666666666666,58.113566398620605,20260302_030942_run15
multirocket_fm,Chinatown,0.9591836734693877,0.9597961887189055,0.9623036855553292,0.9591836734693877,58.09989809989929,20260302_031040_run15
multirocket_fm,ChlorineConcentration,0.7408854166666666,0.723935337974755,0.7670200973057185,0.7408854166666666,107.55489230155945,20260302_031235_run15
multirocket_fm,CinCECGTorso,0.9876811594202899,0.9876812309034148,0.9876917813649215,0.9876811594202899,68.64403033256531,20260302_031347_run15
multirocket_fm,Coffee,1.0,1.0,1.0,1.0,57.712871074676514,20260302_031444_run15
multirocket_fm,Computers,0.924,0.9239403692494916,0.9253338469440164,0.924,61.59937810897827,20260302_031547_run15
multirocket_fm,Cricket,1.0,1.0,1.0,1.0,491.11412596702576,20260302_032358_run15
multirocket_fm,CricketX,0.8307692307692308,0.8315514737482745,0.83966059428425,0.8307692307692308,544.2975144386292,20260302_033304_run15
multirocket_fm,CricketY,0.8615384615384616,0.8610280513256664,0.8634979626959265,0.8615384615384616,551.1626904010773,20260302_034217_run15
multirocket_fm,CricketZ,0.8564102564102564,0.8579457838986458,0.8622115207669507,0.8564102564102564,542.5679020881653,20260302_035121_run15
multirocket_fm,DiatomSizeReduction,0.9607843137254902,0.9609633138092007,0.9624878320122374,0.9607843137254902,58.04060626029968,20260302_035541_run15
multirocket_fm,DistalPhalanxOutlineAgeGroup,0.8057553956834532,0.8020036617245675,0.8092625899280577,0.8057553956834532,70.57760620117188,20260302_035652_run15
multirocket_fm,DistalPhalanxOutlineCorrect,0.8369565217391305,0.8358532350890623,0.8365982241953385,0.8369565217391305,68.9619517326355,20260302_035803_run15
multirocket_fm,DistalPhalanxTW,0.6834532374100719,0.6614989012409008,0.6431668540765474,0.6834532374100719,71.00295519828796,20260302_035915_run15
multirocket_fm,ECG200,0.89,0.887963191560992,0.8909583917718561,0.89,57.93234968185425,20260302_040013_run15
multirocket_fm,ECG5000,0.9484444444444444,0.9412616445401119,0.9411954484316234,0.9484444444444444,98.86181139945984,20260302_040200_run15
multirocket_fm,ECGFiveDays,1.0,1.0,1.0,1.0,60.5896360874176,20260302_040303_run15
multirocket_fm,EOGHorizontalSignal,0.8812154696132597,0.8806745932091236,0.8834376086620563,0.8812154696132597,574.5118255615234,20260302_041239_run15
multirocket_fm,EOGVerticalSignal,0.8784530386740331,0.8723939661210219,0.8734226644727783,0.8784530386740331,579.2229797840118,20260302_042219_run15
multirocket_fm,ERing,0.9629629629629629,0.9625880642026973,0.966024187452759,0.9629629629629629,60.13773727416992,20260302_042320_run15
multirocket_fm,Earthquakes,0.7338129496402878,0.6819338118894218,0.676377008629317,0.7338129496402878,92.73650479316711,20260302_042453_run15
multirocket_fm,ElectricDevices,0.916093891842822,0.9161011380538554,0.9174528285113307,0.916093891842822,388.9534213542938,20260302_043153_run15
multirocket_fm,Epilepsy,1.0,1.0,1.0,1.0,66.15340423583984,20260302_043300_run15
multirocket_fm,EthanolConcentration,0.6996197718631179,0.6897107910002596,0.6913700012852982,0.6996197718631179,64.63269877433777,20260302_043405_run15
multirocket_fm,EthanolLevel,0.864,0.8639814769309858,0.8641816136261657,0.864,73.19537663459778,20260302_043520_run15
multirocket_fm,FaceAll,0.9857988165680474,0.9861421421246954,0.9870467707886429,0.9857988165680474,656.1742260456085,20260302_044621_run15
multirocket_fm,FiftyWords,0.8131868131868132,0.798924869299193,0.8219952102512258,0.8131868131868132,533.7831389904022,20260302_045517_run15
multirocket_fm,FingerMovements,0.59,0.5893844460014013,0.591731078904992,0.59,111.84587097167969,20260302_045709_run15
multirocket_fm,Fish,0.9885714285714285,0.9885673667836207,0.9890197802197802,0.9885714285714285,65.90169739723206,20260302_045816_run15
multirocket_fm,FordA,0.9598484848484848,0.9598511833285474,0.9598638042821733,0.9598484848484848,128.26605010032654,20260302_050033_run15
multirocket_fm,FordB,0.9407407407407408,0.9407244805781392,0.9416384247079667,0.9407407407407408,118.36694073677063,20260302_050239_run15
multirocket_fm,FreezerRegularTrain,0.9985964912280701,0.9985964905368989,0.9985974733837579,0.9985964912280701,103.2232813835144,20260302_050427_run15
multirocket_fm,FreezerSmallTrain,0.9978947368421053,0.9978947358053485,0.9978957176154488,0.9978947368421053,71.57763075828552,20260302_050544_run15
multirocket_fm,Fungi,0.9946236559139785,0.994667879660867,0.9950716845878135,0.9946236559139785,468.40491342544556,20260302_051333_run15
multirocket_fm,GunPoint,1.0,1.0,1.0,1.0,57.88100075721741,20260302_051431_run15
multirocket_fm,GunPointAgeSpan,1.0,1.0,1.0,1.0,69.74890446662903,20260302_051541_run15
multirocket_fm,GunPointMaleVersusFemale,1.0,1.0,1.0,1.0,70.72479462623596,20260302_051653_run15
multirocket_fm,GunPointOldVersusYoung,1.0,1.0,1.0,1.0,69.21430087089539,20260302_051802_run15
multirocket_fm,Ham,0.819047619047619,0.8189818719748777,0.819064935064935,0.819047619047619,58.350085496902466,20260302_051901_run15
multirocket_fm,HandMovementDirection,0.3108108108108108,0.3080377218308253,0.30662805662805664,0.3108108108108108,87.77521920204163,20260302_052029_run15
multirocket_fm,HandOutlines,0.9621621621621622,0.9618895359704005,0.9626140099282956,0.9621621621621622,75.59281921386719,20260302_052146_run15
multirocket_fm,Handwriting,0.4188235294117647,0.3680495240196065,0.46706937114541947,0.4188235294117647,510.5443046092987,20260302_053018_run15
multirocket_fm,Haptics,0.5941558441558441,0.5754737854737855,0.6058964432537052,0.5941558441558441,63.77603316307068,20260302_053123_run15
multirocket_fm,Heartbeat,0.7560975609756098,0.7483568161473471,0.7446020245281905,0.7560975609756098,69.62432432174683,20260302_053233_run15
multirocket_fm,Herring,0.609375,0.5891757865937073,0.5940628911138923,0.609375,58.050048828125,20260302_053331_run15
multirocket_fm,HouseTwenty,0.9663865546218487,0.9663865546218487,0.9663865546218487,0.9663865546218487,57.45876407623291,20260302_053429_run15
multirocket_fm,InlineSkate,0.6618181818181819,0.6617812319399403,0.6718622604145476,0.6618181818181819,59.683330059051514,20260302_053530_run15
multirocket_fm,InsectEPGRegularTrain,1.0,1.0,1.0,1.0,57.79227900505066,20260302_053628_run15
multirocket_fm,InsectEPGSmallTrain,1.0,1.0,1.0,1.0,57.64500379562378,20260302_053726_run15
multirocket_fm,InsectWingbeatSound,0.6601010101010101,0.6536873675788978,0.6545445229081079,0.6601010101010101,564.3439607620239,20260302_054655_run15
multirocket_fm,ItalyPowerDemand,0.9659863945578231,0.9659754684638318,0.9664925175420287,0.9659863945578231,61.78888702392578,20260302_054758_run15
multirocket_fm,LSST,0.7128953771289538,0.6772496433621203,0.6907046975204811,0.7128953771289538,1130.8085086345673,20260302_060658_run15
multirocket_fm,LargeKitchenAppliances,0.9546666666666667,0.9546394666752067,0.9556062318096217,0.9546666666666667,62.18474888801575,20260302_060802_run15
multirocket_fm,Libras,0.9166666666666666,0.913488281585917,0.9240655640655642,0.9166666666666666,665.4345033168793,20260302_061908_run15
multirocket_fm,Lightning2,0.7704918032786885,0.7662841530054646,0.7778287286484009,0.7704918032786885,58.45474624633789,20260302_062006_run15
multirocket_fm,Lightning7,0.7945205479452054,0.7885242611270009,0.8176836861768368,0.7945205479452054,58.0343542098999,20260302_062105_run15
multirocket_fm,Mallat,0.9829424307036247,0.982934897861185,0.983063852457335,0.9829424307036247,69.2096049785614,20260302_062218_run15
multirocket_fm,Meat,0.9833333333333333,0.9833229101521785,0.9841269841269842,0.9833333333333333,57.79908561706543,20260302_062316_run15
multirocket_fm,MedicalImages,0.8578947368421053,0.8542528475452653,0.8543827875942894,0.8578947368421053,71.19109106063843,20260302_062429_run15
multirocket_fm,MiddlePhalanxOutlineAgeGroup,0.6818181818181818,0.6777060143312674,0.6750588107840406,0.6818181818181818,78.51722478866577,20260302_062548_run15
multirocket_fm,FaceFour,0.9431818181818182,0.9432844212064991,0.9495493730407524,0.9431818181818182,61.761197090148926,20260302_062650_run15
multirocket_fm,FacesUCR,0.9702439024390244,0.970431669660914,0.9729606644753742,0.9702439024390244,621.9548029899597,20260302_063716_run15
multirocket_fm,EigenWorms,0.916030534351145,0.917315136149409,0.9204653307226368,0.916030534351145,56.828295946121216,20260302_063813_run15
multirocket_fm,ACSF1,0.79,0.792046899197929,0.8501554001554003,0.79,58.8497531414032,20260302_064403_run16
multirocket_fm,Adiac,0.8542199488491049,0.8518214138968451,0.8634086572705498,0.8542199488491049,584.5178408622742,20260302_065350_run16
multirocket_fm,ArrowHead,0.8628571428571429,0.8619446907756144,0.883864001167372,0.8628571428571429,61.38965821266174,20260302_065451_run16
multirocket_fm,ArticularyWordRecognition,0.99,0.9899826086956521,0.990769230769231,0.99,659.4700939655304,20260302_070552_run16
multirocket_fm,AtrialFibrillation,0.2,0.20134680134680136,0.20555555555555555,0.2,57.60029649734497,20260302_070649_run16
multirocket_fm,BME,1.0,1.0,1.0,1.0,58.55453658103943,20260302_070748_run16
multirocket_fm,BasicMotions,1.0,1.0,1.0,1.0,58.456143379211426,20260302_070847_run16
multirocket_fm,Beef,0.6666666666666666,0.6615384615384615,0.6904761904761905,0.6666666666666666,58.3270046710968,20260302_070945_run16
multirocket_fm,BeetleFly,0.95,0.949874686716792,0.9545454545454545,0.95,61.231823444366455,20260302_071046_run16
multirocket_fm,BirdChicken,0.95,0.949874686716792,0.9545454545454545,0.95,61.519553661346436,20260302_071148_run16
multirocket_fm,CBF,0.9988888888888889,0.9988888796908224,0.9988925559222589,0.9988888888888889,62.25748801231384,20260302_071251_run16
multirocket_fm,Car,0.9,0.9007936507936508,0.9049673202614379,0.9,58.493319511413574,20260302_071350_run16
multirocket_fm,Chinatown,0.9620991253644315,0.9628168256729636,0.9667039045257623,0.9620991253644315,62.617687940597534,20260302_071453_run16
multirocket_fm,ChlorineConcentration,0.7307291666666667,0.7162265217606126,0.7341448525644921,0.7307291666666667,108.90171003341675,20260302_071649_run16
multirocket_fm,CinCECGTorso,0.9905797101449275,0.9905858478957797,0.9906934687643336,0.9905797101449275,65.84256935119629,20260302_071757_run16
multirocket_fm,Coffee,1.0,1.0,1.0,1.0,59.86144208908081,20260302_071857_run16
multirocket_fm,Computers,0.9,0.8999855979261013,0.9002305327868853,0.9,60.1965012550354,20260302_071958_run16
multirocket_fm,Cricket,1.0,1.0,1.0,1.0,485.586674451828,20260302_072804_run16
multirocket_fm,CricketX,0.8358974358974359,0.8352659651698467,0.8477324640682484,0.8358974358974359,552.1470625400543,20260302_073717_run16
multirocket_fm,CricketY,0.8384615384615385,0.8393366106202852,0.8430188834240249,0.8384615384615385,547.085010766983,20260302_074625_run16
multirocket_fm,CricketZ,0.8564102564102564,0.8536142688804247,0.8549907823744032,0.8564102564102564,552.6548917293549,20260302_075539_run16
multirocket_fm,DiatomSizeReduction,0.9803921568627451,0.9798973064427031,0.9803828233401538,0.9803921568627451,61.32030415534973,20260302_080002_run16
multirocket_fm,DistalPhalanxOutlineAgeGroup,0.7697841726618705,0.7673442706408028,0.7688458397702324,0.7697841726618705,74.8774344921112,20260302_080118_run16
multirocket_fm,DistalPhalanxOutlineCorrect,0.8442028985507246,0.84366292898403,0.8436929536327126,0.8442028985507246,71.28123903274536,20260302_080231_run16
multirocket_fm,DistalPhalanxTW,0.7769784172661871,0.7621355322159385,0.7630358595950789,0.7769784172661871,73.55104351043701,20260302_080345_run16
multirocket_fm,ECG200,0.9,0.8993406593406593,0.8994652406417112,0.9,60.53249645233154,20260302_080446_run16
multirocket_fm,ECG5000,0.9464444444444444,0.941468487739958,0.9383262612105474,0.9464444444444444,108.83286309242249,20260302_080644_run16
multirocket_fm,ECGFiveDays,0.9535423925667829,0.9534292799659034,0.9574711542947504,0.9535423925667829,60.816094160079956,20260302_080746_run16
multirocket_fm,EOGHorizontalSignal,0.9088397790055248,0.9081977074055442,0.9130715194206066,0.9088397790055248,561.8438191413879,20260302_081710_run16
multirocket_fm,EOGVerticalSignal,0.8756906077348067,0.8725678875562508,0.8738497214754789,0.8756906077348067,566.8473081588745,20260302_082638_run16
multirocket_fm,ERing,0.9777777777777777,0.9778396474272667,0.9791666666666666,0.9777777777777777,60.05761742591858,20260302_082738_run16
multirocket_fm,Earthquakes,0.7482014388489209,0.6644576839333168,0.6912070343725021,0.7482014388489209,90.98078417778015,20260302_082910_run16
multirocket_fm,ElectricDevices,0.9245234081182726,0.9249023505186849,0.9268818900159332,0.9245234081182726,439.9964327812195,20260302_083700_run16
multirocket_fm,Epilepsy,0.9927536231884058,0.9927478549282573,0.9929443173150269,0.9927536231884058,67.87367463111877,20260302_083808_run16
multirocket_fm,EthanolConcentration,0.6730038022813688,0.6596590281119604,0.6671696604427342,0.6730038022813688,65.7016384601593,20260302_083915_run16
multirocket_fm,EthanolLevel,0.858,0.856101250262179,0.8549503607826614,0.858,71.27810525894165,20260302_084027_run16
multirocket_fm,FaceAll,0.9881656804733728,0.9881783709601942,0.9883810356690698,0.9881656804733728,664.5464458465576,20260302_085136_run16
multirocket_fm,FiftyWords,0.7978021978021979,0.7828327583652566,0.8079928200764442,0.7978021978021979,523.4269173145294,20260302_090021_run16
multirocket_fm,FingerMovements,0.58,0.58,0.5804641856742697,0.58,110.28572273254395,20260302_090212_run16
multirocket_fm,Fish,0.9885714285714285,0.9885829725829727,0.9888198757763975,0.9885714285714285,66.52499032020569,20260302_090320_run16
multirocket_fm,FordA,0.9583333333333334,0.9583277065563494,0.9583496197036725,0.9583333333333334,125.5255937576294,20260302_090533_run16
multirocket_fm,FordB,0.9407407407407408,0.9407421859034761,0.9407895137936291,0.9407407407407408,119.56665134429932,20260302_090739_run16
multirocket_fm,FreezerRegularTrain,0.9996491228070176,0.9996491227638195,0.9996493688639551,0.9996491228070176,92.35876202583313,20260302_090917_run16
multirocket_fm,FreezerSmallTrain,0.9975438596491228,0.9975438520894185,0.9975499852260417,0.9975438596491228,71.57859635353088,20260302_091033_run16
multirocket_fm,Fungi,0.9946236559139785,0.994619930103801,0.9948924731182797,0.9946236559139785,464.1116819381714,20260302_091817_run16
multirocket_fm,GunPoint,0.9933333333333333,0.993333629642799,0.9934222222222221,0.9933333333333333,58.08828783035278,20260302_091916_run16
multirocket_fm,GunPointAgeSpan,0.9968354430379747,0.9968355381201592,0.9968555994517455,0.9968354430379747,70.38979721069336,20260302_092027_run16
multirocket_fm,GunPointMaleVersusFemale,1.0,1.0,1.0,1.0,70.78677296638489,20260302_092139_run16
multirocket_fm,GunPointOldVersusYoung,1.0,1.0,1.0,1.0,70.96495389938354,20260302_092250_run16
multirocket_fm,Ham,0.8095238095238095,0.8090379008746356,0.8109212870768263,0.8095238095238095,58.34444808959961,20260302_092349_run16
multirocket_fm,HandMovementDirection,0.28378378378378377,0.28735345600176637,0.3256362196919473,0.28378378378378377,87.9625723361969,20260302_092518_run16
multirocket_fm,HandOutlines,0.972972972972973,0.9728797435846528,0.9730355657210815,0.972972972972973,79.61763048171997,20260302_092640_run16
multirocket_fm,Handwriting,0.4411764705882353,0.4029270476217706,0.5220900897169315,0.4411764705882353,534.119959115982,20260302_093536_run16
multirocket_fm,Haptics,0.5357142857142857,0.4867304339524336,0.4728802787495014,0.5357142857142857,64.40202474594116,20260302_093641_run16
multirocket_fm,Heartbeat,0.7121951219512195,0.6947908942875207,0.6877568366592756,0.7121951219512195,72.58747506141663,20260302_093754_run16
multirocket_fm,Herring,0.65625,0.6196637426900584,0.6590544871794872,0.65625,57.963688373565674,20260302_093853_run16
multirocket_fm,HouseTwenty,0.9915966386554622,0.991584425355056,0.99171668667467,0.9915966386554622,58.088139057159424,20260302_093951_run16
multirocket_fm,InlineSkate,0.6309090909090909,0.6282390078451545,0.6435178455954909,0.6309090909090909,59.998292446136475,20260302_094052_run16
multirocket_fm,InsectEPGRegularTrain,1.0,1.0,1.0,1.0,57.885952949523926,20260302_094150_run16
multirocket_fm,InsectEPGSmallTrain,1.0,1.0,1.0,1.0,57.44509768486023,20260302_094248_run16
multirocket_fm,InsectWingbeatSound,0.6590909090909091,0.6598797495520408,0.6632819898466737,0.6590909090909091,566.0567841529846,20260302_095218_run16
multirocket_fm,ItalyPowerDemand,0.967930029154519,0.9679300897303599,0.9679319785896949,0.967930029154519,62.63096594810486,20260302_095322_run16
multirocket_fm,LSST,0.6991078669910786,0.655947172719518,0.6916528426196988,0.6991078669910786,1242.5222108364105,20260302_101414_run16
multirocket_fm,LargeKitchenAppliances,0.9573333333333334,0.9574283046551955,0.9580341880341879,0.9573333333333334,61.3664984703064,20260302_101516_run16
multirocket_fm,Libras,0.9611111111111111,0.961221850613155,0.9646353646353646,0.9611111111111111,659.3299825191498,20260302_102616_run16
multirocket_fm,Lightning2,0.7540983606557377,0.7507028671547122,0.7578497205236898,0.7540983606557377,60.405681848526,20260302_102717_run16
multirocket_fm,Lightning7,0.7945205479452054,0.7918252739810058,0.7984996738421396,0.7945205479452054,59.82625079154968,20260302_102817_run16
multirocket_fm,Mallat,0.9654584221748401,0.9648862810133315,0.9722433011342773,0.9654584221748401,71.23971104621887,20260302_102932_run16
multirocket_fm,Meat,1.0,1.0,1.0,1.0,60.42150092124939,20260302_103033_run16
multirocket_fm,MedicalImages,0.8171052631578948,0.8121063700433279,0.8137021676267399,0.8171052631578948,70.90828013420105,20260302_103146_run16
multirocket_fm,MiddlePhalanxOutlineAgeGroup,0.5909090909090909,0.5720502814098873,0.5854228702878567,0.5909090909090909,77.37959170341492,20260302_103304_run16
multirocket_fm,FaceFour,0.8522727272727273,0.8498897949464115,0.8545146653702802,0.8522727272727273,57.86278581619263,20260302_103402_run16
multirocket_fm,FacesUCR,0.9502439024390243,0.9517732978810614,0.9581460016281343,0.9502439024390243,603.7443189620972,20260302_104409_run16
multirocket_fm,EigenWorms,0.9389312977099237,0.939823996348051,0.9419847328244275,0.9389312977099237,60.868037939071655,20260302_104511_run16
multirocket_fm,ACSF1,0.87,0.8695265832565603,0.8774281274281273,0.87,65.68362259864807,20260302_143137_run1
multirocket_fm,Adiac,0.8005115089514067,0.7937548137119327,0.8253403275593737,0.8005115089514067,606.902694940567,20260302_144146_run1
multirocket_fm,ArrowHead,0.9142857142857143,0.9132938595172974,0.9197102897102897,0.9142857142857143,58.91293120384216,20260302_144245_run1
multirocket_fm,ArticularyWordRecognition,0.99,0.990105685618729,0.9912087912087912,0.99,655.5356531143188,20260302_145342_run1
multirocket_fm,AtrialFibrillation,0.4,0.36253561253561256,0.36111111111111105,0.4,61.944655895233154,20260302_145444_run1
multirocket_fm,BME,1.0,1.0,1.0,1.0,61.76200866699219,20260302_145546_run1
multirocket_fm,BasicMotions,1.0,1.0,1.0,1.0,60.97323489189148,20260302_145647_run1
multirocket_fm,Beef,0.7333333333333333,0.6995104895104896,0.7190476190476189,0.7333333333333333,61.5311815738678,20260302_145748_run1
multirocket_fm,BeetleFly,0.95,0.949874686716792,0.9545454545454545,0.95,61.177075147628784,20260302_145850_run1
multirocket_fm,BirdChicken,1.0,1.0,1.0,1.0,61.05561685562134,20260302_145951_run1
multirocket_fm,CBF,0.9977777777777778,0.9977777287204751,0.9977923976608187,0.9977777777777778,63.29570388793945,20260302_150056_run1
multirocket_fm,Car,0.9166666666666666,0.9131859070464768,0.9175396825396827,0.9166666666666666,61.52000045776367,20260302_150157_run1
multirocket_fm,Chinatown,0.9708454810495627,0.9712829919420752,0.9736488001794124,0.9708454810495627,58.14815282821655,20260302_150256_run1
multirocket_fm,ChlorineConcentration,0.72265625,0.6919496931641136,0.7663464593587708,0.72265625,110.63152718544006,20260302_150455_run1
multirocket_fm,CinCECGTorso,0.994927536231884,0.9949255661635182,0.9949673650034776,0.994927536231884,64.36740636825562,20260302_150602_run1
multirocket_fm,Coffee,1.0,1.0,1.0,1.0,58.4102303981781,20260302_150700_run1
multirocket_fm,Computers,0.872,0.872,0.872,0.872,59.794594526290894,20260302_150801_run1
multirocket_fm,Cricket,1.0,1.0,1.0,1.0,479.2390487194061,20260302_151601_run1
multirocket_fm,CricketX,0.8205128205128205,0.82030705809895,0.8344201076352408,0.8205128205128205,555.2079339027405,20260302_152517_run1
multirocket_fm,ACSF1,0.92,0.9184597858282069,0.9250757575757576,0.92,58.254868507385254,20260302_152616_run2
multirocket_fm,Adiac,0.8797953964194374,0.878205605077831,0.8992735846805352,0.8797953964194374,590.295247554779,20260302_153606_run2
multirocket_fm,ArrowHead,0.8342857142857143,0.830428156339024,0.8410630422209371,0.8342857142857143,62.856390714645386,20260302_153709_run2
multirocket_fm,ArticularyWordRecognition,0.9966666666666667,0.9966608695652174,0.996923076923077,0.9966666666666667,671.572741985321,20260302_154821_run2
multirocket_fm,AtrialFibrillation,0.26666666666666666,0.2793650793650793,0.4,0.26666666666666666,61.01415681838989,20260302_154922_run2
multirocket_fm,BME,1.0,1.0,1.0,1.0,61.56373190879822,20260302_155024_run2
multirocket_fm,BasicMotions,1.0,1.0,1.0,1.0,61.109397411346436,20260302_155125_run2
multirocket_fm,Beef,0.8,0.8084848484848485,0.8444444444444446,0.8,61.18052053451538,20260302_155226_run2
multirocket_fm,BeetleFly,0.9,0.9,0.9,0.9,61.474634408950806,20260302_155328_run2
multirocket_fm,BirdChicken,0.85,0.846547314578005,0.8846153846153847,0.85,61.28987503051758,20260302_155429_run2
multirocket_fm,CBF,1.0,1.0,1.0,1.0,64.77495217323303,20260302_155534_run2
multirocket_fm,Car,0.9333333333333333,0.9338562091503267,0.9490196078431372,0.9333333333333333,61.397369146347046,20260302_155635_run2
multirocket_fm,Chinatown,0.967930029154519,0.9684541986036047,0.9712897403859503,0.967930029154519,61.200350284576416,20260302_155737_run2
multirocket_fm,ChlorineConcentration,0.72109375,0.6980076327098795,0.7470504482717372,0.72109375,112.09826278686523,20260302_155929_run2
multirocket_fm,CinCECGTorso,0.9891304347826086,0.9891156401170896,0.9891259749619767,0.9891304347826086,64.19188690185547,20260302_160034_run2
multirocket_fm,Coffee,1.0,1.0,1.0,1.0,57.75191569328308,20260302_160131_run2
multirocket_fm,Computers,0.896,0.8959933435739887,0.8961014019589015,0.896,59.64687466621399,20260302_160231_run2
multirocket_fm,Cricket,1.0,1.0,1.0,1.0,472.01415371894836,20260302_161023_run2
multirocket_fm,CricketX,0.8307692307692308,0.829277091222953,0.8374617130885161,0.8307692307692308,553.619854927063,20260302_161937_run2
multirocket_fm,ACSF1,0.88,0.8767372977899294,0.8797979797979798,0.88,61.69531464576721,20260302_162039_run3
multirocket_fm,Adiac,0.8618925831202046,0.8584228048005533,0.8751527858831906,0.8618925831202046,581.4395685195923,20260302_163021_run3
multirocket_fm,ArrowHead,0.92,0.9194358749889919,0.9208293469594839,0.92,63.45926785469055,20260302_163124_run3
multirocket_fm,ArticularyWordRecognition,0.9933333333333333,0.9933217391304349,0.9938461538461539,0.9933333333333333,661.4149537086487,20260302_164226_run3
multirocket_fm,AtrialFibrillation,0.2,0.17777777777777776,0.16190476190476188,0.2,61.376667499542236,20260302_164327_run3
multirocket_fm,BME,1.0,1.0,1.0,1.0,61.47590088844299,20260302_164429_run3
multirocket_fm,BasicMotions,1.0,1.0,1.0,1.0,61.581597328186035,20260302_164530_run3
multirocket_fm,Beef,0.8333333333333334,0.835957375957376,0.863095238095238,0.8333333333333334,61.216413736343384,20260302_164632_run3
multirocket_fm,BeetleFly,0.95,0.949874686716792,0.9545454545454545,0.95,61.39414858818054,20260302_164733_run3
multirocket_fm,BirdChicken,0.85,0.846547314578005,0.8846153846153847,0.85,60.329912185668945,20260302_164833_run3
multirocket_fm,CBF,1.0,1.0,1.0,1.0,64.52406144142151,20260302_164938_run3
multirocket_fm,Car,0.8833333333333333,0.8847850503022917,0.8930555555555556,0.8833333333333333,61.790074825286865,20260302_165040_run3
multirocket_fm,Chinatown,0.9591836734693877,0.9596834652228239,0.9614086298419784,0.9591836734693877,61.09367513656616,20260302_165141_run3
multirocket_fm,ChlorineConcentration,0.7361979166666667,0.719389615221195,0.7514439951708122,0.7361979166666667,109.27157092094421,20260302_165331_run3
multirocket_fm,CinCECGTorso,0.9681159420289855,0.967944742033008,0.9681456882977378,0.9681159420289855,64.48538422584534,20260302_165435_run3
multirocket_fm,Coffee,1.0,1.0,1.0,1.0,58.452961444854736,20260302_165534_run3
multirocket_fm,Computers,0.868,0.8679471788715487,0.8685897435897435,0.868,58.93999481201172,20260302_165633_run3
multirocket_fm,Cricket,1.0,1.0,1.0,1.0,475.45767283439636,20260302_170428_run3
multirocket_fm,CricketX,0.8153846153846154,0.8127907105504634,0.8184719099358051,0.8153846153846154,558.4767224788666,20260302_171347_run3
multirocket_fm,ACSF1,0.9,0.8969845290588324,0.9051082251082251,0.9,63.12495470046997,20260302_171450_run4
multirocket_fm,Adiac,0.8542199488491049,0.8492812913530691,0.8589908031723886,0.8542199488491049,581.5335350036621,20260302_172432_run4
multirocket_fm,ArrowHead,0.8,0.7998985944122979,0.8152079968224546,0.8,61.63866639137268,20260302_172534_run4
multirocket_fm,ArticularyWordRecognition,0.9966666666666667,0.9966608695652174,0.996923076923077,0.9966666666666667,657.5710716247559,20260302_173632_run4
multirocket_fm,AtrialFibrillation,0.3333333333333333,0.303030303030303,0.27777777777777773,0.3333333333333333,58.43283247947693,20260302_173730_run4
multirocket_fm,BME,1.0,1.0,1.0,1.0,58.074501514434814,20260302_173828_run4
multirocket_fm,BasicMotions,1.0,1.0,1.0,1.0,58.628381967544556,20260302_173927_run4
multirocket_fm,Beef,0.8,0.795151515151515,0.8166666666666667,0.8,58.12968349456787,20260302_174025_run4
multirocket_fm,BeetleFly,0.8,0.7916666666666667,0.8571428571428571,0.8,58.4432156085968,20260302_174124_run4
multirocket_fm,BirdChicken,1.0,1.0,1.0,1.0,58.24970078468323,20260302_174222_run4
multirocket_fm,CBF,0.9911111111111112,0.9910822043537488,0.991234815063313,0.9911111111111112,61.78826689720154,20260302_174324_run4
multirocket_fm,Car,0.9333333333333333,0.9338624338624337,0.9380392156862745,0.9333333333333333,58.48058557510376,20260302_174422_run4
multirocket_fm,Chinatown,0.967930029154519,0.9684541986036047,0.9712897403859503,0.967930029154519,59.56169509887695,20260302_174522_run4
multirocket_fm,ChlorineConcentration,0.7518229166666667,0.7336011143732312,0.7773925164780006,0.7518229166666667,112.14404058456421,20260302_174715_run4
multirocket_fm,CinCECGTorso,0.9963768115942029,0.9963768992863824,0.9964040561832027,0.9963768115942029,65.50282192230225,20260302_174820_run4
multirocket_fm,Coffee,1.0,1.0,1.0,1.0,59.809646129608154,20260302_174920_run4
multirocket_fm,Computers,0.868,0.8676421042498916,0.8720238095238095,0.868,61.57600021362305,20260302_175022_run4
multirocket_fm,Cricket,1.0,1.0,1.0,1.0,472.22198581695557,20260302_175814_run4
multirocket_fm,CricketX,0.8333333333333334,0.8309793004385212,0.8529632448298854,0.8333333333333334,547.4229915142059,20260302_180722_run4
multirocket_fm,ACSF1,0.92,0.9187492349411852,0.9286363636363637,0.92,59.691086769104004,20260302_180821_run5
multirocket_fm,Adiac,0.8542199488491049,0.8575537449219948,0.8807666473906884,0.8542199488491049,596.4612545967102,20260302_181818_run5
multirocket_fm,ArrowHead,0.8857142857142857,0.8856857104503583,0.8875931361890266,0.8857142857142857,62.977391719818115,20260302_181921_run5
multirocket_fm,ArticularyWordRecognition,0.99,0.9899826086956522,0.9907692307692307,0.99,666.8624200820923,20260302_183028_run5
multirocket_fm,AtrialFibrillation,0.3333333333333333,0.24019607843137256,0.2222222222222222,0.3333333333333333,61.487969160079956,20260302_183130_run5
multirocket_fm,BME,1.0,1.0,1.0,1.0,61.67937397956848,20260302_183232_run5
multirocket_fm,BasicMotions,1.0,1.0,1.0,1.0,61.23666548728943,20260302_183333_run5
multirocket_fm,Beef,0.6333333333333333,0.6290909090909091,0.6422222222222224,0.6333333333333333,61.91295123100281,20260302_183435_run5
multirocket_fm,BeetleFly,0.9,0.9,0.9,0.9,61.12057590484619,20260302_183536_run5
multirocket_fm,BirdChicken,0.95,0.949874686716792,0.9545454545454545,0.95,61.53790473937988,20260302_183637_run5
multirocket_fm,CBF,1.0,1.0,1.0,1.0,64.27569723129272,20260302_183742_run5
multirocket_fm,Car,0.9333333333333333,0.9347299680633014,0.9390740740740741,0.9333333333333333,58.01730155944824,20260302_183840_run5
multirocket_fm,Chinatown,0.9795918367346939,0.9797527015094049,0.9804155641392176,0.9795918367346939,58.053521394729614,20260302_183938_run5
multirocket_fm,ChlorineConcentration,0.7479166666666667,0.7340436264747727,0.7608131015399997,0.7479166666666667,110.20966792106628,20260302_184129_run5
multirocket_fm,CinCECGTorso,0.986231884057971,0.9862204751283653,0.9862518349274993,0.986231884057971,64.27830171585083,20260302_184233_run5
multirocket_fm,Coffee,1.0,1.0,1.0,1.0,58.026315450668335,20260302_184331_run5
multirocket_fm,Computers,0.888,0.8878851944391056,0.8895957843326264,0.888,59.71352434158325,20260302_184431_run5
multirocket_fm,Cricket,1.0,1.0,1.0,1.0,471.3122487068176,20260302_185222_run5
multirocket_fm,CricketX,0.841025641025641,0.8414055446662149,0.8540037220426895,0.841025641025641,542.9331905841827,20260302_190126_run5
multirocket_fm,ACSF1,0.87,0.8727750749422576,0.8930566165860284,0.87,58.161531925201416,20260302_190224_run6
multirocket_fm,Adiac,0.8235294117647058,0.8268017874190974,0.8705202591433547,0.8235294117647058,597.9661512374878,20260302_191222_run6
multirocket_fm,ArrowHead,0.8457142857142858,0.8453986929162713,0.8456962785114047,0.8457142857142858,61.60084676742554,20260302_191324_run6
multirocket_fm,ArticularyWordRecognition,0.9933333333333333,0.9933217391304349,0.9938461538461539,0.9933333333333333,637.8241534233093,20260302_192402_run6
multirocket_fm,AtrialFibrillation,0.26666666666666666,0.261952861952862,0.2611111111111111,0.26666666666666666,57.44239258766174,20260302_192459_run6
multirocket_fm,BME,1.0,1.0,1.0,1.0,57.96546173095703,20260302_192557_run6
multirocket_fm,BasicMotions,1.0,1.0,1.0,1.0,57.538386821746826,20260302_192655_run6
multirocket_fm,Beef,0.8,0.7924075924075923,0.8014285714285715,0.8,57.67733836174011,20260302_192753_run6
multirocket_fm,BeetleFly,0.9,0.9,0.9,0.9,57.53458857536316,20260302_192850_run6
multirocket_fm,BirdChicken,0.9,0.898989898989899,0.9166666666666667,0.9,57.612714767456055,20260302_192948_run6
multirocket_fm,CBF,1.0,1.0,1.0,1.0,60.93820881843567,20260302_193049_run6
multirocket_fm,Car,0.9666666666666667,0.9669312169312169,0.9711111111111111,0.9666666666666667,58.426207065582275,20260302_193147_run6
multirocket_fm,Chinatown,0.9650145772594753,0.9656322211424253,0.968975191154629,0.9650145772594753,58.133105516433716,20260302_193246_run6
multirocket_fm,ChlorineConcentration,0.7270833333333333,0.7086231546349505,0.7477082158222076,0.7270833333333333,113.06288552284241,20260302_193439_run6
multirocket_fm,CinCECGTorso,0.9963768115942029,0.9963789073648395,0.9963956605512273,0.9963768115942029,68.93641066551208,20260302_193548_run6
multirocket_fm,Coffee,1.0,1.0,1.0,1.0,60.14021325111389,20260302_193649_run6
multirocket_fm,Computers,0.904,0.904,0.904,0.904,59.344358921051025,20260302_193748_run6
multirocket_fm,Cricket,1.0,1.0,1.0,1.0,474.4212222099304,20260302_194542_run6
multirocket_fm,CricketX,0.7974358974358975,0.7941044554056403,0.8107481417574162,0.7974358974358975,540.9468803405762,20260302_195444_run6
multirocket_fm,ACSF1,0.85,0.8488884236865123,0.8786546786546786,0.85,58.62918782234192,20260302_195542_run7
multirocket_fm,Adiac,0.8005115089514067,0.7906801387319207,0.8250724226878882,0.8005115089514067,575.456175327301,20260302_200518_run7
multirocket_fm,ArrowHead,0.9371428571428572,0.9371420775145449,0.937230003112356,0.9371428571428572,58.24041771888733,20260302_200617_run7
multirocket_fm,ArticularyWordRecognition,0.9933333333333333,0.9933217391304349,0.9938461538461539,0.9933333333333333,640.3591282367706,20260302_201657_run7
multirocket_fm,AtrialFibrillation,0.2,0.17676767676767677,0.1587301587301587,0.2,57.43641662597656,20260302_201755_run7
multirocket_fm,BME,1.0,1.0,1.0,1.0,57.493661403656006,20260302_201852_run7
multirocket_fm,BasicMotions,1.0,1.0,1.0,1.0,57.575512647628784,20260302_201950_run7
multirocket_fm,Beef,0.6333333333333333,0.6371139971139972,0.6822222222222223,0.6333333333333333,57.56615161895752,20260302_202047_run7
multirocket_fm,BeetleFly,0.9,0.898989898989899,0.9166666666666667,0.9,57.40250849723816,20260302_202145_run7
multirocket_fm,BirdChicken,0.95,0.949874686716792,0.9545454545454545,0.95,57.5250780582428,20260302_202242_run7
multirocket_fm,CBF,0.9988888888888889,0.9988888796908224,0.9988925559222589,0.9988888888888889,61.175686836242676,20260302_202344_run7
multirocket_fm,Car,0.9333333333333333,0.9338624338624337,0.9380392156862745,0.9333333333333333,57.73119902610779,20260302_202441_run7
multirocket_fm,Chinatown,0.967930029154519,0.9684541986036047,0.9712897403859503,0.967930029154519,57.932491302490234,20260302_202539_run7
multirocket_fm,ChlorineConcentration,0.7263020833333333,0.7109190994856521,0.7346646150459067,0.7263020833333333,111.3831582069397,20260302_202731_run7
multirocket_fm,CinCECGTorso,0.9688405797101449,0.9686923137959911,0.9694086168439746,0.9688405797101449,67.2802996635437,20260302_202839_run7
multirocket_fm,Coffee,1.0,1.0,1.0,1.0,61.054821491241455,20260302_202940_run7
multirocket_fm,Computers,0.904,0.903975417706933,0.9044141200589404,0.904,63.212735652923584,20260302_203043_run7
multirocket_fm,Cricket,1.0,1.0,1.0,1.0,497.3733172416687,20260302_203901_run7
multirocket_fm,CricketX,0.8179487179487179,0.8135501587502149,0.8347702833547389,0.8179487179487179,552.2753927707672,20260302_204813_run7
multirocket_fm,ACSF1,0.86,0.8599567099567099,0.8662878787878787,0.86,58.70426273345947,20260302_204912_run8
multirocket_fm,Adiac,0.8286445012787724,0.8318888610570919,0.8578801988009149,0.8286445012787724,575.6592020988464,20260302_205848_run8
multirocket_fm,ArrowHead,0.8914285714285715,0.8915885754906716,0.8923929571828731,0.8914285714285715,58.33900690078735,20260302_205946_run8
multirocket_fm,ArticularyWordRecognition,0.99,0.9899884057971016,0.9905128205128206,0.99,652.1308431625366,20260302_211039_run8
multirocket_fm,AtrialFibrillation,0.3333333333333333,0.32756132756132755,0.37301587301587297,0.3333333333333333,61.267478704452515,20260302_211140_run8
multirocket_fm,BME,1.0,1.0,1.0,1.0,61.668195724487305,20260302_211242_run8
multirocket_fm,BasicMotions,1.0,1.0,1.0,1.0,61.40341329574585,20260302_211343_run8
multirocket_fm,Beef,0.6666666666666666,0.6632034632034631,0.705,0.6666666666666666,61.31667733192444,20260302_211444_run8
multirocket_fm,BeetleFly,0.95,0.949874686716792,0.9545454545454545,0.95,61.13801050186157,20260302_211546_run8
multirocket_fm,BirdChicken,1.0,1.0,1.0,1.0,61.33750057220459,20260302_211647_run8
multirocket_fm,CBF,1.0,1.0,1.0,1.0,62.46964931488037,20260302_211749_run8
multirocket_fm,Car,0.9,0.9044002977336311,0.918681917211329,0.9,58.01784324645996,20260302_211848_run8
multirocket_fm,Chinatown,0.967930029154519,0.968367469509236,0.9703681819468427,0.967930029154519,57.83158206939697,20260302_211945_run8
multirocket_fm,ChlorineConcentration,0.74140625,0.7228684672269109,0.7590160758585334,0.74140625,108.71489071846008,20260302_212135_run8
multirocket_fm,CinCECGTorso,0.9731884057971014,0.9729911325481173,0.9739803665128216,0.9731884057971014,64.20331883430481,20260302_212239_run8
multirocket_fm,Coffee,1.0,1.0,1.0,1.0,57.57198357582092,20260302_212337_run8
multirocket_fm,Computers,0.924,0.9239987839805438,0.9240271377368151,0.924,59.76985216140747,20260302_212437_run8
multirocket_fm,Cricket,1.0,1.0,1.0,1.0,497.22832202911377,20260302_213254_run8
multirocket_fm,CricketX,0.8512820512820513,0.8514367678683888,0.8688938514852106,0.8512820512820513,550.8327565193176,20260302_214205_run8
multirocket_fm,ACSF1,0.85,0.8472817873560907,0.8642748917748917,0.85,60.16347050666809,20260302_214305_run9
multirocket_fm,Adiac,0.8337595907928389,0.8301356187225991,0.8551687301047914,0.8337595907928389,589.1572794914246,20260302_215255_run9
multirocket_fm,ArrowHead,0.8228571428571428,0.8216705027875811,0.8259713765287535,0.8228571428571428,57.882307052612305,20260302_215353_run9
multirocket_fm,ArticularyWordRecognition,0.9866666666666667,0.986485375494071,0.9876923076923078,0.9866666666666667,635.8591649532318,20260302_220429_run9
multirocket_fm,AtrialFibrillation,0.13333333333333333,0.1465201465201465,0.20833333333333334,0.13333333333333333,57.85891056060791,20260302_220526_run9
multirocket_fm,BME,1.0,1.0,1.0,1.0,57.970288038253784,20260302_220624_run9
multirocket_fm,BasicMotions,1.0,1.0,1.0,1.0,57.76262593269348,20260302_220722_run9
multirocket_fm,Beef,0.6666666666666666,0.6611832611832612,0.6916666666666667,0.6666666666666666,57.71551489830017,20260302_220820_run9
multirocket_fm,BeetleFly,0.95,0.949874686716792,0.9545454545454545,0.95,60.515297651290894,20260302_220921_run9
multirocket_fm,BirdChicken,0.85,0.846547314578005,0.8846153846153847,0.85,61.35423493385315,20260302_221022_run9
multirocket_fm,CBF,1.0,1.0,1.0,1.0,64.60147285461426,20260302_221127_run9
multirocket_fm,Car,0.9666666666666667,0.9666666666666667,0.9666666666666667,0.9666666666666667,60.59978914260864,20260302_221227_run9
multirocket_fm,Chinatown,0.9620991253644315,0.9626161003290971,0.9646826969345298,0.9620991253644315,58.07751822471619,20260302_221325_run9
multirocket_fm,ChlorineConcentration,0.7416666666666667,0.7224101213707741,0.7742562629902151,0.7416666666666667,113.73232436180115,20260302_221520_run9
multirocket_fm,CinCECGTorso,0.9927536231884058,0.9927472806969925,0.9927597592036554,0.9927536231884058,67.35844850540161,20260302_221627_run9
multirocket_fm,Coffee,1.0,1.0,1.0,1.0,57.571430683135986,20260302_221725_run9
multirocket_fm,Computers,0.892,0.891915261565067,0.8932331792501284,0.892,58.42672538757324,20260302_221823_run9
multirocket_fm,Cricket,1.0,1.0,1.0,1.0,469.63168263435364,20260302_222613_run9
multirocket_fm,CricketX,0.8153846153846154,0.8117478000020218,0.8276911446692513,0.8153846153846154,540.3672211170197,20260302_223514_run9
multirocket_fm,ACSF1,0.83,0.833389270277142,0.8808119658119657,0.83,58.408615827560425,20260302_223612_run10
multirocket_fm,Adiac,0.8312020460358056,0.8318031291014497,0.8626611027506168,0.8312020460358056,578.3438642024994,20260302_224551_run10
multirocket_fm,ArrowHead,0.92,0.9202341761740258,0.9226016009852216,0.92,57.98830533027649,20260302_224649_run10
multirocket_fm,ArticularyWordRecognition,0.9766666666666667,0.9762580665711099,0.9786446886446887,0.9766666666666667,643.4237713813782,20260302_225732_run10
multirocket_fm,AtrialFibrillation,0.2,0.20454545454545456,0.2222222222222222,0.2,57.814441204071045,20260302_225830_run10
multirocket_fm,BME,1.0,1.0,1.0,1.0,58.22754955291748,20260302_225929_run10
multirocket_fm,BasicMotions,1.0,1.0,1.0,1.0,60.14305830001831,20260302_230029_run10
multirocket_fm,Beef,0.7333333333333333,0.7278499278499279,0.7583333333333333,0.7333333333333333,57.7529981136322,20260302_230126_run10
multirocket_fm,BeetleFly,0.95,0.949874686716792,0.9545454545454545,0.95,57.73193907737732,20260302_230224_run10
multirocket_fm,BirdChicken,0.9,0.898989898989899,0.9166666666666667,0.9,57.51769757270813,20260302_230322_run10
multirocket_fm,CBF,0.9988888888888889,0.9988888796908224,0.9988925559222589,0.9988888888888889,61.43170738220215,20260302_230423_run10
multirocket_fm,Car,0.9833333333333333,0.9834167500834167,0.9845238095238095,0.9833333333333333,57.82483220100403,20260302_230521_run10
multirocket_fm,Chinatown,0.9620991253644315,0.9626161003290971,0.9646826969345298,0.9620991253644315,57.98858451843262,20260302_230619_run10
multirocket_fm,ChlorineConcentration,0.728125,0.7097556180417466,0.7371867511951039,0.728125,109.24737501144409,20260302_230809_run10
multirocket_fm,CinCECGTorso,0.9942028985507246,0.9942019450471578,0.9942778365743944,0.9942028985507246,64.16719841957092,20260302_230913_run10
multirocket_fm,Coffee,1.0,1.0,1.0,1.0,58.234992265701294,20260302_231012_run10
multirocket_fm,Computers,0.896,0.8955722639933165,0.9025961350771033,0.896,59.13009524345398,20260302_231111_run10
multirocket_fm,Cricket,1.0,1.0,1.0,1.0,473.94264960289,20260302_231905_run10
multirocket_fm,CricketX,0.8435897435897436,0.8419042909244775,0.8585646852795104,0.8435897435897436,554.6098146438599,20260302_232820_run10
multirocket_fm,Heartbeat,0.7658536585365854,0.745957302066868,0.7480877228940357,0.7658536585365854,38.65442872047424,20260302_142855_run1
multirocket_fm,Herring,0.609375,0.5727996254681648,0.5912990196078431,0.609375,35.510125160217285,20260302_142930_run1
multirocket_fm,HouseTwenty,0.957983193277311,0.9580378512610508,0.958230350963915,0.957983193277311,35.41340184211731,20260302_143006_run1
multirocket_fm,InlineSkate,0.6581818181818182,0.6575816604595154,0.6596481839951248,0.6581818181818182,37.87375235557556,20260302_143044_run1
multirocket_fm,InsectEPGRegularTrain,1.0,1.0,1.0,1.0,36.551289558410645,20260302_143120_run1
multirocket_fm,InsectEPGSmallTrain,1.0,1.0,1.0,1.0,36.07733988761902,20260302_143157_run1
multirocket_fm,InsectWingbeatSound,0.6681818181818182,0.6637520682644846,0.665826945083146,0.6681818181818182,351.5784795284271,20260302_143749_run1
multirocket_fm,ItalyPowerDemand,0.9601554907677357,0.9601440483887046,0.9607880519267208,0.9601554907677357,39.591071128845215,20260302_143831_run1
multirocket_fm,LSST,0.6897810218978102,0.6567364934765697,0.6831822887057846,0.6897810218978102,670.4059867858887,20260302_144951_run1
multirocket_fm,LargeKitchenAppliances,0.944,0.9440247948129454,0.9443098479537916,0.944,38.36339998245239,20260302_145031_run1
multirocket_fm,Libras,0.9277777777777778,0.9247854213758104,0.9393362193362192,0.9277777777777778,411.79596996307373,20260302_145723_run1
multirocket_fm,Lightning2,0.7213114754098361,0.7071558678116056,0.7468659594985536,0.7213114754098361,36.49648070335388,20260302_145800_run1
multirocket_fm,Lightning7,0.8356164383561644,0.8392466885363107,0.8727658186562297,0.8356164383561644,36.308756589889526,20260302_145837_run1
multirocket_fm,Mallat,0.9748400852878465,0.9748400852878465,0.9748729593430248,0.9748400852878465,43.428853034973145,20260302_145925_run1
multirocket_fm,Meat,0.9833333333333333,0.9833229101521784,0.9841269841269842,0.9833333333333333,36.418781757354736,20260302_150001_run1
multirocket_fm,MedicalImages,0.8421052631578947,0.8335022694073194,0.8383929564288058,0.8421052631578947,43.477187633514404,20260302_150047_run1
multirocket_fm,MiddlePhalanxOutlineAgeGroup,0.6233766233766234,0.6219569849300328,0.6320038529063682,0.6233766233766234,48.37004375457764,20260302_150136_run1
multirocket_fm,FaceFour,0.8409090909090909,0.8391197141868351,0.843548980857165,0.8409090909090909,36.37285804748535,20260302_150213_run1
multirocket_fm,FacesUCR,0.9736585365853658,0.974073637837554,0.9753372003025942,0.9736585365853658,377.3135516643524,20260302_150835_run1
multirocket_fm,EigenWorms,0.9770992366412213,0.9768848465161605,0.9770992366412213,0.9770992366412213,36.345038652420044,20260302_150912_run1
multirocket_fm,Heartbeat,0.775609756097561,0.7541056910569106,0.7604083947816223,0.775609756097561,43.83188605308533,20260302_150955_run2
multirocket_fm,Herring,0.671875,0.6324064449064449,0.6875536020583191,0.671875,37.00097107887268,20260302_151032_run2
multirocket_fm,HouseTwenty,0.9663865546218487,0.9662836563196706,0.9667465577780407,0.9663865546218487,36.67092537879944,20260302_151109_run2
multirocket_fm,InlineSkate,0.6218181818181818,0.6119872452057151,0.6418912371853238,0.6218181818181818,38.52502918243408,20260302_151148_run2
multirocket_fm,InsectEPGRegularTrain,1.0,1.0,1.0,1.0,37.20425891876221,20260302_151225_run2
multirocket_fm,InsectEPGSmallTrain,1.0,1.0,1.0,1.0,37.20300316810608,20260302_151302_run2
multirocket_fm,InsectWingbeatSound,0.657070707070707,0.6584299727308376,0.6638775339411296,0.657070707070707,351.92451095581055,20260302_151855_run2
multirocket_fm,ItalyPowerDemand,0.9582118561710399,0.9581901399834907,0.9593019214558334,0.9582118561710399,40.03090000152588,20260302_151935_run2
multirocket_fm,LSST,0.6987023519870236,0.6558269922195529,0.6643392149348518,0.6987023519870236,679.5604898929596,20260302_153056_run2
multirocket_fm,LargeKitchenAppliances,0.9573333333333334,0.9573730014073902,0.9575575594034352,0.9573333333333334,38.50390625,20260302_153135_run2
multirocket_fm,Libras,0.95,0.9504751995186776,0.9586813186813187,0.95,416.56500339508057,20260302_153831_run2
multirocket_fm,Lightning2,0.8032786885245902,0.8013330931363719,0.8065278393147246,0.8032786885245902,36.51501774787903,20260302_153908_run2
multirocket_fm,Lightning7,0.8493150684931506,0.8438180357426849,0.8880015160539281,0.8493150684931506,36.94595503807068,20260302_153945_run2
multirocket_fm,Mallat,0.9752665245202559,0.9751850837462998,0.9768320981344237,0.9752665245202559,43.83777666091919,20260302_154029_run2
multirocket_fm,Meat,0.9666666666666667,0.9665831244778613,0.9696969696969696,0.9666666666666667,37.31889319419861,20260302_154107_run2
multirocket_fm,MedicalImages,0.8342105263157895,0.8289567556716018,0.8325102409698112,0.8342105263157895,42.74148488044739,20260302_154150_run2
multirocket_fm,MiddlePhalanxOutlineAgeGroup,0.6688311688311688,0.646007732892679,0.6573463685925692,0.6688311688311688,49.35949635505676,20260302_154239_run2
multirocket_fm,FaceFour,0.8522727272727273,0.8522267417605339,0.8592045454545456,0.8522727272727273,36.78189516067505,20260302_154316_run2
multirocket_fm,FacesUCR,0.9629268292682926,0.9624925888785598,0.9640957043330618,0.9629268292682926,380.1521227359772,20260302_154937_run2
multirocket_fm,EigenWorms,0.9389312977099237,0.9391841350619975,0.943241717333859,0.9389312977099237,34.0736927986145,20260302_155011_run2
multirocket_fm,Heartbeat,0.751219512195122,0.7423920966384644,0.7383514409385274,0.751219512195122,40.141623735427856,20260302_155051_run3
multirocket_fm,Herring,0.640625,0.6364473004391631,0.6351073700954402,0.640625,33.60865020751953,20260302_155125_run3
multirocket_fm,HouseTwenty,0.9915966386554622,0.991584425355056,0.99171668667467,0.9915966386554622,34.57683038711548,20260302_155159_run3
multirocket_fm,InlineSkate,0.6345454545454545,0.6336734795880967,0.6495322720991349,0.6345454545454545,35.66494417190552,20260302_155235_run3
multirocket_fm,InsectEPGRegularTrain,1.0,1.0,1.0,1.0,34.756404638290405,20260302_155310_run3
multirocket_fm,InsectEPGSmallTrain,1.0,1.0,1.0,1.0,34.42306637763977,20260302_155344_run3
multirocket_fm,InsectWingbeatSound,0.6601010101010101,0.6614200927127419,0.6711514065022782,0.6601010101010101,338.425537109375,20260302_155923_run3
multirocket_fm,ItalyPowerDemand,0.9650145772594753,0.9650094883265165,0.965361869498566,0.9650145772594753,37.03640627861023,20260302_160000_run3
multirocket_fm,LSST,0.6877534468775345,0.648135902059163,0.6672847154663634,0.6877534468775345,655.2385470867157,20260302_161057_run3
multirocket_fm,LargeKitchenAppliances,0.944,0.9439993599897598,0.9440187745349035,0.944,38.586878538131714,20260302_161136_run3
multirocket_fm,Libras,0.9388888888888889,0.9382894496807541,0.941175491175491,0.9388888888888889,410.5296370983124,20260302_161827_run3
multirocket_fm,Lightning2,0.8360655737704918,0.8312656919214296,0.8582966813274691,0.8360655737704918,36.65475010871887,20260302_161903_run3
multirocket_fm,Lightning7,0.7808219178082192,0.7786336346972931,0.7928571428571428,0.7808219178082192,36.8572940826416,20260302_161940_run3
multirocket_fm,Mallat,0.971002132196162,0.9709554893058787,0.9717876552863665,0.971002132196162,44.07544159889221,20260302_162025_run3
multirocket_fm,Meat,1.0,1.0,1.0,1.0,37.036168813705444,20260302_162102_run3
multirocket_fm,MedicalImages,0.8421052631578947,0.8356742170532638,0.8396902065209354,0.8421052631578947,43.58326840400696,20260302_162146_run3
multirocket_fm,MiddlePhalanxOutlineAgeGroup,0.7012987012987013,0.6857275584456113,0.6949767557670293,0.7012987012987013,49.746617555618286,20260302_162236_run3
multirocket_fm,FaceFour,0.9318181818181818,0.9335606060606061,0.9464285714285713,0.9318181818181818,36.08884143829346,20260302_162312_run3
multirocket_fm,FacesUCR,0.9507317073170731,0.9512241220316102,0.9545175270217493,0.9507317073170731,379.78634572029114,20260302_162932_run3
multirocket_fm,EigenWorms,0.9694656488549618,0.9698621988698324,0.9717920756088695,0.9694656488549618,36.410457372665405,20260302_163009_run3
multirocket_fm,Heartbeat,0.775609756097561,0.7588394106402686,0.7604953385441191,0.775609756097561,41.43208599090576,20260302_163050_run4
multirocket_fm,Herring,0.640625,0.6278279785809906,0.6310307017543859,0.640625,36.93198585510254,20260302_163127_run4
multirocket_fm,HouseTwenty,0.9495798319327731,0.9497969107275517,0.952175058057411,0.9495798319327731,36.675832748413086,20260302_163204_run4
multirocket_fm,InlineSkate,0.6745454545454546,0.6752130633089153,0.683692212804895,0.6745454545454546,38.24659729003906,20260302_163242_run4
multirocket_fm,InsectEPGRegularTrain,1.0,1.0,1.0,1.0,37.09788751602173,20260302_163319_run4
multirocket_fm,InsectEPGSmallTrain,1.0,1.0,1.0,1.0,37.334763288497925,20260302_163357_run4
multirocket_fm,InsectWingbeatSound,0.6388888888888888,0.636898584011036,0.6407398463460011,0.6388888888888888,352.8497769832611,20260302_163950_run4
multirocket_fm,ItalyPowerDemand,0.9689018464528668,0.9689010240549839,0.9689294867756038,0.9689018464528668,40.15250253677368,20260302_164030_run4
multirocket_fm,LSST,0.6905920519059205,0.6537128848555217,0.6618984045384589,0.6905920519059205,673.208253622055,20260302_165145_run4
multirocket_fm,LargeKitchenAppliances,0.936,0.9359632844779603,0.9360650788967567,0.936,39.09987449645996,20260302_165224_run4
multirocket_fm,Libras,0.9555555555555556,0.9549586688137411,0.9617094017094019,0.9555555555555556,413.70205450057983,20260302_165918_run4
multirocket_fm,Lightning2,0.7540983606557377,0.7507028671547122,0.7578497205236898,0.7540983606557377,36.8013117313385,20260302_165955_run4
multirocket_fm,Lightning7,0.8082191780821918,0.7982262030207236,0.8228962818003913,0.8082191780821918,37.29709267616272,20260302_170032_run4
multirocket_fm,Mallat,0.979957356076759,0.9798788973914753,0.9818767761928215,0.979957356076759,44.18297457695007,20260302_170117_run4
multirocket_fm,Meat,1.0,1.0,1.0,1.0,36.807918310165405,20260302_170154_run4
multirocket_fm,MedicalImages,0.8276315789473684,0.8241062496860154,0.8250566361923704,0.8276315789473684,43.196977853775024,20260302_170237_run4
multirocket_fm,MiddlePhalanxOutlineAgeGroup,0.7012987012987013,0.6815065287901299,0.7118837794858203,0.7012987012987013,49.44151949882507,20260302_170327_run4
multirocket_fm,FaceFour,0.9886363636363636,0.9887208802016104,0.9893939393939394,0.9886363636363636,36.99079251289368,20260302_170404_run4
multirocket_fm,FacesUCR,0.9712195121951219,0.9714444939614802,0.9721151512469284,0.9712195121951219,381.3275365829468,20260302_171026_run4
multirocket_fm,EigenWorms,0.9541984732824428,0.9547818955153287,0.9574873031080343,0.9541984732824428,36.07419013977051,20260302_171102_run4
multirocket_fm,Heartbeat,0.775609756097561,0.7515204307887234,0.7609376271738245,0.775609756097561,42.93129849433899,20260302_171145_run5
multirocket_fm,Herring,0.703125,0.7021422205245735,0.7015064102564103,0.703125,36.981847047805786,20260302_171222_run5
multirocket_fm,HouseTwenty,0.957983193277311,0.9577804361490154,0.958847368734728,0.957983193277311,36.78328490257263,20260302_171259_run5
multirocket_fm,InlineSkate,0.5927272727272728,0.585920322470035,0.5980379248807374,0.5927272727272728,38.88466715812683,20260302_171338_run5
multirocket_fm,InsectEPGRegularTrain,1.0,1.0,1.0,1.0,37.39279055595398,20260302_171415_run5
multirocket_fm,InsectEPGSmallTrain,1.0,1.0,1.0,1.0,37.08266592025757,20260302_171453_run5
multirocket_fm,InsectWingbeatSound,0.6540404040404041,0.6491671801552069,0.6592282651648946,0.6540404040404041,353.99281883239746,20260302_172047_run5
multirocket_fm,ItalyPowerDemand,0.9659863945578231,0.9659846598335878,0.966130749381981,0.9659863945578231,40.161619663238525,20260302_172127_run5
multirocket_fm,LSST,0.7003244120032441,0.6556087620343469,0.6722186261331152,0.7003244120032441,673.3620321750641,20260302_173243_run5
multirocket_fm,LargeKitchenAppliances,0.9546666666666667,0.9545976647303878,0.9547107240437158,0.9546666666666667,38.955238580703735,20260302_173322_run5
multirocket_fm,Libras,0.9444444444444444,0.9436618357487924,0.9445609945609945,0.9444444444444444,411.8131229877472,20260302_174013_run5
multirocket_fm,Lightning2,0.7868852459016393,0.781880594141991,0.7991803278688525,0.7868852459016393,36.700045108795166,20260302_174050_run5
multirocket_fm,Lightning7,0.8356164383561644,0.8307040147321754,0.8354397695151119,0.8356164383561644,37.36953926086426,20260302_174128_run5
multirocket_fm,Mallat,0.9739872068230278,0.9738738114405797,0.9759982133376033,0.9739872068230278,44.140281200408936,20260302_174212_run5
multirocket_fm,Meat,1.0,1.0,1.0,1.0,36.785876989364624,20260302_174249_run5
multirocket_fm,MedicalImages,0.8407894736842105,0.8310936445688849,0.8342387163964838,0.8407894736842105,43.46885347366333,20260302_174333_run5
multirocket_fm,MiddlePhalanxOutlineAgeGroup,0.6428571428571429,0.6136356020637602,0.6370710325597544,0.6428571428571429,48.51416063308716,20260302_174421_run5
multirocket_fm,FaceFour,0.8863636363636364,0.8821542706250725,0.8968161736063464,0.8863636363636364,36.62382435798645,20260302_174458_run5
multirocket_fm,FacesUCR,0.9292682926829269,0.9292730073850095,0.9404969087222814,0.9292682926829269,380.8325033187866,20260302_175120_run5
multirocket_fm,EigenWorms,0.9312977099236641,0.9302578957390837,0.939292440293848,0.9312977099236641,36.28487253189087,20260302_175156_run5
multirocket_fm,Heartbeat,0.7560975609756098,0.7402225415566258,0.7380591785528606,0.7560975609756098,43.66318893432617,20260302_175240_run6
multirocket_fm,Herring,0.71875,0.7106972428419936,0.7161931818181818,0.71875,36.99659037590027,20260302_175317_run6
multirocket_fm,HouseTwenty,0.9915966386554622,0.9916075702522101,0.9917614104465315,0.9915966386554622,36.855875730514526,20260302_175354_run6
multirocket_fm,InlineSkate,0.6709090909090909,0.6654072412283119,0.6840888414531097,0.6709090909090909,38.430739879608154,20260302_175432_run6
multirocket_fm,InsectEPGRegularTrain,1.0,1.0,1.0,1.0,37.47171950340271,20260302_175510_run6
multirocket_fm,InsectEPGSmallTrain,1.0,1.0,1.0,1.0,37.0779926776886,20260302_175547_run6
multirocket_fm,InsectWingbeatSound,0.6767676767676768,0.6710894242662891,0.6707124849631118,0.6767676767676768,352.12475323677063,20260302_180139_run6
multirocket_fm,ItalyPowerDemand,0.9582118561710399,0.9581936949828761,0.959134609655935,0.9582118561710399,40.103968143463135,20260302_180220_run6
multirocket_fm,LSST,0.7088402270884022,0.674021390183473,0.6777307121704383,0.7088402270884022,669.8268592357635,20260302_181331_run6
multirocket_fm,LargeKitchenAppliances,0.9466666666666667,0.9466527944511138,0.9471452991452991,0.9466666666666667,39.15307569503784,20260302_181410_run6
multirocket_fm,Libras,0.9222222222222223,0.9216133721351113,0.9299633699633699,0.9222222222222223,418.87521600723267,20260302_182109_run6
multirocket_fm,Lightning2,0.8032786885245902,0.7948381288216978,0.836107934087347,0.8032786885245902,36.38717579841614,20260302_182146_run6
multirocket_fm,Lightning7,0.8493150684931506,0.8492200754708199,0.8623536479403067,0.8493150684931506,36.5366051197052,20260302_182222_run6
multirocket_fm,Mallat,0.9756929637526652,0.9755978117300871,0.977539806603384,0.9756929637526652,43.932703733444214,20260302_182307_run6
multirocket_fm,Meat,0.9833333333333333,0.9833229101521785,0.9841269841269842,0.9833333333333333,37.34654712677002,20260302_182344_run6
multirocket_fm,MedicalImages,0.8289473684210527,0.8214165925490786,0.8245785453691168,0.8289473684210527,43.546409606933594,20260302_182428_run6
multirocket_fm,MiddlePhalanxOutlineAgeGroup,0.6493506493506493,0.6454720099467495,0.6788143828960156,0.6493506493506493,51.35014533996582,20260302_182519_run6
multirocket_fm,FaceFour,0.9659090909090909,0.9657576743360738,0.9670875420875421,0.9659090909090909,36.94344091415405,20260302_182556_run6
multirocket_fm,FacesUCR,0.9609756097560975,0.961697127685809,0.9638410568459435,0.9609756097560975,379.39998412132263,20260302_183216_run6
multirocket_fm,EigenWorms,0.9618320610687023,0.96251812347075,0.9638767720828789,0.9618320610687023,36.53939890861511,20260302_183253_run6
multirocket_fm,Heartbeat,0.775609756097561,0.7649693154996066,0.7628453183756643,0.775609756097561,41.939168214797974,20260302_183335_run7
multirocket_fm,Herring,0.609375,0.5623886248886248,0.5912843053173241,0.609375,37.0051531791687,20260302_183412_run7
multirocket_fm,HouseTwenty,0.957983193277311,0.9579221267752795,0.9580003429943406,0.957983193277311,37.01883792877197,20260302_183449_run7
multirocket_fm,InlineSkate,0.6690909090909091,0.6679437138242487,0.6815391469868929,0.6690909090909091,38.44266700744629,20260302_183528_run7
multirocket_fm,InsectEPGRegularTrain,1.0,1.0,1.0,1.0,37.51866149902344,20260302_183605_run7
multirocket_fm,InsectEPGSmallTrain,1.0,1.0,1.0,1.0,37.18316864967346,20260302_183642_run7
multirocket_fm,InsectWingbeatSound,0.6904040404040404,0.6844128936996018,0.6852854361985984,0.6904040404040404,352.07310962677,20260302_184235_run7
multirocket_fm,ItalyPowerDemand,0.9611273080660836,0.9611262800687299,0.9611543021751114,0.9611273080660836,40.14874196052551,20260302_184315_run7
multirocket_fm,LSST,0.6958637469586375,0.6566396721516755,0.6685974150888927,0.6958637469586375,672.2979521751404,20260302_185429_run7
multirocket_fm,LargeKitchenAppliances,0.9386666666666666,0.9387376086776196,0.9395294223908233,0.9386666666666666,39.249197244644165,20260302_185509_run7
multirocket_fm,Libras,0.9444444444444444,0.9443159803159802,0.9513797313797313,0.9444444444444444,420.823757648468,20260302_190210_run7
multirocket_fm,Lightning2,0.8032786885245902,0.8013330931363719,0.8065278393147246,0.8032786885245902,36.8783221244812,20260302_190247_run7
multirocket_fm,Lightning7,0.8082191780821918,0.8067685301420369,0.8391199667911996,0.8082191780821918,36.93442964553833,20260302_190324_run7
multirocket_fm,Mallat,0.9825159914712154,0.9825152712978644,0.9825812082819729,0.9825159914712154,44.20116686820984,20260302_190408_run7
multirocket_fm,Meat,0.9833333333333333,0.9833229101521785,0.9841269841269842,0.9833333333333333,36.69170665740967,20260302_190445_run7
multirocket_fm,MedicalImages,0.8342105263157895,0.8344932814700244,0.8434191727342106,0.8342105263157895,43.28388500213623,20260302_190529_run7
multirocket_fm,MiddlePhalanxOutlineAgeGroup,0.6753246753246753,0.6622003063039552,0.6619373398710133,0.6753246753246753,49.23891282081604,20260302_190618_run7
multirocket_fm,FaceFour,0.9545454545454546,0.9546754603807895,0.9588296760710553,0.9545454545454546,36.7047758102417,20260302_190655_run7
multirocket_fm,FacesUCR,0.964390243902439,0.9637249931045978,0.9649938482100137,0.964390243902439,379.7345566749573,20260302_191315_run7
multirocket_fm,EigenWorms,0.9236641221374046,0.9237198243672419,0.9262794720415146,0.9236641221374046,36.4545156955719,20260302_191352_run7
multirocket_fm,Heartbeat,0.775609756097561,0.7565424144807485,0.7602787456445993,0.775609756097561,45.86841177940369,20260302_191438_run8
multirocket_fm,Herring,0.625,0.5850877192982455,0.6137820512820513,0.625,37.02751874923706,20260302_191515_run8
multirocket_fm,HouseTwenty,0.9747899159663865,0.9747532760651677,0.9748585148345051,0.9747899159663865,37.238890409469604,20260302_191552_run8
multirocket_fm,InlineSkate,0.6636363636363637,0.6641143172172294,0.6669362706914247,0.6636363636363637,38.72512984275818,20260302_191631_run8
multirocket_fm,InsectEPGRegularTrain,1.0,1.0,1.0,1.0,37.74006390571594,20260302_191708_run8
multirocket_fm,InsectEPGSmallTrain,1.0,1.0,1.0,1.0,37.37570667266846,20260302_191746_run8
multirocket_fm,InsectWingbeatSound,0.6686868686868687,0.6562965768360894,0.6617032601267532,0.6686868686868687,354.21535325050354,20260302_192341_run8
multirocket_fm,ItalyPowerDemand,0.9659863945578231,0.9659864588049271,0.9659883476642518,0.9659863945578231,40.42987251281738,20260302_192421_run8
multirocket_fm,LSST,0.7039740470397404,0.6683990032803697,0.6799662491642081,0.7039740470397404,673.9629428386688,20260302_193537_run8
multirocket_fm,LargeKitchenAppliances,0.9493333333333334,0.9492872807017545,0.9497768322696367,0.9493333333333334,39.32016348838806,20260302_193616_run8
multirocket_fm,Libras,0.9444444444444444,0.9447409209148341,0.9485958485958487,0.9444444444444444,405.1183748245239,20260302_194302_run8
multirocket_fm,Lightning2,0.7049180327868853,0.7019996397045578,0.7052872544675823,0.7049180327868853,36.96995735168457,20260302_194339_run8
multirocket_fm,Lightning7,0.8767123287671232,0.8757468566936738,0.8828696037600147,0.8767123287671232,36.64874005317688,20260302_194415_run8
multirocket_fm,Mallat,0.9748400852878465,0.9746504831934771,0.9782595358361429,0.9748400852878465,44.040032148361206,20260302_194500_run8
multirocket_fm,Meat,0.9833333333333333,0.9833229101521785,0.9841269841269842,0.9833333333333333,36.81247568130493,20260302_194537_run8
multirocket_fm,MedicalImages,0.85,0.847672117870369,0.8502759232083904,0.85,43.42225790023804,20260302_194620_run8
multirocket_fm,MiddlePhalanxOutlineAgeGroup,0.6233766233766234,0.6149212929584233,0.6225784681425426,0.6233766233766234,49.52914786338806,20260302_194710_run8
multirocket_fm,FaceFour,0.8977272727272727,0.8988185142965706,0.9055381400208986,0.8977272727272727,37.12770390510559,20260302_194747_run8
multirocket_fm,FacesUCR,0.9580487804878048,0.957743979123134,0.9599278155398486,0.9580487804878048,379.57483196258545,20260302_195408_run8
multirocket_fm,EigenWorms,0.9389312977099237,0.9355985960491803,0.9385551753385394,0.9389312977099237,36.45226716995239,20260302_195444_run8
multirocket_fm,Heartbeat,0.7609756097560976,0.7242730015952641,0.7437811615685218,0.7609756097560976,41.958996295928955,20260302_195526_run9
multirocket_fm,Herring,0.609375,0.5891757865937073,0.5940628911138923,0.609375,37.15893602371216,20260302_195603_run9
multirocket_fm,HouseTwenty,0.9663865546218487,0.9665312738183678,0.9688764394646748,0.9663865546218487,37.19432258605957,20260302_195640_run9
multirocket_fm,InlineSkate,0.6327272727272727,0.6311475327126803,0.6380282389902643,0.6327272727272727,38.67020010948181,20260302_195719_run9
multirocket_fm,InsectEPGRegularTrain,1.0,1.0,1.0,1.0,37.31007385253906,20260302_195757_run9
multirocket_fm,InsectEPGSmallTrain,1.0,1.0,1.0,1.0,37.329691886901855,20260302_195834_run9
multirocket_fm,InsectWingbeatSound,0.6616161616161617,0.6511541206548606,0.6527017868563937,0.6616161616161617,353.6773991584778,20260302_200428_run9
multirocket_fm,ItalyPowerDemand,0.9523809523809523,0.9523791533600965,0.9524223339644924,0.9523809523809523,40.041406869888306,20260302_200508_run9
multirocket_fm,LSST,0.699918896999189,0.661905690777734,0.6797474996446836,0.699918896999189,674.8263034820557,20260302_201625_run9
multirocket_fm,LargeKitchenAppliances,0.952,0.9519126130739034,0.9519064507180505,0.952,38.962467432022095,20260302_201704_run9
multirocket_fm,Libras,0.9333333333333333,0.933874521613652,0.9390831390831391,0.9333333333333333,407.75090765953064,20260302_202352_run9
multirocket_fm,Lightning2,0.7868852459016393,0.7839424848674174,0.7920433657200735,0.7868852459016393,37.14542579650879,20260302_202429_run9
multirocket_fm,Lightning7,0.863013698630137,0.86102957164601,0.8892330090662431,0.863013698630137,36.75757598876953,20260302_202506_run9
multirocket_fm,Mallat,0.9769722814498933,0.97691361902264,0.978227331731765,0.9769722814498933,44.27615165710449,20260302_202551_run9
multirocket_fm,Meat,1.0,1.0,1.0,1.0,37.148452281951904,20260302_202628_run9
multirocket_fm,MedicalImages,0.8342105263157895,0.8326199704413327,0.8391316151263003,0.8342105263157895,43.59775161743164,20260302_202712_run9
multirocket_fm,MiddlePhalanxOutlineAgeGroup,0.6233766233766234,0.6210910901609856,0.6466233766233767,0.6233766233766234,49.86545538902283,20260302_202802_run9
multirocket_fm,FaceFour,0.9318181818181818,0.9315982720427581,0.9389164756811815,0.9318181818181818,36.81792974472046,20260302_202838_run9
multirocket_fm,FacesUCR,0.9526829268292683,0.9532057563240507,0.9569880230714048,0.9526829268292683,380.2804856300354,20260302_203459_run9
multirocket_fm,EigenWorms,0.9389312977099237,0.9388697978747685,0.9394669880808892,0.9389312977099237,36.11546730995178,20260302_203536_run9
multirocket_fm,Heartbeat,0.7804878048780488,0.7672133939481091,0.7670436067997044,0.7804878048780488,41.72893834114075,20260302_203617_run10
multirocket_fm,Herring,0.625,0.5943181818181819,0.6121428571428571,0.625,36.73948287963867,20260302_203654_run10
multirocket_fm,HouseTwenty,0.9747899159663865,0.9746682616894092,0.9758403361344538,0.9747899159663865,37.04757118225098,20260302_203731_run10
multirocket_fm,InlineSkate,0.5945454545454546,0.5977933989757802,0.610252894502273,0.5945454545454546,38.748260498046875,20260302_203810_run10
multirocket_fm,InsectEPGRegularTrain,1.0,1.0,1.0,1.0,37.58437991142273,20260302_203848_run10
multirocket_fm,InsectEPGSmallTrain,1.0,1.0,1.0,1.0,37.21740174293518,20260302_203925_run10
multirocket_fm,InsectWingbeatSound,0.6797979797979798,0.674414719708223,0.6761601560830989,0.6797979797979798,353.74467277526855,20260302_204519_run10
multirocket_fm,ItalyPowerDemand,0.9689018464528668,0.9689019051929099,0.9689092844108075,0.9689018464528668,40.528714656829834,20260302_204600_run10
multirocket_fm,LSST,0.6889699918896999,0.642701146731696,0.6550440756433304,0.6889699918896999,674.6017696857452,20260302_205716_run10
multirocket_fm,LargeKitchenAppliances,0.9333333333333333,0.9331945854136978,0.9345192867474507,0.9333333333333333,38.74149942398071,20260302_205755_run10
multirocket_fm,Libras,0.9388888888888889,0.933702109729449,0.9491955756661639,0.9388888888888889,418.3102879524231,20260302_210454_run10
multirocket_fm,Lightning2,0.6885245901639344,0.6842236317293023,0.6894624301309226,0.6885245901639344,37.19051122665405,20260302_210531_run10
multirocket_fm,Lightning7,0.8767123287671232,0.8764181829451773,0.8878698926644132,0.8767123287671232,37.1310453414917,20260302_210608_run10
multirocket_fm,Mallat,0.9705756929637527,0.9703170407518943,0.9743861725979017,0.9705756929637527,44.22376775741577,20260302_210653_run10
multirocket_fm,Meat,1.0,1.0,1.0,1.0,36.935173988342285,20260302_210730_run10
multirocket_fm,MedicalImages,0.8236842105263158,0.8210059345288462,0.8228975243701533,0.8236842105263158,43.34708285331726,20260302_210813_run10
multirocket_fm,MiddlePhalanxOutlineAgeGroup,0.6623376623376623,0.6538693052978768,0.6599631095005359,0.6623376623376623,48.44461798667908,20260302_210902_run10
multirocket_fm,FaceFour,0.875,0.8822805932087051,0.9129964238659891,0.875,37.02558159828186,20260302_210939_run10
multirocket_fm,FacesUCR,0.9604878048780487,0.9598354780986449,0.9625559720702248,0.9604878048780487,380.91712951660156,20260302_211601_run10
multirocket_fm,EigenWorms,0.9465648854961832,0.947136652515669,0.9491969862198869,0.9465648854961832,36.29291868209839,20260302_211637_run10
multirocket_fm,Plane,1.0,1.0,1.0,1.0,68.51578545570374,20260303_084033_run1
multirocket_fm,Plane,1.0,1.0,1.0,1.0,66.54772329330444,20260303_084139_run2
multirocket_fm,Plane,1.0,1.0,1.0,1.0,66.63354468345642,20260303_084246_run3
multirocket_fm,Plane,1.0,1.0,1.0,1.0,64.37895965576172,20260303_084350_run4
multirocket_fm,Plane,1.0,1.0,1.0,1.0,65.23537755012512,20260303_084456_run5
multirocket_fm,Plane,1.0,1.0,1.0,1.0,67.05986642837524,20260303_084603_run6
multirocket_fm,Plane,1.0,1.0,1.0,1.0,64.1290009021759,20260303_084707_run7
multirocket_fm,Plane,1.0,1.0,1.0,1.0,64.08455538749695,20260303_084811_run8
multirocket_fm,Plane,1.0,1.0,1.0,1.0,64.07131314277649,20260303_084915_run9
multirocket_fm,Plane,1.0,1.0,1.0,1.0,64.48466968536377,20260303_085020_run10
multirocket_fm,Plane,1.0,1.0,1.0,1.0,64.73918843269348,20260303_085124_run11
multirocket_fm,Plane,1.0,1.0,1.0,1.0,63.76177477836609,20260303_085228_run12
multirocket_fm,Plane,1.0,1.0,1.0,1.0,65.08856320381165,20260303_085333_run13
multirocket_fm,Plane,1.0,1.0,1.0,1.0,66.39201593399048,20260303_085440_run14
multirocket_fm,Plane,1.0,1.0,1.0,1.0,65.68692421913147,20260303_085546_run15
multirocket_fm,Plane,1.0,1.0,1.0,1.0,65.12161540985107,20260303_085651_run16
multirocket_fm,Plane,1.0,1.0,1.0,1.0,64.59899854660034,20260303_085755_run17
multirocket_fm,Plane,1.0,1.0,1.0,1.0,64.4458258152008,20260303_085900_run18
multirocket_fm,Plane,1.0,1.0,1.0,1.0,65.40973138809204,20260303_090005_run19
multirocket_fm,Plane,1.0,1.0,1.0,1.0,65.1649010181427,20260303_090111_run20
multirocket_fm,Plane,1.0,1.0,1.0,1.0,65.7713794708252,20260303_090216_run21
multirocket_fm,Plane,1.0,1.0,1.0,1.0,64.98147869110107,20260303_090322_run22
multirocket_fm,Plane,1.0,1.0,1.0,1.0,64.96374583244324,20260303_090427_run23
multirocket_fm,Plane,1.0,1.0,1.0,1.0,66.09522700309753,20260303_090533_run24
multirocket_fm,Plane,1.0,1.0,1.0,1.0,65.92304301261902,20260303_090639_run25
multirocket_fm,Plane,1.0,1.0,1.0,1.0,66.9701509475708,20260303_090746_run26
multirocket_fm,Plane,1.0,1.0,1.0,1.0,67.3216061592102,20260303_090853_run27
multirocket_fm,Plane,1.0,1.0,1.0,1.0,67.13495802879333,20260303_091000_run28
multirocket_fm,Plane,0.9904761904761905,0.9904562870080112,0.9910364145658264,0.9904761904761905,64.63253450393677,20260303_091105_run29
multirocket_fm,Plane,1.0,1.0,1.0,1.0,64.52627277374268,20260303_091210_run30
multirocket_fm,CricketY,0.8512820512820513,0.8499913485808632,0.8534548881085883,0.8512820512820513,329.22678780555725,20260303_083635_run1
multirocket_fm,CricketZ,0.8435897435897436,0.842181784178964,0.8446007451330034,0.8435897435897436,333.1203565597534,20260303_084210_run1
multirocket_fm,DiatomSizeReduction,0.9836601307189542,0.98321867440996,0.984548167092924,0.9836601307189542,36.856322050094604,20260303_084247_run1
multirocket_fm,DistalPhalanxOutlineAgeGroup,0.7913669064748201,0.7879847845861242,0.8034289959336879,0.7913669064748201,44.71798586845398,20260303_084333_run1
multirocket_fm,DistalPhalanxOutlineCorrect,0.8188405797101449,0.8167438271604939,0.8190759075907591,0.8188405797101449,43.871161699295044,20260303_084418_run1
multirocket_fm,DistalPhalanxTW,0.7050359712230215,0.6843891657833607,0.6709777632439503,0.7050359712230215,45.47871994972229,20260303_084505_run1
multirocket_fm,ECG200,0.88,0.8782887700534759,0.8797058823529411,0.88,36.55760931968689,20260303_084542_run1
multirocket_fm,ECG5000,0.9431111111111111,0.9256861163966609,0.9310179252107017,0.9431111111111111,60.3826117515564,20260303_084652_run1
multirocket_fm,ECGFiveDays,1.0,1.0,1.0,1.0,38.54296636581421,20260303_084732_run1
multirocket_fm,EOGHorizontalSignal,0.8895027624309392,0.8876148994562838,0.8903128674802454,0.8895027624309392,345.3361015319824,20260303_085319_run1
multirocket_fm,EOGVerticalSignal,0.856353591160221,0.8544944220603474,0.8541951135184592,0.856353591160221,345.02681493759155,20260303_085905_run1
multirocket_fm,ERing,0.9962962962962963,0.9962958389924682,0.9963768115942028,0.9962962962962963,37.1058304309845,20260303_085943_run1
multirocket_fm,Earthquakes,0.7266187050359713,0.629736211031175,0.5556495979686839,0.7266187050359713,58.02379536628723,20260303_090042_run1
multirocket_fm,ElectricDevices,0.9159642069770457,0.9163723874455977,0.9181954602160887,0.9159642069770457,201.70691847801208,20260303_090435_run1
multirocket_fm,Epilepsy,0.9927536231884058,0.9927478549282573,0.9929443173150269,0.9927536231884058,41.68233799934387,20260303_090517_run1
multirocket_fm,EthanolConcentration,0.6653992395437263,0.6518333833680435,0.6481574287694684,0.6653992395437263,40.394612550735474,20260303_090559_run1
multirocket_fm,EthanolLevel,0.85,0.8492443520748559,0.8525844748350307,0.85,44.66935729980469,20260303_090645_run1
multirocket_fm,CricketY,0.8641025641025641,0.8630924962247918,0.8671618469420936,0.8641025641025641,331.6848669052124,20260303_091217_run2
multirocket_fm,CricketZ,0.8717948717948718,0.8703916733644644,0.8730221650661933,0.8717948717948718,332.02289962768555,20260303_091749_run2
multirocket_fm,DiatomSizeReduction,0.954248366013072,0.9500690758457222,0.9555632609030666,0.954248366013072,36.70971155166626,20260303_091826_run2
multirocket_fm,DistalPhalanxOutlineAgeGroup,0.8201438848920863,0.8183360480860611,0.8234456094168324,0.8201438848920863,44.7413215637207,20260303_091911_run2
multirocket_fm,DistalPhalanxOutlineCorrect,0.8405797101449275,0.8390558332875534,0.8408627494995977,0.8405797101449275,43.544273853302,20260303_091954_run2
multirocket_fm,DistalPhalanxTW,0.7194244604316546,0.6953610926103202,0.6883039023326794,0.7194244604316546,45.368945598602295,20260303_092040_run2
multirocket_fm,ECG200,0.91,0.9090740126120146,0.9099592944369064,0.91,36.6664719581604,20260303_092116_run2
multirocket_fm,ECG5000,0.9471111111111111,0.940944765129029,0.9367184980170435,0.9471111111111111,61.47027778625488,20260303_092219_run2
multirocket_fm,ECGFiveDays,0.9988385598141696,0.9988385660811726,0.99884126713395,0.9988385598141696,38.19946050643921,20260303_092257_run2
multirocket_fm,EOGHorizontalSignal,0.8646408839779005,0.8647306067356049,0.8725266889043741,0.8646408839779005,346.45630979537964,20260303_092844_run2
multirocket_fm,EOGVerticalSignal,0.8425414364640884,0.8361740359962978,0.8488270457456804,0.8425414364640884,344.4967358112335,20260303_093429_run2
multirocket_fm,ERing,0.9777777777777777,0.9776913771784314,0.9779209766490061,0.9777777777777777,37.04882597923279,20260303_093506_run2
multirocket_fm,Earthquakes,0.7266187050359713,0.6413306329726135,0.6087189949532911,0.7266187050359713,57.78368782997131,20260303_093603_run2
multirocket_fm,ElectricDevices,0.9199844378161068,0.9200499748572337,0.9213060737203927,0.9199844378161068,200.9822018146515,20260303_093929_run2
multirocket_fm,Epilepsy,1.0,1.0,1.0,1.0,41.486897706985474,20260303_094010_run2
multirocket_fm,EthanolConcentration,0.688212927756654,0.6700980406825184,0.6687397107253898,0.688212927756654,40.51981997489929,20260303_094051_run2
multirocket_fm,EthanolLevel,0.86,0.8582211893959805,0.8590399741606577,0.86,45.03316068649292,20260303_094136_run2
multirocket_fm,CricketY,0.8641025641025641,0.861735027307437,0.8698939056304594,0.8641025641025641,331.7215585708618,20260303_094708_run3
multirocket_fm,CricketZ,0.8564102564102564,0.8566917970874047,0.8581199494015922,0.8564102564102564,330.8369252681732,20260303_095239_run3
multirocket_fm,DiatomSizeReduction,0.9803921568627451,0.9798682007093762,0.9804043648110584,0.9803921568627451,36.790714740753174,20260303_095316_run3
multirocket_fm,DistalPhalanxOutlineAgeGroup,0.8201438848920863,0.8165154832655614,0.8225566317982795,0.8201438848920863,45.057116746902466,20260303_095401_run3
multirocket_fm,DistalPhalanxOutlineCorrect,0.8333333333333334,0.8331167424734677,0.8329894854950504,0.8333333333333334,43.50521636009216,20260303_095444_run3
multirocket_fm,DistalPhalanxTW,0.7194244604316546,0.6961759475109369,0.6945134801249909,0.7194244604316546,45.775253772735596,20260303_095530_run3
multirocket_fm,ECG200,0.86,0.8580035650623885,0.8590441176470588,0.86,36.699517011642456,20260303_095607_run3
multirocket_fm,ECG5000,0.9482222222222222,0.9410028789764575,0.9373663661407461,0.9482222222222222,60.71021389961243,20260303_095709_run3
multirocket_fm,ECGFiveDays,0.9988385598141696,0.9988385660811726,0.99884126713395,0.9988385598141696,38.71865963935852,20260303_095748_run3
multirocket_fm,EOGHorizontalSignal,0.8950276243093923,0.8968789354699982,0.9035360765688304,0.8950276243093923,347.78133821487427,20260303_100335_run3
multirocket_fm,EOGVerticalSignal,0.8453038674033149,0.8461562213955006,0.8519899262503077,0.8453038674033149,349.12722539901733,20260303_100925_run3
multirocket_fm,ERing,0.9814814814814815,0.9814565981811071,0.9824263038548753,0.9814814814814815,37.24596953392029,20260303_101002_run3
multirocket_fm,Earthquakes,0.7410071942446043,0.6492237788716394,0.645083932853717,0.7410071942446043,57.50139045715332,20260303_101100_run3
multirocket_fm,ElectricDevices,0.9206328621449876,0.9208995672689465,0.9225504464447555,0.9206328621449876,200.17719054222107,20260303_101424_run3
multirocket_fm,Epilepsy,1.0,1.0,1.0,1.0,42.359527349472046,20260303_101506_run3
multirocket_fm,EthanolConcentration,0.7072243346007605,0.7004114083716685,0.6980579277731809,0.7072243346007605,40.35779905319214,20260303_101547_run3
multirocket_fm,EthanolLevel,0.864,0.861809058896001,0.8634734482121652,0.864,45.196377754211426,20260303_101632_run3
multirocket_fm,CricketY,0.8538461538461538,0.8538379364280724,0.8600594116396688,0.8538461538461538,331.32613730430603,20260303_102203_run4
multirocket_fm,CricketZ,0.8358974358974359,0.83496999352537,0.8427621478571705,0.8358974358974359,333.575647354126,20260303_102737_run4
multirocket_fm,DiatomSizeReduction,0.9738562091503268,0.9734050603022035,0.9744296560869893,0.9738562091503268,37.36736011505127,20260303_102815_run4
multirocket_fm,DistalPhalanxOutlineAgeGroup,0.8057553956834532,0.8052354317995691,0.8116221308667351,0.8057553956834532,44.92153859138489,20260303_102859_run4
multirocket_fm,DistalPhalanxOutlineCorrect,0.8405797101449275,0.8396396396396396,0.840162952312485,0.8405797101449275,43.59499740600586,20260303_102943_run4
multirocket_fm,DistalPhalanxTW,0.7122302158273381,0.6849054480755572,0.6858933632314926,0.7122302158273381,45.48473525047302,20260303_103029_run4
multirocket_fm,ECG200,0.9,0.9005577005577006,0.901867572156197,0.9,36.89922499656677,20260303_103106_run4
multirocket_fm,ECG5000,0.9486666666666667,0.9402733838688165,0.937417482405832,0.9486666666666667,61.465322971343994,20260303_103208_run4
multirocket_fm,ECGFiveDays,1.0,1.0,1.0,1.0,38.65884590148926,20260303_103247_run4
multirocket_fm,EOGHorizontalSignal,0.9281767955801105,0.9266930033372456,0.9287543854650339,0.9281767955801105,349.1538977622986,20260303_103836_run4
multirocket_fm,EOGVerticalSignal,0.8701657458563536,0.8695452401338984,0.8763641670810625,0.8701657458563536,347.94935393333435,20260303_104424_run4
multirocket_fm,ERing,0.9703703703703703,0.9704944826557216,0.9721187025534852,0.9703703703703703,36.740063190460205,20260303_104501_run4
multirocket_fm,Earthquakes,0.7482014388489209,0.6531522118853084,0.6884156908050202,0.7482014388489209,57.67139554023743,20260303_104559_run4
multirocket_fm,ElectricDevices,0.9172610556348074,0.9174468602902498,0.9185150717778986,0.9172610556348074,202.98273086547852,20260303_104926_run4
multirocket_fm,Epilepsy,0.9927536231884058,0.9927478549282573,0.9929443173150269,0.9927536231884058,41.81318521499634,20260303_105008_run4
multirocket_fm,EthanolConcentration,0.6501901140684411,0.6383388474643228,0.6367259845396728,0.6501901140684411,40.6285879611969,20260303_105048_run4
multirocket_fm,EthanolLevel,0.85,0.8467990211392539,0.8471454386046825,0.85,44.77375936508179,20260303_105133_run4
multirocket_fm,CricketY,0.8564102564102564,0.8563786587648945,0.8656058879667912,0.8564102564102564,332.04637145996094,20260303_105705_run5
multirocket_fm,CricketZ,0.8461538461538461,0.8452581162430203,0.8490289365269407,0.8461538461538461,333.0170409679413,20260303_110239_run5
multirocket_fm,DiatomSizeReduction,0.9771241830065359,0.9767718193613691,0.9773586246092641,0.9771241830065359,37.1798894405365,20260303_110316_run5
multirocket_fm,DistalPhalanxOutlineAgeGroup,0.762589928057554,0.7604787964500195,0.7630812501812254,0.762589928057554,44.81098961830139,20260303_110401_run5
multirocket_fm,DistalPhalanxOutlineCorrect,0.8297101449275363,0.8296019396036971,0.8295159194282001,0.8297101449275363,44.19831109046936,20260303_110445_run5
multirocket_fm,DistalPhalanxTW,0.7338129496402878,0.716089154840807,0.7516999642420127,0.7338129496402878,45.07944941520691,20260303_110530_run5
multirocket_fm,ECG200,0.92,0.9188591800356507,0.9210294117647058,0.92,36.915127754211426,20260303_110607_run5
multirocket_fm,ECG5000,0.9502222222222222,0.9426194597192241,0.943528283137315,0.9502222222222222,60.39728856086731,20260303_110709_run5
multirocket_fm,ECGFiveDays,0.9988385598141696,0.9988385504134113,0.99884123594363,0.9988385598141696,38.67207980155945,20260303_110748_run5
multirocket_fm,EOGHorizontalSignal,0.9088397790055248,0.9078987438478567,0.9085479002884547,0.9088397790055248,349.41450095176697,20260303_111337_run5
multirocket_fm,EOGVerticalSignal,0.850828729281768,0.8458667420360344,0.8434838036979184,0.850828729281768,349.5519301891327,20260303_111927_run5
multirocket_fm,ERing,0.9777777777777777,0.9779740492368727,0.9787234042553191,0.9777777777777777,37.41006064414978,20260303_112004_run5
multirocket_fm,Earthquakes,0.7338129496402878,0.655959332564822,0.6464903265357639,0.7338129496402878,57.67341923713684,20260303_112102_run5
multirocket_fm,ElectricDevices,0.9176501102321359,0.9181618525078408,0.9205502235836674,0.9176501102321359,201.275164604187,20260303_112427_run5
multirocket_fm,Epilepsy,0.9927536231884058,0.9927565004474139,0.9929606625258798,0.9927536231884058,41.74806761741638,20260303_112509_run5
multirocket_fm,EthanolConcentration,0.7110266159695817,0.6999129637466938,0.7028924773563325,0.7110266159695817,40.95538926124573,20260303_112550_run5
multirocket_fm,EthanolLevel,0.858,0.8579311295991053,0.8580204199065281,0.858,45.19155478477478,20260303_112635_run5
multirocket_fm,CricketY,0.8435897435897436,0.842907883645517,0.8487360427405676,0.8435897435897436,332.49468207359314,20260303_113208_run6
multirocket_fm,CricketZ,0.8384615384615385,0.8377576190981001,0.8442838626829526,0.8384615384615385,334.9961519241333,20260303_113743_run6
multirocket_fm,DiatomSizeReduction,0.9019607843137255,0.8678569287042033,0.9256799493991145,0.9019607843137255,37.31313180923462,20260303_113821_run6
multirocket_fm,DistalPhalanxOutlineAgeGroup,0.8561151079136691,0.8531823791830923,0.8553266477726909,0.8561151079136691,44.684829235076904,20260303_113905_run6
multirocket_fm,DistalPhalanxOutlineCorrect,0.8731884057971014,0.8727488956846755,0.8729006936838262,0.8731884057971014,44.12858247756958,20260303_113950_run6
multirocket_fm,DistalPhalanxTW,0.7194244604316546,0.6920171694301223,0.6833148865522966,0.7194244604316546,45.708102226257324,20260303_114035_run6
multirocket_fm,ECG200,0.89,0.886928774928775,0.8940456532297231,0.89,36.96864938735962,20260303_114112_run6
multirocket_fm,ECG5000,0.9517777777777777,0.9441233614020791,0.9427150936667132,0.9517777777777777,60.205318450927734,20260303_114214_run6
multirocket_fm,ECGFiveDays,0.9535423925667829,0.9534292799659034,0.9574711542947504,0.9535423925667829,39.175713300704956,20260303_114253_run6
multirocket_fm,EOGHorizontalSignal,0.914364640883978,0.9122519533243583,0.9124583557358069,0.914364640883978,348.61440205574036,20260303_114842_run6
multirocket_fm,EOGVerticalSignal,0.861878453038674,0.8573319882820526,0.8568028517914461,0.861878453038674,349.6285696029663,20260303_115432_run6
multirocket_fm,ERing,0.9629629629629629,0.9631533026898195,0.9649763710981221,0.9629629629629629,37.07425808906555,20260303_115509_run6
multirocket_fm,Earthquakes,0.7553956834532374,0.6790853031860226,0.7206056050681843,0.7553956834532374,57.677512884140015,20260303_115606_run6
multirocket_fm,ElectricDevices,0.9205031772792115,0.9209320868385653,0.9226581110981057,0.9205031772792115,200.53833937644958,20260303_115931_run6
multirocket_fm,Epilepsy,1.0,1.0,1.0,1.0,41.652405977249146,20260303_120013_run6
multirocket_fm,EthanolConcentration,0.6920152091254753,0.6871289285140502,0.6899967024401685,0.6920152091254753,40.578222036361694,20260303_120053_run6
multirocket_fm,EthanolLevel,0.87,0.8680440811488648,0.8675475881870229,0.87,44.90239119529724,20260303_120138_run6
multirocket_fm,CricketY,0.841025641025641,0.8387163001638613,0.8520895870227447,0.841025641025641,332.3053276538849,20260303_120711_run7
multirocket_fm,CricketZ,0.8615384615384616,0.861187211420312,0.8661062324782646,0.8615384615384616,333.07738995552063,20260303_121244_run7
multirocket_fm,DiatomSizeReduction,0.954248366013072,0.954218771426626,0.9546098260932021,0.954248366013072,37.05600666999817,20260303_121321_run7
multirocket_fm,DistalPhalanxOutlineAgeGroup,0.7985611510791367,0.7938465597439668,0.8029266004162683,0.7985611510791367,44.89301562309265,20260303_121406_run7
multirocket_fm,DistalPhalanxOutlineCorrect,0.855072463768116,0.8548841238899719,0.8547876287167235,0.855072463768116,43.735028982162476,20260303_121450_run7
multirocket_fm,DistalPhalanxTW,0.6906474820143885,0.6672335821016254,0.6603008502289078,0.6906474820143885,45.012375593185425,20260303_121535_run7
multirocket_fm,ECG200,0.92,0.9194725274725275,0.9197504456327985,0.92,37.619980812072754,20260303_121613_run7
multirocket_fm,ECG5000,0.9395555555555556,0.93451270643736,0.9303742091723293,0.9395555555555556,60.53922200202942,20260303_121715_run7
multirocket_fm,ECGFiveDays,1.0,1.0,1.0,1.0,38.95909523963928,20260303_121754_run7
multirocket_fm,EOGHorizontalSignal,0.8701657458563536,0.8663728012713231,0.8711104376230548,0.8701657458563536,349.3834779262543,20260303_122343_run7
multirocket_fm,EOGVerticalSignal,0.861878453038674,0.862881793637362,0.8650310702937222,0.861878453038674,349.7013747692108,20260303_122933_run7
multirocket_fm,ERing,0.9925925925925926,0.9925921352887646,0.9926731078904991,0.9925925925925926,36.97471880912781,20260303_123010_run7
multirocket_fm,Earthquakes,0.7410071942446043,0.660207968079318,0.6646623000107377,0.7410071942446043,57.870105266571045,20260303_123108_run7
multirocket_fm,ElectricDevices,0.9182985345610167,0.9184723218887954,0.9196969748657616,0.9182985345610167,201.39511704444885,20260303_123433_run7
multirocket_fm,Epilepsy,1.0,1.0,1.0,1.0,41.17280578613281,20260303_123515_run7
multirocket_fm,EthanolConcentration,0.6273764258555133,0.6110331731993873,0.6064121140963873,0.6273764258555133,40.20077061653137,20260303_123555_run7
multirocket_fm,EthanolLevel,0.872,0.8722262327985159,0.873099065070293,0.872,45.45757794380188,20260303_123640_run7
multirocket_fm,CricketY,0.8461538461538461,0.8464480618686123,0.8499022761839697,0.8461538461538461,333.5821599960327,20260303_124214_run8
multirocket_fm,CricketZ,0.841025641025641,0.8405325509686097,0.849158198153097,0.841025641025641,333.6290738582611,20260303_124748_run8
multirocket_fm,DiatomSizeReduction,0.9477124183006536,0.9427393728991266,0.9523664054993979,0.9477124183006536,36.938390254974365,20260303_124825_run8
multirocket_fm,DistalPhalanxOutlineAgeGroup,0.8129496402877698,0.8126716772306734,0.8142354273595733,0.8129496402877698,45.09025716781616,20260303_124910_run8
multirocket_fm,DistalPhalanxOutlineCorrect,0.8913043478260869,0.8908427700348434,0.8912541888699665,0.8913043478260869,44.28032350540161,20260303_124954_run8
multirocket_fm,DistalPhalanxTW,0.7050359712230215,0.6893684692357991,0.6906052720686121,0.7050359712230215,45.77128720283508,20260303_125040_run8
multirocket_fm,ECG200,0.87,0.8649843587069864,0.8768949771689498,0.87,37.15560007095337,20260303_125117_run8
multirocket_fm,ECG5000,0.9457777777777778,0.936787937705476,0.9349455749293603,0.9457777777777778,60.13635468482971,20260303_125219_run8
multirocket_fm,ECGFiveDays,0.9465737514518002,0.9464040823226388,0.9517044559052807,0.9465737514518002,38.88823103904724,20260303_125258_run8
multirocket_fm,EOGHorizontalSignal,0.8895027624309392,0.8885043764537468,0.8939048616238511,0.8895027624309392,348.77982354164124,20260303_125847_run8
multirocket_fm,EOGVerticalSignal,0.8370165745856354,0.8322249278155627,0.8335905091993931,0.8370165745856354,349.81210136413574,20260303_130437_run8
multirocket_fm,ERing,0.9888888888888889,0.9887583680687128,0.9891304347826088,0.9888888888888889,37.27352833747864,20260303_130514_run8
multirocket_fm,Earthquakes,0.7266187050359713,0.6517091411616469,0.6330935251798561,0.7266187050359713,57.57860040664673,20260303_130612_run8
multirocket_fm,ElectricDevices,0.9216703410711969,0.9217977329078321,0.9232725362895562,0.9216703410711969,201.02852153778076,20260303_130937_run8
multirocket_fm,Epilepsy,1.0,1.0,1.0,1.0,41.762699365615845,20260303_131019_run8
multirocket_fm,EthanolConcentration,0.7072243346007605,0.6778020733412692,0.7334455028417748,0.7072243346007605,40.520636558532715,20260303_131059_run8
multirocket_fm,EthanolLevel,0.884,0.882134773775588,0.8816282922351408,0.884,45.41209363937378,20260303_131145_run8
multirocket_fm,CricketY,0.8487179487179487,0.8480849037967428,0.8539545710517578,0.8487179487179487,333.1741774082184,20260303_131718_run9
multirocket_fm,CricketZ,0.8564102564102564,0.8569812882643487,0.8632604122085188,0.8564102564102564,334.92559266090393,20260303_132253_run9
multirocket_fm,DiatomSizeReduction,0.8758169934640523,0.885752641626879,0.9262067977583052,0.8758169934640523,37.61537718772888,20260303_132331_run9
multirocket_fm,DistalPhalanxOutlineAgeGroup,0.7410071942446043,0.7373883184400968,0.74613678041524,0.7410071942446043,44.96969962120056,20260303_132416_run9
multirocket_fm,DistalPhalanxOutlineCorrect,0.822463768115942,0.8202217468313667,0.8231060606060606,0.822463768115942,43.39695644378662,20260303_132459_run9
multirocket_fm,DistalPhalanxTW,0.7266187050359713,0.7147561564158519,0.7089706078346745,0.7266187050359713,46.153027057647705,20260303_132545_run9
multirocket_fm,ECG200,0.93,0.9305599999999999,0.9328625472887768,0.93,36.94192314147949,20260303_132622_run9
multirocket_fm,ECG5000,0.9473333333333334,0.9375045360957408,0.9364312242210184,0.9473333333333334,61.31407976150513,20260303_132725_run9
multirocket_fm,ECGFiveDays,1.0,1.0,1.0,1.0,38.982407093048096,20260303_132804_run9
multirocket_fm,EOGHorizontalSignal,0.8977900552486188,0.8943647545140335,0.8968822997643262,0.8977900552486188,348.89172863960266,20260303_133353_run9
multirocket_fm,EOGVerticalSignal,0.8535911602209945,0.8482054625373807,0.8493092979524242,0.8535911602209945,348.8237943649292,20260303_133942_run9
multirocket_fm,ERing,0.9814814814814815,0.9814686647659612,0.9822564412238324,0.9814814814814815,37.38564348220825,20260303_134020_run9
multirocket_fm,Earthquakes,0.7553956834532374,0.6570710373849681,0.815660515066208,0.7553956834532374,58.32390022277832,20260303_134118_run9
multirocket_fm,ElectricDevices,0.9210219167423161,0.9212948188176703,0.9226233641447014,0.9210219167423161,201.95338988304138,20260303_134444_run9
multirocket_fm,Epilepsy,0.9927536231884058,0.9927478549282573,0.9929443173150269,0.9927536231884058,41.47825312614441,20260303_134526_run9
multirocket_fm,EthanolConcentration,0.6425855513307985,0.6195878140282071,0.6178531822126374,0.6425855513307985,40.7337167263031,20260303_134606_run9
multirocket_fm,EthanolLevel,0.846,0.8457647566383357,0.8456564798683701,0.846,45.74700999259949,20260303_134652_run9
multirocket_fm,CricketY,0.8717948717948718,0.8722190083676508,0.8741944549674502,0.8717948717948718,333.96590518951416,20260303_135226_run10
multirocket_fm,CricketZ,0.8435897435897436,0.8435548579295433,0.8511782795087806,0.8435897435897436,335.1493978500366,20260303_135802_run10
multirocket_fm,DiatomSizeReduction,0.9052287581699346,0.8778407395565747,0.9275731973006006,0.9052287581699346,37.43313932418823,20260303_135839_run10
multirocket_fm,DistalPhalanxOutlineAgeGroup,0.7913669064748201,0.7870971864385604,0.7942304051495646,0.7913669064748201,45.69936800003052,20260303_135925_run10
multirocket_fm,DistalPhalanxOutlineCorrect,0.8333333333333334,0.8333333333333334,0.8333333333333334,0.8333333333333334,44.43016004562378,20260303_140009_run10
multirocket_fm,DistalPhalanxTW,0.7410071942446043,0.7269859537882903,0.7345968072184971,0.7410071942446043,45.663853883743286,20260303_140055_run10
multirocket_fm,ECG200,0.94,0.9391443850267379,0.9416911764705883,0.94,37.33575391769409,20260303_140132_run10
multirocket_fm,ECG5000,0.9413333333333334,0.9358190273360603,0.9318964578788309,0.9413333333333334,61.40106129646301,20260303_140235_run10
multirocket_fm,ECGFiveDays,1.0,1.0,1.0,1.0,38.964401721954346,20260303_140314_run10
multirocket_fm,EOGHorizontalSignal,0.8756906077348067,0.872358899653557,0.877036819927678,0.8756906077348067,351.51409220695496,20260303_140906_run10
multirocket_fm,EOGVerticalSignal,0.8701657458563536,0.8662907674728668,0.8711198869893846,0.8701657458563536,351.3576271533966,20260303_141457_run10
multirocket_fm,ERing,0.9740740740740741,0.974073616770246,0.9741545893719805,0.9740740740740741,37.19733929634094,20260303_141535_run10
multirocket_fm,Earthquakes,0.7482014388489209,0.6745561253991559,0.6940823281224644,0.7482014388489209,57.90032982826233,20260303_141632_run10
multirocket_fm,ElectricDevices,0.9163532615743742,0.9164847867511992,0.9181587020993683,0.9163532615743742,205.13122534751892,20260303_142002_run10
multirocket_fm,Epilepsy,0.9927536231884058,0.9927478549282573,0.9929443173150269,0.9927536231884058,43.04830479621887,20260303_142045_run10
multirocket_fm,EthanolConcentration,0.6501901140684411,0.6413113174026864,0.6404617825161328,0.6501901140684411,40.94189953804016,20260303_142126_run10
multirocket_fm,EthanolLevel,0.85,0.8486808695093759,0.8477546086232693,0.85,45.521143674850464,20260303_142212_run10
multirocket_fm,FaceAll,0.9798816568047337,0.9801997331181914,0.9815061466615748,0.9798816568047337,685.4088444709778,20260303_084344_run1
multirocket_fm,FiftyWords,0.7934065934065934,0.7817375741527677,0.7957127972221703,0.7934065934065934,547.9921152591705,20260303_085255_run1
multirocket_fm,FingerMovements,0.59,0.5885579338759923,0.5900811688311688,0.59,111.98373317718506,20260303_085448_run1
multirocket_fm,Fish,0.9828571428571429,0.9829700818470992,0.9839234839234839,0.9828571428571429,66.25904655456543,20260303_085555_run1
multirocket_fm,FordA,0.9598484848484848,0.959856347120242,0.9599975472288906,0.9598484848484848,125.4370334148407,20260303_085809_run1
multirocket_fm,FordB,0.9308641975308642,0.9308658835540556,0.9309129705837526,0.9308641975308642,119.34928297996521,20260303_090016_run1
multirocket_fm,FreezerRegularTrain,0.9982456140350877,0.9982456120911676,0.9982478223356852,0.9982456140350877,99.25271916389465,20260303_090201_run1
multirocket_fm,FreezerSmallTrain,0.9947368421052631,0.994736732595606,0.9947780203067684,0.9947368421052631,71.92967700958252,20260303_090318_run1
multirocket_fm,Fungi,1.0,1.0,1.0,1.0,457.35974311828613,20260303_091056_run1
multirocket_fm,GunPoint,0.9933333333333333,0.993333629642799,0.9934222222222221,0.9933333333333333,57.13155221939087,20260303_091153_run1
multirocket_fm,GunPointAgeSpan,0.9968354430379747,0.9968355381201592,0.9968555994517455,0.9968354430379747,70.02827787399292,20260303_091304_run1
multirocket_fm,GunPointMaleVersusFemale,1.0,1.0,1.0,1.0,72.06206107139587,20260303_091417_run1
multirocket_fm,GunPointOldVersusYoung,1.0,1.0,1.0,1.0,70.47055125236511,20260303_091528_run1
multirocket_fm,Ham,0.7619047619047619,0.7618182525985232,0.7618701298701299,0.7619047619047619,57.783910036087036,20260303_091627_run1
multirocket_fm,HandMovementDirection,0.40540540540540543,0.42812394559218514,0.48799657781351147,0.40540540540540543,87.782390832901,20260303_091755_run1
multirocket_fm,HandOutlines,0.9513513513513514,0.9508027712752122,0.9525010024462379,0.9513513513513514,77.93138194084167,20260303_091915_run1
multirocket_fm,Handwriting,0.3870588235294118,0.34954506436590344,0.4454967467961306,0.3870588235294118,508.8070728778839,20260303_092746_run1
multirocket_fm,Haptics,0.5551948051948052,0.549877142774098,0.5561843630480405,0.5551948051948052,62.9816575050354,20260303_092850_run1
multirocket_fm,FaceAll,0.9857988165680474,0.9858642769629625,0.9861731903671099,0.9857988165680474,666.9483680725098,20260303_093958_run2
multirocket_fm,FiftyWords,0.8087912087912088,0.7941017544744026,0.8092178653563001,0.8087912087912088,529.6481261253357,20260303_094848_run2
multirocket_fm,FingerMovements,0.59,0.588561403508772,0.5929545454545455,0.59,109.83280682563782,20260303_095038_run2
multirocket_fm,Fish,0.9771428571428571,0.9771092911805871,0.9784615384615384,0.9771428571428571,66.69246768951416,20260303_095145_run2
multirocket_fm,FordA,0.9590909090909091,0.9590972995064552,0.9591741703778973,0.9590909090909091,124.4230124950409,20260303_095350_run2
multirocket_fm,FordB,0.9469135802469136,0.9469083196062608,0.9469752544229193,0.9469135802469136,121.11641836166382,20260303_095551_run2
multirocket_fm,FreezerRegularTrain,0.9992982456140351,0.9992982456140351,0.9992982456140351,0.9992982456140351,97.61515212059021,20260303_095729_run2
multirocket_fm,FreezerSmallTrain,0.9968421052631579,0.9968421048743743,0.9968423499377531,0.9968421052631579,72.26146006584167,20260303_095842_run2
multirocket_fm,Fungi,1.0,1.0,1.0,1.0,458.6130967140198,20260303_100621_run2
multirocket_fm,GunPoint,1.0,1.0,1.0,1.0,57.31630206108093,20260303_100718_run2
multirocket_fm,GunPointAgeSpan,1.0,1.0,1.0,1.0,71.15606164932251,20260303_100829_run2
multirocket_fm,GunPointMaleVersusFemale,1.0,1.0,1.0,1.0,70.98104977607727,20260303_100940_run2
multirocket_fm,GunPointOldVersusYoung,1.0,1.0,1.0,1.0,75.09306859970093,20260303_101056_run2
multirocket_fm,Ham,0.8666666666666667,0.8664488017429194,0.8719298245614036,0.8666666666666667,63.36247515678406,20260303_101159_run2
multirocket_fm,HandMovementDirection,0.2972972972972973,0.2995423341723152,0.30758481749193817,0.2972972972972973,92.35679721832275,20260303_101331_run2
multirocket_fm,HandOutlines,0.9621621621621622,0.9618895359704005,0.9626140099282956,0.9621621621621622,75.90967798233032,20260303_101447_run2
multirocket_fm,Handwriting,0.4164705882352941,0.3645746475943647,0.45467249037973345,0.4164705882352941,538.697069644928,20260303_102347_run2
multirocket_fm,Haptics,0.5844155844155844,0.5609881415051503,0.6009239115309203,0.5844155844155844,66.21873235702515,20260303_102453_run2
multirocket_fm,FaceAll,0.9857988165680474,0.9857833255198435,0.9861231765597679,0.9857988165680474,672.6198260784149,20260303_103606_run3
multirocket_fm,FiftyWords,0.8175824175824176,0.8018879441606541,0.8172122444100467,0.8175824175824176,530.397394657135,20260303_104458_run3
multirocket_fm,FingerMovements,0.52,0.5176811594202898,0.5191187270501836,0.52,112.9948558807373,20260303_104651_run3
multirocket_fm,Fish,0.9771428571428571,0.9771568942466776,0.9782091982091983,0.9771428571428571,66.85400319099426,20260303_104758_run3
multirocket_fm,FordA,0.9575757575757575,0.9575736125538938,0.9575758690169902,0.9575757575757575,126.98688530921936,20260303_105005_run3
multirocket_fm,FordB,0.9308641975308642,0.9308654620868063,0.9308780771146362,0.9308641975308642,123.35176014900208,20260303_105209_run3
multirocket_fm,FreezerRegularTrain,0.9982456140350877,0.9982456120911676,0.9982478223356852,0.9982456140350877,98.7551372051239,20260303_105348_run3
multirocket_fm,FreezerSmallTrain,0.9235087719298246,0.9232291549794907,0.9297700546865356,0.9235087719298246,72.74259233474731,20260303_105501_run3
multirocket_fm,Fungi,1.0,1.0,1.0,1.0,461.21648836135864,20260303_110243_run3
multirocket_fm,GunPoint,1.0,1.0,1.0,1.0,57.96490550041199,20260303_110341_run3
multirocket_fm,GunPointAgeSpan,0.9873417721518988,0.9873422792314905,0.9874218875180258,0.9873417721518988,70.86381220817566,20260303_110452_run3
multirocket_fm,GunPointMaleVersusFemale,1.0,1.0,1.0,1.0,74.41541719436646,20260303_110606_run3
multirocket_fm,GunPointOldVersusYoung,1.0,1.0,1.0,1.0,74.87111234664917,20260303_110721_run3
multirocket_fm,Ham,0.8095238095238095,0.8095238095238095,0.8095238095238095,0.8095238095238095,61.7754065990448,20260303_110823_run3
multirocket_fm,HandMovementDirection,0.4189189189189189,0.42042388010129944,0.43691801044742223,0.4189189189189189,91.35709285736084,20260303_110954_run3
multirocket_fm,HandOutlines,0.9486486486486486,0.9481234053944788,0.9494720725484872,0.9486486486486486,79.60524463653564,20260303_111114_run3
multirocket_fm,Handwriting,0.3870588235294118,0.36742546425291633,0.5461791229225743,0.3870588235294118,538.738534450531,20260303_112013_run3
multirocket_fm,Haptics,0.5909090909090909,0.5713252034546916,0.6208652925309781,0.5909090909090909,65.80586814880371,20260303_112119_run3
multirocket_fm,FaceAll,0.98698224852071,0.9872409596240839,0.9880005295984947,0.98698224852071,656.6076395511627,20260303_113217_run4
multirocket_fm,FiftyWords,0.8241758241758241,0.8117037687600929,0.8177139775879272,0.8241758241758241,532.6871075630188,20260303_114110_run4
multirocket_fm,FingerMovements,0.63,0.624618044959821,0.6349490662139219,0.63,111.49192476272583,20260303_114302_run4
multirocket_fm,Fish,0.9942857142857143,0.9942920752716672,0.9945142857142857,0.9942857142857143,67.51317381858826,20260303_114409_run4
multirocket_fm,FordA,0.9575757575757575,0.9575736125538938,0.9575758690169902,0.9575757575757575,124.8313717842102,20260303_114615_run4
multirocket_fm,FordB,0.9493827160493827,0.9493777000896907,0.9494450679635865,0.9493827160493827,120.10695028305054,20260303_114815_run4
multirocket_fm,FreezerRegularTrain,0.9992982456140351,0.9992982452684495,0.9992992291520674,0.9992982456140351,95.68856835365295,20260303_114952_run4
multirocket_fm,FreezerSmallTrain,0.9964912280701754,0.9964912004231243,0.9965068766710283,0.9964912280701754,76.78664922714233,20260303_115109_run4
multirocket_fm,Fungi,0.989247311827957,0.9893966547192353,0.9909015715467329,0.989247311827957,497.00880122184753,20260303_115926_run4
multirocket_fm,GunPoint,1.0,1.0,1.0,1.0,62.17097783088684,20260303_120028_run4
multirocket_fm,GunPointAgeSpan,1.0,1.0,1.0,1.0,73.19221019744873,20260303_120141_run4
multirocket_fm,GunPointMaleVersusFemale,1.0,1.0,1.0,1.0,69.662602186203,20260303_120251_run4
multirocket_fm,GunPointOldVersusYoung,1.0,1.0,1.0,1.0,72.63573670387268,20260303_120404_run4
multirocket_fm,Ham,0.8952380952380953,0.8952571065627957,0.8954385237404104,0.8952380952380953,61.178863525390625,20260303_120505_run4
multirocket_fm,HandMovementDirection,0.2972972972972973,0.2991063375131654,0.33732596232596235,0.2972972972972973,88.80432868003845,20260303_120634_run4
multirocket_fm,HandOutlines,0.9567567567567568,0.9566075897354444,0.9567025097083961,0.9567567567567568,76.7553825378418,20260303_120751_run4
multirocket_fm,Handwriting,0.40352941176470586,0.36157684090234987,0.4392865967487798,0.40352941176470586,522.1633262634277,20260303_121633_run4
multirocket_fm,Haptics,0.5032467532467533,0.4774712788298304,0.47726889812928774,0.5032467532467533,62.682291984558105,20260303_121736_run4
multirocket_fm,FaceAll,0.9863905325443787,0.9865321296047763,0.9871215569432882,0.9863905325443787,650.1935806274414,20260303_122827_run5
multirocket_fm,FiftyWords,0.8175824175824176,0.7993615797503182,0.8121930051121828,0.8175824175824176,532.6447937488556,20260303_123721_run5
multirocket_fm,FingerMovements,0.52,0.5196158463385354,0.5208992372541148,0.52,114.18438005447388,20260303_123915_run5
multirocket_fm,Fish,0.9885714285714285,0.9885673667836207,0.9890197802197802,0.9885714285714285,69.39845085144043,20260303_124024_run5
multirocket_fm,FordA,0.9651515151515152,0.9651569588388321,0.9652333289002475,0.9651515151515152,126.45918607711792,20260303_124231_run5
multirocket_fm,FordB,0.9506172839506173,0.9506172839506173,0.9506172839506173,0.9506172839506173,123.14041996002197,20260303_124435_run5
multirocket_fm,FreezerRegularTrain,1.0,1.0,1.0,1.0,97.44781756401062,20260303_124613_run5
multirocket_fm,FreezerSmallTrain,0.996140350877193,0.9961403275932351,0.9961523232816698,0.996140350877193,75.55815482139587,20260303_124729_run5
multirocket_fm,Fungi,1.0,1.0,1.0,1.0,485.96420216560364,20260303_125535_run5
multirocket_fm,GunPoint,0.9866666666666667,0.9866666666666667,0.9870175438596491,0.9866666666666667,60.71391582489014,20260303_125636_run5
multirocket_fm,GunPointAgeSpan,1.0,1.0,1.0,1.0,73.57734155654907,20260303_125749_run5
multirocket_fm,GunPointMaleVersusFemale,0.9968354430379747,0.9968359194795887,0.9968564003688489,0.9968354430379747,73.45451354980469,20260303_125903_run5
multirocket_fm,GunPointOldVersusYoung,1.0,1.0,1.0,1.0,73.47057747840881,20260303_130016_run5
multirocket_fm,Ham,0.8666666666666667,0.8666666666666667,0.8666666666666667,0.8666666666666667,61.33592677116394,20260303_130118_run5
multirocket_fm,HandMovementDirection,0.3783783783783784,0.3807985824114857,0.38815172638702056,0.3783783783783784,90.57666659355164,20260303_130248_run5
multirocket_fm,HandOutlines,0.9567567567567568,0.9567567567567568,0.9567567567567568,0.9567567567567568,79.5235116481781,20260303_130408_run5
multirocket_fm,Handwriting,0.3235294117647059,0.28298052174635463,0.4433200573296692,0.3235294117647059,536.0060150623322,20260303_131305_run5
multirocket_fm,Haptics,0.5616883116883117,0.5425429081889215,0.5733821691068707,0.5616883116883117,66.31243324279785,20260303_131411_run5
multirocket_fm,FaceAll,0.9834319526627219,0.9837466152230202,0.9847817200078001,0.9834319526627219,663.9866626262665,20260303_132516_run6
multirocket_fm,FiftyWords,0.7956043956043956,0.7877143964816848,0.8151486146998501,0.7956043956043956,542.8084878921509,20260303_133420_run6
multirocket_fm,FingerMovements,0.49,0.4892330827067669,0.48934782608695654,0.49,110.81938600540161,20260303_133610_run6
multirocket_fm,Fish,0.9828571428571429,0.9829946744752724,0.9838095238095238,0.9828571428571429,66.46833562850952,20260303_133717_run6
multirocket_fm,FordA,0.9553030303030303,0.9553106538694122,0.9554071218133717,0.9553030303030303,125.17325377464294,20260303_133923_run6
multirocket_fm,FordB,0.9320987654320988,0.93209948993163,0.9321030558897596,0.9320987654320988,120.74398899078369,20260303_134124_run6
multirocket_fm,FreezerRegularTrain,0.9985964912280701,0.9985964884633814,0.9986004198740378,0.9985964912280701,96.57782745361328,20260303_134301_run6
multirocket_fm,FreezerSmallTrain,0.9985964912280701,0.9985964905368989,0.9985974733837579,0.9985964912280701,72.26050424575806,20260303_134414_run6
multirocket_fm,Fungi,1.0,1.0,1.0,1.0,471.71051931381226,20260303_135206_run6
multirocket_fm,GunPoint,0.9933333333333333,0.993333629642799,0.9934222222222221,0.9933333333333333,59.27310013771057,20260303_135305_run6
multirocket_fm,GunPointAgeSpan,0.9778481012658228,0.9778381104320163,0.9783186886045465,0.9778481012658228,74.07810831069946,20260303_135419_run6
multirocket_fm,GunPointMaleVersusFemale,1.0,1.0,1.0,1.0,73.69656705856323,20260303_135533_run6
multirocket_fm,GunPointOldVersusYoung,1.0,1.0,1.0,1.0,74.43482851982117,20260303_135647_run6
multirocket_fm,Ham,0.8285714285714286,0.828134110787172,0.8301226286552772,0.8285714285714286,61.485432147979736,20260303_135749_run6
multirocket_fm,HandMovementDirection,0.3108108108108108,0.3034619385970737,0.30861998361998366,0.3108108108108108,92.01113295555115,20260303_135921_run6
multirocket_fm,HandOutlines,0.9540540540540541,0.9536776208743727,0.9545548302039254,0.9540540540540541,78.47818875312805,20260303_140039_run6
multirocket_fm,Handwriting,0.3976470588235294,0.34797805784530167,0.43946747803414926,0.3976470588235294,516.8037378787994,20260303_140917_run6
multirocket_fm,Haptics,0.5551948051948052,0.5269572926568789,0.6086832690857883,0.5551948051948052,63.1371865272522,20260303_141020_run6
multirocket_fm,FaceAll,0.9905325443786982,0.9905634748079101,0.9907254697655584,0.9905325443786982,659.6386799812317,20260303_142120_run7
multirocket_fm,FiftyWords,0.8021978021978022,0.7840946170487963,0.8061962251468904,0.8021978021978022,535.5619783401489,20260303_143017_run7
multirocket_fm,FingerMovements,0.55,0.5493243919527575,0.5514090177133656,0.55,112.26104307174683,20260303_143209_run7
multirocket_fm,Fish,0.9885714285714285,0.9885782047183799,0.9890396559961778,0.9885714285714285,68.2481153011322,20260303_143318_run7
multirocket_fm,FordA,0.9643939393939394,0.964393059752604,0.9643932882265879,0.9643939393939394,126.84600687026978,20260303_143525_run7
multirocket_fm,FordB,0.9481481481481482,0.9481481481481482,0.9481481481481482,0.9481481481481482,118.82830381393433,20260303_143724_run7
multirocket_fm,FreezerRegularTrain,0.9992982456140351,0.9992982456140351,0.9992982456140351,0.9992982456140351,97.2484724521637,20260303_143902_run7
multirocket_fm,FreezerSmallTrain,0.9950877192982456,0.9950876588200532,0.9951121015500917,0.9950877192982456,75.50295877456665,20260303_144018_run7
multirocket_fm,Fungi,0.9946236559139785,0.994667879660867,0.9950716845878135,0.9946236559139785,475.0900957584381,20260303_144813_run7
multirocket_fm,GunPoint,1.0,1.0,1.0,1.0,59.166600942611694,20260303_144912_run7
multirocket_fm,GunPointAgeSpan,0.9936708860759493,0.9936701252127246,0.9937490232848883,0.9936708860759493,72.87622356414795,20260303_145025_run7
multirocket_fm,GunPointMaleVersusFemale,1.0,1.0,1.0,1.0,73.95064616203308,20260303_145139_run7
multirocket_fm,GunPointOldVersusYoung,1.0,1.0,1.0,1.0,73.16228246688843,20260303_145252_run7
multirocket_fm,Ham,0.8476190476190476,0.8470649350649351,0.8564901568586167,0.8476190476190476,61.66026997566223,20260303_145354_run7
multirocket_fm,HandMovementDirection,0.527027027027027,0.5317715834957214,0.5386100386100386,0.527027027027027,91.52232718467712,20260303_145526_run7
multirocket_fm,HandOutlines,0.9594594594594594,0.9590447937324833,0.960530500092901,0.9594594594594594,78.01995921134949,20260303_145644_run7
multirocket_fm,Handwriting,0.44823529411764707,0.4155859584453764,0.5107402107128958,0.44823529411764707,511.094096660614,20260303_150516_run7
multirocket_fm,Haptics,0.5811688311688312,0.5569317905714763,0.5875711799744047,0.5811688311688312,62.99187469482422,20260303_150619_run7
multirocket_fm,FaceAll,0.9840236686390532,0.9841747531344018,0.9846966681283512,0.9840236686390532,669.1503627300262,20260303_151729_run8
multirocket_fm,FiftyWords,0.8263736263736263,0.8092627038135008,0.8291514811699842,0.8263736263736263,542.3858256340027,20260303_152632_run8
multirocket_fm,FingerMovements,0.54,0.54,0.54,0.54,112.08493280410767,20260303_152824_run8
multirocket_fm,Fish,0.9942857142857143,0.9942916113813947,0.9945054945054945,0.9942857142857143,66.57272100448608,20260303_152931_run8
multirocket_fm,FordA,0.9651515151515152,0.965145747444655,0.9651799248303728,0.9651515151515152,126.46803855895996,20260303_153138_run8
multirocket_fm,FordB,0.9481481481481482,0.9481465675303163,0.9484340751852597,0.9481481481481482,123.73302173614502,20260303_153342_run8
multirocket_fm,FreezerRegularTrain,0.9992982456140351,0.9992982456140351,0.9992982456140351,0.9992982456140351,95.40192580223083,20260303_153518_run8
multirocket_fm,FreezerSmallTrain,0.9985964912280701,0.9985964884633814,0.9986004198740378,0.9985964912280701,71.81752395629883,20260303_153630_run8
multirocket_fm,Fungi,1.0,1.0,1.0,1.0,457.51213240623474,20260303_154408_run8
multirocket_fm,GunPoint,0.9933333333333333,0.993333629642799,0.9934222222222221,0.9933333333333333,57.35121941566467,20260303_154505_run8
multirocket_fm,GunPointAgeSpan,0.9968354430379747,0.9968355381201592,0.9968555994517455,0.9968354430379747,71.01326394081116,20260303_154616_run8
multirocket_fm,GunPointMaleVersusFemale,1.0,1.0,1.0,1.0,70.32520532608032,20260303_154726_run8
multirocket_fm,GunPointOldVersusYoung,1.0,1.0,1.0,1.0,70.03555750846863,20260303_154837_run8
multirocket_fm,Ham,0.8476190476190476,0.8476190476190476,0.8476190476190476,0.8476190476190476,57.85413479804993,20260303_154934_run8
multirocket_fm,HandMovementDirection,0.3783783783783784,0.37237237237237236,0.37113899613899615,0.3783783783783784,87.81230354309082,20260303_155102_run8
multirocket_fm,HandOutlines,0.9351351351351351,0.9350257056139409,0.9349752639988674,0.9351351351351351,75.93712830543518,20260303_155218_run8
multirocket_fm,Handwriting,0.44823529411764707,0.41842161096460206,0.4598705496620258,0.44823529411764707,512.9744789600372,20260303_160052_run8
multirocket_fm,Haptics,0.5746753246753247,0.5497222239513262,0.596693039604295,0.5746753246753247,63.06538724899292,20260303_160155_run8
multirocket_fm,FaceAll,0.9828402366863905,0.9833983028345988,0.9847046085031222,0.9828402366863905,658.892817735672,20260303_161255_run9
multirocket_fm,FiftyWords,0.8285714285714286,0.8231693469634724,0.8517948866565767,0.8285714285714286,536.2618272304535,20260303_162152_run9
multirocket_fm,FingerMovements,0.53,0.5283468998090644,0.5293506493506492,0.53,113.19498753547668,20260303_162345_run9
multirocket_fm,Fish,0.9771428571428571,0.9770163592213539,0.9792380952380952,0.9771428571428571,65.78979349136353,20260303_162451_run9
multirocket_fm,FordA,0.9590909090909091,0.959084138304595,0.9591170610469438,0.9590909090909091,124.54365992546082,20260303_162656_run9
multirocket_fm,FordB,0.9345679012345679,0.9345526359963955,0.9347683482395261,0.9345679012345679,119.01485180854797,20260303_162856_run9
multirocket_fm,FreezerRegularTrain,0.9985964912280701,0.9985964905368989,0.9985974733837579,0.9985964912280701,98.45875406265259,20260303_163035_run9
multirocket_fm,FreezerSmallTrain,0.9905263157894737,0.99052558676414,0.9906773399014779,0.9905263157894737,71.5097405910492,20260303_163147_run9
multirocket_fm,Fungi,0.9946236559139785,0.9947302140850528,0.9952956989247311,0.9946236559139785,458.59600853919983,20260303_163926_run9
multirocket_fm,GunPoint,0.9933333333333333,0.993333629642799,0.9934222222222221,0.9933333333333333,57.41406178474426,20260303_164023_run9
multirocket_fm,GunPointAgeSpan,0.9968354430379747,0.9968355381201592,0.9968555994517455,0.9968354430379747,69.48870873451233,20260303_164133_run9
multirocket_fm,GunPointMaleVersusFemale,1.0,1.0,1.0,1.0,72.45293736457825,20260303_164245_run9
multirocket_fm,GunPointOldVersusYoung,1.0,1.0,1.0,1.0,74.87590909004211,20260303_164400_run9
multirocket_fm,Ham,0.8476190476190476,0.8475637569977194,0.849974025974026,0.8476190476190476,61.445579290390015,20260303_164502_run9
multirocket_fm,HandMovementDirection,0.35135135135135137,0.3466843242385038,0.35984909394520376,0.35135135135135137,91.41667318344116,20260303_164633_run9
multirocket_fm,HandOutlines,0.9648648648648649,0.9648355565098365,0.9648215059979767,0.9648648648648649,77.98651885986328,20260303_164751_run9
multirocket_fm,Handwriting,0.4505882352941176,0.40002131570993743,0.4493114117672455,0.4505882352941176,537.5480279922485,20260303_165649_run9
multirocket_fm,Haptics,0.5681818181818182,0.5441791493950897,0.5634382345079543,0.5681818181818182,66.96441078186035,20260303_165756_run9
multirocket_fm,FaceAll,0.9899408284023669,0.9900985512187418,0.990446311143785,0.9899408284023669,658.0639700889587,20260303_170855_run10
multirocket_fm,FiftyWords,0.8065934065934066,0.7945607780718099,0.8153721920681575,0.8065934065934066,542.832426071167,20260303_171759_run10
multirocket_fm,FingerMovements,0.62,0.6196955128205128,0.6198875953432357,0.62,115.49171423912048,20260303_171955_run10
multirocket_fm,Fish,0.9771428571428571,0.9769491379485907,0.9784664366229583,0.9771428571428571,69.6426203250885,20260303_172104_run10
multirocket_fm,FordA,0.9484848484848485,0.9484730052406355,0.9485309625039913,0.9484848484848485,125.48207020759583,20260303_172311_run10
multirocket_fm,FordB,0.9296296296296296,0.9296312384850408,0.9297036928651814,0.9296296296296296,118.1754879951477,20260303_172509_run10
multirocket_fm,FreezerRegularTrain,0.9992982456140351,0.9992982452684495,0.9992992291520674,0.9992982456140351,97.592116355896,20260303_172647_run10
multirocket_fm,FreezerSmallTrain,0.9940350877192983,0.994034875479103,0.9941054091539527,0.9940350877192983,71.70451045036316,20260303_172759_run10
multirocket_fm,Fungi,1.0,1.0,1.0,1.0,461.8931131362915,20260303_173541_run10
multirocket_fm,GunPoint,0.98,0.9799866518353726,0.9807594936708862,0.98,57.95384240150452,20260303_173639_run10
multirocket_fm,GunPointAgeSpan,1.0,1.0,1.0,1.0,72.24253606796265,20260303_173752_run10
multirocket_fm,GunPointMaleVersusFemale,1.0,1.0,1.0,1.0,72.5813536643982,20260303_173904_run10
multirocket_fm,GunPointOldVersusYoung,1.0,1.0,1.0,1.0,75.1024854183197,20260303_174019_run10
multirocket_fm,Ham,0.8952380952380953,0.8948557874020878,0.8985893251921254,0.8952380952380953,61.933780908584595,20260303_174121_run10
multirocket_fm,HandMovementDirection,0.3108108108108108,0.32414429956120583,0.3733456527574175,0.3108108108108108,91.71670484542847,20260303_174253_run10
multirocket_fm,HandOutlines,0.9702702702702702,0.9701941987902243,0.9702572765072766,0.9702702702702702,79.80729484558105,20260303_174413_run10
multirocket_fm,Handwriting,0.38823529411764707,0.3538387540988169,0.433182985940218,0.38823529411764707,537.5035922527313,20260303_175311_run10
multirocket_fm,Haptics,0.5064935064935064,0.48212349924157927,0.4830499697435181,0.5064935064935064,65.74351000785828,20260303_175417_run10