model,dataset,accuracy,f1,precision,recall,time,run
tsfresh,ACSF1,0.94,0.9402240449608871,0.946060606060606,0.94,2.674178123474121,20260227_163133_run1
tsfresh,Adiac,0.8439897698209718,0.8423712490933881,0.8769124548925503,0.8439897698209718,64.6911551952362,20260227_163238_run1
tsfresh,ArrowHead,0.7085714285714285,0.705184789067142,0.7481119509092269,0.7085714285714285,2.0164737701416016,20260227_163240_run1
tsfresh,ArticularyWordRecognition,0.99,0.990105685618729,0.9912087912087912,0.99,102.69253969192505,20260227_163423_run1
tsfresh,AtrialFibrillation,0.3333333333333333,0.3420875420875421,0.3555555555555555,0.3333333333333333,1.4936587810516357,20260227_163425_run1
tsfresh,BME,1.0,1.0,1.0,1.0,1.8511888980865479,20260227_163427_run1
tsfresh,BasicMotions,1.0,1.0,1.0,1.0,2.800673484802246,20260227_163430_run1
tsfresh,Beef,0.8333333333333334,0.8374825174825175,0.8761904761904762,0.8333333333333334,1.4092638492584229,20260227_163431_run1
tsfresh,BeetleFly,0.8,0.7916666666666667,0.8571428571428571,0.8,1.1927709579467773,20260227_163432_run1
tsfresh,BirdChicken,0.9,0.898989898989899,0.9166666666666667,0.9,1.194899559020996,20260227_163433_run1
tsfresh,CBF,1.0,1.0,1.0,1.0,5.1588664054870605,20260227_163439_run1
tsfresh,Car,0.9333333333333333,0.9322222222222223,0.935064935064935,0.9333333333333333,1.6204075813293457,20260227_163440_run1
tsfresh,Chinatown,0.9854227405247813,0.9855376439352892,0.9861589657508026,0.9854227405247813,1.9190995693206787,20260227_163442_run1
tsfresh,ChlorineConcentration,0.8713541666666667,0.8678836225607273,0.8713331379933174,0.8713541666666667,26.874736547470093,20260227_163509_run1
tsfresh,CinCECGTorso,0.9876811594202899,0.9876811069126629,0.9876831176667684,0.9876811594202899,8.487185716629028,20260227_163518_run1
tsfresh,Coffee,1.0,1.0,1.0,1.0,1.2909493446350098,20260227_163519_run1
tsfresh,Computers,0.808,0.807889344262295,0.8087112707678491,0.808,4.127627372741699,20260227_163523_run1
tsfresh,Cricket,0.9722222222222222,0.9720279720279721,0.976190476190476,0.9722222222222222,42.50849223136902,20260227_163606_run1
tsfresh,CricketX,0.7769230769230769,0.7762778157990986,0.7866474284262746,0.7769230769230769,63.766810178756714,20260227_163710_run1
tsfresh,CricketY,0.7923076923076923,0.7927399545451184,0.8050245166910194,0.7923076923076923,64.60152053833008,20260227_163814_run1
tsfresh,CricketZ,0.8,0.8049126265503436,0.8149044606736916,0.8,64.27757000923157,20260227_163919_run1
tsfresh,DiatomSizeReduction,0.9738562091503268,0.9723935392274093,0.9751795549680546,0.9738562091503268,2.5940122604370117,20260227_163936_run1
tsfresh,DistalPhalanxOutlineAgeGroup,0.7338129496402878,0.7356484052467469,0.7501583638749377,0.7338129496402878,5.0547449588775635,20260227_163941_run1
tsfresh,DistalPhalanxOutlineCorrect,0.8043478260869565,0.8024776135801791,0.8037768673887424,0.8043478260869565,7.5008814334869385,20260227_163948_run1
tsfresh,DistalPhalanxTW,0.6618705035971223,0.6315960903203888,0.6123324869516152,0.6618705035971223,5.327497959136963,20260227_163954_run1
tsfresh,ECG200,0.88,0.88,0.88,0.88,2.0773284435272217,20260227_163956_run1
tsfresh,ECG5000,0.9426666666666667,0.9381658032947736,0.9353610417533637,0.9426666666666667,32.762868881225586,20260227_164029_run1
tsfresh,ECGFiveDays,1.0,1.0,1.0,1.0,4.822177410125732,20260227_164034_run1
tsfresh,EOGHorizontalSignal,0.585635359116022,0.5876717423961766,0.6332081456939607,0.585635359116022,60.19707632064819,20260227_164134_run1
tsfresh,EOGVerticalSignal,0.5138121546961326,0.49140072045848915,0.5205046772177376,0.5138121546961326,59.07587480545044,20260227_164233_run1
tsfresh,ERing,0.9481481481481482,0.9481654505263266,0.9496342305037956,0.9481481481481482,3.9332845211029053,20260227_164237_run1
tsfresh,Earthquakes,0.7553956834532374,0.6790853031860226,0.7206056050681843,0.7553956834532374,4.309365272521973,20260227_164242_run1
tsfresh,ElectricDevices,0.782388795227597,0.7639891891204929,0.7769703302220025,0.782388795227597,277.37913274765015,20260227_164720_run1
tsfresh,Epilepsy,1.0,1.0,1.0,1.0,3.2366631031036377,20260227_164723_run1
tsfresh,EthanolConcentration,0.4714828897338403,0.4738645202869754,0.4896585957962425,0.4714828897338403,5.870365858078003,20260227_164729_run1
tsfresh,EthanolLevel,0.632,0.621721192280256,0.6384399636201559,0.632,7.59871506690979,20260227_164737_run1
tsfresh,FaceAll,0.9502958579881656,0.9493555311963323,0.955869042002316,0.9502958579881656,153.86317586898804,20260227_165011_run1
tsfresh,FiftyWords,0.7626373626373626,0.7596848277899638,0.7905803239599464,0.7626373626373626,86.9563353061676,20260227_165138_run1
tsfresh,FingerMovements,0.59,0.5893844460014013,0.591731078904992,0.59,57.628761291503906,20260227_165236_run1
tsfresh,Fish,0.9485714285714286,0.9490235505440632,0.9502930402930403,0.9485714285714286,3.0403823852539062,20260227_165239_run1
tsfresh,FordA,1.0,1.0,1.0,1.0,54.54137372970581,20260227_165334_run1
tsfresh,FordB,0.8469135802469135,0.8466779202461941,0.8484769729126103,0.8469135802469135,49.666523456573486,20260227_165424_run1
tsfresh,FreezerRegularTrain,0.9975438596491228,0.9975438593467356,0.9975441046693037,0.9975438596491228,16.65634775161743,20260227_165441_run1
tsfresh,FreezerSmallTrain,0.8621052631578947,0.8618803777156404,0.8644790324179638,0.8621052631578947,15.38388705253601,20260227_165456_run1
tsfresh,Fungi,0.7688172043010753,0.7677329224785195,0.8093372272369469,0.7688172043010753,16.502190828323364,20260227_165513_run1
tsfresh,GunPoint,0.9933333333333333,0.9933324440887468,0.9934199134199135,0.9933333333333333,2.0686428546905518,20260227_165515_run1
tsfresh,GunPointAgeSpan,0.9936708860759493,0.9936711396157453,0.9937510014420766,0.9936708860759493,3.4135756492614746,20260227_165519_run1
tsfresh,GunPointMaleVersusFemale,1.0,1.0,1.0,1.0,3.4285826683044434,20260227_165522_run1
tsfresh,GunPointOldVersusYoung,1.0,1.0,1.0,1.0,3.5006072521209717,20260227_165526_run1
tsfresh,Ham,0.7142857142857143,0.712875939849624,0.716190476190476,0.7142857142857143,2.2094192504882812,20260227_165528_run1
tsfresh,HandMovementDirection,0.44594594594594594,0.4437972455213834,0.4526705276705277,0.44594594594594594,7.787637710571289,20260227_165536_run1
tsfresh,HandOutlines,0.9108108108108108,0.9097097990768198,0.9111153153153153,0.9108108108108108,12.993734121322632,20260227_165549_run1
tsfresh,Handwriting,0.32941176470588235,0.28135618599239326,0.4330596746947558,0.32941176470588235,69.98407673835754,20260227_165659_run1
tsfresh,Haptics,0.5194805194805194,0.5132298679854395,0.5268609065064288,0.5194805194805194,3.3841054439544678,20260227_165702_run1
tsfresh,Heartbeat,0.7463414634146341,0.736361773090611,0.7320325203252033,0.7463414634146341,100.41127634048462,20260227_165844_run1
tsfresh,Herring,0.578125,0.4350247524752475,0.3487103174603175,0.578125,1.6572892665863037,20260227_165846_run1
tsfresh,HouseTwenty,0.9495798319327731,0.9490210978008224,0.9536134453781513,0.9495798319327731,1.7831194400787354,20260227_165848_run1
tsfresh,InlineSkate,0.7745454545454545,0.774640904081743,0.7855522133594566,0.7745454545454545,4.164454936981201,20260227_165852_run1
tsfresh,InsectEPGRegularTrain,1.0,1.0,1.0,1.0,2.485934257507324,20260227_165854_run1
tsfresh,InsectEPGSmallTrain,1.0,1.0,1.0,1.0,2.244185447692871,20260227_165857_run1
tsfresh,InsectWingbeatSound,0.6863636363636364,0.683972165574567,0.6863325009784732,0.6863636363636364,118.04804968833923,20260227_170055_run1
tsfresh,ItalyPowerDemand,0.9319727891156463,0.9319644356903976,0.9321322009743355,0.9319727891156463,4.333662509918213,20260227_170059_run1
tsfresh,LSST,0.7364152473641524,0.6968817262762387,0.7245112093788925,0.7364152473641524,587.6639499664307,20260227_171048_run1
tsfresh,LargeKitchenAppliances,0.8826666666666667,0.8823038040988875,0.8837242126779253,0.8826666666666667,6.0578672885894775,20260227_171054_run1
tsfresh,Libras,0.9444444444444444,0.9438960202438464,0.951965811965812,0.9444444444444444,39.81261849403381,20260227_171134_run1
tsfresh,Lightning2,0.7868852459016393,0.785486625694267,0.7879781420765027,0.7868852459016393,1.7134613990783691,20260227_171136_run1
tsfresh,Lightning7,0.8082191780821918,0.8110276937674198,0.8700194782386563,0.8082191780821918,1.7674329280853271,20260227_171138_run1
tsfresh,Mallat,0.9646055437100213,0.964280175997699,0.9689671474935927,0.9646055437100213,13.265450239181519,20260227_171151_run1
tsfresh,Meat,0.95,0.9506533178503803,0.9565217391304348,0.95,1.7068841457366943,20260227_171153_run1
tsfresh,MedicalImages,0.8421052631578947,0.8329276174124767,0.8380984070007799,0.8421052631578947,7.8297224044799805,20260227_171201_run1
tsfresh,MiddlePhalanxOutlineAgeGroup,0.5194805194805194,0.5029617681536658,0.49717782217782225,0.5194805194805194,4.9907753467559814,20260227_171206_run1
tsfresh,FaceFour,0.9204545454545454,0.9197405554757538,0.9205387205387204,0.9204545454545454,1.5528688430786133,20260227_171208_run1
tsfresh,FacesUCR,0.9473170731707317,0.9471618921492069,0.9492715069434995,0.9473170731707317,118.27367949485779,20260227_171406_run1
tsfresh,ACSF1,0.84,0.8382415245573139,0.8739285714285714,0.84,2.0906877517700195,20260227_171408_run2
tsfresh,Adiac,0.8491048593350383,0.8509325744704459,0.8797281158571967,0.8491048593350383,64.90244364738464,20260227_171513_run2
tsfresh,ArrowHead,0.8228571428571428,0.8276676384839651,0.8437561850610892,0.8228571428571428,2.0161778926849365,20260227_171515_run2
tsfresh,ArticularyWordRecognition,0.9866666666666667,0.9867665551839464,0.988131868131868,0.9866666666666667,103.01836156845093,20260227_171658_run2
tsfresh,AtrialFibrillation,0.26666666666666666,0.2611111111111111,0.273015873015873,0.26666666666666666,1.4712412357330322,20260227_171700_run2
tsfresh,BME,1.0,1.0,1.0,1.0,1.856687307357788,20260227_171702_run2
tsfresh,BasicMotions,1.0,1.0,1.0,1.0,2.810181140899658,20260227_171704_run2
tsfresh,Beef,0.8333333333333334,0.8274725274725275,0.863095238095238,0.8333333333333334,1.4068472385406494,20260227_171706_run2
tsfresh,BeetleFly,0.85,0.849624060150376,0.8535353535353536,0.85,1.1968157291412354,20260227_171707_run2
tsfresh,BirdChicken,0.8,0.7916666666666667,0.8571428571428571,0.8,1.2016174793243408,20260227_171708_run2
tsfresh,CBF,1.0,1.0,1.0,1.0,5.126603603363037,20260227_171713_run2
tsfresh,Car,0.8833333333333333,0.8838818482496644,0.8880158730158729,0.8833333333333333,1.6193037033081055,20260227_171715_run2
tsfresh,Chinatown,0.9708454810495627,0.9712024751591598,0.9728066686069805,0.9708454810495627,1.949333906173706,20260227_171717_run2
tsfresh,ChlorineConcentration,0.8697916666666666,0.8671698931878133,0.8703625815435906,0.8697916666666666,26.771936893463135,20260227_171744_run2
tsfresh,CinCECGTorso,0.9942028985507246,0.9941962526090775,0.9942547401090724,0.9942028985507246,8.564533948898315,20260227_171752_run2
tsfresh,Coffee,1.0,1.0,1.0,1.0,1.292234182357788,20260227_171754_run2
tsfresh,Computers,0.868,0.8676421042498916,0.8720238095238095,0.868,4.079934358596802,20260227_171758_run2
tsfresh,Cricket,1.0,1.0,1.0,1.0,43.42540097236633,20260227_171841_run2
tsfresh,CricketX,0.7666666666666667,0.7635159460932683,0.7823276859682391,0.7666666666666667,64.04857850074768,20260227_171945_run2
tsfresh,CricketY,0.7769230769230769,0.776599278030277,0.7814109716687885,0.7769230769230769,64.79828238487244,20260227_172050_run2
tsfresh,CricketZ,0.8128205128205128,0.8132448514479577,0.8235565165828322,0.8128205128205128,64.29696249961853,20260227_172155_run2
tsfresh,DiatomSizeReduction,0.9019607843137255,0.8678569287042033,0.9256799493991145,0.9019607843137255,2.5873327255249023,20260227_172211_run2
tsfresh,DistalPhalanxOutlineAgeGroup,0.7697841726618705,0.764048660088671,0.7715971461570728,0.7697841726618705,5.3673906326293945,20260227_172216_run2
tsfresh,DistalPhalanxOutlineCorrect,0.8478260869565217,0.8466593647316539,0.8478139793929268,0.8478260869565217,7.467313289642334,20260227_172224_run2
tsfresh,DistalPhalanxTW,0.7122302158273381,0.6970779678777985,0.7122314087543545,0.7122302158273381,5.209468603134155,20260227_172229_run2
tsfresh,ECG200,0.89,0.887963191560992,0.8909583917718561,0.89,2.0579187870025635,20260227_172231_run2
tsfresh,ECG5000,0.9431111111111111,0.9370102796295424,0.9346965039356051,0.9431111111111111,32.60558485984802,20260227_172304_run2
tsfresh,ECGFiveDays,1.0,1.0,1.0,1.0,4.833855867385864,20260227_172308_run2
tsfresh,EOGHorizontalSignal,0.8535911602209945,0.8513605881588129,0.8511398149180537,0.8535911602209945,59.48016953468323,20260227_172408_run2
tsfresh,EOGVerticalSignal,0.8011049723756906,0.7939449838175205,0.7910014134116344,0.8011049723756906,59.88453030586243,20260227_172508_run2
tsfresh,ERing,0.9111111111111111,0.9089882014603473,0.9204608303040359,0.9111111111111111,4.031886339187622,20260227_172512_run2
tsfresh,Earthquakes,0.7194244604316546,0.6565391463653112,0.6381406502704813,0.7194244604316546,4.518641948699951,20260227_172516_run2
tsfresh,ElectricDevices,0.9271171054337959,0.9275678957670855,0.9295147043536798,0.9271171054337959,277.6636700630188,20260227_172954_run2
tsfresh,Epilepsy,1.0,1.0,1.0,1.0,3.413898229598999,20260227_172958_run2
tsfresh,EthanolConcentration,0.5285171102661597,0.523784483456031,0.5275467043371599,0.5285171102661597,5.706212282180786,20260227_173003_run2
tsfresh,EthanolLevel,0.83,0.8329661245347567,0.8390187137836039,0.83,7.629995822906494,20260227_173011_run2
tsfresh,FaceAll,0.9840236686390532,0.9841608412518256,0.9848333824479469,0.9840236686390532,153.89278554916382,20260227_173245_run2
tsfresh,FiftyWords,0.7604395604395604,0.7521582241472149,0.7782021466270288,0.7604395604395604,86.36984467506409,20260227_173411_run2
tsfresh,FingerMovements,0.51,0.5029071768397612,0.5134210526315789,0.51,57.204514265060425,20260227_173509_run2
tsfresh,Fish,0.96,0.9602531552303462,0.9613737219302436,0.96,2.8941709995269775,20260227_173512_run2
tsfresh,FordA,1.0,1.0,1.0,1.0,54.405272245407104,20260227_173606_run2
tsfresh,FordB,0.9543209876543209,0.9543164610565501,0.9543846950449205,0.9543209876543209,49.646743059158325,20260227_173656_run2
tsfresh,FreezerRegularTrain,0.9989473684210526,0.9989473682914581,0.9989476141324046,0.9989473684210526,16.644521951675415,20260227_173712_run2
tsfresh,FreezerSmallTrain,0.9621052631578947,0.9620547348737943,0.9645798191809225,0.9621052631578947,15.347270250320435,20260227_173728_run2
tsfresh,Fungi,0.6666666666666666,0.6581857199435943,0.7174905454198623,0.6666666666666666,16.58234667778015,20260227_173744_run2
tsfresh,GunPoint,0.9866666666666667,0.9866666666666667,0.9870175438596491,0.9866666666666667,2.0843706130981445,20260227_173747_run2
tsfresh,GunPointAgeSpan,0.9968354430379747,0.9968352845422689,0.9968550986712791,0.9968354430379747,3.418745756149292,20260227_173750_run2
tsfresh,GunPointMaleVersusFemale,1.0,1.0,1.0,1.0,3.4336438179016113,20260227_173753_run2
tsfresh,GunPointOldVersusYoung,1.0,1.0,1.0,1.0,3.5030112266540527,20260227_173757_run2
tsfresh,Ham,0.8761904761904762,0.8761904761904762,0.8776221599751011,0.8761904761904762,2.190084218978882,20260227_173759_run2
tsfresh,HandMovementDirection,0.33783783783783783,0.3312170710100555,0.3586449321743439,0.33783783783783783,7.7874839305877686,20260227_173807_run2
tsfresh,HandOutlines,0.9513513513513514,0.9512692792104557,0.9512474178480759,0.9513513513513514,12.734062194824219,20260227_173820_run2
tsfresh,Handwriting,0.3341176470588235,0.30139036680140224,0.41469225537229304,0.3341176470588235,70.2077043056488,20260227_173930_run2
tsfresh,Haptics,0.4837662337662338,0.44864688558802657,0.5044700327269219,0.4837662337662338,3.4010441303253174,20260227_173933_run2
tsfresh,Heartbeat,0.7121951219512195,0.7041069286571086,0.6988368028584745,0.7121951219512195,98.610671043396,20260227_174112_run2
tsfresh,Herring,0.5625,0.5358527131782945,0.5364583333333333,0.5625,1.6687133312225342,20260227_174114_run2
tsfresh,HouseTwenty,0.9747899159663865,0.9746682616894092,0.9758403361344538,0.9747899159663865,1.7711305618286133,20260227_174116_run2
tsfresh,InlineSkate,0.7654545454545455,0.7655498973789129,0.7765233713011362,0.7654545454545455,4.291242599487305,20260227_174120_run2
tsfresh,InsectEPGRegularTrain,1.0,1.0,1.0,1.0,2.4718270301818848,20260227_174123_run2
tsfresh,InsectEPGSmallTrain,1.0,1.0,1.0,1.0,2.2406513690948486,20260227_174125_run2
tsfresh,InsectWingbeatSound,0.6616161616161617,0.6526627289288697,0.6539482167071451,0.6616161616161617,117.90290236473083,20260227_174323_run2
tsfresh,ItalyPowerDemand,0.9591836734693877,0.959176733333611,0.9594308599868907,0.9591836734693877,4.3716394901275635,20260227_174327_run2
tsfresh,LSST,0.7242497972424979,0.6971721001707354,0.7062051613852159,0.7242497972424979,591.4908187389374,20260227_175319_run2
tsfresh,LargeKitchenAppliances,0.9333333333333333,0.9332349102588655,0.9340869249626799,0.9333333333333333,5.961544752120972,20260227_175325_run2
tsfresh,Libras,0.9388888888888889,0.9387242322894497,0.9415251415251416,0.9388888888888889,39.658952713012695,20260227_175405_run2
tsfresh,Lightning2,0.7213114754098361,0.7217613358207968,0.7257006874669487,0.7213114754098361,1.7064037322998047,20260227_175406_run2
tsfresh,Lightning7,0.7945205479452054,0.7873283489721845,0.8170339487790351,0.7945205479452054,1.7804028987884521,20260227_175408_run2
tsfresh,Mallat,0.9718550106609808,0.9718479622859125,0.9721218659956296,0.9718550106609808,13.308457374572754,20260227_175422_run2
tsfresh,Meat,1.0,1.0,1.0,1.0,1.7044856548309326,20260227_175423_run2
tsfresh,MedicalImages,0.843421052631579,0.8355533593338811,0.8386536327833991,0.843421052631579,7.904638767242432,20260227_175431_run2
tsfresh,MiddlePhalanxOutlineAgeGroup,0.6753246753246753,0.668443661921772,0.6785470896766578,0.6753246753246753,5.092281818389893,20260227_175436_run2
tsfresh,FaceFour,0.8977272727272727,0.8976282265057026,0.9112012987012986,0.8977272727272727,1.5447919368743896,20260227_175438_run2
tsfresh,FacesUCR,0.9526829268292683,0.9534095331240625,0.9580418465377523,0.9526829268292683,118.34370279312134,20260227_175636_run2
tsfresh,ACSF1,0.86,0.8608491817779743,0.8688888888888888,0.86,2.0644471645355225,20260227_175638_run3
tsfresh,Adiac,0.8260869565217391,0.8247125217073132,0.8554930768711423,0.8260869565217391,64.59942650794983,20260227_175743_run3
tsfresh,ArrowHead,0.84,0.836736456797295,0.8414714699082934,0.84,2.0121726989746094,20260227_175745_run3
tsfresh,ArticularyWordRecognition,0.9966666666666667,0.9966608695652174,0.996923076923077,0.9966666666666667,103.77019143104553,20260227_175929_run3
tsfresh,AtrialFibrillation,0.13333333333333333,0.13095238095238096,0.14814814814814817,0.13333333333333333,1.4789130687713623,20260227_175930_run3
tsfresh,BME,1.0,1.0,1.0,1.0,1.864182472229004,20260227_175932_run3
tsfresh,BasicMotions,1.0,1.0,1.0,1.0,2.8526315689086914,20260227_175935_run3
tsfresh,Beef,0.7666666666666667,0.768997668997669,0.8206349206349206,0.7666666666666667,1.3180816173553467,20260227_175936_run3
tsfresh,BeetleFly,0.9,0.9,0.9,0.9,1.2018628120422363,20260227_175938_run3
tsfresh,BirdChicken,0.95,0.949874686716792,0.9545454545454545,0.95,1.3031699657440186,20260227_175939_run3
tsfresh,CBF,0.9955555555555555,0.9955552611954944,0.9956136528685549,0.9955555555555555,5.045199394226074,20260227_175944_run3
tsfresh,Car,0.9333333333333333,0.9329450139794967,0.9335185185185184,0.9333333333333333,1.621666431427002,20260227_175946_run3
tsfresh,Chinatown,0.9766763848396501,0.9769619801273279,0.9785056879894815,0.9766763848396501,2.0334632396698,20260227_175948_run3
tsfresh,ChlorineConcentration,0.8622395833333333,0.8584749400826893,0.8628894549295061,0.8622395833333333,26.54650068283081,20260227_180014_run3
tsfresh,CinCECGTorso,0.9956521739130435,0.9956521183161403,0.99566045195646,0.9956521739130435,8.471783638000488,20260227_180023_run3
tsfresh,Coffee,1.0,1.0,1.0,1.0,1.397432565689087,20260227_180024_run3
tsfresh,Computers,0.872,0.8719918074756785,0.8720952563856347,0.872,4.007338523864746,20260227_180028_run3
tsfresh,Cricket,1.0,1.0,1.0,1.0,42.558297872543335,20260227_180111_run3
tsfresh,CricketX,0.7666666666666667,0.7645555054194845,0.7729461130449156,0.7666666666666667,64.26978850364685,20260227_180215_run3
tsfresh,CricketY,0.782051282051282,0.7825785067622958,0.7908463330414552,0.782051282051282,64.17126441001892,20260227_180319_run3
tsfresh,CricketZ,0.782051282051282,0.781317674392397,0.7856972480154498,0.782051282051282,64.45669078826904,20260227_180424_run3
tsfresh,DiatomSizeReduction,0.9084967320261438,0.8807157690886621,0.9294974820529304,0.9084967320261438,2.505997657775879,20260227_180440_run3
tsfresh,DistalPhalanxOutlineAgeGroup,0.7553956834532374,0.7524112045851471,0.7546639159260827,0.7553956834532374,5.348003387451172,20260227_180445_run3
tsfresh,DistalPhalanxOutlineCorrect,0.8188405797101449,0.8174516246805403,0.818295739348371,0.8188405797101449,7.42577338218689,20260227_180453_run3
tsfresh,DistalPhalanxTW,0.7122302158273381,0.6959536779680665,0.7283504238499641,0.7122302158273381,5.346082925796509,20260227_180458_run3
tsfresh,ECG200,0.88,0.88,0.88,0.88,2.095863103866577,20260227_180500_run3
tsfresh,ECG5000,0.9502222222222222,0.9431861956491812,0.9412473565365015,0.9502222222222222,32.613977909088135,20260227_180533_run3
tsfresh,ECGFiveDays,1.0,1.0,1.0,1.0,4.956451177597046,20260227_180538_run3
tsfresh,EOGHorizontalSignal,0.8287292817679558,0.8237572195719489,0.8261367796179264,0.8287292817679558,59.58490204811096,20260227_180638_run3
tsfresh,EOGVerticalSignal,0.8149171270718232,0.8109985612787568,0.8113938385563665,0.8149171270718232,59.416178941726685,20260227_180737_run3
tsfresh,ERing,0.937037037037037,0.9374632074678327,0.9390397425669922,0.937037037037037,3.930877208709717,20260227_180741_run3
tsfresh,Earthquakes,0.7338129496402878,0.6655341931304041,0.6598591355922895,0.7338129496402878,4.3076171875,20260227_180745_run3
tsfresh,ElectricDevices,0.925690571910258,0.9258101461304614,0.9264711705829586,0.925690571910258,277.7803068161011,20260227_181223_run3
tsfresh,Epilepsy,1.0,1.0,1.0,1.0,3.2600948810577393,20260227_181226_run3
tsfresh,EthanolConcentration,0.49049429657794674,0.48590520932994374,0.50973820891733,0.49049429657794674,5.70013165473938,20260227_181232_run3
tsfresh,EthanolLevel,0.834,0.8313623408655151,0.8300822134387351,0.834,7.717715263366699,20260227_181240_run3
tsfresh,FaceAll,0.9840236686390532,0.9842988063411439,0.985222773572375,0.9840236686390532,153.51483750343323,20260227_181513_run3
tsfresh,FiftyWords,0.7516483516483516,0.7318608683043824,0.7464100387291837,0.7516483516483516,86.92108821868896,20260227_181640_run3
tsfresh,FingerMovements,0.57,0.57004300430043,0.5701999999999999,0.57,56.8251473903656,20260227_181737_run3
tsfresh,Fish,0.96,0.9598841477089363,0.9615322751322751,0.96,3.012578010559082,20260227_181740_run3
tsfresh,FordA,1.0,1.0,1.0,1.0,54.60777926445007,20260227_181835_run3
tsfresh,FordB,0.9382716049382716,0.9382670879234674,0.9383083495992459,0.9382716049382716,50.27997326850891,20260227_181925_run3
tsfresh,FreezerRegularTrain,0.9982456140350877,0.9982456138190968,0.9982458594008541,0.9982456140350877,16.753575801849365,20260227_181942_run3
tsfresh,FreezerSmallTrain,0.9473684210526315,0.94723743868435,0.9518553207448441,0.9473684210526315,15.269981622695923,20260227_181957_run3
tsfresh,Fungi,0.7365591397849462,0.7270128280976355,0.819141062201334,0.7365591397849462,16.45989751815796,20260227_182014_run3
tsfresh,GunPoint,0.96,0.959957264957265,0.9612857142857143,0.96,2.074953317642212,20260227_182016_run3
tsfresh,GunPointAgeSpan,0.990506329113924,0.9905043315878126,0.9906810592529316,0.990506329113924,3.3998284339904785,20260227_182019_run3
tsfresh,GunPointMaleVersusFemale,0.9968354430379747,0.9968349027237305,0.9968543924808612,0.9968354430379747,3.4271624088287354,20260227_182023_run3
tsfresh,GunPointOldVersusYoung,1.0,1.0,1.0,1.0,3.5068001747131348,20260227_182026_run3
tsfresh,Ham,0.7523809523809524,0.7514805194805195,0.7594273081376988,0.7523809523809524,2.221101999282837,20260227_182029_run3
tsfresh,HandMovementDirection,0.24324324324324326,0.2528578999167234,0.29971550497866295,0.24324324324324326,8.111288070678711,20260227_182037_run3
tsfresh,HandOutlines,0.9351351351351351,0.9346677759492582,0.9351633756205185,0.9351351351351351,13.232829093933105,20260227_182050_run3
tsfresh,Handwriting,0.38,0.3371758822242535,0.5163614420866297,0.38,70.59329152107239,20260227_182201_run3
tsfresh,Haptics,0.461038961038961,0.4266492996071061,0.49825609996064546,0.461038961038961,3.4015090465545654,20260227_182204_run3
tsfresh,Heartbeat,0.775609756097561,0.7458647741604498,0.7634907585030907,0.775609756097561,102.23283791542053,20260227_182347_run3
tsfresh,Herring,0.546875,0.44244679082141664,0.42341101694915256,0.546875,1.7842061519622803,20260227_182348_run3
tsfresh,HouseTwenty,0.9747899159663865,0.9747532760651677,0.9748585148345051,0.9747899159663865,1.8002641201019287,20260227_182350_run3
tsfresh,InlineSkate,0.78,0.7794650718650592,0.7900488703536429,0.78,4.1931233406066895,20260227_182354_run3
tsfresh,InsectEPGRegularTrain,1.0,1.0,1.0,1.0,2.600292682647705,20260227_182357_run3
tsfresh,InsectEPGSmallTrain,1.0,1.0,1.0,1.0,2.259243965148926,20260227_182359_run3
tsfresh,InsectWingbeatSound,0.6621212121212121,0.6573937333650998,0.6601143986898147,0.6621212121212121,117.7976279258728,20260227_182557_run3
tsfresh,ItalyPowerDemand,0.9475218658892128,0.9474662923065476,0.9492508650858121,0.9475218658892128,4.4271721839904785,20260227_182602_run3
tsfresh,LSST,0.7429034874290349,0.7092025598245363,0.7502728604873263,0.7429034874290349,589.9716625213623,20260227_183552_run3
tsfresh,LargeKitchenAppliances,0.9333333333333333,0.9335275976934694,0.934433756341357,0.9333333333333333,5.988444805145264,20260227_183558_run3
tsfresh,Libras,0.8888888888888888,0.8884208931165453,0.9051726051726051,0.8888888888888888,39.322839975357056,20260227_183637_run3
tsfresh,Lightning2,0.7868852459016393,0.7865382476588741,0.7866173791921139,0.7868852459016393,1.6014087200164795,20260227_183639_run3
tsfresh,Lightning7,0.6986301369863014,0.6938610301865741,0.705871203735829,0.6986301369863014,1.7771685123443604,20260227_183641_run3
tsfresh,Mallat,0.9697228144989339,0.9693485448964361,0.9750088045569875,0.9697228144989339,13.279455661773682,20260227_183654_run3
tsfresh,Meat,1.0,1.0,1.0,1.0,1.7006280422210693,20260227_183656_run3
tsfresh,MedicalImages,0.8210526315789474,0.8210480019243567,0.8288384314507745,0.8210526315789474,7.939517259597778,20260227_183704_run3
tsfresh,MiddlePhalanxOutlineAgeGroup,0.6038961038961039,0.5865594796676985,0.6103677488495954,0.6038961038961039,5.202361106872559,20260227_183709_run3
tsfresh,FaceFour,0.8863636363636364,0.8830127291726039,0.9011373683787476,0.8863636363636364,1.5819931030273438,20260227_183711_run3
tsfresh,FacesUCR,0.9570731707317073,0.9560060919684232,0.9581708980598354,0.9570731707317073,118.29261040687561,20260227_183909_run3
tsfresh,ACSF1,0.82,0.81640326111722,0.8418201243201244,0.82,2.1953659057617188,20260227_183911_run4
tsfresh,Adiac,0.8184143222506394,0.8208717851701708,0.845491062186564,0.8184143222506394,64.4379072189331,20260227_184016_run4
tsfresh,ArrowHead,0.84,0.8392858618349219,0.8392952380952381,0.84,2.024529457092285,20260227_184018_run4
tsfresh,ArticularyWordRecognition,0.9866666666666667,0.9866434782608693,0.9876923076923078,0.9866666666666667,104.17440342903137,20260227_184202_run4
tsfresh,AtrialFibrillation,0.26666666666666666,0.2424242424242424,0.2222222222222222,0.26666666666666666,1.5099232196807861,20260227_184203_run4
tsfresh,BME,1.0,1.0,1.0,1.0,1.873063087463379,20260227_184205_run4
tsfresh,BasicMotions,1.0,1.0,1.0,1.0,2.9012882709503174,20260227_184208_run4
tsfresh,Beef,0.9,0.8997668997668998,0.9047619047619048,0.9,1.3244781494140625,20260227_184210_run4
tsfresh,BeetleFly,0.9,0.898989898989899,0.9166666666666667,0.9,1.3143796920776367,20260227_184211_run4
tsfresh,BirdChicken,1.0,1.0,1.0,1.0,1.209026575088501,20260227_184212_run4
tsfresh,CBF,0.9988888888888889,0.9988888981483797,0.9988926049795616,0.9988888888888889,5.057260036468506,20260227_184217_run4
tsfresh,Car,0.9,0.9003957980969477,0.9028306878306879,0.9,1.7301185131072998,20260227_184219_run4
tsfresh,Chinatown,0.9795918367346939,0.9796902673492053,0.979971571228441,0.9795918367346939,1.918483018875122,20260227_184221_run4
tsfresh,ChlorineConcentration,0.86015625,0.8574740871905038,0.8607513258038468,0.86015625,26.731096029281616,20260227_184248_run4
tsfresh,CinCECGTorso,0.9840579710144928,0.9840700347426644,0.984294818464215,0.9840579710144928,8.573556423187256,20260227_184256_run4
tsfresh,Coffee,1.0,1.0,1.0,1.0,1.2951693534851074,20260227_184258_run4
tsfresh,Computers,0.9,0.8999855979261013,0.9002305327868853,0.9,4.037626504898071,20260227_184302_run4
tsfresh,Cricket,0.9861111111111112,0.9860139860139859,0.988095238095238,0.9861111111111112,42.729955434799194,20260227_184344_run4
tsfresh,CricketX,0.7846153846153846,0.7804102266535665,0.7823089451717319,0.7846153846153846,64.63271951675415,20260227_184449_run4
tsfresh,CricketY,0.8179487179487179,0.8173339856969531,0.8220911507191995,0.8179487179487179,64.72987961769104,20260227_184554_run4
tsfresh,CricketZ,0.8256410256410256,0.8232362709892619,0.8295431175305013,0.8256410256410256,64.6006669998169,20260227_184658_run4
tsfresh,DiatomSizeReduction,0.9967320261437909,0.9967155333168404,0.9967664258685931,0.9967320261437909,2.60076642036438,20260227_184715_run4
tsfresh,DistalPhalanxOutlineAgeGroup,0.8057553956834532,0.8047981336801607,0.8061511575053683,0.8057553956834532,5.133661985397339,20260227_184720_run4
tsfresh,DistalPhalanxOutlineCorrect,0.855072463768116,0.8542178542178541,0.8548544673634538,0.855072463768116,7.485391855239868,20260227_184728_run4
tsfresh,DistalPhalanxTW,0.6618705035971223,0.6410477537631629,0.6281743422014554,0.6618705035971223,5.2530763149261475,20260227_184733_run4
tsfresh,ECG200,0.91,0.9097150343924008,0.9096263736263737,0.91,2.0571577548980713,20260227_184735_run4
tsfresh,ECG5000,0.9453333333333334,0.9345285371493378,0.9365023375695269,0.9453333333333334,32.68867826461792,20260227_184808_run4
tsfresh,ECGFiveDays,1.0,1.0,1.0,1.0,4.8254554271698,20260227_184813_run4
tsfresh,EOGHorizontalSignal,0.850828729281768,0.8420506480576527,0.8425165279481617,0.850828729281768,59.60124373435974,20260227_184912_run4
tsfresh,EOGVerticalSignal,0.7762430939226519,0.7718933144734358,0.7732361999410967,0.7762430939226519,59.275500774383545,20260227_185012_run4
tsfresh,ERing,0.9629629629629629,0.9627668563774722,0.9636241080054396,0.9629629629629629,4.050933122634888,20260227_185016_run4
tsfresh,Earthquakes,0.7338129496402878,0.655959332564822,0.6464903265357639,0.7338129496402878,4.358191967010498,20260227_185020_run4
tsfresh,ElectricDevices,0.9262093113733627,0.9262995803146277,0.9270251322167197,0.9262093113733627,277.52159452438354,20260227_185458_run4
tsfresh,Epilepsy,1.0,1.0,1.0,1.0,3.236375093460083,20260227_185501_run4
tsfresh,EthanolConcentration,0.5817490494296578,0.5754126204236648,0.5809507899591878,0.5817490494296578,5.767438173294067,20260227_185507_run4
tsfresh,EthanolLevel,0.814,0.8126434108527132,0.8153376513658125,0.814,7.603375434875488,20260227_185514_run4
tsfresh,FaceAll,0.985207100591716,0.9853181045520744,0.985819510847844,0.985207100591716,153.3486843109131,20260227_185748_run4
tsfresh,FiftyWords,0.7626373626373626,0.7575800521430068,0.7853561367297416,0.7626373626373626,86.74270105361938,20260227_185915_run4
tsfresh,FingerMovements,0.61,0.6043271284711627,0.6138285229202037,0.61,56.93081998825073,20260227_190012_run4
tsfresh,Fish,0.9428571428571428,0.9433639364153044,0.9502266009852217,0.9428571428571428,3.0233712196350098,20260227_190015_run4
tsfresh,FordA,1.0,1.0,1.0,1.0,54.41645669937134,20260227_190109_run4
tsfresh,FordB,0.9543209876543209,0.9543214750449146,0.954324871647572,0.9543209876543209,49.53907823562622,20260227_190159_run4
tsfresh,FreezerRegularTrain,0.9950877192982456,0.9950877168791464,0.9950886945422115,0.9950877192982456,16.762356996536255,20260227_190216_run4
tsfresh,FreezerSmallTrain,0.9750877192982456,0.9750860967122389,0.9752115170908173,0.9750877192982456,15.269050121307373,20260227_190231_run4
tsfresh,Fungi,0.6612903225806451,0.6556646052161177,0.6902694080113435,0.6612903225806451,16.47407817840576,20260227_190247_run4
tsfresh,GunPoint,0.98,0.9799866518353726,0.9807594936708862,0.98,2.076859712600708,20260227_190249_run4
tsfresh,GunPointAgeSpan,1.0,1.0,1.0,1.0,3.389038562774658,20260227_190253_run4
tsfresh,GunPointMaleVersusFemale,1.0,1.0,1.0,1.0,3.5007827281951904,20260227_190256_run4
tsfresh,GunPointOldVersusYoung,1.0,1.0,1.0,1.0,3.392029285430908,20260227_190300_run4
tsfresh,Ham,0.819047619047619,0.8185873895384296,0.8254795094853788,0.819047619047619,2.206071615219116,20260227_190302_run4
tsfresh,HandMovementDirection,0.33783783783783783,0.3275412768352434,0.41838478795000533,0.33783783783783783,7.811549186706543,20260227_190310_run4
tsfresh,HandOutlines,0.9351351351351351,0.93426377196869,0.9364095288163721,0.9351351351351351,12.908314228057861,20260227_190323_run4
tsfresh,Handwriting,0.3058823529411765,0.24774194779466008,0.41611171573773953,0.3058823529411765,70.52646374702454,20260227_190433_run4
tsfresh,Haptics,0.4707792207792208,0.4447058129100033,0.46463681458789086,0.4707792207792208,3.513011932373047,20260227_190437_run4
tsfresh,Heartbeat,0.7951219512195122,0.7870614321116473,0.7854878048780488,0.7951219512195122,101.4039237499237,20260227_190619_run4
tsfresh,Herring,0.578125,0.5631024096385542,0.5618786549707603,0.578125,1.7730345726013184,20260227_190620_run4
tsfresh,HouseTwenty,0.9831932773109243,0.9831932773109243,0.9831932773109243,0.9831932773109243,1.801180362701416,20260227_190622_run4
tsfresh,InlineSkate,0.8,0.799764185090909,0.8085114257698209,0.8,4.161450147628784,20260227_190626_run4
tsfresh,InsectEPGRegularTrain,1.0,1.0,1.0,1.0,2.6049575805664062,20260227_190629_run4
tsfresh,InsectEPGSmallTrain,1.0,1.0,1.0,1.0,2.2649924755096436,20260227_190631_run4
tsfresh,InsectWingbeatSound,0.651010101010101,0.6476285581134728,0.6498765605016878,0.651010101010101,117.96954321861267,20260227_190829_run4
tsfresh,ItalyPowerDemand,0.9747327502429544,0.9747314615358944,0.9747964672990386,0.9747327502429544,4.367347955703735,20260227_190834_run4
tsfresh,LSST,0.7287104622871047,0.6839568754247503,0.7120620107023858,0.7287104622871047,591.025552034378,20260227_191825_run4
tsfresh,LargeKitchenAppliances,0.936,0.9359761605106622,0.9374086967972378,0.936,6.028350353240967,20260227_191831_run4
tsfresh,Libras,0.9388888888888889,0.9384461861273456,0.9466300366300365,0.9388888888888889,39.46567702293396,20260227_191911_run4
tsfresh,Lightning2,0.8032786885245902,0.8013330931363719,0.8065278393147246,0.8032786885245902,1.616776466369629,20260227_191912_run4
tsfresh,Lightning7,0.8767123287671232,0.878587302260486,0.9023909880074265,0.8767123287671232,1.7820441722869873,20260227_191914_run4
tsfresh,Mallat,0.9646055437100213,0.9642212294888383,0.9690141015700716,0.9646055437100213,13.371617555618286,20260227_191927_run4
tsfresh,Meat,1.0,1.0,1.0,1.0,1.6119647026062012,20260227_191929_run4
tsfresh,MedicalImages,0.8171052631578948,0.8168963826589439,0.8253544409733723,0.8171052631578948,8.2466402053833,20260227_191937_run4
tsfresh,MiddlePhalanxOutlineAgeGroup,0.6493506493506493,0.6402855571394898,0.6382086167800454,0.6493506493506493,5.259849548339844,20260227_191943_run4
tsfresh,FaceFour,0.9431818181818182,0.9443390939010463,0.9481818181818183,0.9431818181818182,1.5639164447784424,20260227_191944_run4
tsfresh,FacesUCR,0.9551219512195122,0.9549769417145414,0.9567282230128203,0.9551219512195122,118.0863287448883,20260227_192142_run4
tsfresh,ACSF1,0.84,0.8393233082706766,0.8492316017316017,0.84,2.179290771484375,20260227_192144_run5
tsfresh,Adiac,0.8414322250639387,0.8403612552905697,0.8587227563570277,0.8414322250639387,64.55515694618225,20260227_192249_run5
tsfresh,ArrowHead,0.8285714285714286,0.8263051948051947,0.831008031707175,0.8285714285714286,2.1229195594787598,20260227_192251_run5
tsfresh,ArticularyWordRecognition,0.9933333333333333,0.9933217391304349,0.9938461538461539,0.9933333333333333,103.2508008480072,20260227_192434_run5
tsfresh,AtrialFibrillation,0.26666666666666666,0.25925925925925924,0.2619047619047619,0.26666666666666666,1.3697595596313477,20260227_192436_run5
tsfresh,BME,1.0,1.0,1.0,1.0,1.9486074447631836,20260227_192438_run5
tsfresh,BasicMotions,1.0,1.0,1.0,1.0,2.839205741882324,20260227_192441_run5
tsfresh,Beef,0.8,0.8004329004329004,0.8116666666666668,0.8,1.3156239986419678,20260227_192442_run5
tsfresh,BeetleFly,0.95,0.949874686716792,0.9545454545454545,0.95,1.1915109157562256,20260227_192443_run5
tsfresh,BirdChicken,0.95,0.949874686716792,0.9545454545454545,0.95,1.294236183166504,20260227_192445_run5
tsfresh,CBF,0.9722222222222222,0.9721433724471273,0.9739610473187854,0.9722222222222222,5.02658224105835,20260227_192450_run5
tsfresh,Car,0.95,0.9496272554605887,0.955,0.95,1.6258537769317627,20260227_192451_run5
tsfresh,Chinatown,0.9795918367346939,0.979812661395437,0.9810062638916954,0.9795918367346939,2.0631957054138184,20260227_192453_run5
tsfresh,ChlorineConcentration,0.8567708333333334,0.8522875445948024,0.8571983483643016,0.8567708333333334,26.66047692298889,20260227_192520_run5
tsfresh,CinCECGTorso,0.9985507246376811,0.9985507246376811,0.9985507246376811,0.9985507246376811,8.45689606666565,20260227_192528_run5
tsfresh,Coffee,1.0,1.0,1.0,1.0,1.3958790302276611,20260227_192530_run5
tsfresh,Computers,0.892,0.8919982719723516,0.8920250896057347,0.892,4.069497585296631,20260227_192534_run5
tsfresh,Cricket,1.0,1.0,1.0,1.0,44.07846212387085,20260227_192618_run5
tsfresh,CricketX,0.8153846153846154,0.8148381712257432,0.8207098246889128,0.8153846153846154,64.1042423248291,20260227_192722_run5
tsfresh,CricketY,0.823076923076923,0.8222596826816448,0.8311541926347257,0.823076923076923,64.37712836265564,20260227_192827_run5
tsfresh,CricketZ,0.782051282051282,0.786251766818279,0.7953066633554011,0.782051282051282,63.99014234542847,20260227_192931_run5
tsfresh,DiatomSizeReduction,0.9771241830065359,0.9759197663251208,0.9777262086867843,0.9771241830065359,2.4876115322113037,20260227_192947_run5
tsfresh,DistalPhalanxOutlineAgeGroup,0.7769784172661871,0.7770472118393376,0.7773552586502227,0.7769784172661871,5.164060831069946,20260227_192952_run5
tsfresh,DistalPhalanxOutlineCorrect,0.8260869565217391,0.8258609486679662,0.8257234377544926,0.8260869565217391,7.475049734115601,20260227_192959_run5
tsfresh,DistalPhalanxTW,0.6546762589928058,0.6447258566147895,0.6847721822541967,0.6546762589928058,5.012037992477417,20260227_193004_run5
tsfresh,ECG200,0.87,0.8663703703703703,0.8726177756192325,0.87,2.198091983795166,20260227_193007_run5
tsfresh,ECG5000,0.9455555555555556,0.9376807836786464,0.9356369771009777,0.9455555555555556,32.552814245224,20260227_193039_run5
tsfresh,ECGFiveDays,1.0,1.0,1.0,1.0,4.810428619384766,20260227_193044_run5
tsfresh,EOGHorizontalSignal,0.8314917127071824,0.8285818904567089,0.8321575301299088,0.8314917127071824,59.62401604652405,20260227_193144_run5
tsfresh,EOGVerticalSignal,0.7707182320441989,0.7676933552559618,0.7754518729396298,0.7707182320441989,59.97420859336853,20260227_193244_run5
tsfresh,ERing,0.9851851851851852,0.9853019746821848,0.9858796296296296,0.9851851851851852,4.201281785964966,20260227_193248_run5
tsfresh,Earthquakes,0.7266187050359713,0.6770435825252842,0.6669038395657101,0.7266187050359713,4.3779683113098145,20260227_193252_run5
tsfresh,ElectricDevices,0.9324341849306186,0.9325902628840095,0.9343385990439781,0.9324341849306186,277.5796129703522,20260227_193730_run5
tsfresh,Epilepsy,1.0,1.0,1.0,1.0,3.257775068283081,20260227_193733_run5
tsfresh,EthanolConcentration,0.5285171102661597,0.5289969122319026,0.5476076827167629,0.5285171102661597,5.747541904449463,20260227_193739_run5
tsfresh,EthanolLevel,0.798,0.7955258709229129,0.798841930636533,0.798,7.625110149383545,20260227_193747_run5
tsfresh,FaceAll,0.9775147928994082,0.9778189982492703,0.9785957515606521,0.9775147928994082,153.5896167755127,20260227_194020_run5
tsfresh,FiftyWords,0.7406593406593407,0.7245042301821457,0.7559890357006774,0.7406593406593407,87.19977045059204,20260227_194148_run5
tsfresh,FingerMovements,0.62,0.6153733766233767,0.6234468263976461,0.62,57.953413248062134,20260227_194246_run5
tsfresh,Fish,0.96,0.9608727750458941,0.963122274550846,0.96,3.012645959854126,20260227_194249_run5
tsfresh,FordA,1.0,1.0,1.0,1.0,54.74635577201843,20260227_194344_run5
tsfresh,FordB,0.9493827160493827,0.9493665830874182,0.949701080812192,0.9493827160493827,49.70610237121582,20260227_194433_run5
tsfresh,FreezerRegularTrain,0.9982456140350877,0.9982456138190968,0.9982458594008541,0.9982456140350877,16.62969732284546,20260227_194450_run5
tsfresh,FreezerSmallTrain,0.9298245614035088,0.9295046178185613,0.9377718793777189,0.9298245614035088,15.250649690628052,20260227_194505_run5
tsfresh,Fungi,0.7204301075268817,0.703718075729615,0.7947371111389138,0.7204301075268817,16.664278984069824,20260227_194522_run5
tsfresh,GunPoint,0.9866666666666667,0.9866619225523334,0.987008547008547,0.9866666666666667,1.9625508785247803,20260227_194524_run5
tsfresh,GunPointAgeSpan,0.9936708860759493,0.9936701252127246,0.9937490232848883,0.9936708860759493,3.413503885269165,20260227_194527_run5
tsfresh,GunPointMaleVersusFemale,1.0,1.0,1.0,1.0,3.566175699234009,20260227_194531_run5
tsfresh,GunPointOldVersusYoung,1.0,1.0,1.0,1.0,3.4425747394561768,20260227_194534_run5
tsfresh,Ham,0.780952380952381,0.7809921319040273,0.7811735434376945,0.780952380952381,2.2174293994903564,20260227_194537_run5
tsfresh,HandMovementDirection,0.3783783783783784,0.3811723031235227,0.4085085085085085,0.3783783783783784,8.1165292263031,20260227_194545_run5
tsfresh,HandOutlines,0.9378378378378378,0.937678779288651,0.9376533264033263,0.9378378378378378,12.957746505737305,20260227_194558_run5
tsfresh,Handwriting,0.26705882352941174,0.19954415319473623,0.2967340505462394,0.26705882352941174,70.26521277427673,20260227_194708_run5
tsfresh,Haptics,0.5357142857142857,0.5028004859417582,0.5148741743074042,0.5357142857142857,3.3884212970733643,20260227_194711_run5
tsfresh,Heartbeat,0.751219512195122,0.7259661461468127,0.7284638023403355,0.751219512195122,99.83222913742065,20260227_194852_run5
tsfresh,Herring,0.609375,0.5727996254681648,0.5912990196078431,0.609375,1.768073320388794,20260227_194853_run5
tsfresh,HouseTwenty,0.9747899159663865,0.9746682616894092,0.9758403361344538,0.9747899159663865,1.7875800132751465,20260227_194855_run5
tsfresh,InlineSkate,0.6818181818181818,0.6799978270423958,0.702701256471777,0.6818181818181818,4.155224323272705,20260227_194859_run5
tsfresh,InsectEPGRegularTrain,1.0,1.0,1.0,1.0,2.6018433570861816,20260227_194902_run5
tsfresh,InsectEPGSmallTrain,1.0,1.0,1.0,1.0,2.258145570755005,20260227_194904_run5
tsfresh,InsectWingbeatSound,0.6621212121212121,0.6570054638563857,0.6571570820461886,0.6621212121212121,117.98492527008057,20260227_195102_run5
tsfresh,ItalyPowerDemand,0.9650145772594753,0.9650056542277623,0.9655879038216413,0.9650145772594753,4.330633878707886,20260227_195107_run5
tsfresh,LSST,0.7339821573398215,0.6988892480866428,0.7169714909378979,0.7339821573398215,590.9330203533173,20260227_200058_run5
tsfresh,LargeKitchenAppliances,0.9306666666666666,0.9304933912693808,0.9309416074121957,0.9306666666666666,6.010442018508911,20260227_200104_run5
tsfresh,Libras,0.9722222222222222,0.9720571602310734,0.9758241758241758,0.9722222222222222,39.803833961486816,20260227_200144_run5
tsfresh,Lightning2,0.8524590163934426,0.8526183049047588,0.8532362916902204,0.8524590163934426,1.5986387729644775,20260227_200145_run5
tsfresh,Lightning7,0.7397260273972602,0.7361117773723317,0.7602288122836067,0.7397260273972602,1.7766139507293701,20260227_200147_run5
tsfresh,Mallat,0.9752665245202559,0.975182076073037,0.9776287998087366,0.9752665245202559,13.302582025527954,20260227_200200_run5
tsfresh,Meat,1.0,1.0,1.0,1.0,1.6980481147766113,20260227_200202_run5
tsfresh,MedicalImages,0.8342105263157895,0.8340882726347453,0.8401453018545396,0.8342105263157895,7.871319770812988,20260227_200210_run5
tsfresh,MiddlePhalanxOutlineAgeGroup,0.6168831168831169,0.6116957669196474,0.6115800865800866,0.6168831168831169,5.218691349029541,20260227_200215_run5
tsfresh,FaceFour,0.8863636363636364,0.8870888851408332,0.8936392599154968,0.8863636363636364,1.5539615154266357,20260227_200217_run5
tsfresh,FacesUCR,0.9551219512195122,0.9551480349502619,0.9565188793278739,0.9551219512195122,118.1099636554718,20260227_200415_run5
tsfresh,ACSF1,0.82,0.8172637029293375,0.8311760461760462,0.82,2.073514223098755,20260227_200417_run6
tsfresh,Adiac,0.8363171355498721,0.8330756293251432,0.8605729423226366,0.8363171355498721,64.7103533744812,20260227_200522_run6
tsfresh,ArrowHead,0.8628571428571429,0.8639133789108863,0.876055002269511,0.8628571428571429,2.0039241313934326,20260227_200524_run6
tsfresh,ArticularyWordRecognition,0.9966666666666667,0.9966608695652174,0.996923076923077,0.9966666666666667,103.58246874809265,20260227_200708_run6
tsfresh,AtrialFibrillation,0.2,0.13333333333333333,0.1,0.2,1.499345064163208,20260227_200709_run6
tsfresh,BME,1.0,1.0,1.0,1.0,1.8647642135620117,20260227_200711_run6
tsfresh,BasicMotions,1.0,1.0,1.0,1.0,2.873765230178833,20260227_200714_run6
tsfresh,Beef,0.8,0.7963236763236764,0.8142857142857143,0.8,1.4175727367401123,20260227_200715_run6
tsfresh,BeetleFly,0.8,0.7979797979797979,0.8125,0.8,1.2127306461334229,20260227_200716_run6
tsfresh,BirdChicken,0.9,0.898989898989899,0.9166666666666667,0.9,1.3025548458099365,20260227_200718_run6
tsfresh,CBF,0.9988888888888889,0.9988888796908224,0.9988925559222589,0.9988888888888889,5.026538610458374,20260227_200723_run6
tsfresh,Car,0.8,0.7898111658456486,0.8624747474747474,0.8,1.613180160522461,20260227_200724_run6
tsfresh,Chinatown,0.9708454810495627,0.9712829919420752,0.9736488001794124,0.9708454810495627,1.9461169242858887,20260227_200726_run6
tsfresh,ChlorineConcentration,0.85390625,0.8520316504097654,0.8526972375713241,0.85390625,26.801708698272705,20260227_200753_run6
tsfresh,CinCECGTorso,0.9971014492753624,0.9971025102113167,0.9971056745679637,0.9971014492753624,8.453097105026245,20260227_200802_run6
tsfresh,Coffee,1.0,1.0,1.0,1.0,1.3074729442596436,20260227_200803_run6
tsfresh,Computers,0.884,0.8838494689117096,0.8860010293360783,0.884,4.185657501220703,20260227_200807_run6
tsfresh,Cricket,1.0,1.0,1.0,1.0,42.4221625328064,20260227_200850_run6
tsfresh,CricketX,0.8282051282051283,0.8258917216249446,0.8324999262189898,0.8282051282051283,63.98147892951965,20260227_200954_run6
tsfresh,CricketY,0.8076923076923077,0.8068633471914208,0.8189145393928599,0.8076923076923077,64.15771675109863,20260227_201058_run6
tsfresh,CricketZ,0.8076923076923077,0.8085206051503956,0.8141417158473608,0.8076923076923077,64.10953116416931,20260227_201202_run6
tsfresh,DiatomSizeReduction,0.9705882352941176,0.9698119910900524,0.9714885328456601,0.9705882352941176,2.5851619243621826,20260227_201218_run6
tsfresh,DistalPhalanxOutlineAgeGroup,0.7985611510791367,0.7976602384154382,0.7975466597089421,0.7985611510791367,5.471596956253052,20260227_201224_run6
tsfresh,DistalPhalanxOutlineCorrect,0.8442028985507246,0.8425590939312653,0.844855758395312,0.8442028985507246,7.467956781387329,20260227_201231_run6
tsfresh,DistalPhalanxTW,0.697841726618705,0.6663393386770499,0.6508054395644324,0.697841726618705,5.321732521057129,20260227_201237_run6
tsfresh,ECG200,0.89,0.886928774928775,0.8940456532297231,0.89,2.10396671295166,20260227_201239_run6
tsfresh,ECG5000,0.9477777777777778,0.9372567757719349,0.9398653525797778,0.9477777777777778,33.284963607788086,20260227_201312_run6
tsfresh,ECGFiveDays,1.0,1.0,1.0,1.0,4.822362899780273,20260227_201317_run6
tsfresh,EOGHorizontalSignal,0.8729281767955801,0.8719787284545836,0.8732416053149663,0.8729281767955801,59.07803153991699,20260227_201416_run6
tsfresh,EOGVerticalSignal,0.8038674033149171,0.7997779189398391,0.8019757656295569,0.8038674033149171,58.90425395965576,20260227_201515_run6
tsfresh,ERing,0.9555555555555556,0.9559985501828708,0.9596910182016565,0.9555555555555556,3.965618848800659,20260227_201519_run6
tsfresh,Earthquakes,0.7769784172661871,0.7117497110678237,0.7892663312958655,0.7769784172661871,4.570059537887573,20260227_201523_run6
tsfresh,ElectricDevices,0.932693554662171,0.9328832401424892,0.9341754135262016,0.932693554662171,277.498952627182,20260227_202001_run6
tsfresh,Epilepsy,1.0,1.0,1.0,1.0,3.2312724590301514,20260227_202004_run6
tsfresh,EthanolConcentration,0.5209125475285171,0.5134033122026812,0.5510845435192767,0.5209125475285171,5.766506671905518,20260227_202010_run6
tsfresh,EthanolLevel,0.836,0.8349219413908154,0.834134564102564,0.836,7.578486442565918,20260227_202018_run6
tsfresh,FaceAll,0.9822485207100592,0.9827358945902688,0.9843193643669623,0.9822485207100592,153.29821634292603,20260227_202251_run6
tsfresh,FiftyWords,0.7428571428571429,0.7402327105162316,0.7793390767340348,0.7428571428571429,86.68775510787964,20260227_202418_run6
tsfresh,FingerMovements,0.54,0.5388920112404656,0.5395151515151515,0.54,58.576704263687134,20260227_202517_run6
tsfresh,Fish,0.9257142857142857,0.9253372487615292,0.9253798375537505,0.9257142857142857,2.8860573768615723,20260227_202519_run6
tsfresh,FordA,1.0,1.0,1.0,1.0,54.42745900154114,20260227_202614_run6
tsfresh,FordB,0.9444444444444444,0.9444084230689366,0.9452065401669275,0.9444444444444444,49.72645592689514,20260227_202704_run6
tsfresh,FreezerRegularTrain,0.9982456140350877,0.9982456120911676,0.9982478223356852,0.9982456140350877,16.662787914276123,20260227_202720_run6
tsfresh,FreezerSmallTrain,0.9150877192982456,0.9150726210975517,0.9153831028380416,0.9150877192982456,15.37436294555664,20260227_202736_run6
tsfresh,Fungi,0.8118279569892473,0.7999249820575103,0.8283683610296513,0.8118279569892473,16.49772572517395,20260227_202752_run6
tsfresh,GunPoint,0.9666666666666667,0.9666681482139946,0.9667555555555555,0.9666666666666667,2.0825400352478027,20260227_202754_run6
tsfresh,GunPointAgeSpan,0.9936708860759493,0.9936711396157453,0.9937510014420766,0.9936708860759493,3.400522470474243,20260227_202758_run6
tsfresh,GunPointMaleVersusFemale,0.9968354430379747,0.9968359194795887,0.9968564003688489,0.9968354430379747,3.398730516433716,20260227_202801_run6
tsfresh,GunPointOldVersusYoung,1.0,1.0,1.0,1.0,3.5053887367248535,20260227_202805_run6
tsfresh,Ham,0.819047619047619,0.8187512187512187,0.8197994987468671,0.819047619047619,2.1932313442230225,20260227_202807_run6
tsfresh,HandMovementDirection,0.4189189189189189,0.4298946161015127,0.46677927927927926,0.4189189189189189,7.823270559310913,20260227_202815_run6
tsfresh,HandOutlines,0.9432432432432433,0.9427782375506958,0.9435494503157761,0.9432432432432433,12.748859405517578,20260227_202828_run6
tsfresh,Handwriting,0.33176470588235296,0.2805844763141961,0.42296575729447194,0.33176470588235296,70.00571608543396,20260227_202938_run6
tsfresh,Haptics,0.525974025974026,0.49840663192207485,0.5351818190857142,0.525974025974026,3.4810373783111572,20260227_202941_run6
tsfresh,Heartbeat,0.7317073170731707,0.7294276901912109,0.7274717780290386,0.7317073170731707,99.16396379470825,20260227_203121_run6
tsfresh,Herring,0.515625,0.5048102180194378,0.4999653931339978,0.515625,1.6707241535186768,20260227_203122_run6
tsfresh,HouseTwenty,0.957983193277311,0.9576120473953291,0.9608221667045197,0.957983193277311,1.782926082611084,20260227_203124_run6
tsfresh,InlineSkate,0.7436363636363637,0.7393623069906121,0.7587393153849014,0.7436363636363637,4.278442144393921,20260227_203128_run6
tsfresh,InsectEPGRegularTrain,1.0,1.0,1.0,1.0,2.489043951034546,20260227_203131_run6
tsfresh,InsectEPGSmallTrain,1.0,1.0,1.0,1.0,2.263151168823242,20260227_203133_run6
tsfresh,InsectWingbeatSound,0.6702020202020202,0.6591481084266749,0.6688387357376007,0.6702020202020202,118.46653866767883,20260227_203332_run6
tsfresh,ItalyPowerDemand,0.9698736637512148,0.9698725255951631,0.9699171933583902,0.9698736637512148,4.347087860107422,20260227_203336_run6
tsfresh,LSST,0.7376317923763179,0.7093274027307765,0.7142858519484718,0.7376317923763179,589.6096782684326,20260227_204326_run6
tsfresh,LargeKitchenAppliances,0.9413333333333334,0.9412667690732207,0.9412804131190917,0.9413333333333334,5.834024429321289,20260227_204332_run6
tsfresh,Libras,0.9388888888888889,0.9381525398916702,0.9413053613053612,0.9388888888888889,39.33309078216553,20260227_204411_run6
tsfresh,Lightning2,0.819672131147541,0.8171821025801224,0.8262370109164572,0.819672131147541,1.7118327617645264,20260227_204413_run6
tsfresh,Lightning7,0.7808219178082192,0.7799559268737352,0.7938534068671055,0.7808219178082192,1.768122673034668,20260227_204415_run6
tsfresh,Mallat,0.9786780383795309,0.9787324756227298,0.9790443017461438,0.9786780383795309,13.269676685333252,20260227_204428_run6
tsfresh,Meat,0.9833333333333333,0.9833229101521785,0.9841269841269842,0.9833333333333333,1.7008895874023438,20260227_204430_run6
tsfresh,MedicalImages,0.85,0.842066213537,0.8457579258694498,0.85,7.886711359024048,20260227_204438_run6
tsfresh,MiddlePhalanxOutlineAgeGroup,0.6493506493506493,0.6383899650133417,0.6438943959758021,0.6493506493506493,5.267147541046143,20260227_204443_run6
tsfresh,FaceFour,0.8068181818181818,0.8118824954949357,0.8518939393939394,0.8068181818181818,1.5726122856140137,20260227_204444_run6
tsfresh,FacesUCR,0.948780487804878,0.9488211635398157,0.9520676202224363,0.948780487804878,118.22817611694336,20260227_204643_run6
tsfresh,ACSF1,0.84,0.8353908651734738,0.8700183150183151,0.84,2.0963430404663086,20260227_204645_run7
tsfresh,Adiac,0.8209718670076727,0.817950980945715,0.8552686804453531,0.8209718670076727,64.62921118736267,20260227_204750_run7
tsfresh,ArrowHead,0.76,0.7625132350507016,0.7742087938740863,0.76,2.0147790908813477,20260227_204752_run7
tsfresh,ArticularyWordRecognition,0.9966666666666667,0.9966608695652174,0.996923076923077,0.9966666666666667,103.03905749320984,20260227_204935_run7
tsfresh,AtrialFibrillation,0.06666666666666667,0.08333333333333333,0.1111111111111111,0.06666666666666667,1.3672449588775635,20260227_204936_run7
tsfresh,BME,1.0,1.0,1.0,1.0,1.8546347618103027,20260227_204938_run7
tsfresh,BasicMotions,1.0,1.0,1.0,1.0,2.93192458152771,20260227_204941_run7
tsfresh,Beef,0.9333333333333333,0.9350649350649349,0.95,0.9333333333333333,1.3035759925842285,20260227_204942_run7
tsfresh,BeetleFly,0.9,0.9,0.9,0.9,1.1890788078308105,20260227_204943_run7
tsfresh,BirdChicken,0.95,0.949874686716792,0.9545454545454545,0.95,1.29099440574646,20260227_204945_run7
tsfresh,CBF,0.9988888888888889,0.9988888796908224,0.9988925559222589,0.9988888888888889,5.027977466583252,20260227_204950_run7
tsfresh,Car,0.9,0.898335789370272,0.8987179487179487,0.9,1.6205151081085205,20260227_204951_run7
tsfresh,Chinatown,0.9795918367346939,0.979812661395437,0.9810062638916954,0.9795918367346939,2.0397303104400635,20260227_204953_run7
tsfresh,ChlorineConcentration,0.878125,0.8764603504145823,0.8767568493266024,0.878125,26.769123077392578,20260227_205020_run7
tsfresh,CinCECGTorso,0.9942028985507246,0.9942027502923162,0.9942360618418773,0.9942028985507246,8.479072570800781,20260227_205029_run7
tsfresh,Coffee,1.0,1.0,1.0,1.0,1.3909597396850586,20260227_205030_run7
tsfresh,Computers,0.856,0.8559907834101382,0.8560911593367903,0.856,3.995738983154297,20260227_205034_run7
tsfresh,Cricket,1.0,1.0,1.0,1.0,42.65578079223633,20260227_205117_run7
tsfresh,CricketX,0.8256410256410256,0.8220298338691976,0.827756001373062,0.8256410256410256,64.06186103820801,20260227_205221_run7
tsfresh,CricketY,0.7794871794871795,0.7720997602247346,0.7843580877901112,0.7794871794871795,64.75804352760315,20260227_205326_run7
tsfresh,CricketZ,0.8564102564102564,0.8575860004956084,0.8623497166485822,0.8564102564102564,64.20382118225098,20260227_205430_run7
tsfresh,DiatomSizeReduction,0.9379084967320261,0.933363061587417,0.9445095250048811,0.9379084967320261,2.4660046100616455,20260227_205446_run7
tsfresh,DistalPhalanxOutlineAgeGroup,0.8057553956834532,0.8048370635752058,0.8067854174371945,0.8057553956834532,5.349345445632935,20260227_205451_run7
tsfresh,DistalPhalanxOutlineCorrect,0.8478260869565217,0.8471798780487805,0.8473603252211173,0.8478260869565217,7.397445440292358,20260227_205459_run7
tsfresh,DistalPhalanxTW,0.6906474820143885,0.6739990436985781,0.6642636408754568,0.6906474820143885,5.236949682235718,20260227_205504_run7
tsfresh,ECG200,0.9,0.9,0.9,0.9,2.0741195678710938,20260227_205506_run7
tsfresh,ECG5000,0.9475555555555556,0.9382609033086851,0.9376332608107346,0.9475555555555556,32.70443773269653,20260227_205539_run7
tsfresh,ECGFiveDays,1.0,1.0,1.0,1.0,4.957277536392212,20260227_205544_run7
tsfresh,EOGHorizontalSignal,0.861878453038674,0.8573311261847698,0.8589203239496651,0.861878453038674,59.23159193992615,20260227_205643_run7
tsfresh,EOGVerticalSignal,0.8011049723756906,0.7957479269403871,0.7971899122505248,0.8011049723756906,59.678157329559326,20260227_205743_run7
tsfresh,ERing,0.9592592592592593,0.9597836935243604,0.9616172072693813,0.9592592592592593,4.059254169464111,20260227_205747_run7
tsfresh,Earthquakes,0.7122302158273381,0.6520444813564441,0.6298234139960759,0.7122302158273381,4.43186354637146,20260227_205751_run7
tsfresh,ElectricDevices,0.928803008688886,0.9290767816781729,0.930617500393073,0.928803008688886,277.372496843338,20260227_210229_run7
tsfresh,Epilepsy,1.0,1.0,1.0,1.0,3.229416847229004,20260227_210232_run7
tsfresh,EthanolConcentration,0.5399239543726235,0.5298123131817074,0.5558892166323407,0.5399239543726235,5.692466974258423,20260227_210238_run7
tsfresh,EthanolLevel,0.816,0.8176542723560601,0.8213179306819657,0.816,7.726585626602173,20260227_210245_run7
tsfresh,FaceAll,0.9798816568047337,0.9803064659592302,0.9816819969923317,0.9798816568047337,153.23869490623474,20260227_210519_run7
tsfresh,FiftyWords,0.756043956043956,0.7335207055016955,0.7511675997010593,0.756043956043956,86.39160251617432,20260227_210645_run7
tsfresh,FingerMovements,0.56,0.56,0.56,0.56,57.01781702041626,20260227_210742_run7
tsfresh,Fish,0.9542857142857143,0.9550073076464054,0.9584117125110915,0.9542857142857143,3.0110418796539307,20260227_210745_run7
tsfresh,FordA,1.0,1.0,1.0,1.0,54.50174331665039,20260227_210840_run7
tsfresh,FordB,0.945679012345679,0.945679012345679,0.945679012345679,0.945679012345679,49.68640184402466,20260227_210930_run7
tsfresh,FreezerRegularTrain,0.9971929824561403,0.9971929810737981,0.9971939618471394,0.9971929824561403,16.716980457305908,20260227_210946_run7
tsfresh,FreezerSmallTrain,0.9378947368421052,0.9376807606937505,0.9439926180984415,0.9378947368421052,15.27901816368103,20260227_211002_run7
tsfresh,Fungi,0.6505376344086021,0.6363073719901137,0.7316848605748036,0.6505376344086021,16.654120206832886,20260227_211018_run7
tsfresh,GunPoint,0.9933333333333333,0.9933324440887468,0.9934199134199135,0.9933333333333333,1.9682714939117432,20260227_211020_run7
tsfresh,GunPointAgeSpan,0.9968354430379747,0.9968352845422689,0.9968550986712791,0.9968354430379747,3.5031368732452393,20260227_211024_run7
tsfresh,GunPointMaleVersusFemale,1.0,1.0,1.0,1.0,3.444915294647217,20260227_211027_run7
tsfresh,GunPointOldVersusYoung,1.0,1.0,1.0,1.0,3.4429638385772705,20260227_211031_run7
tsfresh,Ham,0.8666666666666667,0.866326530612245,0.8685253118121791,0.8666666666666667,2.337033987045288,20260227_211033_run7
tsfresh,HandMovementDirection,0.35135135135135137,0.3349251956091829,0.3596013596013596,0.35135135135135137,8.120375394821167,20260227_211041_run7
tsfresh,HandOutlines,0.9243243243243243,0.9233077339634717,0.9252642846737057,0.9243243243243243,13.167542457580566,20260227_211054_run7
tsfresh,Handwriting,0.3517647058823529,0.30586496352182474,0.40441285108034364,0.3517647058823529,70.50514698028564,20260227_211205_run7
tsfresh,Haptics,0.5357142857142857,0.5240315691781471,0.548091006749096,0.5357142857142857,3.4074180126190186,20260227_211208_run7
tsfresh,Heartbeat,0.751219512195122,0.7259661461468127,0.7284638023403355,0.751219512195122,101.68336343765259,20260227_211350_run7
tsfresh,Herring,0.5625,0.4713541666666667,0.4834770114942528,0.5625,1.6640496253967285,20260227_211352_run7
tsfresh,HouseTwenty,0.9831932773109243,0.9831418281598353,0.9836667061190674,0.9831932773109243,1.7915449142456055,20260227_211354_run7
tsfresh,InlineSkate,0.7981818181818182,0.7957402765829931,0.8066076068630322,0.7981818181818182,4.190765857696533,20260227_211358_run7
tsfresh,InsectEPGRegularTrain,1.0,1.0,1.0,1.0,2.4723663330078125,20260227_211401_run7
tsfresh,InsectEPGSmallTrain,1.0,1.0,1.0,1.0,2.2581775188446045,20260227_211403_run7
tsfresh,InsectWingbeatSound,0.6757575757575758,0.6763072828006506,0.6814140488857782,0.6757575757575758,117.93626093864441,20260227_211601_run7
tsfresh,ItalyPowerDemand,0.9708454810495627,0.970835068721366,0.9714196374595366,0.9708454810495627,4.380040884017944,20260227_211605_run7
tsfresh,LSST,0.7262773722627737,0.6917482081632311,0.6984398427689397,0.7262773722627737,590.0223505496979,20260227_212556_run7
tsfresh,LargeKitchenAppliances,0.936,0.9359526100981332,0.9360465870727908,0.936,5.976530313491821,20260227_212602_run7
tsfresh,Libras,0.9,0.898217626556615,0.9098971616618673,0.9,39.670844078063965,20260227_212641_run7
tsfresh,Lightning2,0.8524590163934426,0.8504217202928274,0.8604306561128408,0.8524590163934426,1.6083850860595703,20260227_212643_run7
tsfresh,Lightning7,0.8082191780821918,0.8124641944142347,0.8331257783312577,0.8082191780821918,1.7722179889678955,20260227_212645_run7
tsfresh,Mallat,0.9714285714285714,0.9713397273893252,0.9731656057569232,0.9714285714285714,13.43020749092102,20260227_212658_run7
tsfresh,Meat,0.9666666666666667,0.9665831244778613,0.9696969696969696,0.9666666666666667,1.606917142868042,20260227_212700_run7
tsfresh,MedicalImages,0.8328947368421052,0.8336484083621876,0.8428103668515475,0.8328947368421052,7.8491599559783936,20260227_212708_run7
tsfresh,MiddlePhalanxOutlineAgeGroup,0.6233766233766234,0.6209418447513685,0.67988344002149,0.6233766233766234,4.997574329376221,20260227_212713_run7
tsfresh,FaceFour,0.9545454545454546,0.9545454545454546,0.9545454545454546,0.9545454545454546,1.55629301071167,20260227_212714_run7
tsfresh,FacesUCR,0.9565853658536585,0.9565904598261932,0.9571496049090957,0.9565853658536585,118.05895781517029,20260227_212913_run7
tsfresh,ACSF1,0.89,0.887015939445607,0.9023018648018649,0.89,2.1684024333953857,20260227_212915_run8
tsfresh,Adiac,0.8516624040920716,0.8499782620532169,0.8732413345810368,0.8516624040920716,64.52207350730896,20260227_213019_run8
tsfresh,ArrowHead,0.8228571428571428,0.8228923677532696,0.8253850050658562,0.8228571428571428,2.0253727436065674,20260227_213021_run8
tsfresh,ArticularyWordRecognition,0.9933333333333333,0.9933217391304349,0.9938461538461539,0.9933333333333333,103.17835545539856,20260227_213205_run8
tsfresh,AtrialFibrillation,0.4666666666666667,0.45555555555555555,0.4793650793650793,0.4666666666666667,1.470231294631958,20260227_213206_run8
tsfresh,BME,1.0,1.0,1.0,1.0,1.8569271564483643,20260227_213208_run8
tsfresh,BasicMotions,1.0,1.0,1.0,1.0,2.816664695739746,20260227_213211_run8
tsfresh,Beef,0.7666666666666667,0.7716283716283717,0.7914285714285714,0.7666666666666667,1.4037213325500488,20260227_213212_run8
tsfresh,BeetleFly,0.75,0.7442455242966752,0.7747252747252747,0.75,1.1918387413024902,20260227_213214_run8
tsfresh,BirdChicken,0.9,0.898989898989899,0.9166666666666667,0.9,1.191772699356079,20260227_213215_run8
tsfresh,CBF,0.9922222222222222,0.9921992834110057,0.9923135421265836,0.9922222222222222,5.514875411987305,20260227_213220_run8
tsfresh,Car,0.9333333333333333,0.9337179487179488,0.9380952380952381,0.9333333333333333,1.6011433601379395,20260227_213222_run8
tsfresh,Chinatown,0.9825072886297376,0.9825072886297376,0.9825072886297376,0.9825072886297376,1.8989009857177734,20260227_213224_run8
tsfresh,ChlorineConcentration,0.8442708333333333,0.8398731884059318,0.8440868572217103,0.8442708333333333,26.851356744766235,20260227_213251_run8
tsfresh,CinCECGTorso,0.9891304347826086,0.9891268199438624,0.9894733928383653,0.9891304347826086,8.418587446212769,20260227_213259_run8
tsfresh,Coffee,1.0,1.0,1.0,1.0,1.301875352859497,20260227_213301_run8
tsfresh,Computers,0.852,0.8519786849306299,0.852202868852459,0.852,4.168710947036743,20260227_213305_run8
tsfresh,Cricket,1.0,1.0,1.0,1.0,42.39465594291687,20260227_213347_run8
tsfresh,CricketX,0.7846153846153846,0.7806414592511505,0.7949156251837859,0.7846153846153846,64.30273938179016,20260227_213451_run8
tsfresh,CricketY,0.8153846153846154,0.8136771951580078,0.8147066504419446,0.8153846153846154,64.36049056053162,20260227_213556_run8
tsfresh,CricketZ,0.8205128205128205,0.8203762003036619,0.82484987536345,0.8205128205128205,64.91119503974915,20260227_213701_run8
tsfresh,DiatomSizeReduction,0.9869281045751634,0.9865927617458062,0.9872684547108441,0.9869281045751634,2.4702303409576416,20260227_213717_run8
tsfresh,DistalPhalanxOutlineAgeGroup,0.8129496402877698,0.808785316760069,0.8177530066059794,0.8129496402877698,5.308354377746582,20260227_213722_run8
tsfresh,DistalPhalanxOutlineCorrect,0.8297101449275363,0.8275596347158006,0.8305871212121211,0.8297101449275363,7.403419733047485,20260227_213729_run8
tsfresh,DistalPhalanxTW,0.7050359712230215,0.6847485493707515,0.7131962694602815,0.7050359712230215,5.3705832958221436,20260227_213735_run8
tsfresh,ECG200,0.91,0.911092809629395,0.9168416701116163,0.91,2.0792906284332275,20260227_213737_run8
tsfresh,ECG5000,0.9457777777777778,0.9406604803667621,0.9364519166923267,0.9457777777777778,32.53921723365784,20260227_213809_run8
tsfresh,ECGFiveDays,1.0,1.0,1.0,1.0,4.9369165897369385,20260227_213814_run8
tsfresh,EOGHorizontalSignal,0.8646408839779005,0.8614968941283347,0.8622792435901468,0.8646408839779005,59.40106773376465,20260227_213914_run8
tsfresh,EOGVerticalSignal,0.7983425414364641,0.7972758992665921,0.807295612453286,0.7983425414364641,59.431907653808594,20260227_214013_run8
tsfresh,ERing,0.9592592592592593,0.9593219428325811,0.9602963666086591,0.9592592592592593,4.0390095710754395,20260227_214017_run8
tsfresh,Earthquakes,0.7553956834532374,0.6883713368288421,0.7163723566601264,0.7553956834532374,4.476362943649292,20260227_214022_run8
tsfresh,ElectricDevices,0.9339904033199325,0.9341240704817259,0.9351957760403755,0.9339904033199325,277.3905825614929,20260227_214459_run8
tsfresh,Epilepsy,0.9927536231884058,0.9927565004474139,0.9929606625258798,0.9927536231884058,3.238583564758301,20260227_214503_run8
tsfresh,EthanolConcentration,0.45627376425855515,0.44746051178220425,0.4528590631718156,0.45627376425855515,5.631101608276367,20260227_214508_run8
tsfresh,EthanolLevel,0.84,0.8388901212743373,0.8383707082784944,0.84,7.767512321472168,20260227_214516_run8
tsfresh,FaceAll,0.9775147928994082,0.9778945184310268,0.9793137947571516,0.9775147928994082,153.19144082069397,20260227_214749_run8
tsfresh,FiftyWords,0.7384615384615385,0.7210959808971039,0.7626057348187372,0.7384615384615385,86.55546879768372,20260227_214916_run8
tsfresh,FingerMovements,0.58,0.5796634615384615,0.5797912484945804,0.58,56.97479963302612,20260227_215013_run8
tsfresh,Fish,0.9657142857142857,0.9661220826256983,0.9678827838827838,0.9657142857142857,3.1355531215667725,20260227_215016_run8
tsfresh,FordA,1.0,1.0,1.0,1.0,54.36144828796387,20260227_215111_run8
tsfresh,FordB,0.9580246913580247,0.9580093275116405,0.958415123861983,0.9580246913580247,49.39930605888367,20260227_215200_run8
tsfresh,FreezerRegularTrain,0.9978947368421053,0.9978947368421053,0.9978947368421053,0.9978947368421053,16.765587329864502,20260227_215217_run8
tsfresh,FreezerSmallTrain,0.92,0.9196275905197664,0.9279313633943792,0.92,15.28350043296814,20260227_215232_run8
tsfresh,Fungi,0.6236559139784946,0.6167581492868135,0.7572169422088451,0.6236559139784946,16.71769094467163,20260227_215249_run8
tsfresh,GunPoint,0.9866666666666667,0.9866666666666667,0.9866666666666667,0.9866666666666667,1.9888088703155518,20260227_215251_run8
tsfresh,GunPointAgeSpan,0.990506329113924,0.9905066143604778,0.9905267390674908,0.990506329113924,3.414351463317871,20260227_215254_run8
tsfresh,GunPointMaleVersusFemale,0.9968354430379747,0.9968349027237305,0.9968543924808612,0.9968354430379747,3.543181896209717,20260227_215258_run8
tsfresh,GunPointOldVersusYoung,1.0,1.0,1.0,1.0,3.41216778755188,20260227_215301_run8
tsfresh,Ham,0.8380952380952381,0.8375043987123176,0.8407621854932099,0.8380952380952381,2.21701979637146,20260227_215303_run8
tsfresh,HandMovementDirection,0.5,0.5038997347795507,0.5632761515114455,0.5,8.09842824935913,20260227_215312_run8
tsfresh,HandOutlines,0.927027027027027,0.9257992613377493,0.9290261684437628,0.927027027027027,13.010980129241943,20260227_215325_run8
tsfresh,Handwriting,0.29294117647058826,0.27075247419216153,0.5150588533455523,0.29294117647058826,70.3789267539978,20260227_215435_run8
tsfresh,Haptics,0.5357142857142857,0.5223466874478477,0.5587781181207524,0.5357142857142857,3.3733673095703125,20260227_215438_run8
tsfresh,Heartbeat,0.7463414634146341,0.7401070554896214,0.736324999042769,0.7463414634146341,98.69887661933899,20260227_215617_run8
tsfresh,Herring,0.5625,0.4511904761904762,0.4479166666666667,0.5625,1.6622343063354492,20260227_215619_run8
tsfresh,HouseTwenty,0.9411764705882353,0.9406568663534609,0.943649531884826,0.9411764705882353,1.7652199268341064,20260227_215621_run8
tsfresh,InlineSkate,0.7763636363636364,0.7763577392374403,0.7869844577486461,0.7763636363636364,4.177275896072388,20260227_215625_run8
tsfresh,InsectEPGRegularTrain,1.0,1.0,1.0,1.0,2.4851529598236084,20260227_215628_run8
tsfresh,InsectEPGSmallTrain,1.0,1.0,1.0,1.0,2.246903657913208,20260227_215630_run8
tsfresh,InsectWingbeatSound,0.6545454545454545,0.6505789031865505,0.6515965453462403,0.6545454545454545,117.70473265647888,20260227_215828_run8
tsfresh,ItalyPowerDemand,0.9640427599611273,0.9640424203692917,0.9640876063456838,0.9640427599611273,4.315452337265015,20260227_215832_run8
tsfresh,LSST,0.7327656123276561,0.6916441174658381,0.7272082160197376,0.7327656123276561,591.1905515193939,20260227_220824_run8
tsfresh,LargeKitchenAppliances,0.936,0.9362583667833897,0.9372751909337275,0.936,6.065396070480347,20260227_220830_run8
tsfresh,Libras,0.9388888888888889,0.9385164690382082,0.9407692307692307,0.9388888888888889,39.66851091384888,20260227_220909_run8
tsfresh,Lightning2,0.8360655737704918,0.8312656919214296,0.8582966813274691,0.8360655737704918,1.6229476928710938,20260227_220911_run8
tsfresh,Lightning7,0.684931506849315,0.666807096565356,0.7873768053058947,0.684931506849315,1.788245677947998,20260227_220913_run8
tsfresh,Mallat,0.9688699360341151,0.9686069288252392,0.9731204490790232,0.9688699360341151,13.428144931793213,20260227_220926_run8
tsfresh,Meat,1.0,1.0,1.0,1.0,1.6189098358154297,20260227_220928_run8
tsfresh,MedicalImages,0.8447368421052631,0.8425410403070988,0.8424217438226601,0.8447368421052631,7.858153820037842,20260227_220936_run8
tsfresh,MiddlePhalanxOutlineAgeGroup,0.6558441558441559,0.6441982853747559,0.6505813027552158,0.6558441558441559,5.168745517730713,20260227_220941_run8
tsfresh,FaceFour,0.9318181818181818,0.9308470185287013,0.947191210349105,0.9318181818181818,1.5448744297027588,20260227_220942_run8
tsfresh,FacesUCR,0.9580487804878048,0.9585369999570106,0.9620508916887046,0.9580487804878048,118.32960844039917,20260227_221141_run8
tsfresh,ACSF1,0.89,0.8899098536855974,0.9035683760683761,0.89,2.1593871116638184,20260227_221143_run9
tsfresh,Adiac,0.8465473145780051,0.844539467942129,0.8689602642814619,0.8465473145780051,64.27803492546082,20260227_221247_run9
tsfresh,ArrowHead,0.92,0.9193894905347305,0.919985962639024,0.92,2.1390233039855957,20260227_221249_run9
tsfresh,ArticularyWordRecognition,0.9933333333333333,0.9933217391304349,0.9938461538461539,0.9933333333333333,103.58364343643188,20260227_221433_run9
tsfresh,AtrialFibrillation,0.3333333333333333,0.2814814814814815,0.26666666666666666,0.3333333333333333,1.4747657775878906,20260227_221435_run9
tsfresh,BME,1.0,1.0,1.0,1.0,1.855013370513916,20260227_221436_run9
tsfresh,BasicMotions,1.0,1.0,1.0,1.0,2.8100414276123047,20260227_221439_run9
tsfresh,Beef,0.8333333333333334,0.8294372294372293,0.875,0.8333333333333334,1.3033475875854492,20260227_221441_run9
tsfresh,BeetleFly,0.9,0.9,0.9,0.9,1.292884111404419,20260227_221442_run9
tsfresh,BirdChicken,1.0,1.0,1.0,1.0,1.1872022151947021,20260227_221443_run9
tsfresh,CBF,0.9966666666666667,0.9966665286895764,0.9966994535519126,0.9966666666666667,5.02382493019104,20260227_221448_run9
tsfresh,Car,0.8833333333333333,0.8839506172839506,0.8857142857142857,0.8833333333333333,1.7004644870758057,20260227_221450_run9
tsfresh,Chinatown,0.9825072886297376,0.9826711316014606,0.9835568513119534,0.9825072886297376,1.9276525974273682,20260227_221452_run9
tsfresh,ChlorineConcentration,0.8393229166666667,0.83551085413328,0.8397458475813127,0.8393229166666667,26.729127407073975,20260227_221519_run9
tsfresh,CinCECGTorso,0.9905797101449275,0.9905793283709371,0.9906393179082282,0.9905797101449275,8.552577495574951,20260227_221527_run9
tsfresh,Coffee,1.0,1.0,1.0,1.0,1.2869737148284912,20260227_221528_run9
tsfresh,Computers,0.864,0.8639651750848218,0.8643731180729066,0.864,4.020645618438721,20260227_221532_run9
tsfresh,Cricket,1.0,1.0,1.0,1.0,42.64289379119873,20260227_221615_run9
tsfresh,CricketX,0.8076923076923077,0.8096633496841514,0.826576035959325,0.8076923076923077,64.38216400146484,20260227_221720_run9
tsfresh,CricketY,0.7948717948717948,0.7952994128675311,0.8007532211617708,0.7948717948717948,64.45148062705994,20260227_221824_run9
tsfresh,CricketZ,0.782051282051282,0.78374317367476,0.787236231439192,0.782051282051282,64.52995228767395,20260227_221929_run9
tsfresh,DiatomSizeReduction,0.9836601307189542,0.9831359665906435,0.9842308135375363,0.9836601307189542,2.515756368637085,20260227_221945_run9
tsfresh,DistalPhalanxOutlineAgeGroup,0.7913669064748201,0.7871788504118492,0.7906669259187246,0.7913669064748201,5.374480962753296,20260227_221950_run9
tsfresh,DistalPhalanxOutlineCorrect,0.8405797101449275,0.8390558332875534,0.8408627494995977,0.8405797101449275,7.421705484390259,20260227_221958_run9
tsfresh,DistalPhalanxTW,0.7194244604316546,0.681915242999399,0.6701611972454122,0.7194244604316546,5.081430435180664,20260227_222003_run9
tsfresh,ECG200,0.82,0.821003861003861,0.8226825127334465,0.82,2.074009895324707,20260227_222005_run9
tsfresh,ECG5000,0.9484444444444444,0.9418668965158756,0.9383440379037927,0.9484444444444444,32.435264348983765,20260227_222037_run9
tsfresh,ECGFiveDays,1.0,1.0,1.0,1.0,4.9349141120910645,20260227_222042_run9
tsfresh,EOGHorizontalSignal,0.8287292817679558,0.8241818463015805,0.8279972628295597,0.8287292817679558,59.14611506462097,20260227_222141_run9
tsfresh,EOGVerticalSignal,0.7900552486187845,0.7845471548633285,0.7851586431970505,0.7900552486187845,59.07441544532776,20260227_222240_run9
tsfresh,ERing,0.9518518518518518,0.9521131017950251,0.957516339869281,0.9518518518518518,4.011965274810791,20260227_222244_run9
tsfresh,Earthquakes,0.6906474820143885,0.6112964947191183,0.548300291064858,0.6906474820143885,4.402169227600098,20260227_222249_run9
tsfresh,ElectricDevices,0.9273764751653482,0.9275751070659903,0.9283651988491348,0.9273764751653482,277.40628838539124,20260227_222727_run9
tsfresh,Epilepsy,1.0,1.0,1.0,1.0,3.260852813720703,20260227_222730_run9
tsfresh,EthanolConcentration,0.49809885931558934,0.49563513260842484,0.5199369665811603,0.49809885931558934,5.722736835479736,20260227_222736_run9
tsfresh,EthanolLevel,0.85,0.8490827779180342,0.8517699055076811,0.85,7.6756298542022705,20260227_222743_run9
tsfresh,FaceAll,0.9822485207100592,0.9824923836753777,0.9833984389083609,0.9822485207100592,153.68340468406677,20260227_223017_run9
tsfresh,FiftyWords,0.7318681318681318,0.7235894498623614,0.7562816031434266,0.7318681318681318,86.23038649559021,20260227_223143_run9
tsfresh,FingerMovements,0.7,0.7,0.7005602240896358,0.7,58.27012038230896,20260227_223242_run9
tsfresh,Fish,0.9428571428571428,0.9427307766610638,0.944345017301539,0.9428571428571428,3.0159499645233154,20260227_223245_run9
tsfresh,FordA,1.0,1.0,1.0,1.0,54.57933306694031,20260227_223339_run9
tsfresh,FordB,0.9592592592592593,0.9592587003323583,0.9592610659439927,0.9592592592592593,49.44606924057007,20260227_223429_run9
tsfresh,FreezerRegularTrain,0.9982456140350877,0.9982456138190968,0.9982458594008541,0.9982456140350877,16.686486959457397,20260227_223445_run9
tsfresh,FreezerSmallTrain,0.9866666666666667,0.9866664302820513,0.986701180656209,0.9866666666666667,15.264308214187622,20260227_223501_run9
tsfresh,Fungi,0.6881720430107527,0.6630058191098236,0.7105153728243712,0.6881720430107527,16.50810480117798,20260227_223517_run9
tsfresh,GunPoint,0.9933333333333333,0.9933324440887468,0.9934199134199135,0.9933333333333333,1.9680790901184082,20260227_223519_run9
tsfresh,GunPointAgeSpan,0.9873417721518988,0.9873417721518988,0.9876582278481013,0.9873417721518988,3.4454572200775146,20260227_223523_run9
tsfresh,GunPointMaleVersusFemale,1.0,1.0,1.0,1.0,3.5082359313964844,20260227_223526_run9
tsfresh,GunPointOldVersusYoung,1.0,1.0,1.0,1.0,3.406237840652466,20260227_223530_run9
tsfresh,Ham,0.819047619047619,0.8178881987577641,0.824164360229934,0.819047619047619,2.2306551933288574,20260227_223532_run9
tsfresh,HandMovementDirection,0.3918918918918919,0.382114771245206,0.42290367290367287,0.3918918918918919,8.139283657073975,20260227_223540_run9
tsfresh,HandOutlines,0.9297297297297298,0.9292234239450297,0.9296732487589631,0.9297297297297298,13.094918251037598,20260227_223553_run9
tsfresh,Handwriting,0.35058823529411764,0.29493590907385664,0.38775963858072054,0.35058823529411764,70.30897331237793,20260227_223704_run9
tsfresh,Haptics,0.512987012987013,0.5084194511715499,0.5334005899717702,0.512987012987013,3.393531084060669,20260227_223707_run9
tsfresh,Heartbeat,0.7219512195121951,0.6904269529510711,0.6877073170731708,0.7219512195121951,98.39388132095337,20260227_223846_run9
tsfresh,Herring,0.5625,0.5267045454545454,0.5303571428571429,0.5625,1.782437801361084,20260227_223847_run9
tsfresh,HouseTwenty,0.9747899159663865,0.9747532760651677,0.9748585148345051,0.9747899159663865,1.8039453029632568,20260227_223849_run9
tsfresh,InlineSkate,0.7381818181818182,0.7381090729014959,0.746700638559876,0.7381818181818182,4.282900094985962,20260227_223854_run9
tsfresh,InsectEPGRegularTrain,1.0,1.0,1.0,1.0,2.488349437713623,20260227_223856_run9
tsfresh,InsectEPGSmallTrain,1.0,1.0,1.0,1.0,2.2569549083709717,20260227_223858_run9
tsfresh,InsectWingbeatSound,0.6752525252525252,0.6663951078685868,0.6672973270221116,0.6752525252525252,117.8633885383606,20260227_224056_run9
tsfresh,ItalyPowerDemand,0.9630709426627794,0.9630655710113231,0.9634169492057384,0.9630709426627794,4.345625638961792,20260227_224101_run9
tsfresh,LSST,0.7356042173560422,0.7058760057975034,0.7004195367957845,0.7356042173560422,590.2292408943176,20260227_225051_run9
tsfresh,LargeKitchenAppliances,0.9253333333333333,0.9252161569234739,0.9253378451660486,0.9253333333333333,6.03736138343811,20260227_225057_run9
tsfresh,Libras,0.95,0.9504762451718974,0.9553479853479853,0.95,40.46149826049805,20260227_225138_run9
tsfresh,Lightning2,0.9180327868852459,0.9174948560362566,0.9215300546448087,0.9180327868852459,1.6031773090362549,20260227_225139_run9
tsfresh,Lightning7,0.8082191780821918,0.8012500973822488,0.8402739726027397,0.8082191780821918,1.862391471862793,20260227_225141_run9
tsfresh,Mallat,0.9761194029850746,0.9760258194557758,0.9774831417823774,0.9761194029850746,13.284921884536743,20260227_225155_run9
tsfresh,Meat,1.0,1.0,1.0,1.0,1.6022114753723145,20260227_225156_run9
tsfresh,MedicalImages,0.8381578947368421,0.8381571174735805,0.8420864196078828,0.8381578947368421,7.908217191696167,20260227_225204_run9
tsfresh,MiddlePhalanxOutlineAgeGroup,0.6233766233766234,0.6123324436757273,0.6094253490870032,0.6233766233766234,5.1723268032073975,20260227_225209_run9
tsfresh,FaceFour,0.8409090909090909,0.8398174743964639,0.8667748917748918,0.8409090909090909,1.6733124256134033,20260227_225211_run9
tsfresh,FacesUCR,0.9590243902439024,0.9592360667521381,0.9604827506519507,0.9590243902439024,118.29260802268982,20260227_225409_run9
tsfresh,ACSF1,0.85,0.8460321481064516,0.8588095238095238,0.85,2.0980188846588135,20260227_225411_run10
tsfresh,Adiac,0.8414322250639387,0.8385730237175996,0.8632372742347167,0.8414322250639387,64.53733110427856,20260227_225516_run10
tsfresh,ArrowHead,0.8228571428571428,0.8235471533198152,0.8270858700046415,0.8228571428571428,2.034616470336914,20260227_225518_run10
tsfresh,ArticularyWordRecognition,0.9933333333333333,0.9933217391304346,0.9938461538461539,0.9933333333333333,103.73573589324951,20260227_225702_run10
tsfresh,AtrialFibrillation,0.5333333333333333,0.5055555555555555,0.5015873015873016,0.5333333333333333,1.492063283920288,20260227_225703_run10
tsfresh,BME,1.0,1.0,1.0,1.0,1.8644497394561768,20260227_225705_run10
tsfresh,BasicMotions,1.0,1.0,1.0,1.0,2.8736155033111572,20260227_225708_run10
tsfresh,Beef,0.8,0.8016317016317017,0.8123809523809523,0.8,1.3132855892181396,20260227_225709_run10
tsfresh,BeetleFly,0.9,0.9,0.9,0.9,1.3055391311645508,20260227_225711_run10
tsfresh,BirdChicken,0.95,0.949874686716792,0.9545454545454545,0.95,1.2026901245117188,20260227_225712_run10
tsfresh,CBF,0.9966666666666667,0.9966666390724671,0.996670284642734,0.9966666666666667,5.025048494338989,20260227_225717_run10
tsfresh,Car,0.8833333333333333,0.8837654320987655,0.8938159879336349,0.8833333333333333,1.7146828174591064,20260227_225719_run10
tsfresh,Chinatown,0.9650145772594753,0.9654429701909918,0.9671076492244794,0.9650145772594753,1.933692455291748,20260227_225721_run10
tsfresh,ChlorineConcentration,0.8515625,0.8491922467388083,0.8521887994280235,0.8515625,26.699543714523315,20260227_225747_run10
tsfresh,CinCECGTorso,0.9978260869565218,0.9978260313587891,0.9978449359135461,0.9978260869565218,8.564925193786621,20260227_225756_run10
tsfresh,Coffee,1.0,1.0,1.0,1.0,1.3248300552368164,20260227_225757_run10
tsfresh,Computers,0.896,0.8958933948363124,0.8976286871023713,0.896,4.048428297042847,20260227_225801_run10
tsfresh,Cricket,1.0,1.0,1.0,1.0,44.253072023391724,20260227_225846_run10
tsfresh,CricketX,0.8076923076923077,0.8053073368107164,0.805582732679507,0.8076923076923077,64.18248105049133,20260227_225950_run10
tsfresh,CricketY,0.7948717948717948,0.7935152478682621,0.7998447170316416,0.7948717948717948,64.28396034240723,20260227_230054_run10
tsfresh,CricketZ,0.8076923076923077,0.8087628181518385,0.8124608791930774,0.8076923076923077,63.92029857635498,20260227_230158_run10
tsfresh,DiatomSizeReduction,0.9509803921568627,0.9518740826598344,0.9535954353053676,0.9509803921568627,2.6065213680267334,20260227_230214_run10
tsfresh,DistalPhalanxOutlineAgeGroup,0.7553956834532374,0.7499772899104139,0.7567953276797966,0.7553956834532374,5.18373441696167,20260227_230219_run10
tsfresh,DistalPhalanxOutlineCorrect,0.8297101449275363,0.8296019396036971,0.8295159194282001,0.8297101449275363,7.490233421325684,20260227_230227_run10
tsfresh,DistalPhalanxTW,0.7122302158273381,0.67992949072838,0.6605197474673322,0.7122302158273381,5.201194524765015,20260227_230232_run10
tsfresh,ECG200,0.86,0.86,0.86,0.86,2.2196483612060547,20260227_230234_run10
tsfresh,ECG5000,0.9422222222222222,0.9368585763653322,0.9345273469552394,0.9422222222222222,32.5935914516449,20260227_230307_run10
tsfresh,ECGFiveDays,0.9907084785133565,0.9907071747076128,0.9908770321911188,0.9907084785133565,4.826838254928589,20260227_230312_run10
tsfresh,EOGHorizontalSignal,0.8701657458563536,0.8679082890191481,0.8719634322050462,0.8701657458563536,59.73625898361206,20260227_230412_run10
tsfresh,EOGVerticalSignal,0.8066298342541437,0.8067278769658287,0.8084297485902343,0.8066298342541437,59.00384855270386,20260227_230511_run10
tsfresh,ERing,0.9777777777777777,0.9778056611029577,0.9786332528180354,0.9777777777777777,4.195135831832886,20260227_230515_run10
tsfresh,Earthquakes,0.7410071942446043,0.6700402389952445,0.6747329409199913,0.7410071942446043,4.462337017059326,20260227_230519_run10
tsfresh,ElectricDevices,0.9277655297626767,0.9278554160736259,0.9292837633771988,0.9277655297626767,277.50608801841736,20260227_230957_run10
tsfresh,Epilepsy,1.0,1.0,1.0,1.0,3.253077507019043,20260227_231000_run10
tsfresh,EthanolConcentration,0.5133079847908745,0.5123548133842667,0.5170656768383891,0.5133079847908745,5.705724716186523,20260227_231006_run10
tsfresh,EthanolLevel,0.802,0.8017154332534642,0.8064037984965653,0.802,7.573000907897949,20260227_231014_run10
tsfresh,FaceAll,0.9763313609467456,0.9766882056678137,0.9786842884323087,0.9763313609467456,153.19845843315125,20260227_231247_run10
tsfresh,FiftyWords,0.7582417582417582,0.7459435438850314,0.7723988133272378,0.7582417582417582,86.21261239051819,20260227_231413_run10
tsfresh,FingerMovements,0.69,0.6889096573208723,0.6912987012987014,0.69,57.06127977371216,20260227_231510_run10
tsfresh,Fish,0.9714285714285714,0.9716041905356779,0.9737728937728938,0.9714285714285714,3.001431703567505,20260227_231513_run10
tsfresh,FordA,1.0,1.0,1.0,1.0,54.087209939956665,20260227_231607_run10
tsfresh,FordB,0.9518518518518518,0.9518365058636417,0.9521727038393706,0.9518518518518518,49.32040333747864,20260227_231657_run10
tsfresh,FreezerRegularTrain,0.9989473684210526,0.9989473682914581,0.9989476141324046,0.9989473684210526,16.7754864692688,20260227_231713_run10
tsfresh,FreezerSmallTrain,0.9449122807017544,0.9448741048741048,0.9461481481481481,0.9449122807017544,15.276935815811157,20260227_231729_run10
tsfresh,Fungi,0.6236559139784946,0.6085608894761835,0.7132658244138319,0.6236559139784946,16.62009596824646,20260227_231745_run10
tsfresh,GunPoint,0.9933333333333333,0.993333629642799,0.9934222222222221,0.9933333333333333,1.9789402484893799,20260227_231747_run10
tsfresh,GunPointAgeSpan,0.9968354430379747,0.9968355381201592,0.9968555994517455,0.9968354430379747,3.4004874229431152,20260227_231751_run10
tsfresh,GunPointMaleVersusFemale,1.0,1.0,1.0,1.0,3.5210280418395996,20260227_231754_run10
tsfresh,GunPointOldVersusYoung,1.0,1.0,1.0,1.0,3.43818736076355,20260227_231758_run10
tsfresh,Ham,0.8476190476190476,0.8472303206997085,0.8493239702337281,0.8476190476190476,2.21003794670105,20260227_231800_run10
tsfresh,HandMovementDirection,0.4189189189189189,0.41026055355323643,0.4901247401247401,0.4189189189189189,7.836655855178833,20260227_231808_run10
tsfresh,HandOutlines,0.9324324324324325,0.9324875389678107,0.9325572093722866,0.9324324324324325,13.38350796699524,20260227_231821_run10
tsfresh,Handwriting,0.34,0.28777528094944654,0.35352096357352103,0.34,69.9378170967102,20260227_231931_run10
tsfresh,Haptics,0.512987012987013,0.5013369326197874,0.5407206655083958,0.512987012987013,3.4870753288269043,20260227_231935_run10
tsfresh,Heartbeat,0.7560975609756098,0.7237660588700541,0.7347827410858379,0.7560975609756098,98.12568092346191,20260227_232113_run10
tsfresh,Herring,0.65625,0.6464077412513256,0.6485795454545454,0.65625,1.6767215728759766,20260227_232115_run10
tsfresh,HouseTwenty,0.9747899159663865,0.9747532760651677,0.9748585148345051,0.9747899159663865,1.7843108177185059,20260227_232117_run10
tsfresh,InlineSkate,0.7709090909090909,0.7693969568158805,0.7762360970708923,0.7709090909090909,4.298319101333618,20260227_232121_run10
tsfresh,InsectEPGRegularTrain,1.0,1.0,1.0,1.0,2.4912514686584473,20260227_232123_run10
tsfresh,InsectEPGSmallTrain,1.0,1.0,1.0,1.0,2.2726659774780273,20260227_232126_run10
tsfresh,InsectWingbeatSound,0.6631313131313131,0.6519350137889107,0.657524867576746,0.6631313131313131,117.92099809646606,20260227_232324_run10
tsfresh,ItalyPowerDemand,0.9611273080660836,0.9611161436620818,0.9615702501027339,0.9611273080660836,4.319735050201416,20260227_232328_run10
tsfresh,LSST,0.735198702351987,0.7003794298029857,0.7097977224772684,0.735198702351987,589.8222255706787,20260227_233318_run10
tsfresh,LargeKitchenAppliances,0.9386666666666666,0.9388086568519419,0.9401061901061901,0.9386666666666666,5.964303255081177,20260227_233324_run10
tsfresh,Libras,0.9444444444444444,0.944934283108196,0.9520146520146521,0.9444444444444444,40.071125984191895,20260227_233404_run10
tsfresh,Lightning2,0.819672131147541,0.8193785172498165,0.8195292689024608,0.819672131147541,1.632230281829834,20260227_233406_run10
tsfresh,Lightning7,0.7808219178082192,0.7744260144106544,0.8159283638735693,0.7808219178082192,1.7858295440673828,20260227_233408_run10
tsfresh,Mallat,0.9739872068230278,0.9739951850957113,0.9751875226294403,0.9739872068230278,13.404987812042236,20260227_233421_run10
tsfresh,Meat,1.0,1.0,1.0,1.0,1.6358346939086914,20260227_233423_run10
tsfresh,MedicalImages,0.7881578947368421,0.7936262150607234,0.8090523344605576,0.7881578947368421,7.873203754425049,20260227_233431_run10
tsfresh,MiddlePhalanxOutlineAgeGroup,0.6688311688311688,0.6580574514494792,0.6551827801827802,0.6688311688311688,5.079396486282349,20260227_233436_run10
tsfresh,FaceFour,0.9772727272727273,0.9771403692093348,0.978524374176548,0.9772727272727273,1.5507307052612305,20260227_233437_run10
tsfresh,FacesUCR,0.9507317073170731,0.9505964604088057,0.9516548616245545,0.9507317073170731,118.22618222236633,20260227_233636_run10
tsfresh,ACSF1,0.9,0.8954799878484089,0.9084090909090908,0.9,2.0955891609191895,20260227_233638_run11
tsfresh,Adiac,0.8388746803069054,0.833438845102688,0.8499934179789751,0.8388746803069054,64.74920701980591,20260227_233743_run11
tsfresh,ArrowHead,0.7885714285714286,0.7808184196755624,0.7920101384683429,0.7885714285714286,2.0369558334350586,20260227_233745_run11
tsfresh,ArticularyWordRecognition,0.9933333333333333,0.9933217391304349,0.9938461538461539,0.9933333333333333,104.50231575965881,20260227_233929_run11
tsfresh,AtrialFibrillation,0.4666666666666667,0.43660968660968663,0.4444444444444444,0.4666666666666667,1.5023770332336426,20260227_233931_run11
tsfresh,BME,1.0,1.0,1.0,1.0,1.870650291442871,20260227_233933_run11
tsfresh,BasicMotions,1.0,1.0,1.0,1.0,2.8919713497161865,20260227_233936_run11
tsfresh,Beef,0.8333333333333334,0.817948717948718,0.8825396825396825,0.8333333333333334,1.4304218292236328,20260227_233937_run11
tsfresh,BeetleFly,0.95,0.949874686716792,0.9545454545454545,0.95,1.2097442150115967,20260227_233938_run11
tsfresh,BirdChicken,0.9,0.898989898989899,0.9166666666666667,0.9,1.2128887176513672,20260227_233939_run11
tsfresh,CBF,1.0,1.0,1.0,1.0,5.138916492462158,20260227_233945_run11
tsfresh,Car,0.95,0.9494231587909748,0.9542857142857142,0.95,1.6240718364715576,20260227_233946_run11
tsfresh,Chinatown,0.9825072886297376,0.9826711316014606,0.9835568513119534,0.9825072886297376,1.9273321628570557,20260227_233948_run11
tsfresh,ChlorineConcentration,0.8744791666666667,0.8727326999467536,0.8739190562337655,0.8744791666666667,26.691507816314697,20260227_234015_run11
tsfresh,CinCECGTorso,0.9898550724637681,0.9898511360962307,0.9902540302882267,0.9898550724637681,8.474412679672241,20260227_234023_run11
tsfresh,Coffee,1.0,1.0,1.0,1.0,1.3009119033813477,20260227_234025_run11
tsfresh,Computers,0.872,0.8719918074756785,0.8720952563856347,0.872,4.185641050338745,20260227_234029_run11
tsfresh,Cricket,1.0,1.0,1.0,1.0,42.47325110435486,20260227_234111_run11
tsfresh,CricketX,0.8025641025641026,0.7988688033130037,0.8016218750869551,0.8025641025641026,63.80387210845947,20260227_234215_run11
tsfresh,CricketY,0.7871794871794872,0.7853700636478279,0.7856814217839541,0.7871794871794872,63.93430948257446,20260227_234319_run11
tsfresh,CricketZ,0.8051282051282052,0.8065215114202159,0.8098928208110607,0.8051282051282052,64.98673939704895,20260227_234424_run11
tsfresh,DiatomSizeReduction,0.9607843137254902,0.9585445189060491,0.9615793635058124,0.9607843137254902,2.595930576324463,20260227_234441_run11
tsfresh,DistalPhalanxOutlineAgeGroup,0.7697841726618705,0.768737071411573,0.7697064405107807,0.7697841726618705,5.128815650939941,20260227_234446_run11
tsfresh,DistalPhalanxOutlineCorrect,0.8333333333333334,0.8328809019671716,0.8327873327873327,0.8333333333333334,7.438993692398071,20260227_234453_run11
tsfresh,DistalPhalanxTW,0.697841726618705,0.665913481974495,0.6599679534778813,0.697841726618705,5.125876426696777,20260227_234458_run11
tsfresh,ECG200,0.85,0.8495250573206681,0.8492307692307692,0.85,2.061149835586548,20260227_234500_run11
tsfresh,ECG5000,0.9486666666666667,0.940982142271642,0.9401633677938068,0.9486666666666667,33.0244882106781,20260227_234534_run11
tsfresh,ECGFiveDays,1.0,1.0,1.0,1.0,4.8224077224731445,20260227_234538_run11
tsfresh,EOGHorizontalSignal,0.8480662983425414,0.8440909246010176,0.8532911923396076,0.8480662983425414,60.03709173202515,20260227_234638_run11
tsfresh,EOGVerticalSignal,0.8093922651933702,0.805575307669178,0.8044099755633757,0.8093922651933702,59.152175188064575,20260227_234738_run11
tsfresh,ERing,0.9555555555555556,0.9555083551078972,0.9582793709528216,0.9555555555555556,4.049149751663208,20260227_234742_run11
tsfresh,Earthquakes,0.7338129496402878,0.6741525234747825,0.6691205175394568,0.7338129496402878,4.26233434677124,20260227_234746_run11
tsfresh,ElectricDevices,0.928803008688886,0.9288782422403076,0.9304875051044872,0.928803008688886,277.51799488067627,20260227_235224_run11
tsfresh,Epilepsy,1.0,1.0,1.0,1.0,3.238210916519165,20260227_235227_run11
tsfresh,EthanolConcentration,0.5247148288973384,0.5321959329243887,0.5737768986639062,0.5247148288973384,5.819815397262573,20260227_235233_run11
tsfresh,EthanolLevel,0.828,0.827036821716998,0.8307334220620681,0.828,7.636444091796875,20260227_235240_run11
tsfresh,FaceAll,0.985207100591716,0.985796596888732,0.9872236641381128,0.985207100591716,152.91664266586304,20260227_235513_run11
tsfresh,FiftyWords,0.7296703296703296,0.732359651799629,0.7901008818600097,0.7296703296703296,86.79672336578369,20260227_235640_run11
tsfresh,FingerMovements,0.6,0.5967793880837359,0.6057875155022736,0.6,57.71310353279114,20260227_235738_run11
tsfresh,Fish,0.9428571428571428,0.9430604469550904,0.9463856249570535,0.9428571428571428,2.9136345386505127,20260227_235741_run11
tsfresh,FordA,1.0,1.0,1.0,1.0,54.398764848709106,20260227_235835_run11
tsfresh,FordB,0.9358024691358025,0.9357723099580123,0.9363022963953929,0.9358024691358025,49.53432273864746,20260227_235925_run11
tsfresh,FreezerRegularTrain,0.9982456140350877,0.998245608635299,0.9982517482517483,0.9982456140350877,16.75472331047058,20260227_235942_run11
tsfresh,FreezerSmallTrain,0.94,0.9398079114648298,0.9456892389100835,0.94,15.299190044403076,20260227_235957_run11
tsfresh,Fungi,0.7204301075268817,0.7192716023826677,0.7909656471682088,0.7204301075268817,16.778183937072754,20260228_000014_run11
tsfresh,GunPoint,0.9866666666666667,0.9866619225523334,0.987008547008547,0.9866666666666667,1.9906845092773438,20260228_000016_run11
tsfresh,GunPointAgeSpan,0.9936708860759493,0.9936711396157453,0.9937510014420766,0.9936708860759493,3.4021666049957275,20260228_000019_run11
tsfresh,GunPointMaleVersusFemale,0.9968354430379747,0.9968349027237305,0.9968543924808612,0.9968354430379747,3.525261163711548,20260228_000023_run11
tsfresh,GunPointOldVersusYoung,1.0,1.0,1.0,1.0,3.406069278717041,20260228_000026_run11
tsfresh,Ham,0.8095238095238095,0.8093506493506495,0.8097667638483964,0.8095238095238095,2.2129018306732178,20260228_000028_run11
tsfresh,HandMovementDirection,0.4189189189189189,0.4288313414834713,0.45967395967395963,0.4189189189189189,7.850153923034668,20260228_000036_run11
tsfresh,HandOutlines,0.9540540540540541,0.9539364890394376,0.9539553014553014,0.9540540540540541,13.090140581130981,20260228_000049_run11
tsfresh,Handwriting,0.3341176470588235,0.2901379301055012,0.4333679168246007,0.3341176470588235,70.45354056358337,20260228_000200_run11
tsfresh,Haptics,0.4902597402597403,0.4688947655680154,0.51307286287125,0.4902597402597403,3.4183273315429688,20260228_000203_run11
tsfresh,Heartbeat,0.751219512195122,0.7259661461468127,0.7284638023403355,0.751219512195122,100.74746036529541,20260228_000344_run11
tsfresh,Herring,0.5625,0.5358527131782945,0.5364583333333333,0.5625,1.6763873100280762,20260228_000346_run11
tsfresh,HouseTwenty,0.9747899159663865,0.9746682616894092,0.9758403361344538,0.9747899159663865,1.7867798805236816,20260228_000348_run11
tsfresh,InlineSkate,0.6818181818181818,0.6810921892104367,0.696253583808145,0.6818181818181818,4.168537139892578,20260228_000352_run11
tsfresh,InsectEPGRegularTrain,1.0,1.0,1.0,1.0,2.48936128616333,20260228_000355_run11
tsfresh,InsectEPGSmallTrain,1.0,1.0,1.0,1.0,2.2485873699188232,20260228_000357_run11
tsfresh,InsectWingbeatSound,0.6550505050505051,0.6460909019495039,0.6504838964390308,0.6550505050505051,117.8358314037323,20260228_000555_run11
tsfresh,ItalyPowerDemand,0.9378036929057337,0.9377713668315657,0.9385980830405479,0.9378036929057337,4.374201059341431,20260228_000559_run11
tsfresh,LSST,0.735198702351987,0.6948459777640502,0.7196153628443852,0.735198702351987,590.4773058891296,20260228_001550_run11
tsfresh,LargeKitchenAppliances,0.9413333333333334,0.9413792538227803,0.9419990421853902,0.9413333333333334,6.043354272842407,20260228_001556_run11
tsfresh,Libras,0.9666666666666667,0.9662284382284381,0.9706959706959708,0.9666666666666667,40.148842573165894,20260228_001636_run11
tsfresh,Lightning2,0.8852459016393442,0.8844927984507591,0.8881420765027322,0.8852459016393442,1.6104519367218018,20260228_001638_run11
tsfresh,Lightning7,0.7397260273972602,0.7457569827432842,0.787623335568541,0.7397260273972602,1.8729395866394043,20260228_001640_run11
tsfresh,Mallat,0.9752665245202559,0.975141091134347,0.9776148139610827,0.9752665245202559,13.270676374435425,20260228_001653_run11
tsfresh,Meat,1.0,1.0,1.0,1.0,1.5982203483581543,20260228_001655_run11
tsfresh,MedicalImages,0.8276315789473684,0.8175655169151914,0.8281945516106842,0.8276315789473684,7.9521143436431885,20260228_001703_run11
tsfresh,MiddlePhalanxOutlineAgeGroup,0.7077922077922078,0.6879816729457298,0.6988363766559256,0.7077922077922078,5.099654912948608,20260228_001708_run11
tsfresh,FaceFour,0.875,0.8672176308539945,0.8939938174851968,0.875,1.6643662452697754,20260228_001709_run11
tsfresh,FacesUCR,0.9546341463414634,0.9550380507760551,0.9577010525076964,0.9546341463414634,118.14286518096924,20260228_001908_run11
tsfresh,ACSF1,0.91,0.9080837605134279,0.9246503496503498,0.91,2.0749356746673584,20260228_001910_run12
tsfresh,Adiac,0.8567774936061381,0.8542252255305042,0.8680496897248814,0.8567774936061381,64.67011880874634,20260228_002014_run12
tsfresh,ArrowHead,0.8457142857142858,0.8469862138855706,0.8546497175141243,0.8457142857142858,2.0441598892211914,20260228_002016_run12
tsfresh,ArticularyWordRecognition,0.99,0.9899826086956522,0.990769230769231,0.99,103.66376781463623,20260228_002200_run12
tsfresh,AtrialFibrillation,0.26666666666666666,0.261952861952862,0.2611111111111111,0.26666666666666666,1.4722106456756592,20260228_002202_run12
tsfresh,BME,1.0,1.0,1.0,1.0,1.8594870567321777,20260228_002204_run12
tsfresh,BasicMotions,1.0,1.0,1.0,1.0,2.818495035171509,20260228_002206_run12
tsfresh,Beef,0.7666666666666667,0.765967365967366,0.8139682539682539,0.7666666666666667,1.4072911739349365,20260228_002208_run12
tsfresh,BeetleFly,0.9,0.898989898989899,0.9166666666666667,0.9,1.1931061744689941,20260228_002209_run12
tsfresh,BirdChicken,1.0,1.0,1.0,1.0,1.1933932304382324,20260228_002210_run12
tsfresh,CBF,0.9833333333333333,0.9833215967303206,0.9841219768664564,0.9833333333333333,5.140070915222168,20260228_002215_run12
tsfresh,Car,0.95,0.9496410256410256,0.9502777777777778,0.95,1.6182358264923096,20260228_002217_run12
tsfresh,Chinatown,0.9825072886297376,0.9826711316014606,0.9835568513119534,0.9825072886297376,1.9202210903167725,20260228_002219_run12
tsfresh,ChlorineConcentration,0.8653645833333333,0.8616630615338656,0.8696050059516807,0.8653645833333333,26.97178316116333,20260228_002246_run12
tsfresh,CinCECGTorso,0.9956521739130435,0.9956521553810584,0.9956605258033876,0.9956521739130435,8.4508376121521,20260228_002254_run12
tsfresh,Coffee,1.0,1.0,1.0,1.0,1.2909963130950928,20260228_002256_run12
tsfresh,Computers,0.864,0.8639651750848218,0.8643731180729066,0.864,4.140142440795898,20260228_002300_run12
tsfresh,Cricket,1.0,1.0,1.0,1.0,42.61911749839783,20260228_002342_run12
tsfresh,CricketX,0.7897435897435897,0.7901307310018637,0.7996049268438911,0.7897435897435897,63.90109181404114,20260228_002446_run12
tsfresh,CricketY,0.8128205128205128,0.809726520246801,0.8130221684048976,0.8128205128205128,64.11170172691345,20260228_002551_run12
tsfresh,CricketZ,0.8051282051282052,0.8041811655005404,0.8065142616726326,0.8051282051282052,64.03641629219055,20260228_002655_run12
tsfresh,DiatomSizeReduction,0.9803921568627451,0.9798686661753376,0.9803369986833209,0.9803921568627451,2.4803144931793213,20260228_002711_run12
tsfresh,DistalPhalanxOutlineAgeGroup,0.762589928057554,0.7589923684861828,0.7605590674231651,0.762589928057554,5.257024049758911,20260228_002716_run12
tsfresh,DistalPhalanxOutlineCorrect,0.8369565217391305,0.8358532350890623,0.8365982241953385,0.8369565217391305,7.383311033248901,20260228_002723_run12
tsfresh,DistalPhalanxTW,0.6906474820143885,0.6503101316415223,0.6335664824943424,0.6906474820143885,5.388786315917969,20260228_002729_run12
tsfresh,ECG200,0.89,0.8913356562137049,0.8972137246796197,0.89,2.06719708442688,20260228_002731_run12
tsfresh,ECG5000,0.9426666666666667,0.9372042244250081,0.934437298760745,0.9426666666666667,32.583131074905396,20260228_002803_run12
tsfresh,ECGFiveDays,1.0,1.0,1.0,1.0,4.934166193008423,20260228_002808_run12
tsfresh,EOGHorizontalSignal,0.8646408839779005,0.8607704458425788,0.8670706274048647,0.8646408839779005,60.080801248550415,20260228_002909_run12
tsfresh,EOGVerticalSignal,0.8038674033149171,0.8000284228660656,0.8031052759752964,0.8038674033149171,60.43830680847168,20260228_003009_run12
tsfresh,ERing,0.9629629629629629,0.9626850644928745,0.9634712251171879,0.9629629629629629,3.925950527191162,20260228_003013_run12
tsfresh,Earthquakes,0.7769784172661871,0.7028053771980807,0.8281907807087663,0.7769784172661871,4.394094705581665,20260228_003017_run12
tsfresh,ElectricDevices,0.9316560757359617,0.9318518991805562,0.9330278935816886,0.9316560757359617,277.4135477542877,20260228_003455_run12
tsfresh,Epilepsy,1.0,1.0,1.0,1.0,3.2971441745758057,20260228_003458_run12
tsfresh,EthanolConcentration,0.5209125475285171,0.5115391730983816,0.5227779291754616,0.5209125475285171,5.726019382476807,20260228_003504_run12
tsfresh,EthanolLevel,0.796,0.7940227588477862,0.7955670945547088,0.796,8.026934623718262,20260228_003512_run12
tsfresh,FaceAll,0.9846153846153847,0.9849371273850747,0.9859386576777053,0.9846153846153847,153.17478966712952,20260228_003745_run12
tsfresh,FiftyWords,0.7516483516483516,0.7367223750498627,0.7436203016056626,0.7516483516483516,86.4270806312561,20260228_003912_run12
tsfresh,FingerMovements,0.6,0.5980730630268968,0.6039167686658508,0.6,57.66472792625427,20260228_004009_run12
tsfresh,Fish,0.9542857142857143,0.9542585203214479,0.9546729461015175,0.9542857142857143,2.9176907539367676,20260228_004012_run12
tsfresh,FordA,1.0,1.0,1.0,1.0,54.641292333602905,20260228_004107_run12
tsfresh,FordB,0.9518518518518518,0.9518494296875921,0.951873128678271,0.9518518518518518,49.43964648246765,20260228_004157_run12
tsfresh,FreezerRegularTrain,0.9971929824561403,0.9971929810737981,0.9971939618471394,0.9971929824561403,16.72541308403015,20260228_004213_run12
tsfresh,FreezerSmallTrain,0.9435087719298245,0.9434348908287846,0.9458380527678989,0.9435087719298245,15.326930284500122,20260228_004229_run12
tsfresh,Fungi,0.6720430107526881,0.6586874382311149,0.7177258089615776,0.6720430107526881,16.559366941452026,20260228_004245_run12
tsfresh,GunPoint,0.9733333333333334,0.9733238501659556,0.9747008547008547,0.9733333333333334,1.975773811340332,20260228_004247_run12
tsfresh,GunPointAgeSpan,0.990506329113924,0.990506614337625,0.9906854549796992,0.990506329113924,3.415853261947632,20260228_004251_run12
tsfresh,GunPointMaleVersusFemale,0.9968354430379747,0.9968349027237305,0.9968543924808612,0.9968354430379747,3.5188663005828857,20260228_004254_run12
tsfresh,GunPointOldVersusYoung,1.0,1.0,1.0,1.0,3.4042959213256836,20260228_004258_run12
tsfresh,Ham,0.8380952380952381,0.8380364117669958,0.8381298701298701,0.8380952380952381,2.3213846683502197,20260228_004300_run12
tsfresh,HandMovementDirection,0.3918918918918919,0.38816701316701313,0.40850737100737095,0.3918918918918919,7.733851909637451,20260228_004308_run12
tsfresh,HandOutlines,0.9324324324324325,0.9320110130920941,0.9323216659282234,0.9324324324324325,12.876336336135864,20260228_004321_run12
tsfresh,Handwriting,0.3847058823529412,0.3482008600798809,0.48528961587370323,0.3847058823529412,70.3086667060852,20260228_004431_run12
tsfresh,Haptics,0.5357142857142857,0.5168657078388753,0.5482377942697713,0.5357142857142857,3.476902484893799,20260228_004434_run12
tsfresh,Heartbeat,0.7268292682926829,0.700650406504065,0.6972928376218224,0.7268292682926829,100.44185304641724,20260228_004615_run12
tsfresh,Herring,0.5625,0.5358527131782945,0.5364583333333333,0.5625,1.7599918842315674,20260228_004617_run12
tsfresh,HouseTwenty,0.9663865546218487,0.966159703317947,0.968228387245309,0.9663865546218487,1.7859930992126465,20260228_004619_run12
tsfresh,InlineSkate,0.7363636363636363,0.7377348490311867,0.752353419101981,0.7363636363636363,4.193804502487183,20260228_004623_run12
tsfresh,InsectEPGRegularTrain,1.0,1.0,1.0,1.0,2.5814313888549805,20260228_004626_run12
tsfresh,InsectEPGSmallTrain,1.0,1.0,1.0,1.0,2.2554726600646973,20260228_004628_run12
tsfresh,InsectWingbeatSound,0.6590909090909091,0.6531953688218348,0.6524237061857598,0.6590909090909091,117.7735755443573,20260228_004826_run12
tsfresh,ItalyPowerDemand,0.956268221574344,0.9562556628656514,0.9568958943163354,0.956268221574344,4.415446519851685,20260228_004830_run12
tsfresh,LSST,0.7319545823195458,0.6986168248070295,0.7072122048293056,0.7319545823195458,589.8258395195007,20260228_005820_run12
tsfresh,LargeKitchenAppliances,0.9493333333333334,0.9493115303178183,0.9493101211810888,0.9493333333333334,6.061153411865234,20260228_005826_run12
tsfresh,Libras,0.9333333333333333,0.9328359080532994,0.9416805416805415,0.9333333333333333,39.1415331363678,20260228_005906_run12
tsfresh,Lightning2,0.8032786885245902,0.7975188303057155,0.8221511395441824,0.8032786885245902,1.6041781902313232,20260228_005907_run12
tsfresh,Lightning7,0.8082191780821918,0.8098024041097925,0.8222457717320731,0.8082191780821918,1.772296667098999,20260228_005909_run12
tsfresh,Mallat,0.9637526652452025,0.9635236694069397,0.9667721770853173,0.9637526652452025,13.372999668121338,20260228_005922_run12
tsfresh,Meat,1.0,1.0,1.0,1.0,1.5977754592895508,20260228_005924_run12
tsfresh,MedicalImages,0.8552631578947368,0.8504380898070055,0.8539385700330703,0.8552631578947368,8.039263010025024,20260228_005932_run12
tsfresh,MiddlePhalanxOutlineAgeGroup,0.5909090909090909,0.5918656229615133,0.6106821806582573,0.5909090909090909,5.2469305992126465,20260228_005937_run12
tsfresh,FaceFour,0.9090909090909091,0.9055612947658402,0.9261849261849261,0.9090909090909091,1.5560495853424072,20260228_005939_run12
tsfresh,FacesUCR,0.9512195121951219,0.9509099660369091,0.9537547908566727,0.9512195121951219,118.37362504005432,20260228_010137_run12
tsfresh,ACSF1,0.88,0.873457243239852,0.8869988344988344,0.88,2.168025255203247,20260228_010139_run13
tsfresh,Adiac,0.8260869565217391,0.825727992875053,0.8694306729001843,0.8260869565217391,64.69870853424072,20260228_010244_run13
tsfresh,ArrowHead,0.9085714285714286,0.9099279711884753,0.9138149053123472,0.9085714285714286,2.038193464279175,20260228_010246_run13
tsfresh,ArticularyWordRecognition,0.9833333333333333,0.9831520421607377,0.9843589743589743,0.9833333333333333,104.06478714942932,20260228_010430_run13
tsfresh,AtrialFibrillation,0.26666666666666666,0.2611111111111111,0.273015873015873,0.26666666666666666,1.4767930507659912,20260228_010432_run13
tsfresh,BME,1.0,1.0,1.0,1.0,1.8533565998077393,20260228_010434_run13
tsfresh,BasicMotions,1.0,1.0,1.0,1.0,2.927985906600952,20260228_010437_run13
tsfresh,Beef,0.7333333333333333,0.7209235209235209,0.7544444444444445,0.7333333333333333,1.3041918277740479,20260228_010438_run13
tsfresh,BeetleFly,0.85,0.846547314578005,0.8846153846153847,0.85,1.1923508644104004,20260228_010439_run13
tsfresh,BirdChicken,1.0,1.0,1.0,1.0,1.3012535572052002,20260228_010440_run13
tsfresh,CBF,0.9988888888888889,0.9988888796908224,0.9988925559222589,0.9988888888888889,5.03099250793457,20260228_010446_run13
tsfresh,Car,0.8,0.7987613122948681,0.8167724867724868,0.8,1.6033694744110107,20260228_010447_run13
tsfresh,Chinatown,0.9825072886297376,0.9826711316014606,0.9835568513119534,0.9825072886297376,1.908419132232666,20260228_010449_run13
tsfresh,ChlorineConcentration,0.859375,0.85571308912137,0.8645648702794756,0.859375,26.67324209213257,20260228_010516_run13
tsfresh,CinCECGTorso,0.994927536231884,0.9949274713695216,0.9949462544942362,0.994927536231884,8.483107089996338,20260228_010524_run13
tsfresh,Coffee,1.0,1.0,1.0,1.0,1.3107635974884033,20260228_010526_run13
tsfresh,Computers,0.856,0.8559170081967213,0.8568221181602412,0.856,4.172234058380127,20260228_010530_run13
tsfresh,Cricket,1.0,1.0,1.0,1.0,42.521406412124634,20260228_010612_run13
tsfresh,CricketX,0.8589743589743589,0.8557128348275889,0.8635005248220221,0.8589743589743589,63.90806031227112,20260228_010716_run13
tsfresh,CricketY,0.8282051282051283,0.8259630616348714,0.8337251093035288,0.8282051282051283,64.16606712341309,20260228_010820_run13
tsfresh,CricketZ,0.8179487179487179,0.8140658618730567,0.8137108136647117,0.8179487179487179,64.09139609336853,20260228_010925_run13
tsfresh,DiatomSizeReduction,0.9084967320261438,0.8807157690886621,0.9294974820529304,0.9084967320261438,2.47255277633667,20260228_010941_run13
tsfresh,DistalPhalanxOutlineAgeGroup,0.8345323741007195,0.8337596283478383,0.8359570214892554,0.8345323741007195,5.18553614616394,20260228_010947_run13
tsfresh,DistalPhalanxOutlineCorrect,0.8405797101449275,0.8409396333924637,0.8416564077860444,0.8405797101449275,7.471776723861694,20260228_010954_run13
tsfresh,DistalPhalanxTW,0.6834532374100719,0.6586742686792879,0.6420980099037653,0.6834532374100719,5.2762131690979,20260228_010959_run13
tsfresh,ECG200,0.9,0.8985739750445632,0.9003676470588234,0.9,2.168553113937378,20260228_011002_run13
tsfresh,ECG5000,0.9477777777777778,0.9417753639744592,0.9404852980261504,0.9477777777777778,32.55821418762207,20260228_011034_run13
tsfresh,ECGFiveDays,1.0,1.0,1.0,1.0,4.819068670272827,20260228_011039_run13
tsfresh,EOGHorizontalSignal,0.8314917127071824,0.8316531719089753,0.8472744948936672,0.8314917127071824,59.91983199119568,20260228_011139_run13
tsfresh,EOGVerticalSignal,0.8149171270718232,0.814232487237845,0.8163882264931275,0.8149171270718232,59.57212996482849,20260228_011239_run13
tsfresh,ERing,0.937037037037037,0.9375419030066516,0.9388147782169521,0.937037037037037,3.9431519508361816,20260228_011242_run13
tsfresh,Earthquakes,0.7697841726618705,0.7439001180008373,0.7443392654297615,0.7697841726618705,4.2014241218566895,20260228_011247_run13
tsfresh,ElectricDevices,0.9269874205680197,0.9270341100575135,0.9277518983675899,0.9269874205680197,277.36782693862915,20260228_011724_run13
tsfresh,Epilepsy,1.0,1.0,1.0,1.0,3.2285091876983643,20260228_011728_run13
tsfresh,EthanolConcentration,0.5551330798479087,0.5482477263062493,0.564644084049155,0.5551330798479087,5.645171642303467,20260228_011733_run13
tsfresh,EthanolLevel,0.858,0.8579798107565872,0.8587626346153846,0.858,7.69294285774231,20260228_011741_run13
tsfresh,FaceAll,0.9769230769230769,0.9775782100035014,0.9794010023193932,0.9769230769230769,153.3162796497345,20260228_012014_run13
tsfresh,FiftyWords,0.7428571428571429,0.7322030422010979,0.7406336906382835,0.7428571428571429,86.91632413864136,20260228_012141_run13
tsfresh,FingerMovements,0.59,0.588561403508772,0.5929545454545455,0.59,58.17879033088684,20260228_012239_run13
tsfresh,Fish,0.9657142857142857,0.9657404395342096,0.9666073963018492,0.9657142857142857,2.930933952331543,20260228_012242_run13
tsfresh,FordA,1.0,1.0,1.0,1.0,54.62856459617615,20260228_012337_run13
tsfresh,FordB,0.9518518518518518,0.9518365058636417,0.9521727038393706,0.9518518518518518,49.64783763885498,20260228_012427_run13
tsfresh,FreezerRegularTrain,0.9982456140350877,0.9982456138190968,0.9982458594008541,0.9982456140350877,16.785446643829346,20260228_012444_run13
tsfresh,FreezerSmallTrain,0.9519298245614035,0.9518341807943407,0.9555481867424904,0.9519298245614035,15.286308526992798,20260228_012459_run13
tsfresh,Fungi,0.7096774193548387,0.7021916835933614,0.7710865374171826,0.7096774193548387,16.717615604400635,20260228_012516_run13
tsfresh,GunPoint,0.9666666666666667,0.9666622220246824,0.9674316551028881,0.9666666666666667,1.9707989692687988,20260228_012518_run13
tsfresh,GunPointAgeSpan,0.9936708860759493,0.9936708860759493,0.9936708860759493,0.9936708860759493,3.397322654724121,20260228_012521_run13
tsfresh,GunPointMaleVersusFemale,1.0,1.0,1.0,1.0,3.503608465194702,20260228_012525_run13
tsfresh,GunPointOldVersusYoung,1.0,1.0,1.0,1.0,3.402045965194702,20260228_012528_run13
tsfresh,Ham,0.8,0.7999273321827597,0.8,0.8,2.2212893962860107,20260228_012530_run13
tsfresh,HandMovementDirection,0.4189189189189189,0.4232887832887832,0.44761319761319757,0.4189189189189189,7.8573994636535645,20260228_012538_run13
tsfresh,HandOutlines,0.9297297297297298,0.9292234239450297,0.9296732487589631,0.9297297297297298,13.343809843063354,20260228_012551_run13
tsfresh,Handwriting,0.3517647058823529,0.29774596608008225,0.374731510709451,0.3517647058823529,70.09109425544739,20260228_012702_run13
tsfresh,Haptics,0.5194805194805194,0.4924363620295684,0.5302757699987487,0.5194805194805194,3.381113290786743,20260228_012705_run13
tsfresh,Heartbeat,0.7170731707317073,0.7036569630212431,0.6973088800655449,0.7170731707317073,99.4614839553833,20260228_012845_run13
tsfresh,Herring,0.578125,0.5631024096385542,0.5618786549707603,0.578125,1.6610243320465088,20260228_012846_run13
tsfresh,HouseTwenty,0.9747899159663865,0.9747532760651677,0.9748585148345051,0.9747899159663865,1.8823230266571045,20260228_012848_run13
tsfresh,InlineSkate,0.8218181818181818,0.8193335755995577,0.8260978928909883,0.8218181818181818,4.147470951080322,20260228_012852_run13
tsfresh,InsectEPGRegularTrain,1.0,1.0,1.0,1.0,2.479250907897949,20260228_012855_run13
tsfresh,InsectEPGSmallTrain,1.0,1.0,1.0,1.0,2.228339433670044,20260228_012857_run13
tsfresh,InsectWingbeatSound,0.6909090909090909,0.6853022012464601,0.6885726357638818,0.6909090909090909,117.3432228565216,20260228_013055_run13
tsfresh,ItalyPowerDemand,0.956268221574344,0.9562556628656514,0.9568958943163354,0.956268221574344,4.4268293380737305,20260228_013059_run13
tsfresh,LSST,0.7096512570965126,0.6853660568000888,0.7204284882253851,0.7096512570965126,589.5130739212036,20260228_014049_run13
tsfresh,LargeKitchenAppliances,0.92,0.9201422722136845,0.9225412738687074,0.92,5.947096586227417,20260228_014055_run13
tsfresh,Libras,0.9333333333333333,0.9334611668524713,0.9356199356199356,0.9333333333333333,39.69523000717163,20260228_014135_run13
tsfresh,Lightning2,0.8524590163934426,0.8471852110219742,0.8840749414519906,0.8524590163934426,1.622365951538086,20260228_014136_run13
tsfresh,Lightning7,0.7534246575342466,0.7510954763626172,0.7968458938321952,0.7534246575342466,1.898364543914795,20260228_014138_run13
tsfresh,Mallat,0.9722814498933902,0.9721196268459655,0.9748915917808298,0.9722814498933902,13.320061683654785,20260228_014152_run13
tsfresh,Meat,1.0,1.0,1.0,1.0,1.6162652969360352,20260228_014153_run13
tsfresh,MedicalImages,0.8236842105263158,0.8200556174015995,0.8186755145648771,0.8236842105263158,8.15783977508545,20260228_014201_run13
tsfresh,MiddlePhalanxOutlineAgeGroup,0.6883116883116883,0.6752198678514468,0.697670807453416,0.6883116883116883,5.217877388000488,20260228_014207_run13
tsfresh,FaceFour,0.8522727272727273,0.8526750590086546,0.8582887700534759,0.8522727272727273,1.5424883365631104,20260228_014208_run13
tsfresh,FacesUCR,0.973170731707317,0.9731200419953774,0.9734028132983429,0.973170731707317,118.25979852676392,20260228_014406_run13
tsfresh,ACSF1,0.9,0.8977819849942611,0.9189976689976692,0.9,2.105520009994507,20260228_014409_run14
tsfresh,Adiac,0.8388746803069054,0.8385522874969965,0.8611887969944236,0.8388746803069054,64.73450493812561,20260228_014513_run14
tsfresh,ArrowHead,0.8857142857142857,0.8870351539008254,0.8963185618729098,0.8857142857142857,2.110015392303467,20260228_014515_run14
tsfresh,ArticularyWordRecognition,0.99,0.9899826086956521,0.990769230769231,0.99,102.75825786590576,20260228_014658_run14
tsfresh,AtrialFibrillation,0.26666666666666666,0.22051282051282053,0.19166666666666668,0.26666666666666666,1.472581148147583,20260228_014700_run14
tsfresh,BME,0.9933333333333333,0.9933326665999933,0.9934640522875816,0.9933333333333333,1.8469796180725098,20260228_014702_run14
tsfresh,BasicMotions,1.0,1.0,1.0,1.0,2.8109359741210938,20260228_014704_run14
tsfresh,Beef,0.8333333333333334,0.8264335664335665,0.8714285714285714,0.8333333333333334,1.3029797077178955,20260228_014706_run14
tsfresh,BeetleFly,0.9,0.9,0.9,0.9,1.2949719429016113,20260228_014707_run14
tsfresh,BirdChicken,1.0,1.0,1.0,1.0,1.192016839981079,20260228_014708_run14
tsfresh,CBF,0.9922222222222222,0.9922208698377477,0.992398417835311,0.9922222222222222,5.028337478637695,20260228_014713_run14
tsfresh,Car,0.9833333333333333,0.9832136752136752,0.9841666666666666,0.9833333333333333,1.7216124534606934,20260228_014715_run14
tsfresh,Chinatown,0.9766763848396501,0.9769619801273279,0.9785056879894815,0.9766763848396501,1.9321746826171875,20260228_014717_run14
tsfresh,ChlorineConcentration,0.86953125,0.867056287975649,0.8721271382716876,0.86953125,26.736979007720947,20260228_014744_run14
tsfresh,CinCECGTorso,0.994927536231884,0.994927536231884,0.9949296303461996,0.994927536231884,8.535672187805176,20260228_014752_run14
tsfresh,Coffee,1.0,1.0,1.0,1.0,1.329258680343628,20260228_014754_run14
tsfresh,Computers,0.876,0.8759821414283658,0.8762167008196721,0.876,4.080608606338501,20260228_014758_run14
tsfresh,Cricket,0.9722222222222222,0.9720279720279721,0.976190476190476,0.9722222222222222,44.10810685157776,20260228_014842_run14
tsfresh,CricketX,0.8076923076923077,0.8045174089916043,0.8083326917006386,0.8076923076923077,63.85710096359253,20260228_014946_run14
tsfresh,CricketY,0.8128205128205128,0.8114015156127283,0.8125060653426037,0.8128205128205128,64.40605664253235,20260228_015050_run14
tsfresh,CricketZ,0.8025641025641026,0.8062515869325559,0.8144224035768154,0.8025641025641026,64.55056762695312,20260228_015155_run14
tsfresh,DiatomSizeReduction,0.9607843137254902,0.9602309695808148,0.9601814715785304,0.9607843137254902,2.508711099624634,20260228_015211_run14
tsfresh,DistalPhalanxOutlineAgeGroup,0.7553956834532374,0.7534666689272306,0.7529691661690411,0.7553956834532374,5.339309215545654,20260228_015216_run14
tsfresh,DistalPhalanxOutlineCorrect,0.8115942028985508,0.8110827587454984,0.810920010920011,0.8115942028985508,7.371999025344849,20260228_015224_run14
tsfresh,DistalPhalanxTW,0.6762589928057554,0.6616415157676266,0.6902440795487711,0.6762589928057554,5.295738697052002,20260228_015229_run14
tsfresh,ECG200,0.88,0.88,0.88,0.88,2.07861328125,20260228_015231_run14
tsfresh,ECG5000,0.9486666666666667,0.9414191194399851,0.9380524051361133,0.9486666666666667,32.62013244628906,20260228_015304_run14
tsfresh,ECGFiveDays,1.0,1.0,1.0,1.0,4.941899061203003,20260228_015309_run14
tsfresh,EOGHorizontalSignal,0.8259668508287292,0.8177542814870794,0.8244518602944019,0.8259668508287292,59.09092617034912,20260228_015408_run14
tsfresh,EOGVerticalSignal,0.8204419889502762,0.8140450606484948,0.8108333376692266,0.8204419889502762,59.090696811676025,20260228_015507_run14
tsfresh,ERing,0.9518518518518518,0.9523418708742781,0.9558918833295467,0.9518518518518518,4.090155363082886,20260228_015511_run14
tsfresh,Earthquakes,0.7482014388489209,0.6836134259341661,0.6970454171014334,0.7482014388489209,4.402306318283081,20260228_015515_run14
tsfresh,ElectricDevices,0.9282842692257813,0.9286544448290508,0.9304471612157268,0.9282842692257813,276.93862652778625,20260228_015953_run14
tsfresh,Epilepsy,0.9927536231884058,0.9927405223941702,0.9929443173150269,0.9927536231884058,3.279963254928589,20260228_015956_run14
tsfresh,EthanolConcentration,0.44866920152091255,0.44016414509491303,0.44157106799692347,0.44866920152091255,5.716002702713013,20260228_020002_run14
tsfresh,EthanolLevel,0.828,0.8285302657621135,0.8300844113859571,0.828,7.711075305938721,20260228_020009_run14
tsfresh,FaceAll,0.9846153846153847,0.9846673948369438,0.9849685171430049,0.9846153846153847,153.11125445365906,20260228_020242_run14
tsfresh,FiftyWords,0.7384615384615385,0.7346099605170902,0.7623647390107018,0.7384615384615385,87.1444776058197,20260228_020410_run14
tsfresh,FingerMovements,0.6,0.5967793880837359,0.6057875155022736,0.6,57.16550898551941,20260228_020507_run14
tsfresh,Fish,0.9428571428571428,0.942540156264526,0.9483865947716879,0.9428571428571428,3.023355007171631,20260228_020510_run14
tsfresh,FordA,1.0,1.0,1.0,1.0,54.654229164123535,20260228_020605_run14
tsfresh,FordB,0.9493827160493827,0.9493616402790226,0.9498304708513011,0.9493827160493827,49.67362117767334,20260228_020654_run14
tsfresh,FreezerRegularTrain,0.9964912280701754,0.9964912125187628,0.9965000302867788,0.9964912280701754,16.65287137031555,20260228_020711_run14
tsfresh,FreezerSmallTrain,0.9894736842105263,0.9894736012693729,0.9894891116297416,0.9894736842105263,15.25132441520691,20260228_020726_run14
tsfresh,Fungi,0.6397849462365591,0.6288049916295447,0.6916926542627805,0.6397849462365591,16.599048376083374,20260228_020743_run14
tsfresh,GunPoint,0.9866666666666667,0.9866666666666667,0.9870175438596491,0.9866666666666667,1.9744250774383545,20260228_020745_run14
tsfresh,GunPointAgeSpan,0.990506329113924,0.9905066143604778,0.9905267390674908,0.990506329113924,3.432305097579956,20260228_020748_run14
tsfresh,GunPointMaleVersusFemale,1.0,1.0,1.0,1.0,3.5236310958862305,20260228_020752_run14
tsfresh,GunPointOldVersusYoung,1.0,1.0,1.0,1.0,3.4359846115112305,20260228_020755_run14
tsfresh,Ham,0.780952380952381,0.7805935805935806,0.7815162907268169,0.780952380952381,2.2349793910980225,20260228_020758_run14
tsfresh,HandMovementDirection,0.5,0.49774774774774777,0.5347490347490347,0.5,7.995897054672241,20260228_020806_run14
tsfresh,HandOutlines,0.9378378378378378,0.9374501320447266,0.9377996849308325,0.9378378378378378,13.043857336044312,20260228_020819_run14
tsfresh,Handwriting,0.2529411764705882,0.2264840237871368,0.37529213469944556,0.2529411764705882,70.11397790908813,20260228_020929_run14
tsfresh,Haptics,0.5227272727272727,0.48813698626023955,0.5067986174514152,0.5227272727272727,3.3845579624176025,20260228_020932_run14
tsfresh,Heartbeat,0.7463414634146341,0.7055062823355506,0.7206274107652686,0.7463414634146341,99.07661604881287,20260228_021112_run14
tsfresh,Herring,0.71875,0.6957386363636364,0.7348214285714285,0.71875,1.659832239151001,20260228_021113_run14
tsfresh,HouseTwenty,0.9747899159663865,0.9746682616894092,0.9758403361344538,0.9747899159663865,1.8852331638336182,20260228_021115_run14
tsfresh,InlineSkate,0.7345454545454545,0.7301395512629927,0.7479933741806782,0.7345454545454545,4.182338714599609,20260228_021119_run14
tsfresh,InsectEPGRegularTrain,1.0,1.0,1.0,1.0,2.4884815216064453,20260228_021122_run14
tsfresh,InsectEPGSmallTrain,1.0,1.0,1.0,1.0,2.3399035930633545,20260228_021124_run14
tsfresh,InsectWingbeatSound,0.6737373737373737,0.6704044294956012,0.6730694684632795,0.6737373737373737,117.6583423614502,20260228_021322_run14
tsfresh,ItalyPowerDemand,0.9446064139941691,0.944572495227384,0.9458423509631723,0.9446064139941691,4.4538795948028564,20260228_021326_run14
tsfresh,LSST,0.7193836171938361,0.6933241323899688,0.7063740998221536,0.7193836171938361,589.3120722770691,20260228_022316_run14
tsfresh,LargeKitchenAppliances,0.928,0.9279648824230993,0.9293879290314229,0.928,5.9238386154174805,20260228_022322_run14
tsfresh,Libras,0.9333333333333333,0.9342160175323594,0.9436400201106083,0.9333333333333333,39.26134419441223,20260228_022401_run14
tsfresh,Lightning2,0.7377049180327869,0.7377049180327869,0.7377049180327869,0.7377049180327869,1.6045799255371094,20260228_022403_run14
tsfresh,Lightning7,0.7945205479452054,0.7971424635647926,0.8178531894285319,0.7945205479452054,1.7723026275634766,20260228_022405_run14
tsfresh,Mallat,0.9756929637526652,0.9756608911335034,0.9763958564600504,0.9756929637526652,13.375104188919067,20260228_022418_run14
tsfresh,Meat,0.9666666666666667,0.9661959777492513,0.9682539682539684,0.9666666666666667,1.5988645553588867,20260228_022420_run14
tsfresh,MedicalImages,0.8394736842105263,0.8285829617934707,0.8382324398259002,0.8394736842105263,7.812662363052368,20260228_022428_run14
tsfresh,MiddlePhalanxOutlineAgeGroup,0.6818181818181818,0.6627728879698322,0.6642039771008994,0.6818181818181818,5.47119140625,20260228_022433_run14
tsfresh,FaceFour,0.8863636363636364,0.8819623393734065,0.8990530303030304,0.8863636363636364,1.56950044631958,20260228_022435_run14
tsfresh,FacesUCR,0.9453658536585365,0.9449991645167065,0.9469367297968375,0.9453658536585365,118.33110618591309,20260228_022633_run14
tsfresh,ACSF1,0.88,0.8787211829465161,0.8905161505161504,0.88,2.0634655952453613,20260228_022635_run15
tsfresh,Adiac,0.8542199488491049,0.8511259734045032,0.8857618528429657,0.8542199488491049,64.66261005401611,20260228_022740_run15
tsfresh,ArrowHead,0.8285714285714286,0.8280237259125919,0.8282095238095238,0.8285714285714286,2.018576145172119,20260228_022742_run15
tsfresh,ArticularyWordRecognition,0.9866666666666667,0.9866434782608697,0.9876923076923078,0.9866666666666667,103.15469670295715,20260228_022925_run15
tsfresh,AtrialFibrillation,0.2,0.1952861952861953,0.19444444444444445,0.2,1.480372667312622,20260228_022927_run15
tsfresh,BME,1.0,1.0,1.0,1.0,1.851339340209961,20260228_022929_run15
tsfresh,BasicMotions,1.0,1.0,1.0,1.0,2.836219549179077,20260228_022931_run15
tsfresh,Beef,0.8333333333333334,0.8424242424242423,0.8711111111111111,0.8333333333333334,1.3052833080291748,20260228_022933_run15
tsfresh,BeetleFly,0.9,0.9,0.9,0.9,1.196108102798462,20260228_022934_run15
tsfresh,BirdChicken,1.0,1.0,1.0,1.0,1.2938997745513916,20260228_022935_run15
tsfresh,CBF,1.0,1.0,1.0,1.0,5.017967700958252,20260228_022940_run15
tsfresh,Car,0.8666666666666667,0.8712217889637245,0.8913194444444444,0.8666666666666667,1.605102300643921,20260228_022942_run15
tsfresh,Chinatown,0.9737609329446064,0.9738874865918353,0.9741952817622612,0.9737609329446064,2.031919240951538,20260228_022944_run15
tsfresh,ChlorineConcentration,0.86328125,0.861443513188599,0.8615893905247636,0.86328125,26.77923607826233,20260228_023011_run15
tsfresh,CinCECGTorso,0.9942028985507246,0.9941974978414776,0.9942193982711747,0.9942028985507246,8.449102640151978,20260228_023019_run15
tsfresh,Coffee,0.9642857142857143,0.964331326400292,0.9668367346938774,0.9642857142857143,1.3937337398529053,20260228_023021_run15
tsfresh,Computers,0.852,0.85180794309425,0.853834276891405,0.852,4.087696313858032,20260228_023025_run15
tsfresh,Cricket,0.9861111111111112,0.9860139860139859,0.988095238095238,0.9861111111111112,42.3462929725647,20260228_023107_run15
tsfresh,CricketX,0.7974358974358975,0.7909831193159629,0.79412835432244,0.7974358974358975,63.795628786087036,20260228_023211_run15
tsfresh,CricketY,0.8051282051282052,0.8038709677174912,0.809666169440673,0.8051282051282052,64.32487416267395,20260228_023315_run15
tsfresh,CricketZ,0.8153846153846154,0.8176021674947955,0.8238750186838423,0.8153846153846154,64.01818227767944,20260228_023419_run15
tsfresh,DiatomSizeReduction,0.9836601307189542,0.9831079477510332,0.9841230936819172,0.9836601307189542,2.5080320835113525,20260228_023436_run15
tsfresh,DistalPhalanxOutlineAgeGroup,0.7913669064748201,0.791051949984346,0.7908294054411642,0.7913669064748201,5.1206676959991455,20260228_023441_run15
tsfresh,DistalPhalanxOutlineCorrect,0.8514492753623188,0.8511532813735457,0.851063443670151,0.8514492753623188,7.454359292984009,20260228_023448_run15
tsfresh,DistalPhalanxTW,0.7194244604316546,0.6975533359367468,0.7010838534141631,0.7194244604316546,5.267512798309326,20260228_023453_run15
tsfresh,ECG200,0.93,0.9287038491751767,0.9327349228611501,0.93,2.201310634613037,20260228_023456_run15
tsfresh,ECG5000,0.9468888888888889,0.9354926020842989,0.938510196445888,0.9468888888888889,32.5994439125061,20260228_023528_run15
tsfresh,ECGFiveDays,0.9628339140534262,0.9627875212152152,0.9647876025707887,0.9628339140534262,4.84467887878418,20260228_023533_run15
tsfresh,EOGHorizontalSignal,0.8535911602209945,0.8497444125265011,0.8510163283431992,0.8535911602209945,59.931137561798096,20260228_023633_run15
tsfresh,EOGVerticalSignal,0.787292817679558,0.789296350605093,0.7953291927953091,0.787292817679558,60.16971468925476,20260228_023733_run15
tsfresh,ERing,0.9555555555555556,0.9556240860588686,0.9562474453025835,0.9555555555555556,4.054466962814331,20260228_023737_run15
tsfresh,Earthquakes,0.7553956834532374,0.6790853031860226,0.7206056050681843,0.7553956834532374,4.381291151046753,20260228_023742_run15
tsfresh,ElectricDevices,0.9328232395279471,0.9329928685510457,0.9339256680932542,0.9328232395279471,277.0742642879486,20260228_024219_run15
tsfresh,Epilepsy,1.0,1.0,1.0,1.0,3.245069980621338,20260228_024222_run15
tsfresh,EthanolConcentration,0.5551330798479087,0.5538126935499037,0.5576190158539568,0.5551330798479087,5.695653200149536,20260228_024228_run15
tsfresh,EthanolLevel,0.8,0.8012040214819849,0.8192617460941674,0.8,7.5580153465271,20260228_024236_run15
tsfresh,FaceAll,0.978698224852071,0.9790950891416622,0.9805934327309704,0.978698224852071,153.14513659477234,20260228_024509_run15
tsfresh,FiftyWords,0.6967032967032967,0.6996389323212394,0.7764003258139598,0.6967032967032967,85.9903073310852,20260228_024635_run15
tsfresh,FingerMovements,0.6,0.6,0.6004801920768308,0.6,56.76646900177002,20260228_024732_run15
tsfresh,Fish,0.9314285714285714,0.9312644708654491,0.933385036053402,0.9314285714285714,3.0200095176696777,20260228_024735_run15
tsfresh,FordA,1.0,1.0,1.0,1.0,54.59537672996521,20260228_024829_run15
tsfresh,FordB,0.9493827160493827,0.9493709070915511,0.949593741448378,0.9493827160493827,49.751150131225586,20260228_024919_run15
tsfresh,FreezerRegularTrain,0.9985964912280701,0.9985964905368989,0.9985974733837579,0.9985964912280701,16.79097557067871,20260228_024936_run15
tsfresh,FreezerSmallTrain,0.8508771929824561,0.8498031910296326,0.8612086726582525,0.8508771929824561,15.291079759597778,20260228_024951_run15
tsfresh,Fungi,0.6612903225806451,0.6458244808814068,0.711389989074624,0.6612903225806451,16.747610569000244,20260228_025008_run15
tsfresh,GunPoint,1.0,1.0,1.0,1.0,1.9856154918670654,20260228_025010_run15
tsfresh,GunPointAgeSpan,0.9936708860759493,0.9936711396157453,0.9937510014420766,0.9936708860759493,3.4246881008148193,20260228_025013_run15
tsfresh,GunPointMaleVersusFemale,0.9968354430379747,0.9968349027237305,0.9968543924808612,0.9968354430379747,3.5326743125915527,20260228_025017_run15
tsfresh,GunPointOldVersusYoung,1.0,1.0,1.0,1.0,3.4375815391540527,20260228_025020_run15
tsfresh,Ham,0.819047619047619,0.8188834303342969,0.8224489795918368,0.819047619047619,2.2257282733917236,20260228_025023_run15
tsfresh,HandMovementDirection,0.36486486486486486,0.3885135135135135,0.4599099099099099,0.36486486486486486,7.984118223190308,20260228_025031_run15
tsfresh,HandOutlines,0.9324324324324325,0.9320110130920941,0.9323216659282234,0.9324324324324325,13.057368755340576,20260228_025044_run15
tsfresh,Handwriting,0.32,0.2859958984867194,0.42312581917336134,0.32,70.31329298019409,20260228_025154_run15
tsfresh,Haptics,0.5032467532467533,0.46686603899230283,0.5435944005701454,0.5032467532467533,3.413968324661255,20260228_025158_run15
tsfresh,Heartbeat,0.7902439024390244,0.7735095195665501,0.7783398277769759,0.7902439024390244,101.72342610359192,20260228_025340_run15
tsfresh,Herring,0.625,0.6021594684385382,0.6119791666666667,0.625,1.6768062114715576,20260228_025341_run15
tsfresh,HouseTwenty,0.9327731092436975,0.9327731092436975,0.9327731092436975,0.9327731092436975,1.7904603481292725,20260228_025343_run15
tsfresh,InlineSkate,0.730909090909091,0.7324688937551843,0.7413076420819935,0.730909090909091,4.161449670791626,20260228_025347_run15
tsfresh,InsectEPGRegularTrain,1.0,1.0,1.0,1.0,2.505505084991455,20260228_025350_run15
tsfresh,InsectEPGSmallTrain,1.0,1.0,1.0,1.0,2.3485302925109863,20260228_025352_run15
tsfresh,InsectWingbeatSound,0.6540404040404041,0.6506357930428998,0.6535122018741751,0.6540404040404041,117.54977321624756,20260228_025550_run15
tsfresh,ItalyPowerDemand,0.956268221574344,0.9562659912146131,0.9564100977785815,0.956268221574344,4.432662487030029,20260228_025554_run15
tsfresh,LSST,0.7335766423357665,0.7009084115298269,0.714200004266537,0.7335766423357665,588.8123028278351,20260228_030543_run15
tsfresh,LargeKitchenAppliances,0.9546666666666667,0.9546634062255787,0.9548044882367845,0.9546666666666667,6.089317560195923,20260228_030550_run15
tsfresh,Libras,0.9444444444444444,0.9446014436449219,0.9508746808746809,0.9444444444444444,39.88575720787048,20260228_030629_run15
tsfresh,Lightning2,0.819672131147541,0.8154374258124539,0.8345628415300547,0.819672131147541,1.6399552822113037,20260228_030631_run15
tsfresh,Lightning7,0.7123287671232876,0.7104515629414904,0.7748711150390338,0.7123287671232876,1.7979795932769775,20260228_030633_run15
tsfresh,Mallat,0.9603411513859275,0.9600299586242085,0.9638191392981486,0.9603411513859275,13.412617683410645,20260228_030646_run15
tsfresh,Meat,1.0,1.0,1.0,1.0,1.6271700859069824,20260228_030648_run15
tsfresh,MedicalImages,0.8223684210526315,0.8175296496403003,0.8185199103112066,0.8223684210526315,7.982482433319092,20260228_030656_run15
tsfresh,MiddlePhalanxOutlineAgeGroup,0.6233766233766234,0.6115449539662615,0.6236030253271634,0.6233766233766234,5.192330360412598,20260228_030701_run15
tsfresh,FaceFour,0.8295454545454546,0.8341985068072024,0.8626893939393938,0.8295454545454546,1.5664288997650146,20260228_030703_run15
tsfresh,FacesUCR,0.9551219512195122,0.9543683214507968,0.955434434179087,0.9551219512195122,118.41242098808289,20260228_030901_run15
tsfresh,ACSF1,0.84,0.8401192374876585,0.8477272727272728,0.84,2.063405752182007,20260228_030903_run16
tsfresh,Adiac,0.8542199488491049,0.8525416074977317,0.8749762882755212,0.8542199488491049,64.6217954158783,20260228_031008_run16
tsfresh,ArrowHead,0.8,0.8022822815303305,0.8158000536049316,0.8,2.011087417602539,20260228_031010_run16
tsfresh,ArticularyWordRecognition,0.98,0.9799652173913046,0.9815384615384615,0.98,103.69688248634338,20260228_031154_run16
tsfresh,AtrialFibrillation,0.3333333333333333,0.33602693602693606,0.3444444444444444,0.3333333333333333,1.490297555923462,20260228_031155_run16
tsfresh,BME,1.0,1.0,1.0,1.0,1.8621244430541992,20260228_031157_run16
tsfresh,BasicMotions,1.0,1.0,1.0,1.0,2.8463144302368164,20260228_031200_run16
tsfresh,Beef,0.8333333333333334,0.8345098039215686,0.9090909090909091,0.8333333333333334,1.415027379989624,20260228_031201_run16
tsfresh,BeetleFly,0.9,0.9,0.9,0.9,1.207592487335205,20260228_031203_run16
tsfresh,BirdChicken,0.95,0.949874686716792,0.9545454545454545,0.95,1.2012841701507568,20260228_031204_run16
tsfresh,CBF,1.0,1.0,1.0,1.0,5.129503011703491,20260228_031209_run16
tsfresh,Car,0.8333333333333334,0.8372783282966711,0.8568518518518519,0.8333333333333334,1.6245267391204834,20260228_031211_run16
tsfresh,Chinatown,0.956268221574344,0.9564791443197256,0.9568664133637218,0.956268221574344,1.9369230270385742,20260228_031213_run16
tsfresh,ChlorineConcentration,0.8489583333333334,0.846192599975565,0.8544021586182005,0.8489583333333334,26.867292642593384,20260228_031240_run16
tsfresh,CinCECGTorso,0.9963768115942029,0.9963766571560567,0.996429018919935,0.9963768115942029,8.430026292800903,20260228_031248_run16
tsfresh,Coffee,1.0,1.0,1.0,1.0,1.3059821128845215,20260228_031249_run16
tsfresh,Computers,0.868,0.8676421042498916,0.8720238095238095,0.868,4.126896619796753,20260228_031253_run16
tsfresh,Cricket,1.0,1.0,1.0,1.0,44.02825045585632,20260228_031337_run16
tsfresh,CricketX,0.8307692307692308,0.8265259751083623,0.8302840862440306,0.8307692307692308,64.2372899055481,20260228_031442_run16
tsfresh,CricketY,0.7897435897435897,0.7919728895962562,0.7975235981966748,0.7897435897435897,64.38428735733032,20260228_031546_run16
tsfresh,CricketZ,0.8461538461538461,0.8451576337072958,0.8464968811982386,0.8461538461538461,64.01697373390198,20260228_031650_run16
tsfresh,DiatomSizeReduction,0.9411764705882353,0.9329311997741285,0.9422487788365864,0.9411764705882353,2.585428476333618,20260228_031706_run16
tsfresh,DistalPhalanxOutlineAgeGroup,0.7841726618705036,0.7789574649891239,0.7840953874923692,0.7841726618705036,5.246996164321899,20260228_031712_run16
tsfresh,DistalPhalanxOutlineCorrect,0.8478260869565217,0.8471798780487805,0.8473603252211173,0.8478260869565217,7.518817186355591,20260228_031719_run16
tsfresh,DistalPhalanxTW,0.7050359712230215,0.6814905969960874,0.6718539606817219,0.7050359712230215,5.118486642837524,20260228_031724_run16
tsfresh,ECG200,0.9,0.9,0.9,0.9,2.084251880645752,20260228_031726_run16
tsfresh,ECG5000,0.948,0.9411756366634438,0.9432580701067353,0.948,32.73555898666382,20260228_031759_run16
tsfresh,ECGFiveDays,1.0,1.0,1.0,1.0,4.845922946929932,20260228_031804_run16
tsfresh,EOGHorizontalSignal,0.8453038674033149,0.8452452147804721,0.8498419705752037,0.8453038674033149,59.28071427345276,20260228_031903_run16
tsfresh,EOGVerticalSignal,0.8204419889502762,0.8199003268865538,0.8219207493618663,0.8204419889502762,59.60101532936096,20260228_032003_run16
tsfresh,ERing,0.9592592592592593,0.9592299375080175,0.9604686318972034,0.9592592592592593,4.181617021560669,20260228_032007_run16
tsfresh,Earthquakes,0.7482014388489209,0.6991265788143181,0.7032515719707698,0.7482014388489209,4.3373143672943115,20260228_032011_run16
tsfresh,ElectricDevices,0.9328232395279471,0.9332241449531156,0.9348271332325926,0.9328232395279471,277.09227561950684,20260228_032449_run16
tsfresh,Epilepsy,1.0,1.0,1.0,1.0,3.3904738426208496,20260228_032452_run16
tsfresh,EthanolConcentration,0.5019011406844106,0.49234214605197096,0.5099326462444184,0.5019011406844106,5.711605787277222,20260228_032458_run16
tsfresh,EthanolLevel,0.82,0.8219517364834709,0.8277603848119336,0.82,7.796811580657959,20260228_032506_run16
tsfresh,FaceAll,0.978698224852071,0.9792866148957344,0.9810796121350553,0.978698224852071,153.08764910697937,20260228_032739_run16
tsfresh,FiftyWords,0.7582417582417582,0.7449329990972627,0.7848376468078142,0.7582417582417582,86.2108314037323,20260228_032905_run16
tsfresh,FingerMovements,0.65,0.6498949054148734,0.6499198717948719,0.65,56.90503764152527,20260228_033002_run16
tsfresh,Fish,0.9428571428571428,0.9435105347371728,0.9476293995859214,0.9428571428571428,2.895447254180908,20260228_033005_run16
tsfresh,FordA,1.0,1.0,1.0,1.0,54.48114514350891,20260228_033059_run16
tsfresh,FordB,0.9543209876543209,0.9543214750092575,0.9544645147537547,0.9543209876543209,50.26900506019592,20260228_033150_run16
tsfresh,FreezerRegularTrain,0.9964912280701754,0.9964912004231243,0.9965068766710283,0.9964912280701754,16.697174787521362,20260228_033207_run16
tsfresh,FreezerSmallTrain,0.9694736842105263,0.9694490064550756,0.970995482356289,0.9694736842105263,15.307599067687988,20260228_033222_run16
tsfresh,Fungi,0.7580645161290323,0.7463564600439883,0.7865327847182687,0.7580645161290323,16.826569080352783,20260228_033239_run16
tsfresh,GunPoint,0.9866666666666667,0.9866666666666667,0.9866666666666667,0.9866666666666667,1.984619379043579,20260228_033241_run16
tsfresh,GunPointAgeSpan,1.0,1.0,1.0,1.0,3.524547576904297,20260228_033244_run16
tsfresh,GunPointMaleVersusFemale,1.0,1.0,1.0,1.0,3.4532582759857178,20260228_033248_run16
tsfresh,GunPointOldVersusYoung,1.0,1.0,1.0,1.0,3.4367480278015137,20260228_033251_run16
tsfresh,Ham,0.8095238095238095,0.8063492063492063,0.8255078255078255,0.8095238095238095,2.3228604793548584,20260228_033253_run16
tsfresh,HandMovementDirection,0.47297297297297297,0.47911259192105266,0.5030849030849031,0.47297297297297297,7.8676464557647705,20260228_033301_run16
tsfresh,HandOutlines,0.9378378378378378,0.9374501320447266,0.9377996849308325,0.9378378378378378,13.075889110565186,20260228_033314_run16
tsfresh,Handwriting,0.36941176470588233,0.3347051549796115,0.44206126882098246,0.36941176470588233,70.30052495002747,20260228_033425_run16
tsfresh,Haptics,0.5162337662337663,0.46151820223342743,0.5178438484865258,0.5162337662337663,3.4053804874420166,20260228_033428_run16
tsfresh,Heartbeat,0.7317073170731707,0.7277821597137609,0.7247636390391053,0.7317073170731707,100.63691210746765,20260228_033609_run16
tsfresh,Herring,0.609375,0.5193506817426006,0.6060381355932204,0.609375,1.676833152770996,20260228_033611_run16
tsfresh,HouseTwenty,0.957983193277311,0.9579221267752795,0.9580003429943406,0.957983193277311,1.8828692436218262,20260228_033613_run16
tsfresh,InlineSkate,0.7945454545454546,0.793951249159612,0.7986761256209015,0.7945454545454546,4.150209665298462,20260228_033617_run16
tsfresh,InsectEPGRegularTrain,1.0,1.0,1.0,1.0,2.510566473007202,20260228_033619_run16
tsfresh,InsectEPGSmallTrain,1.0,1.0,1.0,1.0,2.2678847312927246,20260228_033622_run16
tsfresh,InsectWingbeatSound,0.652020202020202,0.6436108691532756,0.6466130619709956,0.652020202020202,117.76198077201843,20260228_033819_run16
tsfresh,ItalyPowerDemand,0.9504373177842566,0.9504312321139293,0.9507286888695651,0.9504373177842566,4.31600546836853,20260228_033824_run16
tsfresh,LSST,0.7283049472830495,0.6931734852647798,0.7190886387909388,0.7283049472830495,589.156200170517,20260228_034813_run16
tsfresh,LargeKitchenAppliances,0.96,0.9598565573770491,0.9604516004875233,0.96,6.051116228103638,20260228_034820_run16
tsfresh,Libras,0.9111111111111111,0.9100202985420377,0.9254412254412254,0.9111111111111111,39.61089205741882,20260228_034859_run16
tsfresh,Lightning2,0.8360655737704918,0.8360655737704918,0.8360655737704918,0.8360655737704918,1.6440751552581787,20260228_034901_run16
tsfresh,Lightning7,0.7534246575342466,0.7523617834540689,0.7827468887098219,0.7534246575342466,1.786299705505371,20260228_034903_run16
tsfresh,Mallat,0.9752665245202559,0.9751850837462998,0.9768320981344237,0.9752665245202559,13.410929441452026,20260228_034916_run16
tsfresh,Meat,0.9833333333333333,0.9833229101521784,0.9841269841269842,0.9833333333333333,1.623051404953003,20260228_034918_run16
tsfresh,MedicalImages,0.8342105263157895,0.8305035696898431,0.834094609474241,0.8342105263157895,7.9966325759887695,20260228_034926_run16
tsfresh,MiddlePhalanxOutlineAgeGroup,0.6493506493506493,0.6461312828795142,0.6444694435197847,0.6493506493506493,5.207119703292847,20260228_034931_run16
tsfresh,FaceFour,0.875,0.872058199774555,0.9041396103896104,0.875,1.5732650756835938,20260228_034932_run16
tsfresh,FacesUCR,0.9507317073170731,0.9502445182064173,0.951879030078764,0.9507317073170731,118.35618686676025,20260228_035131_run16
tsfresh,ACSF1,0.82,0.8127872712083237,0.8334487734487733,0.82,2.177218437194824,20260228_035133_run17
tsfresh,Adiac,0.8209718670076727,0.8216342837676773,0.8520983421239174,0.8209718670076727,64.98338651657104,20260228_035238_run17
tsfresh,ArrowHead,0.84,0.8398333019384937,0.8511846689895469,0.84,2.1347012519836426,20260228_035240_run17
tsfresh,ArticularyWordRecognition,0.9933333333333333,0.9933217391304349,0.9938461538461539,0.9933333333333333,102.95269083976746,20260228_035423_run17
tsfresh,AtrialFibrillation,0.26666666666666666,0.2611111111111111,0.273015873015873,0.26666666666666666,1.475414514541626,20260228_035425_run17
tsfresh,BME,1.0,1.0,1.0,1.0,1.8519060611724854,20260228_035427_run17
tsfresh,BasicMotions,1.0,1.0,1.0,1.0,2.8133275508880615,20260228_035429_run17
tsfresh,Beef,0.7,0.6876923076923077,0.6857142857142856,0.7,1.4060344696044922,20260228_035431_run17
tsfresh,BeetleFly,0.85,0.849624060150376,0.8535353535353536,0.85,1.193291187286377,20260228_035432_run17
tsfresh,BirdChicken,0.8,0.8,0.8,0.8,1.1924912929534912,20260228_035433_run17
tsfresh,CBF,0.9955555555555555,0.9955552611954944,0.9956136528685549,0.9955555555555555,5.128239154815674,20260228_035438_run17
tsfresh,Car,0.9,0.8975000000000001,0.8987012987012987,0.9,1.6334896087646484,20260228_035440_run17
tsfresh,Chinatown,0.9795918367346939,0.979812661395437,0.9810062638916954,0.9795918367346939,1.940748929977417,20260228_035442_run17
tsfresh,ChlorineConcentration,0.8541666666666666,0.8499144987929974,0.8562882437918472,0.8541666666666666,26.8144748210907,20260228_035509_run17
tsfresh,CinCECGTorso,0.9927536231884058,0.9927531598650803,0.9928277700912156,0.9927536231884058,8.477818012237549,20260228_035517_run17
tsfresh,Coffee,1.0,1.0,1.0,1.0,1.2962961196899414,20260228_035519_run17
tsfresh,Computers,0.868,0.8678964308017485,0.8691576784797124,0.868,4.113123655319214,20260228_035523_run17
tsfresh,Cricket,1.0,1.0,1.0,1.0,42.38401389122009,20260228_035605_run17
tsfresh,CricketX,0.7923076923076923,0.7891844000161896,0.7947366022486461,0.7923076923076923,63.86752891540527,20260228_035709_run17
tsfresh,CricketY,0.8076923076923077,0.8040513209909625,0.8077612732137314,0.8076923076923077,64.53341054916382,20260228_035814_run17
tsfresh,CricketZ,0.8179487179487179,0.8171486001232291,0.8217430920007334,0.8179487179487179,64.03068399429321,20260228_035918_run17
tsfresh,DiatomSizeReduction,0.9052287581699346,0.8744213174953213,0.9275731973006006,0.9052287581699346,2.480691432952881,20260228_035934_run17
tsfresh,DistalPhalanxOutlineAgeGroup,0.8129496402877698,0.8113310924158434,0.811819116135663,0.8129496402877698,5.2843217849731445,20260228_035939_run17
tsfresh,DistalPhalanxOutlineCorrect,0.8586956521739131,0.8574807684396725,0.8591234347048301,0.8586956521739131,7.368847370147705,20260228_035946_run17
tsfresh,DistalPhalanxTW,0.6618705035971223,0.6395016719485781,0.6715176107092763,0.6618705035971223,5.385830640792847,20260228_035952_run17
tsfresh,ECG200,0.88,0.8760294117647058,0.8853968253968254,0.88,2.063559055328369,20260228_035954_run17
tsfresh,ECG5000,0.9444444444444444,0.9351994926696211,0.9323606623395052,0.9444444444444444,32.66615414619446,20260228_040027_run17
tsfresh,ECGFiveDays,1.0,1.0,1.0,1.0,4.839008331298828,20260228_040031_run17
tsfresh,EOGHorizontalSignal,0.8591160220994475,0.8575661292924633,0.8591341210671544,0.8591160220994475,59.817689657211304,20260228_040131_run17
tsfresh,EOGVerticalSignal,0.7928176795580111,0.7863483025726241,0.7825904769992429,0.7928176795580111,59.47154474258423,20260228_040231_run17
tsfresh,ERing,0.9777777777777777,0.9776460105600311,0.9779094866223494,0.9777777777777777,4.022523403167725,20260228_040235_run17
tsfresh,Earthquakes,0.7194244604316546,0.6565391463653112,0.6381406502704813,0.7194244604316546,4.417896747589111,20260228_040239_run17
tsfresh,ElectricDevices,0.9289326935546621,0.9287991709715477,0.9296735621451742,0.9289326935546621,277.1393120288849,20260228_040717_run17
tsfresh,Epilepsy,1.0,1.0,1.0,1.0,3.2637858390808105,20260228_040720_run17
tsfresh,EthanolConcentration,0.5665399239543726,0.5604553732805329,0.5635978216338036,0.5665399239543726,5.8139872550964355,20260228_040726_run17
tsfresh,EthanolLevel,0.8,0.7989427918754979,0.7993578927396915,0.8,7.627424240112305,20260228_040733_run17
tsfresh,FaceAll,0.9739644970414201,0.9741503031485746,0.9761489143009836,0.9739644970414201,153.2729992866516,20260228_041007_run17
tsfresh,FiftyWords,0.7648351648351648,0.7512678469954578,0.7805426393104212,0.7648351648351648,86.76208806037903,20260228_041133_run17
tsfresh,FingerMovements,0.55,0.5500450045004501,0.5502,0.55,58.376078605651855,20260228_041232_run17
tsfresh,Fish,0.9542857142857143,0.9540505901144765,0.9557703327268544,0.9542857142857143,3.038239002227783,20260228_041235_run17
tsfresh,FordA,1.0,1.0,1.0,1.0,54.49587440490723,20260228_041330_run17
tsfresh,FordB,0.9493827160493827,0.9493746126534387,0.9495084144407324,0.9493827160493827,49.78398895263672,20260228_041419_run17
tsfresh,FreezerRegularTrain,0.9978947368421053,0.9978947368421053,0.9978947368421053,0.9978947368421053,16.663480758666992,20260228_041436_run17
tsfresh,FreezerSmallTrain,0.9792982456140351,0.9792926140208523,0.9798202143938918,0.9792982456140351,15.295025825500488,20260228_041451_run17
tsfresh,Fungi,0.6935483870967742,0.68609116872411,0.7551794891915237,0.6935483870967742,16.795643091201782,20260228_041508_run17
tsfresh,GunPoint,0.9933333333333333,0.993333629642799,0.9934222222222221,0.9933333333333333,1.981705665588379,20260228_041510_run17
tsfresh,GunPointAgeSpan,0.9968354430379747,0.9968352845422689,0.9968550986712791,0.9968354430379747,3.413172721862793,20260228_041514_run17
tsfresh,GunPointMaleVersusFemale,0.9968354430379747,0.9968359194795887,0.9968564003688489,0.9968354430379747,3.5309596061706543,20260228_041517_run17
tsfresh,GunPointOldVersusYoung,1.0,1.0,1.0,1.0,3.428926944732666,20260228_041521_run17
tsfresh,Ham,0.7619047619047619,0.7618182525985232,0.7618701298701299,0.7619047619047619,2.2240073680877686,20260228_041523_run17
tsfresh,HandMovementDirection,0.47297297297297297,0.4814066167007343,0.5220483641536273,0.47297297297297297,7.945100784301758,20260228_041531_run17
tsfresh,HandOutlines,0.927027027027027,0.9267089132181638,0.9267591648983694,0.927027027027027,12.959175825119019,20260228_041544_run17
tsfresh,Handwriting,0.3564705882352941,0.3168605270620766,0.4798212332628556,0.3564705882352941,70.13242506980896,20260228_041654_run17
tsfresh,Haptics,0.5194805194805194,0.47331545107528333,0.612886338022066,0.5194805194805194,3.382664918899536,20260228_041657_run17
tsfresh,Heartbeat,0.7268292682926829,0.7036168524113461,0.699323631891781,0.7268292682926829,98.42201566696167,20260228_041836_run17
tsfresh,Herring,0.59375,0.5605113636363637,0.57125,0.59375,1.658125400543213,20260228_041838_run17
tsfresh,HouseTwenty,0.9663865546218487,0.966159703317947,0.968228387245309,0.9663865546218487,1.7760159969329834,20260228_041840_run17
tsfresh,InlineSkate,0.74,0.7367015976007354,0.7578240328646555,0.74,4.26934289932251,20260228_041844_run17
tsfresh,InsectEPGRegularTrain,1.0,1.0,1.0,1.0,2.4596712589263916,20260228_041846_run17
tsfresh,InsectEPGSmallTrain,1.0,1.0,1.0,1.0,2.2508440017700195,20260228_041849_run17
tsfresh,InsectWingbeatSound,0.6611111111111111,0.6470641933993238,0.6501202112764778,0.6611111111111111,117.78072190284729,20260228_042046_run17
tsfresh,ItalyPowerDemand,0.9620991253644315,0.9620991253644315,0.9621154809187183,0.9620991253644315,4.331371545791626,20260228_042051_run17
tsfresh,LSST,0.7177615571776156,0.6933209666438812,0.6963464553710864,0.7177615571776156,590.1984050273895,20260228_043041_run17
tsfresh,LargeKitchenAppliances,0.9413333333333334,0.9411104000088835,0.9421531333319625,0.9413333333333334,5.863678932189941,20260228_043047_run17
tsfresh,Libras,0.9444444444444444,0.9440999644477904,0.9537606837606838,0.9444444444444444,39.647547245025635,20260228_043127_run17
tsfresh,Lightning2,0.819672131147541,0.8171821025801224,0.8262370109164572,0.819672131147541,1.7028179168701172,20260228_043129_run17
tsfresh,Lightning7,0.7534246575342466,0.7422345044193678,0.7845668030599537,0.7534246575342466,1.77034330368042,20260228_043130_run17
tsfresh,Mallat,0.9752665245202559,0.9752639042019664,0.9752823710081575,0.9752665245202559,13.299341678619385,20260228_043144_run17
tsfresh,Meat,1.0,1.0,1.0,1.0,1.7075462341308594,20260228_043145_run17
tsfresh,MedicalImages,0.8526315789473684,0.8465091877847153,0.8514525972316055,0.8526315789473684,7.96004319190979,20260228_043153_run17
tsfresh,MiddlePhalanxOutlineAgeGroup,0.6038961038961039,0.5927017027551041,0.6038961038961039,0.6038961038961039,5.323114633560181,20260228_043159_run17
tsfresh,FaceFour,0.9090909090909091,0.9046752794401698,0.9231266469038207,0.9090909090909091,1.6713237762451172,20260228_043200_run17
tsfresh,FacesUCR,0.96,0.9605490430781245,0.9640564417313296,0.96,118.57759356498718,20260228_043359_run17
tsfresh,ACSF1,0.86,0.858500976148035,0.8738636363636364,0.86,2.0774693489074707,20260228_043401_run18
tsfresh,Adiac,0.8286445012787724,0.8271149516566457,0.85496946929172,0.8286445012787724,64.8350076675415,20260228_043506_run18
tsfresh,ArrowHead,0.8,0.7994976452119309,0.7993056377480569,0.8,2.0038247108459473,20260228_043508_run18
tsfresh,ArticularyWordRecognition,0.9933333333333333,0.9933217391304349,0.9938461538461539,0.9933333333333333,103.0764889717102,20260228_043651_run18
tsfresh,AtrialFibrillation,0.3333333333333333,0.32255892255892255,0.31666666666666665,0.3333333333333333,1.4817261695861816,20260228_043653_run18
tsfresh,BME,1.0,1.0,1.0,1.0,1.8521661758422852,20260228_043655_run18
tsfresh,BasicMotions,1.0,1.0,1.0,1.0,2.8330130577087402,20260228_043657_run18
tsfresh,Beef,0.6666666666666666,0.6648591174906965,0.7435897435897435,0.6666666666666666,1.3033182621002197,20260228_043659_run18
tsfresh,BeetleFly,0.75,0.7442455242966752,0.7747252747252747,0.75,1.1926257610321045,20260228_043700_run18
tsfresh,BirdChicken,0.95,0.949874686716792,0.9545454545454545,0.95,1.2985000610351562,20260228_043701_run18
tsfresh,CBF,1.0,1.0,1.0,1.0,5.016352653503418,20260228_043706_run18
tsfresh,Car,0.8333333333333334,0.8364583333333333,0.8677462887989205,0.8333333333333334,1.7431659698486328,20260228_043708_run18
tsfresh,Chinatown,0.9854227405247813,0.9855376439352892,0.9861589657508026,0.9854227405247813,1.9286017417907715,20260228_043710_run18
tsfresh,ChlorineConcentration,0.8643229166666667,0.8614186479651771,0.8665294785092085,0.8643229166666667,27.170774698257446,20260228_043737_run18
tsfresh,CinCECGTorso,0.9876811594202899,0.9876740145458148,0.9882645028460699,0.9876811594202899,8.472946166992188,20260228_043746_run18
tsfresh,Coffee,1.0,1.0,1.0,1.0,1.3933384418487549,20260228_043747_run18
tsfresh,Computers,0.84,0.84,0.84,0.84,4.0539374351501465,20260228_043751_run18
tsfresh,Cricket,0.9861111111111112,0.9860139860139859,0.988095238095238,0.9861111111111112,42.51518201828003,20260228_043834_run18
tsfresh,CricketX,0.8051282051282052,0.8058780444797562,0.8109859844227091,0.8051282051282052,64.62993383407593,20260228_043938_run18
tsfresh,CricketY,0.8358974358974359,0.8357751809237896,0.8442637663200219,0.8358974358974359,64.34637594223022,20260228_044043_run18
tsfresh,CricketZ,0.7846153846153846,0.7837302665010402,0.7902447023136426,0.7846153846153846,63.89295744895935,20260228_044147_run18
tsfresh,DiatomSizeReduction,0.9869281045751634,0.9865944086794629,0.987274838164931,0.9869281045751634,2.4935195446014404,20260228_044203_run18
tsfresh,DistalPhalanxOutlineAgeGroup,0.7913669064748201,0.791246023466439,0.796004444360682,0.7913669064748201,5.309732913970947,20260228_044208_run18
tsfresh,DistalPhalanxOutlineCorrect,0.8478260869565217,0.8481696500564424,0.8488733072846975,0.8478260869565217,7.375790357589722,20260228_044216_run18
tsfresh,DistalPhalanxTW,0.6690647482014388,0.6334044545605528,0.6126086144071756,0.6690647482014388,5.341607093811035,20260228_044221_run18
tsfresh,ECG200,0.92,0.9188591800356507,0.9210294117647058,0.92,2.0556576251983643,20260228_044223_run18
tsfresh,ECG5000,0.9491111111111111,0.9442938047459275,0.9416855095139581,0.9491111111111111,32.53799390792847,20260228_044256_run18
tsfresh,ECGFiveDays,0.9988385598141696,0.9988385504134113,0.99884123594363,0.9988385598141696,4.910827875137329,20260228_044300_run18
tsfresh,EOGHorizontalSignal,0.8646408839779005,0.8610253172633767,0.8667992757573612,0.8646408839779005,59.20572233200073,20260228_044400_run18
tsfresh,EOGVerticalSignal,0.7983425414364641,0.7953974425576775,0.8028666808979601,0.7983425414364641,59.46990251541138,20260228_044459_run18
tsfresh,ERing,0.9740740740740741,0.9741429335032089,0.9747474747474748,0.9740740740740741,3.9351720809936523,20260228_044503_run18
tsfresh,Earthquakes,0.7194244604316546,0.6647410449645258,0.6495024452878643,0.7194244604316546,4.482940912246704,20260228_044508_run18
tsfresh,ElectricDevices,0.9329529243937232,0.9331539361587563,0.9342696144330932,0.9329529243937232,276.93869829177856,20260228_044945_run18
tsfresh,Epilepsy,0.9927536231884058,0.9927478549282573,0.9929443173150269,0.9927536231884058,3.2659382820129395,20260228_044948_run18
tsfresh,EthanolConcentration,0.5361216730038023,0.5407488433098913,0.5727465330680899,0.5361216730038023,5.715069055557251,20260228_044954_run18
tsfresh,EthanolLevel,0.814,0.8112305206166253,0.8098653172199684,0.814,7.68731689453125,20260228_045002_run18
tsfresh,FaceAll,0.9810650887573964,0.9815154116280744,0.9834032818227009,0.9810650887573964,153.25980424880981,20260228_045235_run18
tsfresh,FiftyWords,0.7230769230769231,0.705138845001412,0.7162512592913143,0.7230769230769231,86.6502332687378,20260228_045401_run18
tsfresh,FingerMovements,0.56,0.5589401846647932,0.5596767676767677,0.56,58.28629398345947,20260228_045500_run18
tsfresh,Fish,0.9314285714285714,0.931478486301417,0.9369886485328762,0.9314285714285714,3.0439486503601074,20260228_045503_run18
tsfresh,FordA,1.0,1.0,1.0,1.0,54.54106664657593,20260228_045558_run18
tsfresh,FordB,0.937037037037037,0.937016976548425,0.9380294396961064,0.937037037037037,49.64032173156738,20260228_045647_run18
tsfresh,FreezerRegularTrain,0.9978947368421053,0.9978947358053485,0.9978957176154488,0.9978947368421053,16.758098363876343,20260228_045704_run18
tsfresh,FreezerSmallTrain,0.9663157894736842,0.9663062320170598,0.9668454845165041,0.9663157894736842,15.282399415969849,20260228_045719_run18
tsfresh,Fungi,0.6720430107526881,0.6754558223836803,0.7217026367405874,0.6720430107526881,16.737919807434082,20260228_045736_run18
tsfresh,GunPoint,0.9933333333333333,0.993333629642799,0.9934222222222221,0.9933333333333333,1.985255241394043,20260228_045738_run18
tsfresh,GunPointAgeSpan,1.0,1.0,1.0,1.0,3.4176077842712402,20260228_045741_run18
tsfresh,GunPointMaleVersusFemale,1.0,1.0,1.0,1.0,3.545123815536499,20260228_045745_run18
tsfresh,GunPointOldVersusYoung,1.0,1.0,1.0,1.0,3.4005517959594727,20260228_045748_run18
tsfresh,Ham,0.8476190476190476,0.8474805194805194,0.8479591836734693,0.8476190476190476,2.2096688747406006,20260228_045751_run18
tsfresh,HandMovementDirection,0.3108108108108108,0.3157882012164548,0.3223133848133848,0.3108108108108108,7.844697952270508,20260228_045759_run18
tsfresh,HandOutlines,0.9297297297297298,0.9292234239450297,0.9296732487589631,0.9297297297297298,12.896427631378174,20260228_045811_run18
tsfresh,Handwriting,0.3552941176470588,0.29404347244790746,0.4239867184375886,0.3552941176470588,70.44740438461304,20260228_045922_run18
tsfresh,Haptics,0.4772727272727273,0.44041658132167294,0.47357770656802134,0.4772727272727273,3.388843297958374,20260228_045925_run18
tsfresh,Heartbeat,0.7853658536585366,0.7751880409126671,0.7737680580940175,0.7853658536585366,99.46243834495544,20260228_050105_run18
tsfresh,Herring,0.53125,0.5335960960960962,0.5369543650793651,0.53125,1.6592977046966553,20260228_050107_run18
tsfresh,HouseTwenty,0.957983193277311,0.9577804361490154,0.958847368734728,0.957983193277311,1.7779207229614258,20260228_050109_run18
tsfresh,InlineSkate,0.7618181818181818,0.7609411670267914,0.7760246503767204,0.7618181818181818,4.172637224197388,20260228_050113_run18
tsfresh,InsectEPGRegularTrain,1.0,1.0,1.0,1.0,2.46151065826416,20260228_050115_run18
tsfresh,InsectEPGSmallTrain,1.0,1.0,1.0,1.0,2.2481656074523926,20260228_050117_run18
tsfresh,InsectWingbeatSound,0.6661616161616162,0.6562857991298059,0.6546659273331671,0.6661616161616162,118.13844680786133,20260228_050316_run18
tsfresh,ItalyPowerDemand,0.9650145772594753,0.9650139825120466,0.9650790126124769,0.9650145772594753,4.377786874771118,20260228_050320_run18
tsfresh,LSST,0.7335766423357665,0.7005887945645561,0.7071677911753443,0.7335766423357665,591.2788634300232,20260228_051312_run18
tsfresh,LargeKitchenAppliances,0.9573333333333334,0.9572817696976157,0.9581210325161676,0.9573333333333334,6.029089689254761,20260228_051318_run18
tsfresh,Libras,0.95,0.9486426415058941,0.9606119370825253,0.95,39.59571027755737,20260228_051357_run18
tsfresh,Lightning2,0.8360655737704918,0.8330601092896175,0.8473002407428636,0.8360655737704918,1.6260082721710205,20260228_051359_run18
tsfresh,Lightning7,0.7123287671232876,0.7151894576624209,0.748579046524252,0.7123287671232876,1.884321928024292,20260228_051401_run18
tsfresh,Mallat,0.9744136460554371,0.9744030126375084,0.974761953919108,0.9744136460554371,13.303166389465332,20260228_051414_run18
tsfresh,Meat,0.9833333333333333,0.9833229101521784,0.9841269841269842,0.9833333333333333,1.612321138381958,20260228_051416_run18
tsfresh,MedicalImages,0.8302631578947368,0.8172620458576257,0.8251418739092878,0.8302631578947368,7.970947980880737,20260228_051424_run18
tsfresh,MiddlePhalanxOutlineAgeGroup,0.5844155844155844,0.5734519717570564,0.5900270237396106,0.5844155844155844,5.2268640995025635,20260228_051429_run18
tsfresh,FaceFour,0.9659090909090909,0.9657952437173217,0.969435736677116,0.9659090909090909,1.6601214408874512,20260228_051431_run18
tsfresh,FacesUCR,0.9629268292682926,0.9630116137231479,0.9637294662544558,0.9629268292682926,118.14973306655884,20260228_051629_run18
tsfresh,ACSF1,0.81,0.8120248151961706,0.8274825174825176,0.81,2.0592634677886963,20260228_051631_run19
tsfresh,Adiac,0.8363171355498721,0.8364573766870164,0.8668431822260616,0.8363171355498721,64.26009750366211,20260228_051735_run19
tsfresh,ArrowHead,0.7942857142857143,0.7936978323671776,0.7973312567918597,0.7942857142857143,2.008653163909912,20260228_051737_run19
tsfresh,ArticularyWordRecognition,0.99,0.9899826086956522,0.990769230769231,0.99,102.96823239326477,20260228_051920_run19
tsfresh,AtrialFibrillation,0.2,0.18888888888888886,0.18095238095238095,0.2,1.3716208934783936,20260228_051922_run19
tsfresh,BME,1.0,1.0,1.0,1.0,1.8511409759521484,20260228_051924_run19
tsfresh,BasicMotions,1.0,1.0,1.0,1.0,2.910051107406616,20260228_051927_run19
tsfresh,Beef,0.7333333333333333,0.7314685314685313,0.7371428571428571,0.7333333333333333,1.308973789215088,20260228_051928_run19
tsfresh,BeetleFly,0.8,0.8,0.8,0.8,1.1897413730621338,20260228_051929_run19
tsfresh,BirdChicken,0.9,0.898989898989899,0.9166666666666667,0.9,1.298957347869873,20260228_051930_run19
tsfresh,CBF,1.0,1.0,1.0,1.0,5.033644437789917,20260228_051936_run19
tsfresh,Car,0.8666666666666667,0.8664051572097549,0.8716369047619048,0.8666666666666667,1.6228482723236084,20260228_051937_run19
tsfresh,Chinatown,0.9737609329446064,0.9740448503655619,0.9752930898708744,0.9737609329446064,1.943263053894043,20260228_051939_run19
tsfresh,ChlorineConcentration,0.8442708333333333,0.840765649200891,0.847939302110655,0.8442708333333333,26.889781951904297,20260228_052006_run19
tsfresh,CinCECGTorso,0.9934782608695653,0.9934716954749113,0.9935091800988722,0.9934782608695653,8.425262928009033,20260228_052015_run19
tsfresh,Coffee,1.0,1.0,1.0,1.0,1.3015899658203125,20260228_052016_run19
tsfresh,Computers,0.848,0.8475218284540319,0.8524207660898309,0.848,4.149200201034546,20260228_052020_run19
tsfresh,Cricket,0.9861111111111112,0.9860139860139859,0.988095238095238,0.9861111111111112,43.979228019714355,20260228_052104_run19
tsfresh,CricketX,0.782051282051282,0.7819341707045083,0.7911345697591854,0.782051282051282,64.62508225440979,20260228_052209_run19
tsfresh,CricketY,0.7974358974358975,0.7939109901965199,0.7964605452840747,0.7974358974358975,63.90020942687988,20260228_052313_run19
tsfresh,CricketZ,0.7923076923076923,0.7907979877745573,0.7969223303918967,0.7923076923076923,64.28119564056396,20260228_052417_run19
tsfresh,DiatomSizeReduction,0.9771241830065359,0.9767719947239785,0.977502448703926,0.9771241830065359,2.4867022037506104,20260228_052433_run19
tsfresh,DistalPhalanxOutlineAgeGroup,0.7913669064748201,0.7863932230838705,0.7964445834636639,0.7913669064748201,5.161956310272217,20260228_052438_run19
tsfresh,DistalPhalanxOutlineCorrect,0.8514492753623188,0.8506980886047769,0.8510802469135803,0.8514492753623188,7.496148347854614,20260228_052446_run19
tsfresh,DistalPhalanxTW,0.697841726618705,0.6703009349499054,0.6487709832134293,0.697841726618705,5.204363584518433,20260228_052451_run19
tsfresh,ECG200,0.9,0.8976933514246948,0.9028571428571428,0.9,2.1940693855285645,20260228_052453_run19
tsfresh,ECG5000,0.9464444444444444,0.9387436672735381,0.9405472606952127,0.9464444444444444,32.68611288070679,20260228_052526_run19
tsfresh,ECGFiveDays,0.9953542392566783,0.9953540136247822,0.9953967633824753,0.9953542392566783,4.862047910690308,20260228_052531_run19
tsfresh,EOGHorizontalSignal,0.8176795580110497,0.8177883112302008,0.8246811438118227,0.8176795580110497,59.81873345375061,20260228_052631_run19
tsfresh,EOGVerticalSignal,0.8121546961325967,0.805373562446066,0.8036239370666166,0.8121546961325967,59.905587911605835,20260228_052731_run19
tsfresh,ERing,0.9333333333333333,0.9340908360670082,0.9377326779500692,0.9333333333333333,3.948012590408325,20260228_052735_run19
tsfresh,Earthquakes,0.7482014388489209,0.6917659005842535,0.7001003848084323,0.7482014388489209,4.305901050567627,20260228_052739_run19
tsfresh,ElectricDevices,0.9271171054337959,0.927218298287528,0.9276551401872106,0.9271171054337959,276.8286302089691,20260228_053216_run19
tsfresh,Epilepsy,1.0,1.0,1.0,1.0,3.26766037940979,20260228_053219_run19
tsfresh,EthanolConcentration,0.5475285171102662,0.5392378362629417,0.5522234621021258,0.5475285171102662,5.689555883407593,20260228_053225_run19
tsfresh,EthanolLevel,0.826,0.8263391584373363,0.836645905031034,0.826,7.54449200630188,20260228_053232_run19
tsfresh,FaceAll,0.9857988165680474,0.9864366318032343,0.9880086881209298,0.9857988165680474,152.95738005638123,20260228_053505_run19
tsfresh,FiftyWords,0.756043956043956,0.7507874561397615,0.772835622182193,0.756043956043956,85.89903140068054,20260228_053631_run19
tsfresh,FingerMovements,0.53,0.527024419656316,0.5327339901477832,0.53,58.26227307319641,20260228_053730_run19
tsfresh,Fish,0.96,0.9600915040973281,0.961037037037037,0.96,2.9325032234191895,20260228_053733_run19
tsfresh,FordA,1.0,1.0,1.0,1.0,55.39057779312134,20260228_053828_run19
tsfresh,FordB,0.9592592592592593,0.9592596939271755,0.9594034186366641,0.9592592592592593,49.40148138999939,20260228_053918_run19
tsfresh,FreezerRegularTrain,0.9989473684210526,0.9989473682914581,0.9989476141324046,0.9989473684210526,16.617251873016357,20260228_053934_run19
tsfresh,FreezerSmallTrain,0.9621052631578947,0.9620566620513366,0.9644850736627328,0.9621052631578947,15.278291463851929,20260228_053950_run19
tsfresh,Fungi,0.5913978494623656,0.5839839526633108,0.6573493108272894,0.5913978494623656,16.685399055480957,20260228_054006_run19
tsfresh,GunPoint,0.9533333333333334,0.9532605823051684,0.9553193773483629,0.9533333333333334,1.98002028465271,20260228_054008_run19
tsfresh,GunPointAgeSpan,0.9968354430379747,0.9968352845422689,0.9968550986712791,0.9968354430379747,3.386492967605591,20260228_054012_run19
tsfresh,GunPointMaleVersusFemale,1.0,1.0,1.0,1.0,3.494938611984253,20260228_054015_run19
tsfresh,GunPointOldVersusYoung,1.0,1.0,1.0,1.0,3.4210619926452637,20260228_054019_run19
tsfresh,Ham,0.7904761904761904,0.78878524263704,0.7965062694244991,0.7904761904761904,2.2191882133483887,20260228_054021_run19
tsfresh,HandMovementDirection,0.3108108108108108,0.2973555452003728,0.28872359754712695,0.3108108108108108,7.973882436752319,20260228_054029_run19
tsfresh,HandOutlines,0.9378378378378378,0.9375668520006581,0.937669442427965,0.9378378378378378,12.882880449295044,20260228_054042_run19
tsfresh,Handwriting,0.3247058823529412,0.26614339921635505,0.4271945948758104,0.3247058823529412,70.53126096725464,20260228_054152_run19
tsfresh,Haptics,0.5551948051948052,0.5449710285897912,0.5681429681429682,0.5551948051948052,3.5139050483703613,20260228_054156_run19
tsfresh,Heartbeat,0.7121951219512195,0.7019830137582234,0.6960109912830056,0.7121951219512195,100.0074257850647,20260228_054336_run19
tsfresh,Herring,0.65625,0.6196637426900584,0.6590544871794872,0.65625,1.6601324081420898,20260228_054338_run19
tsfresh,HouseTwenty,0.9747899159663865,0.9746682616894092,0.9758403361344538,0.9747899159663865,1.7791838645935059,20260228_054340_run19
tsfresh,InlineSkate,0.8036363636363636,0.8033376401771454,0.8100000076345727,0.8036363636363636,4.1412012577056885,20260228_054344_run19
tsfresh,InsectEPGRegularTrain,1.0,1.0,1.0,1.0,2.499128818511963,20260228_054346_run19
tsfresh,InsectEPGSmallTrain,1.0,1.0,1.0,1.0,2.2838053703308105,20260228_054348_run19
tsfresh,InsectWingbeatSound,0.657070707070707,0.6490823935203736,0.6554536020848704,0.657070707070707,118.02895998954773,20260228_054547_run19
tsfresh,ItalyPowerDemand,0.9737609329446064,0.9737557772641956,0.974061703968652,0.9737609329446064,4.311251163482666,20260228_054551_run19
tsfresh,LSST,0.7400648824006488,0.7102535123455802,0.7170842780997693,0.7400648824006488,589.3982741832733,20260228_055541_run19
tsfresh,LargeKitchenAppliances,0.952,0.9519752690049585,0.9520916655739138,0.952,6.030606031417847,20260228_055547_run19
tsfresh,Libras,0.9333333333333333,0.9323660742728052,0.9456136020841902,0.9333333333333333,39.21303343772888,20260228_055626_run19
tsfresh,Lightning2,0.819672131147541,0.8184886832797643,0.8213661202185794,0.819672131147541,1.5999391078948975,20260228_055628_run19
tsfresh,Lightning7,0.7534246575342466,0.7485778196809199,0.7483085787880309,0.7534246575342466,1.8696470260620117,20260228_055629_run19
tsfresh,Mallat,0.9752665245202559,0.9752655056035401,0.9752697572500995,0.9752665245202559,13.25923204421997,20260228_055643_run19
tsfresh,Meat,0.9833333333333333,0.9833229101521785,0.9841269841269842,0.9833333333333333,1.595444917678833,20260228_055644_run19
tsfresh,MedicalImages,0.8328947368421052,0.8262837924210433,0.8283635893475654,0.8328947368421052,8.042296409606934,20260228_055652_run19
tsfresh,MiddlePhalanxOutlineAgeGroup,0.5454545454545454,0.545626260675917,0.5779360945177271,0.5454545454545454,5.041484832763672,20260228_055658_run19
tsfresh,FaceFour,0.9659090909090909,0.9658733573540875,0.9682900432900432,0.9659090909090909,1.6582591533660889,20260228_055659_run19
tsfresh,FacesUCR,0.9653658536585366,0.9653523550733621,0.96575987941998,0.9653658536585366,118.4311170578003,20260228_055858_run19
tsfresh,ACSF1,0.79,0.7938284247572173,0.8690338164251208,0.79,2.064595937728882,20260228_055900_run20
tsfresh,Adiac,0.8491048593350383,0.8460517813038875,0.8698970377224516,0.8491048593350383,64.76386952400208,20260228_060005_run20
tsfresh,ArrowHead,0.84,0.8365820433436532,0.8470651117589894,0.84,2.010619878768921,20260228_060007_run20
tsfresh,ArticularyWordRecognition,0.9933333333333333,0.9933217391304349,0.9938461538461539,0.9933333333333333,103.11639642715454,20260228_060150_run20
tsfresh,AtrialFibrillation,0.13333333333333333,0.12222222222222222,0.11428571428571428,0.13333333333333333,1.4919672012329102,20260228_060151_run20
tsfresh,BME,1.0,1.0,1.0,1.0,1.8639328479766846,20260228_060153_run20
tsfresh,BasicMotions,1.0,1.0,1.0,1.0,2.8236887454986572,20260228_060156_run20
tsfresh,Beef,0.7333333333333333,0.7324675324675324,0.7400000000000001,0.7333333333333333,1.4088425636291504,20260228_060157_run20
tsfresh,BeetleFly,0.95,0.949874686716792,0.9545454545454545,0.95,1.1965374946594238,20260228_060159_run20
tsfresh,BirdChicken,1.0,1.0,1.0,1.0,1.199317216873169,20260228_060200_run20
tsfresh,CBF,1.0,1.0,1.0,1.0,5.113251209259033,20260228_060205_run20
tsfresh,Car,0.8833333333333333,0.8843677010343678,0.8862433862433862,0.8833333333333333,1.6031124591827393,20260228_060207_run20
tsfresh,Chinatown,0.9708454810495627,0.9712829919420752,0.9736488001794124,0.9708454810495627,1.9213621616363525,20260228_060208_run20
tsfresh,ChlorineConcentration,0.8549479166666667,0.852461752865572,0.8555944992880079,0.8549479166666667,26.665645837783813,20260228_060235_run20
tsfresh,CinCECGTorso,0.9942028985507246,0.9942025278920642,0.9942774532615,0.9942028985507246,8.479645252227783,20260228_060244_run20
tsfresh,Coffee,1.0,1.0,1.0,1.0,1.2897510528564453,20260228_060245_run20
tsfresh,Computers,0.852,0.85180794309425,0.853834276891405,0.852,4.160239219665527,20260228_060249_run20
tsfresh,Cricket,1.0,1.0,1.0,1.0,42.39508819580078,20260228_060332_run20
tsfresh,CricketX,0.8076923076923077,0.8076055395445698,0.8168466528315234,0.8076923076923077,64.73537158966064,20260228_060436_run20
tsfresh,CricketY,0.7923076923076923,0.7918352121825898,0.7947741811394319,0.7923076923076923,64.2898302078247,20260228_060541_run20
tsfresh,CricketZ,0.823076923076923,0.821069370522394,0.8220311374531014,0.823076923076923,64.5018835067749,20260228_060645_run20
tsfresh,DiatomSizeReduction,0.9673202614379085,0.9656037269019012,0.9681235917709419,0.9673202614379085,2.5824973583221436,20260228_060702_run20
tsfresh,DistalPhalanxOutlineAgeGroup,0.7913669064748201,0.791051949984346,0.7908294054411642,0.7913669064748201,5.057929277420044,20260228_060707_run20
tsfresh,DistalPhalanxOutlineCorrect,0.8369565217391305,0.8370554678965895,0.837176724137931,0.8369565217391305,7.475332021713257,20260228_060714_run20
tsfresh,DistalPhalanxTW,0.7482014388489209,0.7190989279531846,0.7346525525144982,0.7482014388489209,5.284749746322632,20260228_060720_run20
tsfresh,ECG200,0.83,0.8282509127115831,0.8281139755766621,0.83,2.169700860977173,20260228_060722_run20
tsfresh,ECG5000,0.9451111111111111,0.9393681840459954,0.9375490548411641,0.9451111111111111,32.508577823638916,20260228_060754_run20
tsfresh,ECGFiveDays,0.9988385598141696,0.9988385504134113,0.99884123594363,0.9988385598141696,4.807093858718872,20260228_060759_run20
tsfresh,EOGHorizontalSignal,0.8729281767955801,0.8702868871959679,0.8740115012922759,0.8729281767955801,59.79168725013733,20260228_060859_run20
tsfresh,EOGVerticalSignal,0.8093922651933702,0.8043893839568269,0.8026162554126925,0.8093922651933702,59.092546701431274,20260228_060958_run20
tsfresh,ERing,0.9777777777777777,0.9778518582866409,0.9784921369102683,0.9777777777777777,4.0341057777404785,20260228_061002_run20
tsfresh,Earthquakes,0.7338129496402878,0.655959332564822,0.6464903265357639,0.7338129496402878,4.4170660972595215,20260228_061006_run20
tsfresh,ElectricDevices,0.9334716638568279,0.9337297137513476,0.9350010804929545,0.9334716638568279,277.16757893562317,20260228_061444_run20
tsfresh,Epilepsy,1.0,1.0,1.0,1.0,3.2933874130249023,20260228_061447_run20
tsfresh,EthanolConcentration,0.5741444866920152,0.5624601474047703,0.5767735029967713,0.5741444866920152,5.629733085632324,20260228_061453_run20
tsfresh,EthanolLevel,0.798,0.7956127864669857,0.7964590214067279,0.798,7.67282509803772,20260228_061500_run20
tsfresh,FaceAll,0.985207100591716,0.9852819493857423,0.9856766909342796,0.985207100591716,153.34393525123596,20260228_061734_run20
tsfresh,FiftyWords,0.7670329670329671,0.7468402351228287,0.7470038670073862,0.7670329670329671,85.8158450126648,20260228_061900_run20
tsfresh,FingerMovements,0.59,0.5893834586466166,0.5898309178743962,0.59,58.035550117492676,20260228_061958_run20
tsfresh,Fish,0.96,0.9602207689375833,0.962276923076923,0.96,2.924950361251831,20260228_062001_run20
tsfresh,FordA,1.0,1.0,1.0,1.0,54.6781804561615,20260228_062056_run20
tsfresh,FordB,0.9493827160493827,0.9493746126534387,0.9495084144407324,0.9493827160493827,49.665080308914185,20260228_062145_run20
tsfresh,FreezerRegularTrain,0.9989473684210526,0.9989473672547007,0.9989495798319328,0.9989473684210526,16.760818243026733,20260228_062202_run20
tsfresh,FreezerSmallTrain,0.9554385964912281,0.9554194909508157,0.9562206730256954,0.9554385964912281,15.295303106307983,20260228_062217_run20
tsfresh,Fungi,0.5752688172043011,0.5694742661572558,0.7783803412835671,0.5752688172043011,16.634674072265625,20260228_062234_run20
tsfresh,GunPoint,0.9933333333333333,0.9933324440887468,0.9934199134199135,0.9933333333333333,2.100908041000366,20260228_062236_run20
tsfresh,GunPointAgeSpan,0.9968354430379747,0.9968355381201592,0.9968555994517455,0.9968354430379747,3.421463966369629,20260228_062240_run20
tsfresh,GunPointMaleVersusFemale,1.0,1.0,1.0,1.0,3.418433666229248,20260228_062243_run20
tsfresh,GunPointOldVersusYoung,1.0,1.0,1.0,1.0,3.5305674076080322,20260228_062247_run20
tsfresh,Ham,0.7428571428571429,0.741918750896034,0.7443836193283503,0.7428571428571429,2.2400593757629395,20260228_062249_run20
tsfresh,HandMovementDirection,0.3783783783783784,0.368751575001575,0.37042544937281774,0.3783783783783784,8.1242196559906,20260228_062257_run20
tsfresh,HandOutlines,0.9621621621621622,0.9620316410185138,0.9621468617126246,0.9621621621621622,12.986712455749512,20260228_062310_run20
tsfresh,Handwriting,0.32941176470588235,0.27569974147280296,0.47434350592233593,0.32941176470588235,70.7594153881073,20260228_062421_run20
tsfresh,Haptics,0.4448051948051948,0.40047080415744013,0.4593754888338354,0.4448051948051948,3.4983787536621094,20260228_062424_run20
tsfresh,Heartbeat,0.7219512195121951,0.7051369656676046,0.6990835181079084,0.7219512195121951,102.45636510848999,20260228_062607_run20
tsfresh,Herring,0.65625,0.5846354166666667,0.7173132183908046,0.65625,1.6616289615631104,20260228_062609_run20
tsfresh,HouseTwenty,0.9747899159663865,0.9746682616894092,0.9758403361344538,0.9747899159663865,1.7666387557983398,20260228_062610_run20
tsfresh,InlineSkate,0.7581818181818182,0.7568712055527028,0.7633244249876446,0.7581818181818182,4.255070924758911,20260228_062615_run20
tsfresh,InsectEPGRegularTrain,1.0,1.0,1.0,1.0,2.506723642349243,20260228_062617_run20
tsfresh,InsectEPGSmallTrain,1.0,1.0,1.0,1.0,2.268950939178467,20260228_062620_run20
tsfresh,InsectWingbeatSound,0.6606060606060606,0.6596690465013179,0.6675828436792962,0.6606060606060606,117.88157534599304,20260228_062817_run20
tsfresh,ItalyPowerDemand,0.9630709426627794,0.9630685011690643,0.9632480186311828,0.9630709426627794,4.326455354690552,20260228_062822_run20
tsfresh,LSST,0.7327656123276561,0.6984014570739357,0.7428955513732164,0.7327656123276561,589.6469197273254,20260228_063812_run20
tsfresh,LargeKitchenAppliances,0.9413333333333334,0.9411373521394628,0.941365202411714,0.9413333333333334,5.878842353820801,20260228_063818_run20
tsfresh,Libras,0.9444444444444444,0.9444740155174939,0.9485547785547784,0.9444444444444444,40.09365487098694,20260228_063858_run20
tsfresh,Lightning2,0.8032786885245902,0.8013330931363719,0.8065278393147246,0.8032786885245902,1.6293439865112305,20260228_063900_run20
tsfresh,Lightning7,0.6986301369863014,0.7044950709270654,0.7528306369966322,0.6986301369863014,1.9000203609466553,20260228_063901_run20
tsfresh,Mallat,0.9663113006396589,0.965840809673934,0.9720759590898805,0.9663113006396589,13.291717052459717,20260228_063915_run20
tsfresh,Meat,1.0,1.0,1.0,1.0,1.6113502979278564,20260228_063916_run20
tsfresh,MedicalImages,0.8276315789473684,0.8172001617511411,0.8233408242546683,0.8276315789473684,7.900533199310303,20260228_063924_run20
tsfresh,MiddlePhalanxOutlineAgeGroup,0.564935064935065,0.5529945414221159,0.5505365421095758,0.564935064935065,5.254114389419556,20260228_063930_run20
tsfresh,FaceFour,0.8181818181818182,0.8227583423804354,0.8704393432654303,0.8181818181818182,1.6569159030914307,20260228_063931_run20
tsfresh,FacesUCR,0.9521951219512195,0.9522842093887254,0.9540148040225418,0.9521951219512195,118.07718873023987,20260228_064129_run20
tsfresh,ACSF1,0.86,0.857731449836713,0.8720598845598845,0.86,2.188905715942383,20260228_064132_run21
tsfresh,Adiac,0.8414322250639387,0.8344580864797445,0.8660783873699476,0.8414322250639387,64.78212523460388,20260228_064236_run21
tsfresh,ArrowHead,0.8914285714285715,0.890065076416699,0.8973990323402089,0.8914285714285715,2.104182481765747,20260228_064238_run21
tsfresh,ArticularyWordRecognition,0.9833333333333333,0.9833043478260868,0.9846153846153846,0.9833333333333333,102.66590905189514,20260228_064421_run21
tsfresh,AtrialFibrillation,0.4,0.3952861952861953,0.39444444444444443,0.4,1.4678995609283447,20260228_064423_run21
tsfresh,BME,1.0,1.0,1.0,1.0,1.8482716083526611,20260228_064425_run21
tsfresh,BasicMotions,1.0,1.0,1.0,1.0,2.9382779598236084,20260228_064428_run21
tsfresh,Beef,0.7666666666666667,0.7653679653679653,0.8211111111111111,0.7666666666666667,1.3196442127227783,20260228_064429_run21
tsfresh,BeetleFly,0.95,0.949874686716792,0.9545454545454545,0.95,1.2150309085845947,20260228_064430_run21
tsfresh,BirdChicken,1.0,1.0,1.0,1.0,1.3054826259613037,20260228_064431_run21
tsfresh,CBF,0.9966666666666667,0.9966665286895764,0.9966994535519126,0.9966666666666667,5.021425008773804,20260228_064436_run21
tsfresh,Car,0.8,0.7983384315906562,0.8290350877192982,0.8,1.6103010177612305,20260228_064438_run21
tsfresh,Chinatown,0.9766763848396501,0.9769619801273279,0.9785056879894815,0.9766763848396501,2.033315420150757,20260228_064440_run21
tsfresh,ChlorineConcentration,0.8692708333333333,0.8660487376768053,0.86988952773587,0.8692708333333333,26.69845676422119,20260228_064507_run21
tsfresh,CinCECGTorso,0.9934782608695653,0.9934703727863186,0.99355271485163,0.9934782608695653,8.46295166015625,20260228_064515_run21
tsfresh,Coffee,1.0,1.0,1.0,1.0,1.3927700519561768,20260228_064517_run21
tsfresh,Computers,0.832,0.8318277916586585,0.8333654649444122,0.832,4.0298285484313965,20260228_064521_run21
tsfresh,Cricket,0.9861111111111112,0.9860139860139859,0.988095238095238,0.9861111111111112,42.641998529434204,20260228_064603_run21
tsfresh,CricketX,0.7871794871794872,0.7847574430331338,0.7907332492810969,0.7871794871794872,64.08532691001892,20260228_064708_run21
tsfresh,CricketY,0.8025641025641026,0.8009402293740119,0.8029534928930089,0.8025641025641026,63.755356311798096,20260228_064811_run21
tsfresh,CricketZ,0.7897435897435897,0.7883978530444329,0.7901457413425451,0.7897435897435897,64.12302589416504,20260228_064915_run21
tsfresh,DiatomSizeReduction,0.9934640522875817,0.993464651457731,0.9935011883541295,0.9934640522875817,2.4785399436950684,20260228_064931_run21
tsfresh,DistalPhalanxOutlineAgeGroup,0.7913669064748201,0.7856160107929941,0.8005966918065087,0.7913669064748201,5.252681016921997,20260228_064937_run21
tsfresh,DistalPhalanxOutlineCorrect,0.7971014492753623,0.7962398373983739,0.7961508176307935,0.7971014492753623,7.3840460777282715,20260228_064944_run21
tsfresh,DistalPhalanxTW,0.6834532374100719,0.6655225212719094,0.6490407673860912,0.6834532374100719,5.311927318572998,20260228_064949_run21
tsfresh,ECG200,0.87,0.8686624626617988,0.8690366350067842,0.87,2.0823347568511963,20260228_064951_run21
tsfresh,ECG5000,0.9415555555555556,0.9215455041925082,0.9306176927743147,0.9415555555555556,32.51795506477356,20260228_065024_run21
tsfresh,ECGFiveDays,1.0,1.0,1.0,1.0,4.927577495574951,20260228_065029_run21
tsfresh,EOGHorizontalSignal,0.8453038674033149,0.8396717036440725,0.8412622934554644,0.8453038674033149,59.87574768066406,20260228_065129_run21
tsfresh,EOGVerticalSignal,0.7624309392265194,0.7583927777352297,0.7615129818168493,0.7624309392265194,59.69408321380615,20260228_065229_run21
tsfresh,ERing,0.9592592592592593,0.9597281277806082,0.9618445322793148,0.9592592592592593,3.945435047149658,20260228_065233_run21
tsfresh,Earthquakes,0.7266187050359713,0.6694422572886218,0.6585595160235449,0.7266187050359713,4.3224968910217285,20260228_065237_run21
tsfresh,ElectricDevices,0.9286733238231099,0.9290337537381134,0.9307003449457495,0.9286733238231099,276.9797887802124,20260228_065714_run21
tsfresh,Epilepsy,1.0,1.0,1.0,1.0,3.288694381713867,20260228_065717_run21
tsfresh,EthanolConcentration,0.5171102661596958,0.5119957187727271,0.5264446082615555,0.5171102661596958,5.739410400390625,20260228_065723_run21
tsfresh,EthanolLevel,0.82,0.8202268819875776,0.820952337524157,0.82,7.7946617603302,20260228_065731_run21
tsfresh,FaceAll,0.9828402366863905,0.9828439592754709,0.9835989031060868,0.9828402366863905,153.26526260375977,20260228_070004_run21
tsfresh,FiftyWords,0.7362637362637363,0.7274852512205012,0.7617328605164353,0.7362637362637363,86.3246808052063,20260228_070131_run21
tsfresh,FingerMovements,0.57,0.5698709870987099,0.5707692307692308,0.57,57.134398221969604,20260228_070228_run21
tsfresh,Fish,0.9542857142857143,0.9548383099380404,0.956734693877551,0.9542857142857143,2.909825325012207,20260228_070231_run21
tsfresh,FordA,1.0,1.0,1.0,1.0,54.34943127632141,20260228_070325_run21
tsfresh,FordB,0.9493827160493827,0.9493709070915511,0.949593741448378,0.9493827160493827,49.67059779167175,20260228_070415_run21
tsfresh,FreezerRegularTrain,0.9975438596491228,0.9975438593467356,0.9975441046693037,0.9975438596491228,16.769007921218872,20260228_070432_run21
tsfresh,FreezerSmallTrain,0.9649122807017544,0.9649083924349882,0.9651184273731663,0.9649122807017544,15.275329113006592,20260228_070447_run21
tsfresh,Fungi,0.6075268817204301,0.5802172853044262,0.7604092709780315,0.6075268817204301,16.69625997543335,20260228_070504_run21
tsfresh,GunPoint,0.9933333333333333,0.993333629642799,0.9934222222222221,0.9933333333333333,1.9826886653900146,20260228_070506_run21
tsfresh,GunPointAgeSpan,0.9841772151898734,0.9841764229018152,0.9846686060224861,0.9841772151898734,3.4125497341156006,20260228_070509_run21
tsfresh,GunPointMaleVersusFemale,0.9968354430379747,0.9968349027237305,0.9968543924808612,0.9968354430379747,3.5431201457977295,20260228_070513_run21
tsfresh,GunPointOldVersusYoung,1.0,1.0,1.0,1.0,3.390821933746338,20260228_070516_run21
tsfresh,Ham,0.8476190476190476,0.8475637569977194,0.849974025974026,0.8476190476190476,2.203376054763794,20260228_070518_run21
tsfresh,HandMovementDirection,0.3918918918918919,0.39451920966366444,0.4972189972189972,0.3918918918918919,7.97598934173584,20260228_070526_run21
tsfresh,HandOutlines,0.9243243243243243,0.9229623407829545,0.9265970830165203,0.9243243243243243,12.986904859542847,20260228_070539_run21
tsfresh,Handwriting,0.3458823529411765,0.30711754620552684,0.4289215425556792,0.3458823529411765,70.39694547653198,20260228_070650_run21
tsfresh,Haptics,0.5032467532467533,0.4978141026779539,0.5182497962463716,0.5032467532467533,3.3878040313720703,20260228_070653_run21
tsfresh,Heartbeat,0.8048780487804879,0.7956254917387883,0.7956135375307242,0.8048780487804879,99.3644540309906,20260228_070833_run21
tsfresh,Herring,0.65625,0.6097524154589372,0.669212962962963,0.65625,1.6599256992340088,20260228_070834_run21
tsfresh,HouseTwenty,0.9915966386554622,0.991584425355056,0.99171668667467,0.9915966386554622,1.7729175090789795,20260228_070836_run21
tsfresh,InlineSkate,0.8,0.798795306632476,0.8020319355545154,0.8,4.172477722167969,20260228_070840_run21
tsfresh,InsectEPGRegularTrain,1.0,1.0,1.0,1.0,2.4773287773132324,20260228_070843_run21
tsfresh,InsectEPGSmallTrain,1.0,1.0,1.0,1.0,2.2568612098693848,20260228_070845_run21
tsfresh,InsectWingbeatSound,0.6691919191919192,0.6652032531401939,0.667183957627771,0.6691919191919192,117.97610592842102,20260228_071043_run21
tsfresh,ItalyPowerDemand,0.9475218658892128,0.9474758359190287,0.9492687054566853,0.9475218658892128,4.332241058349609,20260228_071048_run21
tsfresh,LSST,0.7242497972424979,0.6894698185994377,0.7104851800132685,0.7242497972424979,590.3489825725555,20260228_072038_run21
tsfresh,LargeKitchenAppliances,0.9146666666666666,0.9150637109368663,0.9161985710766198,0.9146666666666666,6.09190821647644,20260228_072044_run21
tsfresh,Libras,0.9111111111111111,0.9074351195037694,0.9256166056166055,0.9111111111111111,39.71755003929138,20260228_072124_run21
tsfresh,Lightning2,0.8688524590163934,0.866448087431694,0.882035996790095,0.8688524590163934,1.6020996570587158,20260228_072126_run21
tsfresh,Lightning7,0.821917808219178,0.8251612010516121,0.8439505699779672,0.821917808219178,1.7725751399993896,20260228_072128_run21
tsfresh,Mallat,0.9688699360341151,0.9688561936540061,0.9691308796787346,0.9688699360341151,13.36289358139038,20260228_072141_run21
tsfresh,Meat,1.0,1.0,1.0,1.0,1.596998691558838,20260228_072143_run21
tsfresh,MedicalImages,0.8342105263157895,0.8355720984120364,0.851263400703591,0.8342105263157895,7.693713426589966,20260228_072150_run21
tsfresh,MiddlePhalanxOutlineAgeGroup,0.551948051948052,0.5400427656968354,0.5413556543124649,0.551948051948052,5.261268615722656,20260228_072156_run21
tsfresh,FaceFour,0.8636363636363636,0.8618920439008626,0.8734208022251501,0.8636363636363636,1.5597553253173828,20260228_072157_run21
tsfresh,FacesUCR,0.9507317073170731,0.9508388729311936,0.9528439630008542,0.9507317073170731,118.52691650390625,20260228_072356_run21
tsfresh,ACSF1,0.94,0.9385001273236568,0.9442424242424242,0.94,2.0702738761901855,20260228_072358_run22
tsfresh,Adiac,0.8746803069053708,0.8717151299540413,0.8982169841091159,0.8746803069053708,64.5519745349884,20260228_072502_run22
tsfresh,ArrowHead,0.8,0.7893489359261171,0.8165126728110599,0.8,2.0165181159973145,20260228_072504_run22
tsfresh,ArticularyWordRecognition,0.9966666666666667,0.9966608695652174,0.996923076923077,0.9966666666666667,103.33195567131042,20260228_072648_run22
tsfresh,AtrialFibrillation,0.3333333333333333,0.2717948717948718,0.23333333333333334,0.3333333333333333,1.4898262023925781,20260228_072649_run22
tsfresh,BME,1.0,1.0,1.0,1.0,1.8609321117401123,20260228_072651_run22
tsfresh,BasicMotions,1.0,1.0,1.0,1.0,2.865741491317749,20260228_072654_run22
tsfresh,Beef,0.8666666666666667,0.8608058608058609,0.8964285714285715,0.8666666666666667,1.315751552581787,20260228_072655_run22
tsfresh,BeetleFly,0.8,0.7979797979797979,0.8125,0.8,1.2969880104064941,20260228_072657_run22
tsfresh,BirdChicken,0.9,0.898989898989899,0.9166666666666667,0.9,1.204333782196045,20260228_072658_run22
tsfresh,CBF,0.9988888888888889,0.9988888796908224,0.9988925559222589,0.9988888888888889,5.026406526565552,20260228_072703_run22
tsfresh,Car,0.9166666666666666,0.9171744815422975,0.922483660130719,0.9166666666666666,1.6080443859100342,20260228_072705_run22
tsfresh,Chinatown,0.9708454810495627,0.9712829919420752,0.9736488001794124,0.9708454810495627,2.0453293323516846,20260228_072707_run22
tsfresh,ChlorineConcentration,0.8440104166666667,0.8412689810023444,0.8439108386914401,0.8440104166666667,26.765732526779175,20260228_072733_run22
tsfresh,CinCECGTorso,0.9971014492753624,0.9971014122107602,0.9971097890952221,0.9971014492753624,8.478290557861328,20260228_072742_run22
tsfresh,Coffee,1.0,1.0,1.0,1.0,1.409353494644165,20260228_072743_run22
tsfresh,Computers,0.888,0.888,0.888,0.888,4.068087816238403,20260228_072747_run22
tsfresh,Cricket,1.0,1.0,1.0,1.0,44.149534463882446,20260228_072832_run22
tsfresh,CricketX,0.8128205128205128,0.810724486813062,0.8224623130832178,0.8128205128205128,64.08924102783203,20260228_072936_run22
tsfresh,CricketY,0.8102564102564103,0.8103228713169952,0.814084807564409,0.8102564102564103,64.64250230789185,20260228_073040_run22
tsfresh,CricketZ,0.8512820512820513,0.8513142357455395,0.8558848520386982,0.8512820512820513,64.00038194656372,20260228_073144_run22
tsfresh,DiatomSizeReduction,0.9640522875816994,0.9620354509245144,0.9656823085221143,0.9640522875816994,2.475475311279297,20260228_073201_run22
tsfresh,DistalPhalanxOutlineAgeGroup,0.7985611510791367,0.7940600143059385,0.8044215083859964,0.7985611510791367,5.530033349990845,20260228_073206_run22
tsfresh,DistalPhalanxOutlineCorrect,0.8369565217391305,0.8348975226002346,0.8380681818181819,0.8369565217391305,7.4620280265808105,20260228_073214_run22
tsfresh,DistalPhalanxTW,0.7050359712230215,0.674763747015303,0.6574803793328973,0.7050359712230215,5.3526952266693115,20260228_073219_run22
tsfresh,ECG200,0.87,0.87104,0.8736948297604036,0.87,2.0905191898345947,20260228_073221_run22
tsfresh,ECG5000,0.9475555555555556,0.9418762527118738,0.9379640050191814,0.9475555555555556,32.61102294921875,20260228_073254_run22
tsfresh,ECGFiveDays,0.9941927990708479,0.9941927990708479,0.9942598568182976,0.9941927990708479,4.946744680404663,20260228_073259_run22
tsfresh,EOGHorizontalSignal,0.8011049723756906,0.8010381383781662,0.8095887031597472,0.8011049723756906,59.83927130699158,20260228_073359_run22
tsfresh,EOGVerticalSignal,0.7541436464088398,0.7453528738238556,0.7552216546551366,0.7541436464088398,59.143046140670776,20260228_073458_run22
tsfresh,ERing,0.9777777777777777,0.9777741179915093,0.9780929866036249,0.9777777777777777,4.082926988601685,20260228_073502_run22
tsfresh,Earthquakes,0.7553956834532374,0.6883713368288421,0.7163723566601264,0.7553956834532374,4.389497756958008,20260228_073506_run22
tsfresh,ElectricDevices,0.9324341849306186,0.9324492168093523,0.9331061880385831,0.9324341849306186,277.0070948600769,20260228_073944_run22
tsfresh,Epilepsy,1.0,1.0,1.0,1.0,3.237332582473755,20260228_073947_run22
tsfresh,EthanolConcentration,0.596958174904943,0.5871870194388716,0.5965823388073491,0.596958174904943,5.614030122756958,20260228_073953_run22
tsfresh,EthanolLevel,0.838,0.8379763651144778,0.8390926151031307,0.838,7.700086355209351,20260228_074000_run22
tsfresh,FaceAll,0.9769230769230769,0.9774286814586564,0.9787993058160708,0.9769230769230769,153.22185063362122,20260228_074234_run22
tsfresh,FiftyWords,0.7406593406593407,0.7243316145560121,0.7262121379738238,0.7406593406593407,86.30232739448547,20260228_074400_run22
tsfresh,FingerMovements,0.51,0.5092631578947369,0.5094444444444445,0.51,58.11266303062439,20260228_074458_run22
tsfresh,Fish,0.96,0.9601429870649558,0.9611164835164836,0.96,2.9106554985046387,20260228_074501_run22
tsfresh,FordA,1.0,1.0,1.0,1.0,55.17080569267273,20260228_074556_run22
tsfresh,FordB,0.9543209876543209,0.954318689703613,0.954342580696844,0.9543209876543209,49.313363552093506,20260228_074646_run22
tsfresh,FreezerRegularTrain,0.9975438596491228,0.9975438593467356,0.9975441046693037,0.9975438596491228,16.694478273391724,20260228_074702_run22
tsfresh,FreezerSmallTrain,0.9736842105263158,0.97367134522243,0.9746118729572261,0.9736842105263158,15.422285556793213,20260228_074718_run22
tsfresh,Fungi,0.8118279569892473,0.8051205201093966,0.8649979456905453,0.8118279569892473,16.54805636405945,20260228_074734_run22
tsfresh,GunPoint,0.9866666666666667,0.9866666666666667,0.9866666666666667,0.9866666666666667,1.976006269454956,20260228_074736_run22
tsfresh,GunPointAgeSpan,0.990506329113924,0.9905058536268064,0.990525223884004,0.990506329113924,3.5196151733398438,20260228_074740_run22
tsfresh,GunPointMaleVersusFemale,1.0,1.0,1.0,1.0,3.407043218612671,20260228_074743_run22
tsfresh,GunPointOldVersusYoung,1.0,1.0,1.0,1.0,3.477417230606079,20260228_074747_run22
tsfresh,Ham,0.8380952380952381,0.8381246192334115,0.8383060335890524,0.8380952380952381,2.1935737133026123,20260228_074749_run22
tsfresh,HandMovementDirection,0.2972972972972973,0.3084545891831765,0.34948581823581826,0.2972972972972973,7.817323207855225,20260228_074757_run22
tsfresh,HandOutlines,0.9540540540540541,0.9538537601743994,0.9540348587223588,0.9540540540540541,13.103617429733276,20260228_074810_run22
tsfresh,Handwriting,0.37176470588235294,0.319136471970625,0.38929586932533017,0.37176470588235294,70.43501949310303,20260228_074920_run22
tsfresh,Haptics,0.5324675324675324,0.5144582461375301,0.5594714859957175,0.5324675324675324,3.399383783340454,20260228_074924_run22
tsfresh,Heartbeat,0.7317073170731707,0.7154830370476888,0.7104101995565412,0.7317073170731707,100.44093489646912,20260228_075105_run22
tsfresh,Herring,0.609375,0.5359848484848485,0.5967261904761905,0.609375,1.6751821041107178,20260228_075106_run22
tsfresh,HouseTwenty,0.9663865546218487,0.966159703317947,0.968228387245309,0.9663865546218487,1.7869243621826172,20260228_075108_run22
tsfresh,InlineSkate,0.7654545454545455,0.7653826722891027,0.780220604876217,0.7654545454545455,4.182470321655273,20260228_075112_run22
tsfresh,InsectEPGRegularTrain,1.0,1.0,1.0,1.0,2.4798038005828857,20260228_075115_run22
tsfresh,InsectEPGSmallTrain,1.0,1.0,1.0,1.0,2.244009017944336,20260228_075117_run22
tsfresh,InsectWingbeatSound,0.6530303030303031,0.6540671576094507,0.6577606921290234,0.6530303030303031,117.89445734024048,20260228_075315_run22
tsfresh,ItalyPowerDemand,0.9514091350826045,0.9513411290454916,0.9541640474324579,0.9514091350826045,4.319974660873413,20260228_075319_run22
tsfresh,LSST,0.7295214922952149,0.7025770292299229,0.7174723849116155,0.7295214922952149,589.1157894134521,20260228_080309_run22
tsfresh,LargeKitchenAppliances,0.9386666666666666,0.9385656397608589,0.9386053519266376,0.9386666666666666,6.156823635101318,20260228_080315_run22
tsfresh,Libras,0.9222222222222223,0.9224388365257931,0.9276057276057275,0.9222222222222223,39.34134244918823,20260228_080354_run22
tsfresh,Lightning2,0.8360655737704918,0.8330601092896175,0.8473002407428636,0.8360655737704918,1.6155688762664795,20260228_080356_run22
tsfresh,Lightning7,0.8356164383561644,0.8287840407052971,0.8695751439348819,0.8356164383561644,1.869386911392212,20260228_080358_run22
tsfresh,Mallat,0.9697228144989339,0.9696508421368876,0.9709556109063772,0.9697228144989339,13.293519735336304,20260228_080411_run22
tsfresh,Meat,0.9833333333333333,0.9833229101521785,0.9841269841269842,0.9833333333333333,1.6089298725128174,20260228_080413_run22
tsfresh,MedicalImages,0.8592105263157894,0.8525383614518081,0.8574615977186979,0.8592105263157894,7.946870803833008,20260228_080421_run22
tsfresh,MiddlePhalanxOutlineAgeGroup,0.6103896103896104,0.5812348307430275,0.606567574302128,0.6103896103896104,5.130903720855713,20260228_080426_run22
tsfresh,FaceFour,0.8522727272727273,0.851819698065313,0.8556389986824772,0.8522727272727273,1.6591649055480957,20260228_080428_run22
tsfresh,FacesUCR,0.9546341463414634,0.9545465626445915,0.955643147910588,0.9546341463414634,118.3156189918518,20260228_080626_run22
tsfresh,ACSF1,0.86,0.860647755753019,0.8841161616161615,0.86,2.0967600345611572,20260228_080628_run23
tsfresh,Adiac,0.8158567774936062,0.8168677299326486,0.8287886239932276,0.8158567774936062,64.70194840431213,20260228_080733_run23
tsfresh,ArrowHead,0.8571428571428571,0.855924850332658,0.8672183019549283,0.8571428571428571,2.0093753337860107,20260228_080735_run23
tsfresh,ArticularyWordRecognition,0.9866666666666667,0.9866434782608697,0.9876923076923078,0.9866666666666667,103.52994728088379,20260228_080918_run23
tsfresh,AtrialFibrillation,0.3333333333333333,0.3148148148148148,0.3095238095238095,0.3333333333333333,1.5071792602539062,20260228_080920_run23
tsfresh,BME,1.0,1.0,1.0,1.0,1.8661644458770752,20260228_080922_run23
tsfresh,BasicMotions,1.0,1.0,1.0,1.0,3.00943660736084,20260228_080925_run23
tsfresh,Beef,0.8666666666666667,0.8687645687645688,0.8809523809523809,0.8666666666666667,1.3230738639831543,20260228_080926_run23
tsfresh,BeetleFly,0.9,0.898989898989899,0.9166666666666667,0.9,1.212308406829834,20260228_080927_run23
tsfresh,BirdChicken,0.9,0.898989898989899,0.9166666666666667,0.9,1.2093138694763184,20260228_080929_run23
tsfresh,CBF,0.9988888888888889,0.9988888796908224,0.9988925559222589,0.9988888888888889,5.142932415008545,20260228_080934_run23
tsfresh,Car,0.9333333333333333,0.9329530733208894,0.9347222222222222,0.9333333333333333,1.622359037399292,20260228_080935_run23
tsfresh,Chinatown,0.9766763848396501,0.9766763848396501,0.9766763848396501,0.9766763848396501,1.9461123943328857,20260228_080937_run23
tsfresh,ChlorineConcentration,0.8455729166666667,0.8414087416674912,0.84531187248025,0.8455729166666667,26.688892364501953,20260228_081004_run23
tsfresh,CinCECGTorso,0.9942028985507246,0.9942028380086706,0.994219484960173,0.9942028985507246,8.428201675415039,20260228_081012_run23
tsfresh,Coffee,1.0,1.0,1.0,1.0,1.3051214218139648,20260228_081014_run23
tsfresh,Computers,0.88,0.8797228815190199,0.8835346553840191,0.88,4.152568817138672,20260228_081018_run23
tsfresh,Cricket,1.0,1.0,1.0,1.0,42.57568645477295,20260228_081101_run23
tsfresh,CricketX,0.8,0.7962441623823919,0.7968329023848215,0.8,64.52757477760315,20260228_081205_run23
tsfresh,CricketY,0.8,0.7970864143952494,0.8059892713899965,0.8,63.60052537918091,20260228_081309_run23
tsfresh,CricketZ,0.8102564102564103,0.8118547342556662,0.8165763178838161,0.8102564102564103,65.2987859249115,20260228_081414_run23
tsfresh,DiatomSizeReduction,0.9869281045751634,0.9865787060995789,0.9872140425219413,0.9869281045751634,2.5917179584503174,20260228_081430_run23
tsfresh,DistalPhalanxOutlineAgeGroup,0.8273381294964028,0.8262417560060357,0.8266935858427882,0.8273381294964028,5.326789379119873,20260228_081435_run23
tsfresh,DistalPhalanxOutlineCorrect,0.8442028985507246,0.8425590939312653,0.844855758395312,0.8442028985507246,7.485535621643066,20260228_081443_run23
tsfresh,DistalPhalanxTW,0.6906474820143885,0.672329503351417,0.6680127067177427,0.6906474820143885,5.256268739700317,20260228_081448_run23
tsfresh,ECG200,0.89,0.887963191560992,0.8909583917718561,0.89,2.195047616958618,20260228_081450_run23
tsfresh,ECG5000,0.9422222222222222,0.936381578631375,0.9329264435191865,0.9422222222222222,32.57995557785034,20260228_081523_run23
tsfresh,ECGFiveDays,1.0,1.0,1.0,1.0,4.83079719543457,20260228_081528_run23
tsfresh,EOGHorizontalSignal,0.8453038674033149,0.8450525995074365,0.8488481058684677,0.8453038674033149,59.793113708496094,20260228_081628_run23
tsfresh,EOGVerticalSignal,0.7983425414364641,0.7984175341274705,0.8126325356100763,0.7983425414364641,59.408432722091675,20260228_081727_run23
tsfresh,ERing,0.9740740740740741,0.9742687232357403,0.974915824915825,0.9740740740740741,3.9247887134552,20260228_081731_run23
tsfresh,Earthquakes,0.7697841726618705,0.6881989145525685,0.8239526026237833,0.7697841726618705,4.375020742416382,20260228_081735_run23
tsfresh,ElectricDevices,0.9350278822461419,0.9352532042225465,0.936095364822395,0.9350278822461419,276.99151134490967,20260228_082213_run23
tsfresh,Epilepsy,1.0,1.0,1.0,1.0,3.236246109008789,20260228_082216_run23
tsfresh,EthanolConcentration,0.5437262357414449,0.5422561245218163,0.5636367702974726,0.5437262357414449,5.655709981918335,20260228_082222_run23
tsfresh,EthanolLevel,0.84,0.8369362943143812,0.836807919074886,0.84,7.733155965805054,20260228_082229_run23
tsfresh,FaceAll,0.9840236686390532,0.9840253260769852,0.984202922838771,0.9840236686390532,152.9775516986847,20260228_082502_run23
tsfresh,FiftyWords,0.7604395604395604,0.7605104398786723,0.7883204203105035,0.7604395604395604,86.42189693450928,20260228_082629_run23
tsfresh,FingerMovements,0.57,0.5698708837954158,0.5698557692307692,0.57,58.12873983383179,20260228_082727_run23
tsfresh,Fish,0.9542857142857143,0.9544532002118101,0.9567703703703704,0.9542857142857143,3.0051229000091553,20260228_082730_run23
tsfresh,FordA,1.0,1.0,1.0,1.0,54.46240735054016,20260228_082825_run23
tsfresh,FordB,0.9407407407407408,0.9407244750239919,0.9409952970384885,0.9407407407407408,49.74008917808533,20260228_082914_run23
tsfresh,FreezerRegularTrain,0.9985964912280701,0.9985964912280701,0.9985964912280701,0.9985964912280701,16.655627250671387,20260228_082931_run23
tsfresh,FreezerSmallTrain,0.8821052631578947,0.8810692441289738,0.895900185165437,0.8821052631578947,15.411921739578247,20260228_082946_run23
tsfresh,Fungi,0.6774193548387096,0.6724249410857365,0.7015356059710899,0.6774193548387096,16.635439157485962,20260228_083003_run23
tsfresh,GunPoint,0.98,0.9799973322662398,0.980081835972247,0.98,1.983027458190918,20260228_083005_run23
tsfresh,GunPointAgeSpan,0.9620253164556962,0.9620024759146495,0.9626750038127193,0.9620253164556962,3.5065550804138184,20260228_083009_run23
tsfresh,GunPointMaleVersusFemale,1.0,1.0,1.0,1.0,3.3933539390563965,20260228_083012_run23
tsfresh,GunPointOldVersusYoung,1.0,1.0,1.0,1.0,3.3820409774780273,20260228_083015_run23
tsfresh,Ham,0.8285714285714286,0.8285714285714286,0.8285714285714286,0.8285714285714286,2.3049228191375732,20260228_083018_run23
tsfresh,HandMovementDirection,0.4864864864864865,0.4961593172119488,0.52340383862123,0.4864864864864865,7.952434539794922,20260228_083026_run23
tsfresh,HandOutlines,0.9486486486486486,0.9481234053944788,0.9494720725484872,0.9486486486486486,12.826689720153809,20260228_083039_run23
tsfresh,Handwriting,0.36,0.31936032843023904,0.49536279289946045,0.36,70.48423981666565,20260228_083149_run23
tsfresh,Haptics,0.538961038961039,0.500829677580796,0.5463171922343172,0.538961038961039,3.401089668273926,20260228_083153_run23
tsfresh,Heartbeat,0.7414634146341463,0.7302633933769886,0.7256366115326879,0.7414634146341463,100.13565587997437,20260228_083333_run23
tsfresh,Herring,0.65625,0.5687925170068027,0.7822916666666666,0.65625,1.6444880962371826,20260228_083335_run23
tsfresh,HouseTwenty,0.9663865546218487,0.9662836563196706,0.9667465577780407,0.9663865546218487,1.7737619876861572,20260228_083336_run23
tsfresh,InlineSkate,0.8,0.8012222069823355,0.8187137190678294,0.8,4.283493995666504,20260228_083341_run23
tsfresh,InsectEPGRegularTrain,1.0,1.0,1.0,1.0,2.468263864517212,20260228_083343_run23
tsfresh,InsectEPGSmallTrain,1.0,1.0,1.0,1.0,2.2349741458892822,20260228_083345_run23
tsfresh,InsectWingbeatSound,0.6404040404040404,0.6386766143633231,0.6460461963799654,0.6404040404040404,117.77048873901367,20260228_083543_run23
tsfresh,ItalyPowerDemand,0.9689018464528668,0.9689017289727809,0.9689308940625159,0.9689018464528668,4.324822664260864,20260228_083548_run23
tsfresh,LSST,0.7368207623682076,0.7027197493081612,0.7159093845951777,0.7368207623682076,589.9400384426117,20260228_084538_run23
tsfresh,LargeKitchenAppliances,0.9226666666666666,0.9226883652181939,0.9234578242018131,0.9226666666666666,5.892136573791504,20260228_084544_run23
tsfresh,Libras,0.9444444444444444,0.9447822033039425,0.9481684981684981,0.9444444444444444,39.69357085227966,20260228_084624_run23
tsfresh,Lightning2,0.9016393442622951,0.9006665465681859,0.9077684241618669,0.9016393442622951,1.6117501258850098,20260228_084625_run23
tsfresh,Lightning7,0.7397260273972602,0.7388699180335806,0.7785388127853882,0.7397260273972602,1.7809679508209229,20260228_084627_run23
tsfresh,Mallat,0.9714285714285714,0.9714290758008485,0.9714412333193516,0.9714285714285714,13.324376106262207,20260228_084640_run23
tsfresh,Meat,1.0,1.0,1.0,1.0,1.724944829940796,20260228_084642_run23
tsfresh,MedicalImages,0.8578947368421053,0.8541210558661757,0.8549805291741382,0.8578947368421053,7.850697040557861,20260228_084650_run23
tsfresh,MiddlePhalanxOutlineAgeGroup,0.5909090909090909,0.5824713811256758,0.6032387220622515,0.5909090909090909,5.227321147918701,20260228_084655_run23
tsfresh,FaceFour,0.9204545454545454,0.9222848230201172,0.9326262626262628,0.9204545454545454,1.5716698169708252,20260228_084657_run23
tsfresh,FacesUCR,0.948780487804878,0.948668965725813,0.9510524202206372,0.948780487804878,118.16778993606567,20260228_084855_run23
tsfresh,ACSF1,0.93,0.9284500020103735,0.936060606060606,0.93,2.1648240089416504,20260228_084857_run24
tsfresh,Adiac,0.8567774936061381,0.8517641540157443,0.8780542915453402,0.8567774936061381,64.07018041610718,20260228_085001_run24
tsfresh,ArrowHead,0.7771428571428571,0.7799962521181819,0.7960968741927149,0.7771428571428571,2.1308984756469727,20260228_085003_run24
tsfresh,ArticularyWordRecognition,0.9933333333333333,0.9933217391304346,0.9938461538461539,0.9933333333333333,103.51862454414368,20260228_085147_run24
tsfresh,AtrialFibrillation,0.3333333333333333,0.3277777777777777,0.33968253968253964,0.3333333333333333,1.4825043678283691,20260228_085148_run24
tsfresh,BME,1.0,1.0,1.0,1.0,1.8623273372650146,20260228_085150_run24
tsfresh,BasicMotions,1.0,1.0,1.0,1.0,2.957512378692627,20260228_085153_run24
tsfresh,Beef,0.8666666666666667,0.8664335664335664,0.8714285714285714,0.8666666666666667,1.3142776489257812,20260228_085155_run24
tsfresh,BeetleFly,0.85,0.846547314578005,0.8846153846153847,0.85,1.201425552368164,20260228_085156_run24
tsfresh,BirdChicken,1.0,1.0,1.0,1.0,1.3050808906555176,20260228_085157_run24
tsfresh,CBF,0.9711111111111111,0.9710529530692132,0.97340108401084,0.9711111111111111,5.03917384147644,20260228_085202_run24
tsfresh,Car,0.9166666666666666,0.9152873563218391,0.9149999999999999,0.9166666666666666,1.623676061630249,20260228_085204_run24
tsfresh,Chinatown,0.9795918367346939,0.979812661395437,0.9810062638916954,0.9795918367346939,2.0407416820526123,20260228_085206_run24
tsfresh,ChlorineConcentration,0.8575520833333333,0.8519000232313617,0.8626173662987029,0.8575520833333333,26.654344081878662,20260228_085233_run24
tsfresh,CinCECGTorso,0.9971014492753624,0.9971014492753624,0.9971014492753624,0.9971014492753624,8.476333379745483,20260228_085241_run24
tsfresh,Coffee,1.0,1.0,1.0,1.0,1.4147753715515137,20260228_085243_run24
tsfresh,Computers,0.884,0.883953581432573,0.8846153846153847,0.884,4.092057466506958,20260228_085247_run24
tsfresh,Cricket,1.0,1.0,1.0,1.0,43.950488328933716,20260228_085331_run24
tsfresh,CricketX,0.8179487179487179,0.8179384665753202,0.8256328994848414,0.8179487179487179,64.24588370323181,20260228_085435_run24
tsfresh,CricketY,0.7871794871794872,0.7882600303551586,0.7963399234777688,0.7871794871794872,64.00323224067688,20260228_085539_run24
tsfresh,CricketZ,0.8128205128205128,0.8144456531095122,0.8185246942379201,0.8128205128205128,64.15004062652588,20260228_085643_run24
tsfresh,DiatomSizeReduction,0.9803921568627451,0.9808859441212383,0.9834087481146304,0.9803921568627451,2.5021779537200928,20260228_085700_run24
tsfresh,DistalPhalanxOutlineAgeGroup,0.7913669064748201,0.7886480714816586,0.7905060566931071,0.7913669064748201,5.267597436904907,20260228_085705_run24
tsfresh,DistalPhalanxOutlineCorrect,0.822463768115942,0.8215660083325382,0.8217592592592593,0.822463768115942,7.491225481033325,20260228_085713_run24
tsfresh,DistalPhalanxTW,0.6906474820143885,0.6721584637732916,0.6742242569580699,0.6906474820143885,5.256196022033691,20260228_085718_run24
tsfresh,ECG200,0.87,0.8686624626617988,0.8690366350067842,0.87,2.174189567565918,20260228_085720_run24
tsfresh,ECG5000,0.9477777777777778,0.9401488298027212,0.9367095644022652,0.9477777777777778,32.56462383270264,20260228_085753_run24
tsfresh,ECGFiveDays,0.9988385598141696,0.9988385660811726,0.99884126713395,0.9988385598141696,4.819606304168701,20260228_085758_run24
tsfresh,EOGHorizontalSignal,0.856353591160221,0.8510798979783388,0.853100583487717,0.856353591160221,59.81032347679138,20260228_085857_run24
tsfresh,EOGVerticalSignal,0.8204419889502762,0.816788556865354,0.8181102058360131,0.8204419889502762,59.052873611450195,20260228_085956_run24
tsfresh,ERing,0.9777777777777777,0.9779255822227373,0.9789029753315468,0.9777777777777777,4.049438953399658,20260228_090001_run24
tsfresh,Earthquakes,0.7410071942446043,0.6492237788716394,0.645083932853717,0.7410071942446043,4.484417915344238,20260228_090005_run24
tsfresh,ElectricDevices,0.9293217481519906,0.9296230575606111,0.9311981203213425,0.9293217481519906,276.8372027873993,20260228_090442_run24
tsfresh,Epilepsy,1.0,1.0,1.0,1.0,3.356010675430298,20260228_090445_run24
tsfresh,EthanolConcentration,0.5247148288973384,0.5147951788429533,0.5348936597730997,0.5247148288973384,5.6642234325408936,20260228_090451_run24
tsfresh,EthanolLevel,0.8,0.7956002045769569,0.7936254449009221,0.8,7.652624845504761,20260228_090459_run24
tsfresh,FaceAll,0.978698224852071,0.9792003485792359,0.9804478064989525,0.978698224852071,153.18906664848328,20260228_090732_run24
tsfresh,FiftyWords,0.7362637362637363,0.717441272129168,0.7280528191349979,0.7362637362637363,86.45901393890381,20260228_090859_run24
tsfresh,FingerMovements,0.63,0.6298889000100091,0.6299038461538461,0.63,57.369781255722046,20260228_090956_run24
tsfresh,Fish,0.9657142857142857,0.9663065407863639,0.9708308702791462,0.9657142857142857,2.9112818241119385,20260228_090959_run24
tsfresh,FordA,1.0,1.0,1.0,1.0,54.5791494846344,20260228_091054_run24
tsfresh,FordB,0.9580246913580247,0.9580093275116405,0.958415123861983,0.9580246913580247,49.60657048225403,20260228_091143_run24
tsfresh,FreezerRegularTrain,0.9982456140350877,0.9982456120911676,0.9982478223356852,0.9982456140350877,16.66434931755066,20260228_091200_run24
tsfresh,FreezerSmallTrain,0.9673684210526315,0.9673445843078314,0.9687370350907,0.9673684210526315,15.26295018196106,20260228_091215_run24
tsfresh,Fungi,0.6075268817204301,0.5909936078903318,0.6881242281858979,0.6075268817204301,16.667582511901855,20260228_091232_run24
tsfresh,GunPoint,0.98,0.9799973332148096,0.9807792207792208,0.98,1.969557285308838,20260228_091234_run24
tsfresh,GunPointAgeSpan,0.9873417721518988,0.9873377130761097,0.9876505094164867,0.9873417721518988,3.40857195854187,20260228_091237_run24
tsfresh,GunPointMaleVersusFemale,1.0,1.0,1.0,1.0,3.4870636463165283,20260228_091241_run24
tsfresh,GunPointOldVersusYoung,1.0,1.0,1.0,1.0,3.3737902641296387,20260228_091244_run24
tsfresh,Ham,0.8380952380952381,0.8375043987123176,0.8407621854932099,0.8380952380952381,2.2968928813934326,20260228_091246_run24
tsfresh,HandMovementDirection,0.3783783783783784,0.37033141226689614,0.39566441441441447,0.3783783783783784,7.739356756210327,20260228_091254_run24
tsfresh,HandOutlines,0.9405405405405406,0.9404402301461124,0.9403993152819369,0.9405405405405406,12.868615865707397,20260228_091307_run24
tsfresh,Handwriting,0.35058823529411764,0.304421194365183,0.3837708653463964,0.35058823529411764,70.47984862327576,20260228_091418_run24
tsfresh,Haptics,0.4805194805194805,0.4464834619373375,0.464504777050513,0.4805194805194805,3.3891563415527344,20260228_091421_run24
tsfresh,Heartbeat,0.7463414634146341,0.7343131392604249,0.7300770992206045,0.7463414634146341,98.84564089775085,20260228_091600_run24
tsfresh,Herring,0.5625,0.5267045454545454,0.5303571428571429,0.5625,1.642676830291748,20260228_091602_run24
tsfresh,HouseTwenty,0.9495798319327731,0.9495798319327731,0.9495798319327731,0.9495798319327731,1.766206979751587,20260228_091604_run24
tsfresh,InlineSkate,0.7581818181818182,0.7560687937468947,0.7670436495796225,0.7581818181818182,4.155986547470093,20260228_091608_run24
tsfresh,InsectEPGRegularTrain,1.0,1.0,1.0,1.0,2.4797534942626953,20260228_091610_run24
tsfresh,InsectEPGSmallTrain,1.0,1.0,1.0,1.0,2.2443623542785645,20260228_091613_run24
tsfresh,InsectWingbeatSound,0.6434343434343435,0.6431288166251894,0.6465345127361998,0.6434343434343435,117.64550113677979,20260228_091810_run24
tsfresh,ItalyPowerDemand,0.9718172983479106,0.9718154350129536,0.971903541174911,0.9718172983479106,4.352967739105225,20260228_091815_run24
tsfresh,LSST,0.7380373073803731,0.7005298066565452,0.7196432649225903,0.7380373073803731,589.5282843112946,20260228_092805_run24
tsfresh,LargeKitchenAppliances,0.9226666666666666,0.9223948263616314,0.9236980614170527,0.9226666666666666,6.0733115673065186,20260228_092811_run24
tsfresh,Libras,0.9611111111111111,0.9610311813790073,0.9632478632478633,0.9611111111111111,40.68461275100708,20260228_092851_run24
tsfresh,Lightning2,0.8524590163934426,0.8504217202928274,0.8604306561128408,0.8524590163934426,1.6019232273101807,20260228_092853_run24
tsfresh,Lightning7,0.821917808219178,0.8108529421003625,0.8365504358655044,0.821917808219178,1.8692646026611328,20260228_092855_run24
tsfresh,Mallat,0.9773987206823028,0.97734501804965,0.9785808836047897,0.9773987206823028,13.28282642364502,20260228_092908_run24
tsfresh,Meat,1.0,1.0,1.0,1.0,1.5962066650390625,20260228_092910_run24
tsfresh,MedicalImages,0.8644736842105263,0.8637824324642703,0.8639867660906574,0.8644736842105263,8.011423349380493,20260228_092918_run24
tsfresh,MiddlePhalanxOutlineAgeGroup,0.6363636363636364,0.628861370825115,0.6342739649018952,0.6363636363636364,5.03317928314209,20260228_092923_run24
tsfresh,FaceFour,0.9431818181818182,0.9433836141660781,0.9439898989898989,0.9431818181818182,1.6647207736968994,20260228_092925_run24
tsfresh,FacesUCR,0.9556097560975609,0.9560300892876099,0.9577935536996989,0.9556097560975609,118.29063034057617,20260228_093123_run24
tsfresh,ACSF1,0.9,0.9006446850288551,0.9159518259518261,0.9,2.058481454849243,20260228_093125_run25
tsfresh,Adiac,0.8670076726342711,0.8618086365947982,0.8757767177242127,0.8670076726342711,64.75971722602844,20260228_093230_run25
tsfresh,ArrowHead,0.8114285714285714,0.8115930730024461,0.8118362900715842,0.8114285714285714,2.036406993865967,20260228_093232_run25
tsfresh,ArticularyWordRecognition,0.99,0.9899826086956522,0.990769230769231,0.99,102.8062469959259,20260228_093415_run25
tsfresh,AtrialFibrillation,0.2,0.17663817663817666,0.16666666666666666,0.2,1.4849936962127686,20260228_093416_run25
tsfresh,BME,1.0,1.0,1.0,1.0,1.8669281005859375,20260228_093418_run25
tsfresh,BasicMotions,1.0,1.0,1.0,1.0,2.851231575012207,20260228_093421_run25
tsfresh,Beef,0.8666666666666667,0.865967365967366,0.8695238095238095,0.8666666666666667,1.4184341430664062,20260228_093422_run25
tsfresh,BeetleFly,0.85,0.849624060150376,0.8535353535353536,0.85,1.2014217376708984,20260228_093424_run25
tsfresh,BirdChicken,1.0,1.0,1.0,1.0,1.2014110088348389,20260228_093425_run25
tsfresh,CBF,1.0,1.0,1.0,1.0,5.124588251113892,20260228_093430_run25
tsfresh,Car,0.9166666666666666,0.9174264007597341,0.9191666666666667,0.9166666666666666,1.6199538707733154,20260228_093432_run25
tsfresh,Chinatown,0.9795918367346939,0.9796902673492053,0.979971571228441,0.9795918367346939,1.933692216873169,20260228_093433_run25
tsfresh,ChlorineConcentration,0.8690104166666667,0.866498790003402,0.8688527729199786,0.8690104166666667,26.906506776809692,20260228_093500_run25
tsfresh,CinCECGTorso,0.9971014492753624,0.997101375146158,0.9971349585322946,0.9971014492753624,8.471774101257324,20260228_093509_run25
tsfresh,Coffee,1.0,1.0,1.0,1.0,1.3066389560699463,20260228_093510_run25
tsfresh,Computers,0.856,0.8558523928502787,0.857464173253647,0.856,4.068373918533325,20260228_093514_run25
tsfresh,Cricket,0.9722222222222222,0.9720279720279721,0.976190476190476,0.9722222222222222,43.95259141921997,20260228_093558_run25
tsfresh,CricketX,0.7923076923076923,0.789589387486612,0.796836936550456,0.7923076923076923,64.29045629501343,20260228_093703_run25
tsfresh,CricketY,0.8179487179487179,0.8200167457678783,0.8271536670160958,0.8179487179487179,63.84553813934326,20260228_093806_run25
tsfresh,CricketZ,0.8205128205128205,0.81858944379989,0.8283464974216905,0.8205128205128205,64.41794753074646,20260228_093911_run25
tsfresh,DiatomSizeReduction,0.9869281045751634,0.9865944086794629,0.987274838164931,0.9869281045751634,2.6065280437469482,20260228_093927_run25
tsfresh,DistalPhalanxOutlineAgeGroup,0.762589928057554,0.756506386103643,0.7639157904445675,0.762589928057554,5.173794984817505,20260228_093932_run25
tsfresh,DistalPhalanxOutlineCorrect,0.8079710144927537,0.8083042949847744,0.8088303654437532,0.8079710144927537,7.508458852767944,20260228_093939_run25
tsfresh,DistalPhalanxTW,0.6690647482014388,0.6473088479324257,0.6347470860520886,0.6690647482014388,5.291161298751831,20260228_093945_run25
tsfresh,ECG200,0.93,0.9297783600829785,0.9297582417582417,0.93,2.0972557067871094,20260228_093947_run25
tsfresh,ECG5000,0.9422222222222222,0.9308058234794782,0.9310861466595685,0.9422222222222222,32.72092795372009,20260228_094020_run25
tsfresh,ECGFiveDays,1.0,1.0,1.0,1.0,4.806542873382568,20260228_094025_run25
tsfresh,EOGHorizontalSignal,0.8370165745856354,0.837295837370997,0.8399786225395867,0.8370165745856354,59.57564115524292,20260228_094124_run25
tsfresh,EOGVerticalSignal,0.7845303867403315,0.7761131071094759,0.774225543143447,0.7845303867403315,59.9638774394989,20260228_094224_run25
tsfresh,ERing,0.9222222222222223,0.9218175003012287,0.9234961315280464,0.9222222222222223,4.049018383026123,20260228_094228_run25
tsfresh,Earthquakes,0.7266187050359713,0.6770435825252842,0.6669038395657101,0.7266187050359713,4.29902720451355,20260228_094232_run25
tsfresh,ElectricDevices,0.9273764751653482,0.9276889460245304,0.929250987297247,0.9273764751653482,277.0218119621277,20260228_094710_run25
tsfresh,Epilepsy,0.9927536231884058,0.9927565004474139,0.9929606625258798,0.9927536231884058,3.375588893890381,20260228_094713_run25
tsfresh,EthanolConcentration,0.5057034220532319,0.4967385692127238,0.5140635748910777,0.5057034220532319,5.656312465667725,20260228_094719_run25
tsfresh,EthanolLevel,0.82,0.8175187696954537,0.8236577135520763,0.82,7.6843178272247314,20260228_094726_run25
tsfresh,FaceAll,0.9840236686390532,0.9842377501616814,0.9850827831047207,0.9840236686390532,153.1423614025116,20260228_095000_run25
tsfresh,FiftyWords,0.7428571428571429,0.7221273213242905,0.7308769981370526,0.7428571428571429,86.15224385261536,20260228_095126_run25
tsfresh,FingerMovements,0.53,0.5283468998090644,0.5293506493506492,0.53,56.64298415184021,20260228_095223_run25
tsfresh,Fish,0.9542857142857143,0.9540394498210474,0.9563758009677907,0.9542857142857143,3.0009751319885254,20260228_095226_run25
tsfresh,FordA,1.0,1.0,1.0,1.0,54.39689874649048,20260228_095320_run25
tsfresh,FordB,0.945679012345679,0.9456684106074307,0.9458424552413485,0.945679012345679,49.4678590297699,20260228_095410_run25
tsfresh,FreezerRegularTrain,0.9989473684210526,0.9989473672547007,0.9989495798319328,0.9989473684210526,16.73617720603943,20260228_095426_run25
tsfresh,FreezerSmallTrain,0.9273684210526316,0.9272909990582768,0.9291964889790977,0.9273684210526316,15.270264148712158,20260228_095442_run25
tsfresh,Fungi,0.6774193548387096,0.6846571823964576,0.7792022863376299,0.6774193548387096,16.468201160430908,20260228_095458_run25
tsfresh,GunPoint,0.9866666666666667,0.9866666666666667,0.9870175438596491,0.9866666666666667,2.078789234161377,20260228_095500_run25
tsfresh,GunPointAgeSpan,1.0,1.0,1.0,1.0,3.3956871032714844,20260228_095504_run25
tsfresh,GunPointMaleVersusFemale,1.0,1.0,1.0,1.0,3.4118967056274414,20260228_095507_run25
tsfresh,GunPointOldVersusYoung,1.0,1.0,1.0,1.0,3.5224270820617676,20260228_095511_run25
tsfresh,Ham,0.8095238095238095,0.8095583661621398,0.8101803856520838,0.8095238095238095,2.2195725440979004,20260228_095513_run25
tsfresh,HandMovementDirection,0.44594594594594594,0.4540030511640571,0.49372789130495415,0.44594594594594594,7.994398355484009,20260228_095521_run25
tsfresh,HandOutlines,0.9432432432432433,0.9430980158722463,0.943087318087318,0.9432432432432433,13.184516429901123,20260228_095534_run25
tsfresh,Handwriting,0.29764705882352943,0.25667189769472465,0.3380918068477328,0.29764705882352943,70.52955341339111,20260228_095645_run25
tsfresh,Haptics,0.5422077922077922,0.5231835143352466,0.554624391304159,0.5422077922077922,3.5060949325561523,20260228_095648_run25
tsfresh,Heartbeat,0.7414634146341463,0.7017646751948775,0.7126330683196335,0.7414634146341463,102.17241191864014,20260228_095831_run25
tsfresh,Herring,0.640625,0.6220417236662106,0.6305929286608261,0.640625,1.681884527206421,20260228_095832_run25
tsfresh,HouseTwenty,0.9663865546218487,0.966159703317947,0.968228387245309,0.9663865546218487,1.7979240417480469,20260228_095834_run25
tsfresh,InlineSkate,0.7545454545454545,0.7525082333171047,0.76234707554563,0.7545454545454545,4.1584694385528564,20260228_095838_run25
tsfresh,InsectEPGRegularTrain,1.0,1.0,1.0,1.0,2.5641136169433594,20260228_095841_run25
tsfresh,InsectEPGSmallTrain,1.0,1.0,1.0,1.0,2.254180669784546,20260228_095843_run25
tsfresh,InsectWingbeatSound,0.646969696969697,0.6408972172296518,0.6508110852120537,0.646969696969697,117.75399923324585,20260228_100041_run25
tsfresh,ItalyPowerDemand,0.967930029154519,0.9679300897303599,0.9679319785896949,0.967930029154519,4.3456711769104,20260228_100045_run25
tsfresh,LSST,0.7335766423357665,0.6986889680188578,0.7095418398003707,0.7335766423357665,589.8093059062958,20260228_101035_run25
tsfresh,LargeKitchenAppliances,0.944,0.9438152968881774,0.9437717184631524,0.944,6.070935249328613,20260228_101042_run25
tsfresh,Libras,0.9166666666666666,0.9134235104669889,0.9252784252784251,0.9166666666666666,39.34024357795715,20260228_101121_run25
tsfresh,Lightning2,0.8524590163934426,0.8471852110219742,0.8840749414519906,0.8524590163934426,1.60502028465271,20260228_101123_run25
tsfresh,Lightning7,0.863013698630137,0.8589124285951971,0.8776255707762557,0.863013698630137,1.7742924690246582,20260228_101124_run25
tsfresh,Mallat,0.9727078891257995,0.9726384506829694,0.9740201124598648,0.9727078891257995,13.38940954208374,20260228_101138_run25
tsfresh,Meat,1.0,1.0,1.0,1.0,1.5990784168243408,20260228_101139_run25
tsfresh,MedicalImages,0.8513157894736842,0.8459005926520037,0.8489384615579239,0.8513157894736842,7.7817137241363525,20260228_101147_run25
tsfresh,MiddlePhalanxOutlineAgeGroup,0.577922077922078,0.5565891172050357,0.5827573589201497,0.577922077922078,5.374602794647217,20260228_101153_run25
tsfresh,FaceFour,0.9090909090909091,0.9051106678065924,0.9247159090909091,0.9090909090909091,1.5378143787384033,20260228_101154_run25
tsfresh,FacesUCR,0.9287804878048781,0.9308085793045044,0.9434160503764988,0.9287804878048781,118.11535310745239,20260228_101352_run25
tsfresh,ACSF1,0.91,0.9043688767372977,0.9159090909090909,0.91,2.0713260173797607,20260228_101354_run26
tsfresh,Adiac,0.8439897698209718,0.8449757472256845,0.8707378207603874,0.8439897698209718,64.49351239204407,20260228_101459_run26
tsfresh,ArrowHead,0.76,0.7589246746383381,0.7630441877442351,0.76,2.0143046379089355,20260228_101501_run26
tsfresh,ArticularyWordRecognition,0.9933333333333333,0.9933217391304349,0.9938461538461539,0.9933333333333333,103.58691740036011,20260228_101645_run26
tsfresh,AtrialFibrillation,0.4,0.2913165266106443,0.3055555555555556,0.4,1.4906425476074219,20260228_101646_run26
tsfresh,BME,1.0,1.0,1.0,1.0,1.8644335269927979,20260228_101648_run26
tsfresh,BasicMotions,1.0,1.0,1.0,1.0,2.96484637260437,20260228_101651_run26
tsfresh,Beef,0.8333333333333334,0.8343656343656343,0.8528571428571429,0.8333333333333334,1.313612461090088,20260228_101652_run26
tsfresh,BeetleFly,0.9,0.9,0.9,0.9,1.2003259658813477,20260228_101653_run26
tsfresh,BirdChicken,0.9,0.898989898989899,0.9166666666666667,0.9,1.3075265884399414,20260228_101655_run26
tsfresh,CBF,1.0,1.0,1.0,1.0,5.026747465133667,20260228_101700_run26
tsfresh,Car,0.9333333333333333,0.9342830009496677,0.9373809523809524,0.9333333333333333,1.6168079376220703,20260228_101701_run26
tsfresh,Chinatown,0.967930029154519,0.9684541986036047,0.9712897403859503,0.967930029154519,2.0107765197753906,20260228_101703_run26
tsfresh,ChlorineConcentration,0.8744791666666667,0.872039613806973,0.8745703789924578,0.8744791666666667,26.472811222076416,20260228_101730_run26
tsfresh,CinCECGTorso,0.991304347826087,0.9913134276702509,0.9915982853643601,0.991304347826087,8.445378541946411,20260228_101738_run26
tsfresh,Coffee,1.0,1.0,1.0,1.0,1.2918806076049805,20260228_101740_run26
tsfresh,Computers,0.864,0.8638605932474854,0.8654970760233918,0.864,4.144465684890747,20260228_101744_run26
tsfresh,Cricket,1.0,1.0,1.0,1.0,42.57980275154114,20260228_101826_run26
tsfresh,CricketX,0.7615384615384615,0.759727518186194,0.7780372376711249,0.7615384615384615,64.47297096252441,20260228_101931_run26
tsfresh,CricketY,0.8076923076923077,0.8072847325728202,0.8134665142627493,0.8076923076923077,64.27699160575867,20260228_102035_run26
tsfresh,CricketZ,0.7948717948717948,0.7945016115798345,0.7976850700679573,0.7948717948717948,63.816184520721436,20260228_102139_run26
tsfresh,DiatomSizeReduction,0.9019607843137255,0.8678569287042033,0.9256799493991145,0.9019607843137255,2.4829235076904297,20260228_102155_run26
tsfresh,DistalPhalanxOutlineAgeGroup,0.841726618705036,0.8393758007868632,0.8413632975021601,0.841726618705036,5.251307010650635,20260228_102200_run26
tsfresh,DistalPhalanxOutlineCorrect,0.8623188405797102,0.8612632347572108,0.8625730994152047,0.8623188405797102,7.503081798553467,20260228_102208_run26
tsfresh,DistalPhalanxTW,0.6834532374100719,0.6510491077137636,0.6344072993353569,0.6834532374100719,5.028333902359009,20260228_102213_run26
tsfresh,ECG200,0.86,0.8567706919945727,0.8605714285714285,0.86,2.216061592102051,20260228_102215_run26
tsfresh,ECG5000,0.9493333333333334,0.9400497513430669,0.9425868211506323,0.9493333333333334,32.55464553833008,20260228_102248_run26
tsfresh,ECGFiveDays,0.9883855981416957,0.9883832473527577,0.9886477742558786,0.9883855981416957,4.80643367767334,20260228_102253_run26
tsfresh,EOGHorizontalSignal,0.856353591160221,0.8520452110034572,0.8566224364678828,0.856353591160221,59.77322840690613,20260228_102353_run26
tsfresh,EOGVerticalSignal,0.8259668508287292,0.8238252555559226,0.825323572008463,0.8259668508287292,59.67942500114441,20260228_102452_run26
tsfresh,ERing,0.8888888888888888,0.8897827129699153,0.8939284021604994,0.8888888888888888,4.049309730529785,20260228_102456_run26
tsfresh,Earthquakes,0.7194244604316546,0.6721659478406047,0.6585611510791367,0.7194244604316546,4.390742301940918,20260228_102501_run26
tsfresh,ElectricDevices,0.9332122941252756,0.9334276674557115,0.9341626805291976,0.9332122941252756,277.22912859916687,20260228_102938_run26
tsfresh,Epilepsy,1.0,1.0,1.0,1.0,3.250509262084961,20260228_102941_run26
tsfresh,EthanolConcentration,0.5627376425855514,0.5590175957833426,0.5763892070181867,0.5627376425855514,5.732086658477783,20260228_102947_run26
tsfresh,EthanolLevel,0.79,0.7926211912752423,0.8016320742173688,0.79,7.585548639297485,20260228_102955_run26
tsfresh,FaceAll,0.9798816568047337,0.9804504164655043,0.982173526239143,0.9798816568047337,153.08633661270142,20260228_103228_run26
tsfresh,FiftyWords,0.7494505494505495,0.7288252756949848,0.7418942977257444,0.7494505494505495,86.13841509819031,20260228_103354_run26
tsfresh,FingerMovements,0.52,0.5161212121212121,0.5189417114510129,0.52,57.93097138404846,20260228_103452_run26
tsfresh,Fish,0.9485714285714286,0.9485829725829726,0.9488198757763975,0.9485714285714286,3.085998773574829,20260228_103455_run26
tsfresh,FordA,1.0,1.0,1.0,1.0,54.470887899398804,20260228_103550_run26
tsfresh,FordB,0.9407407407407408,0.9407244750239919,0.9409952970384885,0.9407407407407408,49.5269410610199,20260228_103639_run26
tsfresh,FreezerRegularTrain,0.9971929824561403,0.9971929824561403,0.9971929824561403,0.9971929824561403,16.679153442382812,20260228_103656_run26
tsfresh,FreezerSmallTrain,0.9912280701754386,0.9912276802945627,0.9913154151381298,0.9912280701754386,15.412494897842407,20260228_103711_run26
tsfresh,Fungi,0.7043010752688172,0.6916346067975898,0.7507373450921838,0.7043010752688172,16.486652851104736,20260228_103728_run26
tsfresh,GunPoint,0.96,0.9599857752489331,0.9613390313390314,0.96,2.075256109237671,20260228_103730_run26
tsfresh,GunPointAgeSpan,0.9968354430379747,0.9968355381201592,0.9968555994517455,0.9968354430379747,3.3941354751586914,20260228_103733_run26
tsfresh,GunPointMaleVersusFemale,1.0,1.0,1.0,1.0,3.4250237941741943,20260228_103737_run26
tsfresh,GunPointOldVersusYoung,1.0,1.0,1.0,1.0,3.491730213165283,20260228_103740_run26
tsfresh,Ham,0.8095238095238095,0.8095238095238095,0.8095238095238095,0.8095238095238095,2.204847812652588,20260228_103743_run26
tsfresh,HandMovementDirection,0.4594594594594595,0.4613865202100496,0.4928571428571429,0.4594594594594595,7.966356039047241,20260228_103751_run26
tsfresh,HandOutlines,0.9324324324324325,0.9317413228874719,0.9328844312318664,0.9324324324324325,13.033823251724243,20260228_103804_run26
tsfresh,Handwriting,0.3941176470588235,0.3576720167178075,0.5254141919897017,0.3941176470588235,70.19589471817017,20260228_103914_run26
tsfresh,Haptics,0.5357142857142857,0.5199155164944472,0.5554967621848722,0.5357142857142857,3.483104944229126,20260228_103917_run26
tsfresh,Heartbeat,0.751219512195122,0.7287487953593926,0.7292976583016604,0.751219512195122,98.81283116340637,20260228_104056_run26
tsfresh,Herring,0.59375,0.5251095118898623,0.5636160714285714,0.59375,1.7700004577636719,20260228_104058_run26
tsfresh,HouseTwenty,0.9495798319327731,0.9497969107275517,0.952175058057411,0.9495798319327731,1.773087739944458,20260228_104100_run26
tsfresh,InlineSkate,0.7509090909090909,0.7496607658218691,0.7675717438180555,0.7509090909090909,4.166796445846558,20260228_104104_run26
tsfresh,InsectEPGRegularTrain,1.0,1.0,1.0,1.0,2.6091012954711914,20260228_104107_run26
tsfresh,InsectEPGSmallTrain,1.0,1.0,1.0,1.0,2.2563536167144775,20260228_104109_run26
tsfresh,InsectWingbeatSound,0.6712121212121213,0.6664964865660435,0.666567228462365,0.6712121212121213,117.59828090667725,20260228_104307_run26
tsfresh,ItalyPowerDemand,0.9484936831875608,0.9484849260672268,0.9488795401510788,0.9484936831875608,4.4381935596466064,20260228_104311_run26
tsfresh,LSST,0.7339821573398215,0.6970119979597259,0.7362164969024829,0.7339821573398215,588.9141247272491,20260228_105300_run26
tsfresh,LargeKitchenAppliances,0.936,0.9361238080047054,0.9363901233657268,0.936,5.858763217926025,20260228_105306_run26
tsfresh,Libras,0.9444444444444444,0.944641329684808,0.9497435897435896,0.9444444444444444,40.19198989868164,20260228_105347_run26
tsfresh,Lightning2,0.819672131147541,0.8154374258124539,0.8345628415300547,0.819672131147541,1.64483642578125,20260228_105348_run26
tsfresh,Lightning7,0.9041095890410958,0.902819297659451,0.9205202712052027,0.9041095890410958,1.7846064567565918,20260228_105350_run26
tsfresh,Mallat,0.9718550106609808,0.971792791439359,0.9729077407409883,0.9718550106609808,13.27075481414795,20260228_105403_run26
tsfresh,Meat,0.9833333333333333,0.9833229101521785,0.9841269841269842,0.9833333333333333,1.710082769393921,20260228_105405_run26
tsfresh,MedicalImages,0.8223684210526315,0.8154777643809089,0.8202441079808391,0.8223684210526315,7.821892499923706,20260228_105413_run26
tsfresh,MiddlePhalanxOutlineAgeGroup,0.5714285714285714,0.5677988677988678,0.5869997349589186,0.5714285714285714,5.458118200302124,20260228_105418_run26
tsfresh,FaceFour,0.9659090909090909,0.9656710942494938,0.9670875420875421,0.9659090909090909,1.5616953372955322,20260228_105420_run26
tsfresh,FacesUCR,0.9536585365853658,0.9541207518523812,0.9558884248741737,0.9536585365853658,118.37021517753601,20260228_105618_run26
tsfresh,ACSF1,0.85,0.8462701617641717,0.8753108003108003,0.85,2.1811611652374268,20260228_105621_run27
tsfresh,Adiac,0.8286445012787724,0.8258705485876524,0.8535011982902009,0.8286445012787724,64.58464026451111,20260228_105725_run27
tsfresh,ArrowHead,0.8685714285714285,0.8686101085692094,0.871709746717023,0.8685714285714285,2.1424431800842285,20260228_105727_run27
tsfresh,ArticularyWordRecognition,0.9933333333333333,0.9933217391304349,0.9938461538461539,0.9933333333333333,104.07705354690552,20260228_105911_run27
tsfresh,AtrialFibrillation,0.2,0.1717171717171717,0.15079365079365079,0.2,1.5035429000854492,20260228_105913_run27
tsfresh,BME,1.0,1.0,1.0,1.0,1.8776109218597412,20260228_105915_run27
tsfresh,BasicMotions,1.0,1.0,1.0,1.0,2.8893094062805176,20260228_105918_run27
tsfresh,Beef,0.7333333333333333,0.7441491841491842,0.7817460317460317,0.7333333333333333,1.423198938369751,20260228_105919_run27
tsfresh,BeetleFly,0.9,0.898989898989899,0.9166666666666667,0.9,1.2112112045288086,20260228_105920_run27
tsfresh,BirdChicken,1.0,1.0,1.0,1.0,1.2088778018951416,20260228_105922_run27
tsfresh,CBF,0.9933333333333333,0.9933324501849092,0.9934632034632035,0.9933333333333333,5.143561363220215,20260228_105927_run27
tsfresh,Car,0.9166666666666666,0.9171682568301907,0.9334640522875816,0.9166666666666666,1.638725996017456,20260228_105928_run27
tsfresh,Chinatown,0.9766763848396501,0.9769619801273279,0.9785056879894815,0.9766763848396501,1.9592368602752686,20260228_105930_run27
tsfresh,ChlorineConcentration,0.8533854166666667,0.8495032774144907,0.8564358243621605,0.8533854166666667,26.84907364845276,20260228_105957_run27
tsfresh,CinCECGTorso,0.9934782608695653,0.9934782330714098,0.993480293245248,0.9934782608695653,8.44152045249939,20260228_110006_run27
tsfresh,Coffee,1.0,1.0,1.0,1.0,1.2928946018218994,20260228_110007_run27
tsfresh,Computers,0.832,0.832,0.832,0.832,4.096611738204956,20260228_110011_run27
tsfresh,Cricket,1.0,1.0,1.0,1.0,42.472211837768555,20260228_110054_run27
tsfresh,CricketX,0.7769230769230769,0.7730612784529935,0.7936324667003153,0.7769230769230769,64.1849513053894,20260228_110158_run27
tsfresh,CricketY,0.7794871794871795,0.7794142374106633,0.7914880640566124,0.7794871794871795,64.072927236557,20260228_110302_run27
tsfresh,CricketZ,0.8,0.8019580957548124,0.8159427843588815,0.8,64.36790490150452,20260228_110406_run27
tsfresh,DiatomSizeReduction,0.9509803921568627,0.9520466299508362,0.9558791777192457,0.9509803921568627,2.602071523666382,20260228_110423_run27
tsfresh,DistalPhalanxOutlineAgeGroup,0.8057553956834532,0.8020036617245675,0.8092625899280577,0.8057553956834532,5.284424066543579,20260228_110428_run27
tsfresh,DistalPhalanxOutlineCorrect,0.8188405797101449,0.8188405797101449,0.8188405797101449,0.8188405797101449,7.456936597824097,20260228_110435_run27
tsfresh,DistalPhalanxTW,0.6618705035971223,0.6315498008755367,0.6390030832476874,0.6618705035971223,5.217680931091309,20260228_110441_run27
tsfresh,ECG200,0.89,0.8908800000000001,0.8934174022698613,0.89,2.0878701210021973,20260228_110443_run27
tsfresh,ECG5000,0.9411111111111111,0.936725968863812,0.9328941510406532,0.9411111111111111,32.747111558914185,20260228_110516_run27
tsfresh,ECGFiveDays,1.0,1.0,1.0,1.0,4.841235637664795,20260228_110520_run27
tsfresh,EOGHorizontalSignal,0.8480662983425414,0.8449504357293366,0.8499631595040229,0.8480662983425414,59.35358738899231,20260228_110620_run27
tsfresh,EOGVerticalSignal,0.7734806629834254,0.7715943199079425,0.7721086922839637,0.7734806629834254,59.7482430934906,20260228_110720_run27
tsfresh,ERing,0.9703703703703703,0.9702460081204279,0.9717757477644156,0.9703703703703703,4.120656967163086,20260228_110724_run27
tsfresh,Earthquakes,0.762589928057554,0.701692658737928,0.7342316986105772,0.762589928057554,4.315252304077148,20260228_110728_run27
tsfresh,ElectricDevices,0.9332122941252756,0.9334874269043401,0.9346674667994199,0.9332122941252756,277.1309223175049,20260228_111205_run27
tsfresh,Epilepsy,1.0,1.0,1.0,1.0,3.2681055068969727,20260228_111209_run27
tsfresh,EthanolConcentration,0.4866920152091255,0.4857283620992318,0.5446749258346217,0.4866920152091255,5.769928216934204,20260228_111214_run27
tsfresh,EthanolLevel,0.804,0.8012406665165759,0.8015452487342613,0.804,7.527292013168335,20260228_111222_run27
tsfresh,FaceAll,0.9810650887573964,0.9811906967859719,0.9818236449131913,0.9810650887573964,153.0019655227661,20260228_111455_run27
tsfresh,FiftyWords,0.7670329670329671,0.7442039351559347,0.7593600275918548,0.7670329670329671,86.66937899589539,20260228_111622_run27
tsfresh,FingerMovements,0.64,0.6391346153846154,0.6429090909090909,0.64,58.221407651901245,20260228_111720_run27
tsfresh,Fish,0.9542857142857143,0.9539108361463994,0.9548584748584747,0.9542857142857143,3.0272488594055176,20260228_111723_run27
tsfresh,FordA,1.0,1.0,1.0,1.0,54.308720111846924,20260228_111817_run27
tsfresh,FordB,0.9518518518518518,0.9518494296875921,0.951873128678271,0.9518518518518518,49.720256328582764,20260228_111907_run27
tsfresh,FreezerRegularTrain,0.9982456140350877,0.9982456138190968,0.9982458594008541,0.9982456140350877,16.66193652153015,20260228_111924_run27
tsfresh,FreezerSmallTrain,0.9624561403508772,0.9624272709877789,0.9638818524548703,0.9624561403508772,15.38142204284668,20260228_111939_run27
tsfresh,Fungi,0.5913978494623656,0.5859724598830852,0.6685357231846795,0.5913978494623656,16.644168615341187,20260228_111956_run27
tsfresh,GunPoint,0.9866666666666667,0.9866619225523334,0.987008547008547,0.9866666666666667,2.083125591278076,20260228_111958_run27
tsfresh,GunPointAgeSpan,0.990506329113924,0.9905043315878126,0.9906810592529316,0.990506329113924,3.421912670135498,20260228_112002_run27
tsfresh,GunPointMaleVersusFemale,0.9968354430379747,0.9968349027237305,0.9968543924808612,0.9968354430379747,3.4234795570373535,20260228_112005_run27
tsfresh,GunPointOldVersusYoung,1.0,1.0,1.0,1.0,3.5071215629577637,20260228_112008_run27
tsfresh,Ham,0.8380952380952381,0.8379483324043709,0.8416180758017493,0.8380952380952381,2.2062768936157227,20260228_112011_run27
tsfresh,HandMovementDirection,0.35135135135135137,0.3457284515636918,0.3813160987074031,0.35135135135135137,7.986665487289429,20260228_112019_run27
tsfresh,HandOutlines,0.9459459459459459,0.9456600831600832,0.9459196729537936,0.9459459459459459,12.658921957015991,20260228_112031_run27
tsfresh,Handwriting,0.4082352941176471,0.36180269480790733,0.4720576067266486,0.4082352941176471,69.98082828521729,20260228_112141_run27
tsfresh,Haptics,0.564935064935065,0.546423365550977,0.5782401144574183,0.564935064935065,3.3757011890411377,20260228_112145_run27
tsfresh,Heartbeat,0.7219512195121951,0.699768432913799,0.6943714821763604,0.7219512195121951,98.18280148506165,20260228_112323_run27
tsfresh,Herring,0.609375,0.5891757865937073,0.5940628911138923,0.609375,1.6628544330596924,20260228_112325_run27
tsfresh,HouseTwenty,0.9915966386554622,0.991584425355056,0.99171668667467,0.9915966386554622,1.881622314453125,20260228_112327_run27
tsfresh,InlineSkate,0.7981818181818182,0.7974205298937603,0.8029843348071667,0.7981818181818182,4.162910223007202,20260228_112331_run27
tsfresh,InsectEPGRegularTrain,1.0,1.0,1.0,1.0,2.465965747833252,20260228_112333_run27
tsfresh,InsectEPGSmallTrain,1.0,1.0,1.0,1.0,2.2498092651367188,20260228_112336_run27
tsfresh,InsectWingbeatSound,0.6722222222222223,0.6667194028692689,0.6660193037428263,0.6722222222222223,117.82222294807434,20260228_112534_run27
tsfresh,ItalyPowerDemand,0.9650145772594753,0.9650146433420236,0.9650220005324052,0.9650145772594753,4.328751564025879,20260228_112538_run27
tsfresh,LSST,0.7254663422546634,0.6871898686064335,0.7024097303561377,0.7254663422546634,589.2112891674042,20260228_113528_run27
tsfresh,LargeKitchenAppliances,0.936,0.936336615370265,0.9378897631966905,0.936,5.705320835113525,20260228_113533_run27
tsfresh,Libras,0.95,0.9496495388669303,0.9519813519813518,0.95,39.55847668647766,20260228_113613_run27
tsfresh,Lightning2,0.8688524590163934,0.866448087431694,0.882035996790095,0.8688524590163934,1.6188321113586426,20260228_113615_run27
tsfresh,Lightning7,0.7808219178082192,0.7761377855519087,0.8014632627646326,0.7808219178082192,1.7908058166503906,20260228_113616_run27
tsfresh,Mallat,0.9722814498933902,0.9722779403707197,0.9724724519766555,0.9722814498933902,13.430042743682861,20260228_113630_run27
tsfresh,Meat,0.9666666666666667,0.9665831244778613,0.9696969696969696,0.9666666666666667,1.620466709136963,20260228_113631_run27
tsfresh,MedicalImages,0.8565789473684211,0.852280349937188,0.8600709578363289,0.8565789473684211,7.946411848068237,20260228_113639_run27
tsfresh,MiddlePhalanxOutlineAgeGroup,0.6168831168831169,0.6087057267334617,0.6061504791648147,0.6168831168831169,5.263414621353149,20260228_113645_run27
tsfresh,FaceFour,0.9204545454545454,0.9202677960246775,0.924414091655471,0.9204545454545454,1.5429682731628418,20260228_113646_run27
tsfresh,FacesUCR,0.9585365853658536,0.9579561515282733,0.9586302693258927,0.9585365853658536,117.88922142982483,20260228_113844_run27
tsfresh,ACSF1,0.86,0.8607743997675348,0.871064491064491,0.86,2.062058210372925,20260228_113846_run28
tsfresh,Adiac,0.8465473145780051,0.8458524871107276,0.8653742740261787,0.8465473145780051,64.47413039207458,20260228_113951_run28
tsfresh,ArrowHead,0.8057142857142857,0.8054261807455377,0.8085325487949873,0.8057142857142857,2.0316321849823,20260228_113953_run28
tsfresh,ArticularyWordRecognition,0.99,0.9899826086956522,0.990769230769231,0.99,103.37490916252136,20260228_114136_run28
tsfresh,AtrialFibrillation,0.3333333333333333,0.33602693602693606,0.3444444444444444,0.3333333333333333,1.4717895984649658,20260228_114138_run28
tsfresh,BME,1.0,1.0,1.0,1.0,1.8602359294891357,20260228_114140_run28
tsfresh,BasicMotions,1.0,1.0,1.0,1.0,2.823110818862915,20260228_114142_run28
tsfresh,Beef,0.8,0.8017825311942958,0.8690909090909091,0.8,1.4082088470458984,20260228_114144_run28
tsfresh,BeetleFly,0.9,0.9,0.9,0.9,1.194709062576294,20260228_114145_run28
tsfresh,BirdChicken,1.0,1.0,1.0,1.0,1.1949348449707031,20260228_114146_run28
tsfresh,CBF,1.0,1.0,1.0,1.0,5.112955331802368,20260228_114151_run28
tsfresh,Car,0.9166666666666666,0.9173772484117312,0.9235185185185184,0.9166666666666666,1.603372573852539,20260228_114153_run28
tsfresh,Chinatown,0.9766763848396501,0.9768948421352809,0.9778288881690242,0.9766763848396501,1.9240915775299072,20260228_114155_run28
tsfresh,ChlorineConcentration,0.8677083333333333,0.8646179214568612,0.8671006210318614,0.8677083333333333,26.689788818359375,20260228_114222_run28
tsfresh,CinCECGTorso,0.9963768115942029,0.9963809321307534,0.996429018919935,0.9963768115942029,8.421566486358643,20260228_114230_run28
tsfresh,Coffee,1.0,1.0,1.0,1.0,1.318427324295044,20260228_114232_run28
tsfresh,Computers,0.88,0.8799308401639344,0.8808775418564372,0.88,4.151014804840088,20260228_114236_run28
tsfresh,Cricket,1.0,1.0,1.0,1.0,42.724692821502686,20260228_114318_run28
tsfresh,CricketX,0.8307692307692308,0.8281979021422237,0.8358744364069725,0.8307692307692308,63.69365477561951,20260228_114422_run28
tsfresh,CricketY,0.7769230769230769,0.7766472358819696,0.7876238284872485,0.7769230769230769,64.1021716594696,20260228_114526_run28
tsfresh,CricketZ,0.7794871794871795,0.7768470259420969,0.783654143325483,0.7794871794871795,64.03528952598572,20260228_114630_run28
tsfresh,DiatomSizeReduction,0.9575163398692811,0.9533367454713223,0.961429165923548,0.9575163398692811,2.4845311641693115,20260228_114646_run28
tsfresh,DistalPhalanxOutlineAgeGroup,0.8201438848920863,0.8203556631517773,0.8209960602946215,0.8201438848920863,5.154435157775879,20260228_114652_run28
tsfresh,DistalPhalanxOutlineCorrect,0.8586956521739131,0.8574807684396725,0.8591234347048301,0.8586956521739131,7.433931827545166,20260228_114659_run28
tsfresh,DistalPhalanxTW,0.6546762589928058,0.6344204922566583,0.6212868026436428,0.6546762589928058,5.2257349491119385,20260228_114704_run28
tsfresh,ECG200,0.91,0.9090740126120146,0.9099592944369064,0.91,2.208462715148926,20260228_114707_run28
tsfresh,ECG5000,0.9491111111111111,0.938035663673634,0.9408077637674269,0.9491111111111111,32.57050275802612,20260228_114739_run28
tsfresh,ECGFiveDays,0.9907084785133565,0.9907071747076128,0.9908770321911188,0.9907084785133565,4.935147047042847,20260228_114744_run28
tsfresh,EOGHorizontalSignal,0.8232044198895028,0.8214494533236943,0.8233508039403367,0.8232044198895028,59.524010181427,20260228_114844_run28
tsfresh,EOGVerticalSignal,0.7817679558011049,0.7739815023913476,0.7782380714645136,0.7817679558011049,59.89750814437866,20260228_114944_run28
tsfresh,ERing,0.9592592592592593,0.9592077602090117,0.9608514903545959,0.9592592592592593,4.091176986694336,20260228_114948_run28
tsfresh,Earthquakes,0.7482014388489209,0.6836134259341661,0.6970454171014334,0.7482014388489209,4.26479434967041,20260228_114952_run28
tsfresh,ElectricDevices,0.929581117883543,0.929726133413832,0.9308860301816855,0.929581117883543,277.02934861183167,20260228_115429_run28
tsfresh,Epilepsy,1.0,1.0,1.0,1.0,3.2674200534820557,20260228_115433_run28
tsfresh,EthanolConcentration,0.5779467680608364,0.5694475822253124,0.5813837740846755,0.5779467680608364,5.653642416000366,20260228_115438_run28
tsfresh,EthanolLevel,0.824,0.8219724682177925,0.8219867398270329,0.824,7.623431205749512,20260228_115446_run28
tsfresh,FaceAll,0.9810650887573964,0.9814908115015094,0.9828372020345764,0.9810650887573964,153.1863250732422,20260228_115719_run28
tsfresh,FiftyWords,0.7648351648351648,0.7406867707128314,0.7587937082556664,0.7648351648351648,86.53571391105652,20260228_115846_run28
tsfresh,FingerMovements,0.55,0.5498648783905514,0.5498397435897435,0.55,56.86789584159851,20260228_115943_run28
tsfresh,Fish,0.9428571428571428,0.9421410365408213,0.9427350082629584,0.9428571428571428,3.1467700004577637,20260228_115946_run28
tsfresh,FordA,1.0,1.0,1.0,1.0,54.52843451499939,20260228_120040_run28
tsfresh,FordB,0.9506172839506173,0.9506181872048616,0.9506306818134775,0.9506172839506173,49.68200898170471,20260228_120130_run28
tsfresh,FreezerRegularTrain,0.9982456140350877,0.9982456120911676,0.9982478223356852,0.9982456140350877,16.75502109527588,20260228_120147_run28
tsfresh,FreezerSmallTrain,0.9438596491228071,0.9437037037037037,0.9488328664799255,0.9438596491228071,15.26585841178894,20260228_120202_run28
tsfresh,Fungi,0.7903225806451613,0.7850275642949515,0.820309954382535,0.7903225806451613,16.499043941497803,20260228_120219_run28
tsfresh,GunPoint,0.98,0.9800008889283968,0.9800888888888888,0.98,2.0718135833740234,20260228_120221_run28
tsfresh,GunPointAgeSpan,0.9873417721518988,0.9873417721518988,0.9876582278481013,0.9873417721518988,3.395500898361206,20260228_120224_run28
tsfresh,GunPointMaleVersusFemale,1.0,1.0,1.0,1.0,3.5030477046966553,20260228_120228_run28
tsfresh,GunPointOldVersusYoung,1.0,1.0,1.0,1.0,3.3866159915924072,20260228_120231_run28
tsfresh,Ham,0.8666666666666667,0.866690856313498,0.867343976777939,0.8666666666666667,2.190488576889038,20260228_120233_run28
tsfresh,HandMovementDirection,0.35135135135135137,0.3509304864531506,0.40205266936765993,0.35135135135135137,7.821342468261719,20260228_120241_run28
tsfresh,HandOutlines,0.9297297297297298,0.9296111810817692,0.929551212715798,0.9297297297297298,12.969409704208374,20260228_120254_run28
tsfresh,Handwriting,0.4176470588235294,0.3843834404320571,0.47317882408925616,0.4176470588235294,70.04013323783875,20260228_120404_run28
tsfresh,Haptics,0.538961038961039,0.5054992208738645,0.5374507795575212,0.538961038961039,3.485262155532837,20260228_120408_run28
tsfresh,Heartbeat,0.7268292682926829,0.6975031331340982,0.6953453249771653,0.7268292682926829,99.25861310958862,20260228_120547_run28
tsfresh,Herring,0.59375,0.5605113636363637,0.57125,0.59375,1.680037498474121,20260228_120549_run28
tsfresh,HouseTwenty,0.957983193277311,0.9576120473953291,0.9608221667045197,0.957983193277311,1.7959778308868408,20260228_120551_run28
tsfresh,InlineSkate,0.7745454545454545,0.7732686225353173,0.7755277109801171,0.7745454545454545,4.197407007217407,20260228_120555_run28
tsfresh,InsectEPGRegularTrain,1.0,1.0,1.0,1.0,2.6058967113494873,20260228_120558_run28
tsfresh,InsectEPGSmallTrain,1.0,1.0,1.0,1.0,2.268277406692505,20260228_120600_run28
tsfresh,InsectWingbeatSound,0.647979797979798,0.6361093451372339,0.6399016586339645,0.647979797979798,117.9795789718628,20260228_120758_run28
tsfresh,ItalyPowerDemand,0.9630709426627794,0.963070314873827,0.9631351797531563,0.9630709426627794,4.3178136348724365,20260228_120802_run28
tsfresh,LSST,0.7392538523925385,0.7057885890246719,0.7179081475969752,0.7392538523925385,588.9488179683685,20260228_121752_run28
tsfresh,LargeKitchenAppliances,0.9333333333333333,0.9330716902145473,0.9342592592592591,0.9333333333333333,5.928541898727417,20260228_121758_run28
tsfresh,Libras,0.9277777777777778,0.927651948695427,0.9331579531579531,0.9277777777777778,39.88021802902222,20260228_121837_run28
tsfresh,Lightning2,0.7377049180327869,0.7367048823172255,0.7373085930462979,0.7377049180327869,1.615551471710205,20260228_121839_run28
tsfresh,Lightning7,0.8493150684931506,0.8502685814870385,0.8534627092846271,0.8493150684931506,1.7810423374176025,20260228_121841_run28
tsfresh,Mallat,0.9646055437100213,0.964293989105471,0.9695836774100675,0.9646055437100213,13.396315097808838,20260228_121854_run28
tsfresh,Meat,0.9833333333333333,0.9833229101521785,0.9841269841269842,0.9833333333333333,1.611684799194336,20260228_121856_run28
tsfresh,MedicalImages,0.8447368421052631,0.842532186144589,0.8503663746935587,0.8447368421052631,7.997140169143677,20260228_121904_run28
tsfresh,MiddlePhalanxOutlineAgeGroup,0.6103896103896104,0.6022685497724098,0.600744461576775,0.6103896103896104,5.195163011550903,20260228_121909_run28
tsfresh,FaceFour,0.9204545454545454,0.9220321758302329,0.9373278236914601,0.9204545454545454,1.5606358051300049,20260228_121911_run28
tsfresh,FacesUCR,0.9478048780487804,0.9480638452969798,0.9501453716916666,0.9478048780487804,118.27339434623718,20260228_122109_run28
tsfresh,ACSF1,0.85,0.8499597815225759,0.8780842686725039,0.85,2.1809046268463135,20260228_122111_run29
tsfresh,Adiac,0.8337595907928389,0.830037785474511,0.8678876424212667,0.8337595907928389,64.82380747795105,20260228_122216_run29
tsfresh,ArrowHead,0.8171428571428572,0.8163020013802622,0.8204722388112917,0.8171428571428572,2.1132125854492188,20260228_122218_run29
tsfresh,ArticularyWordRecognition,0.9866666666666667,0.9866434782608693,0.9876923076923078,0.9866666666666667,103.04760193824768,20260228_122401_run29
tsfresh,AtrialFibrillation,0.26666666666666666,0.2611111111111111,0.273015873015873,0.26666666666666666,1.4686322212219238,20260228_122403_run29
tsfresh,BME,1.0,1.0,1.0,1.0,1.8577616214752197,20260228_122405_run29
tsfresh,BasicMotions,1.0,1.0,1.0,1.0,2.8190388679504395,20260228_122408_run29
tsfresh,Beef,0.8,0.7997668997668997,0.8492063492063492,0.8,1.3077874183654785,20260228_122409_run29
tsfresh,BeetleFly,0.9,0.9,0.9,0.9,1.190506935119629,20260228_122410_run29
tsfresh,BirdChicken,0.9,0.898989898989899,0.9166666666666667,0.9,1.294241189956665,20260228_122411_run29
tsfresh,CBF,0.9988888888888889,0.9988888796908224,0.9988925559222589,0.9988888888888889,5.0197906494140625,20260228_122416_run29
tsfresh,Car,0.8833333333333333,0.8835575583420411,0.902962962962963,0.8833333333333333,1.7215313911437988,20260228_122418_run29
tsfresh,Chinatown,0.9795918367346939,0.9797527015094049,0.9804155641392176,0.9795918367346939,1.924710750579834,20260228_122420_run29
tsfresh,ChlorineConcentration,0.8580729166666666,0.8552728879067771,0.8600126062397869,0.8580729166666666,26.718900680541992,20260228_122447_run29
tsfresh,CinCECGTorso,0.9971014492753624,0.9971014492753624,0.9971014492753624,0.9971014492753624,8.534708976745605,20260228_122455_run29
tsfresh,Coffee,1.0,1.0,1.0,1.0,1.3110496997833252,20260228_122457_run29
tsfresh,Computers,0.88,0.88,0.88,0.88,4.062654972076416,20260228_122501_run29
tsfresh,Cricket,1.0,1.0,1.0,1.0,43.893266916275024,20260228_122545_run29
tsfresh,CricketX,0.782051282051282,0.777297801231509,0.7814275658470339,0.782051282051282,64.19052028656006,20260228_122649_run29
tsfresh,CricketY,0.8076923076923077,0.8079438049190953,0.8153996061956705,0.8076923076923077,64.88332152366638,20260228_122754_run29
tsfresh,CricketZ,0.8102564102564103,0.8123849640253018,0.8182077183325216,0.8102564102564103,63.92635416984558,20260228_122858_run29
tsfresh,DiatomSizeReduction,0.8888888888888888,0.8954493425413247,0.9348895222883161,0.8888888888888888,2.4734883308410645,20260228_122914_run29
tsfresh,DistalPhalanxOutlineAgeGroup,0.7410071942446043,0.7369296825595617,0.7424363914441203,0.7410071942446043,5.356412410736084,20260228_122919_run29
tsfresh,DistalPhalanxOutlineCorrect,0.8369565217391305,0.8341579686175314,0.8398726851851852,0.8369565217391305,7.376198768615723,20260228_122927_run29
tsfresh,DistalPhalanxTW,0.6762589928057554,0.6581466603620493,0.6458721334620615,0.6762589928057554,5.413118362426758,20260228_122932_run29
tsfresh,ECG200,0.91,0.9102621076475029,0.9107164307164308,0.91,2.0995559692382812,20260228_122934_run29
tsfresh,ECG5000,0.9457777777777778,0.9361343740932755,0.9349608617350279,0.9457777777777778,32.54321026802063,20260228_123007_run29
tsfresh,ECGFiveDays,1.0,1.0,1.0,1.0,4.928513526916504,20260228_123012_run29
tsfresh,EOGHorizontalSignal,0.8425414364640884,0.836730814487324,0.8515151576931033,0.8425414364640884,59.27421045303345,20260228_123111_run29
tsfresh,EOGVerticalSignal,0.7817679558011049,0.7742134337179937,0.7709200837018962,0.7817679558011049,59.91459035873413,20260228_123211_run29
tsfresh,ERing,0.9592592592592593,0.9592154148869213,0.9605820105820106,0.9592592592592593,4.039422273635864,20260228_123215_run29
tsfresh,Earthquakes,0.7266187050359713,0.6610348085168228,0.6479616306954438,0.7266187050359713,4.434051036834717,20260228_123220_run29
tsfresh,ElectricDevices,0.9315263908701854,0.9316530716611003,0.9324030572722318,0.9315263908701854,277.18302965164185,20260228_123657_run29
tsfresh,Epilepsy,1.0,1.0,1.0,1.0,3.2331717014312744,20260228_123700_run29
tsfresh,EthanolConcentration,0.5285171102661597,0.531580206865378,0.5806471445056088,0.5285171102661597,5.633157014846802,20260228_123706_run29
tsfresh,EthanolLevel,0.772,0.7711814731451251,0.7704614973391083,0.772,7.726047515869141,20260228_123714_run29
tsfresh,FaceAll,0.9769230769230769,0.978211885638798,0.9811450111255351,0.9769230769230769,153.0981786251068,20260228_123947_run29
tsfresh,FiftyWords,0.7604395604395604,0.7444858388486653,0.7648932753780133,0.7604395604395604,86.65055990219116,20260228_124113_run29
tsfresh,FingerMovements,0.63,0.6286986232539443,0.6305681818181817,0.63,57.625404596328735,20260228_124211_run29
tsfresh,Fish,0.9542857142857143,0.9543104044931866,0.9558459627329192,0.9542857142857143,2.920832872390747,20260228_124214_run29
tsfresh,FordA,1.0,1.0,1.0,1.0,54.63250207901001,20260228_124309_run29
tsfresh,FordB,0.9419753086419753,0.9419511486125381,0.9424130654163553,0.9419753086419753,49.9747793674469,20260228_124359_run29
tsfresh,FreezerRegularTrain,0.9975438596491228,0.9975438593467356,0.9975441046693037,0.9975438596491228,16.68445372581482,20260228_124415_run29
tsfresh,FreezerSmallTrain,0.9582456140350877,0.9582433469148648,0.9583451549219184,0.9582456140350877,15.298795700073242,20260228_124431_run29
tsfresh,Fungi,0.6451612903225806,0.6225632581514935,0.658183990442055,0.6451612903225806,16.66896414756775,20260228_124447_run29
tsfresh,GunPoint,0.9866666666666667,0.9866666666666667,0.9866666666666667,0.9866666666666667,1.9659037590026855,20260228_124449_run29
tsfresh,GunPointAgeSpan,0.9936708860759493,0.9936711396157453,0.9937510014420766,0.9936708860759493,3.392796277999878,20260228_124453_run29
tsfresh,GunPointMaleVersusFemale,0.9968354430379747,0.9968359194795887,0.9968564003688489,0.9968354430379747,3.517550230026245,20260228_124456_run29
tsfresh,GunPointOldVersusYoung,1.0,1.0,1.0,1.0,3.398167133331299,20260228_124500_run29
tsfresh,Ham,0.819047619047619,0.8190804567902834,0.8192618702052664,0.819047619047619,2.2973225116729736,20260228_124502_run29
tsfresh,HandMovementDirection,0.527027027027027,0.5317641375238198,0.5644013578796188,0.527027027027027,7.7358927726745605,20260228_124510_run29
tsfresh,HandOutlines,0.9486486486486486,0.9485172524558421,0.9485213097713098,0.9486486486486486,13.296281576156616,20260228_124523_run29
tsfresh,Handwriting,0.4011764705882353,0.359752866975283,0.4943108271560352,0.4011764705882353,70.10010170936584,20260228_124633_run29
tsfresh,Haptics,0.5032467532467533,0.48327863235706564,0.5017470624613481,0.5032467532467533,3.486999750137329,20260228_124637_run29
tsfresh,Heartbeat,0.7560975609756098,0.7237660588700541,0.7347827410858379,0.7560975609756098,98.25417184829712,20260228_124815_run29
tsfresh,Herring,0.546875,0.5416074657711185,0.5386731177094379,0.546875,1.6832263469696045,20260228_124817_run29
tsfresh,HouseTwenty,0.9663865546218487,0.9664689405173833,0.9671053266312265,0.9663865546218487,1.8991515636444092,20260228_124819_run29
tsfresh,InlineSkate,0.7854545454545454,0.7839947565370213,0.7862100535771133,0.7854545454545454,4.188992500305176,20260228_124823_run29
tsfresh,InsectEPGRegularTrain,1.0,1.0,1.0,1.0,2.4788315296173096,20260228_124826_run29
tsfresh,InsectEPGSmallTrain,1.0,1.0,1.0,1.0,2.3857829570770264,20260228_124828_run29
tsfresh,InsectWingbeatSound,0.6444444444444445,0.6332794238326398,0.6356137261527355,0.6444444444444445,117.73711276054382,20260228_125026_run29
tsfresh,ItalyPowerDemand,0.9523809523809523,0.9523807724870222,0.9523823915446256,0.9523809523809523,4.3534533977508545,20260228_125030_run29
tsfresh,LSST,0.7364152473641524,0.7017494196898203,0.7100413839956747,0.7364152473641524,590.2489821910858,20260228_130021_run29
tsfresh,LargeKitchenAppliances,0.952,0.9521230257157031,0.9524282786885245,0.952,5.888598680496216,20260228_130027_run29
tsfresh,Libras,0.9388888888888889,0.938775176514307,0.9406704406704407,0.9388888888888889,39.61499810218811,20260228_130106_run29
tsfresh,Lightning2,0.7540983606557377,0.7371595959790944,0.804751722499406,0.7540983606557377,1.6077075004577637,20260228_130108_run29
tsfresh,Lightning7,0.821917808219178,0.8186662314920659,0.8503315938247445,0.821917808219178,1.7697298526763916,20260228_130110_run29
tsfresh,Mallat,0.9680170575692963,0.9679780637443548,0.9686164338681273,0.9680170575692963,13.268706798553467,20260228_130123_run29
tsfresh,Meat,1.0,1.0,1.0,1.0,1.7013816833496094,20260228_130125_run29
tsfresh,MedicalImages,0.85,0.8494966502170568,0.8558551239754904,0.85,7.892213344573975,20260228_130133_run29
tsfresh,MiddlePhalanxOutlineAgeGroup,0.5909090909090909,0.586327426901614,0.6137732930185761,0.5909090909090909,5.181592702865601,20260228_130138_run29
tsfresh,FaceFour,0.9545454545454546,0.9546754603807895,0.9588296760710553,0.9545454545454546,1.574599027633667,20260228_130140_run29
tsfresh,FacesUCR,0.948780487804878,0.9490382625662265,0.9512295430896984,0.948780487804878,118.2661862373352,20260228_130338_run29
tsfresh,ACSF1,0.8,0.7906356801093642,0.8386507936507936,0.8,2.170100450515747,20260228_130340_run30
tsfresh,Adiac,0.8209718670076727,0.8214295065410312,0.8492026160824117,0.8209718670076727,64.56452059745789,20260228_130445_run30
tsfresh,ArrowHead,0.88,0.8819021329547645,0.8879627916740466,0.88,2.134430170059204,20260228_130447_run30
tsfresh,ArticularyWordRecognition,0.98,0.9798129117259551,0.9812820512820511,0.98,102.94109535217285,20260228_130630_run30
tsfresh,AtrialFibrillation,0.4666666666666667,0.4090909090909091,0.36507936507936506,0.4666666666666667,1.3719992637634277,20260228_130631_run30
tsfresh,BME,1.0,1.0,1.0,1.0,1.9581685066223145,20260228_130633_run30
tsfresh,BasicMotions,1.0,1.0,1.0,1.0,2.8391482830047607,20260228_130636_run30
tsfresh,Beef,0.8666666666666667,0.8666666666666667,0.8666666666666667,0.8666666666666667,1.303511381149292,20260228_130637_run30
tsfresh,BeetleFly,0.85,0.849624060150376,0.8535353535353536,0.85,1.1894712448120117,20260228_130639_run30
tsfresh,BirdChicken,0.95,0.949874686716792,0.9545454545454545,0.95,1.2990450859069824,20260228_130640_run30
tsfresh,CBF,1.0,1.0,1.0,1.0,5.016538858413696,20260228_130645_run30
tsfresh,Car,0.95,0.9495246913580246,0.9517857142857142,0.95,1.633465051651001,20260228_130647_run30
tsfresh,Chinatown,0.967930029154519,0.968367469509236,0.9703681819468427,0.967930029154519,2.0481932163238525,20260228_130649_run30
tsfresh,ChlorineConcentration,0.8505208333333333,0.8464508495057489,0.8490878926603116,0.8505208333333333,26.794601440429688,20260228_130715_run30
tsfresh,CinCECGTorso,0.9942028985507246,0.9942025278920642,0.9942774532615,0.9942028985507246,8.446258306503296,20260228_130724_run30
tsfresh,Coffee,1.0,1.0,1.0,1.0,1.406661033630371,20260228_130725_run30
tsfresh,Computers,0.872,0.871473555684082,0.8781963693148546,0.872,4.061266660690308,20260228_130729_run30
tsfresh,Cricket,1.0,1.0,1.0,1.0,43.4427125453949,20260228_130813_run30
tsfresh,CricketX,0.7974358974358975,0.7955242537178651,0.801913418686317,0.7974358974358975,63.95793890953064,20260228_130917_run30
tsfresh,CricketY,0.8153846153846154,0.8161045721515287,0.8187880459362662,0.8153846153846154,64.18584680557251,20260228_131021_run30
tsfresh,CricketZ,0.8,0.8027821012232595,0.8104725860047787,0.8,64.36513781547546,20260228_131125_run30
tsfresh,DiatomSizeReduction,0.9117647058823529,0.8867620751341682,0.9314535731648032,0.9117647058823529,2.481350898742676,20260228_131142_run30
tsfresh,DistalPhalanxOutlineAgeGroup,0.762589928057554,0.7566089038291013,0.7653593669389729,0.762589928057554,5.34302020072937,20260228_131147_run30
tsfresh,DistalPhalanxOutlineCorrect,0.8442028985507246,0.8438924658307918,0.843786295005807,0.8442028985507246,7.367228269577026,20260228_131154_run30
tsfresh,DistalPhalanxTW,0.7338129496402878,0.7192873852000911,0.7242216717970265,0.7338129496402878,5.301103830337524,20260228_131200_run30
tsfresh,ECG200,0.91,0.9097150343924008,0.9096263736263737,0.91,2.0746443271636963,20260228_131202_run30
tsfresh,ECG5000,0.9442222222222222,0.9385714657096681,0.9356729235933506,0.9442222222222222,32.484978675842285,20260228_131234_run30
tsfresh,ECGFiveDays,1.0,1.0,1.0,1.0,4.923170804977417,20260228_131239_run30
tsfresh,EOGHorizontalSignal,0.8287292817679558,0.8263778083025598,0.8290681033547901,0.8287292817679558,59.22343635559082,20260228_131339_run30
tsfresh,EOGVerticalSignal,0.7679558011049724,0.7636444476695775,0.7663299154345067,0.7679558011049724,59.39492440223694,20260228_131438_run30
tsfresh,ERing,0.9703703703703703,0.9705281686595805,0.9710847295028608,0.9703703703703703,4.083153486251831,20260228_131442_run30
tsfresh,Earthquakes,0.7410071942446043,0.7118876327509421,0.7053641297488326,0.7410071942446043,4.367208242416382,20260228_131446_run30
tsfresh,ElectricDevices,0.9289326935546621,0.9290391717049714,0.9301673109465359,0.9289326935546621,277.40928888320923,20260228_131924_run30
tsfresh,Epilepsy,1.0,1.0,1.0,1.0,3.253216028213501,20260228_131927_run30
tsfresh,EthanolConcentration,0.5627376425855514,0.5657069899026126,0.5742760435684886,0.5627376425855514,5.6347222328186035,20260228_131933_run30
tsfresh,EthanolLevel,0.81,0.8095388990095876,0.8098232644799348,0.81,7.576101064682007,20260228_131941_run30
tsfresh,FaceAll,0.98698224852071,0.9869788607760676,0.9871053403417424,0.98698224852071,153.18992352485657,20260228_132214_run30
tsfresh,FiftyWords,0.7538461538461538,0.7401392901910876,0.7468541205726142,0.7538461538461538,86.67666101455688,20260228_132341_run30
tsfresh,FingerMovements,0.64,0.6371014492753624,0.6472757337742869,0.64,57.36960053443909,20260228_132438_run30
tsfresh,Fish,0.96,0.9604482519351903,0.9629061224489796,0.96,2.905275344848633,20260228_132441_run30
tsfresh,FordA,1.0,1.0,1.0,1.0,54.368929862976074,20260228_132535_run30
tsfresh,FordB,0.945679012345679,0.945680005925348,0.9456925306387671,0.945679012345679,49.769851207733154,20260228_132625_run30
tsfresh,FreezerRegularTrain,0.9971929824561403,0.9971929824561403,0.9971929824561403,0.9971929824561403,16.711851119995117,20260228_132642_run30
tsfresh,FreezerSmallTrain,0.9329824561403509,0.9329800715593327,0.9330440872840753,0.9329824561403509,15.287690162658691,20260228_132657_run30
tsfresh,Fungi,0.6935483870967742,0.6849338094236755,0.7370851550761418,0.6935483870967742,16.74563956260681,20260228_132714_run30
tsfresh,GunPoint,0.9933333333333333,0.9933324440887468,0.9934199134199135,0.9933333333333333,1.9909148216247559,20260228_132716_run30
tsfresh,GunPointAgeSpan,0.9968354430379747,0.9968352845422689,0.9968550986712791,0.9968354430379747,3.411212682723999,20260228_132719_run30
tsfresh,GunPointMaleVersusFemale,0.9968354430379747,0.9968349027237305,0.9968543924808612,0.9968354430379747,3.518810272216797,20260228_132723_run30
tsfresh,GunPointOldVersusYoung,1.0,1.0,1.0,1.0,3.4092516899108887,20260228_132726_run30
tsfresh,Ham,0.8666666666666667,0.866326530612245,0.8685253118121791,0.8666666666666667,2.2342045307159424,20260228_132729_run30
tsfresh,HandMovementDirection,0.5405405405405406,0.542234959417622,0.5893582369554909,0.5405405405405406,8.133456468582153,20260228_132737_run30
tsfresh,HandOutlines,0.9432432432432433,0.9428892509973592,0.9432777039334417,0.9432432432432433,12.964797258377075,20260228_132750_run30
tsfresh,Handwriting,0.39294117647058824,0.35300889386673356,0.4338489956311723,0.39294117647058824,70.06180214881897,20260228_132900_run30
tsfresh,Haptics,0.4902597402597403,0.4650477694459384,0.4820646701254877,0.4902597402597403,3.379638433456421,20260228_132903_run30
tsfresh,Heartbeat,0.7707317073170732,0.756867322568025,0.7557169253510717,0.7707317073170732,98.77769112586975,20260228_133042_run30
tsfresh,Herring,0.59375,0.4424019607843137,0.3525390625,0.59375,1.6813952922821045,20260228_133044_run30
tsfresh,HouseTwenty,0.9663865546218487,0.966159703317947,0.968228387245309,0.9663865546218487,1.7987933158874512,20260228_133046_run30
tsfresh,InlineSkate,0.7345454545454545,0.7327225271933181,0.7544697031115859,0.7345454545454545,4.1820714473724365,20260228_133050_run30
tsfresh,InsectEPGRegularTrain,1.0,1.0,1.0,1.0,2.487823724746704,20260228_133053_run30
tsfresh,InsectEPGSmallTrain,1.0,1.0,1.0,1.0,2.2461998462677,20260228_133055_run30
tsfresh,InsectWingbeatSound,0.6388888888888888,0.6242407655322644,0.6283615552809444,0.6388888888888888,117.96907162666321,20260228_133253_run30
tsfresh,ItalyPowerDemand,0.9650145772594753,0.9650122642654294,0.9651922775106374,0.9650145772594753,4.339306354522705,20260228_133257_run30
tsfresh,LSST,0.7335766423357665,0.7010602569229577,0.7397921952044996,0.7335766423357665,591.0030386447906,20260228_134249_run30
tsfresh,LargeKitchenAppliances,0.928,0.9278129774341863,0.9304726113622691,0.928,6.0556299686431885,20260228_134255_run30
tsfresh,Libras,0.95,0.9495412220629613,0.9575702075702075,0.95,39.97323036193848,20260228_134335_run30
tsfresh,Lightning2,0.7213114754098361,0.7174632494420072,0.7236560753273061,0.7213114754098361,1.6316065788269043,20260228_134336_run30
tsfresh,Lightning7,0.8767123287671232,0.8758353547445537,0.8791041530767557,0.8767123287671232,1.9052109718322754,20260228_134338_run30
tsfresh,Mallat,0.9692963752665246,0.9690302198047476,0.973075971334313,0.9692963752665246,13.317638635635376,20260228_134352_run30
tsfresh,Meat,1.0,1.0,1.0,1.0,1.6273162364959717,20260228_134353_run30
tsfresh,MedicalImages,0.8421052631578947,0.8414956850268875,0.8443379987217084,0.8421052631578947,7.990922451019287,20260228_134401_run30
tsfresh,MiddlePhalanxOutlineAgeGroup,0.6233766233766234,0.6148375581626977,0.6407617855466393,0.6233766233766234,5.012040138244629,20260228_134406_run30
tsfresh,FaceFour,0.9090909090909091,0.9088408262609271,0.9208383173843699,0.9090909090909091,1.5572857856750488,20260228_134408_run30
tsfresh,FacesUCR,0.9580487804878048,0.9579229347915633,0.9592178728349937,0.9580487804878048,118.28264617919922,20260228_134606_run30
tsfresh,MiddlePhalanxOutlineCorrect,0.8625429553264605,0.8627871415494737,0.8633598834989389,0.8625429553264605,7.992578983306885,20260301_094714_run1
tsfresh,MiddlePhalanxTW,0.5844155844155844,0.5619803090391325,0.6176498922088336,0.5844155844155844,5.189545631408691,20260301_094719_run1
tsfresh,MixedShapesRegularTrain,0.9744329896907217,0.9744525124307762,0.9746563348391953,0.9744329896907217,19.47240710258484,20260301_094739_run1
tsfresh,MixedShapesSmallTrain,0.934020618556701,0.934153919408554,0.9344143481626699,0.934020618556701,14.308980226516724,20260301_094753_run1
tsfresh,MoteStrain,0.9185303514376997,0.918591749386692,0.9188834034657132,0.9185303514376997,7.590826511383057,20260301_094801_run1
tsfresh,MotorImagery,0.52,0.5169082125603864,0.5205254515599343,0.52,107.85960388183594,20260301_094949_run1
tsfresh,NATOPS,0.9388888888888889,0.9384053257004076,0.9400393513296739,0.9388888888888889,44.05740284919739,20260301_095033_run1
tsfresh,NonInvasiveFetalECGThorax1,0.9526717557251908,0.9520153400688972,0.9524169293118717,0.9526717557251908,381.9825930595398,20260301_095655_run1
tsfresh,NonInvasiveFetalECGThorax2,0.9633587786259542,0.9633554067184029,0.96444984249575,0.9633587786259542,381.6961224079132,20260301_100316_run1
tsfresh,OSULeaf,0.9380165289256198,0.9380180025127987,0.9386748214079264,0.9380165289256198,3.6539034843444824,20260301_100320_run1
tsfresh,OliveOil,0.9,0.8930127360562143,0.9176767676767678,0.9,1.3037083148956299,20260301_100321_run1
tsfresh,PhalangesOutlinesCorrect,0.8601398601398601,0.8579844925500683,0.860750896277212,0.8601398601398601,24.1922504901886,20260301_100346_run1
tsfresh,Phoneme,0.290084388185654,0.25992697560585054,0.3079472557093749,0.290084388185654,112.68184757232666,20260301_100539_run1
tsfresh,PhonemeSpectra,0.2564867283030122,0.25929391952973446,0.3666496793409095,0.2564867283030122,877.33318400383,20260301_102020_run1
tsfresh,PigAirwayPressure,0.1875,0.16990982455505,0.21628586691086688,0.1875,25.400439739227295,20260301_102045_run1
tsfresh,Plane,1.0,1.0,1.0,1.0,2.2935969829559326,20260301_102048_run1
tsfresh,PowerCons,0.9833333333333333,0.983328702417338,0.9838709677419355,0.9833333333333333,3.0354349613189697,20260301_102051_run1
tsfresh,ProximalPhalanxOutlineAgeGroup,0.848780487804878,0.8511000394980794,0.8579440808915093,0.848780487804878,5.492455244064331,20260301_102056_run1
tsfresh,ProximalPhalanxOutlineCorrect,0.8969072164948454,0.8944137959457631,0.8969419654768864,0.8969072164948454,7.219902276992798,20260301_102103_run1
tsfresh,ProximalPhalanxTW,0.8048780487804879,0.7816271990062871,0.7725561872160076,0.8048780487804879,5.714786767959595,20260301_102109_run1
tsfresh,RacketSports,0.9078947368421053,0.9075176977531547,0.9092789598108747,0.9078947368421053,8.330563068389893,20260301_102118_run1
tsfresh,RefrigerationDevices,0.5946666666666667,0.5854181417669735,0.6015087599285524,0.5946666666666667,5.802930116653442,20260301_102123_run1
tsfresh,Rock,0.8,0.8076923076923077,0.8266666666666665,0.8,1.3507835865020752,20260301_102125_run1
tsfresh,ScreenType,0.624,0.6243214030099277,0.6254562015655295,0.624,6.06302285194397,20260301_102131_run1
tsfresh,SelfRegulationSCP1,0.9215017064846417,0.92135882411152,0.9248690221376855,0.9215017064846417,7.240535497665405,20260301_102138_run1
tsfresh,SelfRegulationSCP2,0.5055555555555555,0.502962985945208,0.5056739377127727,0.5055555555555555,6.507794380187988,20260301_102145_run1
tsfresh,PigArtPressure,0.34134615384615385,0.31488283608728956,0.38595308537616224,0.34134615384615385,25.324036836624146,20260301_102210_run1
tsfresh,PigCVP,0.18269230769230768,0.1621177957262863,0.19606881214024072,0.18269230769230768,25.098196268081665,20260301_102236_run1
tsfresh,SemgHandGenderCh2,0.9783333333333334,0.9782460749897702,0.9784547902371232,0.9783333333333334,6.211651563644409,20260301_102242_run1
tsfresh,SemgHandMovementCh2,0.9311111111111111,0.9315364319384889,0.933682502014564,0.9311111111111111,7.040983200073242,20260301_102249_run1
tsfresh,SemgHandSubjectCh2,0.9822222222222222,0.9821573224360511,0.9823834026559277,0.9822222222222222,7.117688417434692,20260301_102256_run1
tsfresh,ShapeletSim,1.0,1.0,1.0,1.0,1.9353089332580566,20260301_102258_run1
tsfresh,ShapesAll,0.8966666666666666,0.8952195065669288,0.9051591926591925,0.8966666666666666,112.43417882919312,20260301_102451_run1
tsfresh,SmallKitchenAppliances,0.8213333333333334,0.8219151274292853,0.8249548605028927,0.8213333333333334,5.9061760902404785,20260301_102457_run1
tsfresh,SmoothSubspace,0.98,0.9799819837854068,0.9811320754716981,0.98,2.232915163040161,20260301_102459_run1
tsfresh,SonyAIBORobotSurface1,0.9168053244592346,0.9172202801084787,0.928375030923415,0.9168053244592346,3.545307159423828,20260301_102502_run1
tsfresh,SonyAIBORobotSurface2,0.9590766002098636,0.9591284269592217,0.9592355715620877,0.9590766002098636,4.797455787658691,20260301_102507_run1
tsfresh,StandWalkJump,0.4,0.36507936507936506,0.36111111111111105,0.4,2.0040018558502197,20260301_102509_run1
tsfresh,StarLightCurves,0.9823943661971831,0.9822342815544434,0.9822752957463616,0.9823943661971831,65.81197237968445,20260301_102616_run1
tsfresh,Strawberry,0.981081081081081,0.9810968625030194,0.9811281539462753,0.981081081081081,7.92510461807251,20260301_102624_run1
tsfresh,SwedishLeaf,0.9696,0.96949727031447,0.9695766660364278,0.9696,100.74358129501343,20260301_102804_run1
tsfresh,Symbols,0.9738693467336683,0.9738980962999657,0.9740211695963188,0.9738693467336683,5.51060152053833,20260301_102810_run1
tsfresh,SyntheticControl,1.0,1.0,1.0,1.0,4.6719512939453125,20260301_102815_run1
tsfresh,ToeSegmentation1,0.8552631578947368,0.855026382137333,0.8643842616249362,0.8552631578947368,2.2624435424804688,20260301_102817_run1
tsfresh,ToeSegmentation2,0.8615384615384616,0.8464383411751834,0.8488442591890868,0.8615384615384616,1.9259788990020752,20260301_102819_run1
tsfresh,Trace,1.0,1.0,1.0,1.0,2.0662505626678467,20260301_102821_run1
tsfresh,TwoLeadECG,0.9947322212467077,0.9947322212467077,0.9947322212467077,0.9947322212467077,5.83523416519165,20260301_102827_run1
tsfresh,TwoPatterns,1.0,1.0,1.0,1.0,38.36943244934082,20260301_102906_run1
tsfresh,UMD,0.9930555555555556,0.993054801953337,0.9931972789115646,0.9930555555555556,1.8761911392211914,20260301_102907_run1
tsfresh,UWaveGestureLibrary,0.909375,0.9090166907562004,0.911254156758978,0.909375,4.618119955062866,20260301_102912_run1
tsfresh,UWaveGestureLibraryAll,0.9779452819653824,0.9779563987533859,0.9781323137947272,0.9779452819653824,32.27737307548523,20260301_102945_run1
tsfresh,UWaveGestureLibraryX,0.8710217755443886,0.8703646216388246,0.8700763786716561,0.8710217755443886,32.10605239868164,20260301_103017_run1
tsfresh,UWaveGestureLibraryY,0.8031825795644891,0.8021084120006862,0.8032061790612931,0.8031825795644891,32.17123889923096,20260301_103049_run1
tsfresh,UWaveGestureLibraryZ,0.8299832495812395,0.827984134850696,0.8268846919489435,0.8299832495812395,32.14982056617737,20260301_103122_run1
tsfresh,Wafer,1.0,1.0,1.0,1.0,51.793540477752686,20260301_103214_run1
tsfresh,Wine,0.7407407407407407,0.7403846153846153,0.7420689655172414,0.7407407407407407,1.5661003589630127,20260301_103216_run1
tsfresh,WordSynonyms,0.6802507836990596,0.651277041822611,0.6864077147942945,0.6802507836990596,57.109527587890625,20260301_103313_run1
tsfresh,Worms,0.8701298701298701,0.8688836917609555,0.8773690424408128,0.8701298701298701,2.4483261108398438,20260301_103315_run1
tsfresh,WormsTwoClass,0.8051948051948052,0.8055290052202044,0.8061364080515927,0.8051948051948052,2.442203998565674,20260301_103318_run1
tsfresh,Yoga,0.943,0.9429685520317729,0.943030123351552,0.943,19.405210494995117,20260301_103337_run1
tsfresh,MiddlePhalanxOutlineCorrect,0.8591065292096219,0.8573981415145605,0.8618731965022315,0.8591065292096219,7.4058496952056885,20260301_103345_run2
tsfresh,MiddlePhalanxTW,0.6428571428571429,0.603511661157838,0.6260776781903542,0.6428571428571429,5.213041067123413,20260301_103350_run2
tsfresh,MixedShapesRegularTrain,0.9781443298969072,0.9781412073191403,0.9781682060712356,0.9781443298969072,19.388611793518066,20260301_103409_run2
tsfresh,MixedShapesSmallTrain,0.9496907216494845,0.949844429182033,0.9507282576827278,0.9496907216494845,14.142296552658081,20260301_103424_run2
tsfresh,MoteStrain,0.8258785942492013,0.8235531818919726,0.8327069681803161,0.8258785942492013,7.6523497104644775,20260301_103431_run2
tsfresh,MotorImagery,0.49,0.4899489948994899,0.4899959983993597,0.49,103.11211681365967,20260301_103615_run2
tsfresh,NATOPS,0.9388888888888889,0.93972861564913,0.9416579588993383,0.9388888888888889,44.11704921722412,20260301_103659_run2
tsfresh,NonInvasiveFetalECGThorax1,0.961323155216285,0.9604631184288861,0.9611733693288574,0.961323155216285,382.99693417549133,20260301_104322_run2
tsfresh,NonInvasiveFetalECGThorax2,0.9653944020356234,0.9655065587310229,0.9680480517969716,0.9653944020356234,383.0231668949127,20260301_104945_run2
tsfresh,OSULeaf,0.9338842975206612,0.9338103866467253,0.9364868629715835,0.9338842975206612,3.5999045372009277,20260301_104949_run2
tsfresh,OliveOil,0.9,0.8987032799389779,0.9003030303030303,0.9,1.4072308540344238,20260301_104950_run2
tsfresh,PhalangesOutlinesCorrect,0.8496503496503497,0.8477683449410288,0.8492834678342099,0.8496503496503497,24.152104139328003,20260301_105014_run2
tsfresh,Phoneme,0.31856540084388185,0.2644274642155621,0.3336513009936022,0.31856540084388185,112.84984087944031,20260301_105207_run2
tsfresh,PhonemeSpectra,0.3286609006859529,0.3160607500646591,0.34704689462979244,0.3286609006859529,880.9659147262573,20260301_110650_run2
tsfresh,PigAirwayPressure,0.20673076923076922,0.17803343193019308,0.21806217088724827,0.20673076923076922,25.3404598236084,20260301_110716_run2
tsfresh,Plane,1.0,1.0,1.0,1.0,2.2755792140960693,20260301_110718_run2
tsfresh,PowerCons,0.9944444444444445,0.9944442729713879,0.9945054945054945,0.9944444444444445,3.116551399230957,20260301_110721_run2
tsfresh,ProximalPhalanxOutlineAgeGroup,0.8341463414634146,0.8378321375453541,0.8647557246214664,0.8341463414634146,5.65022349357605,20260301_110727_run2
tsfresh,ProximalPhalanxOutlineCorrect,0.8762886597938144,0.8727882008921901,0.8757031634468574,0.8762886597938144,7.464839220046997,20260301_110734_run2
tsfresh,ProximalPhalanxTW,0.7707317073170732,0.7504353765459442,0.74879237411581,0.7707317073170732,5.500853538513184,20260301_110740_run2
tsfresh,RacketSports,0.9210526315789473,0.9209376150165625,0.9213681132656201,0.9210526315789473,8.284064769744873,20260301_110748_run2
tsfresh,RefrigerationDevices,0.832,0.8321850145075952,0.8324414570129953,0.832,5.923644304275513,20260301_110754_run2
tsfresh,Rock,0.88,0.8792417582417582,0.8906060606060606,0.88,1.3180170059204102,20260301_110755_run2
tsfresh,ScreenType,0.7493333333333333,0.7491921709827818,0.75082845199791,0.7493333333333333,5.80718469619751,20260301_110801_run2
tsfresh,SelfRegulationSCP1,0.8873720136518771,0.8873326392028957,0.8878107375402416,0.8873720136518771,7.392060279846191,20260301_110809_run2
tsfresh,SelfRegulationSCP2,0.5388888888888889,0.5387607668796888,0.5389321468298108,0.5388888888888889,6.560834884643555,20260301_110815_run2
tsfresh,PigArtPressure,0.7692307692307693,0.7593584047531414,0.8477564102564101,0.7692307692307693,25.304612398147583,20260301_110841_run2
tsfresh,PigCVP,0.27884615384615385,0.26185585248085247,0.3358211233211233,0.27884615384615385,25.192855834960938,20260301_110906_run2
tsfresh,SemgHandGenderCh2,0.9866666666666667,0.9867088837937183,0.9869646990740741,0.9866666666666667,6.158891677856445,20260301_110912_run2
tsfresh,SemgHandMovementCh2,0.9311111111111111,0.9302552475552898,0.9320178227659551,0.9311111111111111,7.073282241821289,20260301_110919_run2
tsfresh,SemgHandSubjectCh2,0.9888888888888889,0.9888875054152703,0.9890587673196369,0.9888888888888889,7.209587812423706,20260301_110926_run2
tsfresh,ShapeletSim,1.0,1.0,1.0,1.0,2.003589153289795,20260301_110928_run2
tsfresh,ShapesAll,0.89,0.8856354747555895,0.8998002895797013,0.89,112.37846422195435,20260301_111121_run2
tsfresh,SmallKitchenAppliances,0.832,0.8318846377491718,0.8336154755522565,0.832,5.895596504211426,20260301_111127_run2
tsfresh,SmoothSubspace,0.9933333333333333,0.9933326665999933,0.9934640522875816,0.9933333333333333,2.2663285732269287,20260301_111129_run2
tsfresh,SonyAIBORobotSurface1,0.9584026622296173,0.9585488407148534,0.9606207975787556,0.9584026622296173,3.557077169418335,20260301_111132_run2
tsfresh,SonyAIBORobotSurface2,0.9496327387198321,0.9488478771358562,0.953434041457958,0.9496327387198321,4.8833653926849365,20260301_111137_run2
tsfresh,StandWalkJump,0.4,0.38241758241758245,0.425,0.4,1.9295547008514404,20260301_111139_run2
tsfresh,StarLightCurves,0.9825157843613405,0.9822193799932474,0.9825901430690462,0.9825157843613405,65.67711019515991,20260301_111245_run2
tsfresh,Strawberry,0.9864864864864865,0.9864977589307282,0.9865246420876,0.9864864864864865,8.085616111755371,20260301_111253_run2
tsfresh,SwedishLeaf,0.9776,0.9775293298173671,0.9777617434207565,0.9776,101.193199634552,20260301_111434_run2
tsfresh,Symbols,0.9748743718592965,0.974943070438033,0.9755612753114685,0.9748743718592965,5.385681867599487,20260301_111440_run2
tsfresh,SyntheticControl,1.0,1.0,1.0,1.0,4.808237075805664,20260301_111445_run2
tsfresh,ToeSegmentation1,0.8508771929824561,0.849004379079567,0.8608168147641831,0.8508771929824561,2.2502400875091553,20260301_111447_run2
tsfresh,ToeSegmentation2,0.8692307692307693,0.8766558305578268,0.8936486194218153,0.8692307692307693,1.9210996627807617,20260301_111449_run2
tsfresh,Trace,1.0,1.0,1.0,1.0,2.054619550704956,20260301_111451_run2
tsfresh,TwoLeadECG,0.9780509218612818,0.9780423577676154,0.9788326469714131,0.9780509218612818,5.824925899505615,20260301_111457_run2
tsfresh,TwoPatterns,1.0,1.0,1.0,1.0,38.3906831741333,20260301_111535_run2
tsfresh,UMD,0.9930555555555556,0.993054801953337,0.9931972789115646,0.9930555555555556,1.8706996440887451,20260301_111537_run2
tsfresh,UWaveGestureLibrary,0.91875,0.9190133443094656,0.9204130174067782,0.91875,4.584999322891235,20260301_111542_run2
tsfresh,UWaveGestureLibraryAll,0.9807370184254607,0.9807502697380627,0.9809410169574069,0.9807370184254607,32.134854555130005,20260301_111614_run2
tsfresh,UWaveGestureLibraryX,0.8715801228364043,0.8710697146811103,0.8754261204037127,0.8715801228364043,32.20752286911011,20260301_111646_run2
tsfresh,UWaveGestureLibraryY,0.8012283640424344,0.8001769030790333,0.8019633403885307,0.8012283640424344,32.06301832199097,20260301_111718_run2
tsfresh,UWaveGestureLibraryZ,0.8135120044667783,0.8119891766844592,0.8123111858748451,0.8135120044667783,32.069687604904175,20260301_111750_run2
tsfresh,Wafer,1.0,1.0,1.0,1.0,52.13350987434387,20260301_111843_run2
tsfresh,Wine,0.9814814814814815,0.98147512864494,0.9821428571428571,0.9814814814814815,1.5495965480804443,20260301_111844_run2
tsfresh,WordSynonyms,0.6630094043887147,0.6324551764437697,0.6620834330651668,0.6630094043887147,57.16001892089844,20260301_111941_run2
tsfresh,Worms,0.7142857142857143,0.7160794370903603,0.7320565695565695,0.7142857142857143,2.4830527305603027,20260301_111944_run2
tsfresh,WormsTwoClass,0.8441558441558441,0.8425165297535564,0.845648604269294,0.8441558441558441,2.444758653640747,20260301_111946_run2
tsfresh,Yoga,0.9456666666666667,0.9456825125767349,0.9457339956677274,0.9456666666666667,19.44955611228943,20260301_112006_run2
tsfresh,MiddlePhalanxOutlineCorrect,0.8556701030927835,0.8531916458979004,0.8611984828899201,0.8556701030927835,7.368591070175171,20260301_112013_run3
tsfresh,MiddlePhalanxTW,0.5324675324675324,0.5069801093996852,0.5190322970482492,0.5324675324675324,5.53993821144104,20260301_112019_run3
tsfresh,MixedShapesRegularTrain,0.9781443298969072,0.9781055002134964,0.9784316902209357,0.9781443298969072,19.410091161727905,20260301_112038_run3
tsfresh,MixedShapesSmallTrain,0.9501030927835051,0.9500826905359776,0.9501170026639063,0.9501030927835051,14.185130834579468,20260301_112052_run3
tsfresh,MoteStrain,0.8666134185303515,0.8665508718305226,0.8787762700531133,0.8666134185303515,7.661756277084351,20260301_112100_run3
tsfresh,MotorImagery,0.46,0.46,0.46,0.46,103.24064207077026,20260301_112244_run3
tsfresh,NATOPS,0.9722222222222222,0.9721526037315512,0.9736251402918068,0.9722222222222222,43.81634831428528,20260301_112328_run3
tsfresh,NonInvasiveFetalECGThorax1,0.9577608142493639,0.9567920203001379,0.9571837055154016,0.9577608142493639,382.67395091056824,20260301_112950_run3
tsfresh,NonInvasiveFetalECGThorax2,0.9679389312977099,0.9675798718818003,0.9683258157376815,0.9679389312977099,382.969975233078,20260301_113613_run3
tsfresh,OSULeaf,0.9462809917355371,0.9458446884537888,0.9464732682874307,0.9462809917355371,3.5527212619781494,20260301_113617_run3
tsfresh,OliveOil,0.9,0.9017316017316017,0.925,0.9,1.405653476715088,20260301_113618_run3
tsfresh,PhalangesOutlinesCorrect,0.8764568764568764,0.8750570894217303,0.8766230972606811,0.8764568764568764,24.11959171295166,20260301_113643_run3
tsfresh,Phoneme,0.3201476793248945,0.2597499091509688,0.2933671450531244,0.3201476793248945,113.33318519592285,20260301_113836_run3
tsfresh,PhonemeSpectra,0.3411869967193558,0.3293101883141923,0.34727314860319336,0.3411869967193558,881.9222054481506,20260301_115320_run3
tsfresh,PigAirwayPressure,0.19230769230769232,0.17753145976830187,0.19514921353156647,0.19230769230769232,25.467007875442505,20260301_115346_run3
tsfresh,Plane,1.0,1.0,1.0,1.0,2.2741870880126953,20260301_115348_run3
tsfresh,PowerCons,0.9666666666666667,0.9666295884315906,0.96875,0.9666666666666667,3.110856056213379,20260301_115351_run3
tsfresh,ProximalPhalanxOutlineAgeGroup,0.8341463414634146,0.8332091793824342,0.8326538914802109,0.8341463414634146,5.519378900527954,20260301_115357_run3
tsfresh,ProximalPhalanxOutlineCorrect,0.9037800687285223,0.9021942939991495,0.9031324052696947,0.9037800687285223,7.214256763458252,20260301_115404_run3
tsfresh,ProximalPhalanxTW,0.7902439024390244,0.7728079703097841,0.7659691482226693,0.7902439024390244,5.406343460083008,20260301_115409_run3
tsfresh,RacketSports,0.8947368421052632,0.8939019110643824,0.8977933278574587,0.8947368421052632,8.491638422012329,20260301_115418_run3
tsfresh,RefrigerationDevices,0.8533333333333334,0.8519397958678319,0.8564314282927101,0.8533333333333334,6.0360119342803955,20260301_115424_run3
tsfresh,Rock,0.92,0.918923076923077,0.9239393939393937,0.92,1.3164892196655273,20260301_115425_run3
tsfresh,ScreenType,0.7573333333333333,0.7564002788721891,0.7610136130007401,0.7573333333333333,5.817296504974365,20260301_115431_run3
tsfresh,SelfRegulationSCP1,0.9112627986348123,0.911148937444184,0.9131681280585974,0.9112627986348123,7.367277145385742,20260301_115438_run3
tsfresh,SelfRegulationSCP2,0.5611111111111111,0.5610975647396524,0.5611186566242746,0.5611111111111111,6.574955940246582,20260301_115445_run3
tsfresh,PigArtPressure,0.5192307692307693,0.47336621711621707,0.5307051045641309,0.5192307692307693,25.327362060546875,20260301_115510_run3
tsfresh,PigCVP,0.36538461538461536,0.36074083771452187,0.47595668220668225,0.36538461538461536,25.16287398338318,20260301_115535_run3
tsfresh,SemgHandGenderCh2,0.9883333333333333,0.9883643263757116,0.9885442464512232,0.9883333333333333,6.12310004234314,20260301_115542_run3
tsfresh,SemgHandMovementCh2,0.9488888888888889,0.9481845082984718,0.9482090380259717,0.9488888888888889,7.0129923820495605,20260301_115549_run3
tsfresh,SemgHandSubjectCh2,0.9888888888888889,0.9889253142884428,0.9890338164251208,0.9888888888888889,7.060694217681885,20260301_115556_run3
tsfresh,ShapeletSim,1.0,1.0,1.0,1.0,2.0242888927459717,20260301_115558_run3
tsfresh,ShapesAll,0.9066666666666666,0.905634498118128,0.921580179080179,0.9066666666666666,112.39845538139343,20260301_115750_run3
tsfresh,SmallKitchenAppliances,0.832,0.8310752815649082,0.8315676788471436,0.832,6.1003687381744385,20260301_115756_run3
tsfresh,SmoothSubspace,0.9733333333333334,0.9733226623982927,0.9738247863247864,0.9733333333333334,2.1677515506744385,20260301_115758_run3
tsfresh,SonyAIBORobotSurface1,0.8652246256239601,0.8655957194374245,0.8903428764503287,0.8652246256239601,3.6668860912323,20260301_115802_run3
tsfresh,SonyAIBORobotSurface2,0.8499475341028332,0.8520262380456836,0.8788063426056361,0.8499475341028332,4.803557872772217,20260301_115807_run3
tsfresh,StandWalkJump,0.4666666666666667,0.4666666666666667,0.4666666666666667,0.4666666666666667,1.9529621601104736,20260301_115809_run3
tsfresh,StarLightCurves,0.9823943661971831,0.9821243120965221,0.9824193985257271,0.9823943661971831,65.84750556945801,20260301_115915_run3
tsfresh,Strawberry,0.9837837837837838,0.9838360875421337,0.9841350400173929,0.9837837837837838,7.888583183288574,20260301_115923_run3
tsfresh,SwedishLeaf,0.9728,0.9726942554554369,0.9726604736656062,0.9728,101.23012685775757,20260301_120104_run3
tsfresh,Symbols,0.9346733668341709,0.9320205932806969,0.9507832411000148,0.9346733668341709,5.378511905670166,20260301_120109_run3
tsfresh,SyntheticControl,1.0,1.0,1.0,1.0,4.783423900604248,20260301_120114_run3
tsfresh,ToeSegmentation1,0.8596491228070176,0.8596491228070176,0.8596491228070176,0.8596491228070176,2.2520127296447754,20260301_120116_run3
tsfresh,ToeSegmentation2,0.8923076923076924,0.896722263712555,0.9058461538461537,0.8923076923076924,1.809962272644043,20260301_120118_run3
tsfresh,Trace,1.0,1.0,1.0,1.0,2.1657583713531494,20260301_120120_run3
tsfresh,TwoLeadECG,0.9561018437225637,0.9561017760474236,0.9561076042659986,0.9561018437225637,5.861592531204224,20260301_120126_run3
tsfresh,TwoPatterns,1.0,1.0,1.0,1.0,37.92117762565613,20260301_120204_run3
tsfresh,UMD,0.9236111111111112,0.9234033293439234,0.9264297206377066,0.9236111111111112,1.9914441108703613,20260301_120206_run3
tsfresh,UWaveGestureLibrary,0.91875,0.9191090832899832,0.9243210955710957,0.91875,4.660053491592407,20260301_120211_run3
tsfresh,UWaveGestureLibraryAll,0.9818537130094919,0.9818344644328623,0.9818936079715812,0.9818537130094919,32.18710803985596,20260301_120243_run3
tsfresh,UWaveGestureLibraryX,0.8713009491903965,0.8700078611907813,0.8697161791403363,0.8713009491903965,32.03274941444397,20260301_120315_run3
tsfresh,UWaveGestureLibraryY,0.7995533221663875,0.7970816486523329,0.7974767980792,0.7995533221663875,32.21059989929199,20260301_120348_run3
tsfresh,UWaveGestureLibraryZ,0.8137911781127861,0.8130071433130945,0.8137474499541291,0.8137911781127861,32.152068853378296,20260301_120420_run3
tsfresh,Wafer,1.0,1.0,1.0,1.0,51.896464824676514,20260301_120512_run3
tsfresh,Wine,0.9444444444444444,0.94442538593482,0.9450549450549451,0.9444444444444444,1.662170648574829,20260301_120513_run3
tsfresh,WordSynonyms,0.700626959247649,0.6712645181890469,0.7250865125711796,0.700626959247649,57.18680214881897,20260301_120611_run3
tsfresh,Worms,0.8181818181818182,0.8216171968521593,0.8278791868653619,0.8181818181818182,2.5571110248565674,20260301_120613_run3
tsfresh,WormsTwoClass,0.7662337662337663,0.7662337662337663,0.7662337662337663,0.7662337662337663,2.4393320083618164,20260301_120616_run3
tsfresh,Yoga,0.9616666666666667,0.9616840011881768,0.9617958602291502,0.9616666666666667,19.266268491744995,20260301_120635_run3
tsfresh,MiddlePhalanxOutlineCorrect,0.8625429553264605,0.8612467624637361,0.8641249496919601,0.8625429553264605,7.5161333084106445,20260301_120643_run4
tsfresh,MiddlePhalanxTW,0.5584415584415584,0.5241639693159578,0.5223783891547049,0.5584415584415584,5.192939043045044,20260301_120648_run4
tsfresh,MixedShapesRegularTrain,0.9752577319587629,0.9752802484941572,0.9753962164130043,0.9752577319587629,19.359583854675293,20260301_120707_run4
tsfresh,MixedShapesSmallTrain,0.9352577319587629,0.9353690683974845,0.9364148124497171,0.9352577319587629,14.132434368133545,20260301_120721_run4
tsfresh,MoteStrain,0.9121405750798722,0.9117858077456723,0.9137283526457192,0.9121405750798722,7.544265985488892,20260301_120729_run4
tsfresh,MotorImagery,0.5,0.49919871794871795,0.5,0.5,104.34137749671936,20260301_120913_run4
tsfresh,NATOPS,0.9555555555555556,0.9551535707556057,0.9552611367127497,0.9555555555555556,44.22698426246643,20260301_120958_run4
tsfresh,NonInvasiveFetalECGThorax1,0.9567430025445293,0.9560235469317236,0.9560307346211606,0.9567430025445293,382.99716234207153,20260301_121621_run4
tsfresh,NonInvasiveFetalECGThorax2,0.9669211195928753,0.9662691485226996,0.9676238736600346,0.9669211195928753,383.43688678741455,20260301_122244_run4
tsfresh,OSULeaf,0.9421487603305785,0.9419487457625662,0.9426866601596112,0.9421487603305785,3.6515533924102783,20260301_122248_run4
tsfresh,OliveOil,0.8333333333333334,0.8219249349684133,0.8375,0.8333333333333334,1.3105781078338623,20260301_122249_run4
tsfresh,PhalangesOutlinesCorrect,0.8764568764568764,0.8744468728552766,0.8779565422922067,0.8764568764568764,24.176396369934082,20260301_122314_run4
tsfresh,Phoneme,0.3095991561181435,0.255738548751293,0.28413037972950195,0.3095991561181435,113.05820727348328,20260301_122507_run4
tsfresh,PhonemeSpectra,0.33969579481061735,0.3307266256907368,0.3532615700134112,0.33969579481061735,882.2142865657806,20260301_123951_run4
tsfresh,PigAirwayPressure,0.14903846153846154,0.11999522680960809,0.12517206305905995,0.14903846153846154,25.436205625534058,20260301_124017_run4
tsfresh,Plane,1.0,1.0,1.0,1.0,2.26973295211792,20260301_124019_run4
tsfresh,PowerCons,0.9722222222222222,0.9722007722007722,0.9736842105263157,0.9722222222222222,3.1654210090637207,20260301_124022_run4
tsfresh,ProximalPhalanxOutlineAgeGroup,0.8195121951219512,0.8243937066534793,0.8365821433434895,0.8195121951219512,5.450119733810425,20260301_124028_run4
tsfresh,ProximalPhalanxOutlineCorrect,0.8762886597938144,0.8769767615348899,0.8780244955502687,0.8762886597938144,7.338891267776489,20260301_124035_run4
tsfresh,ProximalPhalanxTW,0.8439024390243902,0.8305793172627041,0.8452775994865211,0.8439024390243902,5.593209266662598,20260301_124041_run4
tsfresh,RacketSports,0.9407894736842105,0.9404424522845576,0.9437069235588972,0.9407894736842105,8.564474821090698,20260301_124049_run4
tsfresh,RefrigerationDevices,0.8506666666666667,0.8492539034909902,0.8531141882952927,0.8506666666666667,6.03008246421814,20260301_124055_run4
tsfresh,Rock,0.9,0.9014164456233422,0.9112727272727272,0.9,1.3134167194366455,20260301_124056_run4
tsfresh,ScreenType,0.7093333333333334,0.7097812327269643,0.7122905720233963,0.7093333333333334,5.830387830734253,20260301_124102_run4
tsfresh,SelfRegulationSCP1,0.9283276450511946,0.9282808577121827,0.9292964015384032,0.9283276450511946,7.4191906452178955,20260301_124110_run4
tsfresh,SelfRegulationSCP2,0.5111111111111111,0.5101434933201385,0.5111996017919364,0.5111111111111111,6.6661670207977295,20260301_124116_run4
tsfresh,PigArtPressure,0.46153846153846156,0.43860852917648047,0.5170389546351084,0.46153846153846156,25.43460774421692,20260301_124142_run4
tsfresh,PigCVP,0.42788461538461536,0.4433443198452579,0.543782175032175,0.42788461538461536,25.096899032592773,20260301_124207_run4
tsfresh,SemgHandGenderCh2,0.9733333333333334,0.9734177675874368,0.9737123842592592,0.9733333333333334,6.104254961013794,20260301_124213_run4
tsfresh,SemgHandMovementCh2,0.9288888888888889,0.9285518567607833,0.9289378477021497,0.9288888888888889,7.032222032546997,20260301_124220_run4
tsfresh,SemgHandSubjectCh2,0.9933333333333333,0.9933331961548881,0.9933821733821734,0.9933333333333333,6.8487868309021,20260301_124227_run4
tsfresh,ShapeletSim,1.0,1.0,1.0,1.0,2.0264105796813965,20260301_124229_run4
tsfresh,ShapesAll,0.9166666666666666,0.9148251904140988,0.9203558016058015,0.9166666666666666,112.22499775886536,20260301_124421_run4
tsfresh,SmallKitchenAppliances,0.8346666666666667,0.8341220236188522,0.8347091660775872,0.8346666666666667,6.156872510910034,20260301_124428_run4
tsfresh,SmoothSubspace,0.98,0.9799979997999799,0.980125383486728,0.98,2.1660115718841553,20260301_124430_run4
tsfresh,SonyAIBORobotSurface1,0.9251247920133111,0.9254746283117041,0.9307497699616659,0.9251247920133111,3.6487185955047607,20260301_124433_run4
tsfresh,SonyAIBORobotSurface2,0.8583420776495279,0.8597563593907239,0.8661202680923922,0.8583420776495279,4.781266689300537,20260301_124438_run4
tsfresh,StandWalkJump,0.5333333333333333,0.5333333333333333,0.5333333333333333,0.5333333333333333,1.9068562984466553,20260301_124440_run4
tsfresh,StarLightCurves,0.9828800388538125,0.9826519478485091,0.982835436339531,0.9828800388538125,65.59221458435059,20260301_124546_run4
tsfresh,Strawberry,0.9945945945945946,0.9946035118586752,0.9946752722872126,0.9945945945945946,7.93494176864624,20260301_124554_run4
tsfresh,SwedishLeaf,0.9808,0.9805428285877309,0.9813044789356985,0.9808,100.89589023590088,20260301_124735_run4
tsfresh,Symbols,0.9708542713567839,0.9708818370893667,0.9711324707941503,0.9708542713567839,5.407618284225464,20260301_124740_run4
tsfresh,SyntheticControl,0.9966666666666667,0.9966663332999967,0.9967320261437908,0.9966666666666667,4.792395830154419,20260301_124745_run4
tsfresh,ToeSegmentation1,0.8771929824561403,0.8766683699540112,0.8795753119061388,0.8771929824561403,2.260232448577881,20260301_124747_run4
tsfresh,ToeSegmentation2,0.8923076923076924,0.8989258607558368,0.9178544494720965,0.8923076923076924,2.0634825229644775,20260301_124749_run4
tsfresh,Trace,1.0,1.0,1.0,1.0,2.0824267864227295,20260301_124751_run4
tsfresh,TwoLeadECG,0.9841966637401229,0.9841953236483957,0.9843457620366275,0.9841966637401229,5.848552227020264,20260301_124757_run4
tsfresh,TwoPatterns,1.0,1.0,1.0,1.0,38.20278859138489,20260301_124835_run4
tsfresh,UMD,0.9791666666666666,0.9791620969510859,0.9795918367346937,0.9791666666666666,1.8669335842132568,20260301_124837_run4
tsfresh,UWaveGestureLibrary,0.896875,0.8957057969271256,0.8993158087468892,0.896875,4.60896635055542,20260301_124842_run4
tsfresh,UWaveGestureLibraryAll,0.9838079285315466,0.9837860758836959,0.9838742022113115,0.9838079285315466,32.56487560272217,20260301_124915_run4
tsfresh,UWaveGestureLibraryX,0.8774427694025684,0.8768954247062489,0.876997653826178,0.8774427694025684,32.08440136909485,20260301_124947_run4
tsfresh,UWaveGestureLibraryY,0.7900614182021217,0.7879499184889762,0.7935176566291645,0.7900614182021217,32.066487550735474,20260301_125019_run4
tsfresh,UWaveGestureLibraryZ,0.8283082077051926,0.8264027027542401,0.8267116859579196,0.8283082077051926,32.17625856399536,20260301_125051_run4
tsfresh,Wafer,1.0,1.0,1.0,1.0,52.03136444091797,20260301_125143_run4
tsfresh,Wine,0.9444444444444444,0.9442724458204333,0.95,0.9444444444444444,1.5584919452667236,20260301_125145_run4
tsfresh,WordSynonyms,0.6818181818181818,0.6456297805760717,0.6803635016990595,0.6818181818181818,57.31156301498413,20260301_125242_run4
tsfresh,Worms,0.8051948051948052,0.7962489458593354,0.8225108225108225,0.8051948051948052,2.5628318786621094,20260301_125245_run4
tsfresh,WormsTwoClass,0.8441558441558441,0.8425165297535564,0.845648604269294,0.8441558441558441,2.5581588745117188,20260301_125247_run4
tsfresh,Yoga,0.9423333333333334,0.942110709288421,0.9443313555974552,0.9423333333333334,19.494561910629272,20260301_125307_run4
tsfresh,MiddlePhalanxOutlineCorrect,0.8934707903780069,0.8923734265165504,0.8962720558665196,0.8934707903780069,7.4473958015441895,20260301_125314_run5
tsfresh,MiddlePhalanxTW,0.564935064935065,0.5317556889400743,0.5293392015447933,0.564935064935065,5.30455470085144,20260301_125320_run5
tsfresh,MixedShapesRegularTrain,0.9797938144329897,0.9797429125467589,0.9800600051035351,0.9797938144329897,19.394829988479614,20260301_125339_run5
tsfresh,MixedShapesSmallTrain,0.9472164948453609,0.9478733250804937,0.9505111585316265,0.9472164948453609,14.196565866470337,20260301_125353_run5
tsfresh,MoteStrain,0.810702875399361,0.8098208574172223,0.8114654089034308,0.810702875399361,7.550438404083252,20260301_125401_run5
tsfresh,MotorImagery,0.51,0.5095586027424682,0.5100361300682457,0.51,106.93848729133606,20260301_125548_run5
tsfresh,NATOPS,0.95,0.9496890898812889,0.949884792626728,0.95,44.72891068458557,20260301_125633_run5
tsfresh,NonInvasiveFetalECGThorax1,0.9557251908396946,0.9558041867992081,0.958315729443446,0.9557251908396946,382.4858326911926,20260301_130255_run5
tsfresh,NonInvasiveFetalECGThorax2,0.9684478371501273,0.9683594667812694,0.9691422812413297,0.9684478371501273,382.67089772224426,20260301_130918_run5
tsfresh,OSULeaf,0.9586776859504132,0.95855755379162,0.9595507379793072,0.9586776859504132,3.5760536193847656,20260301_130922_run5
tsfresh,OliveOil,0.9333333333333333,0.9330320751373383,0.9433333333333334,0.9333333333333333,1.4291174411773682,20260301_130923_run5
tsfresh,PhalangesOutlinesCorrect,0.865967365967366,0.8649010691460375,0.8653980751085807,0.865967365967366,24.258391618728638,20260301_130947_run5
tsfresh,Phoneme,0.27109704641350213,0.2100866918804948,0.297794839439757,0.27109704641350213,113.18236422538757,20260301_131141_run5
tsfresh,PhonemeSpectra,0.302713987473904,0.2977780457785149,0.32454088114674484,0.302713987473904,882.4049558639526,20260301_132625_run5
tsfresh,PigAirwayPressure,0.23076923076923078,0.20310208797050905,0.2807636077372919,0.23076923076923078,25.178489446640015,20260301_132650_run5
tsfresh,Plane,1.0,1.0,1.0,1.0,2.2692058086395264,20260301_132653_run5
tsfresh,PowerCons,0.9888888888888889,0.9888875169774047,0.9891304347826086,0.9888888888888889,3.1177265644073486,20260301_132656_run5
tsfresh,ProximalPhalanxOutlineAgeGroup,0.8146341463414634,0.8144112614927136,0.8166009340944472,0.8146341463414634,5.581084489822388,20260301_132701_run5
tsfresh,ProximalPhalanxOutlineCorrect,0.8900343642611683,0.8859598994056336,0.8924665379968303,0.8900343642611683,7.287019968032837,20260301_132709_run5
tsfresh,ProximalPhalanxTW,0.8195121951219512,0.807740519218281,0.8324514335089273,0.8195121951219512,5.559240341186523,20260301_132714_run5
tsfresh,RacketSports,0.8881578947368421,0.8870047135071438,0.8922328548644338,0.8881578947368421,8.429041624069214,20260301_132723_run5
tsfresh,RefrigerationDevices,0.8933333333333333,0.8933624772928943,0.8936393934549212,0.8933333333333333,5.900959014892578,20260301_132729_run5
tsfresh,Rock,0.94,0.9395865633074935,0.9402797202797203,0.94,1.3159263134002686,20260301_132730_run5
tsfresh,ScreenType,0.7946666666666666,0.7938751543483438,0.7975146198830408,0.7946666666666666,5.821879625320435,20260301_132736_run5
tsfresh,SelfRegulationSCP1,0.9146757679180887,0.9146041546440908,0.9162640192619754,0.9146757679180887,7.387916088104248,20260301_132743_run5
tsfresh,SelfRegulationSCP2,0.4722222222222222,0.4708994708994709,0.4719416386083053,0.4722222222222222,6.538149833679199,20260301_132750_run5
tsfresh,PigArtPressure,0.5673076923076923,0.5576868460157585,0.6726663614163613,0.5673076923076923,25.30504298210144,20260301_132815_run5
tsfresh,PigCVP,0.30288461538461536,0.2774210118705607,0.38436739448885204,0.30288461538461536,25.275352478027344,20260301_132840_run5
tsfresh,SemgHandGenderCh2,0.9833333333333333,0.9833861047421479,0.9836516203703702,0.9833333333333333,6.252921104431152,20260301_132847_run5
tsfresh,SemgHandMovementCh2,0.9533333333333334,0.9535324143055394,0.9545538538872986,0.9533333333333334,6.865326881408691,20260301_132853_run5
tsfresh,SemgHandSubjectCh2,0.9866666666666667,0.9866655691374793,0.9867610891523936,0.9866666666666667,7.139242887496948,20260301_132901_run5
tsfresh,ShapeletSim,1.0,1.0,1.0,1.0,2.045201301574707,20260301_132903_run5
tsfresh,ShapesAll,0.91,0.9081973489917582,0.9186273666420728,0.91,112.4955825805664,20260301_133055_run5
tsfresh,SmallKitchenAppliances,0.8426666666666667,0.8427015630679753,0.8453910384772731,0.8426666666666667,6.064124822616577,20260301_133101_run5
tsfresh,SmoothSubspace,0.9933333333333333,0.9933326665999933,0.9934640522875816,0.9933333333333333,2.139402151107788,20260301_133103_run5
tsfresh,SonyAIBORobotSurface1,0.9717138103161398,0.9717069347425532,0.9717055480632751,0.9717138103161398,3.5404767990112305,20260301_133107_run5
tsfresh,SonyAIBORobotSurface2,0.9275970619097587,0.9281176005371846,0.9309111993135468,0.9275970619097587,4.875589370727539,20260301_133112_run5
tsfresh,StandWalkJump,0.3333333333333333,0.34330484330484334,0.3888888888888889,0.3333333333333333,1.886526346206665,20260301_133114_run5
tsfresh,StarLightCurves,0.9826372025254978,0.9823217231512389,0.982790757330655,0.9826372025254978,65.5959985256195,20260301_133219_run5
tsfresh,Strawberry,0.9891891891891892,0.9892070237173501,0.9892873014679238,0.9891891891891892,7.947314023971558,20260301_133227_run5
tsfresh,SwedishLeaf,0.9776,0.977537292743797,0.9780068206250169,0.9776,101.23779368400574,20260301_133409_run5
tsfresh,Symbols,0.9316582914572864,0.9294527991417675,0.9412740520310843,0.9316582914572864,5.3849036693573,20260301_133414_run5
tsfresh,SyntheticControl,1.0,1.0,1.0,1.0,4.714559078216553,20260301_133419_run5
tsfresh,ToeSegmentation1,0.868421052631579,0.8685021490552266,0.8691178376976926,0.868421052631579,2.2502975463867188,20260301_133421_run5
tsfresh,ToeSegmentation2,0.9461538461538461,0.9486610950025584,0.9583126550868486,0.9461538461538461,1.8152916431427002,20260301_133423_run5
tsfresh,Trace,1.0,1.0,1.0,1.0,2.1578660011291504,20260301_133425_run5
tsfresh,TwoLeadECG,0.9885864793678666,0.9885851067647301,0.9888414205503712,0.9885864793678666,5.825861692428589,20260301_133431_run5
tsfresh,TwoPatterns,1.0,1.0,1.0,1.0,38.4481999874115,20260301_133509_run5
tsfresh,UMD,0.9930555555555556,0.993054801953337,0.9931972789115646,0.9930555555555556,1.9821546077728271,20260301_133511_run5
tsfresh,UWaveGestureLibrary,0.890625,0.8894979681808163,0.8933422337039882,0.890625,4.597837924957275,20260301_133516_run5
tsfresh,UWaveGestureLibraryAll,0.9818537130094919,0.981838379035236,0.9819441598790886,0.9818537130094919,32.13871121406555,20260301_133548_run5
tsfresh,UWaveGestureLibraryX,0.8793969849246231,0.8787146746852907,0.8836415161909065,0.8793969849246231,32.08740592002869,20260301_133620_run5
tsfresh,UWaveGestureLibraryY,0.7992741485203797,0.7972725350763006,0.7992671213999352,0.7992741485203797,32.05509424209595,20260301_133653_run5
tsfresh,UWaveGestureLibraryZ,0.8310999441652708,0.8296671590014935,0.8298721306830236,0.8310999441652708,32.82612681388855,20260301_133725_run5
tsfresh,Wafer,1.0,1.0,1.0,1.0,52.15054249763489,20260301_133818_run5
tsfresh,Wine,0.9814814814814815,0.98147512864494,0.9821428571428571,0.9814814814814815,1.6715450286865234,20260301_133819_run5
tsfresh,WordSynonyms,0.7115987460815048,0.6800831645459531,0.7282689863187934,0.7115987460815048,57.055341482162476,20260301_133916_run5
tsfresh,Worms,0.8701298701298701,0.8629313543599259,0.8764877628513992,0.8701298701298701,2.5766048431396484,20260301_133919_run5
tsfresh,WormsTwoClass,0.7532467532467533,0.7542564852027768,0.7575493612078977,0.7532467532467533,2.460397481918335,20260301_133921_run5
tsfresh,Yoga,0.9543333333333334,0.9542888060291795,0.9545062324463922,0.9543333333333334,19.1819748878479,20260301_133941_run5
tsfresh,MiddlePhalanxOutlineCorrect,0.8213058419243986,0.8209166995940945,0.8208434195864595,0.8213058419243986,7.953517198562622,20260301_133949_run6
tsfresh,MiddlePhalanxTW,0.538961038961039,0.5114196407639684,0.5167523819697732,0.538961038961039,5.125932693481445,20260301_133954_run6
tsfresh,MixedShapesRegularTrain,0.9764948453608248,0.9764642345176909,0.9768855391474447,0.9764948453608248,19.451563358306885,20260301_134013_run6
tsfresh,MixedShapesSmallTrain,0.9393814432989691,0.9396695900589261,0.9402489035733188,0.9393814432989691,14.207097053527832,20260301_134028_run6
tsfresh,MoteStrain,0.8202875399361023,0.8187118626060321,0.8235346934266875,0.8202875399361023,7.583794593811035,20260301_134035_run6
tsfresh,MotorImagery,0.52,0.512987012987013,0.5212224108658744,0.52,107.06765151023865,20260301_134222_run6
tsfresh,NATOPS,0.9444444444444444,0.9446498887176854,0.9496296296296296,0.9444444444444444,44.87772178649902,20260301_134307_run6
tsfresh,NonInvasiveFetalECGThorax1,0.95470737913486,0.9547146408578053,0.9563913193588676,0.95470737913486,384.1225664615631,20260301_134932_run6
tsfresh,NonInvasiveFetalECGThorax2,0.9633587786259542,0.9633200350324218,0.964214861544372,0.9633587786259542,382.55455207824707,20260301_135554_run6
tsfresh,OSULeaf,0.9504132231404959,0.9503026574153971,0.9514619477719385,0.9504132231404959,3.654412269592285,20260301_135558_run6
tsfresh,OliveOil,0.9333333333333333,0.9342047930283225,0.94,0.9333333333333333,1.309906005859375,20260301_135559_run6
tsfresh,PhalangesOutlinesCorrect,0.8811188811188811,0.8797719162360047,0.8814095300672482,0.8811188811188811,24.063997983932495,20260301_135623_run6
tsfresh,Phoneme,0.34124472573839665,0.3106311838199956,0.33070902489436704,0.34124472573839665,113.08471345901489,20260301_135817_run6
tsfresh,PhonemeSpectra,0.31046823739934387,0.29100812302588924,0.3283684809719742,0.31046823739934387,882.2149913311005,20260301_141301_run6
tsfresh,PigAirwayPressure,0.20673076923076922,0.18770989987053335,0.23052922783273952,0.20673076923076922,25.398163318634033,20260301_141326_run6
tsfresh,Plane,1.0,1.0,1.0,1.0,2.2996623516082764,20260301_141329_run6
tsfresh,PowerCons,0.9833333333333333,0.983328702417338,0.9838709677419355,0.9833333333333333,3.035245418548584,20260301_141332_run6
tsfresh,ProximalPhalanxOutlineAgeGroup,0.8048780487804879,0.808399068649275,0.8161003783305161,0.8048780487804879,5.701183557510376,20260301_141337_run6
tsfresh,ProximalPhalanxOutlineCorrect,0.9243986254295533,0.9231526595707603,0.9245149241311384,0.9243986254295533,7.40136981010437,20260301_141345_run6
tsfresh,ProximalPhalanxTW,0.8048780487804879,0.785589263305856,0.771907446525472,0.8048780487804879,5.647125005722046,20260301_141350_run6
tsfresh,RacketSports,0.9276315789473685,0.9276315789473685,0.9288708690330477,0.9276315789473685,8.521873474121094,20260301_141359_run6
tsfresh,RefrigerationDevices,0.864,0.8634884213747612,0.8633659406915222,0.864,5.714003801345825,20260301_141405_run6
tsfresh,Rock,0.86,0.8616260308891888,0.8773846153846153,0.86,1.3233239650726318,20260301_141406_run6
tsfresh,ScreenType,0.7333333333333333,0.7338138895515944,0.7352307206219899,0.7333333333333333,5.98960280418396,20260301_141412_run6
tsfresh,SelfRegulationSCP1,0.9385665529010239,0.9385149811237744,0.9398672787353982,0.9385665529010239,7.228585720062256,20260301_141419_run6
tsfresh,SelfRegulationSCP2,0.5,0.4990103908955962,0.5,0.5,6.653578281402588,20260301_141426_run6
tsfresh,PigArtPressure,0.7548076923076923,0.750283797399182,0.8322274947274947,0.7548076923076923,25.363812923431396,20260301_141451_run6
tsfresh,PigCVP,0.40384615384615385,0.3947935982146508,0.5223854647767691,0.40384615384615385,25.29652762413025,20260301_141517_run6
tsfresh,SemgHandGenderCh2,0.975,0.975040389934007,0.9751337482257888,0.975,6.141116380691528,20260301_141523_run6
tsfresh,SemgHandMovementCh2,0.9444444444444444,0.9439355535988315,0.9442843149961592,0.9444444444444444,7.028244256973267,20260301_141530_run6
tsfresh,SemgHandSubjectCh2,0.9822222222222222,0.9822321832117765,0.9824079504724665,0.9822222222222222,6.924290418624878,20260301_141537_run6
tsfresh,ShapeletSim,1.0,1.0,1.0,1.0,2.0226783752441406,20260301_141539_run6
tsfresh,ShapesAll,0.9166666666666666,0.9149311668823042,0.9235899285899287,0.9166666666666666,112.22969150543213,20260301_141731_run6
tsfresh,SmallKitchenAppliances,0.8346666666666667,0.8348136318296502,0.8351267076502733,0.8346666666666667,5.90677285194397,20260301_141737_run6
tsfresh,SmoothSubspace,0.9866666666666667,0.9866659999333266,0.9867973856209149,0.9866666666666667,2.137369155883789,20260301_141739_run6
tsfresh,SonyAIBORobotSurface1,0.9334442595673876,0.9337714734083106,0.9407962288472436,0.9334442595673876,3.6344354152679443,20260301_141743_run6
tsfresh,SonyAIBORobotSurface2,0.9233997901364114,0.9222360810620821,0.9260436109486789,0.9233997901364114,4.7722015380859375,20260301_141748_run6
tsfresh,StandWalkJump,0.3333333333333333,0.3420875420875421,0.3555555555555555,0.3333333333333333,1.8863136768341064,20260301_141749_run6
tsfresh,StarLightCurves,0.9825157843613405,0.9822630771066061,0.9825032630089394,0.9825157843613405,65.68426656723022,20260301_141855_run6
tsfresh,Strawberry,0.9864864864864865,0.9864977589307282,0.9865246420876,0.9864864864864865,7.920830965042114,20260301_141903_run6
tsfresh,SwedishLeaf,0.9728,0.9726952241560187,0.9736785760738305,0.9728,100.82159972190857,20260301_142044_run6
tsfresh,Symbols,0.9768844221105528,0.9769075193879013,0.9769754517186128,0.9768844221105528,5.48704195022583,20260301_142049_run6
tsfresh,SyntheticControl,1.0,1.0,1.0,1.0,4.664346218109131,20260301_142054_run6
tsfresh,ToeSegmentation1,0.9254385964912281,0.9254198895869414,0.9254369026760925,0.9254385964912281,2.284316301345825,20260301_142056_run6
tsfresh,ToeSegmentation2,0.9076923076923077,0.909098901098901,0.911094674556213,0.9076923076923077,1.924056053161621,20260301_142058_run6
tsfresh,Trace,1.0,1.0,1.0,1.0,2.056885004043579,20260301_142100_run6
tsfresh,TwoLeadECG,0.9490781387181738,0.9489569613887624,0.9534664184228776,0.9490781387181738,5.8361592292785645,20260301_142106_run6
tsfresh,TwoPatterns,1.0,1.0,1.0,1.0,38.13367509841919,20260301_142145_run6
tsfresh,UMD,0.9930555555555556,0.993054801953337,0.9931972789115646,0.9930555555555556,1.8689146041870117,20260301_142146_run6
tsfresh,UWaveGestureLibrary,0.91875,0.9185126504829098,0.9213041929542882,0.91875,4.592477560043335,20260301_142151_run6
tsfresh,UWaveGestureLibraryAll,0.9785036292573981,0.9784189943513499,0.97874929653605,0.9785036292573981,32.11176252365112,20260301_142223_run6
tsfresh,UWaveGestureLibraryX,0.8740926856504746,0.8713409542278354,0.871936939107972,0.8740926856504746,32.15364718437195,20260301_142255_run6
tsfresh,UWaveGestureLibraryY,0.8070910106085986,0.8072840915722114,0.8093331839666987,0.8070910106085986,32.097394943237305,20260301_142328_run6
tsfresh,UWaveGestureLibraryZ,0.8149078726968174,0.8136431125241467,0.8148018219472069,0.8149078726968174,32.781890869140625,20260301_142400_run6
tsfresh,Wafer,1.0,1.0,1.0,1.0,51.971367835998535,20260301_142452_run6
tsfresh,Wine,0.9444444444444444,0.94442538593482,0.9450549450549451,0.9444444444444444,1.5720579624176025,20260301_142454_run6
tsfresh,WordSynonyms,0.670846394984326,0.6371271903234809,0.6633064999388331,0.670846394984326,57.4109263420105,20260301_142551_run6
tsfresh,Worms,0.7142857142857143,0.7035248116842043,0.7127190270047414,0.7142857142857143,2.472139596939087,20260301_142554_run6
tsfresh,WormsTwoClass,0.7792207792207793,0.779599539249565,0.7802423294899355,0.7792207792207793,2.4471993446350098,20260301_142556_run6
tsfresh,Yoga,0.9426666666666667,0.9426869362944988,0.9427610037951529,0.9426666666666667,19.292283296585083,20260301_142616_run6
tsfresh,MiddlePhalanxOutlineCorrect,0.8350515463917526,0.8318532816553891,0.8408793239606109,0.8350515463917526,7.4810662269592285,20260301_142623_run7
tsfresh,MiddlePhalanxTW,0.5844155844155844,0.5405428984635622,0.5368830000408947,0.5844155844155844,5.233366250991821,20260301_142628_run7
tsfresh,MixedShapesRegularTrain,0.9744329896907217,0.9744389932877103,0.9744963297981506,0.9744329896907217,19.320677757263184,20260301_142648_run7
tsfresh,MixedShapesSmallTrain,0.9364948453608247,0.9365793232280528,0.9366925990953435,0.9364948453608247,14.223701238632202,20260301_142702_run7
tsfresh,MoteStrain,0.7084664536741214,0.7054584870421047,0.7346529552929572,0.7084664536741214,7.6787872314453125,20260301_142710_run7
tsfresh,MotorImagery,0.49,0.4895405865278751,0.48996386993175434,0.49,104.9071433544159,20260301_142855_run7
tsfresh,NATOPS,0.9277777777777778,0.9269979991402797,0.9273011250497809,0.9277777777777778,44.46516013145447,20260301_142940_run7
tsfresh,NonInvasiveFetalECGThorax1,0.9582697201017811,0.9579625308938842,0.9602933327702342,0.9582697201017811,381.72886180877686,20260301_143601_run7
tsfresh,NonInvasiveFetalECGThorax2,0.971501272264631,0.9714821623581954,0.9721352827171693,0.971501272264631,383.26404428482056,20260301_144225_run7
tsfresh,OSULeaf,0.9462809917355371,0.9463358039134059,0.9494682529857074,0.9462809917355371,3.6691689491271973,20260301_144228_run7
tsfresh,OliveOil,0.9333333333333333,0.9335610766045549,0.9454545454545454,0.9333333333333333,1.3097052574157715,20260301_144230_run7
tsfresh,PhalangesOutlinesCorrect,0.8822843822843823,0.8811753670101512,0.8822271000488822,0.8822843822843823,24.206300258636475,20260301_144254_run7
tsfresh,Phoneme,0.33175105485232065,0.2707576254458976,0.2881105971562384,0.33175105485232065,113.24504613876343,20260301_144447_run7
tsfresh,PhonemeSpectra,0.3471518043543096,0.34019634182224484,0.35571029464511905,0.3471518043543096,883.4291853904724,20260301_145933_run7
tsfresh,PigAirwayPressure,0.2644230769230769,0.24419871236754484,0.2512464387464387,0.2644230769230769,25.36368441581726,20260301_145958_run7
tsfresh,Plane,1.0,1.0,1.0,1.0,2.385504961013794,20260301_150001_run7
tsfresh,PowerCons,0.9777777777777777,0.9777750339548092,0.9780138339920948,0.9777777777777777,3.158268690109253,20260301_150004_run7
tsfresh,ProximalPhalanxOutlineAgeGroup,0.8292682926829268,0.837863865586419,0.8565903177365676,0.8292682926829268,5.371067047119141,20260301_150009_run7
tsfresh,ProximalPhalanxOutlineCorrect,0.8969072164948454,0.894819631485694,0.8963722089216787,0.8969072164948454,7.3081254959106445,20260301_150016_run7
tsfresh,ProximalPhalanxTW,0.751219512195122,0.7422636084339123,0.7409505439368617,0.751219512195122,5.5750508308410645,20260301_150022_run7
tsfresh,RacketSports,0.9210526315789473,0.9207294552169899,0.92260793828543,0.9210526315789473,8.416460752487183,20260301_150030_run7
tsfresh,RefrigerationDevices,0.8986666666666666,0.8984098288075559,0.8991572520453929,0.8986666666666666,5.6733949184417725,20260301_150036_run7
tsfresh,Rock,0.9,0.9014164456233422,0.9112727272727272,0.9,1.3322319984436035,20260301_150037_run7
tsfresh,ScreenType,0.7413333333333333,0.7404741697771698,0.7452601738316024,0.7413333333333333,5.702394723892212,20260301_150043_run7
tsfresh,SelfRegulationSCP1,0.9283276450511946,0.9283025885836609,0.9288189202583106,0.9283276450511946,7.304895401000977,20260301_150051_run7
tsfresh,SelfRegulationSCP2,0.55,0.5493184136502736,0.5503043100235996,0.55,6.530891180038452,20260301_150057_run7
tsfresh,PigArtPressure,0.7019230769230769,0.6929292929292928,0.7660485347985347,0.7019230769230769,25.318275451660156,20260301_150122_run7
tsfresh,PigCVP,0.6105769230769231,0.5755650332573409,0.6155400155400155,0.6105769230769231,25.24213194847107,20260301_150148_run7
tsfresh,SemgHandGenderCh2,0.9833333333333333,0.9833689943590741,0.9834995883976562,0.9833333333333333,6.047878742218018,20260301_150154_run7
tsfresh,SemgHandMovementCh2,0.9422222222222222,0.9421228574652151,0.9426518942961939,0.9422222222222222,7.0762553215026855,20260301_150201_run7
tsfresh,SemgHandSubjectCh2,0.98,0.9800207582573309,0.9803599984245145,0.98,7.0930726528167725,20260301_150208_run7
tsfresh,ShapeletSim,1.0,1.0,1.0,1.0,2.047802686691284,20260301_150210_run7
tsfresh,ShapesAll,0.9216666666666666,0.9213342700184806,0.9255050505050506,0.9216666666666666,112.34226059913635,20260301_150402_run7
tsfresh,SmallKitchenAppliances,0.8453333333333334,0.8446220278115711,0.8450246403333813,0.8453333333333334,5.962311506271362,20260301_150408_run7
tsfresh,SmoothSubspace,0.9733333333333334,0.973193237691116,0.9734477124183005,0.9733333333333334,2.3029208183288574,20260301_150411_run7
tsfresh,SonyAIBORobotSurface1,0.961730449251248,0.9618744804919371,0.96437719898035,0.961730449251248,3.554715156555176,20260301_150414_run7
tsfresh,SonyAIBORobotSurface2,0.9275970619097587,0.9275397905271084,0.9275018472757272,0.9275970619097587,4.806821584701538,20260301_150419_run7
tsfresh,StandWalkJump,0.4,0.42637362637362636,0.55,0.4,2.049173355102539,20260301_150421_run7
tsfresh,StarLightCurves,0.982030111704711,0.9818012684516423,0.9819661891094315,0.982030111704711,65.85262274742126,20260301_150527_run7
tsfresh,Strawberry,0.972972972972973,0.9730175592933755,0.9731233890100575,0.972972972972973,7.92785382270813,20260301_150535_run7
tsfresh,SwedishLeaf,0.9728,0.9726689684609512,0.9731757353276438,0.9728,101.39947700500488,20260301_150716_run7
tsfresh,Symbols,0.9507537688442211,0.9499371597226667,0.9564308033360222,0.9507537688442211,5.51286768913269,20260301_150722_run7
tsfresh,SyntheticControl,1.0,1.0,1.0,1.0,4.636842489242554,20260301_150727_run7
tsfresh,ToeSegmentation1,0.8157894736842105,0.8130785766651617,0.8263140655438136,0.8157894736842105,2.2575018405914307,20260301_150729_run7
tsfresh,ToeSegmentation2,0.9461538461538461,0.9473511009114723,0.9499792548336238,0.9461538461538461,1.9339854717254639,20260301_150731_run7
tsfresh,Trace,1.0,1.0,1.0,1.0,2.069136619567871,20260301_150733_run7
tsfresh,TwoLeadECG,0.9912203687445127,0.991220287533844,0.9912446568973826,0.9912203687445127,5.833528280258179,20260301_150739_run7
tsfresh,TwoPatterns,1.0,1.0,1.0,1.0,38.57136344909668,20260301_150817_run7
tsfresh,UMD,0.9791666666666666,0.9791463017269469,0.9803921568627452,0.9791666666666666,1.9017713069915771,20260301_150819_run7
tsfresh,UWaveGestureLibrary,0.909375,0.9092756735379028,0.9148875547501332,0.909375,4.636826038360596,20260301_150824_run7
tsfresh,UWaveGestureLibraryAll,0.9793411501954216,0.9792638650212723,0.9794614665238122,0.9793411501954216,32.26478958129883,20260301_150856_run7
tsfresh,UWaveGestureLibraryX,0.879676158570631,0.8781720928957303,0.8788428173416398,0.879676158570631,32.109623432159424,20260301_150929_run7
tsfresh,UWaveGestureLibraryY,0.80178671133445,0.8004335122174565,0.8019758600810822,0.80178671133445,32.08556818962097,20260301_151001_run7
tsfresh,UWaveGestureLibraryZ,0.8126744835287549,0.810559590835309,0.8102996624223615,0.8126744835287549,32.16462993621826,20260301_151033_run7
tsfresh,Wafer,1.0,1.0,1.0,1.0,51.887224197387695,20260301_151125_run7
tsfresh,Wine,0.9074074074074074,0.9066067104808025,0.921875,0.9074074074074074,1.55256986618042,20260301_151126_run7
tsfresh,WordSynonyms,0.6755485893416928,0.6471567284823362,0.6882191467452522,0.6755485893416928,57.574520111083984,20260301_151224_run7
tsfresh,Worms,0.7922077922077922,0.7949345673483604,0.8035714285714286,0.7922077922077922,2.6106631755828857,20260301_151227_run7
tsfresh,WormsTwoClass,0.6883116883116883,0.6798029556650246,0.6870329670329671,0.6883116883116883,2.5918538570404053,20260301_151229_run7
tsfresh,Yoga,0.9583333333333334,0.9583282367290848,0.9583284915248985,0.9583333333333334,19.44713592529297,20260301_151249_run7
tsfresh,MiddlePhalanxOutlineCorrect,0.8316151202749141,0.829880577397128,0.8327620339638339,0.8316151202749141,7.456473112106323,20260301_151256_run8
tsfresh,MiddlePhalanxTW,0.577922077922078,0.5353841054694625,0.5628835183682479,0.577922077922078,5.1455299854278564,20260301_151301_run8
tsfresh,MixedShapesRegularTrain,0.971958762886598,0.9719209129233248,0.9723044582256221,0.971958762886598,19.37607169151306,20260301_151321_run8
tsfresh,MixedShapesSmallTrain,0.9443298969072165,0.9441340528449456,0.9451519858262419,0.9443298969072165,14.12239670753479,20260301_151335_run8
tsfresh,MoteStrain,0.9153354632587859,0.9151596024622191,0.9157831103933037,0.9153354632587859,7.634742975234985,20260301_151343_run8
tsfresh,MotorImagery,0.54,0.5392628205128206,0.5402576489533011,0.54,105.31523299217224,20260301_151528_run8
tsfresh,NATOPS,0.9222222222222223,0.9223272772216042,0.923015873015873,0.9222222222222223,43.85560750961304,20260301_151612_run8
tsfresh,NonInvasiveFetalECGThorax1,0.9608142493638677,0.9609373334202974,0.962517514270386,0.9608142493638677,382.12365436553955,20260301_152234_run8
tsfresh,NonInvasiveFetalECGThorax2,0.9582697201017811,0.9580054921206157,0.9601874433629705,0.9582697201017811,382.47014474868774,20260301_152857_run8
tsfresh,OSULeaf,0.9628099173553719,0.9623799503912253,0.9640823822642004,0.9628099173553719,3.6017611026763916,20260301_152901_run8
tsfresh,OliveOil,0.8,0.7805972850678733,0.8384615384615385,0.8,1.3307347297668457,20260301_152902_run8
tsfresh,PhalangesOutlinesCorrect,0.87995337995338,0.8787319685167948,0.8799781627638502,0.87995337995338,24.350982904434204,20260301_152926_run8
tsfresh,Phoneme,0.34810126582278483,0.3024877511184785,0.3561833546117524,0.34810126582278483,112.77657961845398,20260301_153119_run8
tsfresh,PhonemeSpectra,0.2702057858634059,0.27623291985013565,0.3448202889448663,0.2702057858634059,882.8654570579529,20260301_154604_run8
tsfresh,PigAirwayPressure,0.10576923076923077,0.09670837076682043,0.12172079592648154,0.10576923076923077,25.23070979118347,20260301_154629_run8
tsfresh,Plane,1.0,1.0,1.0,1.0,2.379436492919922,20260301_154632_run8
tsfresh,PowerCons,0.9833333333333333,0.983328702417338,0.9838709677419355,0.9833333333333333,3.146193027496338,20260301_154635_run8
tsfresh,ProximalPhalanxOutlineAgeGroup,0.7902439024390244,0.7924253900924103,0.8040935391302446,0.7902439024390244,5.483115196228027,20260301_154640_run8
tsfresh,ProximalPhalanxOutlineCorrect,0.9243986254295533,0.9239347363981925,0.9238730815339419,0.9243986254295533,7.1482720375061035,20260301_154647_run8
tsfresh,ProximalPhalanxTW,0.8048780487804879,0.7838246471299545,0.8131556249891992,0.8048780487804879,5.660314083099365,20260301_154653_run8
tsfresh,RacketSports,0.9407894736842105,0.9406339520916693,0.9417635598985713,0.9407894736842105,8.35380506515503,20260301_154701_run8
tsfresh,RefrigerationDevices,0.8666666666666667,0.8656812726651066,0.8736027460591897,0.8666666666666667,5.7957847118377686,20260301_154707_run8
tsfresh,Rock,0.86,0.8599568579568581,0.8726573426573426,0.86,1.3262183666229248,20260301_154709_run8
tsfresh,ScreenType,0.7786666666666666,0.7771665187814256,0.7841269841269841,0.7786666666666666,5.839629411697388,20260301_154714_run8
tsfresh,SelfRegulationSCP1,0.9419795221843004,0.9419714105520169,0.9421609107615933,0.9419795221843004,7.318303108215332,20260301_154722_run8
tsfresh,SelfRegulationSCP2,0.5333333333333333,0.53125,0.5339366515837104,0.5333333333333333,6.550708532333374,20260301_154728_run8
tsfresh,PigArtPressure,0.5048076923076923,0.5221550671550671,0.6874471276805036,0.5048076923076923,25.307976722717285,20260301_154754_run8
tsfresh,PigCVP,0.2692307692307692,0.26748622795002885,0.3600047859127096,0.2692307692307692,25.19186806678772,20260301_154819_run8
tsfresh,SemgHandGenderCh2,0.9866666666666667,0.9867088837937183,0.9869646990740741,0.9866666666666667,6.014524936676025,20260301_154825_run8
tsfresh,SemgHandMovementCh2,0.9488888888888889,0.9489025191243068,0.9489434171013119,0.9488888888888889,7.121139287948608,20260301_154832_run8
tsfresh,SemgHandSubjectCh2,0.9844444444444445,0.9844558324657621,0.9845888232160827,0.9844444444444445,7.393944978713989,20260301_154839_run8
tsfresh,ShapeletSim,1.0,1.0,1.0,1.0,1.905691146850586,20260301_154841_run8
tsfresh,ShapesAll,0.895,0.8991118857146139,0.9193940944676238,0.895,112.60251379013062,20260301_155034_run8
tsfresh,SmallKitchenAppliances,0.8453333333333334,0.8449318559796108,0.8450192577030812,0.8453333333333334,5.908293724060059,20260301_155040_run8
tsfresh,SmoothSubspace,0.9866666666666667,0.9866659999333266,0.9867973856209149,0.9866666666666667,2.2582783699035645,20260301_155042_run8
tsfresh,SonyAIBORobotSurface1,0.9351081530782029,0.9354024693598864,0.9400561674379302,0.9351081530782029,3.5634822845458984,20260301_155046_run8
tsfresh,SonyAIBORobotSurface2,0.9160545645330536,0.917055244131216,0.9274256366511527,0.9160545645330536,4.810188293457031,20260301_155051_run8
tsfresh,StandWalkJump,0.3333333333333333,0.31216931216931215,0.36111111111111105,0.3333333333333333,2.019515037536621,20260301_155053_run8
tsfresh,StarLightCurves,0.9804516755706654,0.9802392563862273,0.980314310948801,0.9804516755706654,65.75406336784363,20260301_155159_run8
tsfresh,Strawberry,0.972972972972973,0.972972972972973,0.972972972972973,0.972972972972973,8.034911632537842,20260301_155207_run8
tsfresh,SwedishLeaf,0.976,0.9759418658190261,0.9769096994828231,0.976,100.59975576400757,20260301_155347_run8
tsfresh,Symbols,0.9346733668341709,0.9326339816766932,0.9457878197009993,0.9346733668341709,5.499009132385254,20260301_155353_run8
tsfresh,SyntheticControl,1.0,1.0,1.0,1.0,4.763171434402466,20260301_155357_run8
tsfresh,ToeSegmentation1,0.8859649122807017,0.8853260602486608,0.8897029505582138,0.8859649122807017,2.256582498550415,20260301_155400_run8
tsfresh,ToeSegmentation2,0.8692307692307693,0.8798200107844777,0.9153000845308539,0.8692307692307693,1.9079868793487549,20260301_155402_run8
tsfresh,Trace,1.0,1.0,1.0,1.0,2.0519986152648926,20260301_155404_run8
tsfresh,TwoLeadECG,0.9683933274802459,0.9683659691936373,0.9700702661698822,0.9683933274802459,5.930970907211304,20260301_155410_run8
tsfresh,TwoPatterns,1.0,1.0,1.0,1.0,38.26642107963562,20260301_155448_run8
tsfresh,UMD,0.9930555555555556,0.993054801953337,0.9931972789115646,0.9930555555555556,1.8733808994293213,20260301_155450_run8
tsfresh,UWaveGestureLibrary,0.909375,0.9082948544330838,0.9129837873159543,0.909375,4.6266889572143555,20260301_155455_run8
tsfresh,UWaveGestureLibraryAll,0.980178671133445,0.9801647339729177,0.9802980986876413,0.980178671133445,32.33700346946716,20260301_155527_run8
tsfresh,UWaveGestureLibraryX,0.8623673925181463,0.8621587910778402,0.8633731444726981,0.8623673925181463,32.089882612228394,20260301_155559_run8
tsfresh,UWaveGestureLibraryY,0.7989949748743719,0.7972069084458813,0.8000556203576494,0.7989949748743719,32.1160204410553,20260301_155631_run8
tsfresh,UWaveGestureLibraryZ,0.810999441652708,0.8087602513772224,0.8108941250457145,0.810999441652708,32.73109722137451,20260301_155704_run8
tsfresh,Wafer,1.0,1.0,1.0,1.0,51.97382569313049,20260301_155756_run8
tsfresh,Wine,0.7592592592592593,0.744448489261012,0.8375,0.7592592592592593,1.5533015727996826,20260301_155758_run8
tsfresh,WordSynonyms,0.6990595611285266,0.6717290197970289,0.6884329443257773,0.6990595611285266,57.22443675994873,20260301_155855_run8
tsfresh,Worms,0.7662337662337663,0.762873261192589,0.7781711210282638,0.7662337662337663,2.48742938041687,20260301_155857_run8
tsfresh,WormsTwoClass,0.8051948051948052,0.8037676609105181,0.8048632218844984,0.8051948051948052,2.582735776901245,20260301_155900_run8
tsfresh,Yoga,0.956,0.955981902515899,0.9560185281387606,0.956,19.417250633239746,20260301_155919_run8
tsfresh,MiddlePhalanxOutlineCorrect,0.8591065292096219,0.8585318517367161,0.8589780882804975,0.8591065292096219,7.402352571487427,20260301_155927_run9
tsfresh,MiddlePhalanxTW,0.564935064935065,0.5456006867490121,0.588726740525841,0.564935064935065,5.167437314987183,20260301_155932_run9
tsfresh,MixedShapesRegularTrain,0.979381443298969,0.9793616552639205,0.9793630077673763,0.979381443298969,19.375406742095947,20260301_155951_run9
tsfresh,MixedShapesSmallTrain,0.9447422680412371,0.9447710183991475,0.9459489759648956,0.9447422680412371,14.1534583568573,20260301_160006_run9
tsfresh,MoteStrain,0.8506389776357828,0.8473065003153601,0.8673323976834043,0.8506389776357828,7.63039755821228,20260301_160013_run9
tsfresh,MotorImagery,0.51,0.5095586027424682,0.5100361300682457,0.51,103.43677425384521,20260301_160157_run9
tsfresh,NATOPS,0.95,0.9497949851671296,0.9615384615384617,0.95,44.04858684539795,20260301_160241_run9
tsfresh,NonInvasiveFetalECGThorax1,0.9541984732824428,0.9543782790824231,0.955003076272269,0.9541984732824428,382.3001072406769,20260301_160904_run9
tsfresh,NonInvasiveFetalECGThorax2,0.9709923664122138,0.9706343301509353,0.9714382773593083,0.9709923664122138,382.83643674850464,20260301_161526_run9
tsfresh,OSULeaf,0.9628099173553719,0.962761948472617,0.963819536753421,0.9628099173553719,3.5739622116088867,20260301_161530_run9
tsfresh,OliveOil,0.8666666666666667,0.8483576835064249,0.9075000000000001,0.8666666666666667,1.311098575592041,20260301_161531_run9
tsfresh,PhalangesOutlinesCorrect,0.8519813519813519,0.8509092465178522,0.8511323150826573,0.8519813519813519,24.32228922843933,20260301_161556_run9
tsfresh,Phoneme,0.3454641350210971,0.27680944097866605,0.276316253285467,0.3454641350210971,113.1287043094635,20260301_161749_run9
tsfresh,PhonemeSpectra,0.3432746793915896,0.334673147993708,0.35140071630351205,0.3432746793915896,881.5853636264801,20260301_163233_run9
tsfresh,PigAirwayPressure,0.33653846153846156,0.30029994981918057,0.33965503450797563,0.33653846153846156,25.39945125579834,20260301_163258_run9
tsfresh,Plane,1.0,1.0,1.0,1.0,2.3026227951049805,20260301_163300_run9
tsfresh,PowerCons,0.9944444444444445,0.9944442729713879,0.9945054945054945,0.9944444444444445,3.271422863006592,20260301_163304_run9
tsfresh,ProximalPhalanxOutlineAgeGroup,0.848780487804878,0.8514388815503742,0.8593631453144739,0.848780487804878,5.527125835418701,20260301_163309_run9
tsfresh,ProximalPhalanxOutlineCorrect,0.9209621993127147,0.9192078280164586,0.921927796476904,0.9209621993127147,7.154855251312256,20260301_163316_run9
tsfresh,ProximalPhalanxTW,0.7853658536585366,0.7667165237880201,0.7745491314263035,0.7853658536585366,5.6154539585113525,20260301_163322_run9
tsfresh,RacketSports,0.9407894736842105,0.9408066735466116,0.9409652179228559,0.9407894736842105,8.346294641494751,20260301_163330_run9
tsfresh,RefrigerationDevices,0.88,0.8794914132429067,0.8802230407834055,0.88,5.53351354598999,20260301_163336_run9
tsfresh,Rock,0.92,0.9202955465587044,0.9248571428571429,0.92,1.4146742820739746,20260301_163337_run9
tsfresh,ScreenType,0.7333333333333333,0.7327613623122846,0.7362797787129645,0.7333333333333333,5.76942777633667,20260301_163343_run9
tsfresh,SelfRegulationSCP1,0.9044368600682594,0.9042897163757553,0.9071941168281946,0.9044368600682594,7.265364646911621,20260301_163350_run9
tsfresh,SelfRegulationSCP2,0.5444444444444444,0.5442193675889329,0.5445324096981692,0.5444444444444444,6.768354415893555,20260301_163357_run9
tsfresh,PigArtPressure,0.7307692307692307,0.7166222666222665,0.7744734432234431,0.7307692307692307,25.46986413002014,20260301_163423_run9
tsfresh,PigCVP,0.46634615384615385,0.46233535572812784,0.5821276636887496,0.46634615384615385,25.089598417282104,20260301_163448_run9
tsfresh,SemgHandGenderCh2,0.9866666666666667,0.9867221926298968,0.9871559633027523,0.9866666666666667,6.017326593399048,20260301_163454_run9
tsfresh,SemgHandMovementCh2,0.9555555555555556,0.9552055621921715,0.9558452917586044,0.9555555555555556,7.138683080673218,20260301_163501_run9
tsfresh,SemgHandSubjectCh2,0.98,0.9800552026483365,0.980414119181544,0.98,7.106465578079224,20260301_163508_run9
tsfresh,ShapeletSim,1.0,1.0,1.0,1.0,1.9122600555419922,20260301_163510_run9
tsfresh,ShapesAll,0.9066666666666666,0.9069186629416807,0.9155546768046766,0.9066666666666666,112.51456141471863,20260301_163703_run9
tsfresh,SmallKitchenAppliances,0.8426666666666667,0.8428433101635716,0.8437533150598678,0.8426666666666667,5.878952980041504,20260301_163708_run9
tsfresh,SmoothSubspace,0.9666666666666667,0.9665831244778612,0.9696969696969696,0.9666666666666667,2.239060640335083,20260301_163711_run9
tsfresh,SonyAIBORobotSurface1,0.9700499168053245,0.970142681062554,0.9716202513582669,0.9700499168053245,3.533140182495117,20260301_163714_run9
tsfresh,SonyAIBORobotSurface2,0.9737670514165793,0.9736250873049955,0.9743167814638477,0.9737670514165793,4.878474712371826,20260301_163719_run9
tsfresh,StandWalkJump,0.4666666666666667,0.4467754467754467,0.625,0.4666666666666667,1.8856134414672852,20260301_163721_run9
tsfresh,StarLightCurves,0.9822729480330258,0.9820896766432811,0.982169908017836,0.9822729480330258,65.70309662818909,20260301_163827_run9
tsfresh,Strawberry,0.981081081081081,0.9810968625030194,0.9811281539462753,0.981081081081081,8.009539127349854,20260301_163835_run9
tsfresh,SwedishLeaf,0.9824,0.9822628043364846,0.9826070688305037,0.9824,100.56436944007874,20260301_164015_run9
tsfresh,Symbols,0.9517587939698492,0.9515254175233578,0.9535509897422618,0.9517587939698492,5.417360782623291,20260301_164021_run9
tsfresh,SyntheticControl,1.0,1.0,1.0,1.0,4.78639030456543,20260301_164026_run9
tsfresh,ToeSegmentation1,0.8464912280701754,0.8460957325223253,0.8473122073914809,0.8464912280701754,2.2594306468963623,20260301_164028_run9
tsfresh,ToeSegmentation2,0.8692307692307693,0.8798200107844777,0.9153000845308539,0.8692307692307693,1.8192129135131836,20260301_164030_run9
tsfresh,Trace,1.0,1.0,1.0,1.0,2.170607089996338,20260301_164032_run9
tsfresh,TwoLeadECG,0.9920983318700615,0.9920978933138574,0.9922213682250258,0.9920983318700615,5.8244898319244385,20260301_164038_run9
tsfresh,TwoPatterns,1.0,1.0,1.0,1.0,38.00149345397949,20260301_164116_run9
tsfresh,UMD,0.9930555555555556,0.993054801953337,0.9931972789115646,0.9930555555555556,1.8657104969024658,20260301_164118_run9
tsfresh,UWaveGestureLibrary,0.89375,0.8931586286754758,0.9030280921563815,0.89375,4.606441497802734,20260301_164122_run9
tsfresh,UWaveGestureLibraryAll,0.980178671133445,0.9801274565956034,0.9801587497704001,0.980178671133445,32.09722352027893,20260301_164155_run9
tsfresh,UWaveGestureLibraryX,0.8676716917922948,0.8666386475171107,0.8693211917791165,0.8676716917922948,32.10615277290344,20260301_164227_run9
tsfresh,UWaveGestureLibraryY,0.7945281965382468,0.7924868258653839,0.7954094236201732,0.7945281965382468,32.10752272605896,20260301_164259_run9
tsfresh,UWaveGestureLibraryZ,0.8257956448911222,0.8233562819921564,0.8252951723730865,0.8257956448911222,32.185542583465576,20260301_164331_run9
tsfresh,Wafer,1.0,1.0,1.0,1.0,52.15617060661316,20260301_164423_run9
tsfresh,Wine,0.9444444444444444,0.9442724458204333,0.95,0.9444444444444444,1.5644783973693848,20260301_164425_run9
tsfresh,WordSynonyms,0.7084639498432602,0.675680800395475,0.6853166135868252,0.7084639498432602,57.28100538253784,20260301_164522_run9
tsfresh,Worms,0.8441558441558441,0.8434687006115578,0.8457075392140327,0.8441558441558441,2.563426971435547,20260301_164525_run9
tsfresh,WormsTwoClass,0.7532467532467533,0.7527349055438943,0.7524801587301587,0.7532467532467533,2.561946392059326,20260301_164527_run9
tsfresh,Yoga,0.9533333333333334,0.9532833271564156,0.9535418895830295,0.9533333333333334,19.44338321685791,20260301_164547_run9
tsfresh,MiddlePhalanxOutlineCorrect,0.8591065292096219,0.8587140445214154,0.8588402564257149,0.8591065292096219,7.484046936035156,20260301_164554_run10
tsfresh,MiddlePhalanxTW,0.6103896103896104,0.5744744562157535,0.57733862332171,0.6103896103896104,5.344212055206299,20260301_164600_run10
tsfresh,MixedShapesRegularTrain,0.9756701030927835,0.9756955322341054,0.975893781062506,0.9756701030927835,19.42070174217224,20260301_164619_run10
tsfresh,MixedShapesSmallTrain,0.9501030927835051,0.9501830676063067,0.95034182034386,0.9501030927835051,14.184301853179932,20260301_164633_run10
tsfresh,MoteStrain,0.8562300319488818,0.8552628965993925,0.858889586088094,0.8562300319488818,7.672677278518677,20260301_164641_run10
tsfresh,MotorImagery,0.57,0.5696126513862476,0.5702529104777199,0.57,105.95582628250122,20260301_164827_run10
tsfresh,NATOPS,0.9388888888888889,0.9392081082759048,0.9426739926739925,0.9388888888888889,44.376704692840576,20260301_164912_run10
tsfresh,NonInvasiveFetalECGThorax1,0.9557251908396946,0.9556445700976218,0.9565518873709503,0.9557251908396946,382.8341567516327,20260301_165535_run10
tsfresh,NonInvasiveFetalECGThorax2,0.9643765903307888,0.9647558159960351,0.966149707700847,0.9643765903307888,382.4633858203888,20260301_170157_run10
tsfresh,OSULeaf,0.9421487603305785,0.9418658093227625,0.9440354079619069,0.9421487603305785,3.5687007904052734,20260301_170201_run10
tsfresh,OliveOil,0.8,0.7850952380952381,0.795027195027195,0.8,1.31174898147583,20260301_170202_run10
tsfresh,PhalangesOutlinesCorrect,0.8589743589743589,0.8563682152899755,0.8604301553782547,0.8589743589743589,24.328587770462036,20260301_170227_run10
tsfresh,Phoneme,0.3111814345991561,0.2593277304732118,0.3133839130085099,0.3111814345991561,112.89660167694092,20260301_170419_run10
tsfresh,PhonemeSpectra,0.28481956456904267,0.2767764122126581,0.30619676979253146,0.28481956456904267,882.487268447876,20260301_171904_run10
tsfresh,PigAirwayPressure,0.16826923076923078,0.12726961899756017,0.15662021060475678,0.16826923076923078,25.218540906906128,20260301_171929_run10
tsfresh,Plane,1.0,1.0,1.0,1.0,2.2642898559570312,20260301_171932_run10
tsfresh,PowerCons,0.9833333333333333,0.9833328189141639,0.983393011482899,0.9833333333333333,3.1103241443634033,20260301_171935_run10
tsfresh,ProximalPhalanxOutlineAgeGroup,0.8390243902439024,0.841889064643419,0.8643663672075604,0.8390243902439024,5.589961051940918,20260301_171940_run10
tsfresh,ProximalPhalanxOutlineCorrect,0.9003436426116839,0.8995700096613607,0.8994055377809377,0.9003436426116839,7.538586616516113,20260301_171948_run10
tsfresh,ProximalPhalanxTW,0.8097560975609757,0.8006454163197271,0.818632010148447,0.8097560975609757,5.44202733039856,20260301_171953_run10
tsfresh,RacketSports,0.9407894736842105,0.9407550138987801,0.9408623175070543,0.9407894736842105,8.308496475219727,20260301_172002_run10
tsfresh,RefrigerationDevices,0.864,0.8641700903229778,0.8663352858675026,0.864,5.786951065063477,20260301_172007_run10
tsfresh,Rock,0.84,0.8393980848153214,0.8402272727272728,0.84,1.3114345073699951,20260301_172009_run10
tsfresh,ScreenType,0.736,0.7341954944905836,0.7349750915402277,0.736,5.694409370422363,20260301_172014_run10
tsfresh,SelfRegulationSCP1,0.931740614334471,0.931740614334471,0.931740614334471,0.931740614334471,7.2423107624053955,20260301_172022_run10
tsfresh,SelfRegulationSCP2,0.4888888888888889,0.4883203559510567,0.4888392857142857,0.4888888888888889,6.55230188369751,20260301_172028_run10
tsfresh,PigArtPressure,0.4326923076923077,0.39297362209513914,0.4511526134122288,0.4326923076923077,25.273876667022705,20260301_172054_run10
tsfresh,PigCVP,0.35096153846153844,0.3261689831033723,0.4158502288309981,0.35096153846153844,25.091352939605713,20260301_172119_run10
tsfresh,SemgHandGenderCh2,0.98,0.9800633256905776,0.9803385416666667,0.98,6.165933132171631,20260301_172125_run10
tsfresh,SemgHandMovementCh2,0.9422222222222222,0.9420601702269209,0.943397297318126,0.9422222222222222,6.983377933502197,20260301_172132_run10
tsfresh,SemgHandSubjectCh2,0.9844444444444445,0.9844307834999847,0.9845899028507723,0.9844444444444445,7.055241823196411,20260301_172139_run10
tsfresh,ShapeletSim,1.0,1.0,1.0,1.0,2.0074574947357178,20260301_172141_run10
tsfresh,ShapesAll,0.89,0.888353545680575,0.8990813353313354,0.89,112.50987887382507,20260301_172333_run10
tsfresh,SmallKitchenAppliances,0.8533333333333334,0.8533466530054644,0.8540281822652724,0.8533333333333334,5.921239376068115,20260301_172339_run10
tsfresh,SmoothSubspace,0.9933333333333333,0.9933326665999933,0.9934640522875816,0.9933333333333333,2.179823875427246,20260301_172342_run10
tsfresh,SonyAIBORobotSurface1,0.8752079866888519,0.8755107582835323,0.9019132634300708,0.8752079866888519,3.65396785736084,20260301_172345_run10
tsfresh,SonyAIBORobotSurface2,0.9622245540398741,0.9620774495263587,0.9623742381008297,0.9622245540398741,4.7817604541778564,20260301_172350_run10
tsfresh,StandWalkJump,0.4,0.38888888888888895,0.39285714285714285,0.4,1.9400279521942139,20260301_172352_run10
tsfresh,StarLightCurves,0.9840942204953861,0.9838839115204533,0.9841017888269192,0.9840942204953861,65.81622862815857,20260301_172458_run10
tsfresh,Strawberry,0.9891891891891892,0.9892070237173501,0.9892873014679238,0.9891891891891892,7.935254812240601,20260301_172506_run10
tsfresh,SwedishLeaf,0.9728,0.9728287433378704,0.9737099250282921,0.9728,100.79645204544067,20260301_172647_run10
tsfresh,Symbols,0.8964824120603015,0.8966311002870117,0.8980807785165917,0.8964824120603015,5.389374732971191,20260301_172652_run10
tsfresh,SyntheticControl,1.0,1.0,1.0,1.0,4.705527067184448,20260301_172657_run10
tsfresh,ToeSegmentation1,0.881578947368421,0.8804374113039085,0.8894555310229532,0.881578947368421,2.2586255073547363,20260301_172659_run10
tsfresh,ToeSegmentation2,0.9307692307692308,0.9313116132344299,0.9320146520146521,0.9307692307692308,1.822364091873169,20260301_172701_run10
tsfresh,Trace,1.0,1.0,1.0,1.0,2.1506094932556152,20260301_172703_run10
tsfresh,TwoLeadECG,0.9833187006145742,0.9833143019888335,0.983857722193355,0.9833187006145742,5.819351434707642,20260301_172709_run10
tsfresh,TwoPatterns,1.0,1.0,1.0,1.0,38.33675789833069,20260301_172747_run10
tsfresh,UMD,0.9930555555555556,0.993054801953337,0.9931972789115646,0.9930555555555556,1.8924517631530762,20260301_172749_run10
tsfresh,UWaveGestureLibrary,0.91875,0.918660510413047,0.9206005457817186,0.91875,4.662302255630493,20260301_172754_run10
tsfresh,UWaveGestureLibraryAll,0.977107761027359,0.9769946051055357,0.9774475469596452,0.977107761027359,32.10015368461609,20260301_172826_run10
tsfresh,UWaveGestureLibraryX,0.884142936906756,0.8824266885189953,0.8879387224611228,0.884142936906756,32.225130796432495,20260301_172858_run10
tsfresh,UWaveGestureLibraryY,0.794249022892239,0.7941793816898108,0.7982143181000532,0.794249022892239,32.05993700027466,20260301_172931_run10
tsfresh,UWaveGestureLibraryZ,0.8026242322724735,0.8001529139775374,0.7994351339031812,0.8026242322724735,32.75942134857178,20260301_173003_run10
tsfresh,Wafer,1.0,1.0,1.0,1.0,52.11494493484497,20260301_173056_run10
tsfresh,Wine,0.9259259259259259,0.9258241758241759,0.9282758620689655,0.9259259259259259,1.5521275997161865,20260301_173057_run10
tsfresh,WordSynonyms,0.6426332288401254,0.6148105895759247,0.6456139161805496,0.6426332288401254,57.16199254989624,20260301_173154_run10
tsfresh,Worms,0.7792207792207793,0.7744228442365089,0.7738095238095238,0.7792207792207793,2.6635124683380127,20260301_173157_run10
tsfresh,WormsTwoClass,0.7662337662337663,0.7637747946303346,0.76559934318555,0.7662337662337663,2.463470220565796,20260301_173159_run10
tsfresh,Yoga,0.9573333333333334,0.957348417707534,0.9574181444388584,0.9573333333333334,19.251274824142456,20260301_173219_run10
tsfresh,MiddlePhalanxOutlineCorrect,0.8762886597938144,0.8760192535651424,0.876088187681991,0.8762886597938144,7.591017484664917,20260301_173226_run11
tsfresh,MiddlePhalanxTW,0.5974025974025974,0.5498091587517064,0.5593279269749858,0.5974025974025974,5.220339775085449,20260301_173232_run11
tsfresh,MixedShapesRegularTrain,0.9769072164948454,0.9769074890977759,0.9771047898886421,0.9769072164948454,19.500025272369385,20260301_173251_run11
tsfresh,MixedShapesSmallTrain,0.9051546391752577,0.9068300597381629,0.9165771611247352,0.9051546391752577,14.138793468475342,20260301_173305_run11
tsfresh,MoteStrain,0.9057507987220448,0.9052749787436057,0.9079961729144549,0.9057507987220448,7.547521591186523,20260301_173313_run11
tsfresh,MotorImagery,0.52,0.5198079231692677,0.5200320512820513,0.52,104.63651657104492,20260301_173458_run11
tsfresh,NATOPS,0.9388888888888889,0.938966588966589,0.943015873015873,0.9388888888888889,44.01144742965698,20260301_173542_run11
tsfresh,NonInvasiveFetalECGThorax1,0.9592875318066157,0.9591812906600384,0.9612380028511337,0.9592875318066157,382.6905794143677,20260301_174205_run11
tsfresh,NonInvasiveFetalECGThorax2,0.9669211195928753,0.9668715007838151,0.9675164846177831,0.9669211195928753,382.8890597820282,20260301_174828_run11
tsfresh,OSULeaf,0.9752066115702479,0.9751085206652111,0.9755712377613204,0.9752066115702479,3.6853275299072266,20260301_174831_run11
tsfresh,OliveOil,0.9,0.8987784679089027,0.9090909090909091,0.9,1.3102777004241943,20260301_174833_run11
tsfresh,PhalangesOutlinesCorrect,0.8694638694638694,0.8681851258164547,0.8691819202443815,0.8694638694638694,24.15891146659851,20260301_174857_run11
tsfresh,Phoneme,0.2916666666666667,0.28927691340438516,0.4071081221502105,0.2916666666666667,113.19948148727417,20260301_175050_run11
tsfresh,PhonemeSpectra,0.31166119892633465,0.3030159672547333,0.36136101325962067,0.31166119892633465,883.1270139217377,20260301_180535_run11
tsfresh,PigAirwayPressure,0.1778846153846154,0.16171010228387278,0.2024966261808367,0.1778846153846154,25.34388518333435,20260301_180601_run11
tsfresh,Plane,1.0,1.0,1.0,1.0,2.2922704219818115,20260301_180603_run11
tsfresh,PowerCons,0.9777777777777777,0.9777777777777777,0.9777777777777777,0.9777777777777777,3.1182632446289062,20260301_180606_run11
tsfresh,ProximalPhalanxOutlineAgeGroup,0.8536585365853658,0.8597387716477208,0.8716860916860917,0.8536585365853658,5.48571252822876,20260301_180612_run11
tsfresh,ProximalPhalanxOutlineCorrect,0.8969072164948454,0.8969072164948454,0.8969072164948454,0.8969072164948454,7.331359386444092,20260301_180619_run11
tsfresh,ProximalPhalanxTW,0.7951219512195122,0.7838602274701463,0.787538883534732,0.7951219512195122,5.5248003005981445,20260301_180625_run11
tsfresh,RacketSports,0.9407894736842105,0.940703474372205,0.9441751308094799,0.9407894736842105,8.449416875839233,20260301_180633_run11
tsfresh,RefrigerationDevices,0.856,0.855690028704023,0.8578202967515944,0.856,5.875986099243164,20260301_180639_run11
tsfresh,Rock,0.9,0.9005316067947646,0.908923076923077,0.9,1.348118543624878,20260301_180640_run11
tsfresh,ScreenType,0.792,0.790104092841613,0.7970665661393926,0.792,5.654285430908203,20260301_180646_run11
tsfresh,SelfRegulationSCP1,0.9385665529010239,0.9385651216866193,0.9386511614592113,0.9385665529010239,7.385951280593872,20260301_180653_run11
tsfresh,SelfRegulationSCP2,0.4888888888888889,0.48882578096061247,0.4888833992094861,0.4888888888888889,6.670014381408691,20260301_180700_run11
tsfresh,PigArtPressure,0.3173076923076923,0.29755223409069564,0.39553814562724043,0.3173076923076923,25.532909154891968,20260301_180726_run11
tsfresh,PigCVP,0.2403846153846154,0.21497127478908856,0.3184371851949763,0.2403846153846154,25.173975229263306,20260301_180751_run11
tsfresh,SemgHandGenderCh2,0.9833333333333333,0.9833689943590741,0.9834995883976562,0.9833333333333333,6.224623441696167,20260301_180757_run11
tsfresh,SemgHandMovementCh2,0.9333333333333333,0.9326694382019266,0.9330300444455697,0.9333333333333333,6.989534854888916,20260301_180804_run11
tsfresh,SemgHandSubjectCh2,0.9911111111111112,0.991123251403507,0.9911843711843713,0.9911111111111112,6.960952281951904,20260301_180811_run11
tsfresh,ShapeletSim,1.0,1.0,1.0,1.0,2.043807029724121,20260301_180813_run11
tsfresh,ShapesAll,0.8916666666666667,0.8905044283488559,0.9173590067340067,0.8916666666666667,112.300377368927,20260301_181005_run11
tsfresh,SmallKitchenAppliances,0.832,0.8318594537512601,0.8317364738009899,0.832,6.139703989028931,20260301_181012_run11
tsfresh,SmoothSubspace,0.9866666666666667,0.9866666666666667,0.9866666666666667,0.9866666666666667,2.1239118576049805,20260301_181014_run11
tsfresh,SonyAIBORobotSurface1,0.9717138103161398,0.9717334403701693,0.9718022925505047,0.9717138103161398,3.608708381652832,20260301_181017_run11
tsfresh,SonyAIBORobotSurface2,0.9496327387198321,0.9491798987374623,0.9507735925857728,0.9496327387198321,4.766108989715576,20260301_181022_run11
tsfresh,StandWalkJump,0.2,0.21318681318681318,0.275,0.2,1.9875521659851074,20260301_181024_run11
tsfresh,StarLightCurves,0.9831228751821273,0.9828760276973585,0.9831347598600909,0.9831228751821273,65.66837954521179,20260301_181130_run11
tsfresh,Strawberry,0.9783783783783784,0.9783783783783784,0.9783783783783784,0.9783783783783784,7.956512928009033,20260301_181138_run11
tsfresh,SwedishLeaf,0.9824,0.9824015334023984,0.9827640670440669,0.9824,101.01159429550171,20260301_181319_run11
tsfresh,Symbols,0.9708542713567839,0.9709291766762825,0.9714230286786186,0.9708542713567839,5.407310485839844,20260301_181324_run11
tsfresh,SyntheticControl,1.0,1.0,1.0,1.0,4.813580513000488,20260301_181329_run11
tsfresh,ToeSegmentation1,0.8640350877192983,0.8631747010978448,0.8680648990898298,0.8640350877192983,2.291253089904785,20260301_181331_run11
tsfresh,ToeSegmentation2,0.9307692307692308,0.9323085583147502,0.935225292506846,0.9307692307692308,1.9302704334259033,20260301_181333_run11
tsfresh,Trace,1.0,1.0,1.0,1.0,2.0719587802886963,20260301_181335_run11
tsfresh,TwoLeadECG,0.9885864793678666,0.9885863034104683,0.9886242308888983,0.9885864793678666,5.847400903701782,20260301_181341_run11
tsfresh,TwoPatterns,1.0,1.0,1.0,1.0,38.108720541000366,20260301_181419_run11
tsfresh,UMD,0.9930555555555556,0.993054801953337,0.9931972789115646,0.9930555555555556,1.8770668506622314,20260301_181421_run11
tsfresh,UWaveGestureLibrary,0.896875,0.896225064611776,0.9023186066740074,0.896875,4.631746292114258,20260301_181426_run11
tsfresh,UWaveGestureLibraryAll,0.9731993299832495,0.9731816495936292,0.9736234675437325,0.9731993299832495,32.15255522727966,20260301_181458_run11
tsfresh,UWaveGestureLibraryX,0.8740926856504746,0.8739688109831771,0.8757067893417138,0.8740926856504746,32.1445198059082,20260301_181530_run11
tsfresh,UWaveGestureLibraryY,0.8084868788386377,0.8073601690420471,0.8079819016531536,0.8084868788386377,32.04439926147461,20260301_181602_run11
tsfresh,UWaveGestureLibraryZ,0.8316582914572864,0.8305259631500677,0.831006665955802,0.8316582914572864,32.149500131607056,20260301_181635_run11
tsfresh,Wafer,1.0,1.0,1.0,1.0,51.848429679870605,20260301_181727_run11
tsfresh,Wine,0.8888888888888888,0.8888888888888888,0.8888888888888888,0.8888888888888888,1.5849575996398926,20260301_181728_run11
tsfresh,WordSynonyms,0.7021943573667712,0.6658101834091726,0.6935298165695042,0.7021943573667712,57.220651149749756,20260301_181825_run11
tsfresh,Worms,0.8051948051948052,0.8097033896878335,0.8207972582972582,0.8051948051948052,2.4584293365478516,20260301_181828_run11
tsfresh,WormsTwoClass,0.8051948051948052,0.7988528021083637,0.8170485175202156,0.8051948051948052,2.4487900733947754,20260301_181830_run11
tsfresh,Yoga,0.9533333333333334,0.9533355428858661,0.9533386036020948,0.9533333333333334,19.449819564819336,20260301_181850_run11
tsfresh,MiddlePhalanxOutlineCorrect,0.8625429553264605,0.8612467624637361,0.8641249496919601,0.8625429553264605,7.417237758636475,20260301_181857_run12
tsfresh,MiddlePhalanxTW,0.538961038961039,0.5208217633228006,0.521512161298761,0.538961038961039,5.260220289230347,20260301_181903_run12
tsfresh,MixedShapesRegularTrain,0.9736082474226804,0.9735522308565153,0.9736858461114235,0.9736082474226804,19.4080810546875,20260301_181922_run12
tsfresh,MixedShapesSmallTrain,0.945979381443299,0.9456728640972254,0.945882639723441,0.945979381443299,14.171904563903809,20260301_181936_run12
tsfresh,MoteStrain,0.8266773162939297,0.8250996502817489,0.8303201662677354,0.8266773162939297,7.664199590682983,20260301_181944_run12
tsfresh,MotorImagery,0.46,0.45652173913043476,0.45894909688013136,0.46,104.25421667098999,20260301_182128_run12
tsfresh,NATOPS,0.9333333333333333,0.9332557273235238,0.9362637362637363,0.9333333333333333,44.453396797180176,20260301_182213_run12
tsfresh,NonInvasiveFetalECGThorax1,0.9638676844783715,0.9637863800913198,0.9645147248679539,0.9638676844783715,382.5708980560303,20260301_182836_run12
tsfresh,NonInvasiveFetalECGThorax2,0.9704834605597964,0.9705129426385739,0.9711219386019775,0.9704834605597964,383.7940893173218,20260301_183500_run12
tsfresh,OSULeaf,0.9462809917355371,0.9466506747534416,0.9506121824303642,0.9462809917355371,3.5651838779449463,20260301_183503_run12
tsfresh,OliveOil,0.8666666666666667,0.8643722943722943,0.8843434343434343,0.8666666666666667,1.3098514080047607,20260301_183504_run12
tsfresh,PhalangesOutlinesCorrect,0.8624708624708625,0.8605817259663414,0.8627512507177544,0.8624708624708625,24.813539743423462,20260301_183529_run12
tsfresh,Phoneme,0.33069620253164556,0.3015583523157983,0.3155706449615902,0.33069620253164556,112.99569964408875,20260301_183722_run12
tsfresh,PhonemeSpectra,0.3289591410677006,0.3201781608798676,0.3446348941213747,0.3289591410677006,883.6604092121124,20260301_185208_run12
tsfresh,PigAirwayPressure,0.2403846153846154,0.21297954182569567,0.2582355144855145,0.2403846153846154,25.304479122161865,20260301_185233_run12
tsfresh,Plane,1.0,1.0,1.0,1.0,2.255666732788086,20260301_185236_run12
tsfresh,PowerCons,0.9777777777777777,0.9777750339548092,0.9780138339920948,0.9777777777777777,3.1141395568847656,20260301_185239_run12
tsfresh,ProximalPhalanxOutlineAgeGroup,0.8292682926829268,0.831023469850782,0.8414866434378628,0.8292682926829268,5.634846925735474,20260301_185244_run12
tsfresh,ProximalPhalanxOutlineCorrect,0.9037800687285223,0.9031896645067902,0.9029890597611892,0.9037800687285223,7.32143759727478,20260301_185252_run12
tsfresh,ProximalPhalanxTW,0.8,0.7838281498377863,0.7988670057823573,0.8,5.573228359222412,20260301_185257_run12
tsfresh,RacketSports,0.9078947368421053,0.9074379714821437,0.9071376357560568,0.9078947368421053,8.560488939285278,20260301_185306_run12
tsfresh,RefrigerationDevices,0.8853333333333333,0.88536667897133,0.8870052570659788,0.8853333333333333,5.834834098815918,20260301_185312_run12
tsfresh,Rock,0.9,0.8973333333333333,0.9045454545454545,0.9,1.3084993362426758,20260301_185313_run12
tsfresh,ScreenType,0.736,0.7356142246224241,0.738888888888889,0.736,5.819988489151001,20260301_185319_run12
tsfresh,SelfRegulationSCP1,0.9215017064846417,0.9214998776467709,0.9215195188126811,0.9215017064846417,7.285262823104858,20260301_185326_run12
tsfresh,SelfRegulationSCP2,0.5055555555555555,0.5011055401575784,0.5057611061323773,0.5055555555555555,6.548508167266846,20260301_185333_run12
tsfresh,PigArtPressure,0.625,0.632700650712821,0.7420386024232178,0.625,25.43723177909851,20260301_185358_run12
tsfresh,PigCVP,0.47596153846153844,0.4671530392684239,0.5389957264957265,0.47596153846153844,25.17110538482666,20260301_185424_run12
tsfresh,SemgHandGenderCh2,0.975,0.975040389934007,0.9751337482257888,0.975,6.182944059371948,20260301_185430_run12
tsfresh,SemgHandMovementCh2,0.9377777777777778,0.9371152342100408,0.9374310960731776,0.9377777777777778,6.99448299407959,20260301_185437_run12
tsfresh,SemgHandSubjectCh2,0.98,0.9799054813650548,0.9803014778033341,0.98,6.882654428482056,20260301_185444_run12
tsfresh,ShapeletSim,1.0,1.0,1.0,1.0,2.007330894470215,20260301_185446_run12
tsfresh,ShapesAll,0.9216666666666666,0.9208570063407525,0.9271948653198655,0.9216666666666666,112.40904927253723,20260301_185638_run12
tsfresh,SmallKitchenAppliances,0.8426666666666667,0.8413437711350426,0.8430384119210136,0.8426666666666667,5.974097728729248,20260301_185644_run12
tsfresh,SmoothSubspace,0.9933333333333333,0.9933326665999933,0.9934640522875816,0.9933333333333333,2.1254000663757324,20260301_185646_run12
tsfresh,SonyAIBORobotSurface1,0.9534109816971714,0.9536187080772762,0.9579721443282176,0.9534109816971714,3.649188280105591,20260301_185650_run12
tsfresh,SonyAIBORobotSurface2,0.9433368310598111,0.9429033237475205,0.9439874761408544,0.9433368310598111,4.764145135879517,20260301_185655_run12
tsfresh,StandWalkJump,0.3333333333333333,0.31575091575091574,0.35833333333333334,0.3333333333333333,1.8805384635925293,20260301_185657_run12
tsfresh,StarLightCurves,0.9827586206896551,0.9825279631965635,0.9827126545610679,0.9827586206896551,65.96437907218933,20260301_185803_run12
tsfresh,Strawberry,0.9891891891891892,0.9892070237173501,0.9892873014679238,0.9891891891891892,7.846627473831177,20260301_185810_run12
tsfresh,SwedishLeaf,0.9824,0.9822660683104526,0.9827503104168789,0.9824,101.13580083847046,20260301_185952_run12
tsfresh,Symbols,0.9738693467336683,0.9739057588459401,0.9742443785928647,0.9738693467336683,5.418301820755005,20260301_185957_run12
tsfresh,SyntheticControl,1.0,1.0,1.0,1.0,4.7752697467803955,20260301_190002_run12
tsfresh,ToeSegmentation1,0.8421052631578947,0.8416155152148361,0.8432236842105263,0.8421052631578947,2.2605321407318115,20260301_190004_run12
tsfresh,ToeSegmentation2,0.8846153846153846,0.8899880607197681,0.9015464821916435,0.8846153846153846,1.930422306060791,20260301_190006_run12
tsfresh,Trace,1.0,1.0,1.0,1.0,2.064725875854492,20260301_190008_run12
tsfresh,TwoLeadECG,0.9622475856014048,0.962199802197714,0.9646579860349204,0.9622475856014048,5.87443470954895,20260301_190014_run12
tsfresh,TwoPatterns,1.0,1.0,1.0,1.0,38.0288565158844,20260301_190052_run12
tsfresh,UMD,0.9930555555555556,0.993054801953337,0.9931972789115646,0.9930555555555556,1.902512788772583,20260301_190054_run12
tsfresh,UWaveGestureLibrary,0.903125,0.9026762710512003,0.9085200332174944,0.903125,4.6375837326049805,20260301_190059_run12
tsfresh,UWaveGestureLibraryAll,0.9840871021775545,0.9840634717616352,0.9841910061807578,0.9840871021775545,31.944252729415894,20260301_190131_run12
tsfresh,UWaveGestureLibraryX,0.8763260748185371,0.8752087037995637,0.8786419583334545,0.8763260748185371,32.15579438209534,20260301_190203_run12
tsfresh,UWaveGestureLibraryY,0.7964824120603015,0.7938593401252532,0.7946128026548549,0.7964824120603015,32.04637360572815,20260301_190235_run12
tsfresh,UWaveGestureLibraryZ,0.8090452261306532,0.8084342902674585,0.8088593944906465,0.8090452261306532,32.04534888267517,20260301_190307_run12
tsfresh,Wafer,1.0,1.0,1.0,1.0,51.91736960411072,20260301_190359_run12
tsfresh,Wine,1.0,1.0,1.0,1.0,1.5527620315551758,20260301_190401_run12
tsfresh,WordSynonyms,0.6959247648902821,0.6636807379555131,0.7069525314822049,0.6959247648902821,57.04292583465576,20260301_190458_run12
tsfresh,Worms,0.7532467532467533,0.7463463854441297,0.7758803245816234,0.7532467532467533,2.422868013381958,20260301_190500_run12
tsfresh,WormsTwoClass,0.6753246753246753,0.6647546701806062,0.6738544474393531,0.6753246753246753,2.4651143550872803,20260301_190503_run12
tsfresh,Yoga,0.9443333333333334,0.9443585060732654,0.9444764856687434,0.9443333333333334,19.331911087036133,20260301_190522_run12
tsfresh,MiddlePhalanxOutlineCorrect,0.8350515463917526,0.8322190238833148,0.839584349318642,0.8350515463917526,7.45597505569458,20260301_190530_run13
tsfresh,MiddlePhalanxTW,0.564935064935065,0.5317819988730956,0.5490723562152134,0.564935064935065,5.128604412078857,20260301_190535_run13
tsfresh,MixedShapesRegularTrain,0.9744329896907217,0.9744405155140108,0.9745005262660436,0.9744329896907217,19.41538166999817,20260301_190554_run13
tsfresh,MixedShapesSmallTrain,0.9385567010309278,0.9383888823083769,0.9384152609061828,0.9385567010309278,14.145060300827026,20260301_190608_run13
tsfresh,MoteStrain,0.8993610223642172,0.8994872554956863,0.9005136421321221,0.8993610223642172,7.653626918792725,20260301_190616_run13
tsfresh,MotorImagery,0.53,0.52995299529953,0.5300120048019208,0.53,102.58472609519958,20260301_190759_run13
tsfresh,NATOPS,0.9555555555555556,0.9555061179087875,0.9561011904761905,0.9555555555555556,44.6612331867218,20260301_190844_run13
tsfresh,NonInvasiveFetalECGThorax1,0.966412213740458,0.966145076244844,0.9670686601474882,0.966412213740458,382.70494866371155,20260301_191506_run13
tsfresh,NonInvasiveFetalECGThorax2,0.9709923664122138,0.9706156853678607,0.9708501037947512,0.9709923664122138,382.714528799057,20260301_192129_run13
tsfresh,OSULeaf,0.9545454545454546,0.954223360285503,0.9555847807030328,0.9545454545454546,3.630728006362915,20260301_192133_run13
tsfresh,OliveOil,0.9333333333333333,0.9349953068623146,0.9455555555555556,0.9333333333333333,1.41330885887146,20260301_192134_run13
tsfresh,PhalangesOutlinesCorrect,0.8776223776223776,0.8756841037153181,0.8790289630065804,0.8776223776223776,24.334452867507935,20260301_192159_run13
tsfresh,Phoneme,0.3338607594936709,0.2708624636756286,0.28196253472664495,0.3338607594936709,113.12915515899658,20260301_192352_run13
tsfresh,PhonemeSpectra,0.31792424694303606,0.3064750237139472,0.33966425128749844,0.31792424694303606,882.8239259719849,20260301_193837_run13
tsfresh,PigAirwayPressure,0.16826923076923078,0.13991910866910867,0.14284797271040156,0.16826923076923078,25.396966695785522,20260301_193902_run13
tsfresh,Plane,1.0,1.0,1.0,1.0,2.271421194076538,20260301_193904_run13
tsfresh,PowerCons,1.0,1.0,1.0,1.0,3.247123956680298,20260301_193908_run13
tsfresh,ProximalPhalanxOutlineAgeGroup,0.8439024390243902,0.8501726124067573,0.8685621553874658,0.8439024390243902,5.519315481185913,20260301_193913_run13
tsfresh,ProximalPhalanxOutlineCorrect,0.8934707903780069,0.890677712543598,0.8936553538634664,0.8934707903780069,7.377998352050781,20260301_193921_run13
tsfresh,ProximalPhalanxTW,0.8195121951219512,0.8087002339118313,0.8611307864897867,0.8195121951219512,5.602066516876221,20260301_193926_run13
tsfresh,RacketSports,0.9210526315789473,0.9207294552169899,0.92260793828543,0.9210526315789473,8.317041397094727,20260301_193935_run13
tsfresh,RefrigerationDevices,0.88,0.8791136318670448,0.8811083811083812,0.88,5.904368162155151,20260301_193940_run13
tsfresh,Rock,0.9,0.9044117647058824,0.92,0.9,1.335688591003418,20260301_193942_run13
tsfresh,ScreenType,0.7946666666666666,0.7922528529393305,0.8080565373610531,0.7946666666666666,5.897585153579712,20260301_193948_run13
tsfresh,SelfRegulationSCP1,0.9010238907849829,0.9009892889964841,0.9014801317795978,0.9010238907849829,7.369851589202881,20260301_193955_run13
tsfresh,SelfRegulationSCP2,0.4777777777777778,0.47544642857142855,0.47737556561085975,0.4777777777777778,6.589153528213501,20260301_194002_run13
tsfresh,PigArtPressure,0.5817307692307693,0.5272135544194367,0.5418647905638856,0.5817307692307693,25.425498962402344,20260301_194027_run13
tsfresh,PigCVP,0.44711538461538464,0.45367773252388643,0.577106440567979,0.44711538461538464,25.34607195854187,20260301_194053_run13
tsfresh,SemgHandGenderCh2,0.985,0.9850242339604042,0.9851020853805001,0.985,5.9617228507995605,20260301_194059_run13
tsfresh,SemgHandMovementCh2,0.9488888888888889,0.948719414856725,0.9497344346609052,0.9488888888888889,6.823700904846191,20260301_194105_run13
tsfresh,SemgHandSubjectCh2,0.9711111111111111,0.9711355974635706,0.9711843711843712,0.9711111111111111,7.5742151737213135,20260301_194113_run13
tsfresh,ShapeletSim,1.0,1.0,1.0,1.0,1.9104678630828857,20260301_194115_run13
tsfresh,ShapesAll,0.9066666666666666,0.9034172447650595,0.9118350385997445,0.9066666666666666,112.52715182304382,20260301_194307_run13
tsfresh,SmallKitchenAppliances,0.8533333333333334,0.853477994164493,0.8537841530054645,0.8533333333333334,5.866107702255249,20260301_194313_run13
tsfresh,SmoothSubspace,0.9733333333333334,0.973193237691116,0.9734477124183005,0.9733333333333334,2.2443976402282715,20260301_194316_run13
tsfresh,SonyAIBORobotSurface1,0.9384359400998337,0.9387405895407114,0.9461575340534139,0.9384359400998337,3.521773338317871,20260301_194319_run13
tsfresh,SonyAIBORobotSurface2,0.9454354669464848,0.9449074130582271,0.9467017638767291,0.9454354669464848,4.776131868362427,20260301_194324_run13
tsfresh,StandWalkJump,0.13333333333333333,0.10683760683760685,0.08928571428571427,0.13333333333333333,1.99961519241333,20260301_194326_run13
tsfresh,StarLightCurves,0.9843370568237009,0.984140980948487,0.984321021551864,0.9843370568237009,65.80119681358337,20260301_194432_run13
tsfresh,Strawberry,0.9783783783783784,0.9783783783783784,0.9783783783783784,0.9783783783783784,7.9258506298065186,20260301_194440_run13
tsfresh,SwedishLeaf,0.9744,0.9739313536145412,0.9748380456145161,0.9744,100.62587118148804,20260301_194620_run13
tsfresh,Symbols,0.9688442211055276,0.9688151338013212,0.9696701003704948,0.9688442211055276,5.54215931892395,20260301_194626_run13
tsfresh,SyntheticControl,0.9966666666666667,0.9966663332999967,0.9967320261437908,0.9966666666666667,4.736330032348633,20260301_194631_run13
tsfresh,ToeSegmentation1,0.8421052631578947,0.8404361856014243,0.8496567505720825,0.8421052631578947,2.2707228660583496,20260301_194633_run13
tsfresh,ToeSegmentation2,0.9076923076923077,0.909098901098901,0.911094674556213,0.9076923076923077,1.9363784790039062,20260301_194635_run13
tsfresh,Trace,1.0,1.0,1.0,1.0,2.0826416015625,20260301_194637_run13
tsfresh,TwoLeadECG,0.9956101843722563,0.9956101437667028,0.9956239175197719,0.9956101843722563,5.836186408996582,20260301_194643_run13
tsfresh,TwoPatterns,1.0,1.0,1.0,1.0,38.368829011917114,20260301_194721_run13
tsfresh,UMD,0.9930555555555556,0.993054801953337,0.9931972789115646,0.9930555555555556,1.8854007720947266,20260301_194723_run13
tsfresh,UWaveGestureLibrary,0.90625,0.9055662514181787,0.9105630700600212,0.90625,4.632143020629883,20260301_194728_run13
tsfresh,UWaveGestureLibraryAll,0.9776661083193746,0.9776570348984213,0.9777623746892762,0.9776661083193746,32.24807024002075,20260301_194800_run13
tsfresh,UWaveGestureLibraryX,0.867392518146287,0.8675428898783853,0.8702931641714008,0.867392518146287,31.983213186264038,20260301_194832_run13
tsfresh,UWaveGestureLibraryY,0.80178671133445,0.7998543091462661,0.7997882470494224,0.80178671133445,32.10297226905823,20260301_194904_run13
tsfresh,UWaveGestureLibraryZ,0.8193746510329425,0.8183758316527597,0.818411461824125,0.8193746510329425,32.15305709838867,20260301_194937_run13
tsfresh,Wafer,1.0,1.0,1.0,1.0,51.940529584884644,20260301_195029_run13
tsfresh,Wine,0.9074074074074074,0.9071207430340557,0.9125000000000001,0.9074074074074074,1.5487251281738281,20260301_195030_run13
tsfresh,WordSynonyms,0.7272727272727273,0.6976542268031654,0.7156991572608102,0.7272727272727273,57.34441375732422,20260301_195128_run13
tsfresh,Worms,0.8311688311688312,0.8299711714120581,0.8421907219299344,0.8311688311688312,2.465771198272705,20260301_195130_run13
tsfresh,WormsTwoClass,0.8181818181818182,0.8181818181818182,0.8181818181818182,0.8181818181818182,2.5628058910369873,20260301_195133_run13
tsfresh,Yoga,0.933,0.9329303760691928,0.9331469202391461,0.933,19.4822735786438,20260301_195152_run13
tsfresh,MiddlePhalanxOutlineCorrect,0.8384879725085911,0.8351702651278152,0.8452303844839064,0.8384879725085911,7.4332966804504395,20260301_195200_run14
tsfresh,MiddlePhalanxTW,0.525974025974026,0.5016064174367257,0.5254975543936583,0.525974025974026,5.346958637237549,20260301_195205_run14
tsfresh,MixedShapesRegularTrain,0.9740206185567011,0.9740293245605902,0.9744232385043795,0.9740206185567011,19.412856578826904,20260301_195224_run14
tsfresh,MixedShapesSmallTrain,0.9327835051546391,0.93267869743514,0.9369752637105666,0.9327835051546391,14.1243736743927,20260301_195239_run14
tsfresh,MoteStrain,0.9033546325878594,0.9030643500797514,0.9042079214496865,0.9033546325878594,7.6326587200164795,20260301_195246_run14
tsfresh,MotorImagery,0.52,0.5169082125603864,0.5205254515599343,0.52,102.9634256362915,20260301_195429_run14
tsfresh,NATOPS,0.95,0.9498950325707758,0.9499505623532319,0.95,44.01071214675903,20260301_195514_run14
tsfresh,NonInvasiveFetalECGThorax1,0.9465648854961832,0.9469943561076537,0.9497595685489907,0.9465648854961832,382.1178283691406,20260301_200136_run14
tsfresh,NonInvasiveFetalECGThorax2,0.9699745547073791,0.9698643944213369,0.9703062619711598,0.9699745547073791,383.1814036369324,20260301_200759_run14
tsfresh,OSULeaf,0.9504132231404959,0.9509255017936443,0.954265980186371,0.9504132231404959,3.5765912532806396,20260301_200803_run14
tsfresh,OliveOil,0.9333333333333333,0.9341238471673255,0.9388888888888889,0.9333333333333333,1.3187904357910156,20260301_200804_run14
tsfresh,PhalangesOutlinesCorrect,0.8776223776223776,0.8761877957180733,0.8779051541974894,0.8776223776223776,24.360864639282227,20260301_200828_run14
tsfresh,Phoneme,0.310126582278481,0.2470169855953876,0.2694035634708177,0.310126582278481,112.79056692123413,20260301_201021_run14
tsfresh,PhonemeSpectra,0.2913808529674918,0.2823751817272622,0.33592122973761573,0.2913808529674918,882.8278455734253,20260301_202506_run14
tsfresh,PigAirwayPressure,0.14903846153846154,0.12135780020395406,0.16936008133830277,0.14903846153846154,25.354456901550293,20260301_202532_run14
tsfresh,Plane,1.0,1.0,1.0,1.0,2.4004666805267334,20260301_202534_run14
tsfresh,PowerCons,0.9944444444444445,0.9944442729713879,0.9945054945054945,0.9944444444444445,3.025176525115967,20260301_202537_run14
tsfresh,ProximalPhalanxOutlineAgeGroup,0.8390243902439024,0.8425615763546798,0.8529302797604953,0.8390243902439024,5.483700752258301,20260301_202542_run14
tsfresh,ProximalPhalanxOutlineCorrect,0.9243986254295533,0.9225701170268927,0.9259970786034384,0.9243986254295533,7.396563291549683,20260301_202550_run14
tsfresh,ProximalPhalanxTW,0.7951219512195122,0.7864545171969611,0.7963094710748977,0.7951219512195122,5.728375434875488,20260301_202556_run14
tsfresh,RacketSports,0.9078947368421053,0.9076537637698898,0.9122085472199888,0.9078947368421053,8.334341764450073,20260301_202604_run14
tsfresh,RefrigerationDevices,0.8613333333333333,0.8611433857466577,0.8627754281537175,0.8613333333333333,5.990940093994141,20260301_202610_run14
tsfresh,Rock,0.94,0.9405607985480944,0.9446666666666667,0.94,1.3423364162445068,20260301_202611_run14
tsfresh,ScreenType,0.768,0.7663145620054447,0.7777741891957844,0.768,5.624722242355347,20260301_202617_run14
tsfresh,SelfRegulationSCP1,0.9044368600682594,0.9044145905073133,0.9047297368279473,0.9044368600682594,7.287100315093994,20260301_202624_run14
tsfresh,SelfRegulationSCP2,0.5444444444444444,0.5430340557275543,0.545,0.5444444444444444,6.659662485122681,20260301_202631_run14
tsfresh,PigArtPressure,0.6057692307692307,0.5900072004019372,0.7150793650793651,0.6057692307692307,25.24222183227539,20260301_202656_run14
tsfresh,PigCVP,0.2692307692307692,0.23379340052088557,0.343950058655941,0.2692307692307692,25.20174264907837,20260301_202721_run14
tsfresh,SemgHandGenderCh2,0.9866666666666667,0.9866811242827032,0.9867195098229916,0.9866666666666667,6.11145806312561,20260301_202728_run14
tsfresh,SemgHandMovementCh2,0.9533333333333334,0.953302168972664,0.9537494409881363,0.9533333333333334,7.06707763671875,20260301_202735_run14
tsfresh,SemgHandSubjectCh2,0.9866666666666667,0.9866271495168412,0.9868050920776171,0.9866666666666667,6.9573447704315186,20260301_202742_run14
tsfresh,ShapeletSim,1.0,1.0,1.0,1.0,1.9113664627075195,20260301_202744_run14
tsfresh,ShapesAll,0.91,0.9089999837813658,0.9236168461168461,0.91,112.77359795570374,20260301_202936_run14
tsfresh,SmallKitchenAppliances,0.8106666666666666,0.8086368201188476,0.8121471562116972,0.8106666666666666,6.029613733291626,20260301_202942_run14
tsfresh,SmoothSubspace,0.98,0.979854443904063,0.9806435394670688,0.98,2.120857000350952,20260301_202944_run14
tsfresh,SonyAIBORobotSurface1,0.9650582362728786,0.9650137056890591,0.9651059548126405,0.9650582362728786,3.616811752319336,20260301_202948_run14
tsfresh,SonyAIBORobotSurface2,0.9401888772298006,0.9398277579375945,0.9404469993461747,0.9401888772298006,4.767380714416504,20260301_202953_run14
tsfresh,StandWalkJump,0.3333333333333333,0.26406926406926406,0.2222222222222222,0.3333333333333333,1.8900306224822998,20260301_202955_run14
tsfresh,StarLightCurves,0.9817872753763963,0.9816173562067606,0.9816629727209336,0.9817872753763963,66.00682520866394,20260301_203101_run14
tsfresh,Strawberry,0.9783783783783784,0.9783410866230502,0.9783662508662507,0.9783783783783784,7.902912616729736,20260301_203109_run14
tsfresh,SwedishLeaf,0.976,0.9757444307321094,0.9762014016512257,0.976,100.94777417182922,20260301_203250_run14
tsfresh,Symbols,0.9226130653266331,0.920602068431607,0.9418695443596338,0.9226130653266331,5.393826246261597,20260301_203255_run14
tsfresh,SyntheticControl,1.0,1.0,1.0,1.0,4.820539951324463,20260301_203300_run14
tsfresh,ToeSegmentation1,0.8114035087719298,0.8104761953469818,0.8133892218545103,0.8114035087719298,2.255786180496216,20260301_203302_run14
tsfresh,ToeSegmentation2,0.9,0.9046563192904656,0.9157380254154449,0.9,1.9330267906188965,20260301_203304_run14
tsfresh,Trace,1.0,1.0,1.0,1.0,2.0744829177856445,20260301_203306_run14
tsfresh,TwoLeadECG,0.9885864793678666,0.9885855115395094,0.9887690151101617,0.9885864793678666,5.870319128036499,20260301_203312_run14
tsfresh,TwoPatterns,1.0,1.0,1.0,1.0,38.33870506286621,20260301_203351_run14
tsfresh,UMD,0.9861111111111112,0.9861103575088924,0.9862528344671202,0.9861111111111112,1.8884072303771973,20260301_203353_run14
tsfresh,UWaveGestureLibrary,0.915625,0.9162706204197836,0.9205417723039904,0.915625,4.670510292053223,20260301_203357_run14
tsfresh,UWaveGestureLibraryAll,0.9790619765494137,0.9790443108623648,0.9791608883574493,0.9790619765494137,32.185120582580566,20260301_203429_run14
tsfresh,UWaveGestureLibraryX,0.8805136795086543,0.8795358547608776,0.8790567211275744,0.8805136795086543,32.21193742752075,20260301_203502_run14
tsfresh,UWaveGestureLibraryY,0.8165829145728644,0.8159129846304781,0.815759933125682,0.8165829145728644,32.128822565078735,20260301_203534_run14
tsfresh,UWaveGestureLibraryZ,0.8294249022892239,0.8283239681878123,0.8298543739807801,0.8294249022892239,32.116538286209106,20260301_203606_run14
tsfresh,Wafer,1.0,1.0,1.0,1.0,51.85874009132385,20260301_203658_run14
tsfresh,Wine,0.8703703703703703,0.8703259005145798,0.8708791208791209,0.8703703703703703,1.563398838043213,20260301_203700_run14
tsfresh,WordSynonyms,0.6974921630094044,0.6713265485991432,0.6957069922473362,0.6974921630094044,57.47200846672058,20260301_203757_run14
tsfresh,Worms,0.8441558441558441,0.8453682483094249,0.8504638218923932,0.8441558441558441,2.4447383880615234,20260301_203800_run14
tsfresh,WormsTwoClass,0.7272727272727273,0.7183939229517092,0.7311320754716981,0.7272727272727273,2.4337151050567627,20260301_203802_run14
tsfresh,Yoga,0.959,0.9590153226284319,0.9590924349881798,0.959,19.455350160598755,20260301_203822_run14
tsfresh,MiddlePhalanxOutlineCorrect,0.852233676975945,0.8512026275746525,0.8526945238920003,0.852233676975945,7.847973346710205,20260301_203829_run15
tsfresh,MiddlePhalanxTW,0.512987012987013,0.4881022220208839,0.5153805640103685,0.512987012987013,5.096154451370239,20260301_203835_run15
tsfresh,MixedShapesRegularTrain,0.9744329896907217,0.9744504609278065,0.9746767972519091,0.9744329896907217,19.518889665603638,20260301_203854_run15
tsfresh,MixedShapesSmallTrain,0.9257731958762887,0.9266419327315143,0.9309941673605046,0.9257731958762887,14.12902283668518,20260301_203908_run15
tsfresh,MoteStrain,0.889776357827476,0.8894086155157853,0.8907068655699258,0.889776357827476,7.534217596054077,20260301_203916_run15
tsfresh,MotorImagery,0.44,0.43977591036414565,0.43990384615384615,0.44,102.79976630210876,20260301_204059_run15
tsfresh,NATOPS,0.9222222222222223,0.9222222222222223,0.9222222222222223,0.9222222222222223,44.19915175437927,20260301_204143_run15
tsfresh,NonInvasiveFetalECGThorax1,0.9460559796437659,0.9458432973605551,0.9514629800414194,0.9460559796437659,382.3894979953766,20260301_204806_run15
tsfresh,NonInvasiveFetalECGThorax2,0.9669211195928753,0.967122230522527,0.9683722361656422,0.9669211195928753,383.67598032951355,20260301_205429_run15
tsfresh,OSULeaf,0.9462809917355371,0.9462870388494079,0.9465041210329459,0.9462809917355371,3.55471134185791,20260301_205433_run15
tsfresh,OliveOil,0.9333333333333333,0.9326953748006379,0.9422222222222222,0.9333333333333333,1.39093017578125,20260301_205434_run15
tsfresh,PhalangesOutlinesCorrect,0.8822843822843823,0.881673885365096,0.8817954298617282,0.8822843822843823,24.29451084136963,20260301_205459_run15
tsfresh,Phoneme,0.17246835443037975,0.1975767529124599,0.35504514317258495,0.17246835443037975,113.15268087387085,20260301_205652_run15
tsfresh,PhonemeSpectra,0.2603638532657322,0.274201110813725,0.36097819431414885,0.2603638532657322,883.6187403202057,20260301_211138_run15
tsfresh,PigAirwayPressure,0.09134615384615384,0.07919808949220715,0.12862244023565553,0.09134615384615384,25.25170373916626,20260301_211203_run15
tsfresh,Plane,1.0,1.0,1.0,1.0,2.370542049407959,20260301_211205_run15
tsfresh,PowerCons,0.9833333333333333,0.983328702417338,0.9838709677419355,0.9833333333333333,3.0149378776550293,20260301_211208_run15
tsfresh,ProximalPhalanxOutlineAgeGroup,0.8292682926829268,0.8299058478428095,0.8341228186242078,0.8292682926829268,5.485487699508667,20260301_211214_run15
tsfresh,ProximalPhalanxOutlineCorrect,0.9072164948453608,0.9055144301776853,0.9069031558149542,0.9072164948453608,7.232936859130859,20260301_211221_run15
tsfresh,ProximalPhalanxTW,0.8439024390243902,0.83836427085837,0.8905135590327767,0.8439024390243902,5.668757915496826,20260301_211227_run15
tsfresh,RacketSports,0.875,0.8744081611174519,0.874219975752389,0.875,8.526970863342285,20260301_211235_run15
tsfresh,RefrigerationDevices,0.8426666666666667,0.8429689420949102,0.8438069441024378,0.8426666666666667,5.911370277404785,20260301_211241_run15
tsfresh,Rock,0.88,0.8809109311740891,0.8953333333333333,0.88,1.3131520748138428,20260301_211243_run15
tsfresh,ScreenType,0.744,0.7447465610315203,0.7479979778041242,0.744,6.004467964172363,20260301_211249_run15
tsfresh,SelfRegulationSCP1,0.9044368600682594,0.9044368600682594,0.9044368600682594,0.9044368600682594,7.445748329162598,20260301_211256_run15
tsfresh,SelfRegulationSCP2,0.5166666666666667,0.5162934362934364,0.5167182662538701,0.5166666666666667,6.739126920700073,20260301_211303_run15
tsfresh,PigArtPressure,0.28846153846153844,0.2598400283552341,0.3184379505761513,0.28846153846153844,25.36438775062561,20260301_211328_run15
tsfresh,PigCVP,0.07211538461538461,0.056927476315028515,0.10397892291096175,0.07211538461538461,25.343702793121338,20260301_211354_run15
tsfresh,SemgHandGenderCh2,0.985,0.9850081869989846,0.9850223565101915,0.985,6.042831182479858,20260301_211400_run15
tsfresh,SemgHandMovementCh2,0.9311111111111111,0.9304921017636675,0.9314576373000187,0.9311111111111111,6.947058439254761,20260301_211407_run15
tsfresh,SemgHandSubjectCh2,0.9933333333333333,0.9933205734259379,0.9934065934065934,0.9933333333333333,7.10794997215271,20260301_211414_run15
tsfresh,ShapeletSim,1.0,1.0,1.0,1.0,2.022108316421509,20260301_211416_run15
tsfresh,ShapesAll,0.8666666666666667,0.8725757832688443,0.9135163910163911,0.8666666666666667,112.1328477859497,20260301_211608_run15
tsfresh,SmallKitchenAppliances,0.8293333333333334,0.8279293777557102,0.8282555346700082,0.8293333333333334,6.138872385025024,20260301_211614_run15
tsfresh,SmoothSubspace,0.9733333333333334,0.9733226623982927,0.9738247863247864,0.9733333333333334,2.122413396835327,20260301_211616_run15
tsfresh,SonyAIBORobotSurface1,0.9667221297836939,0.9668150043428668,0.9679656246681063,0.9667221297836939,3.6453707218170166,20260301_211620_run15
tsfresh,SonyAIBORobotSurface2,0.9769150052465897,0.9768905373294723,0.9769025339413936,0.9769150052465897,4.807354688644409,20260301_211625_run15
tsfresh,StandWalkJump,0.5333333333333333,0.538961038961039,0.6428571428571428,0.5333333333333333,1.9499478340148926,20260301_211627_run15
tsfresh,StarLightCurves,0.9823943661971831,0.9821913977722224,0.9823139151457126,0.9823943661971831,65.82607412338257,20260301_211733_run15
tsfresh,Strawberry,0.9756756756756757,0.9756549289083905,0.9756496922998568,0.9756756756756757,7.91306471824646,20260301_211740_run15
tsfresh,SwedishLeaf,0.9616,0.9611335146226344,0.9631241834396236,0.9616,100.8750479221344,20260301_211921_run15
tsfresh,Symbols,0.9507537688442211,0.950607516502766,0.9531266816738293,0.9507537688442211,5.3839616775512695,20260301_211927_run15
tsfresh,SyntheticControl,1.0,1.0,1.0,1.0,4.689122915267944,20260301_211931_run15
tsfresh,ToeSegmentation1,0.8289473684210527,0.8253780518712511,0.8467597565341926,0.8289473684210527,2.249934434890747,20260301_211934_run15
tsfresh,ToeSegmentation2,0.9153846153846154,0.9146830793819106,0.9141437189385178,0.9153846153846154,1.9131872653961182,20260301_211936_run15
tsfresh,Trace,1.0,1.0,1.0,1.0,2.0578649044036865,20260301_211938_run15
tsfresh,TwoLeadECG,0.9894644424934153,0.9894635490989305,0.9896152467820521,0.9894644424934153,5.814996719360352,20260301_211944_run15
tsfresh,TwoPatterns,1.0,1.0,1.0,1.0,38.41798949241638,20260301_212022_run15
tsfresh,UMD,0.9791666666666666,0.979008164622683,0.9798639455782312,0.9791666666666666,1.8843004703521729,20260301_212024_run15
tsfresh,UWaveGestureLibrary,0.915625,0.9151024423945376,0.9180921905966531,0.915625,4.679484128952026,20260301_212029_run15
tsfresh,UWaveGestureLibraryAll,0.9804578447794529,0.9804385351692642,0.9805951117723021,0.9804578447794529,32.14336276054382,20260301_212101_run15
tsfresh,UWaveGestureLibraryX,0.8816303740926856,0.8819166824548766,0.883542469487631,0.8816303740926856,31.96734595298767,20260301_212133_run15
tsfresh,UWaveGestureLibraryY,0.8132328308207705,0.8108374120039124,0.8131732346836353,0.8132328308207705,32.1203191280365,20260301_212205_run15
tsfresh,UWaveGestureLibraryZ,0.8163037409268565,0.8139682755616888,0.8162734099245362,0.8163037409268565,31.990907192230225,20260301_212237_run15
tsfresh,Wafer,1.0,1.0,1.0,1.0,51.86535573005676,20260301_212329_run15
tsfresh,Wine,0.8888888888888888,0.8875,0.9090909090909092,0.8888888888888888,1.5697038173675537,20260301_212331_run15
tsfresh,WordSynonyms,0.6598746081504702,0.6476466128614548,0.6853665991427026,0.6598746081504702,57.271119356155396,20260301_212428_run15
tsfresh,Worms,0.8311688311688312,0.8295069223861794,0.8297258297258298,0.8311688311688312,2.5793378353118896,20260301_212430_run15
tsfresh,WormsTwoClass,0.7662337662337663,0.7637747946303346,0.76559934318555,0.7662337662337663,2.456530809402466,20260301_212433_run15
tsfresh,Yoga,0.956,0.9559912695252536,0.9559962088274413,0.956,19.36612367630005,20260301_212452_run15
tsfresh,MiddlePhalanxOutlineCorrect,0.8797250859106529,0.8782667061709662,0.8831568174562934,0.8797250859106529,7.303100109100342,20260301_212500_run16
tsfresh,MiddlePhalanxTW,0.5454545454545454,0.5238390403902391,0.5152189692585343,0.5454545454545454,5.273953914642334,20260301_212505_run16
tsfresh,MixedShapesRegularTrain,0.9822680412371134,0.9822596275878005,0.9822983477491045,0.9822680412371134,19.289039611816406,20260301_212524_run16
tsfresh,MixedShapesSmallTrain,0.9447422680412371,0.9448705145340853,0.9452562526443345,0.9447422680412371,14.13607382774353,20260301_212538_run16
tsfresh,MoteStrain,0.8634185303514377,0.8630974469067431,0.8808152725380598,0.8634185303514377,7.668905258178711,20260301_212546_run16
tsfresh,MotorImagery,0.54,0.5398159263705482,0.5400641025641025,0.54,104.73434972763062,20260301_212731_run16
tsfresh,NATOPS,0.9222222222222223,0.9228175687989795,0.9238505747126438,0.9222222222222223,44.396761655807495,20260301_212816_run16
tsfresh,NonInvasiveFetalECGThorax1,0.9608142493638677,0.9606535179173146,0.9626731501171455,0.9608142493638677,381.5710253715515,20260301_213437_run16
tsfresh,NonInvasiveFetalECGThorax2,0.9653944020356234,0.965025906558302,0.9660672946679063,0.9653944020356234,382.4820945262909,20260301_214100_run16
tsfresh,OSULeaf,0.9380165289256198,0.9383435980155578,0.9403612723966908,0.9380165289256198,3.5832436084747314,20260301_214103_run16
tsfresh,OliveOil,0.9,0.8917660818713451,0.9084615384615385,0.9,1.4126081466674805,20260301_214105_run16
tsfresh,PhalangesOutlinesCorrect,0.8589743589743589,0.8576457367151314,0.8584105811828585,0.8589743589743589,24.33710479736328,20260301_214129_run16
tsfresh,Phoneme,0.34810126582278483,0.30593605698992127,0.33096095866297814,0.34810126582278483,113.19112253189087,20260301_214322_run16
tsfresh,PhonemeSpectra,0.2994333432746794,0.2917724646616961,0.35464111998323705,0.2994333432746794,884.2714772224426,20260301_215809_run16
tsfresh,PigAirwayPressure,0.28365384615384615,0.26196184452152627,0.3071232852115205,0.28365384615384615,25.34706997871399,20260301_215834_run16
tsfresh,Plane,1.0,1.0,1.0,1.0,2.261723518371582,20260301_215837_run16
tsfresh,PowerCons,0.9833333333333333,0.9833328189141639,0.983393011482899,0.9833333333333333,3.0208194255828857,20260301_215840_run16
tsfresh,ProximalPhalanxOutlineAgeGroup,0.8780487804878049,0.8764646994011591,0.8823708843631822,0.8780487804878049,5.689735174179077,20260301_215845_run16
tsfresh,ProximalPhalanxOutlineCorrect,0.8934707903780069,0.8897642148699035,0.8955919424293896,0.8934707903780069,7.279738187789917,20260301_215853_run16
tsfresh,ProximalPhalanxTW,0.824390243902439,0.810429634649714,0.8448301789362218,0.824390243902439,5.57853627204895,20260301_215858_run16
tsfresh,RacketSports,0.9013157894736842,0.9012583564979668,0.9013311250153355,0.9013157894736842,8.373254776000977,20260301_215907_run16
tsfresh,RefrigerationDevices,0.8693333333333333,0.868201718269653,0.8733528771312286,0.8693333333333333,5.83973503112793,20260301_215912_run16
tsfresh,Rock,0.8,0.7900865600634333,0.8162515262515262,0.8,1.3533849716186523,20260301_215914_run16
tsfresh,ScreenType,0.7253333333333334,0.7235180625155014,0.7252244460339945,0.7253333333333334,6.042646169662476,20260301_215920_run16
tsfresh,SelfRegulationSCP1,0.9010238907849829,0.9010100532946168,0.9011852311511013,0.9010238907849829,7.177174806594849,20260301_215927_run16
tsfresh,SelfRegulationSCP2,0.5333333333333333,0.5333333333333333,0.5333333333333333,0.5333333333333333,6.6550421714782715,20260301_215934_run16
tsfresh,PigArtPressure,0.5192307692307693,0.47274989967297654,0.5396478521478522,0.5192307692307693,25.231127977371216,20260301_215959_run16
tsfresh,PigCVP,0.4182692307692308,0.42035495651056287,0.5815742287402207,0.4182692307692308,25.13488006591797,20260301_220024_run16
tsfresh,SemgHandGenderCh2,0.9633333333333334,0.9635215946843854,0.9642822966507176,0.9633333333333334,6.063467979431152,20260301_220030_run16
tsfresh,SemgHandMovementCh2,0.9511111111111111,0.9511402482085625,0.9511980401454085,0.9511111111111111,7.181114196777344,20260301_220037_run16
tsfresh,SemgHandSubjectCh2,0.9822222222222222,0.9821848410959186,0.9821961559040211,0.9822222222222222,7.142518520355225,20260301_220045_run16
tsfresh,ShapeletSim,1.0,1.0,1.0,1.0,1.9059906005859375,20260301_220047_run16
tsfresh,ShapesAll,0.91,0.9071234163726424,0.9187049062049062,0.91,112.2044734954834,20260301_220239_run16
tsfresh,SmallKitchenAppliances,0.84,0.8403368977784881,0.8411887980486706,0.84,5.919569730758667,20260301_220245_run16
tsfresh,SmoothSubspace,0.9933333333333333,0.9933326665999933,0.9934640522875816,0.9933333333333333,2.2549705505371094,20260301_220247_run16
tsfresh,SonyAIBORobotSurface1,0.9384359400998337,0.9387306257646753,0.9446858052231979,0.9384359400998337,3.5596179962158203,20260301_220251_run16
tsfresh,SonyAIBORobotSurface2,0.950682056663169,0.9510366264528649,0.9537254634820113,0.950682056663169,4.7993834018707275,20260301_220255_run16
tsfresh,StandWalkJump,0.4666666666666667,0.4767676767676768,0.4944444444444444,0.4666666666666667,2.054157257080078,20260301_220257_run16
tsfresh,StarLightCurves,0.9844584749878582,0.9842556860812544,0.9844474615158635,0.9844584749878582,65.92329859733582,20260301_220403_run16
tsfresh,Strawberry,0.9891891891891892,0.9892240583614224,0.9895071542130366,0.9891891891891892,7.920429468154907,20260301_220411_run16
tsfresh,SwedishLeaf,0.9744,0.9742414813965433,0.9745857142857143,0.9744,100.878009557724,20260301_220552_run16
tsfresh,Symbols,0.9577889447236181,0.957758334511095,0.9630848788162363,0.9577889447236181,5.47978949546814,20260301_220558_run16
tsfresh,SyntheticControl,0.9966666666666667,0.9966663332999967,0.9967320261437908,0.9966666666666667,4.691606044769287,20260301_220602_run16
tsfresh,ToeSegmentation1,0.8421052631578947,0.8416155152148361,0.8432236842105263,0.8421052631578947,2.2907845973968506,20260301_220605_run16
tsfresh,ToeSegmentation2,0.9076923076923077,0.9133650235050029,0.93177790346908,0.9076923076923077,1.8264973163604736,20260301_220607_run16
tsfresh,Trace,1.0,1.0,1.0,1.0,2.0747809410095215,20260301_220609_run16
tsfresh,TwoLeadECG,0.9885864793678666,0.9885864793678666,0.988588003412018,0.9885864793678666,5.868171453475952,20260301_220615_run16
tsfresh,TwoPatterns,1.0,1.0,1.0,1.0,39.35769820213318,20260301_220654_run16
tsfresh,UMD,0.9930555555555556,0.993054801953337,0.9931972789115646,0.9930555555555556,1.8780364990234375,20260301_220656_run16
tsfresh,UWaveGestureLibrary,0.921875,0.9220173529590984,0.9235012552424372,0.921875,4.627224445343018,20260301_220701_run16
tsfresh,UWaveGestureLibraryAll,0.9810161920714685,0.9810139420253333,0.9811691274457565,0.9810161920714685,33.57260251045227,20260301_220734_run16
tsfresh,UWaveGestureLibraryX,0.878001116694584,0.8793239475073975,0.8820908909182481,0.878001116694584,32.05299758911133,20260301_220806_run16
tsfresh,UWaveGestureLibraryY,0.8068118369625907,0.804689455670537,0.8057697925905987,0.8068118369625907,32.199095726013184,20260301_220839_run16
tsfresh,UWaveGestureLibraryZ,0.8204913456169738,0.819456762839387,0.8196830703281714,0.8204913456169738,32.11065745353699,20260301_220911_run16
tsfresh,Wafer,1.0,1.0,1.0,1.0,51.820935010910034,20260301_221003_run16
tsfresh,Wine,0.9259259259259259,0.9258241758241759,0.9282758620689655,0.9259259259259259,1.5571985244750977,20260301_221004_run16
tsfresh,WordSynonyms,0.7068965517241379,0.68292381611821,0.694635470567842,0.7068965517241379,57.20088768005371,20260301_221101_run16
tsfresh,Worms,0.7012987012987013,0.6961432506887053,0.7547746371275783,0.7012987012987013,2.446847677230835,20260301_221104_run16
tsfresh,WormsTwoClass,0.7532467532467533,0.7497670670595049,0.7529154518950437,0.7532467532467533,2.461494207382202,20260301_221106_run16
tsfresh,Yoga,0.9593333333333334,0.9593352588005405,0.959338040844583,0.9593333333333334,19.43153691291809,20260301_221126_run16
tsfresh,MiddlePhalanxOutlineCorrect,0.865979381443299,0.86409504966206,0.870054726969724,0.865979381443299,7.448992729187012,20260301_221133_run17
tsfresh,MiddlePhalanxTW,0.5714285714285714,0.5480249496901916,0.5482804979699389,0.5714285714285714,5.220033884048462,20260301_221139_run17
tsfresh,MixedShapesRegularTrain,0.9665979381443299,0.9666029769345955,0.9670388197525422,0.9665979381443299,19.395485401153564,20260301_221158_run17
tsfresh,MixedShapesSmallTrain,0.948041237113402,0.947789554614046,0.9477738126707198,0.948041237113402,14.131761312484741,20260301_221212_run17
tsfresh,MoteStrain,0.8937699680511182,0.8938133669301441,0.8939128286383162,0.8937699680511182,7.527754068374634,20260301_221220_run17
tsfresh,MotorImagery,0.6,0.5974235104669887,0.6026272577996715,0.6,105.75565671920776,20260301_221406_run17
tsfresh,NATOPS,0.9555555555555556,0.9558957535994168,0.9567169540229885,0.9555555555555556,44.205848693847656,20260301_221450_run17
tsfresh,NonInvasiveFetalECGThorax1,0.9557251908396946,0.9557205859456511,0.9578124020179889,0.9557251908396946,382.6898853778839,20260301_222113_run17
tsfresh,NonInvasiveFetalECGThorax2,0.9597964376590331,0.9609085261861559,0.9657682577007098,0.9597964376590331,383.89048504829407,20260301_222737_run17
tsfresh,OSULeaf,0.9710743801652892,0.9710468364174543,0.9717359545871943,0.9710743801652892,3.5947422981262207,20260301_222740_run17
tsfresh,OliveOil,0.9,0.898042328042328,0.9187878787878787,0.9,1.4187705516815186,20260301_222742_run17
tsfresh,PhalangesOutlinesCorrect,0.8776223776223776,0.8766488022637734,0.8772632334648686,0.8776223776223776,24.736205101013184,20260301_222807_run17
tsfresh,Phoneme,0.29430379746835444,0.2673001981089711,0.3458119511138143,0.29430379746835444,113.10730266571045,20260301_223000_run17
tsfresh,PhonemeSpectra,0.31285416045332537,0.29384431303457037,0.33885069996586076,0.31285416045332537,882.5070748329163,20260301_224444_run17
tsfresh,PigAirwayPressure,0.1778846153846154,0.15584057848733962,0.16977690184211922,0.1778846153846154,25.356820821762085,20260301_224510_run17
tsfresh,Plane,1.0,1.0,1.0,1.0,2.2602286338806152,20260301_224512_run17
tsfresh,PowerCons,1.0,1.0,1.0,1.0,3.2312591075897217,20260301_224515_run17
tsfresh,ProximalPhalanxOutlineAgeGroup,0.8536585365853658,0.8534139392675978,0.8624257343239315,0.8536585365853658,5.570937633514404,20260301_224521_run17
tsfresh,ProximalPhalanxOutlineCorrect,0.8934707903780069,0.8915165679817868,0.8925841075898349,0.8934707903780069,7.244964838027954,20260301_224528_run17
tsfresh,ProximalPhalanxTW,0.8048780487804879,0.7854001517675492,0.7757806962685011,0.8048780487804879,5.4265358448028564,20260301_224534_run17
tsfresh,RacketSports,0.9276315789473685,0.9272198815812933,0.926970872694557,0.9276315789473685,8.349893569946289,20260301_224542_run17
tsfresh,RefrigerationDevices,0.8773333333333333,0.8765016360078411,0.8796550006227426,0.8773333333333333,5.885667562484741,20260301_224548_run17
tsfresh,Rock,0.88,0.8804615384615385,0.8901298701298701,0.88,1.4209940433502197,20260301_224549_run17
tsfresh,ScreenType,0.752,0.7511670098702837,0.7523535240926545,0.752,5.92737889289856,20260301_224555_run17
tsfresh,SelfRegulationSCP1,0.9249146757679181,0.9249129265058683,0.9249973758623871,0.9249146757679181,7.248921871185303,20260301_224603_run17
tsfresh,SelfRegulationSCP2,0.5222222222222223,0.5221632300283986,0.5222332015810276,0.5222222222222223,6.771222352981567,20260301_224609_run17
tsfresh,PigArtPressure,0.5480769230769231,0.5429573204573205,0.644396454994281,0.5480769230769231,25.37259793281555,20260301_224635_run17
tsfresh,PigCVP,0.2644230769230769,0.2698963134668631,0.4059555419517826,0.2644230769230769,25.433247327804565,20260301_224700_run17
tsfresh,SemgHandGenderCh2,0.9733333333333334,0.9733903909745186,0.973541232870079,0.9733333333333334,5.99509859085083,20260301_224706_run17
tsfresh,SemgHandMovementCh2,0.9244444444444444,0.9239470447524138,0.9241607113442557,0.9244444444444444,6.806535720825195,20260301_224713_run17
tsfresh,SemgHandSubjectCh2,0.9866666666666667,0.986691153019126,0.9867399267399267,0.9866666666666667,7.291769742965698,20260301_224720_run17
tsfresh,ShapeletSim,1.0,1.0,1.0,1.0,1.922947645187378,20260301_224722_run17
tsfresh,ShapesAll,0.9133333333333333,0.9140446345655661,0.9239035882418235,0.9133333333333333,112.29551696777344,20260301_224915_run17
tsfresh,SmallKitchenAppliances,0.8186666666666667,0.8166176994301994,0.8180717776861299,0.8186666666666667,5.976905584335327,20260301_224921_run17
tsfresh,SmoothSubspace,0.9866666666666667,0.9866613311991462,0.9871794871794873,0.9866666666666667,2.250720739364624,20260301_224923_run17
tsfresh,SonyAIBORobotSurface1,0.9850249584026622,0.9850353507842072,0.9850956654392781,0.9850249584026622,3.5488245487213135,20260301_224926_run17
tsfresh,SonyAIBORobotSurface2,0.950682056663169,0.9510538347355586,0.954048009616534,0.950682056663169,4.789229393005371,20260301_224931_run17
tsfresh,StandWalkJump,0.4,0.3853276353276353,0.40277777777777773,0.4,2.0226755142211914,20260301_224933_run17
tsfresh,StarLightCurves,0.9821515298688683,0.9819940650009581,0.9820304271748943,0.9821515298688683,65.85915923118591,20260301_225039_run17
tsfresh,Strawberry,0.9918918918918919,0.9918849763027968,0.9918938773325691,0.9918918918918919,8.278432607650757,20260301_225047_run17
tsfresh,SwedishLeaf,0.9696,0.9693431318348111,0.9698888181115828,0.9696,100.88069176673889,20260301_225228_run17
tsfresh,Symbols,0.8894472361809045,0.8820933237464211,0.9229089019064209,0.8894472361809045,5.397225379943848,20260301_225234_run17
tsfresh,SyntheticControl,1.0,1.0,1.0,1.0,4.88303804397583,20260301_225239_run17
tsfresh,ToeSegmentation1,0.868421052631579,0.8667685697760885,0.8791011619958988,0.868421052631579,2.2757458686828613,20260301_225241_run17
tsfresh,ToeSegmentation2,0.9384615384615385,0.9409841506928885,0.9487692307692308,0.9384615384615385,1.823735237121582,20260301_225243_run17
tsfresh,Trace,1.0,1.0,1.0,1.0,2.1611337661743164,20260301_225245_run17
tsfresh,TwoLeadECG,0.9578577699736611,0.9578534816801341,0.9580619179704296,0.9578577699736611,5.8495306968688965,20260301_225251_run17
tsfresh,TwoPatterns,1.0,1.0,1.0,1.0,38.22732329368591,20260301_225329_run17
tsfresh,UMD,0.9930555555555556,0.993054801953337,0.9931972789115646,0.9930555555555556,1.9971895217895508,20260301_225331_run17
tsfresh,UWaveGestureLibrary,0.90625,0.905053172393588,0.911753443512126,0.90625,4.677214622497559,20260301_225336_run17
tsfresh,UWaveGestureLibraryAll,0.9824120603015075,0.9824029731757273,0.9824976740465181,0.9824120603015075,32.138367891311646,20260301_225408_run17
tsfresh,UWaveGestureLibraryX,0.8785594639865997,0.8763895675837354,0.8763503824527913,0.8785594639865997,32.17185354232788,20260301_225440_run17
tsfresh,UWaveGestureLibraryY,0.8056951423785594,0.8051939113675457,0.807097162996552,0.8056951423785594,32.12317943572998,20260301_225512_run17
tsfresh,UWaveGestureLibraryZ,0.8252372975991067,0.8239969263093507,0.8255378652682785,0.8252372975991067,32.15877079963684,20260301_225545_run17
tsfresh,Wafer,1.0,1.0,1.0,1.0,52.01999855041504,20260301_225637_run17
tsfresh,Wine,0.9444444444444444,0.94442538593482,0.9450549450549451,0.9444444444444444,1.558797836303711,20260301_225638_run17
tsfresh,WordSynonyms,0.677115987460815,0.629831081714568,0.6579999062922324,0.677115987460815,57.49231934547424,20260301_225736_run17
tsfresh,Worms,0.7792207792207793,0.7717928507685229,0.7982404358002445,0.7792207792207793,2.5561623573303223,20260301_225738_run17
tsfresh,WormsTwoClass,0.7402597402597403,0.7355623100303951,0.7403174603174604,0.7402597402597403,2.4802041053771973,20260301_225741_run17
tsfresh,Yoga,0.9506666666666667,0.9506860882332112,0.9507741704611359,0.9506666666666667,19.31295371055603,20260301_225800_run17
tsfresh,MiddlePhalanxOutlineCorrect,0.8625429553264605,0.8622436150723806,0.8622769956581082,0.8625429553264605,7.414092063903809,20260301_225808_run18
tsfresh,MiddlePhalanxTW,0.5324675324675324,0.48782971962569377,0.51366391184573,0.5324675324675324,5.027941942214966,20260301_225813_run18
tsfresh,MixedShapesRegularTrain,0.9752577319587629,0.9753090069632553,0.9753932912843126,0.9752577319587629,19.488067150115967,20260301_225832_run18
tsfresh,MixedShapesSmallTrain,0.9529896907216495,0.9527991484008927,0.9529952140961687,0.9529896907216495,14.14567232131958,20260301_225846_run18
tsfresh,MoteStrain,0.884185303514377,0.8836157868056187,0.8860441400160773,0.884185303514377,7.664744138717651,20260301_225854_run18
tsfresh,MotorImagery,0.43,0.42994299429943,0.4299719887955182,0.43,106.9025366306305,20260301_230041_run18
tsfresh,NATOPS,0.9555555555555556,0.9552715260411843,0.9551600543814115,0.9555555555555556,44.94796848297119,20260301_230126_run18
tsfresh,NonInvasiveFetalECGThorax1,0.9643765903307888,0.964129696132335,0.9649516372719499,0.9643765903307888,382.81584572792053,20260301_230749_run18
tsfresh,NonInvasiveFetalECGThorax2,0.971501272264631,0.9715046466119325,0.9723741040521977,0.971501272264631,382.84544134140015,20260301_231412_run18
tsfresh,OSULeaf,0.9421487603305785,0.9422977587732478,0.9445841146375906,0.9421487603305785,3.5883426666259766,20260301_231416_run18
tsfresh,OliveOil,0.9,0.9017316017316017,0.925,0.9,1.3084251880645752,20260301_231417_run18
tsfresh,PhalangesOutlinesCorrect,0.872960372960373,0.8717635148921432,0.8727004925024726,0.872960372960373,24.393206119537354,20260301_231442_run18
tsfresh,Phoneme,0.28217299578059074,0.22892362505393526,0.2629913912939755,0.28217299578059074,112.8149003982544,20260301_231634_run18
tsfresh,PhonemeSpectra,0.29406501640322097,0.28508538635600855,0.3387084951579107,0.29406501640322097,883.5197010040283,20260301_233120_run18
tsfresh,PigAirwayPressure,0.27884615384615385,0.2535760943959324,0.28969849594849595,0.27884615384615385,25.221328020095825,20260301_233145_run18
tsfresh,Plane,1.0,1.0,1.0,1.0,2.2622592449188232,20260301_233148_run18
tsfresh,PowerCons,0.9888888888888889,0.9888875169774047,0.9891304347826086,0.9888888888888889,3.1115317344665527,20260301_233151_run18
tsfresh,ProximalPhalanxOutlineAgeGroup,0.8097560975609757,0.8125869439798254,0.8188174283265361,0.8097560975609757,5.549981594085693,20260301_233156_run18
tsfresh,ProximalPhalanxOutlineCorrect,0.9072164948453608,0.9047838141508755,0.9082581836700732,0.9072164948453608,7.266759157180786,20260301_233204_run18
tsfresh,ProximalPhalanxTW,0.7853658536585366,0.7654168079648711,0.7484302689180737,0.7853658536585366,5.565073490142822,20260301_233209_run18
tsfresh,RacketSports,0.9013157894736842,0.9008990998436603,0.9022556858006675,0.9013157894736842,8.473702192306519,20260301_233218_run18
tsfresh,RefrigerationDevices,0.856,0.8562290711922939,0.8616152450090745,0.856,5.991983413696289,20260301_233224_run18
tsfresh,Rock,0.84,0.8430818858560793,0.8576470588235294,0.84,1.3514907360076904,20260301_233225_run18
tsfresh,ScreenType,0.784,0.7818170181073407,0.7899033698049286,0.784,5.519866704940796,20260301_233231_run18
tsfresh,SelfRegulationSCP1,0.9351535836177475,0.9351112522157845,0.9361390812884908,0.9351535836177475,7.402287721633911,20260301_233238_run18
tsfresh,SelfRegulationSCP2,0.5888888888888889,0.5884315906562847,0.5892857142857143,0.5888888888888889,6.669018507003784,20260301_233245_run18
tsfresh,PigArtPressure,0.6634615384615384,0.6369433242342942,0.7147045936519618,0.6634615384615384,25.455054998397827,20260301_233310_run18
tsfresh,PigCVP,0.30288461538461536,0.28735014985014984,0.38606583195906474,0.30288461538461536,25.30959987640381,20260301_233336_run18
tsfresh,SemgHandGenderCh2,0.9866666666666667,0.9867088837937183,0.9869646990740741,0.9866666666666667,6.1281561851501465,20260301_233342_run18
tsfresh,SemgHandMovementCh2,0.9377777777777778,0.9377229668110219,0.9379839483471804,0.9377777777777778,7.0005669593811035,20260301_233349_run18
tsfresh,SemgHandSubjectCh2,0.9733333333333334,0.9733238310636367,0.9743454603236834,0.9733333333333334,7.4701011180877686,20260301_233356_run18
tsfresh,ShapeletSim,1.0,1.0,1.0,1.0,2.0410118103027344,20260301_233358_run18
tsfresh,ShapesAll,0.91,0.9081925741657874,0.9187685462685461,0.91,112.16722655296326,20260301_233550_run18
tsfresh,SmallKitchenAppliances,0.8266666666666667,0.8257170823829935,0.8253058488352607,0.8266666666666667,6.12617564201355,20260301_233557_run18
tsfresh,SmoothSubspace,0.96,0.9599250410871046,0.9625998547567175,0.96,2.1573538780212402,20260301_233559_run18
tsfresh,SonyAIBORobotSurface1,0.9650582362728786,0.9651810262004767,0.9672432598667653,0.9650582362728786,3.666611909866333,20260301_233602_run18
tsfresh,SonyAIBORobotSurface2,0.9265477439664218,0.9272908170483208,0.9336134105980474,0.9265477439664218,4.802299499511719,20260301_233607_run18
tsfresh,StandWalkJump,0.4,0.3571428571428571,0.37037037037037035,0.4,1.936875343322754,20260301_233609_run18
tsfresh,StarLightCurves,0.9808159300631375,0.9805654122708167,0.9807172872133105,0.9808159300631375,65.89694738388062,20260301_233715_run18
tsfresh,Strawberry,0.9756756756756757,0.9756549289083905,0.9756496922998568,0.9756756756756757,7.941826343536377,20260301_233723_run18
tsfresh,SwedishLeaf,0.976,0.9758840389906535,0.9767210179140843,0.976,100.82812142372131,20260301_233904_run18
tsfresh,Symbols,0.9678391959798995,0.9679077002618016,0.9681269373196815,0.9678391959798995,5.499419450759888,20260301_233909_run18
tsfresh,SyntheticControl,0.9966666666666667,0.9966663332999967,0.9967320261437908,0.9966666666666667,4.6714465618133545,20260301_233914_run18
tsfresh,ToeSegmentation1,0.8728070175438597,0.8728339948264506,0.8728945948248927,0.8728070175438597,2.250088930130005,20260301_233916_run18
tsfresh,ToeSegmentation2,0.9153846153846154,0.9146830793819106,0.9141437189385178,0.9153846153846154,1.9183340072631836,20260301_233918_run18
tsfresh,Trace,1.0,1.0,1.0,1.0,2.069030523300171,20260301_233920_run18
tsfresh,TwoLeadECG,0.9929762949956101,0.992976230027075,0.9930006589474412,0.9929762949956101,5.830583810806274,20260301_233926_run18
tsfresh,TwoPatterns,1.0,1.0,1.0,1.0,38.07114601135254,20260301_234004_run18
tsfresh,UMD,0.9930555555555556,0.993054801953337,0.9931972789115646,0.9930555555555556,1.8869636058807373,20260301_234006_run18
tsfresh,UWaveGestureLibrary,0.909375,0.908454865009743,0.9099118116145981,0.909375,4.662519216537476,20260301_234011_run18
tsfresh,UWaveGestureLibraryAll,0.983249581239531,0.9832156046755814,0.9834141049080226,0.983249581239531,32.21224117279053,20260301_234043_run18
tsfresh,UWaveGestureLibraryX,0.8749302065884981,0.8743977591282395,0.8747251971125505,0.8749302065884981,32.074448347091675,20260301_234115_run18
tsfresh,UWaveGestureLibraryY,0.8026242322724735,0.8013890519188996,0.8011251352826997,0.8026242322724735,31.975142240524292,20260301_234147_run18
tsfresh,UWaveGestureLibraryZ,0.8230039084310441,0.8210376603732391,0.8229628175087893,0.8230039084310441,32.728790283203125,20260301_234220_run18
tsfresh,Wafer,1.0,1.0,1.0,1.0,51.77947950363159,20260301_234312_run18
tsfresh,Wine,0.9259259259259259,0.9259259259259259,0.9259259259259259,0.9259259259259259,1.5588994026184082,20260301_234314_run18
tsfresh,WordSynonyms,0.6896551724137931,0.6573130251898662,0.691351406450578,0.6896551724137931,57.456398487091064,20260301_234411_run18
tsfresh,Worms,0.8051948051948052,0.8085054531149306,0.8354780140494427,0.8051948051948052,2.487288475036621,20260301_234414_run18
tsfresh,WormsTwoClass,0.7922077922077922,0.7865353037766832,0.7995604395604395,0.7922077922077922,2.4751694202423096,20260301_234416_run18
tsfresh,Yoga,0.9516666666666667,0.9516532998114393,0.9516656664025134,0.9516666666666667,19.328836679458618,20260301_234435_run18
tsfresh,MiddlePhalanxOutlineCorrect,0.8419243986254296,0.8413838840315355,0.8415758535492835,0.8419243986254296,7.501867771148682,20260301_234443_run19
tsfresh,MiddlePhalanxTW,0.577922077922078,0.5378308122962604,0.5587169587169588,0.577922077922078,5.322128534317017,20260301_234448_run19
tsfresh,MixedShapesRegularTrain,0.9748453608247423,0.9748260821493624,0.97495938616054,0.9748453608247423,19.438657522201538,20260301_234508_run19
tsfresh,MixedShapesSmallTrain,0.9397938144329897,0.9400186280929589,0.9406361987900463,0.9397938144329897,14.217705726623535,20260301_234522_run19
tsfresh,MoteStrain,0.8642172523961661,0.8643313920986587,0.8647282552973242,0.8642172523961661,7.554843425750732,20260301_234530_run19
tsfresh,MotorImagery,0.46,0.44920440636474906,0.4565972222222222,0.46,103.85669779777527,20260301_234714_run19
tsfresh,NATOPS,0.9611111111111111,0.9610136452241715,0.9624017957351291,0.9611111111111111,43.963603258132935,20260301_234758_run19
tsfresh,NonInvasiveFetalECGThorax1,0.961323155216285,0.9614232889301175,0.962831150025197,0.961323155216285,382.49001240730286,20260301_235420_run19
tsfresh,NonInvasiveFetalECGThorax2,0.9653944020356234,0.9655471767804985,0.967684636675181,0.9653944020356234,382.83331060409546,20260302_000043_run19
tsfresh,OSULeaf,0.9545454545454546,0.9546292080137384,0.955490988926507,0.9545454545454546,3.629410743713379,20260302_000047_run19
tsfresh,OliveOil,0.9,0.9005347593582887,0.9055555555555556,0.9,1.2934553623199463,20260302_000048_run19
tsfresh,PhalangesOutlinesCorrect,0.8543123543123543,0.8520048853753788,0.854810019903352,0.8543123543123543,24.24349617958069,20260302_000113_run19
tsfresh,Phoneme,0.3728902953586498,0.29930178922290673,0.32544446922783926,0.3728902953586498,112.9494264125824,20260302_000306_run19
tsfresh,PhonemeSpectra,0.3271696987772144,0.3180400228276809,0.35032957829342,0.3271696987772144,883.2628293037415,20260302_001751_run19
tsfresh,PigAirwayPressure,0.25,0.22908407105239684,0.28569251261558953,0.25,25.23883605003357,20260302_001816_run19
tsfresh,Plane,1.0,1.0,1.0,1.0,2.2850327491760254,20260302_001819_run19
tsfresh,PowerCons,0.9944444444444445,0.9944442729713879,0.9945054945054945,0.9944444444444445,3.143350839614868,20260302_001822_run19
tsfresh,ProximalPhalanxOutlineAgeGroup,0.8585365853658536,0.8596357934936436,0.8612578137674826,0.8585365853658536,5.473725080490112,20260302_001827_run19
tsfresh,ProximalPhalanxOutlineCorrect,0.8969072164948454,0.8939901674101585,0.8977248924276647,0.8969072164948454,7.347653150558472,20260302_001835_run19
tsfresh,ProximalPhalanxTW,0.7804878048780488,0.7678705288514873,0.8171587392917398,0.7804878048780488,5.504526615142822,20260302_001840_run19
tsfresh,RacketSports,0.9144736842105263,0.9144239089649048,0.9145081891792417,0.9144736842105263,8.38161563873291,20260302_001848_run19
tsfresh,RefrigerationDevices,0.8746666666666667,0.8752358091369309,0.8778758628275994,0.8746666666666667,5.995926141738892,20260302_001854_run19
tsfresh,Rock,0.94,0.9386325581395348,0.9481818181818181,0.94,1.314532995223999,20260302_001856_run19
tsfresh,ScreenType,0.776,0.774855348531697,0.7750705095213587,0.776,5.826679229736328,20260302_001902_run19
tsfresh,SelfRegulationSCP1,0.9453924914675768,0.9453924914675768,0.9453924914675768,0.9453924914675768,7.300438642501831,20260302_001909_run19
tsfresh,SelfRegulationSCP2,0.5388888888888889,0.5381904732465765,0.5391255744627996,0.5388888888888889,6.520140886306763,20260302_001915_run19
tsfresh,PigArtPressure,0.6730769230769231,0.6673840048840047,0.738301282051282,0.6730769230769231,25.330546855926514,20260302_001941_run19
tsfresh,PigCVP,0.5576923076923077,0.5354619383465538,0.61219674045761,0.5576923076923077,25.189905166625977,20260302_002006_run19
tsfresh,SemgHandGenderCh2,0.98,0.98,0.98,0.98,6.148495197296143,20260302_002012_run19
tsfresh,SemgHandMovementCh2,0.94,0.9394176818356504,0.9406570081455775,0.94,6.976249694824219,20260302_002019_run19
tsfresh,SemgHandSubjectCh2,0.9733333333333334,0.9732235185394396,0.9737960810865915,0.9733333333333334,7.030466556549072,20260302_002026_run19
tsfresh,ShapeletSim,1.0,1.0,1.0,1.0,2.0394885540008545,20260302_002028_run19
tsfresh,ShapesAll,0.905,0.904346393574419,0.9111876549376551,0.905,112.55441737174988,20260302_002221_run19
tsfresh,SmallKitchenAppliances,0.8613333333333333,0.8621427897958095,0.863872977517922,0.8613333333333333,5.832789897918701,20260302_002227_run19
tsfresh,SmoothSubspace,0.9933333333333333,0.9933326665999933,0.9934640522875816,0.9933333333333333,2.1627256870269775,20260302_002229_run19
tsfresh,SonyAIBORobotSurface1,0.9534109816971714,0.9536017792880725,0.95684242219303,0.9534109816971714,3.6593122482299805,20260302_002233_run19
tsfresh,SonyAIBORobotSurface2,0.9527806925498427,0.9529716918241218,0.9537909428566372,0.9527806925498427,4.79183030128479,20260302_002237_run19
tsfresh,StandWalkJump,0.4666666666666667,0.4396825396825397,0.5222222222222223,0.4666666666666667,1.9283297061920166,20260302_002239_run19
tsfresh,StarLightCurves,0.9838513841670714,0.9836153794974559,0.9838982249986342,0.9838513841670714,65.74469113349915,20260302_002345_run19
tsfresh,Strawberry,0.9972972972972973,0.9972995517861456,0.99731761837025,0.9972972972972973,7.919353008270264,20260302_002353_run19
tsfresh,SwedishLeaf,0.9712,0.9710131220147854,0.9716115333538413,0.9712,100.87600135803223,20260302_002534_run19
tsfresh,Symbols,0.9758793969849247,0.9759459847416773,0.9771887404359524,0.9758793969849247,5.407421827316284,20260302_002539_run19
tsfresh,SyntheticControl,1.0,1.0,1.0,1.0,4.85516619682312,20260302_002544_run19
tsfresh,ToeSegmentation1,0.9035087719298246,0.9033893890308823,0.9038298289147185,0.9035087719298246,2.2622358798980713,20260302_002547_run19
tsfresh,ToeSegmentation2,0.9230769230769231,0.9270631329454858,0.939756671899529,0.9230769230769231,1.921931266784668,20260302_002549_run19
tsfresh,Trace,1.0,1.0,1.0,1.0,2.0671284198760986,20260302_002551_run19
tsfresh,TwoLeadECG,0.9859525899912204,0.9859523734267661,0.9859764780816889,0.9859525899912204,5.836194038391113,20260302_002556_run19
tsfresh,TwoPatterns,1.0,1.0,1.0,1.0,38.2327606678009,20260302_002635_run19
tsfresh,UMD,0.9722222222222222,0.9722054435342476,0.9731972789115646,0.9722222222222222,1.8737525939941406,20260302_002637_run19
tsfresh,UWaveGestureLibrary,0.884375,0.8830023525282555,0.8855874859410051,0.884375,4.635058403015137,20260302_002641_run19
tsfresh,UWaveGestureLibraryAll,0.9810161920714685,0.9809276147726985,0.9814304410001711,0.9810161920714685,32.102744579315186,20260302_002713_run19
tsfresh,UWaveGestureLibraryX,0.8721384701284198,0.8707198195590652,0.8698538751815962,0.8721384701284198,32.13218688964844,20260302_002746_run19
tsfresh,UWaveGestureLibraryY,0.7975991066443328,0.7946862134305567,0.7992870614042323,0.7975991066443328,32.014899492263794,20260302_002818_run19
tsfresh,UWaveGestureLibraryZ,0.8190954773869347,0.8170169762405913,0.8182215726735289,0.8190954773869347,32.107460021972656,20260302_002850_run19
tsfresh,Wafer,1.0,1.0,1.0,1.0,51.72998595237732,20260302_002942_run19
tsfresh,Wine,0.9629629629629629,0.9629120879120878,0.9655172413793104,0.9629629629629629,1.5710675716400146,20260302_002943_run19
tsfresh,WordSynonyms,0.6865203761755486,0.6565773815345773,0.6852141625350048,0.6865203761755486,57.258623123168945,20260302_003041_run19
tsfresh,Worms,0.7922077922077922,0.790964817956483,0.8022408963585433,0.7922077922077922,2.4302923679351807,20260302_003043_run19
tsfresh,WormsTwoClass,0.7792207792207793,0.7761073757900834,0.7798833819241983,0.7792207792207793,2.4636151790618896,20260302_003046_run19
tsfresh,Yoga,0.9523333333333334,0.9522807004468411,0.952552783914932,0.9523333333333334,19.431779623031616,20260302_003105_run19
tsfresh,MiddlePhalanxOutlineCorrect,0.845360824742268,0.8449300488649681,0.8450091437069192,0.845360824742268,7.39459228515625,20260302_003112_run20
tsfresh,MiddlePhalanxTW,0.5974025974025974,0.5647568140503638,0.5605113675803597,0.5974025974025974,5.346205472946167,20260302_003118_run20
tsfresh,MixedShapesRegularTrain,0.9760824742268042,0.9761540151393941,0.9767233241720646,0.9760824742268042,19.37505578994751,20260302_003137_run20
tsfresh,MixedShapesSmallTrain,0.9261855670103093,0.9259108509888796,0.9261829074101743,0.9261855670103093,14.12775468826294,20260302_003151_run20
tsfresh,MoteStrain,0.8458466453674122,0.8457036118525558,0.8457442115376407,0.8458466453674122,7.548982381820679,20260302_003159_run20
tsfresh,MotorImagery,0.45,0.4455086198205464,0.44832575444398515,0.45,105.51072454452515,20260302_003345_run20
tsfresh,NATOPS,0.9444444444444444,0.9442034359164505,0.944593253968254,0.9444444444444444,44.3382568359375,20260302_003429_run20
tsfresh,NonInvasiveFetalECGThorax1,0.9689567430025445,0.9683866743851941,0.96938314183959,0.9689567430025445,382.23771572113037,20260302_004051_run20
tsfresh,NonInvasiveFetalECGThorax2,0.971501272264631,0.9713227158987672,0.9723652856213502,0.971501272264631,382.59205889701843,20260302_004714_run20
tsfresh,OSULeaf,0.9628099173553719,0.9626735474232727,0.9638944015782509,0.9628099173553719,3.540572166442871,20260302_004718_run20
tsfresh,OliveOil,0.8333333333333334,0.8169696969696969,0.8311688311688312,0.8333333333333334,1.31199049949646,20260302_004719_run20
tsfresh,PhalangesOutlinesCorrect,0.8706293706293706,0.8693130922850895,0.8704334786753057,0.8706293706293706,24.358315467834473,20260302_004743_run20
tsfresh,Phoneme,0.3380801687763713,0.2749155810170048,0.27096572933876745,0.3380801687763713,113.01273131370544,20260302_004936_run20
tsfresh,PhonemeSpectra,0.3432746793915896,0.3366608131612467,0.3550090089526088,0.3432746793915896,882.2048346996307,20260302_010421_run20
tsfresh,PigAirwayPressure,0.25,0.2569996417244994,0.34083622929776775,0.25,25.249747037887573,20260302_010446_run20
tsfresh,Plane,1.0,1.0,1.0,1.0,2.285708427429199,20260302_010448_run20
tsfresh,PowerCons,0.9777777777777777,0.9777777777777777,0.9777777777777777,0.9777777777777777,3.1537771224975586,20260302_010452_run20
tsfresh,ProximalPhalanxOutlineAgeGroup,0.8,0.8012172723998918,0.8287572962268084,0.8,5.483418941497803,20260302_010457_run20
tsfresh,ProximalPhalanxOutlineCorrect,0.9037800687285223,0.9037800687285223,0.9037800687285223,0.9037800687285223,7.408337831497192,20260302_010504_run20
tsfresh,ProximalPhalanxTW,0.7902439024390244,0.7687524979930712,0.7737292329445034,0.7902439024390244,5.601742506027222,20260302_010510_run20
tsfresh,RacketSports,0.9144736842105263,0.913591839740757,0.9194976076555023,0.9144736842105263,8.333822250366211,20260302_010518_run20
tsfresh,RefrigerationDevices,0.8533333333333334,0.8512857914835796,0.8581371974983452,0.8533333333333334,5.815597057342529,20260302_010524_run20
tsfresh,Rock,0.82,0.8018909090909091,0.8441379310344829,0.82,1.3329048156738281,20260302_010526_run20
tsfresh,ScreenType,0.7626666666666667,0.7630978708864544,0.7645681725681727,0.7626666666666667,5.976590633392334,20260302_010532_run20
tsfresh,SelfRegulationSCP1,0.931740614334471,0.9316530288032187,0.9337466448939089,0.931740614334471,7.376934766769409,20260302_010539_run20
tsfresh,SelfRegulationSCP2,0.5777777777777777,0.5758928571428572,0.5791855203619909,0.5777777777777777,6.703673601150513,20260302_010546_run20
tsfresh,PigArtPressure,0.8125,0.7987925002348079,0.868104118104118,0.8125,25.29596519470215,20260302_010611_run20
tsfresh,PigCVP,0.5096153846153846,0.49362145207733443,0.5729403777733737,0.5096153846153846,25.378716707229614,20260302_010636_run20
tsfresh,SemgHandGenderCh2,0.98,0.9801215277777777,0.981081081081081,0.98,6.202250719070435,20260302_010643_run20
tsfresh,SemgHandMovementCh2,0.94,0.9398574517806484,0.9400731547076449,0.94,6.977853298187256,20260302_010650_run20
tsfresh,SemgHandSubjectCh2,0.9777777777777777,0.9777664033660565,0.9784473590925205,0.9777777777777777,7.01203465461731,20260302_010657_run20
tsfresh,ShapeletSim,1.0,1.0,1.0,1.0,1.9340150356292725,20260302_010659_run20
tsfresh,ShapesAll,0.9166666666666666,0.917199996392513,0.9286124913098598,0.9166666666666666,112.82001495361328,20260302_010851_run20
tsfresh,SmallKitchenAppliances,0.856,0.8558785764360678,0.8568438797746804,0.856,6.165419340133667,20260302_010858_run20
tsfresh,SmoothSubspace,1.0,1.0,1.0,1.0,2.1260478496551514,20260302_010900_run20
tsfresh,SonyAIBORobotSurface1,0.9118136439267887,0.9122383551196424,0.9258034388312779,0.9118136439267887,3.646074056625366,20260302_010903_run20
tsfresh,SonyAIBORobotSurface2,0.9611752360965372,0.9610581412567657,0.9612138297537629,0.9611752360965372,4.772832155227661,20260302_010908_run20
tsfresh,StandWalkJump,0.26666666666666666,0.14035087719298245,0.09523809523809522,0.26666666666666666,1.8964123725891113,20260302_010910_run20
tsfresh,StarLightCurves,0.9811801845556095,0.9807747487270078,0.9814026754136385,0.9811801845556095,65.46383380889893,20260302_011016_run20
tsfresh,Strawberry,0.9837837837837838,0.9838360875421337,0.9841350400173929,0.9837837837837838,7.876031160354614,20260302_011024_run20
tsfresh,SwedishLeaf,0.9888,0.9887814368585452,0.9888,0.9888,100.98722910881042,20260302_011205_run20
tsfresh,Symbols,0.9346733668341709,0.9340945287115427,0.9367720846739259,0.9346733668341709,5.391390800476074,20260302_011210_run20
tsfresh,SyntheticControl,1.0,1.0,1.0,1.0,4.831021070480347,20260302_011215_run20
tsfresh,ToeSegmentation1,0.8859649122807017,0.8858238234001335,0.8862315528274781,0.8859649122807017,2.249307870864868,20260302_011217_run20
tsfresh,ToeSegmentation2,0.9538461538461539,0.9545494505494506,0.9559171597633135,0.9538461538461539,1.919785499572754,20260302_011219_run20
tsfresh,Trace,1.0,1.0,1.0,1.0,2.065302848815918,20260302_011221_run20
tsfresh,TwoLeadECG,0.9789288849868305,0.9789249862255953,0.9793077129774403,0.9789288849868305,5.81087589263916,20260302_011227_run20
tsfresh,TwoPatterns,1.0,1.0,1.0,1.0,38.21077346801758,20260302_011305_run20
tsfresh,UMD,0.9791666666666666,0.9791620969510859,0.9795918367346937,0.9791666666666666,1.9958744049072266,20260302_011307_run20
tsfresh,UWaveGestureLibrary,0.928125,0.9277412036420637,0.9299292665296605,0.928125,4.654068231582642,20260302_011312_run20
tsfresh,UWaveGestureLibraryAll,0.9796203238414294,0.9796620073661771,0.9799232701305782,0.9796203238414294,32.30021095275879,20260302_011344_run20
tsfresh,UWaveGestureLibraryX,0.873534338358459,0.8722275326665919,0.8714621233049461,0.873534338358459,32.2227828502655,20260302_011417_run20
tsfresh,UWaveGestureLibraryY,0.804857621440536,0.8032451772635908,0.8029950053539653,0.804857621440536,32.08014965057373,20260302_011449_run20
tsfresh,UWaveGestureLibraryZ,0.8059743160245673,0.8054102670784219,0.8069169937777876,0.8059743160245673,32.15099048614502,20260302_011521_run20
tsfresh,Wafer,1.0,1.0,1.0,1.0,51.74984312057495,20260302_011613_run20
tsfresh,Wine,0.9074074074074074,0.9073756432246998,0.907967032967033,0.9074074074074074,1.5545527935028076,20260302_011614_run20
tsfresh,WordSynonyms,0.6990595611285266,0.6760813023891742,0.6880634828289827,0.6990595611285266,57.46833038330078,20260302_011712_run20
tsfresh,Worms,0.8051948051948052,0.8047993008556389,0.8132573168458337,0.8051948051948052,2.4705936908721924,20260302_011714_run20
tsfresh,WormsTwoClass,0.8051948051948052,0.8055290052202044,0.8061364080515927,0.8051948051948052,2.4632208347320557,20260302_011717_run20
tsfresh,Yoga,0.9603333333333334,0.9603304490200635,0.960329494913386,0.9603333333333334,19.29584002494812,20260302_011736_run20
tsfresh,MiddlePhalanxOutlineCorrect,0.8487972508591065,0.8473714387101098,0.8500469541706654,0.8487972508591065,7.6002037525177,20260302_011744_run21
tsfresh,MiddlePhalanxTW,0.5909090909090909,0.5546228051185503,0.5639698838966816,0.5909090909090909,5.1384546756744385,20260302_011749_run21
tsfresh,MixedShapesRegularTrain,0.977319587628866,0.9772996059719469,0.9774445315362841,0.977319587628866,19.514119386672974,20260302_011808_run21
tsfresh,MixedShapesSmallTrain,0.9455670103092784,0.9455491926973575,0.9459770862594677,0.9455670103092784,14.121245384216309,20260302_011823_run21
tsfresh,MoteStrain,0.8722044728434505,0.8719415130421495,0.8890316178798233,0.8722044728434505,7.552114725112915,20260302_011830_run21
tsfresh,MotorImagery,0.55,0.5495946351716544,0.5501806503412284,0.55,106.90082144737244,20260302_012017_run21
tsfresh,NATOPS,0.9388888888888889,0.9384711779448622,0.9394500561167228,0.9388888888888889,44.49051547050476,20260302_012102_run21
tsfresh,NonInvasiveFetalECGThorax1,0.9623409669211196,0.9622808942582195,0.9635356946383036,0.9623409669211196,384.90201449394226,20260302_012727_run21
tsfresh,NonInvasiveFetalECGThorax2,0.9704834605597964,0.9701635160974376,0.9711033979877112,0.9704834605597964,382.0653007030487,20260302_013349_run21
tsfresh,OSULeaf,0.9462809917355371,0.9469731752789604,0.9511997286214133,0.9462809917355371,3.6744463443756104,20260302_013353_run21
tsfresh,OliveOil,0.8333333333333334,0.8204964626017258,0.8408333333333334,0.8333333333333334,1.3282907009124756,20260302_013354_run21
tsfresh,PhalangesOutlinesCorrect,0.8682983682983683,0.8666497905297383,0.8684881705684308,0.8682983682983683,24.14751958847046,20260302_013418_run21
tsfresh,Phoneme,0.31276371308016876,0.26793122260247876,0.3093174443397783,0.31276371308016876,112.93584537506104,20260302_013611_run21
tsfresh,PhonemeSpectra,0.30867879510885776,0.2960125662844195,0.3522523963166225,0.30867879510885776,883.3027925491333,20260302_015057_run21
tsfresh,PigAirwayPressure,0.13942307692307693,0.11957877672887815,0.149613735623351,0.13942307692307693,25.41787576675415,20260302_015122_run21
tsfresh,Plane,1.0,1.0,1.0,1.0,2.265611171722412,20260302_015124_run21
tsfresh,PowerCons,0.9888888888888889,0.9888875169774047,0.9891304347826086,0.9888888888888889,3.2507736682891846,20260302_015128_run21
tsfresh,ProximalPhalanxOutlineAgeGroup,0.8341463414634146,0.8357169659608683,0.8490189701897018,0.8341463414634146,5.766827821731567,20260302_015133_run21
tsfresh,ProximalPhalanxOutlineCorrect,0.8797250859106529,0.8765716109363202,0.8790525240568597,0.8797250859106529,7.493046760559082,20260302_015141_run21
tsfresh,ProximalPhalanxTW,0.7951219512195122,0.7782404882379625,0.7806448052322469,0.7951219512195122,5.526844024658203,20260302_015146_run21
tsfresh,RacketSports,0.8881578947368421,0.8847717310729365,0.8969912956050938,0.8881578947368421,8.529532670974731,20260302_015155_run21
tsfresh,RefrigerationDevices,0.8266666666666667,0.8264683393070491,0.8263426583872138,0.8266666666666667,5.9322350025177,20260302_015201_run21
tsfresh,Rock,0.86,0.8624542789334078,0.8721904761904762,0.86,1.3136866092681885,20260302_015202_run21
tsfresh,ScreenType,0.736,0.7358775714444711,0.7363275075644673,0.736,5.815484285354614,20260302_015208_run21
tsfresh,SelfRegulationSCP1,0.8976109215017065,0.8976037647627619,0.8976802752772243,0.8976109215017065,7.472569942474365,20260302_015216_run21
tsfresh,SelfRegulationSCP2,0.5166666666666667,0.5162934362934364,0.5167182662538701,0.5166666666666667,6.649120569229126,20260302_015222_run21
tsfresh,PigArtPressure,0.6586538461538461,0.6438006438006437,0.7461559274059274,0.6586538461538461,25.30165719985962,20260302_015248_run21
tsfresh,PigCVP,0.34134615384615385,0.3047218100526924,0.38060803905945606,0.34134615384615385,25.385085105895996,20260302_015313_run21
tsfresh,SemgHandGenderCh2,0.9716666666666667,0.9716190266177862,0.9716248110041672,0.9716666666666667,6.128329753875732,20260302_015319_run21
tsfresh,SemgHandMovementCh2,0.9533333333333334,0.9532255900004585,0.9537977293258982,0.9533333333333334,7.021113634109497,20260302_015326_run21
tsfresh,SemgHandSubjectCh2,0.9822222222222222,0.9821969813883145,0.9822200271638474,0.9822222222222222,6.977511167526245,20260302_015333_run21
tsfresh,ShapeletSim,1.0,1.0,1.0,1.0,1.9404029846191406,20260302_015335_run21
tsfresh,ShapesAll,0.9033333333333333,0.9035884540573444,0.9212297343179695,0.9033333333333333,112.42915725708008,20260302_015528_run21
tsfresh,SmallKitchenAppliances,0.8346666666666667,0.8342903503013029,0.8348056839582264,0.8346666666666667,5.942786693572998,20260302_015534_run21
tsfresh,SmoothSubspace,0.9933333333333333,0.9933326665999933,0.9934640522875816,0.9933333333333333,2.2741525173187256,20260302_015536_run21
tsfresh,SonyAIBORobotSurface1,0.9450915141430949,0.945340550996827,0.9499961577460708,0.9450915141430949,3.554241180419922,20260302_015539_run21
tsfresh,SonyAIBORobotSurface2,0.9338929695697796,0.9341603685537704,0.9350423306813876,0.9338929695697796,4.783964395523071,20260302_015544_run21
tsfresh,StandWalkJump,0.6,0.6166666666666667,0.6761904761904761,0.6,2.032083034515381,20260302_015546_run21
tsfresh,StarLightCurves,0.9826372025254978,0.9824370850213904,0.9825627097102347,0.9826372025254978,65.56350541114807,20260302_015652_run21
tsfresh,Strawberry,0.9783783783783784,0.9784481167228448,0.9787629258217493,0.9783783783783784,7.95742392539978,20260302_015700_run21
tsfresh,SwedishLeaf,0.968,0.9675386837408098,0.9692348909240347,0.968,100.59386849403381,20260302_015840_run21
tsfresh,Symbols,0.9758793969849247,0.9759139364489254,0.9759943045075604,0.9758793969849247,5.492865562438965,20260302_015846_run21
tsfresh,SyntheticControl,1.0,1.0,1.0,1.0,4.732981443405151,20260302_015851_run21
tsfresh,ToeSegmentation1,0.8903508771929824,0.8903741334710782,0.8904316917496116,0.8903508771929824,2.3607289791107178,20260302_015853_run21
tsfresh,ToeSegmentation2,0.9,0.9065857154903448,0.9281203007518797,0.9,1.8167788982391357,20260302_015855_run21
tsfresh,Trace,1.0,1.0,1.0,1.0,2.0604493618011475,20260302_015857_run21
tsfresh,TwoLeadECG,0.9894644424934153,0.9894633704200334,0.989682044369627,0.9894644424934153,5.925173759460449,20260302_015903_run21
tsfresh,TwoPatterns,1.0,1.0,1.0,1.0,38.144603967666626,20260302_015941_run21
tsfresh,UMD,0.9930555555555556,0.993054801953337,0.9931972789115646,0.9930555555555556,1.867600917816162,20260302_015943_run21
tsfresh,UWaveGestureLibrary,0.90625,0.9074034542278124,0.9139230285741913,0.90625,4.588907957077026,20260302_015948_run21
tsfresh,UWaveGestureLibraryAll,0.9790619765494137,0.9789822750581962,0.9791772797151993,0.9790619765494137,32.25341820716858,20260302_020020_run21
tsfresh,UWaveGestureLibraryX,0.8774427694025684,0.8757841666911402,0.8752595628819767,0.8774427694025684,32.02764701843262,20260302_020052_run21
tsfresh,UWaveGestureLibraryY,0.8006700167504187,0.7970725555756352,0.7969233748579415,0.8006700167504187,32.03589177131653,20260302_020124_run21
tsfresh,UWaveGestureLibraryZ,0.8151870463428252,0.8135332837914655,0.8129639456247357,0.8151870463428252,32.158663511276245,20260302_020156_run21
tsfresh,Wafer,1.0,1.0,1.0,1.0,51.93448209762573,20260302_020248_run21
tsfresh,Wine,0.9814814814814815,0.98147512864494,0.9821428571428571,0.9814814814814815,1.5673305988311768,20260302_020250_run21
tsfresh,WordSynonyms,0.7100313479623824,0.677307403984938,0.6948301589763753,0.7100313479623824,57.15836238861084,20260302_020347_run21
tsfresh,Worms,0.8311688311688312,0.8283436509399998,0.8467145949288807,0.8311688311688312,2.5423455238342285,20260302_020350_run21
tsfresh,WormsTwoClass,0.7662337662337663,0.7662337662337663,0.7662337662337663,0.7662337662337663,2.547991991043091,20260302_020352_run21
tsfresh,Yoga,0.9566666666666667,0.9566948117345067,0.9569411306042884,0.9566666666666667,19.34537959098816,20260302_020412_run21
tsfresh,MiddlePhalanxOutlineCorrect,0.852233676975945,0.8512026275746525,0.8526945238920003,0.852233676975945,7.445796012878418,20260302_020419_run22
tsfresh,MiddlePhalanxTW,0.5844155844155844,0.5397104380151576,0.5610389610389611,0.5844155844155844,5.260077238082886,20260302_020424_run22
tsfresh,MixedShapesRegularTrain,0.9740206185567011,0.9741463860847194,0.974740318812461,0.9740206185567011,19.39765739440918,20260302_020444_run22
tsfresh,MixedShapesSmallTrain,0.9356701030927835,0.935764118022704,0.9360841873633273,0.9356701030927835,14.240687608718872,20260302_020458_run22
tsfresh,MoteStrain,0.8809904153354633,0.8809977798698294,0.8916441362748581,0.8809904153354633,7.529016971588135,20260302_020506_run22
tsfresh,MotorImagery,0.54,0.5398159263705482,0.5400641025641025,0.54,104.77257061004639,20260302_020651_run22
tsfresh,NATOPS,0.95,0.9496503496503497,0.9533333333333333,0.95,45.13613772392273,20260302_020736_run22
tsfresh,NonInvasiveFetalECGThorax1,0.961323155216285,0.9609304160974141,0.9613045426771896,0.961323155216285,382.06993412971497,20260302_021358_run22
tsfresh,NonInvasiveFetalECGThorax2,0.9745547073791349,0.9743899823025612,0.9752577507415813,0.9745547073791349,382.4552047252655,20260302_022021_run22
tsfresh,OSULeaf,0.9628099173553719,0.9628620305883385,0.9635875431464686,0.9628099173553719,3.568190813064575,20260302_022024_run22
tsfresh,OliveOil,0.7333333333333333,0.7389177489177489,0.7864357864357864,0.7333333333333333,1.4310250282287598,20260302_022026_run22
tsfresh,PhalangesOutlinesCorrect,0.8624708624708625,0.8612262766350817,0.8619403191652859,0.8624708624708625,24.394946813583374,20260302_022050_run22
tsfresh,Phoneme,0.3771097046413502,0.32061022994605526,0.3246259935794963,0.3771097046413502,112.98987197875977,20260302_022243_run22
tsfresh,PhonemeSpectra,0.3432746793915896,0.3303881839576019,0.35739285669916904,0.3432746793915896,882.8913171291351,20260302_023728_run22
tsfresh,PigAirwayPressure,0.1971153846153846,0.1860504520253097,0.23123801501205346,0.1971153846153846,25.342214107513428,20260302_023754_run22
tsfresh,Plane,1.0,1.0,1.0,1.0,2.27081036567688,20260302_023756_run22
tsfresh,PowerCons,1.0,1.0,1.0,1.0,3.020534038543701,20260302_023759_run22
tsfresh,ProximalPhalanxOutlineAgeGroup,0.8439024390243902,0.8522238313213516,0.8718888499889783,0.8439024390243902,5.564733982086182,20260302_023804_run22
tsfresh,ProximalPhalanxOutlineCorrect,0.9037800687285223,0.903491937615649,0.9033002228263037,0.9037800687285223,7.29157280921936,20260302_023812_run22
tsfresh,ProximalPhalanxTW,0.8048780487804879,0.8049747972289715,0.8226376809539674,0.8048780487804879,5.684032440185547,20260302_023817_run22
tsfresh,RacketSports,0.9078947368421053,0.9078947368421053,0.9078947368421053,0.9078947368421053,8.413370609283447,20260302_023826_run22
tsfresh,RefrigerationDevices,0.8506666666666667,0.849156792858088,0.8523545796273069,0.8506666666666667,6.04120397567749,20260302_023832_run22
tsfresh,Rock,0.9,0.9026278819219995,0.9175,0.9,1.3444876670837402,20260302_023833_run22
tsfresh,ScreenType,0.7333333333333333,0.7336958045125375,0.7355362593519633,0.7333333333333333,5.782117605209351,20260302_023839_run22
tsfresh,SelfRegulationSCP1,0.9590443686006825,0.9590434144577463,0.9591318398544479,0.9590443686006825,7.18572998046875,20260302_023846_run22
tsfresh,SelfRegulationSCP2,0.5333333333333333,0.53125,0.5339366515837104,0.5333333333333333,6.6424455642700195,20260302_023853_run22
tsfresh,PigArtPressure,0.6634615384615384,0.6475694177617253,0.7198731823731823,0.6634615384615384,25.391342401504517,20260302_023918_run22
tsfresh,PigCVP,0.5528846153846154,0.5563092890015967,0.672008547008547,0.5528846153846154,25.290743112564087,20260302_023944_run22
tsfresh,SemgHandGenderCh2,0.99,0.9900108432120275,0.9900457109511769,0.99,6.061593294143677,20260302_023950_run22
tsfresh,SemgHandMovementCh2,0.9288888888888889,0.9282834850886412,0.929632207946665,0.9288888888888889,7.19512414932251,20260302_023957_run22
tsfresh,SemgHandSubjectCh2,0.9733333333333334,0.9731054539867199,0.9736991350159873,0.9733333333333334,7.04491925239563,20260302_024004_run22
tsfresh,ShapeletSim,1.0,1.0,1.0,1.0,1.9220001697540283,20260302_024006_run22
tsfresh,ShapesAll,0.8966666666666666,0.8949179490486531,0.902849789099789,0.8966666666666666,112.43911957740784,20260302_024158_run22
tsfresh,SmallKitchenAppliances,0.8453333333333334,0.8470690403821103,0.8543364681295715,0.8453333333333334,5.937817573547363,20260302_024204_run22
tsfresh,SmoothSubspace,0.9933333333333333,0.9933326665999933,0.9934640522875816,0.9933333333333333,2.2467565536499023,20260302_024207_run22
tsfresh,SonyAIBORobotSurface1,0.9434276206322796,0.9437011747477942,0.9500148154901649,0.9434276206322796,3.5492148399353027,20260302_024210_run22
tsfresh,SonyAIBORobotSurface2,0.9265477439664218,0.9270627442748636,0.9297138573498435,0.9265477439664218,4.777601957321167,20260302_024215_run22
tsfresh,StandWalkJump,0.3333333333333333,0.3277777777777777,0.33968253968253964,0.3333333333333333,2.0111818313598633,20260302_024217_run22
tsfresh,StarLightCurves,0.982030111704711,0.9817826099605411,0.9819932603145984,0.982030111704711,65.30071353912354,20260302_024322_run22
tsfresh,Strawberry,0.9837837837837838,0.9837837837837838,0.9837837837837838,0.9837837837837838,8.068786144256592,20260302_024330_run22
tsfresh,SwedishLeaf,0.9712,0.9711382933492295,0.9718225641355229,0.9712,100.90185308456421,20260302_024511_run22
tsfresh,Symbols,0.9698492462311558,0.9697889906781697,0.970894785532205,0.9698492462311558,5.3841612339019775,20260302_024517_run22
tsfresh,SyntheticControl,1.0,1.0,1.0,1.0,4.720912456512451,20260302_024522_run22
tsfresh,ToeSegmentation1,0.8114035087719298,0.8113561913081458,0.8113401600858561,0.8114035087719298,2.348010540008545,20260302_024524_run22
tsfresh,ToeSegmentation2,0.9,0.893061588150128,0.8952628839146278,0.9,1.8086419105529785,20260302_024526_run22
tsfresh,Trace,1.0,1.0,1.0,1.0,2.0542285442352295,20260302_024528_run22
tsfresh,TwoLeadECG,0.9894644424934153,0.9894644424934153,0.9894644424934153,0.9894644424934153,5.924241304397583,20260302_024534_run22
tsfresh,TwoPatterns,1.0,1.0,1.0,1.0,38.1707398891449,20260302_024612_run22
tsfresh,UMD,0.9791666666666666,0.9791620969510859,0.9795918367346937,0.9791666666666666,1.878605604171753,20260302_024614_run22
tsfresh,UWaveGestureLibrary,0.94375,0.9431261447153444,0.9459338779614865,0.94375,4.724977016448975,20260302_024619_run22
tsfresh,UWaveGestureLibraryAll,0.9826912339475153,0.9825876305593817,0.9828485801734748,0.9826912339475153,32.19953203201294,20260302_024651_run22
tsfresh,UWaveGestureLibraryX,0.88107202680067,0.8815526831529167,0.8852970473056133,0.88107202680067,32.054831981658936,20260302_024723_run22
tsfresh,UWaveGestureLibraryY,0.8023450586264657,0.8006751318692126,0.8020996401571984,0.8023450586264657,32.1368191242218,20260302_024755_run22
tsfresh,UWaveGestureLibraryZ,0.8230039084310441,0.8219235878117072,0.8221017057129272,0.8230039084310441,32.15382480621338,20260302_024827_run22
tsfresh,Wafer,1.0,1.0,1.0,1.0,51.87588906288147,20260302_024919_run22
tsfresh,Wine,0.8888888888888888,0.8875,0.9090909090909092,0.8888888888888888,1.5495431423187256,20260302_024921_run22
tsfresh,WordSynonyms,0.6990595611285266,0.6666032562162109,0.6881936475494358,0.6990595611285266,57.379913091659546,20260302_025018_run22
tsfresh,Worms,0.8441558441558441,0.8438943193740635,0.8479209865764488,0.8441558441558441,2.4498305320739746,20260302_025021_run22
tsfresh,WormsTwoClass,0.7662337662337663,0.7651785714285715,0.7651773191745141,0.7662337662337663,2.555591106414795,20260302_025023_run22
tsfresh,Yoga,0.957,0.9569925684483988,0.95699561288223,0.957,19.140846014022827,20260302_025042_run22
tsfresh,MiddlePhalanxOutlineCorrect,0.8109965635738832,0.8066620230680143,0.817452262674206,0.8109965635738832,7.748372554779053,20260302_025050_run23
tsfresh,MiddlePhalanxTW,0.577922077922078,0.5442440340942417,0.5464534430372939,0.577922077922078,5.107240200042725,20260302_025055_run23
tsfresh,MixedShapesRegularTrain,0.9744329896907217,0.9744083719772311,0.9746737530564861,0.9744329896907217,19.384868144989014,20260302_025115_run23
tsfresh,MixedShapesSmallTrain,0.9249484536082474,0.9248459953891992,0.9281271975584364,0.9249484536082474,14.237447500228882,20260302_025129_run23
tsfresh,MoteStrain,0.9097444089456869,0.9089530687754738,0.9152998351573653,0.9097444089456869,7.694828987121582,20260302_025137_run23
tsfresh,MotorImagery,0.53,0.5295766189570613,0.530108390204737,0.53,103.2979519367218,20260302_025320_run23
tsfresh,NATOPS,0.9444444444444444,0.9442336723343397,0.9473510558069381,0.9444444444444444,44.04444766044617,20260302_025404_run23
tsfresh,NonInvasiveFetalECGThorax1,0.956234096692112,0.9565599300888767,0.9577694548915471,0.956234096692112,382.35695934295654,20260302_030027_run23
tsfresh,NonInvasiveFetalECGThorax2,0.9684478371501273,0.9687986391916146,0.9708092109297759,0.9684478371501273,383.3375988006592,20260302_030650_run23
tsfresh,OSULeaf,0.9586776859504132,0.9583062886496667,0.9589460126650209,0.9586776859504132,3.689077138900757,20260302_030654_run23
tsfresh,OliveOil,0.8666666666666667,0.8410590111642743,0.8806837606837606,0.8666666666666667,1.3248558044433594,20260302_030655_run23
tsfresh,PhalangesOutlinesCorrect,0.8566433566433567,0.8546149205297823,0.8568214696507938,0.8566433566433567,24.45244288444519,20260302_030720_run23
tsfresh,Phoneme,0.36075949367088606,0.32289858111350833,0.3444282061602382,0.36075949367088606,112.86242580413818,20260302_030913_run23
tsfresh,PhonemeSpectra,0.3053981509096332,0.30404809387823933,0.36912484377193455,0.3053981509096332,881.5803542137146,20260302_032356_run23
tsfresh,PigAirwayPressure,0.22115384615384615,0.20597638132008023,0.2807896817045244,0.22115384615384615,25.35405921936035,20260302_032422_run23
tsfresh,Plane,1.0,1.0,1.0,1.0,2.2852225303649902,20260302_032424_run23
tsfresh,PowerCons,0.9833333333333333,0.9833328189141639,0.983393011482899,0.9833333333333333,3.130251407623291,20260302_032427_run23
tsfresh,ProximalPhalanxOutlineAgeGroup,0.8048780487804879,0.8054127148661975,0.8118665085948805,0.8048780487804879,5.593343257904053,20260302_032433_run23
tsfresh,ProximalPhalanxOutlineCorrect,0.8934707903780069,0.8911062029787054,0.8930173331462053,0.8934707903780069,7.496740341186523,20260302_032440_run23
tsfresh,ProximalPhalanxTW,0.8,0.7901966898312097,0.7911746989213343,0.8,5.49213433265686,20260302_032446_run23
tsfresh,RacketSports,0.9078947368421053,0.9078947368421053,0.9078947368421053,0.9078947368421053,8.456897258758545,20260302_032454_run23
tsfresh,RefrigerationDevices,0.8693333333333333,0.8699063808819906,0.8732828900372336,0.8693333333333333,5.845159530639648,20260302_032500_run23
tsfresh,Rock,0.88,0.8804615384615385,0.8901298701298701,0.88,1.3318369388580322,20260302_032502_run23
tsfresh,ScreenType,0.7786666666666666,0.7782771698788296,0.7792255961571453,0.7786666666666666,5.9176788330078125,20260302_032508_run23
tsfresh,SelfRegulationSCP1,0.9419795221843004,0.9419308251579818,0.9436654237012287,0.9419795221843004,7.350489139556885,20260302_032515_run23
tsfresh,SelfRegulationSCP2,0.5055555555555555,0.5054181717143651,0.5055617352614016,0.5055555555555555,6.533667325973511,20260302_032521_run23
tsfresh,PigArtPressure,0.49038461538461536,0.4871090448013524,0.6148058706526448,0.49038461538461536,25.317786931991577,20260302_032547_run23
tsfresh,PigCVP,0.4855769230769231,0.47216362069303247,0.5549469195962409,0.4855769230769231,25.35209369659424,20260302_032612_run23
tsfresh,SemgHandGenderCh2,0.9783333333333334,0.9782718133681222,0.9783606051250385,0.9783333333333334,6.070163011550903,20260302_032618_run23
tsfresh,SemgHandMovementCh2,0.9488888888888889,0.9492305871398846,0.9505077734987876,0.9488888888888889,6.8834919929504395,20260302_032625_run23
tsfresh,SemgHandSubjectCh2,0.9822222222222222,0.9822612190351936,0.9829234278435934,0.9822222222222222,7.145509958267212,20260302_032632_run23
tsfresh,ShapeletSim,1.0,1.0,1.0,1.0,1.899031400680542,20260302_032634_run23
tsfresh,ShapesAll,0.8933333333333333,0.8935084187385978,0.9088208550708551,0.8933333333333333,112.56641364097595,20260302_032827_run23
tsfresh,SmallKitchenAppliances,0.8453333333333334,0.8449205801466052,0.844881259997539,0.8453333333333334,6.088708877563477,20260302_032833_run23
tsfresh,SmoothSubspace,0.9866666666666667,0.9866613311991462,0.9871794871794873,0.9866666666666667,2.1451945304870605,20260302_032835_run23
tsfresh,SonyAIBORobotSurface1,0.9467554076539102,0.9470073742955177,0.9526306730162373,0.9467554076539102,3.631849765777588,20260302_032839_run23
tsfresh,SonyAIBORobotSurface2,0.938090241343127,0.9376369069425121,0.9385759574384318,0.938090241343127,4.77403998374939,20260302_032844_run23
tsfresh,StandWalkJump,0.26666666666666666,0.22857142857142856,0.2074074074074074,0.26666666666666666,1.8940258026123047,20260302_032845_run23
tsfresh,StarLightCurves,0.981665857212239,0.9814164320078275,0.9816135364248421,0.981665857212239,65.75520706176758,20260302_032951_run23
tsfresh,Strawberry,0.9918918918918919,0.9919117302446282,0.992072072072072,0.9918918918918919,8.141674518585205,20260302_032959_run23
tsfresh,SwedishLeaf,0.9808,0.9808555734477199,0.9814745697666897,0.9808,100.78860640525818,20260302_033140_run23
tsfresh,Symbols,0.9587939698492463,0.9583698090962185,0.9620937903503874,0.9587939698492463,5.512283563613892,20260302_033146_run23
tsfresh,SyntheticControl,1.0,1.0,1.0,1.0,4.703774690628052,20260302_033150_run23
tsfresh,ToeSegmentation1,0.8903508771929824,0.8903741334710782,0.8904316917496116,0.8903508771929824,2.237673044204712,20260302_033153_run23
tsfresh,ToeSegmentation2,0.9230769230769231,0.9230769230769231,0.9230769230769231,0.9230769230769231,1.904876708984375,20260302_033155_run23
tsfresh,Trace,1.0,1.0,1.0,1.0,2.0491926670074463,20260302_033157_run23
tsfresh,TwoLeadECG,0.9920983318700615,0.9920980760511308,0.992172773335981,0.9920983318700615,5.802585601806641,20260302_033203_run23
tsfresh,TwoPatterns,1.0,1.0,1.0,1.0,38.057072162628174,20260302_033241_run23
tsfresh,UMD,0.9930555555555556,0.993054801953337,0.9931972789115646,0.9930555555555556,1.8925018310546875,20260302_033243_run23
tsfresh,UWaveGestureLibrary,0.925,0.9232740440582367,0.9279829545454545,0.925,4.674437046051025,20260302_033247_run23
tsfresh,UWaveGestureLibraryAll,0.983249581239531,0.9832258348351866,0.9834353663417859,0.983249581239531,32.06641411781311,20260302_033319_run23
tsfresh,UWaveGestureLibraryX,0.868788386376326,0.8662463036472184,0.8769038096399471,0.868788386376326,32.192590951919556,20260302_033352_run23
tsfresh,UWaveGestureLibraryY,0.798715801228364,0.7961104583982642,0.8005655609627987,0.798715801228364,32.59424376487732,20260302_033424_run23
tsfresh,UWaveGestureLibraryZ,0.7953657174762703,0.793256800334764,0.79729299758452,0.7953657174762703,32.020190954208374,20260302_033456_run23
tsfresh,Wafer,1.0,1.0,1.0,1.0,51.97266364097595,20260302_033548_run23
tsfresh,Wine,0.9444444444444444,0.9442724458204333,0.95,0.9444444444444444,1.571591854095459,20260302_033550_run23
tsfresh,WordSynonyms,0.6865203761755486,0.6619407991793134,0.6775811577643773,0.6865203761755486,57.270437717437744,20260302_033647_run23
tsfresh,Worms,0.7922077922077922,0.7889610389610391,0.8098265370992644,0.7922077922077922,2.568493366241455,20260302_033650_run23
tsfresh,WormsTwoClass,0.7792207792207793,0.7787628102234845,0.7785714285714286,0.7792207792207793,2.436815023422241,20260302_033652_run23
tsfresh,Yoga,0.956,0.956,0.956,0.956,19.376948595046997,20260302_033712_run23
tsfresh,MiddlePhalanxOutlineCorrect,0.8591065292096219,0.8565329089452622,0.8655146671115945,0.8591065292096219,7.280971050262451,20260302_033719_run24
tsfresh,MiddlePhalanxTW,0.6103896103896104,0.576155890628962,0.5865538993529424,0.6103896103896104,5.097474575042725,20260302_033724_run24
tsfresh,MixedShapesRegularTrain,0.979381443298969,0.9793739046870638,0.9794778389197406,0.979381443298969,19.531577348709106,20260302_033744_run24
tsfresh,MixedShapesSmallTrain,0.942680412371134,0.9423591811500458,0.9430022611921276,0.942680412371134,14.109358549118042,20260302_033758_run24
tsfresh,MoteStrain,0.9105431309904153,0.910224232267211,0.9117972715702383,0.9105431309904153,7.525161266326904,20260302_033805_run24
tsfresh,MotorImagery,0.5,0.49677938808373595,0.5,0.5,105.31516909599304,20260302_033951_run24
tsfresh,NATOPS,0.9388888888888889,0.936638196600505,0.9507857733664186,0.9388888888888889,44.39991545677185,20260302_034035_run24
tsfresh,NonInvasiveFetalECGThorax1,0.9557251908396946,0.9552559863395375,0.9559581624231503,0.9557251908396946,382.85970664024353,20260302_034658_run24
tsfresh,NonInvasiveFetalECGThorax2,0.9597964376590331,0.9594572321841447,0.9604044801500645,0.9597964376590331,382.2865002155304,20260302_035321_run24
tsfresh,OSULeaf,0.9586776859504132,0.9588966362652013,0.9595967354891968,0.9586776859504132,3.552109479904175,20260302_035324_run24
tsfresh,OliveOil,0.8333333333333334,0.8281632936095178,0.8314141414141414,0.8333333333333334,1.3088874816894531,20260302_035326_run24
tsfresh,PhalangesOutlinesCorrect,0.8694638694638694,0.8676707907477138,0.8699761280718733,0.8694638694638694,24.30395269393921,20260302_035350_run24
tsfresh,Phoneme,0.3528481012658228,0.30811701774670885,0.3354674666660756,0.3528481012658228,112.85415697097778,20260302_035543_run24
tsfresh,PhonemeSpectra,0.3280644199224575,0.32311419936309765,0.34783912188027527,0.3280644199224575,881.0545518398285,20260302_041026_run24
tsfresh,PigAirwayPressure,0.34134615384615385,0.33633330700638386,0.39465148378191856,0.34134615384615385,25.342817068099976,20260302_041051_run24
tsfresh,Plane,1.0,1.0,1.0,1.0,2.264643669128418,20260302_041054_run24
tsfresh,PowerCons,0.9944444444444445,0.9944442729713879,0.9945054945054945,0.9944444444444445,3.1235761642456055,20260302_041057_run24
tsfresh,ProximalPhalanxOutlineAgeGroup,0.848780487804878,0.8501331765590122,0.8598584138671576,0.848780487804878,5.473531484603882,20260302_041102_run24
tsfresh,ProximalPhalanxOutlineCorrect,0.865979381443299,0.8624655093290425,0.864449694250253,0.865979381443299,7.482149839401245,20260302_041110_run24
tsfresh,ProximalPhalanxTW,0.7951219512195122,0.7839393707154566,0.7949664215240011,0.7951219512195122,5.574540138244629,20260302_041115_run24
tsfresh,RacketSports,0.9276315789473685,0.9275894614318424,0.9276852533431481,0.9276315789473685,8.330093383789062,20260302_041124_run24
tsfresh,RefrigerationDevices,0.8906666666666667,0.8906619074867564,0.8918313104542036,0.8906666666666667,6.108293533325195,20260302_041130_run24
tsfresh,Rock,0.9,0.9002504537205082,0.9038947368421053,0.9,1.3304123878479004,20260302_041131_run24
tsfresh,ScreenType,0.7466666666666667,0.7454055779615216,0.7477325605550708,0.7466666666666667,5.765690326690674,20260302_041137_run24
tsfresh,SelfRegulationSCP1,0.9215017064846417,0.9214998776467709,0.9215195188126811,0.9215017064846417,7.375785827636719,20260302_041144_run24
tsfresh,SelfRegulationSCP2,0.5111111111111111,0.5101434933201385,0.5111996017919364,0.5111111111111111,6.658110618591309,20260302_041151_run24
tsfresh,PigArtPressure,0.7740384615384616,0.7552987610679918,0.8211538461538461,0.7740384615384616,25.495928287506104,20260302_041217_run24
tsfresh,PigCVP,0.5528846153846154,0.5324508824508825,0.6177960927960927,0.5528846153846154,25.239323139190674,20260302_041242_run24
tsfresh,SemgHandGenderCh2,0.985,0.9849395903775333,0.9851776252931469,0.985,6.158940553665161,20260302_041248_run24
tsfresh,SemgHandMovementCh2,0.9377777777777778,0.9373386671367464,0.9373748765854027,0.9377777777777778,7.249439477920532,20260302_041255_run24
tsfresh,SemgHandSubjectCh2,0.9777777777777777,0.9777974405072477,0.9781740009399584,0.9777777777777777,7.004415035247803,20260302_041302_run24
tsfresh,ShapeletSim,1.0,1.0,1.0,1.0,2.0503578186035156,20260302_041304_run24
tsfresh,ShapesAll,0.9033333333333333,0.9034468139820475,0.9167472804972808,0.9033333333333333,112.32789373397827,20260302_041457_run24
tsfresh,SmallKitchenAppliances,0.8373333333333334,0.8375120184081134,0.8378122541306058,0.8373333333333334,5.953775405883789,20260302_041503_run24
tsfresh,SmoothSubspace,0.9933333333333333,0.9933326665999933,0.9934640522875816,0.9933333333333333,2.245772361755371,20260302_041505_run24
tsfresh,SonyAIBORobotSurface1,0.956738768718802,0.9569066150107236,0.9596483238512877,0.956738768718802,3.5414421558380127,20260302_041509_run24
tsfresh,SonyAIBORobotSurface2,0.9401888772298006,0.9404563937131525,0.941496077582524,0.9401888772298006,4.879929304122925,20260302_041513_run24
tsfresh,StandWalkJump,0.3333333333333333,0.3206349206349206,0.5111111111111111,0.3333333333333333,1.8897202014923096,20260302_041515_run24
tsfresh,StarLightCurves,0.9821515298688683,0.981958739196575,0.9820462214470461,0.9821515298688683,65.88175749778748,20260302_041621_run24
tsfresh,Strawberry,0.9783783783783784,0.9784140474347003,0.9785113598293461,0.9783783783783784,7.877978563308716,20260302_041629_run24
tsfresh,SwedishLeaf,0.9808,0.9808576970743096,0.9811326292649015,0.9808,101.08183169364929,20260302_041810_run24
tsfresh,Symbols,0.9608040201005025,0.960904348114218,0.9614735533715344,0.9608040201005025,5.415576219558716,20260302_041816_run24
tsfresh,SyntheticControl,1.0,1.0,1.0,1.0,4.888982534408569,20260302_041821_run24
tsfresh,ToeSegmentation1,0.8991228070175439,0.8990974976764501,0.8991068851552686,0.8991228070175439,2.2638442516326904,20260302_041823_run24
tsfresh,ToeSegmentation2,0.8615384615384616,0.8672143390589994,0.8772307692307691,0.8615384615384616,1.9252378940582275,20260302_041825_run24
tsfresh,Trace,1.0,1.0,1.0,1.0,2.0744736194610596,20260302_041827_run24
tsfresh,TwoLeadECG,0.9956101843722563,0.9956101640696676,0.9956239578715433,0.9956101843722563,5.827094554901123,20260302_041833_run24
tsfresh,TwoPatterns,1.0,1.0,1.0,1.0,38.301424980163574,20260302_041911_run24
tsfresh,UMD,0.9930555555555556,0.993054801953337,0.9931972789115646,0.9930555555555556,1.8933436870574951,20260302_041913_run24
tsfresh,UWaveGestureLibrary,0.8875,0.884899301201204,0.8943203006650933,0.8875,4.641643762588501,20260302_041918_run24
tsfresh,UWaveGestureLibraryAll,0.9765494137353434,0.9765322981113451,0.9767944618268003,0.9765494137353434,32.185261726379395,20260302_041950_run24
tsfresh,UWaveGestureLibraryX,0.8654383026242323,0.8655750499771294,0.8669125460938039,0.8654383026242323,32.12426781654358,20260302_042022_run24
tsfresh,UWaveGestureLibraryY,0.7975991066443328,0.7953075975006463,0.7967263529176248,0.7975991066443328,32.02824783325195,20260302_042054_run24
tsfresh,UWaveGestureLibraryZ,0.8235622557230597,0.8225682589643005,0.8232160629563562,0.8235622557230597,32.3806529045105,20260302_042127_run24
tsfresh,Wafer,1.0,1.0,1.0,1.0,51.552088022232056,20260302_042218_run24
tsfresh,Wine,0.9259259259259259,0.9258241758241759,0.9282758620689655,0.9259259259259259,1.5706589221954346,20260302_042220_run24
tsfresh,WordSynonyms,0.7037617554858934,0.687421876229217,0.7199735635371481,0.7037617554858934,57.32490611076355,20260302_042317_run24
tsfresh,Worms,0.8051948051948052,0.7880165356945542,0.8436740446707224,0.8051948051948052,2.4791364669799805,20260302_042320_run24
tsfresh,WormsTwoClass,0.6883116883116883,0.6869047619047619,0.6864355840512923,0.6883116883116883,2.4544873237609863,20260302_042322_run24
tsfresh,Yoga,0.957,0.9570050171281304,0.9570153733084001,0.957,19.414923191070557,20260302_042342_run24
tsfresh,MiddlePhalanxOutlineCorrect,0.872852233676976,0.8715424768100761,0.8751020485656243,0.872852233676976,7.587638854980469,20260302_042349_run25
tsfresh,MiddlePhalanxTW,0.6168831168831169,0.5878464133041075,0.5665895972714154,0.6168831168831169,5.328954696655273,20260302_042355_run25
tsfresh,MixedShapesRegularTrain,0.9703092783505155,0.9703137394500319,0.9709105757138721,0.9703092783505155,19.37070918083191,20260302_042414_run25
tsfresh,MixedShapesSmallTrain,0.9439175257731959,0.9437550049145372,0.9440001544103803,0.9439175257731959,14.120900630950928,20260302_042428_run25
tsfresh,MoteStrain,0.8370607028753994,0.8364863222491746,0.856648361722701,0.8370607028753994,7.602330684661865,20260302_042436_run25
tsfresh,MotorImagery,0.51,0.5039983804028748,0.510508617065994,0.51,103.36658644676208,20260302_042619_run25
tsfresh,NATOPS,0.9388888888888889,0.9386463367222297,0.9392169098822324,0.9388888888888889,44.88723349571228,20260302_042704_run25
tsfresh,NonInvasiveFetalECGThorax1,0.9628498727735368,0.9631884971189993,0.9652191067248947,0.9628498727735368,382.1735439300537,20260302_043327_run25
tsfresh,NonInvasiveFetalECGThorax2,0.9720101781170484,0.9723835259881367,0.9738442251852305,0.9720101781170484,382.95039987564087,20260302_043950_run25
tsfresh,OSULeaf,0.9545454545454546,0.9550134560606461,0.958276372750057,0.9545454545454546,3.6801156997680664,20260302_043953_run25
tsfresh,OliveOil,0.8,0.7812929292929293,0.7773504273504274,0.8,1.3154144287109375,20260302_043955_run25
tsfresh,PhalangesOutlinesCorrect,0.8682983682983683,0.8667544849156409,0.8683226062905206,0.8682983682983683,24.31923222541809,20260302_044019_run25
tsfresh,Phoneme,0.3143459915611814,0.2785530979794521,0.3183752752580608,0.3143459915611814,113.0195689201355,20260302_044212_run25
tsfresh,PhonemeSpectra,0.280644199224575,0.27435266253187596,0.3336035837345321,0.280644199224575,883.3999018669128,20260302_045658_run25
tsfresh,PigAirwayPressure,0.18269230769230768,0.18183266009352966,0.23322087269455688,0.18269230769230768,25.34693193435669,20260302_045723_run25
tsfresh,Plane,1.0,1.0,1.0,1.0,2.2809202671051025,20260302_045725_run25
tsfresh,PowerCons,1.0,1.0,1.0,1.0,3.160973072052002,20260302_045729_run25
tsfresh,ProximalPhalanxOutlineAgeGroup,0.8390243902439024,0.8391852553221504,0.8427100141553123,0.8390243902439024,5.538838624954224,20260302_045734_run25
tsfresh,ProximalPhalanxOutlineCorrect,0.9106529209621993,0.9101046884705909,0.9099504003521068,0.9106529209621993,7.306793451309204,20260302_045741_run25
tsfresh,ProximalPhalanxTW,0.8048780487804879,0.7988946317358967,0.8230592930105125,0.8048780487804879,5.629222631454468,20260302_045747_run25
tsfresh,RacketSports,0.9144736842105263,0.9137997573095148,0.9242828710431541,0.9144736842105263,8.327205896377563,20260302_045755_run25
tsfresh,RefrigerationDevices,0.8106666666666666,0.8110718032369885,0.811791180963512,0.8106666666666666,5.947983980178833,20260302_045801_run25
tsfresh,Rock,0.9,0.9025310173697271,0.9141176470588235,0.9,1.33699369430542,20260302_045803_run25
tsfresh,ScreenType,0.76,0.7589871326177493,0.7661308384359563,0.76,5.839433908462524,20260302_045809_run25
tsfresh,SelfRegulationSCP1,0.89419795221843,0.8939731384618045,0.8972962482999306,0.89419795221843,7.261078834533691,20260302_045816_run25
tsfresh,SelfRegulationSCP2,0.5222222222222223,0.5216907675194661,0.5223214285714286,0.5222222222222223,6.764968156814575,20260302_045823_run25
tsfresh,PigArtPressure,0.6153846153846154,0.5806816675029345,0.6199205175166713,0.6153846153846154,25.404692888259888,20260302_045848_run25
tsfresh,PigCVP,0.3798076923076923,0.3542402300142238,0.4277317234048003,0.3798076923076923,25.255866289138794,20260302_045913_run25
tsfresh,SemgHandGenderCh2,0.9816666666666667,0.9816962859516051,0.9817793063289296,0.9816666666666667,6.20692777633667,20260302_045920_run25
tsfresh,SemgHandMovementCh2,0.9266666666666666,0.9266505472706902,0.9275838012841464,0.9266666666666666,7.061093091964722,20260302_045927_run25
tsfresh,SemgHandSubjectCh2,0.9777777777777777,0.9778143358334104,0.9778993291352842,0.9777777777777777,6.913775444030762,20260302_045934_run25
tsfresh,ShapeletSim,1.0,1.0,1.0,1.0,2.008286714553833,20260302_045936_run25
tsfresh,ShapesAll,0.885,0.882050133720345,0.8958675121175123,0.885,112.01913189888,20260302_050128_run25
tsfresh,SmallKitchenAppliances,0.8346666666666667,0.8349537821125156,0.8353685980509267,0.8346666666666667,5.956161737442017,20260302_050134_run25
tsfresh,SmoothSubspace,1.0,1.0,1.0,1.0,2.1434457302093506,20260302_050136_run25
tsfresh,SonyAIBORobotSurface1,0.9667221297836939,0.9668150043428668,0.9679656246681063,0.9667221297836939,3.6742610931396484,20260302_050139_run25
tsfresh,SonyAIBORobotSurface2,0.9622245540398741,0.9621845156300457,0.962180325096092,0.9622245540398741,4.783724546432495,20260302_050144_run25
tsfresh,StandWalkJump,0.4,0.39444444444444443,0.40634920634920635,0.4,1.9207489490509033,20260302_050146_run25
tsfresh,StarLightCurves,0.9822729480330258,0.9820849911085408,0.9821586543033053,0.9822729480330258,65.84848761558533,20260302_050252_run25
tsfresh,Strawberry,0.9837837837837838,0.9838105355760254,0.9838993306486351,0.9837837837837838,7.926574230194092,20260302_050300_run25
tsfresh,SwedishLeaf,0.976,0.9757874348518498,0.9768202823479724,0.976,101.19963693618774,20260302_050441_run25
tsfresh,Symbols,0.9758793969849247,0.9759100376998012,0.9768327589653286,0.9758793969849247,5.500042676925659,20260302_050447_run25
tsfresh,SyntheticControl,1.0,1.0,1.0,1.0,4.564328193664551,20260302_050451_run25
tsfresh,ToeSegmentation1,0.8947368421052632,0.8945167797542637,0.895547692761315,0.8947368421052632,2.2623307704925537,20260302_050454_run25
tsfresh,ToeSegmentation2,0.9692307692307692,0.9687056543618916,0.968958818958819,0.9692307692307692,1.9284477233886719,20260302_050456_run25
tsfresh,Trace,1.0,1.0,1.0,1.0,2.0704915523529053,20260302_050458_run25
tsfresh,TwoLeadECG,0.9631255487269534,0.9630855430180308,0.9651986492302791,0.9631255487269534,5.8398756980896,20260302_050504_run25
tsfresh,TwoPatterns,1.0,1.0,1.0,1.0,38.10778093338013,20260302_050542_run25
tsfresh,UMD,0.9861111111111112,0.9861103575088924,0.9862528344671202,0.9861111111111112,1.8939077854156494,20260302_050544_run25
tsfresh,UWaveGestureLibrary,0.9375,0.9373969373043203,0.9402755593889314,0.9375,4.674319744110107,20260302_050548_run25
tsfresh,UWaveGestureLibraryAll,0.9804578447794529,0.9804166344519606,0.9805701418854762,0.9804578447794529,32.235212087631226,20260302_050621_run25
tsfresh,UWaveGestureLibraryX,0.8774427694025684,0.8785114693687471,0.8803180588441544,0.8774427694025684,32.00902795791626,20260302_050653_run25
tsfresh,UWaveGestureLibraryY,0.8059743160245673,0.8040504474361554,0.8065145410812714,0.8059743160245673,32.0799663066864,20260302_050725_run25
tsfresh,UWaveGestureLibraryZ,0.8221663874930206,0.8206160006152634,0.8200460975064816,0.8221663874930206,32.180399656295776,20260302_050757_run25
tsfresh,Wafer,1.0,1.0,1.0,1.0,51.861276388168335,20260302_050849_run25
tsfresh,Wine,0.9074074074074074,0.9073756432246998,0.907967032967033,0.9074074074074074,1.5510056018829346,20260302_050851_run25
tsfresh,WordSynonyms,0.670846394984326,0.637958347288694,0.6775779024932229,0.670846394984326,57.343050718307495,20260302_050948_run25
tsfresh,Worms,0.8051948051948052,0.8067530880686364,0.8241723262731666,0.8051948051948052,2.482513666152954,20260302_050950_run25
tsfresh,WormsTwoClass,0.7012987012987013,0.6945839174206704,0.7000646412411119,0.7012987012987013,2.469230890274048,20260302_050953_run25
tsfresh,Yoga,0.9503333333333334,0.9502941874975045,0.9504339895126037,0.9503333333333334,19.359813451766968,20260302_051012_run25
tsfresh,MiddlePhalanxOutlineCorrect,0.8281786941580757,0.8240250559838189,0.8366103376200092,0.8281786941580757,7.4577696323394775,20260302_051020_run26
tsfresh,MiddlePhalanxTW,0.5584415584415584,0.5118180717245592,0.4954135954135954,0.5584415584415584,5.350353717803955,20260302_051025_run26
tsfresh,MixedShapesRegularTrain,0.9781443298969072,0.978118175780895,0.9782367148489203,0.9781443298969072,19.355669260025024,20260302_051045_run26
tsfresh,MixedShapesSmallTrain,0.945979381443299,0.9461326607110971,0.9466822062582,0.945979381443299,14.143386363983154,20260302_051059_run26
tsfresh,MoteStrain,0.9057507987220448,0.9057940918783507,0.9152389275993609,0.9057507987220448,7.608267307281494,20260302_051106_run26
tsfresh,MotorImagery,0.54,0.5398159263705482,0.5400641025641025,0.54,106.73173499107361,20260302_051253_run26
tsfresh,NATOPS,0.9555555555555556,0.9558739716522946,0.958242556281772,0.9555555555555556,44.107239723205566,20260302_051338_run26
tsfresh,NonInvasiveFetalECGThorax1,0.9597964376590331,0.9594458775051328,0.9608692103214099,0.9597964376590331,383.6932032108307,20260302_052001_run26
tsfresh,NonInvasiveFetalECGThorax2,0.9689567430025445,0.969106868829911,0.9698948138191296,0.9689567430025445,383.72205352783203,20260302_052625_run26
tsfresh,OSULeaf,0.9504132231404959,0.9501047081260986,0.9503942731667019,0.9504132231404959,3.591364860534668,20260302_052629_run26
tsfresh,OliveOil,0.9333333333333333,0.9333333333333333,0.9333333333333333,0.9333333333333333,1.3932318687438965,20260302_052630_run26
tsfresh,PhalangesOutlinesCorrect,0.8706293706293706,0.869112812616249,0.8707182432672629,0.8706293706293706,24.27435874938965,20260302_052654_run26
tsfresh,Phoneme,0.35232067510548526,0.2901095224754674,0.31297299426826,0.35232067510548526,113.08816862106323,20260302_052848_run26
tsfresh,PhonemeSpectra,0.3247837757232329,0.3176433796417131,0.34174554478957664,0.3247837757232329,882.1124837398529,20260302_054332_run26
tsfresh,PigAirwayPressure,0.13942307692307693,0.12715660407968102,0.14007173382173382,0.13942307692307693,25.329132795333862,20260302_054357_run26
tsfresh,Plane,1.0,1.0,1.0,1.0,2.386634349822998,20260302_054400_run26
tsfresh,PowerCons,0.9888888888888889,0.9888888888888889,0.9888888888888889,0.9888888888888889,3.153543472290039,20260302_054403_run26
tsfresh,ProximalPhalanxOutlineAgeGroup,0.8439024390243902,0.8457273326008032,0.8573655551547866,0.8439024390243902,5.700190544128418,20260302_054409_run26
tsfresh,ProximalPhalanxOutlineCorrect,0.9106529209621993,0.9098105397241913,0.9098646675749904,0.9106529209621993,7.417910575866699,20260302_054416_run26
tsfresh,ProximalPhalanxTW,0.7804878048780488,0.7680002805273725,0.828804091266719,0.7804878048780488,5.575165033340454,20260302_054422_run26
tsfresh,RacketSports,0.9473684210526315,0.9473684210526315,0.9473684210526315,0.9473684210526315,8.514075756072998,20260302_054430_run26
tsfresh,RefrigerationDevices,0.8426666666666667,0.8429681341047541,0.8435129159560978,0.8426666666666667,5.842656135559082,20260302_054436_run26
tsfresh,Rock,0.86,0.8508865047995482,0.8691062801932367,0.86,1.349654197692871,20260302_054437_run26
tsfresh,ScreenType,0.752,0.7513536790092988,0.7551665815786093,0.752,5.941914319992065,20260302_054443_run26
tsfresh,SelfRegulationSCP1,0.931740614334471,0.9317310720158783,0.9320690231270436,0.931740614334471,7.339106798171997,20260302_054451_run26
tsfresh,SelfRegulationSCP2,0.4777777777777778,0.4771968854282536,0.47767857142857145,0.4777777777777778,6.590498924255371,20260302_054457_run26
tsfresh,PigArtPressure,0.6730769230769231,0.6646211638114471,0.7345238095238096,0.6730769230769231,25.449483633041382,20260302_054523_run26
tsfresh,PigCVP,0.47596153846153844,0.4684534089392389,0.5923305860805861,0.47596153846153844,25.24448800086975,20260302_054548_run26
tsfresh,SemgHandGenderCh2,0.9833333333333333,0.9833861047421479,0.9836516203703702,0.9833333333333333,6.20141077041626,20260302_054554_run26
tsfresh,SemgHandMovementCh2,0.9422222222222222,0.9422294869693267,0.9440501564414963,0.9422222222222222,6.9944188594818115,20260302_054601_run26
tsfresh,SemgHandSubjectCh2,0.9822222222222222,0.9823050910125659,0.9827021972884525,0.9822222222222222,7.081258773803711,20260302_054608_run26
tsfresh,ShapeletSim,1.0,1.0,1.0,1.0,2.0481553077697754,20260302_054610_run26
tsfresh,ShapesAll,0.9,0.8981595014979386,0.9065449827949831,0.9,112.36747097969055,20260302_054803_run26
tsfresh,SmallKitchenAppliances,0.8693333333333333,0.8692643795869602,0.8692708533384547,0.8693333333333333,6.097219944000244,20260302_054809_run26
tsfresh,SmoothSubspace,1.0,1.0,1.0,1.0,2.167590379714966,20260302_054811_run26
tsfresh,SonyAIBORobotSurface1,0.9384359400998337,0.9387151632388667,0.9433694975406435,0.9384359400998337,3.656240224838257,20260302_054815_run26
tsfresh,SonyAIBORobotSurface2,0.9370409233997902,0.9369741927167429,0.9369422527898604,0.9370409233997902,4.7906622886657715,20260302_054819_run26
tsfresh,StandWalkJump,0.5333333333333333,0.4329004329004329,0.37037037037037035,0.5333333333333333,1.9492764472961426,20260302_054821_run26
tsfresh,StarLightCurves,0.9819086935405537,0.9816310533542882,0.9819176496938795,0.9819086935405537,65.6959445476532,20260302_054927_run26
tsfresh,Strawberry,0.9891891891891892,0.9892070237173501,0.9892873014679238,0.9891891891891892,7.977115631103516,20260302_054935_run26
tsfresh,SwedishLeaf,0.9824,0.9822703143096873,0.9841846089741921,0.9824,100.68453788757324,20260302_055116_run26
tsfresh,Symbols,0.9698492462311558,0.9698771855168408,0.9701056723737885,0.9698492462311558,5.504961729049683,20260302_055121_run26
tsfresh,SyntheticControl,1.0,1.0,1.0,1.0,4.717029571533203,20260302_055126_run26
tsfresh,ToeSegmentation1,0.8903508771929824,0.8902555467088867,0.8904700776331071,0.8903508771929824,2.254176378250122,20260302_055128_run26
tsfresh,ToeSegmentation2,0.9461538461538461,0.9480434432034104,0.9537305985240434,0.9461538461538461,1.923964023590088,20260302_055130_run26
tsfresh,Trace,1.0,1.0,1.0,1.0,2.072829484939575,20260302_055132_run26
tsfresh,TwoLeadECG,0.961369622475856,0.9613695629217329,0.9613754317456922,0.961369622475856,5.826808929443359,20260302_055138_run26
tsfresh,TwoPatterns,1.0,1.0,1.0,1.0,38.35749340057373,20260302_055217_run26
tsfresh,UMD,0.9791666666666666,0.9791620969510859,0.9795918367346937,0.9791666666666666,1.8910892009735107,20260302_055219_run26
tsfresh,UWaveGestureLibrary,0.915625,0.9140736903965101,0.9151800879273676,0.915625,4.671618461608887,20260302_055223_run26
tsfresh,UWaveGestureLibraryAll,0.9812953657174762,0.981279562027407,0.9813476295672834,0.9812953657174762,32.280980587005615,20260302_055256_run26
tsfresh,UWaveGestureLibraryX,0.8763260748185371,0.8759322212030269,0.8768279122858357,0.8763260748185371,32.48155236244202,20260302_055328_run26
tsfresh,UWaveGestureLibraryY,0.7900614182021217,0.7877681786009088,0.7891208089226133,0.7900614182021217,32.07892298698425,20260302_055400_run26
tsfresh,UWaveGestureLibraryZ,0.809324399776661,0.8076820691384827,0.810868669344781,0.809324399776661,32.12606501579285,20260302_055433_run26
tsfresh,Wafer,1.0,1.0,1.0,1.0,51.71264147758484,20260302_055524_run26
tsfresh,Wine,0.9814814814814815,0.98147512864494,0.9821428571428571,0.9814814814814815,1.5506718158721924,20260302_055526_run26
tsfresh,WordSynonyms,0.7037617554858934,0.6748081868812711,0.6839694533848071,0.7037617554858934,57.197659969329834,20260302_055623_run26
tsfresh,Worms,0.7402597402597403,0.7274498229043684,0.7649969078540507,0.7402597402597403,2.458873987197876,20260302_055626_run26
tsfresh,WormsTwoClass,0.8051948051948052,0.8024476845206618,0.8068513119533528,0.8051948051948052,2.4448020458221436,20260302_055628_run26
tsfresh,Yoga,0.9453333333333334,0.9452984184758683,0.9453853424571439,0.9453333333333334,19.378159523010254,20260302_055647_run26
tsfresh,MiddlePhalanxOutlineCorrect,0.8762886597938144,0.8762886597938144,0.8762886597938144,0.8762886597938144,7.480571746826172,20260302_055655_run27
tsfresh,MiddlePhalanxTW,0.5844155844155844,0.5269138509641181,0.5868329089345878,0.5844155844155844,5.175552845001221,20260302_055700_run27
tsfresh,MixedShapesRegularTrain,0.962061855670103,0.962315310148668,0.9633910727582673,0.962061855670103,19.323302507400513,20260302_055720_run27
tsfresh,MixedShapesSmallTrain,0.9303092783505155,0.9306651898126851,0.9345290395215442,0.9303092783505155,14.215715169906616,20260302_055734_run27
tsfresh,MoteStrain,0.8642172523961661,0.8629582856384221,0.8690108405335426,0.8642172523961661,7.676746368408203,20260302_055741_run27
tsfresh,MotorImagery,0.5,0.49919871794871795,0.5,0.5,105.38612222671509,20260302_055927_run27
tsfresh,NATOPS,0.9666666666666667,0.9666295884315906,0.9672619047619048,0.9666666666666667,44.465864419937134,20260302_060012_run27
tsfresh,NonInvasiveFetalECGThorax1,0.9587786259541985,0.9584559662573311,0.9596607604804734,0.9587786259541985,383.46643018722534,20260302_060635_run27
tsfresh,NonInvasiveFetalECGThorax2,0.971501272264631,0.9714215573920876,0.9729905927508385,0.971501272264631,382.71070313453674,20260302_061258_run27
tsfresh,OSULeaf,0.9421487603305785,0.9425498926464929,0.9440921896766054,0.9421487603305785,3.643332004547119,20260302_061302_run27
tsfresh,OliveOil,0.8666666666666667,0.8643722943722943,0.8843434343434343,0.8666666666666667,1.3066730499267578,20260302_061303_run27
tsfresh,PhalangesOutlinesCorrect,0.8694638694638694,0.8680858898524366,0.8693034564002307,0.8694638694638694,24.234258890151978,20260302_061327_run27
tsfresh,Phoneme,0.33649789029535865,0.2751050954837023,0.3189636448652541,0.33649789029535865,113.04743933677673,20260302_061520_run27
tsfresh,PhonemeSpectra,0.33462570832090666,0.3203325787248898,0.33583079504412044,0.33462570832090666,882.7941772937775,20260302_063005_run27
tsfresh,PigAirwayPressure,0.1971153846153846,0.1706433971928063,0.2066744730471957,0.1971153846153846,25.319754362106323,20260302_063031_run27
tsfresh,Plane,1.0,1.0,1.0,1.0,2.355908155441284,20260302_063033_run27
tsfresh,PowerCons,1.0,1.0,1.0,1.0,3.023012399673462,20260302_063036_run27
tsfresh,ProximalPhalanxOutlineAgeGroup,0.8,0.8079684665980633,0.8200902538502582,0.8,5.444576263427734,20260302_063042_run27
tsfresh,ProximalPhalanxOutlineCorrect,0.9106529209621993,0.9077417919099077,0.9135804529885009,0.9106529209621993,7.394625902175903,20260302_063049_run27
tsfresh,ProximalPhalanxTW,0.8097560975609757,0.7964310966538558,0.7951984434062906,0.8097560975609757,5.53617000579834,20260302_063054_run27
tsfresh,RacketSports,0.9276315789473685,0.9276315789473685,0.9288708690330477,0.9276315789473685,8.49783444404602,20260302_063103_run27
tsfresh,RefrigerationDevices,0.864,0.86336334601125,0.8662891986062718,0.864,5.914318799972534,20260302_063109_run27
tsfresh,Rock,0.9,0.8994164408310749,0.9031958041958041,0.9,1.3246243000030518,20260302_063110_run27
tsfresh,ScreenType,0.776,0.7759656564335863,0.7774104285969321,0.776,5.747851848602295,20260302_063116_run27
tsfresh,SelfRegulationSCP1,0.9215017064846417,0.9214907319233169,0.9216730709563474,0.9215017064846417,7.236367464065552,20260302_063123_run27
tsfresh,SelfRegulationSCP2,0.6055555555555555,0.6049581156687583,0.606197987827599,0.6055555555555555,6.524361610412598,20260302_063130_run27
tsfresh,PigArtPressure,0.625,0.6231571223457633,0.7385475753247636,0.625,25.264114141464233,20260302_063155_run27
tsfresh,PigCVP,0.3557692307692308,0.31421958939859923,0.3648795326120907,0.3557692307692308,25.171045780181885,20260302_063220_run27
tsfresh,SemgHandGenderCh2,0.9833333333333333,0.9833861047421479,0.9836516203703702,0.9833333333333333,6.061683893203735,20260302_063226_run27
tsfresh,SemgHandMovementCh2,0.9422222222222222,0.9422967019148715,0.9433663040408952,0.9422222222222222,6.937828063964844,20260302_063233_run27
tsfresh,SemgHandSubjectCh2,0.9866666666666667,0.9867140819957396,0.9869528562533274,0.9866666666666667,7.113893985748291,20260302_063240_run27
tsfresh,ShapeletSim,1.0,1.0,1.0,1.0,1.9233529567718506,20260302_063242_run27
tsfresh,ShapesAll,0.8983333333333333,0.8963225166173072,0.9086554649054648,0.8983333333333333,113.39377689361572,20260302_063436_run27
tsfresh,SmallKitchenAppliances,0.8586666666666667,0.8590480484923637,0.860372150997151,0.8586666666666667,6.047236442565918,20260302_063442_run27
tsfresh,SmoothSubspace,0.9933333333333333,0.9933326665999933,0.9934640522875816,0.9933333333333333,2.257223606109619,20260302_063444_run27
tsfresh,SonyAIBORobotSurface1,0.9484193011647255,0.948571306726812,0.9499132822049912,0.9484193011647255,3.55735445022583,20260302_063448_run27
tsfresh,SonyAIBORobotSurface2,0.9202518363064008,0.9211540883714743,0.9298988880440331,0.9202518363064008,4.790701389312744,20260302_063453_run27
tsfresh,StandWalkJump,0.4666666666666667,0.4666666666666667,0.4666666666666667,0.4666666666666667,2.0418548583984375,20260302_063455_run27
tsfresh,StarLightCurves,0.9800874210781932,0.9797283077227816,0.9801175721320771,0.9800874210781932,65.70683979988098,20260302_063600_run27
tsfresh,Strawberry,0.9837837837837838,0.9838360875421337,0.9841350400173929,0.9837837837837838,7.9703593254089355,20260302_063608_run27
tsfresh,SwedishLeaf,0.9824,0.9823605294614121,0.9824327813579139,0.9824,100.97734141349792,20260302_063749_run27
tsfresh,Symbols,0.9175879396984925,0.9157221870519904,0.9369761605427916,0.9175879396984925,5.498665809631348,20260302_063755_run27
tsfresh,SyntheticControl,1.0,1.0,1.0,1.0,4.746170997619629,20260302_063800_run27
tsfresh,ToeSegmentation1,0.8947368421052632,0.8944103434765573,0.8963157894736843,0.8947368421052632,2.3642737865448,20260302_063802_run27
tsfresh,ToeSegmentation2,0.9,0.9056779880736323,0.9216494845360824,0.9,1.8356070518493652,20260302_063804_run27
tsfresh,Trace,1.0,1.0,1.0,1.0,2.0732851028442383,20260302_063806_run27
tsfresh,TwoLeadECG,0.990342405618964,0.990342405618964,0.9903439323701213,0.990342405618964,5.943316459655762,20260302_063812_run27
tsfresh,TwoPatterns,1.0,1.0,1.0,1.0,38.32566237449646,20260302_063850_run27
tsfresh,UMD,0.9930555555555556,0.993054801953337,0.9931972789115646,0.9930555555555556,1.883979082107544,20260302_063852_run27
tsfresh,UWaveGestureLibrary,0.909375,0.9096010951663989,0.9131961788211788,0.909375,4.719170093536377,20260302_063857_run27
tsfresh,UWaveGestureLibraryAll,0.9804578447794529,0.9804611342101928,0.9806352857208579,0.9804578447794529,32.13482999801636,20260302_063929_run27
tsfresh,UWaveGestureLibraryX,0.88107202680067,0.8813723654186341,0.8823380037993473,0.88107202680067,32.030585050582886,20260302_064001_run27
tsfresh,UWaveGestureLibraryY,0.8062534896705751,0.8053357326658671,0.8063994249845794,0.8062534896705751,32.038246154785156,20260302_064033_run27
tsfresh,UWaveGestureLibraryZ,0.8129536571747628,0.8089368294555047,0.81545779656254,0.8129536571747628,32.13351631164551,20260302_064106_run27
tsfresh,Wafer,1.0,1.0,1.0,1.0,51.711856842041016,20260302_064157_run27
tsfresh,Wine,0.8888888888888888,0.8888888888888888,0.8888888888888888,0.8888888888888888,1.5602655410766602,20260302_064159_run27
tsfresh,WordSynonyms,0.7084639498432602,0.6666422452326289,0.6997525913904565,0.7084639498432602,57.17891025543213,20260302_064256_run27
tsfresh,Worms,0.7142857142857143,0.7179316542670579,0.7329004329004328,0.7142857142857143,2.464367389678955,20260302_064259_run27
tsfresh,WormsTwoClass,0.7402597402597403,0.7390873015873016,0.7389300741334403,0.7402597402597403,2.575192451477051,20260302_064301_run27
tsfresh,Yoga,0.9583333333333334,0.9583323328242371,0.9583315462915308,0.9583333333333334,19.409053087234497,20260302_064321_run27
tsfresh,MiddlePhalanxOutlineCorrect,0.8625429553264605,0.8610035012452361,0.8649486961224405,0.8625429553264605,7.466371059417725,20260302_064328_run28
tsfresh,MiddlePhalanxTW,0.551948051948052,0.5115337662028602,0.4995819907791738,0.551948051948052,5.1835339069366455,20260302_064333_run28
tsfresh,MixedShapesRegularTrain,0.9678350515463917,0.9678362359710244,0.9683369790249083,0.9678350515463917,19.40568780899048,20260302_064353_run28
tsfresh,MixedShapesSmallTrain,0.9529896907216495,0.9529444030094344,0.952976911279636,0.9529896907216495,14.17092776298523,20260302_064407_run28
tsfresh,MoteStrain,0.9089456869009584,0.9090598978294306,0.9100839089202011,0.9089456869009584,7.6374852657318115,20260302_064415_run28
tsfresh,MotorImagery,0.5,0.49979991996798717,0.5,0.5,107.2122597694397,20260302_064602_run28
tsfresh,NATOPS,0.9555555555555556,0.9551066217732884,0.9606481481481483,0.9555555555555556,44.509363651275635,20260302_064647_run28
tsfresh,NonInvasiveFetalECGThorax1,0.9638676844783715,0.9638203366423765,0.9642161938459736,0.9638676844783715,380.96840262413025,20260302_065308_run28
tsfresh,NonInvasiveFetalECGThorax2,0.9755725190839695,0.9755282639774411,0.9765950757657065,0.9755725190839695,382.8301372528076,20260302_065931_run28
tsfresh,OSULeaf,0.9462809917355371,0.9462613309626392,0.9468329123155921,0.9462809917355371,3.7393786907196045,20260302_065934_run28
tsfresh,OliveOil,0.9,0.9010196078431373,0.9051282051282051,0.9,1.324317455291748,20260302_065936_run28
tsfresh,PhalangesOutlinesCorrect,0.8776223776223776,0.8760905133240932,0.878090521935541,0.8776223776223776,24.435614109039307,20260302_070000_run28
tsfresh,Phoneme,0.274789029535865,0.20912629477605307,0.27552516693061896,0.274789029535865,113.16157793998718,20260302_070153_run28
tsfresh,PhonemeSpectra,0.32090665076051295,0.3050708691971884,0.3507964178516769,0.32090665076051295,880.8716223239899,20260302_071636_run28
tsfresh,PigAirwayPressure,0.15384615384615385,0.13867929251614114,0.17881054131054133,0.15384615384615385,25.367648363113403,20260302_071702_run28
tsfresh,Plane,1.0,1.0,1.0,1.0,2.2736947536468506,20260302_071704_run28
tsfresh,PowerCons,1.0,1.0,1.0,1.0,3.117745876312256,20260302_071707_run28
tsfresh,ProximalPhalanxOutlineAgeGroup,0.824390243902439,0.8302203478291972,0.8446116214408897,0.824390243902439,5.34051775932312,20260302_071713_run28
tsfresh,ProximalPhalanxOutlineCorrect,0.9106529209621993,0.9095025723180717,0.9099651614219073,0.9106529209621993,7.2983176708221436,20260302_071720_run28
tsfresh,ProximalPhalanxTW,0.8048780487804879,0.8003647997591088,0.844651357718326,0.8048780487804879,5.726485729217529,20260302_071726_run28
tsfresh,RacketSports,0.9144736842105263,0.9144985284562167,0.9146570695030258,0.9144736842105263,8.37753939628601,20260302_071734_run28
tsfresh,RefrigerationDevices,0.8693333333333333,0.8695948631498156,0.8741371350067002,0.8693333333333333,5.938014030456543,20260302_071740_run28
tsfresh,Rock,0.88,0.8810757663389243,0.892,0.88,1.3475475311279297,20260302_071741_run28
tsfresh,ScreenType,0.7466666666666667,0.7457531962866876,0.7471939689627608,0.7466666666666667,5.837307453155518,20260302_071747_run28
tsfresh,SelfRegulationSCP1,0.9419795221843004,0.9419795221843004,0.942001467471836,0.9419795221843004,7.444596290588379,20260302_071755_run28
tsfresh,SelfRegulationSCP2,0.45,0.4461538461538461,0.4485714285714285,0.45,6.528691053390503,20260302_071801_run28
tsfresh,PigArtPressure,0.5961538461538461,0.5978520017993701,0.7802271870286576,0.5961538461538461,25.436667442321777,20260302_071827_run28
tsfresh,PigCVP,0.40384615384615385,0.413546872605577,0.5504051765844219,0.40384615384615385,25.196110248565674,20260302_071852_run28
tsfresh,SemgHandGenderCh2,0.9933333333333333,0.9933475977436297,0.9934579439252336,0.9933333333333333,6.155209064483643,20260302_071858_run28
tsfresh,SemgHandMovementCh2,0.9555555555555556,0.9553920699710223,0.9557604911304323,0.9555555555555556,6.932966232299805,20260302_071905_run28
tsfresh,SemgHandSubjectCh2,0.9888888888888889,0.9889006839231755,0.9890109890109892,0.9888888888888889,7.044139623641968,20260302_071912_run28
tsfresh,ShapeletSim,1.0,1.0,1.0,1.0,2.0172441005706787,20260302_071914_run28
tsfresh,ShapesAll,0.9083333333333333,0.9094451387678941,0.9281132756132757,0.9083333333333333,112.41484069824219,20260302_072107_run28
tsfresh,SmallKitchenAppliances,0.848,0.8473504628188724,0.8474011641634757,0.848,6.06318736076355,20260302_072113_run28
tsfresh,SmoothSubspace,0.9933333333333333,0.9933326665999933,0.9934640522875816,0.9933333333333333,2.160367250442505,20260302_072115_run28
tsfresh,SonyAIBORobotSurface1,0.9251247920133111,0.925501004327636,0.9353450598209335,0.9251247920133111,3.6487388610839844,20260302_072118_run28
tsfresh,SonyAIBORobotSurface2,0.9454354669464848,0.945942109164487,0.9509229510689574,0.9454354669464848,4.7849531173706055,20260302_072123_run28
tsfresh,StandWalkJump,0.4666666666666667,0.47777777777777775,0.5174603174603174,0.4666666666666667,1.910386085510254,20260302_072125_run28
tsfresh,StarLightCurves,0.9808159300631375,0.9805519821264994,0.9807331604348489,0.9808159300631375,65.8062002658844,20260302_072231_run28
tsfresh,Strawberry,0.9918918918918919,0.9918986553584369,0.9919211302289251,0.9918918918918919,7.924724340438843,20260302_072239_run28
tsfresh,SwedishLeaf,0.9696,0.9695275797008489,0.9699597331388595,0.9696,100.72857618331909,20260302_072420_run28
tsfresh,Symbols,0.9628140703517588,0.9629071273945595,0.9647814707881686,0.9628140703517588,5.402192831039429,20260302_072425_run28
tsfresh,SyntheticControl,1.0,1.0,1.0,1.0,4.723556280136108,20260302_072430_run28
tsfresh,ToeSegmentation1,0.8728070175438597,0.8724793212327839,0.8738146918711763,0.8728070175438597,2.265366554260254,20260302_072432_run28
tsfresh,ToeSegmentation2,0.9153846153846154,0.9209571438764458,0.9419780219780219,0.9153846153846154,1.9338316917419434,20260302_072434_run28
tsfresh,Trace,1.0,1.0,1.0,1.0,2.086320638656616,20260302_072436_run28
tsfresh,TwoLeadECG,0.9964881474978051,0.9964881420837939,0.9964942816103162,0.9964881474978051,5.826273202896118,20260302_072442_run28
tsfresh,TwoPatterns,1.0,1.0,1.0,1.0,38.273703813552856,20260302_072520_run28
tsfresh,UMD,0.9930555555555556,0.993054801953337,0.9931972789115646,0.9930555555555556,1.8807339668273926,20260302_072522_run28
tsfresh,UWaveGestureLibrary,0.9125,0.9107406606566937,0.9153437152060283,0.9125,4.630803823471069,20260302_072527_run28
tsfresh,UWaveGestureLibraryAll,0.9835287548855388,0.9835098749086439,0.983565192208649,0.9835287548855388,32.21740698814392,20260302_072559_run28
tsfresh,UWaveGestureLibraryX,0.871859296482412,0.8704947596530169,0.8694694967312049,0.871859296482412,31.9256911277771,20260302_072631_run28
tsfresh,UWaveGestureLibraryY,0.8020658849804578,0.7995011792793242,0.802370363900594,0.8020658849804578,32.1520619392395,20260302_072703_run28
tsfresh,UWaveGestureLibraryZ,0.8121161362367393,0.8093937076440617,0.8096224164467268,0.8121161362367393,32.10692262649536,20260302_072736_run28
tsfresh,Wafer,1.0,1.0,1.0,1.0,52.48682713508606,20260302_072828_run28
tsfresh,Wine,0.9444444444444444,0.9442724458204333,0.95,0.9444444444444444,1.5557928085327148,20260302_072830_run28
tsfresh,WordSynonyms,0.7021943573667712,0.6758263188848503,0.6985051692131587,0.7021943573667712,57.27879738807678,20260302_072927_run28
tsfresh,Worms,0.8311688311688312,0.8298453426272976,0.8372034419828539,0.8311688311688312,2.562372922897339,20260302_072930_run28
tsfresh,WormsTwoClass,0.6883116883116883,0.6798029556650246,0.6870329670329671,0.6883116883116883,2.651456117630005,20260302_072932_run28
tsfresh,Yoga,0.9533333333333334,0.9533216534016014,0.9533312763743503,0.9533333333333334,19.39654231071472,20260302_072952_run28
tsfresh,MiddlePhalanxOutlineCorrect,0.9072164948453608,0.9065690917329213,0.9086215159308954,0.9072164948453608,7.487536430358887,20260302_072959_run29
tsfresh,MiddlePhalanxTW,0.5974025974025974,0.5657265614162167,0.5717712608611376,0.5974025974025974,5.2057785987854,20260302_073004_run29
tsfresh,MixedShapesRegularTrain,0.9748453608247423,0.974854489651692,0.97498102597378,0.9748453608247423,19.36896586418152,20260302_073024_run29
tsfresh,MixedShapesSmallTrain,0.9352577319587629,0.9353697020850962,0.9376754249823304,0.9352577319587629,14.124577760696411,20260302_073038_run29
tsfresh,MoteStrain,0.8570287539936102,0.8572423533120824,0.8592936018509757,0.8570287539936102,7.640841245651245,20260302_073046_run29
tsfresh,MotorImagery,0.54,0.5392628205128206,0.5402576489533011,0.54,105.20364141464233,20260302_073231_run29
tsfresh,NATOPS,0.95,0.9503627550862894,0.9508960573476702,0.95,44.70151114463806,20260302_073316_run29
tsfresh,NonInvasiveFetalECGThorax1,0.9541984732824428,0.9538930069860472,0.955424208225202,0.9541984732824428,388.18593859672546,20260302_073944_run29
tsfresh,NonInvasiveFetalECGThorax2,0.9689567430025445,0.9689102266076527,0.9698116407835758,0.9689567430025445,382.77601408958435,20260302_074607_run29
tsfresh,OSULeaf,0.9504132231404959,0.9504969788495251,0.9519472076466945,0.9504132231404959,3.695319414138794,20260302_074611_run29
tsfresh,OliveOil,0.9,0.8977056277056277,0.9176767676767678,0.9,1.3036267757415771,20260302_074612_run29
tsfresh,PhalangesOutlinesCorrect,0.865967365967366,0.8620381611244555,0.8724205602335819,0.865967365967366,24.246026277542114,20260302_074636_run29
tsfresh,Phoneme,0.36075949367088606,0.300457334565293,0.368477634292373,0.36075949367088606,113.12779450416565,20260302_074830_run29
tsfresh,PhonemeSpectra,0.3241872949597375,0.3158615623619351,0.35303204449066955,0.3241872949597375,882.3327825069427,20260302_080314_run29
tsfresh,PigAirwayPressure,0.2548076923076923,0.23868284493284497,0.25913461538461535,0.2548076923076923,25.358994245529175,20260302_080339_run29
tsfresh,Plane,1.0,1.0,1.0,1.0,2.297516345977783,20260302_080342_run29
tsfresh,PowerCons,0.9888888888888889,0.9888875169774047,0.9891304347826086,0.9888888888888889,3.108846426010132,20260302_080345_run29
tsfresh,ProximalPhalanxOutlineAgeGroup,0.8439024390243902,0.8489539770055611,0.8654788495067918,0.8439024390243902,5.542460203170776,20260302_080350_run29
tsfresh,ProximalPhalanxOutlineCorrect,0.9140893470790378,0.9134224221218626,0.913377781495345,0.9140893470790378,7.504233121871948,20260302_080358_run29
tsfresh,ProximalPhalanxTW,0.8048780487804879,0.7956979648227854,0.817790530846485,0.8048780487804879,5.5907816886901855,20260302_080404_run29
tsfresh,RacketSports,0.9078947368421053,0.9077605508526561,0.9081563558017851,0.9078947368421053,8.57604193687439,20260302_080412_run29
tsfresh,RefrigerationDevices,0.832,0.8322816079407264,0.8329395841023748,0.832,6.128237009048462,20260302_080418_run29
tsfresh,Rock,0.84,0.8264355742296918,0.8766666666666666,0.84,1.3369293212890625,20260302_080420_run29
tsfresh,ScreenType,0.7546666666666667,0.7548167577048401,0.7588967219137535,0.7546666666666667,5.836334228515625,20260302_080425_run29
tsfresh,SelfRegulationSCP1,0.9351535836177475,0.9351112522157845,0.9361390812884908,0.9351535836177475,7.263176441192627,20260302_080433_run29
tsfresh,SelfRegulationSCP2,0.5555555555555556,0.5541795665634676,0.55625,0.5555555555555556,6.503391981124878,20260302_080439_run29
tsfresh,PigArtPressure,0.5,0.4921867662252278,0.6364994074552898,0.5,25.263946771621704,20260302_080505_run29
tsfresh,PigCVP,0.375,0.34579964256106427,0.3899343881994384,0.375,25.073001861572266,20260302_080530_run29
tsfresh,SemgHandGenderCh2,0.9883333333333333,0.9883268803535031,0.9883264601867375,0.9883333333333333,6.116117000579834,20260302_080536_run29
tsfresh,SemgHandMovementCh2,0.9422222222222222,0.9421658152029145,0.9445723282565388,0.9422222222222222,7.147421836853027,20260302_080543_run29
tsfresh,SemgHandSubjectCh2,0.9733333333333334,0.973223534267829,0.974037890524891,0.9733333333333334,7.046205043792725,20260302_080550_run29
tsfresh,ShapeletSim,1.0,1.0,1.0,1.0,2.014077663421631,20260302_080552_run29
tsfresh,ShapesAll,0.8933333333333333,0.8930588530861111,0.9025387575387573,0.8933333333333333,112.07903409004211,20260302_080744_run29
tsfresh,SmallKitchenAppliances,0.8266666666666667,0.8246850526438293,0.8257715585845926,0.8266666666666667,6.036320924758911,20260302_080750_run29
tsfresh,SmoothSubspace,1.0,1.0,1.0,1.0,2.1485445499420166,20260302_080752_run29
tsfresh,SonyAIBORobotSurface1,0.961730449251248,0.9618744804919371,0.96437719898035,0.961730449251248,3.6302032470703125,20260302_080756_run29
tsfresh,SonyAIBORobotSurface2,0.944386149003148,0.9445618511578777,0.9451025673891681,0.944386149003148,4.78375768661499,20260302_080801_run29
tsfresh,StandWalkJump,0.2,0.1878787878787879,0.17777777777777776,0.2,1.9283525943756104,20260302_080803_run29
tsfresh,StarLightCurves,0.9834871296745993,0.9832941697611722,0.9834372817572145,0.9834871296745993,66.3357150554657,20260302_080909_run29
tsfresh,Strawberry,0.9783783783783784,0.9784140474347003,0.9785113598293461,0.9783783783783784,7.941840648651123,20260302_080917_run29
tsfresh,SwedishLeaf,0.9808,0.9806788203308684,0.9813859684163521,0.9808,101.00336265563965,20260302_081058_run29
tsfresh,Symbols,0.9447236180904522,0.9445581233008202,0.9454702937774929,0.9447236180904522,5.515061616897583,20260302_081104_run29
tsfresh,SyntheticControl,1.0,1.0,1.0,1.0,4.656752347946167,20260302_081108_run29
tsfresh,ToeSegmentation1,0.9035087719298246,0.9035756404177457,0.9048938134810711,0.9035087719298246,2.365590810775757,20260302_081111_run29
tsfresh,ToeSegmentation2,0.9230769230769231,0.9270631329454858,0.939756671899529,0.9230769230769231,1.821955919265747,20260302_081113_run29
tsfresh,Trace,1.0,1.0,1.0,1.0,2.064992666244507,20260302_081115_run29
tsfresh,TwoLeadECG,0.9824407374890255,0.9824401689968161,0.9824941319678901,0.9824407374890255,5.967176914215088,20260302_081121_run29
tsfresh,TwoPatterns,1.0,1.0,1.0,1.0,38.16867971420288,20260302_081159_run29
tsfresh,UMD,0.9930555555555556,0.993054801953337,0.9931972789115646,0.9930555555555556,1.8831558227539062,20260302_081201_run29
tsfresh,UWaveGestureLibrary,0.928125,0.9278158021243227,0.9318778550382067,0.928125,4.646372079849243,20260302_081205_run29
tsfresh,UWaveGestureLibraryAll,0.9779452819653824,0.9779144944280505,0.978126803789792,0.9779452819653824,32.29114580154419,20260302_081238_run29
tsfresh,UWaveGestureLibraryX,0.8726968174204355,0.8720472970360796,0.8725191638301241,0.8726968174204355,32.02366280555725,20260302_081310_run29
tsfresh,UWaveGestureLibraryY,0.7967615857063093,0.7954614235292414,0.7990373280419959,0.7967615857063093,32.042503118515015,20260302_081342_run29
tsfresh,UWaveGestureLibraryZ,0.8224455611390284,0.8211984915685793,0.820844227810075,0.8224455611390284,32.15810227394104,20260302_081414_run29
tsfresh,Wafer,1.0,1.0,1.0,1.0,51.752471923828125,20260302_081506_run29
tsfresh,Wine,0.9259259259259259,0.9255172413793104,0.9354838709677419,0.9259259259259259,1.5710113048553467,20260302_081508_run29
tsfresh,WordSynonyms,0.6833855799373041,0.6491712446080175,0.6846564291135949,0.6833855799373041,57.3663854598999,20260302_081605_run29
tsfresh,Worms,0.7012987012987013,0.7039358879256578,0.7134817563388992,0.7012987012987013,2.4384829998016357,20260302_081607_run29
tsfresh,WormsTwoClass,0.7662337662337663,0.7620060790273556,0.7676190476190476,0.7662337662337663,2.7035510540008545,20260302_081610_run29
tsfresh,Yoga,0.9593333333333334,0.9593333333333334,0.9593333333333334,0.9593333333333334,19.467548608779907,20260302_081630_run29
tsfresh,MiddlePhalanxOutlineCorrect,0.8694158075601375,0.8679533261829742,0.8720238744829684,0.8694158075601375,7.564573526382446,20260302_081637_run30
tsfresh,MiddlePhalanxTW,0.5974025974025974,0.5591231793740782,0.553546068085876,0.5974025974025974,5.15442681312561,20260302_081642_run30
tsfresh,MixedShapesRegularTrain,0.9764948453608248,0.9765286119243387,0.9767473826348023,0.9764948453608248,19.440510988235474,20260302_081702_run30
tsfresh,MixedShapesSmallTrain,0.9509278350515464,0.9508343234646196,0.9510051480889207,0.9509278350515464,14.21961236000061,20260302_081716_run30
tsfresh,MoteStrain,0.8586261980830671,0.8584256586545265,0.8733962445436376,0.8586261980830671,7.544875144958496,20260302_081724_run30
tsfresh,MotorImagery,0.42,0.41976790716286516,0.4198717948717949,0.42,103.1638867855072,20260302_081907_run30
tsfresh,NATOPS,0.9277777777777778,0.9271732569391882,0.9272273425499231,0.9277777777777778,43.965097188949585,20260302_081951_run30
tsfresh,NonInvasiveFetalECGThorax1,0.9628498727735368,0.9624310809409172,0.9640935005131037,0.9628498727735368,388.5597484111786,20260302_082620_run30
tsfresh,NonInvasiveFetalECGThorax2,0.9704834605597964,0.9703743544859398,0.9708064614698844,0.9704834605597964,409.069607257843,20260302_083309_run30
tsfresh,OSULeaf,0.9504132231404959,0.9502462625403331,0.9508568470838467,0.9504132231404959,3.635721206665039,20260302_083313_run30
tsfresh,OliveOil,0.9333333333333333,0.9330320751373383,0.9433333333333334,0.9333333333333333,1.3285536766052246,20260302_083314_run30
tsfresh,PhalangesOutlinesCorrect,0.8601398601398601,0.8589766704410681,0.8594929390965196,0.8601398601398601,24.837889194488525,20260302_083339_run30
tsfresh,Phoneme,0.3280590717299578,0.2915832329719292,0.34241187758726244,0.3280590717299578,118.16212964057922,20260302_083537_run30
tsfresh,PhonemeSpectra,0.32120489114226064,0.31618736245162804,0.34149282854232077,0.32120489114226064,928.653817653656,20260302_085108_run30
tsfresh,PigAirwayPressure,0.1875,0.17188823292546698,0.2144009817701678,0.1875,25.726568698883057,20260302_085134_run30
tsfresh,Plane,1.0,1.0,1.0,1.0,2.276001214981079,20260302_085136_run30
tsfresh,PowerCons,1.0,1.0,1.0,1.0,3.247927188873291,20260302_085139_run30
tsfresh,ProximalPhalanxOutlineAgeGroup,0.824390243902439,0.8314544736731124,0.8434594132018958,0.824390243902439,5.590847969055176,20260302_085145_run30
tsfresh,ProximalPhalanxOutlineCorrect,0.9072164948453608,0.9067946412376531,0.9065920202584373,0.9072164948453608,7.4998414516448975,20260302_085152_run30
tsfresh,ProximalPhalanxTW,0.7707317073170732,0.755635066564461,0.7697474095283119,0.7707317073170732,5.530444860458374,20260302_085158_run30
tsfresh,RacketSports,0.9276315789473685,0.9274414970009294,0.9285012987816191,0.9276315789473685,8.49422025680542,20260302_085206_run30
tsfresh,RefrigerationDevices,0.8373333333333334,0.837371364466881,0.8387700287116792,0.8373333333333334,5.850162744522095,20260302_085212_run30
tsfresh,Rock,0.9,0.8987119873897794,0.9007802197802196,0.9,1.3475780487060547,20260302_085214_run30
tsfresh,ScreenType,0.776,0.7755430579319821,0.7802403689500464,0.776,5.736844062805176,20260302_085219_run30
tsfresh,SelfRegulationSCP1,0.9419795221843004,0.9419781704345697,0.9419987658601288,0.9419795221843004,7.34462833404541,20260302_085227_run30
tsfresh,SelfRegulationSCP2,0.5111111111111111,0.5095975232198142,0.51125,0.5111111111111111,6.710800409317017,20260302_085233_run30
tsfresh,PigArtPressure,0.5192307692307693,0.5078752296446468,0.6096849448657351,0.5192307692307693,25.560956716537476,20260302_085259_run30
tsfresh,PigCVP,0.35096153846153844,0.34091325341325346,0.4501791101055807,0.35096153846153844,25.457947969436646,20260302_085325_run30
tsfresh,SemgHandGenderCh2,0.98,0.9799777285576181,0.9799793956043955,0.98,6.18457293510437,20260302_085331_run30
tsfresh,SemgHandMovementCh2,0.9533333333333334,0.9536680073983241,0.9555785057302743,0.9533333333333334,7.364444732666016,20260302_085338_run30
tsfresh,SemgHandSubjectCh2,0.98,0.9800400730847658,0.9805734264238246,0.98,7.141417980194092,20260302_085345_run30
tsfresh,ShapeletSim,1.0,1.0,1.0,1.0,1.922497034072876,20260302_085347_run30
tsfresh,ShapesAll,0.9183333333333333,0.917431450633093,0.9240855440855442,0.9183333333333333,115.03767967224121,20260302_085542_run30
tsfresh,SmallKitchenAppliances,0.8506666666666667,0.8508831245269072,0.8514950166112957,0.8506666666666667,6.270358562469482,20260302_085549_run30
tsfresh,SmoothSubspace,0.9933333333333333,0.9933326665999933,0.9934640522875816,0.9933333333333333,2.409609317779541,20260302_085551_run30
tsfresh,SonyAIBORobotSurface1,0.9667221297836939,0.966843317850346,0.9691162211661619,0.9667221297836939,3.7124035358428955,20260302_085555_run30
tsfresh,SonyAIBORobotSurface2,0.9296956977964324,0.9300101469961617,0.9310873013549541,0.9296956977964324,5.0168468952178955,20260302_085600_run30
tsfresh,StandWalkJump,0.4666666666666667,0.4444444444444444,0.619047619047619,0.4666666666666667,1.9142241477966309,20260302_085602_run30
tsfresh,StarLightCurves,0.9837299660029141,0.9835784930897443,0.98364390360501,0.9837299660029141,69.51472759246826,20260302_085711_run30
tsfresh,Strawberry,0.9891891891891892,0.9891705433115252,0.9892151767151767,0.9891891891891892,8.311735153198242,20260302_085720_run30
tsfresh,SwedishLeaf,0.976,0.9758104512626189,0.9762890010239711,0.976,104.60222339630127,20260302_085904_run30
tsfresh,Symbols,0.9718592964824121,0.9718799609665474,0.971944648324918,0.9718592964824121,5.525315046310425,20260302_085910_run30
tsfresh,SyntheticControl,1.0,1.0,1.0,1.0,5.0031774044036865,20260302_085915_run30
tsfresh,ToeSegmentation1,0.8552631578947368,0.8545514987546604,0.8578943226485195,0.8552631578947368,2.291304111480713,20260302_085917_run30
tsfresh,ToeSegmentation2,0.8692307692307693,0.8788938386763578,0.9076207721369012,0.8692307692307693,1.9497573375701904,20260302_085919_run30
tsfresh,Trace,1.0,1.0,1.0,1.0,2.087891101837158,20260302_085921_run30
tsfresh,TwoLeadECG,0.9894644424934153,0.9894637115568303,0.9896155624108741,0.9894644424934153,7.216679334640503,20260302_085928_run30
tsfresh,TwoPatterns,1.0,1.0,1.0,1.0,38.72046208381653,20260302_090007_run30
tsfresh,UMD,0.9930555555555556,0.993054801953337,0.9931972789115646,0.9930555555555556,1.9164137840270996,20260302_090009_run30
tsfresh,UWaveGestureLibrary,0.9125,0.9119009498651597,0.9154693314577036,0.9125,4.768305778503418,20260302_090014_run30
tsfresh,UWaveGestureLibraryAll,0.9754327191513121,0.9753584622509786,0.9754510793949195,0.9754327191513121,32.91748023033142,20260302_090047_run30
tsfresh,UWaveGestureLibraryX,0.8648799553322166,0.8626028040888462,0.8657093292309807,0.8648799553322166,32.2229962348938,20260302_090119_run30
tsfresh,UWaveGestureLibraryY,0.7922948073701842,0.7905011074663664,0.7911471618244498,0.7922948073701842,32.16564679145813,20260302_090151_run30
tsfresh,UWaveGestureLibraryZ,0.821608040201005,0.8207653137319423,0.8204610490170117,0.821608040201005,32.11931276321411,20260302_090224_run30
tsfresh,Wafer,1.0,1.0,1.0,1.0,52.368695974349976,20260302_090316_run30
tsfresh,Wine,0.8888888888888888,0.8887362637362637,0.8910344827586206,0.8888888888888888,1.555971622467041,20260302_090318_run30
tsfresh,WordSynonyms,0.6802507836990596,0.648491386442927,0.6627458183249281,0.6802507836990596,66.99390077590942,20260302_090425_run30
tsfresh,Worms,0.7662337662337663,0.756374912984178,0.8007215007215007,0.7662337662337663,2.501251697540283,20260302_090427_run30
tsfresh,WormsTwoClass,0.7532467532467533,0.7476997578692494,0.755440637793579,0.7532467532467533,2.453956127166748,20260302_090430_run30
tsfresh,Yoga,0.9583333333333334,0.9583261322174407,0.9583294218517266,0.9583333333333334,19.419678926467896,20260302_090449_run30
tsfresh,EigenWorms,0.9770992366412213,0.9771315481239142,0.9779763880328103,0.9770992366412213,2.7145113945007324,20260302_111251_run1
tsfresh,EigenWorms,0.9236641221374046,0.9259115760401386,0.9340966921119593,0.9236641221374046,2.165178060531616,20260302_111253_run2
tsfresh,EigenWorms,0.9312977099236641,0.9328318281618225,0.9365615300729806,0.9312977099236641,2.1156349182128906,20260302_111255_run3
tsfresh,EigenWorms,0.9389312977099237,0.9401171040215021,0.9457470010905125,0.9389312977099237,2.20017147064209,20260302_111258_run4
tsfresh,EigenWorms,0.9312977099236641,0.9313322618469069,0.935424414432048,0.9312977099236641,2.136806011199951,20260302_111300_run5
tsfresh,EigenWorms,0.9389312977099237,0.9393145497707897,0.9424620296176884,0.9389312977099237,2.1207311153411865,20260302_111302_run6
tsfresh,EigenWorms,0.916030534351145,0.9135294007319152,0.9199987883193991,0.916030534351145,2.245938777923584,20260302_111304_run7
tsfresh,EigenWorms,0.9312977099236641,0.933968654308472,0.9418393311523082,0.9312977099236641,2.130152463912964,20260302_111306_run8
tsfresh,EigenWorms,0.9541984732824428,0.9528030004441744,0.9555679053770656,0.9541984732824428,2.210909366607666,20260302_111309_run9
tsfresh,EigenWorms,0.9465648854961832,0.9463787856109364,0.9480927093705056,0.9465648854961832,2.1498348712921143,20260302_111311_run10
tsfresh,EigenWorms,0.9541984732824428,0.955604389955535,0.9610949665765773,0.9541984732824428,2.112992286682129,20260302_111313_run11
tsfresh,EigenWorms,0.9847328244274809,0.9848575096561649,0.9856798484761523,0.9847328244274809,2.116877555847168,20260302_111315_run12
tsfresh,EigenWorms,0.9389312977099237,0.939251844056514,0.9415633984336274,0.9389312977099237,2.195359706878662,20260302_111317_run13
tsfresh,EigenWorms,0.9770992366412213,0.977021878603818,0.9776899309342059,0.9770992366412213,2.1307733058929443,20260302_111319_run14
tsfresh,EigenWorms,0.9312977099236641,0.9331755270552883,0.9457613499397348,0.9312977099236641,2.1349666118621826,20260302_111322_run15
tsfresh,EigenWorms,0.9694656488549618,0.9703715414337049,0.9736181792479502,0.9694656488549618,2.1995913982391357,20260302_111324_run16
tsfresh,EigenWorms,0.9465648854961832,0.9487099510246517,0.9574989858760187,0.9465648854961832,2.120945930480957,20260302_111326_run17
tsfresh,EigenWorms,0.9618320610687023,0.9612824570031575,0.9623313594307707,0.9618320610687023,2.1097562313079834,20260302_111328_run18
tsfresh,EigenWorms,0.9236641221374046,0.9267519825699179,0.9336384852530574,0.9236641221374046,2.205021381378174,20260302_111330_run19
tsfresh,EigenWorms,0.9389312977099237,0.9402540416065773,0.9458331254469556,0.9389312977099237,2.134953498840332,20260302_111332_run20
tsfresh,EigenWorms,0.9847328244274809,0.9847328244274809,0.9847328244274809,0.9847328244274809,2.136791229248047,20260302_111335_run21
tsfresh,EigenWorms,0.9465648854961832,0.9473415150623439,0.9498000199426097,0.9465648854961832,2.1200966835021973,20260302_111337_run22
tsfresh,EigenWorms,0.9923664122137404,0.9924126041367103,0.9926844783715014,0.9923664122137404,2.1959004402160645,20260302_111339_run23
tsfresh,EigenWorms,0.9618320610687023,0.9619891717399999,0.9646013473777374,0.9618320610687023,2.125077962875366,20260302_111341_run24
tsfresh,EigenWorms,0.9389312977099237,0.9370226739782195,0.94404933120499,0.9389312977099237,2.1216936111450195,20260302_111343_run25
tsfresh,EigenWorms,0.9465648854961832,0.9467337119147676,0.9491477103491706,0.9465648854961832,2.2050201892852783,20260302_111345_run26
tsfresh,EigenWorms,0.9312977099236641,0.9308342420937841,0.9314136350138236,0.9312977099236641,2.1169869899749756,20260302_111348_run27
tsfresh,EigenWorms,0.9389312977099237,0.9368653063705003,0.9427480916030533,0.9389312977099237,2.119401454925537,20260302_111350_run28
tsfresh,EigenWorms,0.9389312977099237,0.9397371942117758,0.9415651001992265,0.9389312977099237,2.1145708560943604,20260302_111352_run29
tsfresh,EigenWorms,0.916030534351145,0.91456811333893,0.9189278558345934,0.916030534351145,2.2092504501342773,20260302_111354_run30