model,dataset,mse,mae,rmse,r2,time,run
MiniRocket,Covid3Month,0.0016824447520810447,0.03052961633968803,0.041017615143753114,0.15510300580506997,12.396202564239502,20260223_152800_run1
MiniRocket,FloodModeling1,4.0484721320061976e-05,0.004231080452693673,0.006362760510978075,0.8860401380770401,0.6230502128601074,20260223_152801_run1
MiniRocket,FloodModeling2,4.7501335103827247e-05,0.0026274761275135025,0.0068921212339763185,0.8613411496812369,0.6069350242614746,20260223_152802_run1
MiniRocket,FloodModeling3,3.5199604096348926e-05,0.0036298417024463363,0.005932925424809326,0.9314811383168582,0.6255378723144531,20260223_152802_run1
MiniRocket,IEEEPPG,1524.475435105798,32.28724909472348,39.044531436627565,-0.5777962324162349,33.084659814834595,20260223_152838_run1
MiniRocket,HouseholdPowerConsumption2_nmv,930.5268778229959,23.47632347679701,30.504538643011728,0.6690062919722048,18.52614402770996,20260223_152858_run1
MiniRocket,HouseholdPowerConsumption1_nmv,15672.973036352301,74.21618659534445,125.1917450807053,0.9412268121222366,18.92650604248047,20260223_152918_run1
MiniRocket,AppliancesEnergy,5.912664866846463,1.9721539951528906,2.4315971843310034,0.4998707628453559,0.3606705665588379,20260223_152918_run1
MiniRocket,BenzeneConcentration_nmv,109.37452440376303,8.392395766061965,10.45822759380207,-0.7027160694100372,27.974029064178467,20260223_152949_run1
MiniRocket,LiveFuelMoistureContent,2106.3196580855947,34.428658078974784,45.89465827398211,-0.2452198207163434,26.187274932861328,20260223_153017_run1
MiniRocket,BIDMC32RR,38.4486447533614,4.198393222653587,6.200697118337695,-2.17220581670284,190.38302206993103,20260223_153338_run1
MiniRocket,BIDMC32SpO2,36.02312850554966,4.485531527446613,6.001927065997192,-0.6391609253154842,194.80719351768494,20260223_153703_run1
MiniRocket,BIDMC32HR,114.16963280231728,7.090141175653528,10.685019082917787,0.4225470601571536,191.18168139457703,20260223_154025_run1
MiniRocket,AcousticContaminationMadrid_nmv,17.457138532589816,2.9318419703497813,4.178174066813136,0.571027397447605,0.3482339382171631,20260223_154026_run1
MiniRocket,AluminiumConcentration,45176.15196379605,146.5193208623315,212.54682299153768,0.7980242606975949,2.7957520484924316,20260223_154029_run1
MiniRocket,BarCrawl6min,0.0016020877179878323,0.032402256196273405,0.04002608796757225,0.48172171573898115,0.7936005592346191,20260223_154030_run1
MiniRocket,BeijingIntAirportPM25Quality,2823.6297776496444,40.683745895124666,53.1378375326814,0.500863022647747,0.9064795970916748,20260223_154031_run1
MiniRocket,BinanceCoinSentiment,0.139889991779235,0.30104518959962706,0.37401870511945656,-0.06995137525350992,0.26442837715148926,20260223_154031_run1
MiniRocket,BitcoinSentiment,0.05028588244128168,0.16298312110611662,0.22424513916979713,0.32192499987485046,0.30750489234924316,20260223_154032_run1
MiniRocket,BoronConcentration,0.9061036943388998,0.5647855103541379,0.9518947916334556,-0.0818714869668764,2.8019356727600098,20260223_154035_run1
MiniRocket,CalciumConcentration,4741027.425977383,1350.451910288392,2177.390049113246,0.6137869775899277,2.5855674743652344,20260223_154038_run1
MiniRocket,CardanoSentiment,0.10342832134241724,0.22839952497591418,0.32160273839384085,-0.39473955042695974,0.08433032035827637,20260223_154038_run1
MiniRocket,ChilledWaterPredictor,2438030.4113444313,1208.4852920111168,1561.4193579382932,-8.424857809967548,0.9514625072479248,20260223_154039_run1
MiniRocket,CopperConcentration,2.921039067281061,0.8433948192825038,1.7091047560875434,0.3994257933556806,2.811021089553833,20260223_154042_run1
MiniRocket,Covid19Andalusia,0.00020689866121133428,0.009334839504317351,0.014383972372447547,0.7819310804429489,0.27916598320007324,20260223_154043_run1
MiniRocket,DailyOilGasPrices,1.8593832122166902,1.0062864261455542,1.3635920255768184,0.4255488850726241,0.2894606590270996,20260223_154043_run1
MiniRocket,DhakaHourlyAirQuality,17.02285918925813,2.9496433785623166,4.125876778244611,0.9958375280937001,1.0247232913970947,20260223_154044_run1
MiniRocket,ElectricityPredictor,300679.70247003646,287.50491151470214,548.3426870762812,-0.1385020720689274,1.4859960079193115,20260223_154046_run1
MiniRocket,EthereumSentiment,0.05735818715292967,0.18412607601435976,0.2394956933911958,0.2030128012320913,0.31080150604248047,20260223_154046_run1
MiniRocket,GasSensorArrayAcetone,0.03625327839098997,0.12407190604554752,0.19040293692847798,0.5938147342665869,6.014528036117554,20260223_154052_run1
MiniRocket,GasSensorArrayEthanol,11.286750960495898,0.4308854123519259,3.3595760090368394,-98.84848924232232,6.023658990859985,20260223_154059_run1
MiniRocket,HotwaterPredictor,1346305.7132588867,742.1145599975782,1160.3041468765364,0.22675294282423286,0.8083958625793457,20260223_154100_run1
MiniRocket,IronConcentration,3367.1151142437884,39.87791183827753,58.02684821911137,0.5113093913059319,1.8385913372039795,20260223_154102_run1
MiniRocket,LPGasMonitoringHomeActivity,1.638246909495956,0.9324953919934105,1.2799401976248561,0.04937433223514853,1.9970684051513672,20260223_154104_run1
MiniRocket,MadridPM10Quality_nmv,58.63332683296457,5.8216475756362716,7.657240157717699,0.6571168629951633,23.30047369003296,20260223_154128_run1
MiniRocket,MagnesiumConcentration,11505.992733903213,74.23386548696882,107.26599057438109,0.9416415583865222,12.797939538955688,20260223_154144_run1
MiniRocket,ManganeseConcentration,5680.438810198679,52.53920054922108,75.36868587283898,0.4952950240446431,1.8685410022735596,20260223_154146_run1
MiniRocket,MethaneMonitoringHomeActivity,0.28426348533839024,0.3502038040650438,0.5331636571807856,0.14539055799593925,1.9823029041290283,20260223_154148_run1
MiniRocket,MetroInterstateTrafficVolume,330657.97359460674,467.6534902392898,575.0286719761083,-0.1412053167257208,0.7117629051208496,20260223_154149_run1
MiniRocket,NaturalGasPricesSentiment,0.00294452870408497,0.04182044311261124,0.05426351171906376,0.6378500249044664,0.060785531997680664,20260223_154149_run1
MiniRocket,OccupancyDetectionLight,5986.917890323601,54.85096593599214,77.37517618928955,0.8508132943290113,0.416949987411499,20260223_154149_run1
MiniRocket,ParkingBirmingham_eq,0.019454750888465253,0.10526527421564431,0.13948028853019073,0.6434737649233185,1.012209415435791,20260223_154150_run1
MiniRocket,PhosphorusConcentration,207.858937277054,8.704493536806513,14.417313802406259,0.6912676970620474,12.96336054801941,20260223_154206_run1
MiniRocket,PotassiumConcentration,24575.134899312423,83.91681531667581,156.76458432730405,0.5965029704177488,13.015896797180176,20260223_154221_run1
MiniRocket,PrecipitationAndalusia_nmv,0.16432984877222384,0.25201342670046456,0.405376181801822,0.626588697533027,2.5403172969818115,20260223_154224_run1
MiniRocket,SierraNevadaMountainsSnow,1279.3572609519792,25.392500269896967,35.768103960819325,0.8432381259010551,0.4441065788269043,20260223_154224_run1
MiniRocket,SodiumConcentration,52939.25201817376,147.36441787394998,230.08531465126964,-24.9986139609017,1.829420804977417,20260223_154226_run1
MiniRocket,SolarRadiationAndalusia_nmv,0.4100443496914388,0.4862456571842962,0.640347054097572,0.3273517529957234,2.0895445346832275,20260223_154229_run1
MiniRocket,SteamPredictor,946554857.8858261,17869.69660141727,30766.131669188217,0.04895287539402171,0.690648078918457,20260223_154229_run1
MiniRocket,SulphurConcentration,102580.38248799593,69.2988871110698,320.28172362468,-0.09297915006403135,2.586109161376953,20260223_154232_run1
MiniRocket,WaveDataTension,255.5859292538958,13.094628361116335,15.987055052569746,0.2666382590963614,1.0898027420043945,20260223_154233_run1
MiniRocket,WindTurbinePower,8438.44391265072,67.93558632510741,91.86100322035853,0.9897463364312549,0.5329129695892334,20260223_154234_run1
MiniRocket,ZincConcentration,3.9107454588180413,0.8705669769444043,1.9775604817092298,0.11296779412069757,2.6160783767700195,20260223_154237_run1
MiniRocket,ElectricMotorTemperature,49.32627288399925,5.20982488776776,7.0232665394387,0.8656802400934624,537.0671513080597,20260223_155137_run1
MiniRocket,DailyTemperatureLatitude,9.323221116782502,2.2349734777649193,3.0533950148617364,0.979075538355806,503.4607138633728,20260223_160002_run1
MiniRocket,BeijingPM10Quality_nmv,9817.647345927311,61.82543067711194,99.08404183281641,0.46273852683950334,398.0881049633026,20260223_160641_run1
MiniRocket,BeijingPM25Quality_nmv,4619.851957498728,42.45355935103727,67.96949284420715,0.6356950826551723,373.1527740955353,20260223_161254_run1
MiniRocket,Covid3Month,0.0012033058256471266,0.02767792102624561,0.03468869881744091,0.24356470288008625,0.2617979049682617,20260223_161255_run2
MiniRocket,FloodModeling1,0.00019155125352756248,0.0051961866741573725,0.013840204244430878,0.6864987628127586,0.606053352355957,20260223_161255_run2
MiniRocket,FloodModeling2,2.3797810059287568e-05,0.0025518873008666104,0.00487829991485636,0.8985112471224752,0.630481481552124,20260223_161256_run2
MiniRocket,FloodModeling3,4.9710893899363123e-05,0.0037256078109212543,0.0070505952868791955,0.8876885941370504,0.5659058094024658,20260223_161257_run2
MiniRocket,IEEEPPG,39.7715613998077,4.712505988542618,6.306469804875601,0.9533892245696629,28.43947148323059,20260223_161328_run2
MiniRocket,HouseholdPowerConsumption2_nmv,769.5550565252676,20.409528108691962,27.740855367584963,0.677637865620282,19.047436475753784,20260223_161348_run2
MiniRocket,HouseholdPowerConsumption1_nmv,14318.280933185244,79.12800039734368,119.65901943934374,0.9616453979267608,18.884458541870117,20260223_161408_run2
MiniRocket,AppliancesEnergy,7.42302900816045,2.2153300953597133,2.724523629583794,0.6455879807687679,0.38834333419799805,20260223_161409_run2
MiniRocket,BenzeneConcentration_nmv,2.520928577302043,1.0937177827307112,1.5877432340596016,0.9545778814935815,27.75047516822815,20260223_161439_run2
MiniRocket,LiveFuelMoistureContent,1758.492847511963,31.85298602465027,41.93438741071536,-0.034605467414667856,26.389102697372437,20260223_161508_run2
MiniRocket,BIDMC32RR,0.13963554658478522,0.27341259834674597,0.3736783999441033,0.9850376378542306,189.88863325119019,20260223_161828_run2
MiniRocket,BIDMC32SpO2,0.016061563120107963,0.09581736785085812,0.12673422237149665,0.9984667647793042,190.19310998916626,20260223_162150_run2
MiniRocket,BIDMC32HR,0.1741039434826526,0.30189806110098716,0.41725764640405644,0.998936285964212,188.86243534088135,20260223_162510_run2
MiniRocket,AcousticContaminationMadrid_nmv,16.54603482754829,2.6733064303493563,4.067681751015963,0.579631813547128,0.3395709991455078,20260223_162510_run2
MiniRocket,AluminiumConcentration,57623.74281360757,159.90462714850793,240.04945909876065,0.7506630347507023,2.8072075843811035,20260223_162513_run2
MiniRocket,BarCrawl6min,0.0022324869527366527,0.034467515200837726,0.04724920055129666,0.24590228987106355,0.8072898387908936,20260223_162514_run2
MiniRocket,BeijingIntAirportPM25Quality,3168.4116529412213,41.23895771577864,56.288645861676414,0.3763349168498882,0.8594591617584229,20260223_162515_run2
MiniRocket,BinanceCoinSentiment,0.15801082649462134,0.32092347328912163,0.39750575655532505,-0.4563502001199984,0.2595391273498535,20260223_162516_run2
MiniRocket,BitcoinSentiment,0.03114292047474969,0.1361336951508461,0.17647356877093434,0.4065907741947662,0.3288235664367676,20260223_162516_run2
MiniRocket,BoronConcentration,15.730608199155913,0.6217842695713284,3.966183076858141,0.11711402518676128,2.8214290142059326,20260223_162519_run2
MiniRocket,CalciumConcentration,4777700.816397109,1401.3201205201412,2185.7952366123204,0.44082296671077725,2.5878961086273193,20260223_162522_run2
MiniRocket,CardanoSentiment,0.09643050215107671,0.22438844134124006,0.31053261044707803,-0.4882658265779696,0.11369776725769043,20260223_162522_run2
MiniRocket,ChilledWaterPredictor,4980423.577074308,1304.9716173413783,2231.6862631369822,-0.46946231757552903,0.948103666305542,20260223_162523_run2
MiniRocket,CopperConcentration,3.713358943945957,0.9589712610444943,1.9270077695603505,0.32024187315442254,2.803128242492676,20260223_162527_run2
MiniRocket,Covid19Andalusia,0.00022097517125145742,0.009820090277236371,0.014865233642679734,0.38068272831842576,0.2907834053039551,20260223_162527_run2
MiniRocket,DailyOilGasPrices,3.0166927636266707,1.251054119307602,1.7368629087025467,0.5247966710272218,0.2940654754638672,20260223_162527_run2
MiniRocket,DhakaHourlyAirQuality,26.4674254428403,3.2335444364500243,5.144650176915851,0.9934024979919363,0.9931859970092773,20260223_162528_run2
MiniRocket,ElectricityPredictor,252453.38799518638,259.8072713434415,502.4473982370556,-0.25395452148933306,1.522888422012329,20260223_162530_run2
MiniRocket,EthereumSentiment,0.07891221788942737,0.21984128669161979,0.2809131856809633,-0.004899964373610288,0.31937146186828613,20260223_162530_run2
MiniRocket,GasSensorArrayAcetone,0.03236005735649445,0.11232509775641336,0.17988901399611498,0.6803316730487265,6.062209129333496,20260223_162537_run2
MiniRocket,GasSensorArrayEthanol,0.04898166044549604,0.11119410195970317,0.22131800750389932,0.4524660544820478,6.003077268600464,20260223_162543_run2
MiniRocket,HotwaterPredictor,1078574.4481902507,713.8092692812451,1038.5443891284815,0.3896113969926356,0.7720048427581787,20260223_162544_run2
MiniRocket,IronConcentration,2971.3928096084082,37.46773076617317,54.510483483531935,0.4714927188592204,1.8027479648590088,20260223_162546_run2
MiniRocket,LPGasMonitoringHomeActivity,1.5407581265854697,0.9098868987556608,1.2412727849209737,0.09078603503807448,2.1805977821350098,20260223_162549_run2
MiniRocket,MadridPM10Quality_nmv,59.71871836289592,5.922518585681743,7.727788711067087,0.6327379338067993,23.4228253364563,20260223_162613_run2
MiniRocket,MagnesiumConcentration,26708.019296976985,80.36156561648787,163.42588319166885,0.8803211759887214,12.637706518173218,20260223_162628_run2
MiniRocket,ManganeseConcentration,5243.314031802008,54.67258618992641,72.41073146849166,0.5309391110343717,1.901461124420166,20260223_162630_run2
MiniRocket,MethaneMonitoringHomeActivity,0.2739747363970994,0.35405572750805797,0.5234259607595896,0.20390250595188342,1.948444128036499,20260223_162632_run2
MiniRocket,MetroInterstateTrafficVolume,363673.39132909285,477.87851181450594,603.0533901149158,-0.20576322738735087,0.7039456367492676,20260223_162633_run2
MiniRocket,NaturalGasPricesSentiment,0.002397885939840264,0.03561535435245076,0.048968213565947695,0.7264276235155196,0.060212135314941406,20260223_162633_run2
MiniRocket,OccupancyDetectionLight,7132.11928179115,54.99754927539314,84.45187553743936,0.8528831074848986,0.4045109748840332,20260223_162634_run2
MiniRocket,ParkingBirmingham_eq,0.019000307741459003,0.1023903123811328,0.13784160381198052,0.6071426068234775,0.9796695709228516,20260223_162635_run2
MiniRocket,PhosphorusConcentration,391.3164910727806,9.839947324332359,19.781721135249597,0.595431193952747,12.888211488723755,20260223_162650_run2
MiniRocket,PotassiumConcentration,80444.93371401008,93.84247846408392,283.62816100311704,0.4809812251369644,12.849634408950806,20260223_162705_run2
MiniRocket,PrecipitationAndalusia_nmv,0.1679635358598525,0.2719013059628852,0.4098335465281637,0.5735410818887472,2.5753173828125,20260223_162708_run2
MiniRocket,SierraNevadaMountainsSnow,2987.796172301923,32.505005438693686,54.66073702669882,0.7217745677842811,0.46660852432250977,20260223_162708_run2
MiniRocket,SodiumConcentration,127897.05724296764,206.04081923072036,357.62698058587193,-33.457463376282185,1.8277366161346436,20260223_162710_run2
MiniRocket,SolarRadiationAndalusia_nmv,0.34210850764006107,0.45915690907956286,0.5849004254059498,0.39697579140554917,2.0928292274475098,20260223_162713_run2
MiniRocket,SteamPredictor,950917159.6538043,19553.272597760162,30836.944719829236,-0.24524961697187408,0.7047955989837646,20260223_162713_run2
MiniRocket,SulphurConcentration,1963735.207208427,177.61531426607948,1401.3333676211478,-18.400967545249117,2.63555908203125,20260223_162716_run2
MiniRocket,WaveDataTension,249.63280980941227,12.499147983970564,15.799772460684752,0.26334071187145414,1.011216640472412,20260223_162717_run2
MiniRocket,WindTurbinePower,9740.063137644196,67.39623826992974,98.69175820525336,0.9873060810863593,0.5482330322265625,20260223_162718_run2
MiniRocket,ZincConcentration,2.0508070987254787,0.7633166154029867,1.4320639296922044,0.03400036309156795,2.575652599334717,20260223_162721_run2
MiniRocket,ElectricMotorTemperature,47.8553727742434,5.137283944603866,6.917757785167344,0.8671011524252425,495.8504934310913,20260223_163539_run2
MiniRocket,DailyTemperatureLatitude,9.1477701961521,2.205485999710443,3.0245280947863753,0.9796982272436461,588.0655515193939,20260223_164529_run2
MiniRocket,BeijingPM10Quality_nmv,7588.502416092471,57.62902929062514,87.11201074531841,0.5250846949146152,364.8970482349396,20260223_165135_run2
MiniRocket,BeijingPM25Quality_nmv,3133.2694508599025,38.68037094030093,55.97561478769038,0.7116887285987112,359.1842453479767,20260223_165735_run2
MiniRocket,Covid3Month,0.002914988742284698,0.030518497405830448,0.05399063569068897,-2.075675551448435,0.2582736015319824,20260223_165735_run3
MiniRocket,FloodModeling1,3.865953395695966e-05,0.004266958572615073,0.006217679145546162,0.8980840507404029,0.6160376071929932,20260223_165736_run3
MiniRocket,FloodModeling2,4.8518376599743203e-05,0.0026777796027430837,0.006965513376610744,0.7826240693106363,0.6029667854309082,20260223_165736_run3
MiniRocket,FloodModeling3,7.062415707688466e-05,0.0038870350512833253,0.008403818005935437,0.8036663544504739,0.5727674961090088,20260223_165737_run3
MiniRocket,IEEEPPG,36.494324743149384,4.57617430670701,6.041053280939457,0.9567547344248856,27.173709630966187,20260223_165807_run3
MiniRocket,HouseholdPowerConsumption2_nmv,719.0730266323081,20.419228076700403,26.81553703792464,0.717537978683664,18.19019627571106,20260223_165826_run3
MiniRocket,HouseholdPowerConsumption1_nmv,15394.558630884272,74.19230572944409,124.0748106219964,0.9574492510646015,18.18200421333313,20260223_165845_run3
MiniRocket,AppliancesEnergy,4.165948248246976,1.7191004860664914,2.0410654688781973,0.5830868936889039,0.3537144660949707,20260223_165846_run3
MiniRocket,BenzeneConcentration_nmv,2.1942864964219333,1.074621041299388,1.481312423637206,0.9610713673186979,27.345961093902588,20260223_165916_run3
MiniRocket,LiveFuelMoistureContent,1907.2250880515028,33.413780434839154,43.67178823968058,-0.07985224810364322,25.722785711288452,20260223_165943_run3
MiniRocket,BIDMC32RR,0.1463299864265116,0.27793366931608315,0.38253102675013384,0.984061708363821,186.8680717945099,20260223_170301_run3
MiniRocket,BIDMC32SpO2,0.014676904872194198,0.09168051049491628,0.12114827638969611,0.9986862674352022,189.55053901672363,20260223_170621_run3
MiniRocket,BIDMC32HR,0.1723312846477226,0.29648430648543284,0.4151280340421767,0.9990069106057583,189.4789843559265,20260223_170941_run3
MiniRocket,AcousticContaminationMadrid_nmv,13.234352487745078,2.753788540394689,3.6379049585915624,0.6782330892505437,0.3577239513397217,20260223_170942_run3
MiniRocket,AluminiumConcentration,54132.65948021561,154.68558388924822,232.6642634359983,0.7240940160084156,2.8410935401916504,20260223_170945_run3
MiniRocket,BarCrawl6min,0.0013636701879874108,0.028298152281629164,0.03692790527483804,0.4878607666702939,0.8175680637359619,20260223_170946_run3
MiniRocket,BeijingIntAirportPM25Quality,2539.1760158860893,38.79619576201037,50.3902373073008,0.49090331365532747,2.0747079849243164,20260223_170948_run3
MiniRocket,BinanceCoinSentiment,0.16629241987045248,0.3150762054928068,0.4077896760223982,-0.4128171888224148,0.31822896003723145,20260223_170948_run3
MiniRocket,BitcoinSentiment,0.030530488365953207,0.13029577621641458,0.17472975810076888,0.41404143825010364,0.4169454574584961,20260223_170949_run3
MiniRocket,BoronConcentration,1.4527065402716706,0.648241562884074,1.2052827636167667,-0.955499886218133,2.862485408782959,20260223_170952_run3
MiniRocket,CalciumConcentration,9431158.477640547,1442.7955689063394,3071.0191268763774,0.554537983147094,2.598273992538452,20260223_170955_run3
MiniRocket,CardanoSentiment,0.10702682755067744,0.26051528280355113,0.32714954921362405,-0.16883181150901883,0.08096504211425781,20260223_170955_run3
MiniRocket,ChilledWaterPredictor,4607676.591068896,1247.9750728113306,2146.5499274577555,-0.3248387070999086,0.9340031147003174,20260223_170956_run3
MiniRocket,CopperConcentration,4.399014571881829,0.9602628773268101,2.0973827909758938,0.14992846998047238,3.012845039367676,20260223_171000_run3
MiniRocket,Covid19Andalusia,7.644470980330111e-05,0.006680067063221544,0.008743266540790181,0.9349437002796961,0.2749936580657959,20260223_171000_run3
MiniRocket,DailyOilGasPrices,2.234948476158678,1.1136804606637853,1.4949744065229604,0.4134597219360887,0.3168056011199951,20260223_171001_run3
MiniRocket,DhakaHourlyAirQuality,23.778721463738133,3.1524928253799813,4.876343042048839,0.9940070342526057,1.1979098320007324,20260223_171002_run3
MiniRocket,ElectricityPredictor,352111.4452133333,321.7846200954473,593.3897919692698,-0.2028980041158508,1.5195133686065674,20260223_171003_run3
MiniRocket,EthereumSentiment,0.06890978430658244,0.20343490645866083,0.2625067319262164,0.1607082110514757,0.3878633975982666,20260223_171004_run3
MiniRocket,GasSensorArrayAcetone,0.027768136930421735,0.11544689573809282,0.16663774161462264,0.7095817144584609,6.118135690689087,20260223_171010_run3
MiniRocket,GasSensorArrayEthanol,0.021114370605226907,0.10058224922980148,0.14530784770695251,0.7865684382784608,5.957054615020752,20260223_171017_run3
MiniRocket,HotwaterPredictor,1271859.636618536,755.6486621647477,1127.7675454713776,0.41808043472413736,0.7693438529968262,20260223_171018_run3
MiniRocket,IronConcentration,3232.866922453508,39.584929922279855,56.85830565936263,0.46862653296159473,1.809312343597412,20260223_171020_run3
MiniRocket,LPGasMonitoringHomeActivity,1.6157753535157025,0.9154955136439945,1.2711315248689659,0.051197468031677684,1.9998493194580078,20260223_171022_run3
MiniRocket,MadridPM10Quality_nmv,57.88725494771248,5.78534213694308,7.608367429857241,0.6673587793994304,23.004303455352783,20260223_171046_run3
MiniRocket,MagnesiumConcentration,13687.74257256585,75.63704780028249,116.99462625507998,0.9374659700855377,13.042939186096191,20260223_171101_run3
MiniRocket,ManganeseConcentration,6482.648570117816,55.350428215699395,80.51489657273252,0.4810881677890475,1.8374171257019043,20260223_171103_run3
MiniRocket,MethaneMonitoringHomeActivity,0.2927553090743884,0.349926423265795,0.5410686731593213,0.19369281048829545,1.951711893081665,20260223_171105_run3
MiniRocket,MetroInterstateTrafficVolume,348282.0939083699,491.3312551722934,590.1542966956777,-0.2830243646425592,0.6955621242523193,20260223_171106_run3
MiniRocket,NaturalGasPricesSentiment,0.004565819333540698,0.05678217773290874,0.06757084677241139,0.1446202544236641,0.06834244728088379,20260223_171106_run3
MiniRocket,OccupancyDetectionLight,7151.752529504347,60.43286732072143,84.56803491570764,0.8455811336674037,0.4164578914642334,20260223_171107_run3
MiniRocket,ParkingBirmingham_eq,0.01902828033538056,0.10679649245090336,0.13794303293526847,0.6384262880129931,0.9536259174346924,20260223_171108_run3
MiniRocket,PhosphorusConcentration,327.3493450225084,9.665861311903175,18.092798153478316,0.48617356343179796,12.99171495437622,20260223_171123_run3
MiniRocket,PotassiumConcentration,17926.37402333736,81.58462360830852,133.88940967581178,0.7792434473331618,12.824384927749634,20260223_171138_run3
MiniRocket,PrecipitationAndalusia_nmv,0.1280320802620857,0.2394369807516296,0.3578157071204193,0.6494652445256879,2.4937829971313477,20260223_171140_run3
MiniRocket,SierraNevadaMountainsSnow,1550.636212733162,25.25017983844688,39.378118450900644,0.8408882977386786,0.4293661117553711,20260223_171141_run3
MiniRocket,SodiumConcentration,260868.4039648121,199.4450090001663,510.75278165156584,-0.5447761362864105,1.817016839981079,20260223_171143_run3
MiniRocket,SolarRadiationAndalusia_nmv,0.48052803024337876,0.524723260982478,0.6932012912880203,0.28493366672123244,2.079775810241699,20260223_171145_run3
MiniRocket,SteamPredictor,932042893.9002757,20744.038404589028,30529.37755507432,0.0017306963195684588,0.6929259300231934,20260223_171146_run3
MiniRocket,SulphurConcentration,61451.42399733871,77.79496869617395,247.8939773317188,-0.09038350440674647,2.557263135910034,20260223_171149_run3
MiniRocket,WaveDataTension,241.44175447359495,12.452638155135427,15.538396135817717,0.24063544436307926,1.0276694297790527,20260223_171150_run3
MiniRocket,WindTurbinePower,8097.038815553624,63.709035074575866,89.98354747148849,0.9891580875369331,0.5420899391174316,20260223_171151_run3
MiniRocket,ZincConcentration,3.1366212151664215,0.9510683559941,1.7710508787627817,0.1390452695237262,2.5960280895233154,20260223_171154_run3
MiniRocket,ElectricMotorTemperature,47.95555136624567,5.159623734803215,6.924994683481401,0.8688035018382692,489.14080476760864,20260223_172005_run3
MiniRocket,DailyTemperatureLatitude,9.570235564386175,2.25342213857956,3.093579732993183,0.9790304088725797,487.70103883743286,20260223_172815_run3
MiniRocket,BeijingPM10Quality_nmv,7161.498192964579,56.16829655174613,84.62563555427268,0.5802562776983937,391.6848587989807,20260223_173447_run3
MiniRocket,BeijingPM25Quality_nmv,3103.422377631918,36.78303656124278,55.70836900890133,0.7422682472115244,399.06456327438354,20260223_174127_run3
MiniRocket,Covid3Month,0.002280494473983949,0.03142596463411679,0.04775452307356811,-0.6733611891814764,0.28217124938964844,20260223_174127_run4
MiniRocket,FloodModeling1,0.00022706908004934822,0.005471919906905418,0.015068811500889784,0.6442979598305588,0.6241037845611572,20260223_174128_run4
MiniRocket,FloodModeling2,9.558083600598374e-06,0.0018979598726705275,0.0030916150472848933,0.9478991563416338,0.6175787448883057,20260223_174128_run4
MiniRocket,FloodModeling3,5.73182315400442e-05,0.0042270298361718524,0.007570880499654198,0.8504445128707182,0.6376886367797852,20260223_174129_run4
MiniRocket,IEEEPPG,49.37171239791792,4.957292371657229,7.026500722117512,0.943882810624769,27.72491955757141,20260223_174159_run4
MiniRocket,HouseholdPowerConsumption2_nmv,715.7131019529814,19.695910070053312,26.752814841675658,0.7026401980990316,18.422696352005005,20260223_174219_run4
MiniRocket,HouseholdPowerConsumption1_nmv,14792.774064586913,73.92302415186745,121.62554856849326,0.959423656834193,18.46123170852661,20260223_174239_run4
MiniRocket,AppliancesEnergy,4.337617961449613,1.7601229015683995,2.0826948795850084,0.7813802001635544,0.38410139083862305,20260223_174239_run4
MiniRocket,BenzeneConcentration_nmv,2.398378175432373,1.0851762128314602,1.5486698083944082,0.9575799461682631,31.51722550392151,20260223_174313_run4
MiniRocket,LiveFuelMoistureContent,1830.9966168783938,32.558742769673465,42.79014625913767,-0.07358047456967376,25.636624097824097,20260223_174340_run4
MiniRocket,BIDMC32RR,0.13783475697934972,0.2706754369493623,0.3712610361717881,0.9853036531302226,195.63622546195984,20260223_174706_run4
MiniRocket,BIDMC32SpO2,0.014896651426247862,0.0915987827998916,0.12205183909408274,0.9985731252218633,190.54167795181274,20260223_175027_run4
MiniRocket,BIDMC32HR,0.18297497269672824,0.3047736109106915,0.4277557395251737,0.9989537174389882,189.164715051651,20260223_175347_run4
MiniRocket,AcousticContaminationMadrid_nmv,19.06974486553057,3.441231583632108,4.36689189991355,0.5284618313766727,0.323986291885376,20260223_175347_run4
MiniRocket,AluminiumConcentration,57584.059164475955,165.84966766515026,239.96678762794645,0.7228921482241096,2.8566009998321533,20260223_175351_run4
MiniRocket,BarCrawl6min,0.0018742925029951668,0.03337150975703805,0.04329309994670244,0.45967004369025144,0.8205084800720215,20260223_175351_run4
MiniRocket,BeijingIntAirportPM25Quality,2898.803174408737,40.26746492252139,53.84053467796115,0.4966309662124929,0.840714693069458,20260223_175352_run4
MiniRocket,BinanceCoinSentiment,0.12345676285295605,0.2581561474110137,0.3513641456565482,-0.32664411433427976,0.26985692977905273,20260223_175353_run4
MiniRocket,BitcoinSentiment,0.047949811677606105,0.14505518310237495,0.21897445439504148,0.30384635553876715,0.29351377487182617,20260223_175353_run4
MiniRocket,BoronConcentration,15.669324237887816,0.6214909556357865,3.958449726583352,0.10161470756172353,2.7779150009155273,20260223_175356_run4
MiniRocket,CalciumConcentration,4202815.358139236,1369.7429904759158,2050.0769151764125,0.49490560747874,2.5392892360687256,20260223_175359_run4
MiniRocket,CardanoSentiment,0.0874200029964278,0.2364212436332953,0.29566873861879245,-0.26501382070815027,0.08251428604125977,20260223_175359_run4
MiniRocket,ChilledWaterPredictor,2151547.6957210475,1111.820486847843,1466.8154947780745,-3.494845252187976,0.9398908615112305,20260223_175400_run4
MiniRocket,CopperConcentration,3.2854604067948956,0.9279957291105407,1.8125839033807223,0.4017625916545007,2.8057899475097656,20260223_175404_run4
MiniRocket,Covid19Andalusia,0.0001251448897460859,0.007672173548614032,0.011186817677341752,0.9041082239450623,0.3005025386810303,20260223_175404_run4
MiniRocket,DailyOilGasPrices,3.043823858775558,1.2281951608577777,1.7446557995133476,0.4895108990366247,0.3111989498138428,20260223_175404_run4
MiniRocket,DhakaHourlyAirQuality,18.15749093849118,2.8761492400873623,4.261160750135012,0.9955281162599134,1.0104360580444336,20260223_175405_run4
MiniRocket,ElectricityPredictor,261992.90617494378,277.4165334694549,511.85242616885563,-0.3911658489403689,1.5333008766174316,20260223_175407_run4
MiniRocket,EthereumSentiment,0.04983259130944868,0.17656350511060417,0.22323214667571667,0.15052153451560935,0.3411679267883301,20260223_175407_run4
MiniRocket,GasSensorArrayAcetone,0.41653259897354605,0.1689150050278544,0.6453933676243861,-3.441539918656394,6.734253644943237,20260223_175414_run4
MiniRocket,GasSensorArrayEthanol,0.02144976119518185,0.10642038522221942,0.14645736989029215,0.8317665788613189,6.160686492919922,20260223_175421_run4
MiniRocket,HotwaterPredictor,1520128.4450264205,789.6795985775618,1232.934890830177,0.32893334262666296,0.7779126167297363,20260223_175422_run4
MiniRocket,IronConcentration,2414.566770926287,37.44852062034085,49.13824143094955,0.5355219813956991,1.833040475845337,20260223_175424_run4
MiniRocket,LPGasMonitoringHomeActivity,1.6697511708367594,0.9530179421832298,1.2921885198517897,0.05906185098373151,1.9330575466156006,20260223_175426_run4
MiniRocket,MadridPM10Quality_nmv,65.9702886314663,6.066756035299587,8.12220959046652,0.6166610429312722,23.083343267440796,20260223_175450_run4
MiniRocket,MagnesiumConcentration,28700.621163497017,80.06718310205983,169.41257675714934,0.8615747983379514,12.68636679649353,20260223_175505_run4
MiniRocket,ManganeseConcentration,6344.944408460543,56.14053220390038,79.65515933359586,0.48488126693329936,1.8447988033294678,20260223_175507_run4
MiniRocket,MethaneMonitoringHomeActivity,0.3219577100160531,0.36014087689851987,0.5674131739888079,0.17534977478636993,2.0058043003082275,20260223_175509_run4
MiniRocket,MetroInterstateTrafficVolume,372648.1314251901,499.188041103868,610.4491227163735,-0.21800985183215693,0.7599155902862549,20260223_175510_run4
MiniRocket,NaturalGasPricesSentiment,0.0060035362165720375,0.06577226387102066,0.07748248974169608,0.015353837358076827,0.06418299674987793,20260223_175510_run4
MiniRocket,OccupancyDetectionLight,6208.425815984272,56.15662971274121,78.79356455945036,0.843878304780847,0.42095518112182617,20260223_175511_run4
MiniRocket,ParkingBirmingham_eq,0.01971726252193044,0.10655069575913807,0.1404181701986265,0.6133796939133858,1.002312183380127,20260223_175512_run4
MiniRocket,PhosphorusConcentration,219.5238864939254,9.561355893888893,14.816338498223015,0.6043591739142558,13.243060827255249,20260223_175527_run4
MiniRocket,PotassiumConcentration,42929.88384249958,100.73759495727546,207.19527948893906,0.6206410825695003,12.782646894454956,20260223_175542_run4
MiniRocket,PrecipitationAndalusia_nmv,0.07587210689428332,0.2132603003541911,0.2754489188475484,0.7408664092964188,2.5291688442230225,20260223_175545_run4
MiniRocket,SierraNevadaMountainsSnow,1326.994572792379,25.49569112406989,36.427936707867204,0.8454750638606647,0.46200084686279297,20260223_175545_run4
MiniRocket,SodiumConcentration,50261.44941138769,138.13401332569848,224.19065415709838,-1.7930833134572395,1.822139024734497,20260223_175547_run4
MiniRocket,SolarRadiationAndalusia_nmv,0.35687702203548444,0.4666780184552545,0.5973918496560565,0.43535468331975713,3.051699161529541,20260223_175551_run4
MiniRocket,SteamPredictor,1143035509.4070523,17622.319691884033,33808.8081630668,0.12538545249810618,0.8612923622131348,20260223_175551_run4
MiniRocket,SulphurConcentration,17043.663045417692,60.3562009607675,130.55138086369556,-0.18256950879161216,2.808380365371704,20260223_175555_run4
MiniRocket,WaveDataTension,239.05249862391244,12.445233042485327,15.46132266735005,0.26202365453199594,1.0561332702636719,20260223_175556_run4
MiniRocket,WindTurbinePower,7215.8939132484975,62.45880206043897,84.94641789533269,0.9906846619421269,0.5228068828582764,20260223_175556_run4
MiniRocket,ZincConcentration,1.7604530359938035,0.8028480126191359,1.3268206495204253,0.18580635690159908,2.6214544773101807,20260223_175600_run4
MiniRocket,ElectricMotorTemperature,49.02390939469617,5.207524429365411,7.001707605627085,0.8671604870862735,536.7885389328003,20260223_180459_run4
MiniRocket,DailyTemperatureLatitude,9.223704992719503,2.2012330594548715,3.03705531604538,0.9796095478366385,455.4165813922882,20260223_181236_run4
MiniRocket,BeijingPM10Quality_nmv,6659.001547710878,56.456536093277926,81.60270551710205,0.5864887203853839,342.084862947464,20260223_181819_run4
MiniRocket,BeijingPM25Quality_nmv,2761.0268777477622,36.50259986946955,52.545474379319884,0.7596074716431542,343.01579427719116,20260223_182402_run4
MiniRocket,Covid3Month,0.0018501088464276266,0.03105421081463789,0.043012891630621934,0.008361699640808129,0.25904059410095215,20260223_182403_run5
MiniRocket,FloodModeling1,3.0256581541187987e-05,0.0043048751005336375,0.005500598289385254,0.9220444140203649,0.6189389228820801,20260223_182403_run5
MiniRocket,FloodModeling2,7.691885373181668e-05,0.0026965263296898855,0.008770339430821174,0.29144022895293653,0.6517958641052246,20260223_182404_run5
MiniRocket,FloodModeling3,2.1441211556671216e-05,0.0031754706702266243,0.004630465587462152,0.9478452602900996,0.5830464363098145,20260223_182405_run5
MiniRocket,IEEEPPG,39.722859506499844,4.771110244588422,6.302607357792475,0.95458602890775,27.90695309638977,20260223_182435_run5
MiniRocket,HouseholdPowerConsumption2_nmv,823.198447567553,21.01181435442433,28.691435090764507,0.6866190230631035,18.5680570602417,20260223_182455_run5
MiniRocket,HouseholdPowerConsumption1_nmv,15967.996969528873,82.98889889010252,126.36454000046403,0.9580362035948886,18.56116533279419,20260223_182514_run5
MiniRocket,AppliancesEnergy,5.414716828933578,1.8821883163510336,2.3269544105834084,0.49667614512664127,0.3567318916320801,20260223_182515_run5
MiniRocket,BenzeneConcentration_nmv,2.4207488274595974,1.0325440687706753,1.5558755822557269,0.956927054550446,28.49088740348816,20260223_182546_run5
MiniRocket,LiveFuelMoistureContent,1732.3195350485082,31.482249764110907,41.621142884939,-0.06980525858955233,25.748088598251343,20260223_182613_run5
MiniRocket,BIDMC32RR,0.13925998556066854,0.2667781446733742,0.373175542554263,0.9846327226238865,188.76435923576355,20260223_182932_run5
MiniRocket,BIDMC32SpO2,0.014538600949253418,0.0920096812696401,0.12057612097448407,0.9986937615254862,190.6766698360443,20260223_183253_run5
MiniRocket,BIDMC32HR,0.16135323765970488,0.2896804546278373,0.4016879854560065,0.9990453972090276,189.99847674369812,20260223_183614_run5
MiniRocket,AcousticContaminationMadrid_nmv,14.592301730522527,3.0060945366963696,3.8199871374812937,0.6621933808578562,0.3631172180175781,20260223_183614_run5
MiniRocket,AluminiumConcentration,51987.190002593845,160.3219442237645,228.00699551240493,0.7776155030099461,2.8097190856933594,20260223_183617_run5
MiniRocket,BarCrawl6min,0.0021051233841833886,0.035313878627971834,0.04588162360012327,0.14866908256339395,0.8145835399627686,20260223_183618_run5
MiniRocket,BeijingIntAirportPM25Quality,3160.246711995476,42.31145044935629,56.21607165211276,0.4854298386752929,0.8794188499450684,20260223_183619_run5
MiniRocket,BinanceCoinSentiment,0.12999529032805693,0.27286543181457446,0.36054859634736747,-0.34064655844771075,0.3047804832458496,20260223_183619_run5
MiniRocket,BitcoinSentiment,0.03939076419502581,0.13897807530036943,0.19847106639262513,0.281330854532181,0.32520318031311035,20260223_183620_run5
MiniRocket,BoronConcentration,1.3742074243098235,0.5972214313334083,1.1722659358310397,-0.027179564025738845,2.810615062713623,20260223_183623_run5
MiniRocket,CalciumConcentration,9240217.933630414,1373.635992575382,3039.7726779531417,0.520962442421931,2.568605422973633,20260223_183626_run5
MiniRocket,CardanoSentiment,0.10638756689479462,0.2510497327314481,0.32617106998444023,-0.5699157293891839,0.0850822925567627,20260223_183626_run5
MiniRocket,ChilledWaterPredictor,6518136.948835781,1160.3718116527548,2553.0642273228814,-0.025792071382360282,0.943509578704834,20260223_183627_run5
MiniRocket,CopperConcentration,3.577174831025722,0.9178995497695913,1.8913420713942048,0.3714559517332814,2.8002991676330566,20260223_183630_run5
MiniRocket,Covid19Andalusia,0.00019950775909996824,0.00887629672563111,0.014124721558316407,0.7557496263388145,0.32715773582458496,20260223_183631_run5
MiniRocket,DailyOilGasPrices,2.062165178408841,1.1345942919550784,1.4360240869876943,0.48150167507036046,0.25034236907958984,20260223_183631_run5
MiniRocket,DhakaHourlyAirQuality,26.455605455534066,3.4140841491427474,5.143501283710743,0.993141347212527,1.047304391860962,20260223_183632_run5
MiniRocket,ElectricityPredictor,304869.309323698,289.18551754632415,552.149716402805,-0.5296513072052158,1.5180237293243408,20260223_183634_run5
MiniRocket,EthereumSentiment,0.08635863109374022,0.19402708626778487,0.29386839076998433,-0.023785464692863467,0.32534360885620117,20260223_183634_run5
MiniRocket,GasSensorArrayAcetone,0.03180698726773827,0.1120243694189154,0.17834513525111434,0.6615102128140093,6.010394096374512,20260223_183641_run5
MiniRocket,GasSensorArrayEthanol,0.023632049293911217,0.10864463713813804,0.15372719113387592,0.7904230259305375,5.987843990325928,20260223_183647_run5
MiniRocket,HotwaterPredictor,1283783.9777626572,732.7255751443993,1133.0419135065822,0.3998639336717841,0.7746920585632324,20260223_183648_run5
MiniRocket,IronConcentration,2951.0895064870456,37.442463735348056,54.32393125029746,0.5414414858111264,1.8106062412261963,20260223_183650_run5
MiniRocket,LPGasMonitoringHomeActivity,1.7402428640528516,0.9494467770239502,1.319182649996903,0.08238261264649738,1.8965916633605957,20260223_183652_run5
MiniRocket,MadridPM10Quality_nmv,63.02716245261824,5.923934466108335,7.93896482248273,0.628172358169377,23.257917881011963,20260223_183716_run5
MiniRocket,MagnesiumConcentration,13688.872336445262,77.73282826644908,116.99945442798125,0.9219536540145015,12.628866910934448,20260223_183731_run5
MiniRocket,ManganeseConcentration,7224.749841287127,56.907584005124455,84.99852846542184,0.456668630207137,1.8375661373138428,20260223_183733_run5
MiniRocket,MethaneMonitoringHomeActivity,0.2972114738691746,0.3548135495197111,0.5451710501018691,0.23525727935391705,1.9102435111999512,20260223_183735_run5
MiniRocket,MetroInterstateTrafficVolume,368216.4094564331,505.67038451732645,606.8083795206137,-0.30209670393666843,0.6781806945800781,20260223_183736_run5
MiniRocket,NaturalGasPricesSentiment,0.004757033375866407,0.0553974347893923,0.06897125035742362,0.506992928619114,0.05916309356689453,20260223_183736_run5
MiniRocket,OccupancyDetectionLight,5119.847180731381,49.076014452464946,71.55310741492211,0.8759599571492342,0.4095025062561035,20260223_183736_run5
MiniRocket,ParkingBirmingham_eq,0.018473503647320682,0.1039458086747852,0.1359172676569121,0.6438127446763149,0.9590308666229248,20260223_183737_run5
MiniRocket,PhosphorusConcentration,1110.8826407607567,10.457932454895019,33.329906101889286,0.2498550305060584,12.916278839111328,20260223_183752_run5
MiniRocket,PotassiumConcentration,36210.81087618111,86.21530720497047,190.29138413543873,0.670467291771147,12.718865871429443,20260223_183807_run5
MiniRocket,PrecipitationAndalusia_nmv,0.09329162310088536,0.22663870926249324,0.3054367743099795,0.6335193484272266,2.539362668991089,20260223_183810_run5
MiniRocket,SierraNevadaMountainsSnow,2483.8328449972523,31.659638108289183,49.83806622449603,0.7942322517867031,0.4277989864349365,20260223_183811_run5
MiniRocket,SodiumConcentration,225215.61077564393,191.0975619853361,474.56886831696403,-0.9715125106925786,1.8217148780822754,20260223_183813_run5
MiniRocket,SolarRadiationAndalusia_nmv,0.3389426791853999,0.447424161862497,0.5821878384038951,0.37320345333003313,2.082155227661133,20260223_183815_run5
MiniRocket,SteamPredictor,1218364989.2782953,19690.764517494834,34905.08543576846,0.050405180849734665,0.7243654727935791,20260223_183816_run5
MiniRocket,SulphurConcentration,48728.98073414547,71.15518222289424,220.74641726230908,0.024099115053425657,2.5954959392547607,20260223_183819_run5
MiniRocket,WaveDataTension,263.3772073133668,13.114678353222747,16.228900372895474,0.19484136562473553,1.090388536453247,20260223_183820_run5
MiniRocket,WindTurbinePower,6921.36893422675,59.18115703250605,83.19476506503729,0.9916939063486405,0.5610406398773193,20260223_183820_run5
MiniRocket,ZincConcentration,1.9313556502625004,0.8520300978648577,1.3897322225027742,0.12393159556198163,2.6179184913635254,20260223_183824_run5
MiniRocket,ElectricMotorTemperature,46.47539842546654,5.071345919930144,6.8172867348723525,0.8720958288283099,480.65777039527893,20260223_184627_run5
MiniRocket,DailyTemperatureLatitude,9.109963446628687,2.204482989215142,3.0182715992151348,0.9796451352782817,454.58815908432007,20260223_185403_run5
MiniRocket,BeijingPM10Quality_nmv,7075.431259077966,56.7823883817869,84.11558273636322,0.5649197784938862,341.4365429878235,20260223_185945_run5
MiniRocket,BeijingPM25Quality_nmv,2848.0649228707043,37.09351020234833,53.367264524900506,0.7431326759948231,344.2910141944885,20260223_190530_run5
MiniRocket,Covid3Month,0.001171729352621876,0.029241386188139547,0.0342305324618516,0.1995731674679181,0.2755880355834961,20260223_190530_run6
MiniRocket,FloodModeling1,5.7782985384109646e-05,0.004786306043632498,0.007601512045909658,0.7893066365829908,0.6020829677581787,20260223_190531_run6
MiniRocket,FloodModeling2,2.260898319429698e-05,0.0022006531782321637,0.00475489045029399,0.813467093191802,0.6165366172790527,20260223_190532_run6
MiniRocket,FloodModeling3,2.185947468990522e-05,0.00328757343658583,0.004675411713411475,0.9235173072135948,0.5779917240142822,20260223_190532_run6
MiniRocket,IEEEPPG,40.514542430544964,4.8299299063216345,6.365103489382161,0.9529797754375083,28.190389394760132,20260223_190603_run6
MiniRocket,HouseholdPowerConsumption2_nmv,769.3760793529193,19.983560686206143,27.73762930304101,0.696990948830724,18.9235520362854,20260223_190623_run6
MiniRocket,HouseholdPowerConsumption1_nmv,14700.226601003767,70.67521036572226,121.24449101300961,0.9613751981112246,18.741230964660645,20260223_190643_run6
MiniRocket,AppliancesEnergy,7.369877621869169,2.2873606831050997,2.7147518527241434,0.46138696171371885,0.3546116352081299,20260223_190643_run6
MiniRocket,BenzeneConcentration_nmv,2.270026124057984,1.0912907041000002,1.5066605868801322,0.9595142203743657,27.804149627685547,20260223_190714_run6
MiniRocket,LiveFuelMoistureContent,1663.013708009126,31.603483930074805,40.780065080981984,-0.04965752780546695,26.144026517868042,20260223_190741_run6
MiniRocket,BIDMC32RR,0.1301642352688831,0.2612144010666136,0.3607828089985485,0.9852695231918944,185.81399726867676,20260223_191057_run6
MiniRocket,BIDMC32SpO2,0.017031363805828755,0.09588686525138712,0.13050426738551024,0.998383900478307,188.10347962379456,20260223_191416_run6
MiniRocket,BIDMC32HR,0.18582207817882843,0.298996578320521,0.4310708505325179,0.998887201810453,187.47502088546753,20260223_191734_run6
MiniRocket,AcousticContaminationMadrid_nmv,13.183264133036968,2.80255181963123,3.630876496527659,0.6826071485116691,0.3206171989440918,20260223_191734_run6
MiniRocket,AluminiumConcentration,52141.051093600945,146.39523383609512,228.3441505570067,0.7657824855549431,2.826551675796509,20260223_191737_run6
MiniRocket,BarCrawl6min,0.0018479806919732085,0.03235731504653305,0.04298814594714697,0.3328615423396183,0.7903838157653809,20260223_191738_run6
MiniRocket,BeijingIntAirportPM25Quality,3185.8461243339757,42.18936280630836,56.44330008365896,0.46750290820046125,0.8462638854980469,20260223_191739_run6
MiniRocket,BinanceCoinSentiment,0.12885359524429613,0.2754128916896279,0.35896182978736907,-0.016778311531196355,0.2873537540435791,20260223_191739_run6
MiniRocket,BitcoinSentiment,0.04657433012219962,0.1447368520784391,0.2158108665526359,0.17917052368420083,0.3098602294921875,20260223_191740_run6
MiniRocket,BoronConcentration,16.005404795010318,0.6296801028573782,4.000675542331609,0.10667938481718153,2.801523447036743,20260223_191743_run6
MiniRocket,CalciumConcentration,2773531.090917854,1252.128981602837,1665.3921733086936,0.6703542126092962,2.6007769107818604,20260223_191746_run6
MiniRocket,CardanoSentiment,0.07907983294151455,0.20785592972648687,0.2812113670204577,-0.42324908878037526,0.08602190017700195,20260223_191746_run6
MiniRocket,ChilledWaterPredictor,10447218.524109146,1184.3365807948148,3232.215729822059,0.033958543944111574,0.972764253616333,20260223_191747_run6
MiniRocket,CopperConcentration,3.2296694886238826,0.9689667615468013,1.7971281224842826,0.3622673533564952,2.8425846099853516,20260223_191751_run6
MiniRocket,Covid19Andalusia,0.00012357477856224215,0.007430144061882005,0.0111164193228864,0.9033333171606013,0.25060486793518066,20260223_191751_run6
MiniRocket,DailyOilGasPrices,2.903656058368939,1.1888701961969355,1.7040117541756978,0.3803202517599288,0.2867703437805176,20260223_191751_run6
MiniRocket,DhakaHourlyAirQuality,30.405293817410406,3.3328467593563773,5.5140995472887875,0.9925955477278083,1.033935785293579,20260223_191752_run6
MiniRocket,ElectricityPredictor,257431.13818398857,275.5661534409556,507.3767221542476,-0.5262145343031117,1.5186660289764404,20260223_191754_run6
MiniRocket,EthereumSentiment,0.07090034278301317,0.19096740799839435,0.2662711827874229,0.036479605746395416,0.30235934257507324,20260223_191754_run6
MiniRocket,GasSensorArrayAcetone,0.02630058571007303,0.1063030236651789,0.16217455321373025,0.7074578318507747,6.06317663192749,20260223_191801_run6
MiniRocket,GasSensorArrayEthanol,0.024110483715617935,0.10498241771371924,0.1552755090657182,0.7887654522581704,6.059204339981079,20260223_191807_run6
MiniRocket,HotwaterPredictor,1385850.702308209,759.7620884540432,1177.2216028888568,0.4124306846427169,0.809253454208374,20260223_191808_run6
MiniRocket,IronConcentration,4837.0272903716805,43.98896808583511,69.54874039385386,0.32745992226534115,1.8283474445343018,20260223_191810_run6
MiniRocket,LPGasMonitoringHomeActivity,1.5328642079057069,0.9188161222103166,1.2380889337627192,0.10721671409985378,1.8836629390716553,20260223_191812_run6
MiniRocket,MadridPM10Quality_nmv,60.84606333123598,5.948444445074942,7.800388665395846,0.6254386024998293,23.10392737388611,20260223_191836_run6
MiniRocket,MagnesiumConcentration,14222.140626541719,77.01600340388119,119.2566166992076,0.93724130098891,12.655617237091064,20260223_191851_run6
MiniRocket,ManganeseConcentration,7210.174612695003,55.76223064583768,84.91274705658158,0.4461911844315446,1.8616890907287598,20260223_191853_run6
MiniRocket,MethaneMonitoringHomeActivity,0.237449343747289,0.3424905456476856,0.48728774225019145,0.299598563590892,1.9630279541015625,20260223_191855_run6
MiniRocket,MetroInterstateTrafficVolume,385921.7936239302,497.9112610207985,621.2260406840091,-0.1665230510988185,0.7173140048980713,20260223_191856_run6
MiniRocket,NaturalGasPricesSentiment,0.0032586288660419946,0.04392108057652127,0.05708440124974593,0.663526190713737,0.06099224090576172,20260223_191856_run6
MiniRocket,OccupancyDetectionLight,5518.135579371348,53.46030772694535,74.28415429532296,0.8361515447230103,0.4285273551940918,20260223_191857_run6
MiniRocket,ParkingBirmingham_eq,0.019873955474103647,0.10633900483452653,0.14097501719845132,0.6075551626158449,0.9667956829071045,20260223_191858_run6
MiniRocket,PhosphorusConcentration,194.06811651525493,9.434161681237313,13.930833302974195,0.4377274080360595,12.936712503433228,20260223_191913_run6
MiniRocket,PotassiumConcentration,22039.43950842079,80.17512606863272,148.45686076574833,0.6447921514506927,12.849835634231567,20260223_191928_run6
MiniRocket,PrecipitationAndalusia_nmv,0.1692129595635483,0.2629337252983969,0.4113550286109899,0.6104626548458003,2.527345657348633,20260223_191930_run6
MiniRocket,SierraNevadaMountainsSnow,2691.405226698022,30.532483739956515,51.87875506118108,0.7275097497241128,0.4262516498565674,20260223_191931_run6
MiniRocket,SodiumConcentration,122920.42643181981,185.0364233755192,350.60009474017517,-18.40126160779102,1.847637414932251,20260223_191933_run6
MiniRocket,SolarRadiationAndalusia_nmv,0.4059958902721661,0.5026864308096137,0.6371780679466033,0.3178274258709475,2.125358819961548,20260223_191935_run6
MiniRocket,SteamPredictor,496371286.6933991,16893.437725190124,22279.39152430782,-0.7325333150100724,0.6992199420928955,20260223_191936_run6
MiniRocket,SulphurConcentration,57981.15310664294,71.04315978095602,240.79275966407906,0.08109268899368993,2.6060805320739746,20260223_191939_run6
MiniRocket,WaveDataTension,218.93470552863718,11.852752320629484,14.796442326743183,0.27702190679621563,1.0108695030212402,20260223_191940_run6
MiniRocket,WindTurbinePower,10558.409351015349,68.00015221178444,102.75412084688064,0.9863678005661607,0.5366978645324707,20260223_191941_run6
MiniRocket,ZincConcentration,2.0293241123898142,0.8517238056134286,1.424543475078881,0.17408291282459676,2.575975179672241,20260223_191944_run6
MiniRocket,ElectricMotorTemperature,49.34174262832556,5.201808757720704,7.024367774278733,0.8643061969602046,480.4060037136078,20260223_192747_run6
MiniRocket,DailyTemperatureLatitude,9.238357925459136,2.2286421824378078,3.0394667172810323,0.9793480090168755,450.7478528022766,20260223_193519_run6
MiniRocket,BeijingPM10Quality_nmv,6865.881367644704,57.55773752612933,82.86061409164613,0.5533972766814186,341.9915385246277,20260223_194102_run6
MiniRocket,BeijingPM25Quality_nmv,2800.524637469608,36.901022149166714,52.9199833472159,0.7354854237610999,342.8691906929016,20260223_194645_run6
MiniRocket,Covid3Month,0.007599489769402012,0.04155856909241841,0.08717505244851885,-6.267703388344075,0.2456817626953125,20260223_194645_run7
MiniRocket,FloodModeling1,4.7536187038057216e-05,0.004746752930097606,0.006894649159896188,0.8725448124114799,0.6083776950836182,20260223_194646_run7
MiniRocket,FloodModeling2,3.0158883988835787e-05,0.002584935815048497,0.005491710479334812,0.9031300769766102,0.6316473484039307,20260223_194647_run7
MiniRocket,FloodModeling3,2.9428087501449493e-05,0.003645136239310372,0.005424766124124568,0.9288239779332399,0.6119217872619629,20260223_194647_run7
MiniRocket,IEEEPPG,41.42488356072046,4.800487805500386,6.436216556387802,0.9527405521093059,28.138694763183594,20260223_194718_run7
MiniRocket,HouseholdPowerConsumption2_nmv,671.6115734159965,19.995332386781133,25.9154697703128,0.7127917750853001,18.875330686569214,20260223_194738_run7
MiniRocket,HouseholdPowerConsumption1_nmv,12635.702157888238,72.97696937994242,112.40863916037877,0.9650657811277881,18.73104166984558,20260223_194758_run7
MiniRocket,AppliancesEnergy,8.143592903307848,2.160698558239996,2.8536981100508596,0.6479356255115049,0.3890717029571533,20260223_194759_run7
MiniRocket,BenzeneConcentration_nmv,2.386423277827025,1.0717322230878128,1.5448052556316039,0.9577301630574829,28.241199016571045,20260223_194829_run7
MiniRocket,LiveFuelMoistureContent,1829.6737933619843,31.93420206336951,42.77468636193589,-0.05788785423195453,25.99313712120056,20260223_194857_run7
MiniRocket,BIDMC32RR,0.14062767191012976,0.2692032152151951,0.3750035625299175,0.985299691388046,188.70742225646973,20260223_195216_run7
MiniRocket,BIDMC32SpO2,0.015768823612711622,0.09202571364664781,0.12557397665404893,0.9984608640140168,194.2088167667389,20260223_195541_run7
MiniRocket,BIDMC32HR,0.1674888259682779,0.2909576102904909,0.4092539871134769,0.9990307152081626,192.54264497756958,20260223_195904_run7
MiniRocket,AcousticContaminationMadrid_nmv,10.618848776135382,2.4955111894205175,3.2586575113281513,0.7349251528856044,0.33461451530456543,20260223_195904_run7
MiniRocket,AluminiumConcentration,58330.23256235223,164.89942198215186,241.51652647873235,0.7449363437550823,2.807441234588623,20260223_195907_run7
MiniRocket,BarCrawl6min,0.0026970368040357315,0.03938798873841808,0.05193300303309767,0.18490552653921277,0.8162956237792969,20260223_195908_run7
MiniRocket,BeijingIntAirportPM25Quality,2800.0693241842287,40.43184080451633,52.91568126920628,0.5321805993464813,0.8538625240325928,20260223_195909_run7
MiniRocket,BinanceCoinSentiment,0.16103693735449956,0.30243313520922843,0.40129407839451053,-0.36919158201742897,0.3319051265716553,20260223_195909_run7
MiniRocket,BitcoinSentiment,0.03463163729164375,0.14683273001888114,0.18609577451313544,0.44608431909594926,0.29545021057128906,20260223_195910_run7
MiniRocket,BoronConcentration,0.9055319778829046,0.6078522220900491,0.9515944398129408,-1.850129900219089,2.791156530380249,20260223_195913_run7
MiniRocket,CalciumConcentration,11119724.918988135,1366.2566996134597,3334.6251541947163,0.4842074743947661,2.550921678543091,20260223_195916_run7
MiniRocket,CardanoSentiment,0.1443606606685893,0.3017448623923543,0.37994823419590895,-0.5206806080754747,0.07772397994995117,20260223_195916_run7
MiniRocket,ChilledWaterPredictor,2724954.8493754696,1227.9383688101116,1650.7437261354257,-9.185080249878897,0.936103343963623,20260223_195917_run7
MiniRocket,CopperConcentration,3.3997084655688954,0.8559376250022891,1.8438298363918768,0.4263072243324181,2.7940330505371094,20260223_195920_run7
MiniRocket,Covid19Andalusia,0.00015413705995219438,0.009206827702743265,0.012415194720671697,0.8720576957807216,0.32209277153015137,20260223_195921_run7
MiniRocket,DailyOilGasPrices,4.863935767474582,1.367071864737916,2.2054332380452104,0.3303247207484311,0.2805213928222656,20260223_195921_run7
MiniRocket,DhakaHourlyAirQuality,15.958072327082764,2.9113825903862565,3.9947556029227576,0.9960957793278554,1.0538129806518555,20260223_195922_run7
MiniRocket,ElectricityPredictor,305483.9479791309,292.21308427435036,552.7060231073395,-0.41926957973062695,1.507197618484497,20260223_195924_run7
MiniRocket,EthereumSentiment,0.046810630311357224,0.1729431807875014,0.21635764444862404,0.17766372357480875,0.3350789546966553,20260223_195924_run7
MiniRocket,GasSensorArrayAcetone,0.03160616529913407,0.12046993844884109,0.17778122875920863,0.6532607705948048,5.9653403759002686,20260223_195930_run7
MiniRocket,GasSensorArrayEthanol,0.026893044464396883,0.10601081578569796,0.1639909889731655,0.6202286310730367,5.954915523529053,20260223_195937_run7
MiniRocket,HotwaterPredictor,1439940.7742008718,847.1802652858112,1199.975322329952,0.27786731712273294,0.7718052864074707,20260223_195938_run7
MiniRocket,IronConcentration,3372.7281113638273,39.64243824332004,58.07519359729959,0.39024371897029364,1.8136351108551025,20260223_195940_run7
MiniRocket,LPGasMonitoringHomeActivity,1.570747227773041,0.903550381699158,1.2532945494866883,0.09992831080055875,1.9434657096862793,20260223_195942_run7
MiniRocket,MadridPM10Quality_nmv,63.518943425793736,6.0753234841075425,7.969877252868687,0.6052645015754754,23.517183303833008,20260223_200006_run7
MiniRocket,MagnesiumConcentration,18633.399448205964,81.93867025787416,136.5042103680541,0.908902935978075,12.723951578140259,20260223_200021_run7
MiniRocket,ManganeseConcentration,7572.715256791043,58.10004491940777,87.02134943099333,0.49501190044892474,1.841886281967163,20260223_200023_run7
MiniRocket,MethaneMonitoringHomeActivity,0.30864705981797397,0.34594353341822487,0.5555601315951082,0.19061447580052082,1.9755420684814453,20260223_200025_run7
MiniRocket,MetroInterstateTrafficVolume,386102.08466873906,494.06162872602755,621.3711327932277,-0.24919875292633753,0.6807301044464111,20260223_200026_run7
MiniRocket,NaturalGasPricesSentiment,0.0038866057382150486,0.05198452203573127,0.062342647828072306,0.15774431345935713,0.06027078628540039,20260223_200026_run7
MiniRocket,OccupancyDetectionLight,5842.106488755004,52.93799937540564,76.43367378816096,0.825572811269407,0.45960092544555664,20260223_200027_run7
MiniRocket,ParkingBirmingham_eq,0.017207135912773182,0.10105775243724856,0.13117597307728723,0.6528501241555392,0.9897596836090088,20260223_200028_run7
MiniRocket,PhosphorusConcentration,174.51497502814107,9.113564876246647,13.210411614637186,0.7002963157578739,12.822727918624878,20260223_200043_run7
MiniRocket,PotassiumConcentration,18344.527293125386,83.10467296017204,135.4419702054182,0.6595408482040197,12.763469934463501,20260223_200058_run7
MiniRocket,PrecipitationAndalusia_nmv,0.10020224838692608,0.23009633618787967,0.3165473872691513,0.7226636538913259,2.5387799739837646,20260223_200100_run7
MiniRocket,SierraNevadaMountainsSnow,1645.6866370266778,28.518036995989064,40.5670634508671,0.8298621393103925,0.47321557998657227,20260223_200101_run7
MiniRocket,SodiumConcentration,193673.68273942234,184.66646908859465,440.08372242043026,-0.07830991192130021,1.8065693378448486,20260223_200103_run7
MiniRocket,SolarRadiationAndalusia_nmv,0.49199780015091416,0.5156963432941225,0.7014255485444725,0.2426830267512432,2.105048179626465,20260223_200105_run7
MiniRocket,SteamPredictor,1583331553.8712754,21253.47078615377,39791.09892766566,0.09809783483552037,0.7027223110198975,20260223_200106_run7
MiniRocket,SulphurConcentration,17792.137606853557,69.07063088370661,133.3871718226815,-0.2276727380697383,2.5602662563323975,20260223_200109_run7
MiniRocket,WaveDataTension,231.4867569250954,12.30109593801154,15.214688854034952,0.20944275073246688,1.0487737655639648,20260223_200110_run7
MiniRocket,WindTurbinePower,7850.156782924731,62.93535293397773,88.60111050615974,0.9893148863479736,0.5561003684997559,20260223_200111_run7
MiniRocket,ZincConcentration,2.90883933532274,0.8180247234621788,1.7055319801524509,0.1506707679459548,2.5638859272003174,20260223_200114_run7
MiniRocket,ElectricMotorTemperature,50.405219332864995,5.271438291432794,7.099663325317969,0.8632702072276783,483.00145149230957,20260223_200919_run7
MiniRocket,DailyTemperatureLatitude,9.485913893471364,2.252991015422558,3.079921085591539,0.9789638481786049,452.93332147598267,20260223_201654_run7
MiniRocket,BeijingPM10Quality_nmv,7220.383780383356,56.96188205365008,84.97284142820784,0.5515632393745339,342.4980363845825,20260223_202237_run7
MiniRocket,BeijingPM25Quality_nmv,2923.94474824214,37.79615074484767,54.07351244594843,0.7360976706254065,342.5302736759186,20260223_202820_run7
MiniRocket,Covid3Month,0.001446433389619659,0.03157174555422963,0.03803200480673691,0.0988689630276427,0.3033750057220459,20260223_202820_run8
MiniRocket,FloodModeling1,4.45021954915707e-05,0.004909184016912624,0.006670996589084026,0.8762603853394899,0.6120848655700684,20260223_202821_run8
MiniRocket,FloodModeling2,1.78902876542128e-05,0.002658306500502581,0.0042296912008103855,0.8828283115821297,0.6130733489990234,20260223_202822_run8
MiniRocket,FloodModeling3,2.6860559324867428e-05,0.003493216750488154,0.005182717368800601,0.9280900927118104,0.5803496837615967,20260223_202822_run8
MiniRocket,IEEEPPG,41.11349597501037,4.69350154418408,6.411980659282308,0.9510864527405004,27.39486026763916,20260223_202852_run8
MiniRocket,HouseholdPowerConsumption2_nmv,655.4124164495234,18.968649294564244,25.60102373831022,0.7233046557738334,18.572477340698242,20260223_202912_run8
MiniRocket,HouseholdPowerConsumption1_nmv,12847.940478745693,77.1275693244896,113.34875596470256,0.9622340744569592,18.413116216659546,20260223_202932_run8
MiniRocket,AppliancesEnergy,6.050537682936444,2.023755592025399,2.459784072421082,0.49924675182078315,0.3563878536224365,20260223_202932_run8
MiniRocket,BenzeneConcentration_nmv,2.230556056257762,1.0523899486494925,1.4935046221079338,0.960914497732164,28.083842992782593,20260223_203003_run8
MiniRocket,LiveFuelMoistureContent,1893.5743347730663,33.1046345146631,43.51521957629384,-0.07354355708081894,25.85543155670166,20260223_203030_run8
MiniRocket,BIDMC32RR,0.13248237205821184,0.26423478676632955,0.36398127981836076,0.9858934053518703,185.52662920951843,20260223_203346_run8
MiniRocket,BIDMC32SpO2,0.015534793819461686,0.09309073409132324,0.12463865299120368,0.9985507401957313,188.00957703590393,20260223_203704_run8
MiniRocket,BIDMC32HR,0.17884308595549578,0.2949790323983646,0.42289843456259774,0.9989969156133456,187.89467883110046,20260223_204023_run8
MiniRocket,AcousticContaminationMadrid_nmv,15.0125321965091,2.9760710025562833,3.874600908030284,0.6156961800272778,0.3249537944793701,20260223_204023_run8
MiniRocket,AluminiumConcentration,50210.39002515017,153.47348961869443,224.076750300316,0.7660532586464026,2.8151767253875732,20260223_204026_run8
MiniRocket,BarCrawl6min,0.0018219298888646936,0.03311813940792706,0.04268407066886538,0.37382631297597324,0.8145651817321777,20260223_204027_run8
MiniRocket,BeijingIntAirportPM25Quality,2928.9094105910294,40.40930867490867,54.11939957714821,0.5064251518045051,0.8442549705505371,20260223_204028_run8
MiniRocket,BinanceCoinSentiment,0.1529058532020061,0.2894399001476075,0.39103178029669927,-0.28805737071156234,0.25920963287353516,20260223_204028_run8
MiniRocket,BitcoinSentiment,0.03483571095533207,0.14405165295393027,0.1866432719262392,0.30037786769869457,0.30890393257141113,20260223_204029_run8
MiniRocket,BoronConcentration,14.84776354205285,0.5877476055267054,3.8532795826481174,0.09831696919448996,2.7975080013275146,20260223_204032_run8
MiniRocket,CalciumConcentration,4139081.4345184327,1259.9752917164612,2034.4732572630276,0.5940265660417429,2.5771420001983643,20260223_204035_run8
MiniRocket,CardanoSentiment,0.059326124337330734,0.19354160943066198,0.24356954722898086,-0.06680053266788444,0.0786142349243164,20260223_204035_run8
MiniRocket,ChilledWaterPredictor,1890751.1539851285,1105.365015209693,1375.0458734111849,-5.373688084521929,0.9627935886383057,20260223_204036_run8
MiniRocket,CopperConcentration,1.7567618649841417,0.9049350826831176,1.325428936225606,0.3335224535119269,2.798825263977051,20260223_204039_run8
MiniRocket,Covid19Andalusia,0.00023459533670320773,0.008910515432328844,0.015316505368497336,0.8063019425412493,0.2783534526824951,20260223_204040_run8
MiniRocket,DailyOilGasPrices,2.9772120403747695,1.198950564692894,1.725459950382729,0.47795107885256016,0.3035421371459961,20260223_204040_run8
MiniRocket,DhakaHourlyAirQuality,18.03181148396774,3.055304333159525,4.24638805150539,0.9953865342666512,1.0088849067687988,20260223_204041_run8
MiniRocket,ElectricityPredictor,245058.14619562196,260.6889212832388,495.03347987345455,-0.12079333621386601,1.5044915676116943,20260223_204043_run8
MiniRocket,EthereumSentiment,0.04891254419062569,0.1700279112833285,0.2211618054516324,0.052438400709243105,0.32680201530456543,20260223_204043_run8
MiniRocket,GasSensorArrayAcetone,0.033275857779069905,0.1275420081351899,0.18241671463731032,0.6691052376056448,5.938079118728638,20260223_204049_run8
MiniRocket,GasSensorArrayEthanol,1.429006200464946,0.20576524401354393,1.1954104736302698,-19.155815723310987,5.976201057434082,20260223_204056_run8
MiniRocket,HotwaterPredictor,1843088.0739478127,917.2927576992058,1357.6037985906687,0.3552322957929622,0.7662277221679688,20260223_204057_run8
MiniRocket,IronConcentration,3600.431541844547,40.856216562792454,60.00359607427331,0.26429671906402674,1.8152239322662354,20260223_204059_run8
MiniRocket,LPGasMonitoringHomeActivity,1.47235037052251,0.8789106998029406,1.2134044546327123,0.07291146427601314,1.944007396697998,20260223_204101_run8
MiniRocket,MadridPM10Quality_nmv,59.850679267707044,5.872057932382996,7.736322076265119,0.6251525583294086,23.054523468017578,20260223_204125_run8
MiniRocket,MagnesiumConcentration,26533.768096208743,82.03091066464191,162.89189082397178,0.8755398297257465,12.843902349472046,20260223_204140_run8
MiniRocket,ManganeseConcentration,5100.9213368127685,51.5299937299825,71.42073464206854,0.5363715731117947,1.8078503608703613,20260223_204142_run8
MiniRocket,MethaneMonitoringHomeActivity,0.21584248463204167,0.3233615263664013,0.46458851108485416,0.241869589316959,1.9071214199066162,20260223_204144_run8
MiniRocket,MetroInterstateTrafficVolume,395941.95357760304,497.91340747252747,629.2391863016821,-0.1959521744881414,0.6842541694641113,20260223_204145_run8
MiniRocket,NaturalGasPricesSentiment,0.004053728925356712,0.04893487826761029,0.06366890077075865,0.3950940858202484,0.06043076515197754,20260223_204145_run8
MiniRocket,OccupancyDetectionLight,5562.233535164735,54.23602667465736,74.58038304517305,0.8657157590140825,0.4460911750793457,20260223_204145_run8
MiniRocket,ParkingBirmingham_eq,0.01796637309955371,0.10188407057427644,0.13403870000695214,0.6336796938373304,0.9773843288421631,20260223_204146_run8
MiniRocket,PhosphorusConcentration,349.71955491135054,10.899554749006304,18.700790221574877,0.22824702085214166,12.795658826828003,20260223_204201_run8
MiniRocket,PotassiumConcentration,48228.38413399454,93.41240516390631,219.60961758082124,0.6325082911474855,12.662530422210693,20260223_204216_run8
MiniRocket,PrecipitationAndalusia_nmv,0.11213424529940162,0.2485836859700505,0.33486451782683935,0.6629283428528814,2.5595858097076416,20260223_204219_run8
MiniRocket,SierraNevadaMountainsSnow,2074.507689444266,26.793421118570244,45.54676376477549,0.8267608017914561,0.4367079734802246,20260223_204219_run8
MiniRocket,SodiumConcentration,136204.7559357768,175.66509250073028,369.0592851233753,-0.17201462272712909,1.8344202041625977,20260223_204222_run8
MiniRocket,SolarRadiationAndalusia_nmv,0.4365598554987504,0.5093102695871198,0.6607267631167595,0.31222586594145074,2.079373359680176,20260223_204224_run8
MiniRocket,SteamPredictor,786364902.345144,19039.867590679576,28042.198600415482,0.0731838915699703,0.6847372055053711,20260223_204224_run8
MiniRocket,SulphurConcentration,10319.452125759517,63.84616278318949,101.58470419191816,-5.571885318058721,2.5805134773254395,20260223_204227_run8
MiniRocket,WaveDataTension,219.45686165104067,11.520132492073841,14.8140764697311,0.26617765123529447,1.020362377166748,20260223_204229_run8
MiniRocket,WindTurbinePower,9717.05673727362,69.83810266668296,98.575132448674,0.9873143231941675,0.542874813079834,20260223_204229_run8
MiniRocket,ZincConcentration,1.7995885730214038,0.809266975982108,1.3414874479552181,0.1681105843582309,2.5824129581451416,20260223_204232_run8
MiniRocket,ElectricMotorTemperature,48.82383060954453,5.236719494439177,6.987405141362888,0.8646542398112911,480.87695574760437,20260223_205035_run8
MiniRocket,DailyTemperatureLatitude,9.071680089124285,2.205323884061041,3.011922988577943,0.9800218136349922,452.37525510787964,20260223_205810_run8
MiniRocket,BeijingPM10Quality_nmv,7309.89036036326,56.886527711110446,85.49789681836191,0.5705806264450725,342.7655985355377,20260223_210353_run8
MiniRocket,BeijingPM25Quality_nmv,2930.6954417468064,36.55190562329474,54.13589790284083,0.7553834137204165,341.2180087566376,20260223_210935_run8
MiniRocket,Covid3Month,0.017297209550820723,0.05529455334539333,0.13151885625575035,-6.4039027068044065,0.2843353748321533,20260223_210935_run9
MiniRocket,FloodModeling1,0.0002252524699523741,0.005167840752315552,0.015008413305622087,0.6497828391133771,0.6153016090393066,20260223_210936_run9
MiniRocket,FloodModeling2,2.3476676641631543e-05,0.0025655013862788015,0.0048452736394997906,0.8352192065767416,0.6168224811553955,20260223_210937_run9
MiniRocket,FloodModeling3,1.6995618597209927e-05,0.0029729082952196736,0.004122574268246713,0.9542296706754979,0.569204568862915,20260223_210937_run9
MiniRocket,IEEEPPG,37.376982626124175,4.665031434729373,6.113671779391185,0.9560368587289038,27.839471101760864,20260223_211008_run9
MiniRocket,HouseholdPowerConsumption2_nmv,709.5090676770202,20.08076399149105,26.63661141506217,0.7020766193779768,18.373652935028076,20260223_211027_run9
MiniRocket,HouseholdPowerConsumption1_nmv,14901.397301452791,77.17994829428208,122.07127959291977,0.9584027981702653,18.334807634353638,20260223_211047_run9
MiniRocket,AppliancesEnergy,7.3466909168131345,2.1103317039077867,2.710477986778925,0.369892601705227,0.36756277084350586,20260223_211047_run9
MiniRocket,BenzeneConcentration_nmv,2.6438924655939844,1.0932515646440337,1.6260050632128993,0.9521645608251782,28.042280435562134,20260223_211118_run9
MiniRocket,LiveFuelMoistureContent,1703.9737400114875,31.74340467323378,41.27921680472496,-0.0620401210224486,25.868383169174194,20260223_211145_run9
MiniRocket,BIDMC32RR,0.16091784126421663,0.2798011949664108,0.40114566090662956,0.9827332113503395,190.76826238632202,20260223_211506_run9
MiniRocket,BIDMC32SpO2,0.015158211251442665,0.09334377414163247,0.12311868766130779,0.9986406666200052,189.00595831871033,20260223_211826_run9
MiniRocket,BIDMC32HR,0.18485878972060396,0.30410383812790187,0.42995207840014443,0.9989315878781162,191.23624801635742,20260223_212147_run9
MiniRocket,AcousticContaminationMadrid_nmv,20.696732071644274,3.39745315403729,4.549366117564542,0.6354443632995981,0.29274630546569824,20260223_212148_run9
MiniRocket,AluminiumConcentration,66787.45465676932,150.95652663279063,258.4326888316749,0.7573720756617334,2.7990119457244873,20260223_212151_run9
MiniRocket,BarCrawl6min,0.0019725339900569954,0.03234830216908244,0.04441321864104194,0.4672512411957125,0.8030908107757568,20260223_212152_run9
MiniRocket,BeijingIntAirportPM25Quality,2987.6556462364406,40.558695998121856,54.65945157277413,0.4657138184466838,0.8398144245147705,20260223_212153_run9
MiniRocket,BinanceCoinSentiment,0.14361469616290337,0.31459415154443954,0.37896529677914226,-0.1380712947813263,0.2781400680541992,20260223_212153_run9
MiniRocket,BitcoinSentiment,0.03755244115151459,0.14489240483624477,0.1937845224766792,0.4068064750230549,0.2928450107574463,20260223_212153_run9
MiniRocket,BoronConcentration,0.9049075084272773,0.551623501854937,0.9512662657885421,-4.817387631766869,2.783198595046997,20260223_212157_run9
MiniRocket,CalciumConcentration,3806068.0321178418,1296.2214006322663,1950.9146655140614,0.7755790146556983,2.566640615463257,20260223_212200_run9
MiniRocket,CardanoSentiment,0.11134685166807952,0.24675348977959868,0.3336867568065588,-0.4213060389394845,0.09457540512084961,20260223_212200_run9
MiniRocket,ChilledWaterPredictor,6147302.222450913,1242.4193551741791,2479.375369412811,-0.21334641596703596,0.9657585620880127,20260223_212201_run9
MiniRocket,CopperConcentration,4.7945512155516,0.9413490618523099,2.1896463676931033,0.3306627379606141,2.930732011795044,20260223_212204_run9
MiniRocket,Covid19Andalusia,0.0001793961839009201,0.009893749616324004,0.013393886064205567,0.7683132528606265,0.27851200103759766,20260223_212205_run9
MiniRocket,DailyOilGasPrices,2.954078866566731,1.1900891115419852,1.7187433975340038,0.4216747779257429,0.29578137397766113,20260223_212205_run9
MiniRocket,DhakaHourlyAirQuality,15.032568584555834,2.8472666734031717,3.8771856525778894,0.9965020242860293,1.0186245441436768,20260223_212206_run9
MiniRocket,ElectricityPredictor,304366.51414032443,293.16427131722514,551.6942215941041,-0.2030626954047392,1.5453503131866455,20260223_212208_run9
MiniRocket,EthereumSentiment,0.05578002443269946,0.1813942432821503,0.23617795077589157,0.03698009070343744,0.3219449520111084,20260223_212208_run9
MiniRocket,GasSensorArrayAcetone,0.043741464174626335,0.13188669850437193,0.20914460111278593,0.4511173795598631,5.985220193862915,20260223_212214_run9
MiniRocket,GasSensorArrayEthanol,0.02354578879601801,0.11213692242283771,0.15344637107477652,0.8086025794616983,5.971596956253052,20260223_212221_run9
MiniRocket,HotwaterPredictor,1280505.0226157876,795.0871516975305,1131.5940184605906,0.05991429788891223,0.781998872756958,20260223_212222_run9
MiniRocket,IronConcentration,3234.1973091113405,39.87887314725249,56.87000359689931,0.4325841759389081,1.8382799625396729,20260223_212224_run9
MiniRocket,LPGasMonitoringHomeActivity,1.4765221255190664,0.8709149437797645,1.215122267724144,0.1080169825964894,1.9337177276611328,20260223_212226_run9
MiniRocket,MadridPM10Quality_nmv,60.30901501279975,5.919004652587787,7.765887908848527,0.6359714759199466,23.092087984085083,20260223_212250_run9
MiniRocket,MagnesiumConcentration,17883.046595311607,83.94691340816982,133.7275087456265,0.9253834078822987,12.711700439453125,20260223_212305_run9
MiniRocket,ManganeseConcentration,6073.6128350027875,55.698198702863294,77.93338716495509,0.49990728697045606,1.814016342163086,20260223_212307_run9
MiniRocket,MethaneMonitoringHomeActivity,0.25984100082059325,0.33850188082818855,0.5097460159928602,0.23983945905798332,1.9723916053771973,20260223_212309_run9
MiniRocket,MetroInterstateTrafficVolume,361758.44577056135,508.39366330187335,601.4635864044983,-0.34746732664826663,0.7093625068664551,20260223_212310_run9
MiniRocket,NaturalGasPricesSentiment,0.0026159566980231983,0.041116075023307795,0.051146424098104826,0.6132345357426716,0.06064891815185547,20260223_212310_run9
MiniRocket,OccupancyDetectionLight,6429.439223655245,60.1487042466275,80.18378404425202,0.8264800617795982,0.4182133674621582,20260223_212310_run9
MiniRocket,ParkingBirmingham_eq,0.01822958409257467,0.10287194579715946,0.1350169770531642,0.6295505008645852,1.0247175693511963,20260223_212311_run9
MiniRocket,PhosphorusConcentration,514.815285961519,10.01731602179536,22.689541334313457,0.32885533511739773,12.896813869476318,20260223_212326_run9
MiniRocket,PotassiumConcentration,47352.294591242084,88.38604568658546,217.60582389091078,0.6293861873340012,12.74919843673706,20260223_212341_run9
MiniRocket,PrecipitationAndalusia_nmv,0.11113613351558707,0.24691298295891578,0.33337086482712774,0.6397458441064718,2.550734758377075,20260223_212344_run9
MiniRocket,SierraNevadaMountainsSnow,1739.7999250871,29.904259214899533,41.71090894582735,0.7654580165381778,0.4333608150482178,20260223_212344_run9
MiniRocket,SodiumConcentration,72411.7697405391,168.49756262687947,269.0943510007951,-1.8226237728968213,1.8268592357635498,20260223_212347_run9
MiniRocket,SolarRadiationAndalusia_nmv,0.42455411413843,0.5043755983039699,0.6515781719321405,0.313322281971787,2.064584732055664,20260223_212349_run9
MiniRocket,SteamPredictor,764272591.160614,17223.933425570358,27645.48048344637,-0.10707144031422766,0.7033812999725342,20260223_212350_run9
MiniRocket,SulphurConcentration,11911.670821883245,69.18367971112279,109.1406011614525,-0.5591008933016719,2.5619313716888428,20260223_212353_run9
MiniRocket,WaveDataTension,230.91654332991388,12.108771601845726,15.195938382670347,0.24916326378361964,1.0053932666778564,20260223_212354_run9
MiniRocket,WindTurbinePower,8989.006670706895,66.81027751132457,94.8103721683809,0.9882349368573182,0.5658597946166992,20260223_212354_run9
MiniRocket,ZincConcentration,1.7786499813307657,0.898759868034103,1.3336603695584441,0.015797311826008853,2.558934450149536,20260223_212357_run9
MiniRocket,ElectricMotorTemperature,49.253783290028856,5.188573370733667,7.018103966886559,0.8658508734018453,479.18632102012634,20260223_213159_run9
MiniRocket,DailyTemperatureLatitude,9.293090642301078,2.227832705957891,3.04845709208791,0.9796888583898928,450.7276928424835,20260223_213931_run9
MiniRocket,BeijingPM10Quality_nmv,6904.552116631313,55.74476726887965,83.09363463365477,0.5894209766195977,342.42888498306274,20260223_214514_run9
MiniRocket,BeijingPM25Quality_nmv,2949.8130809255003,37.28313163663561,54.31218169918697,0.7500170565871577,341.6055374145508,20260223_215057_run9
MiniRocket,Covid3Month,0.001658419313854764,0.03194133363852816,0.04072369474709735,0.18520876915044482,0.2993767261505127,20260223_215057_run10
MiniRocket,FloodModeling1,3.99701063892055e-05,0.004885171870521109,0.006322191581184922,0.8836647211995154,0.6405644416809082,20260223_215058_run10
MiniRocket,FloodModeling2,8.129541169136814e-05,0.003224814566357076,0.009016396824195801,0.2755633903788819,0.607093095779419,20260223_215058_run10
MiniRocket,FloodModeling3,3.1623054091318046e-05,0.0038906268246051952,0.00562343792455452,0.930351840210847,0.6108639240264893,20260223_215059_run10
MiniRocket,IEEEPPG,47.98491508948898,5.077319231378564,6.927114485086051,0.9458279124836235,27.176114320755005,20260223_215129_run10
MiniRocket,HouseholdPowerConsumption2_nmv,751.242854610289,20.118194101380173,27.408809799228585,0.6944374937528475,18.307682752609253,20260223_215148_run10
MiniRocket,HouseholdPowerConsumption1_nmv,12987.907790593781,77.6604885764918,113.96450232679376,0.9654765676742542,18.452162742614746,20260223_215208_run10
MiniRocket,AppliancesEnergy,4.798587172631845,1.7399776235121878,2.1905677740329894,0.6905190835711823,0.360260009765625,20260223_215208_run10
MiniRocket,BenzeneConcentration_nmv,2.3833267499266357,1.0445144108233633,1.5438026913846976,0.9583319810050485,28.24179482460022,20260223_215239_run10
MiniRocket,LiveFuelMoistureContent,1704.5591621010756,31.284803349278945,41.28630719864729,-0.01955411304131416,25.691128730773926,20260223_215306_run10
MiniRocket,BIDMC32RR,0.14963759671435684,0.27146155224935303,0.3868301910585016,0.984113982074207,186.33843517303467,20260223_215623_run10
MiniRocket,BIDMC32SpO2,0.015636457196092222,0.09170971988880892,0.12504582038633766,0.9986120835080777,191.23461365699768,20260223_215945_run10
MiniRocket,BIDMC32HR,0.16831170167627693,0.29270068452498216,0.4102580915427226,0.9990534973538256,191.11709928512573,20260223_220306_run10
MiniRocket,AcousticContaminationMadrid_nmv,15.86526237429235,3.017776723527155,3.983122189224472,0.5663906785085897,0.3351583480834961,20260223_220306_run10
MiniRocket,AluminiumConcentration,70603.45281582244,166.56446033965176,265.71310245417413,0.7338740229956754,2.7981784343719482,20260223_220310_run10
MiniRocket,BarCrawl6min,0.0023213161035957547,0.03461557630644215,0.0481800384349759,0.1842301624947169,0.7964859008789062,20260223_220311_run10
MiniRocket,BeijingIntAirportPM25Quality,2929.769158659697,40.69725582936484,54.127342061657686,0.5104708754781867,0.8503758907318115,20260223_220312_run10
MiniRocket,BinanceCoinSentiment,0.17416336028076132,0.3292053928638619,0.417328839502809,-0.2513931276099377,0.30367112159729004,20260223_220312_run10
MiniRocket,BitcoinSentiment,0.05112436532100451,0.15909223317963733,0.22610697760353288,0.34883350897636534,0.3149268627166748,20260223_220312_run10
MiniRocket,BoronConcentration,3.4653374363045897,0.7978292118592129,1.861541682666437,-0.5442714016642665,2.7561299800872803,20260223_220315_run10
MiniRocket,CalciumConcentration,3769846.365578479,1108.6355263491266,1941.6092206153326,0.6469601540026942,2.5689749717712402,20260223_220318_run10
MiniRocket,CardanoSentiment,0.07120597082374995,0.19552072738804507,0.266844469351999,-0.018447339096968607,0.07835745811462402,20260223_220319_run10
MiniRocket,ChilledWaterPredictor,10578967.040334892,1190.5026176985273,3252.532404194444,0.024654924877644202,0.9586713314056396,20260223_220320_run10
MiniRocket,CopperConcentration,3.7380825272049756,0.9412814087621765,1.9334121462339517,0.3383352182575917,2.8220744132995605,20260223_220323_run10
MiniRocket,Covid19Andalusia,0.000147763524424162,0.008896008968573151,0.012155802088885866,0.8925558219962947,0.30439209938049316,20260223_220323_run10
MiniRocket,DailyOilGasPrices,2.144061508522603,1.073416716318716,1.4642614208271019,0.33559858127844955,0.2689938545227051,20260223_220323_run10
MiniRocket,DhakaHourlyAirQuality,14.870704280928324,2.7195818912191383,3.85625521470355,0.9961879557352425,1.0388479232788086,20260223_220325_run10
MiniRocket,ElectricityPredictor,294473.4845965088,315.9990129001656,542.6541113789785,-0.5573740166847065,1.5021679401397705,20260223_220326_run10
MiniRocket,EthereumSentiment,0.05126211979522122,0.18273358026937114,0.2264113950207039,0.0663759190060722,0.3248469829559326,20260223_220327_run10
MiniRocket,GasSensorArrayAcetone,0.027903338077753085,0.12007948632060592,0.16704292286042258,0.7003192254493464,5.98478627204895,20260223_220333_run10
MiniRocket,GasSensorArrayEthanol,0.043443745603592446,0.11597370305964691,0.20843163292454542,0.5773786907730734,5.9838104248046875,20260223_220339_run10
MiniRocket,HotwaterPredictor,1365875.7231413345,801.4440642412677,1168.7068593712174,0.3981461733842748,0.8065359592437744,20260223_220340_run10
MiniRocket,IronConcentration,4233.817580026501,45.0788476630424,65.0677921865073,0.3703908629110143,1.819617509841919,20260223_220342_run10
MiniRocket,LPGasMonitoringHomeActivity,1.4323512825349793,0.8938685789111526,1.1968087911337297,0.10343765756324064,1.9447147846221924,20260223_220344_run10
MiniRocket,MadridPM10Quality_nmv,61.11742178828002,5.803649127488298,7.817763221553849,0.6517651661110639,23.099136352539062,20260223_220408_run10
MiniRocket,MagnesiumConcentration,21137.799635607018,80.38994427989036,145.38844395483093,0.9097896165457178,12.848260164260864,20260223_220423_run10
MiniRocket,ManganeseConcentration,4509.142246905882,47.34275015286019,67.15014703562369,0.5962237744615225,1.8292326927185059,20260223_220426_run10
MiniRocket,MethaneMonitoringHomeActivity,0.27988786370262253,0.35629705865026784,0.5290442927606559,0.27677492511438406,1.94533371925354,20260223_220428_run10
MiniRocket,MetroInterstateTrafficVolume,356132.92737630906,486.7372958346075,596.768738605089,-0.07730826230145804,0.6990551948547363,20260223_220428_run10
MiniRocket,NaturalGasPricesSentiment,0.0042180030228689495,0.054175639033044835,0.06494615479663865,0.4456329947393438,0.06251144409179688,20260223_220428_run10
MiniRocket,OccupancyDetectionLight,5675.425270050465,56.53954723499811,75.33541843018106,0.8584289098121156,0.4153115749359131,20260223_220429_run10
MiniRocket,ParkingBirmingham_eq,0.020260169281939935,0.10900243095658475,0.1423382214373214,0.6115281026132049,0.9769344329833984,20260223_220430_run10
MiniRocket,PhosphorusConcentration,535.371610737283,9.995539653357634,23.138098684578278,0.46674274303599983,12.77978229522705,20260223_220445_run10
MiniRocket,PotassiumConcentration,36528.200302463956,95.8541479703957,191.12352106023988,0.5119756818677174,12.780252933502197,20260223_220500_run10
MiniRocket,PrecipitationAndalusia_nmv,0.14406215287998883,0.26098432046728015,0.3795552039953988,0.6599008231144827,2.5162949562072754,20260223_220503_run10
MiniRocket,SierraNevadaMountainsSnow,1614.1887345005478,24.471120717072086,40.176967711619895,0.8350943162076815,0.4117424488067627,20260223_220503_run10
MiniRocket,SodiumConcentration,184495.4119073579,190.6189054726599,429.52929109358524,-0.029568046327274722,1.838109016418457,20260223_220505_run10
MiniRocket,SolarRadiationAndalusia_nmv,0.45417393078308504,0.5197540362075833,0.673924276742636,0.27512327631273514,2.1176528930664062,20260223_220507_run10
MiniRocket,SteamPredictor,455977451.17844284,17235.76114413746,21353.62852487705,-2.625231639517739,0.6964683532714844,20260223_220508_run10
MiniRocket,SulphurConcentration,12499.944124346335,69.02144252650552,111.80314899119047,-2.7547949923321364,2.5637080669403076,20260223_220511_run10
MiniRocket,WaveDataTension,215.82384407950843,11.71668193236109,14.690944288217434,0.27604627688620154,1.048220157623291,20260223_220512_run10
MiniRocket,WindTurbinePower,6791.443679824364,60.026504102382944,82.41021587051186,0.9918807628316387,0.5283281803131104,20260223_220513_run10
MiniRocket,ZincConcentration,1.4697969040666221,0.8801014661112779,1.2123518070538033,-0.2787576747546572,2.5746662616729736,20260223_220516_run10
MiniRocket,ElectricMotorTemperature,49.826080631655664,5.246293136833937,7.0587591424878395,0.8632389595865846,479.40886783599854,20260223_221318_run10
MiniRocket,DailyTemperatureLatitude,9.335577763870031,2.2325500140003545,3.0554177723954594,0.9795740331272048,451.3539183139801,20260223_222051_run10
MiniRocket,BeijingPM10Quality_nmv,7158.980803125185,56.302307741700226,84.61076056344834,0.5492921800082516,342.22352147102356,20260223_222634_run10
MiniRocket,BeijingPM25Quality_nmv,2681.251207066714,36.74375221314607,51.780799598564656,0.7558081591548744,390.73929262161255,20260223_223305_run10
MiniRocket,Covid3Month,0.0016524280901158625,0.02974541702932606,0.040650068759054546,0.18156449625001014,0.2927205562591553,20260223_223305_run11
MiniRocket,FloodModeling1,4.630283337901232e-05,0.004775819853407343,0.006804618532953359,0.8752303636232075,0.6384196281433105,20260223_223306_run11
MiniRocket,FloodModeling2,2.8669249705495735e-05,0.002648135111318033,0.005354367348762665,0.7889843156754184,0.678473949432373,20260223_223307_run11
MiniRocket,FloodModeling3,2.5635248055692267e-05,0.0033798752622492684,0.005063126312437037,0.9262710573130244,0.5844283103942871,20260223_223307_run11
MiniRocket,IEEEPPG,41.96642227005145,4.757787507815554,6.478149602320978,0.9499811692592343,28.086846590042114,20260223_223338_run11
MiniRocket,HouseholdPowerConsumption2_nmv,728.3489380966328,19.517799419881214,26.987940604956,0.7194585744681942,19.158774375915527,20260223_223358_run11
MiniRocket,HouseholdPowerConsumption1_nmv,17310.68393148343,76.92554504936881,131.57007232453523,0.9556266934901726,18.440359115600586,20260223_223418_run11
MiniRocket,AppliancesEnergy,5.095733413214924,1.737402199161678,2.257373122285043,0.6674278919261722,0.35425591468811035,20260223_223418_run11
MiniRocket,BenzeneConcentration_nmv,2.560569293376147,1.108756861893132,1.6001778942905527,0.9542001850025954,28.98696994781494,20260223_223450_run11
MiniRocket,LiveFuelMoistureContent,1896.8161978018131,32.69444857117824,43.55245340737779,-0.07576468101416434,27.02622890472412,20260223_223519_run11
MiniRocket,BIDMC32RR,0.16030259413285733,0.27244798775318735,0.400378064000586,0.9834564220384571,191.2487096786499,20260223_223840_run11
MiniRocket,BIDMC32SpO2,0.01668898415657698,0.0964783634897953,0.12918585122441614,0.9984385768828555,196.13992738723755,20260223_224207_run11
MiniRocket,BIDMC32HR,0.17753492474222896,0.2989153142726329,0.4213489346636929,0.9990454004392035,193.80344033241272,20260223_224531_run11
MiniRocket,AcousticContaminationMadrid_nmv,12.427679269365829,2.8803055043297183,3.5252913736832916,0.6958362587114171,0.34745335578918457,20260223_224531_run11
MiniRocket,AluminiumConcentration,41154.2151277702,149.7896217350648,202.86501701321055,0.7018204274855669,2.8580689430236816,20260223_224535_run11
MiniRocket,BarCrawl6min,0.0029522270795101263,0.04355852582926029,0.054334400516708806,0.052171201706818326,0.8149044513702393,20260223_224536_run11
MiniRocket,BeijingIntAirportPM25Quality,2694.8498174034507,39.473949410607375,51.91194291686115,0.5214377378864632,0.97910475730896,20260223_224537_run11
MiniRocket,BinanceCoinSentiment,0.16496310178931783,0.32382483714390603,0.40615649913465357,-0.15825857859829373,0.2781655788421631,20260223_224537_run11
MiniRocket,BitcoinSentiment,0.03145518153292934,0.13352792181355005,0.17735608682232853,0.4132479137889973,0.30983829498291016,20260223_224537_run11
MiniRocket,BoronConcentration,13.816266018722898,0.9129138149287102,3.7170238119660866,-6.031740171734768,2.7929866313934326,20260223_224541_run11
MiniRocket,CalciumConcentration,6620207.109507756,1287.7047393539367,2572.976313436981,0.6435323651132838,2.6212685108184814,20260223_224544_run11
MiniRocket,CardanoSentiment,0.08210177861151692,0.22977095942883308,0.28653407931957575,-0.2074121456762814,0.08284401893615723,20260223_224544_run11
MiniRocket,ChilledWaterPredictor,8305255.095015801,1303.9393986990904,2881.8839489153274,-0.08161299911162279,1.016322374343872,20260223_224545_run11
MiniRocket,CopperConcentration,3.309799816615542,0.8937811443239251,1.8192855236645902,0.32234213534997236,2.9820034503936768,20260223_224548_run11
MiniRocket,Covid19Andalusia,9.786230776950407e-05,0.007726494501720606,0.009892537984233575,0.862538723430383,0.2774834632873535,20260223_224549_run11
MiniRocket,DailyOilGasPrices,1.9845047908878966,0.9946846237515408,1.4087245262605095,0.5136904929790413,0.29990673065185547,20260223_224549_run11
MiniRocket,DhakaHourlyAirQuality,17.833003153404345,2.8544909972803536,4.222914059438618,0.9955180614309254,1.0195786952972412,20260223_224550_run11
MiniRocket,ElectricityPredictor,282856.3047042132,292.24299512902473,531.8423682861429,-0.4333822388141151,1.6605393886566162,20260223_224552_run11
MiniRocket,EthereumSentiment,0.06450805352757254,0.19352130710207271,0.25398435685603266,0.1141155828367495,0.31418371200561523,20260223_224552_run11
MiniRocket,GasSensorArrayAcetone,0.027480682801025006,0.12045847201573671,0.1657729857396102,0.7102940066157002,6.072785377502441,20260223_224559_run11
MiniRocket,GasSensorArrayEthanol,0.0347787335740979,0.12094572672102448,0.18649057234642694,0.6308369962511338,6.261594533920288,20260223_224605_run11
MiniRocket,HotwaterPredictor,1422406.6480691503,777.6840448628267,1192.6469083803263,0.23825712225123596,0.7819812297821045,20260223_224606_run11
MiniRocket,IronConcentration,4197.518158798759,44.01465696592622,64.78825633398972,0.3502242381592924,1.878854513168335,20260223_224608_run11
MiniRocket,LPGasMonitoringHomeActivity,1.3916129650493552,0.8967625844600049,1.1796664634757381,0.07876566720626377,2.243853807449341,20260223_224611_run11
MiniRocket,MadridPM10Quality_nmv,58.34965161329673,5.768746300460075,7.638694365747115,0.6280612158898781,24.220783472061157,20260223_224636_run11
MiniRocket,MagnesiumConcentration,26359.750253580423,76.07700956761865,162.3568608146278,0.8689678600459627,12.76346755027771,20260223_224651_run11
MiniRocket,ManganeseConcentration,5143.694115238571,47.450340453185774,71.71955183378219,0.5956758655945444,1.830859899520874,20260223_224653_run11
MiniRocket,MethaneMonitoringHomeActivity,0.26457049655746434,0.34463320298171823,0.5143641672564919,0.1352506416355297,1.9634678363800049,20260223_224655_run11
MiniRocket,MetroInterstateTrafficVolume,417138.60178388725,504.9417034868052,645.8626802841973,-0.2823101602505891,0.7279350757598877,20260223_224656_run11
MiniRocket,NaturalGasPricesSentiment,0.005249466012281318,0.05231099046087504,0.07245319877190598,0.27261451583302776,0.06041741371154785,20260223_224656_run11
MiniRocket,OccupancyDetectionLight,5191.535944200366,51.58591421217204,72.05231394063875,0.8848426771491327,0.43669867515563965,20260223_224657_run11
MiniRocket,ParkingBirmingham_eq,0.01828713949145488,0.10354646801828295,0.1352299504231769,0.635771246368938,1.0133531093597412,20260223_224658_run11
MiniRocket,PhosphorusConcentration,672.0682081102174,10.257246910214366,25.924278352737563,0.4497281237869364,12.906076431274414,20260223_224713_run11
MiniRocket,PotassiumConcentration,31104.23629468331,95.31310596994429,176.36393138814782,0.655277470773548,14.817565202713013,20260223_224730_run11
MiniRocket,PrecipitationAndalusia_nmv,0.08719500235658191,0.22599049942814683,0.2952879990053472,0.7045304635151768,4.067333221435547,20260223_224734_run11
MiniRocket,SierraNevadaMountainsSnow,1651.501698877992,28.622656249360485,40.63867245467047,0.8527519643278341,1.2568957805633545,20260223_224735_run11
MiniRocket,SodiumConcentration,914715.5878428828,128.73641266586554,956.4076473151408,0.005441196652554714,2.7580149173736572,20260223_224738_run11
MiniRocket,SolarRadiationAndalusia_nmv,0.3921192877088871,0.4886505016052506,0.6261942891059349,0.4029183239860916,3.6998603343963623,20260223_224742_run11
MiniRocket,SteamPredictor,513357736.2247999,16731.428071959916,22657.399149611145,0.21873406136343032,0.8900601863861084,20260223_224743_run11
MiniRocket,SulphurConcentration,137697.05349757939,65.2031801316949,371.0755361076494,0.04387936178862428,3.5068042278289795,20260223_224747_run11
MiniRocket,WaveDataTension,233.26121950441737,12.18068083195745,15.272891654968857,0.25818830438671403,5.7136900424957275,20260223_224753_run11
MiniRocket,WindTurbinePower,8600.040457670779,68.45926987159748,92.73640308784236,0.9894323003198394,2.3693296909332275,20260223_224755_run11
MiniRocket,ZincConcentration,3.4536905869153713,0.9858279969089653,1.8584107691561011,0.06736344773570369,3.7429654598236084,20260223_224800_run11
MiniRocket,ElectricMotorTemperature,48.850131597981495,5.175774624042222,6.989286916272754,0.8655675437900228,541.2039761543274,20260223_225703_run11
MiniRocket,DailyTemperatureLatitude,9.362660637678115,2.230374926997786,3.0598465055747672,0.9792780634118596,614.7885456085205,20260223_230720_run11
MiniRocket,BeijingPM10Quality_nmv,6815.591145057954,56.34955604402801,82.55659358923401,0.5765197662287316,389.28549432754517,20260223_231350_run11
MiniRocket,BeijingPM25Quality_nmv,2906.091386849355,37.41954421849004,53.90817551030043,0.7438295279573656,366.71334767341614,20260223_231957_run11
MiniRocket,Covid3Month,0.009273532078722283,0.03871405235942147,0.09629918005218052,-7.289905881865469,0.25525832176208496,20260223_231957_run12
MiniRocket,FloodModeling1,0.00022541066821534322,0.005250315630711956,0.015013682699968826,0.6300928069808787,0.6020486354827881,20260223_231958_run12
MiniRocket,FloodModeling2,3.624021925080496e-05,0.002805071180593481,0.006019984987589667,0.4623445767576879,0.6093571186065674,20260223_231959_run12
MiniRocket,FloodModeling3,2.625978994622001e-05,0.00354555563453685,0.00512443069484016,0.9335624376123329,0.566659688949585,20260223_231959_run12
MiniRocket,IEEEPPG,39.81138271662098,4.801745467150866,6.309626194682296,0.9548331770713869,27.999751567840576,20260223_232030_run12
MiniRocket,HouseholdPowerConsumption2_nmv,740.8888534012301,19.91082007254341,27.219273564906725,0.7036074579536857,18.590899229049683,20260223_232050_run12
MiniRocket,HouseholdPowerConsumption1_nmv,18377.702999779747,87.92824065387913,135.56438691551608,0.9524075940852547,18.745582103729248,20260223_232110_run12
MiniRocket,AppliancesEnergy,6.201285144343548,2.052126471823321,2.4902379694205026,0.6479006854837588,0.38487887382507324,20260223_232110_run12
MiniRocket,BenzeneConcentration_nmv,2.5752663751983835,1.1038060662451195,1.6047636508839498,0.954990146382651,28.594802379608154,20260223_232141_run12
MiniRocket,LiveFuelMoistureContent,1727.6639583001636,31.973009871040176,41.565177231670305,-0.05449494256629128,27.118773698806763,20260223_232210_run12
MiniRocket,BIDMC32RR,0.1512561658457086,0.2768747833088355,0.38891665668329073,0.9830900092009712,194.22511911392212,20260223_232535_run12
MiniRocket,BIDMC32SpO2,0.016887163159646053,0.09638110649230457,0.12995061815799896,0.9984757329387953,193.09875416755676,20260223_232859_run12
MiniRocket,BIDMC32HR,0.18414322365633873,0.2981712998146426,0.42911912525118096,0.9989011595884472,199.5998456478119,20260223_233229_run12
MiniRocket,AcousticContaminationMadrid_nmv,9.436380799441118,2.4449277417743285,3.0718692679606527,0.699873257033159,0.309617280960083,20260223_233229_run12
MiniRocket,AluminiumConcentration,44674.233146954546,150.71133631301817,211.36279981811973,0.797158032803623,2.80338978767395,20260223_233232_run12
MiniRocket,BarCrawl6min,0.0019849073797126803,0.03380052848668619,0.04455229937626879,0.31831379836342855,0.8368382453918457,20260223_233233_run12
MiniRocket,BeijingIntAirportPM25Quality,3016.3683128771854,42.62394553734687,54.9214740595806,0.5262069136008253,0.9173650741577148,20260223_233234_run12
MiniRocket,BinanceCoinSentiment,0.1155657255748221,0.25154605801129326,0.33994959269694985,-0.09953787592572994,0.2872757911682129,20260223_233235_run12
MiniRocket,BitcoinSentiment,0.03050024100148238,0.13107520905375247,0.17464318194960368,0.3334832348837714,0.3381683826446533,20260223_233235_run12
MiniRocket,BoronConcentration,0.8463457694071448,0.615249074722864,0.9199705263795926,-2.4542148032148074,2.7775518894195557,20260223_233238_run12
MiniRocket,CalciumConcentration,8586876.632584732,1423.5676498093264,2930.3372899010674,0.6026062800193622,2.632378578186035,20260223_233241_run12
MiniRocket,CardanoSentiment,0.13025122771172182,0.26275447236181865,0.36090334954350567,-0.35351318618034155,0.08589577674865723,20260223_233241_run12
MiniRocket,ChilledWaterPredictor,4689564.044181332,1222.5960365036917,2165.5401275851095,-0.3138853700727182,0.9464571475982666,20260223_233242_run12
MiniRocket,CopperConcentration,3.0703820923949032,0.931622204281715,1.7522505792251584,0.446966737070119,2.809807777404785,20260223_233246_run12
MiniRocket,Covid19Andalusia,0.0001578077758246176,0.008333730786304226,0.012562156495785968,0.8573360995335101,0.333648681640625,20260223_233246_run12
MiniRocket,DailyOilGasPrices,2.0680891044793968,1.0125007188266482,1.4380852215635194,0.551457354097335,0.28110265731811523,20260223_233246_run12
MiniRocket,DhakaHourlyAirQuality,16.08242398957131,2.764859008770092,4.010289763791553,0.9958367249374609,1.0978507995605469,20260223_233247_run12
MiniRocket,ElectricityPredictor,298052.30650152115,297.4361226756357,545.9416695046469,-0.4279029692863634,1.5309841632843018,20260223_233249_run12
MiniRocket,EthereumSentiment,0.06573468524095878,0.199517603604424,0.25638776343842695,0.08538473785455725,0.33037686347961426,20260223_233249_run12
MiniRocket,GasSensorArrayAcetone,0.022272347471172182,0.09909988379057386,0.149239228995503,0.6861606297557263,6.015651702880859,20260223_233256_run12
MiniRocket,GasSensorArrayEthanol,1.0634286818530374,0.1962546916727083,1.0312267848795615,-8.427431313042833,5.991702318191528,20260223_233302_run12
MiniRocket,HotwaterPredictor,1488890.8178248878,849.4514908464718,1220.201138265691,-0.05395168660074434,0.7855672836303711,20260223_233303_run12
MiniRocket,IronConcentration,4145.561779958024,45.813184841257325,64.38603715059675,0.4379605189738319,1.8453972339630127,20260223_233305_run12
MiniRocket,LPGasMonitoringHomeActivity,1.4897943752385643,0.8983957686129382,1.220571331483156,0.11505204038451844,1.9849133491516113,20260223_233307_run12
MiniRocket,MadridPM10Quality_nmv,57.956781173316024,5.851210586261618,7.612935122100807,0.6413506254989203,23.0536527633667,20260223_233331_run12
MiniRocket,MagnesiumConcentration,16864.143809859095,75.05357747029497,129.86201834970493,0.9219771446029229,12.660606861114502,20260223_233346_run12
MiniRocket,ManganeseConcentration,6712.444483521827,58.36528357929557,81.92950923520675,0.43477485136629146,1.8155856132507324,20260223_233348_run12
MiniRocket,MethaneMonitoringHomeActivity,0.26038000182567106,0.3500151738072799,0.5102744377545,0.1957346715863577,1.9506099224090576,20260223_233350_run12
MiniRocket,MetroInterstateTrafficVolume,333171.4387086981,477.40910972338327,577.2100473040106,-0.13279791125496798,0.754847526550293,20260223_233351_run12
MiniRocket,NaturalGasPricesSentiment,0.0031518594153401853,0.04640006815155404,0.05614142334622614,0.44579033181190175,0.07379341125488281,20260223_233351_run12
MiniRocket,OccupancyDetectionLight,6511.403983907971,57.74479923050279,80.69327099521973,0.8601588986033423,0.4151923656463623,20260223_233352_run12
MiniRocket,ParkingBirmingham_eq,0.018366239487872447,0.10338783097529779,0.13552209962907322,0.6352950579097949,0.9759707450866699,20260223_233353_run12
MiniRocket,PhosphorusConcentration,214.00774733659247,9.713856222399528,14.62900363444457,0.6150306078841384,12.821706295013428,20260223_233408_run12
MiniRocket,PotassiumConcentration,34407.83992474758,84.88753237845086,185.49350372653913,0.47519269918950857,12.6527841091156,20260223_233423_run12
MiniRocket,PrecipitationAndalusia_nmv,0.1062837703211439,0.23542233890583664,0.3260119174526353,0.66289964883443,2.5543899536132812,20260223_233425_run12
MiniRocket,SierraNevadaMountainsSnow,1905.1147305791285,27.91920188787031,43.64761998756781,0.8172066135214233,0.43794727325439453,20260223_233426_run12
MiniRocket,SodiumConcentration,1020412.9930286595,151.69638458751552,1010.154935160275,0.007034234885298418,1.8085317611694336,20260223_233428_run12
MiniRocket,SolarRadiationAndalusia_nmv,0.38628227063744147,0.46966479138970546,0.6215161064988111,0.37398988478595485,2.136625289916992,20260223_233430_run12
MiniRocket,SteamPredictor,795126986.1343424,19678.647722535243,28197.996136859485,0.07488006506314471,0.7210443019866943,20260223_233431_run12
MiniRocket,SulphurConcentration,19951.62733099753,80.587201191911,141.25022949007032,-1.4995193646497258,2.566380500793457,20260223_233434_run12
MiniRocket,WaveDataTension,217.87352419616022,11.816666831739571,14.76053942768218,0.27760684555390136,1.0171399116516113,20260223_233435_run12
MiniRocket,WindTurbinePower,6870.674222518839,61.810023411658854,82.88953023463723,0.9910158915449536,0.5274093151092529,20260223_233436_run12
MiniRocket,ZincConcentration,1.1600615374656293,0.7785235914982649,1.077061529099257,-0.16878819749961593,2.5679547786712646,20260223_233439_run12
MiniRocket,ElectricMotorTemperature,47.938634356210606,5.128414220219027,6.923773130036151,0.8687877493197974,550.4474980831146,20260223_234351_run12
MiniRocket,DailyTemperatureLatitude,9.136418233173949,2.1879059530849405,3.022650861937903,0.9797074863787725,509.0737073421478,20260223_235222_run12
MiniRocket,BeijingPM10Quality_nmv,7476.137017748401,56.7249740381821,86.46465762233956,0.556748052364662,1857.763777256012,20260224_002321_run12
MiniRocket,BeijingPM25Quality_nmv,2887.286778176745,37.06533366930686,53.73347911848576,0.7478947784211103,2450.385879278183,20260224_010412_run12
MiniRocket,Covid3Month,0.002141672221436208,0.034143694513643054,0.04627820460471871,0.0630220439863568,2.5445687770843506,20260224_010415_run13
MiniRocket,FloodModeling1,0.0002456018969288494,0.0052920476648470735,0.01567169094031813,0.6092957799400398,10.711982727050781,20260224_010426_run13
MiniRocket,FloodModeling2,5.760605669546209e-05,0.003164199514757116,0.007589865393764377,0.749084319790404,11.094849824905396,20260224_010437_run13
MiniRocket,FloodModeling3,1.6716871946225442e-05,0.0030438183703361604,0.004088627146882611,0.9561393097706796,8.539692878723145,20260224_010446_run13
MiniRocket,IEEEPPG,42.28935011558703,4.879250246577263,6.503026227502625,0.950586813353023,104.71770143508911,20260224_010636_run13
MiniRocket,HouseholdPowerConsumption2_nmv,717.192971753418,19.73087778330137,26.780458766671977,0.7123816623823784,54.62519550323486,20260224_010734_run13
MiniRocket,HouseholdPowerConsumption1_nmv,14605.882389213266,77.69514049801425,120.85479878438119,0.9584049420609032,52.933916091918945,20260224_010830_run13
MiniRocket,AppliancesEnergy,4.643368186288195,1.7423722325758055,2.154847601638732,0.6967647713988003,0.7985577583312988,20260224_010831_run13
MiniRocket,BenzeneConcentration_nmv,2.1352506549192554,1.020181365910341,1.461249689450525,0.9619985927521931,188.4548854827881,20260224_011145_run13
MiniRocket,LiveFuelMoistureContent,1700.8799024274035,31.808737259870153,41.24172526007373,-0.07247886679422066,182.94549322128296,20260224_011452_run13
MiniRocket,BIDMC32RR,0.14396884191268774,0.2614680314578856,0.37943226261440627,0.9841305254844187,630.0882494449615,20260224_012554_run13
MiniRocket,BIDMC32SpO2,0.018171882548543395,0.09738693014312953,0.13480312514383114,0.9982607907994946,657.7128505706787,20260224_013725_run13
MiniRocket,BIDMC32HR,0.16250771035077205,0.2884958627427527,0.403122450814603,0.9990562332230911,660.956164598465,20260224_014859_run13
MiniRocket,AcousticContaminationMadrid_nmv,15.17600131825757,2.8736217656476617,3.8956387561294195,0.6606878720719271,0.7390029430389404,20260224_014900_run13
MiniRocket,AluminiumConcentration,48276.67841194763,142.71782998930303,219.7195449020128,0.7671057081623796,13.090800285339355,20260224_014914_run13
MiniRocket,BarCrawl6min,0.0023135889877009385,0.0368661791812133,0.0480997815764369,0.34827288238923937,3.305959463119507,20260224_014917_run13
MiniRocket,BeijingIntAirportPM25Quality,2767.6884097376073,40.298408522669995,52.60882444740243,0.46288751445397747,34.52602005004883,20260224_014952_run13
MiniRocket,BinanceCoinSentiment,0.162489496401607,0.30900923374478595,0.4030998590940054,-0.1945680295911516,2.2873928546905518,20260224_014954_run13
MiniRocket,BitcoinSentiment,0.031078158369234343,0.13193842834556904,0.17628998374619684,0.4360210449792723,3.042675495147705,20260224_014957_run13
MiniRocket,BoronConcentration,13.763922292876861,0.6828166149599653,3.7099760501756425,0.14719154282051417,14.223994016647339,20260224_015013_run13
MiniRocket,CalciumConcentration,3222667.2287813756,1284.0054656687503,1795.178884897373,0.2800176515864279,15.85371708869934,20260224_015030_run13
MiniRocket,CardanoSentiment,0.07788707685646734,0.2134687296237744,0.279082562795434,0.08694970441404648,0.15398693084716797,20260224_015030_run13
MiniRocket,ChilledWaterPredictor,4873237.1037564725,1258.740905332779,2207.540963098187,-0.2912886624469919,5.410934925079346,20260224_015035_run13
MiniRocket,CopperConcentration,2.728711127434067,0.8380688289332773,1.651881087558686,0.4738545474980821,18.047701835632324,20260224_015055_run13
MiniRocket,Covid19Andalusia,0.00022416051419351675,0.009989632252184315,0.014971990989628491,0.7641162745785148,2.07671856880188,20260224_015057_run13
MiniRocket,DailyOilGasPrices,2.6011841004300322,1.209204057602427,1.6128186818207533,0.4369348250451549,2.9264566898345947,20260224_015100_run13
MiniRocket,DhakaHourlyAirQuality,20.198134104478353,3.1220796516652936,4.494233427902733,0.9952237842886855,37.91629886627197,20260224_015138_run13
MiniRocket,ElectricityPredictor,286078.5606182564,298.8502259418951,534.8631232551525,-0.25511022336920663,14.514658689498901,20260224_015152_run13
MiniRocket,EthereumSentiment,0.08253823632539002,0.21000603715372218,0.28729468551539555,-0.10410350417434788,3.244188070297241,20260224_015156_run13
MiniRocket,GasSensorArrayAcetone,0.040259838682071954,0.12003659199042152,0.2006485451780599,0.5501052834068187,18.64713978767395,20260224_015216_run13
MiniRocket,GasSensorArrayEthanol,0.7019187515977844,0.18849814641198295,0.837805915232033,-5.303340311884768,17.42048192024231,20260224_015235_run13
MiniRocket,HotwaterPredictor,1755367.822182846,837.1123815587378,1324.9029482127535,0.36970495186777375,5.894895792007446,20260224_015241_run13
MiniRocket,IronConcentration,4890.3668579239165,45.371191735798874,69.93115799072625,0.4081091846005248,9.494763612747192,20260224_015251_run13
MiniRocket,LPGasMonitoringHomeActivity,1.5696177396280653,0.9162926781923444,1.25284386083345,0.11349966165678604,74.89857244491577,20260224_015406_run13
MiniRocket,MadridPM10Quality_nmv,66.62724961680209,6.27112219575159,8.16255166089637,0.6093194780867575,252.9709496498108,20260224_015821_run13
MiniRocket,MagnesiumConcentration,35781.65476252376,86.05810594549409,189.16039427566162,0.826614595097536,72.11864113807678,20260224_015940_run13
MiniRocket,ManganeseConcentration,6818.17682749776,56.071369285385614,82.57225216437881,0.47385184988813744,11.255521535873413,20260224_015952_run13
MiniRocket,MethaneMonitoringHomeActivity,0.26075860766039183,0.3509192956098274,0.5106452855558268,0.21081188691350017,65.63978242874146,20260224_020058_run13
MiniRocket,MetroInterstateTrafficVolume,432260.50759237696,525.901043695455,657.4652139789428,-0.27535577437487646,22.295077085494995,20260224_020120_run13
MiniRocket,NaturalGasPricesSentiment,0.005539180626720119,0.05936331775651318,0.07442567182578952,0.14650247847749698,0.17717456817626953,20260224_020120_run13
MiniRocket,OccupancyDetectionLight,6016.621475325565,58.56495061577602,77.56688388304357,0.8486912577063939,2.56447434425354,20260224_020123_run13
MiniRocket,ParkingBirmingham_eq,0.01692878273328658,0.10031964411040022,0.13011065572537317,0.6526814405863043,36.93029475212097,20260224_020200_run13
MiniRocket,PhosphorusConcentration,564.1603966829689,10.577196679229331,23.752060893382893,0.2191723572379266,75.34038972854614,20260224_020322_run13
MiniRocket,PotassiumConcentration,25609.49842883702,84.61692302815462,160.02967983732586,0.7226711039129299,75.62690877914429,20260224_020444_run13
MiniRocket,PrecipitationAndalusia_nmv,0.13341210915747195,0.22910674696949299,0.3652562239818398,0.6436267432500391,13.575105905532837,20260224_020458_run13
MiniRocket,SierraNevadaMountainsSnow,2062.1053742658473,28.521022589733565,45.41041041728039,0.805001949863333,4.873018741607666,20260224_020503_run13
MiniRocket,SodiumConcentration,130470.11316313545,188.7264169251689,361.2064688832904,-2.4015864051031497,11.431226968765259,20260224_020515_run13
MiniRocket,SolarRadiationAndalusia_nmv,0.3466853562576547,0.46988567804115045,0.5887999288872704,0.24287066621153153,17.53195309638977,20260224_020533_run13
MiniRocket,SteamPredictor,719521599.4547008,19211.109333788754,26823.899780880125,-0.37307125286140264,3.930906057357788,20260224_020537_run13
MiniRocket,SulphurConcentration,17040.978626183954,75.72299414627099,130.54109937557578,-10.44311700982895,14.296835660934448,20260224_020552_run13
MiniRocket,WaveDataTension,230.13297486535907,12.003526745252438,15.170134306108139,0.23239152762503323,36.92306590080261,20260224_020629_run13
MiniRocket,WindTurbinePower,7488.090871947593,64.17229471717542,86.53375567920067,0.9899554283175253,13.172415018081665,20260224_020643_run13
MiniRocket,ZincConcentration,1.9576040517588502,0.9513118245753844,1.3991440425341668,-0.1989418666629441,14.010789632797241,20260224_020658_run13
MiniRocket,ElectricMotorTemperature,49.307390294040424,5.192616904108285,7.021922122470486,0.8638472371384738,3050.2731318473816,20260224_025753_run13
MiniRocket,DailyTemperatureLatitude,9.240610396034805,2.2070357905616675,3.0398372318324554,0.9800186009990399,5482.457717418671,20260224_042920_run13
MiniRocket,BeijingPM10Quality_nmv,7344.962034342816,56.60303191256123,85.70275394841647,0.5625104684715322,2446.2195756435394,20260224_051007_run13
MiniRocket,BeijingPM25Quality_nmv,2978.856044962044,37.39869836089613,54.57889743263457,0.7270015703700163,2428.452344894409,20260224_055037_run13
MiniRocket,Covid3Month,0.002517803478801373,0.03460670507366033,0.05017771894776977,-0.3478806027936099,2.023641586303711,20260224_055039_run14
MiniRocket,FloodModeling1,0.0002444125284992966,0.004984737706861048,0.015633698490737775,0.6117865737797428,9.975168228149414,20260224_055049_run14
MiniRocket,FloodModeling2,0.00013040942184956838,0.0035883852781077056,0.011419694472689205,0.668567669248984,10.540501594543457,20260224_055100_run14
MiniRocket,FloodModeling3,3.0161606503039097e-05,0.0035728291139553027,0.005491958348625661,0.9239869769935096,7.730860948562622,20260224_055108_run14
MiniRocket,IEEEPPG,40.52667267469541,4.658536259745714,6.366056288998347,0.9527677611865824,103.09342050552368,20260224_055257_run14
MiniRocket,HouseholdPowerConsumption2_nmv,792.0996051411128,20.734128880647827,28.144264160590748,0.7036547271627491,56.06423783302307,20260224_055355_run14
MiniRocket,HouseholdPowerConsumption1_nmv,16246.959323224815,75.88362892229647,127.46356076630221,0.9550637172669838,55.67640018463135,20260224_055454_run14
MiniRocket,AppliancesEnergy,6.828578581682869,2.1084739715754184,2.6131549096222497,0.6325626480596607,0.9002888202667236,20260224_055455_run14
MiniRocket,BenzeneConcentration_nmv,2.540012234006874,1.0888647973746146,1.5937415831956177,0.9544328183703749,184.95750188827515,20260224_055806_run14
MiniRocket,LiveFuelMoistureContent,1700.0684875922318,31.69835928748832,41.23188678186134,-0.09551199227270657,201.07241988182068,20260224_060131_run14
MiniRocket,BIDMC32RR,0.14366076826878746,0.2696981796234587,0.379026078613052,0.9837487075863455,632.1020946502686,20260224_061235_run14
MiniRocket,BIDMC32SpO2,0.014127103086943487,0.0898780662873476,0.1188574906640027,0.9987537631203729,645.4841201305389,20260224_062353_run14
MiniRocket,BIDMC32HR,0.16432544921390693,0.2961295814356705,0.40537075525240707,0.999049588215931,661.8486366271973,20260224_063527_run14
MiniRocket,AcousticContaminationMadrid_nmv,21.016401650881516,3.5142729263510057,4.584364912491316,0.47578277033806726,0.9246089458465576,20260224_063528_run14
MiniRocket,AluminiumConcentration,44035.53844281749,142.58328891017788,209.84646397501552,0.7892071062996759,14.928885698318481,20260224_063544_run14
MiniRocket,BarCrawl6min,0.002173118519206364,0.03883778176119101,0.04661671930977516,0.18623653655181016,4.07677435874939,20260224_063548_run14
MiniRocket,BeijingIntAirportPM25Quality,3260.3288557341557,43.882051405230925,57.09928945034391,0.43446271615420406,29.50454044342041,20260224_063618_run14
MiniRocket,BinanceCoinSentiment,0.13939587125417688,0.2998044630472875,0.3733575648814108,-0.25545496574360094,1.6867620944976807,20260224_063620_run14
MiniRocket,BitcoinSentiment,0.049240073018536605,0.16151169414677266,0.22190104330204624,0.24725634987228662,3.638828992843628,20260224_063624_run14
MiniRocket,BoronConcentration,1.8035754866370035,0.7752171752371178,1.3429726306358605,-1.872689665713879,11.398956060409546,20260224_063636_run14
MiniRocket,CalciumConcentration,3934136.907967419,1435.0408382826736,1983.4658827334083,0.47109989324678614,13.316212892532349,20260224_063650_run14
MiniRocket,CardanoSentiment,0.07569698336886382,0.2149418865396382,0.2751308477231585,-0.17439545466439443,0.18860912322998047,20260224_063650_run14
MiniRocket,ChilledWaterPredictor,11192752.03619307,1306.874948467308,3345.5570591746105,0.0752032838369523,5.96228289604187,20260224_063657_run14
MiniRocket,CopperConcentration,2.9139930982863556,0.9358749811341999,1.707042207529256,0.39191178285232453,15.362270593643188,20260224_063713_run14
MiniRocket,Covid19Andalusia,0.00016496564348138408,0.008931755795993503,0.012843895183369572,0.8212619612602761,1.6173193454742432,20260224_063715_run14
MiniRocket,DailyOilGasPrices,4.089666509393809,1.1888953929311117,2.0222923896889413,0.23709858151614305,2.322483539581299,20260224_063717_run14
MiniRocket,DhakaHourlyAirQuality,26.794630250145254,3.4694486969555145,5.176352987398102,0.9933428120039605,38.044177293777466,20260224_063755_run14
MiniRocket,ElectricityPredictor,326716.0190877089,306.21722482849816,571.5907793935351,-0.18694838054958707,13.69340968132019,20260224_063809_run14
MiniRocket,EthereumSentiment,0.058191514674745044,0.19172434139537672,0.2412291745928445,0.20312518722963968,3.2495946884155273,20260224_063812_run14
MiniRocket,GasSensorArrayAcetone,0.030862488290817152,0.11760209565314586,0.1756772275817704,0.5374603181703361,17.60779643058777,20260224_063832_run14
MiniRocket,GasSensorArrayEthanol,6.5586947973060905,0.3267359452971164,2.5609948842795625,-60.45474355800503,17.23952555656433,20260224_063851_run14
MiniRocket,HotwaterPredictor,1436831.4660276016,807.2076602720614,1198.6790504666383,0.3748561343330514,5.079479932785034,20260224_063856_run14
MiniRocket,IronConcentration,4431.228465608688,43.06521196389217,66.56747303006692,0.4247472785996763,10.92236042022705,20260224_063908_run14
MiniRocket,LPGasMonitoringHomeActivity,1.5362632141791246,0.90244013172236,1.2394608562512672,0.1346411125452227,69.48242568969727,20260224_064017_run14
MiniRocket,MadridPM10Quality_nmv,63.10724285492794,5.950042444312987,7.94400672550873,0.6323899178712484,274.2465763092041,20260224_064454_run14
MiniRocket,MagnesiumConcentration,12169.92619066708,75.3549527326307,110.31738843295321,0.9425537670827296,78.3423318862915,20260224_064618_run14
MiniRocket,ManganeseConcentration,7363.901290703653,56.223211847147525,85.81317667295421,0.43359429874932776,12.83510136604309,20260224_064632_run14
MiniRocket,MethaneMonitoringHomeActivity,0.31620295202459603,0.3604218873845929,0.5623192616517738,0.18931669805364837,70.8927173614502,20260224_064743_run14
MiniRocket,MetroInterstateTrafficVolume,404382.2448356605,516.547189016822,635.9105635509293,-0.18859832198670223,21.90770649909973,20260224_064805_run14
MiniRocket,NaturalGasPricesSentiment,0.00524231158109814,0.05429972132471895,0.0724038091615223,0.1665882612058237,0.13863468170166016,20260224_064805_run14
MiniRocket,OccupancyDetectionLight,5367.058718056202,49.70516544895331,73.26021238063812,0.8802008433597248,5.105727672576904,20260224_064810_run14
MiniRocket,ParkingBirmingham_eq,0.01780718477560252,0.10185479445925173,0.13344356400966859,0.6510939995787204,40.47561717033386,20260224_064851_run14
MiniRocket,PhosphorusConcentration,315.9930676329893,9.809935698324246,17.77619384550555,0.589259591499478,74.66387891769409,20260224_065012_run14
MiniRocket,PotassiumConcentration,37444.97354427137,84.80645983363088,193.50703745412304,0.6561970490855491,75.6797878742218,20260224_065134_run14
MiniRocket,PrecipitationAndalusia_nmv,0.10593713077860288,0.25555915298964504,0.325479846962301,0.7244051208526214,13.390156030654907,20260224_065148_run14
MiniRocket,SierraNevadaMountainsSnow,2988.1396375181143,32.73250559363589,54.66387872734713,0.6796060065937356,6.3419740200042725,20260224_065155_run14
MiniRocket,SodiumConcentration,126906.0063974026,169.04941313651005,356.23869300990117,-0.8566934813887643,11.578004598617554,20260224_065207_run14
MiniRocket,SolarRadiationAndalusia_nmv,0.3682893869405771,0.4791851355456727,0.606868508773175,0.44953009634978336,12.57336163520813,20260224_065220_run14
MiniRocket,SteamPredictor,1167047168.3641114,17726.526777955452,34162.07207363323,0.019169807534634042,2.5513598918914795,20260224_065222_run14
MiniRocket,SulphurConcentration,119378.88952786042,61.92586867930852,345.51250270845543,0.07420304920047116,11.170729875564575,20260224_065234_run14
MiniRocket,WaveDataTension,244.01570652758903,12.485520346344847,15.621002097419648,0.23985897659150412,38.68218445777893,20260224_065313_run14
MiniRocket,WindTurbinePower,7774.718333293952,64.61037840816415,88.17436324291745,0.989878711269087,12.430063247680664,20260224_065326_run14
MiniRocket,ZincConcentration,1.5189514236760715,0.8530690582400206,1.2324574733742628,-0.016252629011028974,14.045072078704834,20260224_065341_run14
MiniRocket,ElectricMotorTemperature,48.98400380074795,5.244197198658627,6.998857321073773,0.8648502869954908,3074.5433008670807,20260224_074500_run14
MiniRocket,DailyTemperatureLatitude,9.22984583445405,2.196610109388008,3.0380661339829405,0.9800107417766073,3393.1282982826233,20260224_084138_run14
MiniRocket,BeijingPM10Quality_nmv,6914.056969952981,56.303932589361324,83.15080859470328,0.5605598297238901,1014.2879304885864,20260224_085833_run14
MiniRocket,BeijingPM25Quality_nmv,3034.66725380192,37.222976123870154,55.08781402272122,0.7284976788238043,995.4936745166779,20260224_091509_run14
MiniRocket,Covid3Month,0.0018037635530874468,0.03366108817135637,0.042470737609411106,0.019171490753746023,1.0888330936431885,20260224_091510_run15
MiniRocket,FloodModeling1,0.0001775637933233482,0.005009026901377657,0.013325306500165323,0.7379165004127357,4.8062965869903564,20260224_091515_run15
MiniRocket,FloodModeling2,2.265482566938383e-05,0.002369614549325656,0.004759708569795406,0.8685577487097037,3.435079574584961,20260224_091519_run15
MiniRocket,FloodModeling3,2.6965463962758444e-05,0.0033126763824819017,0.0051928281275966034,0.9240063226107147,3.4150800704956055,20260224_091522_run15
MiniRocket,IEEEPPG,39.866835141120994,4.853211605349585,6.314018937342602,0.953585654952856,60.01569104194641,20260224_091627_run15
MiniRocket,HouseholdPowerConsumption2_nmv,641.3483293377758,18.981603621159064,25.324855958875183,0.7425874013369411,33.35431909561157,20260224_091702_run15
MiniRocket,HouseholdPowerConsumption1_nmv,12360.921505678374,75.792462279501,111.17968117276814,0.9650372641804039,33.633302450180054,20260224_091738_run15
MiniRocket,AppliancesEnergy,12.926862653196292,2.739162476300976,3.595394644986318,0.39594544116262764,0.6519002914428711,20260224_091739_run15
MiniRocket,BenzeneConcentration_nmv,2.3516015816995908,1.1131489283684168,1.5334932610545084,0.9571113890928444,85.00676679611206,20260224_091908_run15
MiniRocket,LiveFuelMoistureContent,1868.3135726708879,32.58000629237666,43.22399302090088,-0.10043847165183051,81.69280362129211,20260224_092032_run15
MiniRocket,BIDMC32RR,0.12477623360503963,0.26016064552784923,0.35323679537250874,0.9856521492367607,295.46266508102417,20260224_092548_run15
MiniRocket,BIDMC32SpO2,0.01711044132375402,0.09467116289061038,0.1308068856129295,0.9983399998766087,204.80168223381042,20260224_092923_run15
MiniRocket,BIDMC32HR,0.15910759213389386,0.2916145161716736,0.3988829303616462,0.9991441026168605,198.54782819747925,20260224_093252_run15
MiniRocket,AcousticContaminationMadrid_nmv,16.77871155652158,3.1259679698166147,4.096182558983617,0.5582836244250247,0.3620438575744629,20260224_093252_run15
MiniRocket,AluminiumConcentration,42537.2498034214,157.1694812899587,206.2456055372366,0.7924450340445316,2.854562759399414,20260224_093255_run15
MiniRocket,BarCrawl6min,0.0022434840657591234,0.03498135956450993,0.04736543112607678,0.3907711420040645,0.804102897644043,20260224_093256_run15
MiniRocket,BeijingIntAirportPM25Quality,2850.5515910803047,40.82534631288793,53.39055713401299,0.45328666221765523,0.8735816478729248,20260224_093257_run15
MiniRocket,BinanceCoinSentiment,0.12051144047332286,0.2702640669293936,0.3471475773692262,-0.17951648694280165,0.24347686767578125,20260224_093258_run15
MiniRocket,BitcoinSentiment,0.034813444605532824,0.1446136241229821,0.18658361290727765,0.310306439101213,0.3278481960296631,20260224_093258_run15
MiniRocket,BoronConcentration,14.73967618654168,0.5984610714214242,3.8392285926396306,0.12209511713025367,3.158812999725342,20260224_093302_run15
MiniRocket,CalciumConcentration,3422087.6420945297,1331.5265873255196,1849.888548560299,0.5401610778071662,2.6904938220977783,20260224_093305_run15
MiniRocket,CardanoSentiment,0.09967084584231094,0.24603559169701109,0.3157068986295848,-0.37981749551175836,0.09766626358032227,20260224_093305_run15
MiniRocket,ChilledWaterPredictor,4402562.837161543,1134.0673197298981,2098.2284997496204,-0.26568490196634165,0.9584012031555176,20260224_093306_run15
MiniRocket,CopperConcentration,1.899605842321595,0.8662742979313475,1.3782618917758682,0.4726134826258205,2.826408863067627,20260224_093309_run15
MiniRocket,Covid19Andalusia,0.00014216585650407202,0.008431000211328048,0.01192333244122934,0.8690214752266703,0.29575133323669434,20260224_093309_run15
MiniRocket,DailyOilGasPrices,4.273671536137588,1.4001004247803361,2.067286031524808,0.3214476291747791,0.2962629795074463,20260224_093310_run15
MiniRocket,DhakaHourlyAirQuality,17.78739665816477,2.8901980737790582,4.217510718203899,0.995874274571144,1.8520009517669678,20260224_093312_run15
MiniRocket,ElectricityPredictor,307500.7989568308,295.04252791600624,554.5275457151166,-0.3420517904398841,1.639530897140503,20260224_093313_run15
MiniRocket,EthereumSentiment,0.0679031663866027,0.1868982290096297,0.2605823600833385,0.07214300658591977,0.34453749656677246,20260224_093314_run15
MiniRocket,GasSensorArrayAcetone,0.03516399090074488,0.12153765700090083,0.1875206412658214,0.5352066159163499,6.3605451583862305,20260224_093321_run15
MiniRocket,GasSensorArrayEthanol,7.9052791242375955,0.44062819682397736,2.811632821731457,-82.45369637358718,6.00499701499939,20260224_093327_run15
MiniRocket,HotwaterPredictor,1458099.142633099,846.3688107849516,1207.5177607940593,0.22276926480429216,0.7494688034057617,20260224_093328_run15
MiniRocket,IronConcentration,3579.513297085957,43.613167028429054,59.82903389731408,0.30808944498131885,1.846418857574463,20260224_093330_run15
MiniRocket,LPGasMonitoringHomeActivity,1.6014523376830943,0.9318952055054222,1.2654850207264778,0.08915411898253944,2.3047189712524414,20260224_093332_run15
MiniRocket,MadridPM10Quality_nmv,64.15654522214302,6.095983653861574,8.00977810068063,0.6289963167571027,25.808008670806885,20260224_093359_run15
MiniRocket,MagnesiumConcentration,22333.309238063943,82.90001443881292,149.4433311930109,0.8984558946197085,12.680176496505737,20260224_093414_run15
MiniRocket,ManganeseConcentration,4444.083567410248,49.58755415851159,66.66396003396623,0.49759803948327563,1.8759560585021973,20260224_093416_run15
MiniRocket,MethaneMonitoringHomeActivity,0.2743856524234656,0.3495935266566052,0.5238183391438921,0.2191613582152252,2.048919677734375,20260224_093418_run15
MiniRocket,MetroInterstateTrafficVolume,380491.9290437702,511.1551091662219,616.8402783896089,-0.22553894034724187,0.6691570281982422,20260224_093419_run15
MiniRocket,NaturalGasPricesSentiment,0.003303546894399593,0.04912963933164775,0.05747648992761817,0.39362901845062337,0.06021690368652344,20260224_093419_run15
MiniRocket,OccupancyDetectionLight,7459.795184739428,62.621582054108316,86.37010585115331,0.7910384405341353,0.43262743949890137,20260224_093420_run15
MiniRocket,ParkingBirmingham_eq,0.018819517134894822,0.10059882102469006,0.137184245213854,0.6047118564592493,1.0003769397735596,20260224_093421_run15
MiniRocket,PhosphorusConcentration,328.33322300773204,9.344334992653895,18.119967522259305,0.6309576971765027,13.913449048995972,20260224_093437_run15
MiniRocket,PotassiumConcentration,24017.796558090457,85.90526081487921,154.97676134856624,0.7677993116927108,12.851621627807617,20260224_093452_run15
MiniRocket,PrecipitationAndalusia_nmv,0.11959995767144067,0.2425951647747757,0.34583226811771145,0.674442669008753,2.624572277069092,20260224_093455_run15
MiniRocket,SierraNevadaMountainsSnow,2089.7629437029586,28.655264204242517,45.713925052471254,0.7764042946598367,1.0728740692138672,20260224_093456_run15
MiniRocket,SodiumConcentration,101008.48866444944,168.076313202302,317.81832650816324,-0.9560057480965465,1.843073844909668,20260224_093458_run15
MiniRocket,SolarRadiationAndalusia_nmv,0.41940828100338023,0.5212531760614887,0.6476173878173596,0.22817509179188267,2.069086790084839,20260224_093500_run15
MiniRocket,SteamPredictor,748293597.7760394,16884.393826830077,27354.955634693313,0.30548685402141584,0.7030210494995117,20260224_093501_run15
MiniRocket,SulphurConcentration,85202.6896551376,63.23332061066904,291.89499765350143,-0.04625286898539871,2.6529972553253174,20260224_093504_run15
MiniRocket,WaveDataTension,237.08371185562717,12.23763727389151,15.397522912976203,0.27912810132743493,1.2422592639923096,20260224_093505_run15
MiniRocket,WindTurbinePower,9835.054522005388,68.31368960053857,99.1718433932,0.9869347921759196,0.5642502307891846,20260224_093506_run15
MiniRocket,ZincConcentration,2.7605530561628506,0.8480205626263018,1.661491214590932,-0.05686075759460518,3.1957576274871826,20260224_093510_run15
MiniRocket,ElectricMotorTemperature,50.5837866038342,5.351513135827778,7.11222796343271,0.8607528711099847,492.6513018608093,20260224_094325_run15
MiniRocket,DailyTemperatureLatitude,8.87126258918245,2.183814681385985,2.9784664828032645,0.9806444873716007,550.9290976524353,20260224_095237_run15
MiniRocket,BeijingPM10Quality_nmv,7499.329896580475,55.97617274341633,86.59867144812601,0.5370169453015341,431.2262442111969,20260224_095949_run15
MiniRocket,BeijingPM25Quality_nmv,2872.6061984590306,37.145522306058425,53.59669951087502,0.737648422587485,345.8577871322632,20260224_100536_run15
MiniRocket,Covid3Month,0.0014701423309138911,0.030647199217024523,0.038342435119771555,0.17731558929851665,0.26203370094299316,20260224_100536_run16
MiniRocket,FloodModeling1,3.861168215907067e-05,0.004624017953623676,0.006213829910696838,0.8939414948362412,0.5798134803771973,20260224_100537_run16
MiniRocket,FloodModeling2,1.9900844862353562e-05,0.002259745847752576,0.0044610362991522,0.6905181523779083,0.6296873092651367,20260224_100537_run16
MiniRocket,FloodModeling3,2.0727099746267696e-05,0.003150001859165584,0.0045527024662575626,0.9495699701812454,0.5705080032348633,20260224_100538_run16
MiniRocket,IEEEPPG,38.15579544144565,4.626211798649506,6.177037756193955,0.9559802809498286,27.234067678451538,20260224_100608_run16
MiniRocket,HouseholdPowerConsumption2_nmv,688.5087228221901,19.41477478705872,26.239449743128954,0.7160498960330749,18.328877925872803,20260224_100627_run16
MiniRocket,HouseholdPowerConsumption1_nmv,14719.492405514578,78.97966224167229,121.32391522496535,0.9588073994725145,18.353879690170288,20260224_100647_run16
MiniRocket,AppliancesEnergy,5.958029890940942,1.9481157982953439,2.4409075957399415,0.626375313527361,0.39529919624328613,20260224_100647_run16
MiniRocket,BenzeneConcentration_nmv,2.255388044696582,1.0749375195933972,1.501794940961176,0.9590104428687121,28.072204113006592,20260224_100718_run16
MiniRocket,LiveFuelMoistureContent,1843.2942527619562,32.56369369707151,42.933602839290764,-0.05342311131518862,25.788791179656982,20260224_100745_run16
MiniRocket,BIDMC32RR,0.13557972978469157,0.2646228876012585,0.3682115285874297,0.9858076287637714,186.62942838668823,20260224_101102_run16
MiniRocket,BIDMC32SpO2,0.015078263868261095,0.09247194121724937,0.12279358235779708,0.9985731126248205,190.19037699699402,20260224_101423_run16
MiniRocket,BIDMC32HR,0.18678850118386356,0.3035545479023645,0.4321903529509463,0.9989684151246506,188.00677180290222,20260224_101741_run16
MiniRocket,AcousticContaminationMadrid_nmv,15.268132207635732,3.0527601928314128,3.9074457395638564,0.6613477190414637,0.35855984687805176,20260224_101741_run16
MiniRocket,AluminiumConcentration,51427.2794807273,156.01199340536743,226.7758353103948,0.7711562578952713,2.8150110244750977,20260224_101745_run16
MiniRocket,BarCrawl6min,0.0015927754189809199,0.0291428080694877,0.03990959056393488,0.46350384932604316,0.8039333820343018,20260224_101746_run16
MiniRocket,BeijingIntAirportPM25Quality,2592.4361930305136,39.23311804579861,50.91597188535748,0.5226157710685533,0.8504838943481445,20260224_101747_run16
MiniRocket,BinanceCoinSentiment,0.1576716670014436,0.29174600068889417,0.39707891785065047,-0.239560314985527,0.28072428703308105,20260224_101747_run16
MiniRocket,BitcoinSentiment,0.0461472019990769,0.14542086261094084,0.21481899822659287,0.2919026842271272,0.2908132076263428,20260224_101747_run16
MiniRocket,BoronConcentration,2.329529719633426,0.703462878728051,1.526279699017656,-8.561032663517784,2.915381669998169,20260224_101751_run16
MiniRocket,CalciumConcentration,8441126.373230476,1587.492168023108,2905.3616596269862,0.24464572535831008,2.5591366291046143,20260224_101754_run16
MiniRocket,CardanoSentiment,0.12525521319448268,0.2827594797335242,0.3539141325159009,-0.27056242005230113,0.08273434638977051,20260224_101754_run16
MiniRocket,ChilledWaterPredictor,8353222.621833321,1062.581405065164,2890.19421870457,-0.08782816161691209,0.9307739734649658,20260224_101755_run16
MiniRocket,CopperConcentration,1.5916975118033228,0.8832407560190698,1.261624948946129,0.39057375876172096,2.784072160720825,20260224_101758_run16
MiniRocket,Covid19Andalusia,0.00022554882621026682,0.010418263866904889,0.015018283064660447,0.7521328841546482,0.29078006744384766,20260224_101758_run16
MiniRocket,DailyOilGasPrices,2.2300275454282366,1.0975934704315213,1.4933276751698659,0.33553174366411587,0.2618534564971924,20260224_101759_run16
MiniRocket,DhakaHourlyAirQuality,16.459125001494996,2.92188167734499,4.056984717927219,0.9955354503876843,1.0046563148498535,20260224_101800_run16
MiniRocket,ElectricityPredictor,282783.7541721877,291.11432756533054,531.7741571120091,-0.11607141809973243,1.502441167831421,20260224_101801_run16
MiniRocket,EthereumSentiment,0.05723788787775981,0.18263920342810638,0.23924441033754543,0.240618270891638,0.2981553077697754,20260224_101802_run16
MiniRocket,GasSensorArrayAcetone,0.03938240698188749,0.12653057529106929,0.19845001129223322,0.6026975063077789,5.962788105010986,20260224_101808_run16
MiniRocket,GasSensorArrayEthanol,0.02671494342729318,0.10055300928797573,0.16344706613241236,0.7390286626919127,5.942250728607178,20260224_101814_run16
MiniRocket,HotwaterPredictor,1397083.31012439,844.0670534394189,1181.9827875753479,0.05332895460903175,0.7844109535217285,20260224_101815_run16
MiniRocket,IronConcentration,4429.764369707943,42.1426217548551,66.55647503968298,0.423679308768771,1.8381192684173584,20260224_101817_run16
MiniRocket,LPGasMonitoringHomeActivity,1.621532913249829,0.9199469614180372,1.2733942489464247,0.062155338914321345,1.9397363662719727,20260224_101819_run16
MiniRocket,MadridPM10Quality_nmv,59.40857838484373,5.852441449656756,7.707696049069639,0.6230398714508514,22.90219283103943,20260224_101843_run16
MiniRocket,MagnesiumConcentration,73806.27526003288,85.38776929349228,271.6731036743109,0.703963592771905,12.695374250411987,20260224_101858_run16
MiniRocket,ManganeseConcentration,6859.08461047338,55.24611533257701,82.81959074079865,0.44405441706063165,1.843773603439331,20260224_101900_run16
MiniRocket,MethaneMonitoringHomeActivity,0.25650764593337044,0.33650733163261887,0.5064658388611916,0.29096989363825954,1.9837374687194824,20260224_101902_run16
MiniRocket,MetroInterstateTrafficVolume,355607.8340648883,476.34878828897723,596.328629251429,-0.15271999570619,0.6799798011779785,20260224_101903_run16
MiniRocket,NaturalGasPricesSentiment,0.003662176074751215,0.05070196056438286,0.060515915879636284,0.3903302207835784,0.06020212173461914,20260224_101903_run16
MiniRocket,OccupancyDetectionLight,4856.7067413139475,49.759240157516544,69.69007634745385,0.8587114403221757,0.41557860374450684,20260224_101904_run16
MiniRocket,ParkingBirmingham_eq,0.019870507805887706,0.10718579222702689,0.1409627887276912,0.6029907293951666,1.5284512042999268,20260224_101905_run16
MiniRocket,PhosphorusConcentration,464.1499391704198,10.31614701483832,21.544139323036784,0.45783043045179384,13.10064172744751,20260224_101920_run16
MiniRocket,PotassiumConcentration,43630.95369150122,85.1599557915759,208.88023767580603,0.6293253027085192,12.646476984024048,20260224_101935_run16
MiniRocket,PrecipitationAndalusia_nmv,0.16291208278266475,0.24123912446275733,0.40362368957069994,0.5883927722336635,2.509814500808716,20260224_101938_run16
MiniRocket,SierraNevadaMountainsSnow,1934.0876981104748,27.910505420542062,43.97826392788232,0.7736528717356289,0.42871880531311035,20260224_101938_run16
MiniRocket,SodiumConcentration,231870.967830002,200.82160320769972,481.5298202915391,-0.5836534405001905,1.807790756225586,20260224_101941_run16
MiniRocket,SolarRadiationAndalusia_nmv,0.35251886442885594,0.4712241933049778,0.5937329908543536,0.2761241196590829,2.0745339393615723,20260224_101943_run16
MiniRocket,SteamPredictor,595005122.660022,17076.71554315457,24392.72683936796,0.15899153952334089,0.699444055557251,20260224_101944_run16
MiniRocket,SulphurConcentration,9111.663532760627,61.06745018936899,95.45503408810154,-0.10035112542837221,2.5503528118133545,20260224_101947_run16
MiniRocket,WaveDataTension,220.10512322140124,11.626052367783334,14.835940254038544,0.2644006513270407,0.9991092681884766,20260224_101948_run16
MiniRocket,WindTurbinePower,6914.839049509335,61.599440432716605,83.15551123954043,0.9905340939992243,0.5407717227935791,20260224_101948_run16
MiniRocket,ZincConcentration,2.671971495537151,0.9226511239425051,1.6346166203538832,-0.14596170601392688,2.5837061405181885,20260224_101951_run16
MiniRocket,ElectricMotorTemperature,50.06124678966465,5.279059560673171,7.075397288468306,0.8619130449746726,480.51220178604126,20260224_102754_run16
MiniRocket,DailyTemperatureLatitude,9.37006261650212,2.2238130009148516,3.061055800945504,0.9794802260883813,454.2281172275543,20260224_103530_run16
MiniRocket,BeijingPM10Quality_nmv,7578.4836758133215,56.916262828198015,87.05448682183659,0.542665231996295,342.3794844150543,20260224_104113_run16
MiniRocket,BeijingPM25Quality_nmv,2941.4492981242824,37.86346429668407,54.23512974193279,0.7451685626840521,343.4432921409607,20260224_104657_run16
MiniRocket,Covid3Month,0.001313268681756214,0.029762606268102836,0.03623904912875356,0.14598002924376097,0.28382444381713867,20260224_104657_run17
MiniRocket,FloodModeling1,3.6962727977746494e-05,0.00439004233404418,0.006079698016986246,0.8718601085912105,0.6244950294494629,20260224_104658_run17
MiniRocket,FloodModeling2,8.520556395877996e-06,0.0018764074017709113,0.0029189992113527533,0.8550338248584752,0.6164126396179199,20260224_104659_run17
MiniRocket,FloodModeling3,3.9198140683999836e-05,0.0036577738038524226,0.006260841851061232,0.9037434904624917,0.5830419063568115,20260224_104700_run17
MiniRocket,IEEEPPG,43.54594424977879,4.93355980366517,6.59893508452529,0.9516318598605372,27.460100650787354,20260224_104730_run17
MiniRocket,HouseholdPowerConsumption2_nmv,747.1656085979885,19.683230054200415,27.334330220402116,0.7134231604410717,18.554808616638184,20260224_104749_run17
MiniRocket,HouseholdPowerConsumption1_nmv,16996.977497319895,76.9893743245118,130.3724568201424,0.9513785166662576,18.439942121505737,20260224_104809_run17
MiniRocket,AppliancesEnergy,6.429813794222601,2.105432610656372,2.535707750160219,0.622292304294741,0.3542633056640625,20260224_104809_run17
MiniRocket,BenzeneConcentration_nmv,2.0056945025992965,0.993087899104367,1.4162254420110156,0.9646725936518353,27.911649227142334,20260224_104840_run17
MiniRocket,LiveFuelMoistureContent,1714.8573335405936,32.057816853221745,41.41083594351355,-0.08726064317243631,25.87920832633972,20260224_104907_run17
MiniRocket,BIDMC32RR,0.1798264267317092,0.27791820956672675,0.4240594613161098,0.980292101126602,190.33552718162537,20260224_105228_run17
MiniRocket,BIDMC32SpO2,0.014042080952415678,0.08830634752697204,0.11849928671690677,0.9987245644843956,193.18676161766052,20260224_105551_run17
MiniRocket,BIDMC32HR,0.16446147216671983,0.2873640839623227,0.4055384965286524,0.999030844417824,193.39865708351135,20260224_105915_run17
MiniRocket,AcousticContaminationMadrid_nmv,17.106797310866433,3.146655970056322,4.136036425234482,0.5915199426317597,0.3480074405670166,20260224_105916_run17
MiniRocket,AluminiumConcentration,51305.625056614896,157.8309251680276,226.5074503335705,0.7877390783728301,2.797569990158081,20260224_105919_run17
MiniRocket,BarCrawl6min,0.001968537184995864,0.03385514762616497,0.044368200155019404,0.414807774648147,0.8274486064910889,20260224_105920_run17
MiniRocket,BeijingIntAirportPM25Quality,3278.0178589533944,43.25767234514546,57.25397679596933,0.4801009606778701,0.8511285781860352,20260224_105921_run17
MiniRocket,BinanceCoinSentiment,0.14016297703015676,0.28818106657820375,0.374383462548971,-0.09845840021621788,0.27930521965026855,20260224_105921_run17
MiniRocket,BitcoinSentiment,0.0385705735684895,0.13859771855578187,0.19639392446939263,0.26575235392124363,0.3049952983856201,20260224_105921_run17
MiniRocket,BoronConcentration,3.52066307997272,0.728991919822818,1.8763430070146343,-0.6512066147588313,2.7988414764404297,20260224_105925_run17
MiniRocket,CalciumConcentration,5643295.462673714,1363.0132296030397,2375.5621361424573,0.6636364323415858,2.5682599544525146,20260224_105928_run17
MiniRocket,CardanoSentiment,0.07535496895513107,0.2134399600224684,0.27450859541211287,-0.1150499334256343,0.08229374885559082,20260224_105928_run17
MiniRocket,ChilledWaterPredictor,8650952.271740017,1268.8373129041017,2941.2501205677863,-0.13559668031734562,0.9335970878601074,20260224_105929_run17
MiniRocket,CopperConcentration,2.8426229553748,0.9744565679627158,1.686007993864442,0.3711957607276337,2.804373025894165,20260224_105932_run17
MiniRocket,Covid19Andalusia,9.036367820330604e-05,0.007498756463418691,0.009505981180462439,0.8593510185603138,0.2768266201019287,20260224_105932_run17
MiniRocket,DailyOilGasPrices,3.7149427698276996,1.3126890339097572,1.927418680470774,0.2915602850123733,0.29546451568603516,20260224_105933_run17
MiniRocket,DhakaHourlyAirQuality,17.925852471717082,3.0370438228282968,4.233893299519614,0.9955086472960251,1.0104014873504639,20260224_105934_run17
MiniRocket,ElectricityPredictor,218115.66681451703,252.0235043051791,467.0285503205527,-0.124930119799465,1.5395357608795166,20260224_105935_run17
MiniRocket,EthereumSentiment,0.06750074574269227,0.1856035666732831,0.25980905631384804,-0.21204322305980616,0.32328128814697266,20260224_105936_run17
MiniRocket,GasSensorArrayAcetone,0.028751165519793825,0.11848883707844947,0.16956168647366604,0.6926753102092238,5.979408502578735,20260224_105942_run17
MiniRocket,GasSensorArrayEthanol,0.35050519649741835,0.1686641353963339,0.5920347933165908,-2.9552434215643877,6.024797439575195,20260224_105949_run17
MiniRocket,HotwaterPredictor,1509828.9915160255,756.8933263416681,1228.750988408972,0.3867763280324894,0.7932894229888916,20260224_105949_run17
MiniRocket,IronConcentration,3238.249615033619,40.276463930328966,56.90562024118197,0.44719836869783136,1.8333344459533691,20260224_105952_run17
MiniRocket,LPGasMonitoringHomeActivity,1.521685977318414,0.9091616531497012,1.2335663651860866,0.08452142852952282,2.002929449081421,20260224_105954_run17
MiniRocket,MadridPM10Quality_nmv,64.47575868826594,6.020771617804942,8.029679862128125,0.6094489683741933,23.07923674583435,20260224_110018_run17
MiniRocket,MagnesiumConcentration,17965.523609867134,78.44939338483576,134.03553114703254,0.915150094370094,12.699033737182617,20260224_110033_run17
MiniRocket,ManganeseConcentration,5434.208684566422,51.743902055581664,73.7170854318483,0.4986457219339403,1.8670480251312256,20260224_110035_run17
MiniRocket,MethaneMonitoringHomeActivity,0.2621002288481121,0.33889140648111227,0.5119572529500018,0.22396386656335276,1.9927356243133545,20260224_110037_run17
MiniRocket,MetroInterstateTrafficVolume,361923.1050689877,500.67971850806236,601.6004530159429,-0.3010725590161234,0.6856822967529297,20260224_110038_run17
MiniRocket,NaturalGasPricesSentiment,0.0047166226242226095,0.05484204006244063,0.06867767194818568,0.5095346036165885,0.06084442138671875,20260224_110038_run17
MiniRocket,OccupancyDetectionLight,7557.379327276242,59.84704269038432,86.93318887097287,0.8088450015983358,0.43483567237854004,20260224_110038_run17
MiniRocket,ParkingBirmingham_eq,0.016771447951722477,0.09806984757654219,0.12950462521362888,0.657229847836829,0.966611385345459,20260224_110039_run17
MiniRocket,PhosphorusConcentration,327.8989889414775,10.299799726884665,18.107981360203503,0.5475534511685862,13.097232580184937,20260224_110054_run17
MiniRocket,PotassiumConcentration,26245.102262839562,90.81940073282183,162.0034020100799,0.5573035399496715,12.980417013168335,20260224_110110_run17
MiniRocket,PrecipitationAndalusia_nmv,0.10033330082181596,0.23984180664295696,0.3167543224990244,0.7235496912583428,2.693925619125366,20260224_110113_run17
MiniRocket,SierraNevadaMountainsSnow,1838.1787395176104,26.835579743528214,42.873986746249884,0.8000750610299258,0.46983790397644043,20260224_110113_run17
MiniRocket,SodiumConcentration,198170.58106675968,197.5578321044433,445.1635441798437,-0.7123867466880798,1.8169898986816406,20260224_110115_run17
MiniRocket,SolarRadiationAndalusia_nmv,0.45680098318788626,0.5063948930152053,0.6758705372982952,0.1719110421028024,2.0918896198272705,20260224_110117_run17
MiniRocket,SteamPredictor,1522346710.3587909,19574.00869592386,39017.261697340975,0.16545686618566424,0.7050151824951172,20260224_110118_run17
MiniRocket,SulphurConcentration,120500.32757215167,63.75840012840673,347.13157098159724,0.06392936303190122,2.548845052719116,20260224_110121_run17
MiniRocket,WaveDataTension,224.95578138624552,12.085306845460334,14.998525973783075,0.31269503649439034,1.0441091060638428,20260224_110122_run17
MiniRocket,WindTurbinePower,8443.186967372752,67.06185393262446,91.88681606940547,0.9895880862388423,0.5616374015808105,20260224_110123_run17
MiniRocket,ZincConcentration,1.7790922126873994,0.9343454287799731,1.333826155346865,-0.2991291393666964,3.1894805431365967,20260224_110126_run17
MiniRocket,ElectricMotorTemperature,49.601374096240534,5.271623679516107,7.0428242982656135,0.8629098585910597,479.76502203941345,20260224_110929_run17
MiniRocket,DailyTemperatureLatitude,9.258389726768824,2.215992828406505,3.042760215128498,0.9798526445417014,456.49453687667847,20260224_111707_run17
MiniRocket,BeijingPM10Quality_nmv,6426.080349332381,55.80950752693713,80.16283646012272,0.602549551801916,341.3141574859619,20260224_112249_run17
MiniRocket,BeijingPM25Quality_nmv,2724.515892050276,36.87020245461568,52.196895425401266,0.7655297568286804,342.0145561695099,20260224_112831_run17
MiniRocket,Covid3Month,0.0015113490088227532,0.031885444094852146,0.038876072445950004,-7.058634831502708e-05,0.30163145065307617,20260224_112832_run18
MiniRocket,FloodModeling1,0.0002255976272885406,0.00522419598298933,0.015019907699068613,0.638681337153879,0.6215312480926514,20260224_112832_run18
MiniRocket,FloodModeling2,2.8474709195499577e-05,0.003080679704567212,0.005336169899422204,0.5833330099423688,0.6241693496704102,20260224_112833_run18
MiniRocket,FloodModeling3,4.5811069411142746e-05,0.0036004896086606654,0.006768387504505246,0.8889052831653509,0.5967905521392822,20260224_112834_run18
MiniRocket,IEEEPPG,43.83237932995576,4.755906556146252,6.620602640995437,0.9494979715008548,27.19496464729309,20260224_112904_run18
MiniRocket,HouseholdPowerConsumption2_nmv,1052.9682908234236,21.650702416018188,32.449472889762376,0.6044847110620624,18.249716758728027,20260224_112923_run18
MiniRocket,HouseholdPowerConsumption1_nmv,23848.532072457336,88.20450288292797,154.42969945077706,0.9356525170778414,18.26442527770996,20260224_112942_run18
MiniRocket,AppliancesEnergy,7.8815238371807395,2.154437739728398,2.8074051786624494,0.6588852034650241,0.3587679862976074,20260224_112943_run18
MiniRocket,BenzeneConcentration_nmv,2.4900608082879048,1.1146421178912247,1.5779926515316556,0.9573504492027765,27.76409673690796,20260224_113013_run18
MiniRocket,LiveFuelMoistureContent,1778.7970807530528,31.978924539305247,42.17578784982034,-0.0466042799796218,25.468181371688843,20260224_113040_run18
MiniRocket,BIDMC32RR,0.14689928806355979,0.26627487155818313,0.38327442918039784,0.9842969398997525,185.59298491477966,20260224_113356_run18
MiniRocket,BIDMC32SpO2,0.014767626716215376,0.09174445419299315,0.12152212438982202,0.9986683055803979,188.2888433933258,20260224_113715_run18
MiniRocket,BIDMC32HR,0.17394783386003773,0.2923139483484843,0.41707053823069035,0.9990448714258953,190.83963298797607,20260224_114036_run18
MiniRocket,AcousticContaminationMadrid_nmv,23.19363893238497,3.6395548104467617,4.815977463857672,0.40080481413298696,0.331240177154541,20260224_114036_run18
MiniRocket,AluminiumConcentration,49570.150691213166,143.6467737680381,222.64355075144928,0.7824493093478737,2.778991222381592,20260224_114040_run18
MiniRocket,BarCrawl6min,0.0012839981937032743,0.026055570139230644,0.03583292052991598,0.4407778338313738,0.7947168350219727,20260224_114041_run18
MiniRocket,BeijingIntAirportPM25Quality,2791.2562307816083,40.5945749482969,52.832340765686396,0.45790730064911067,0.8452959060668945,20260224_114041_run18
MiniRocket,BinanceCoinSentiment,0.14625679199798206,0.28972692236254916,0.38243534355232134,-0.016131788546671855,0.29733991622924805,20260224_114042_run18
MiniRocket,BitcoinSentiment,0.04452262022768583,0.1440046002893466,0.21100383936716846,0.3346416961123332,0.2995030879974365,20260224_114042_run18
MiniRocket,BoronConcentration,15.103523209524328,0.5921598599260739,3.8863251548891697,0.0945024513882472,3.014650583267212,20260224_114046_run18
MiniRocket,CalciumConcentration,3648634.2547185114,1293.4623038325835,1910.1398521360973,0.4529693985023552,2.5320096015930176,20260224_114049_run18
MiniRocket,CardanoSentiment,0.10248901385258617,0.24318600792712994,0.32013905393217207,-0.20968038414836254,0.09277892112731934,20260224_114049_run18
MiniRocket,ChilledWaterPredictor,5205177.038459229,1168.6734682012939,2281.485708580974,-0.09244368171136408,0.9398190975189209,20260224_114050_run18
MiniRocket,CopperConcentration,3.4331326390995063,0.8695230635976042,1.852871457791799,0.35502765865093455,2.807865619659424,20260224_114053_run18
MiniRocket,Covid19Andalusia,0.00017983283581483818,0.008233988160621559,0.01341017657657192,0.6635751291337149,0.2783975601196289,20260224_114053_run18
MiniRocket,DailyOilGasPrices,3.9871054514223694,1.2208923406488987,1.996773760700588,0.400629760957528,0.2836184501647949,20260224_114054_run18
MiniRocket,DhakaHourlyAirQuality,17.55109424645383,3.0176113248688012,4.189402612121904,0.9955236380924071,1.034938097000122,20260224_114055_run18
MiniRocket,ElectricityPredictor,240042.78189964377,246.81550152286567,489.9416107044224,-0.08289502043714236,1.5023539066314697,20260224_114056_run18
MiniRocket,EthereumSentiment,0.06596356390131718,0.18340025876144933,0.2568337281225291,0.13094593633241536,0.32302045822143555,20260224_114057_run18
MiniRocket,GasSensorArrayAcetone,0.03286229519540868,0.11545018017828375,0.18127960501779752,0.6880625201807355,6.023962020874023,20260224_114103_run18
MiniRocket,GasSensorArrayEthanol,0.025273049634445773,0.10943427305054318,0.1589749968845597,0.7193219935885764,6.0171709060668945,20260224_114109_run18
MiniRocket,HotwaterPredictor,1117603.558926536,744.3934380340313,1057.1677061500393,0.3087061510905703,0.7811272144317627,20260224_114110_run18
MiniRocket,IronConcentration,3888.9897268844334,39.02501629886645,62.36176494362899,0.46253415407570575,1.84745192527771,20260224_114113_run18
MiniRocket,LPGasMonitoringHomeActivity,1.7297007353659388,0.9370936544776602,1.315180875532312,0.06318102024249472,1.9406156539916992,20260224_114115_run18
MiniRocket,MadridPM10Quality_nmv,59.12054036376216,5.875000915818959,7.688988253584613,0.648454842754492,22.98999261856079,20260224_114139_run18
MiniRocket,MagnesiumConcentration,25021.759919564836,80.68155267908264,158.18267894926055,0.8577138900763426,12.968242883682251,20260224_114154_run18
MiniRocket,ManganeseConcentration,6905.0445897424615,54.48814025660138,83.09659794325194,0.4242136765560459,2.293072462081909,20260224_114156_run18
MiniRocket,MethaneMonitoringHomeActivity,0.26510949934494193,0.34508299240735746,0.5148878512306753,0.2535888731924735,1.9798002243041992,20260224_114158_run18
MiniRocket,MetroInterstateTrafficVolume,367503.3284526541,497.82456195776246,606.2205279043709,-0.23449257758485964,0.6866724491119385,20260224_114159_run18
MiniRocket,NaturalGasPricesSentiment,0.0032579267546276954,0.04649907500828403,0.05707825115249849,0.5591685227140155,0.05830192565917969,20260224_114159_run18
MiniRocket,OccupancyDetectionLight,5386.8529163666735,50.35337301819315,73.39518319594735,0.8670439505509041,0.4351942539215088,20260224_114200_run18
MiniRocket,ParkingBirmingham_eq,0.01876128827360854,0.10395080708719943,0.13697185212155283,0.6209287631878349,0.9709494113922119,20260224_114201_run18
MiniRocket,PhosphorusConcentration,586.755481005899,9.66600814992162,24.223036164071154,0.498317319292243,13.092497825622559,20260224_114216_run18
MiniRocket,PotassiumConcentration,20681.52204134215,77.56886681567953,143.8107160170693,0.8134534875570453,12.969561576843262,20260224_114231_run18
MiniRocket,PrecipitationAndalusia_nmv,0.13332817583057294,0.2578069237522964,0.36514130940031003,0.6769895633629623,2.5211620330810547,20260224_114234_run18
MiniRocket,SierraNevadaMountainsSnow,2342.034947576976,28.89946750501266,48.39457560075277,0.789407007169836,0.44311070442199707,20260224_114234_run18
MiniRocket,SodiumConcentration,887646.9435505732,123.44233759868291,942.1501703818628,-0.016753865391640588,1.8467457294464111,20260224_114236_run18
MiniRocket,SolarRadiationAndalusia_nmv,0.38974684750762056,0.4831696757900394,0.6242970827319478,0.24573301787279855,2.0539803504943848,20260224_114238_run18
MiniRocket,SteamPredictor,1388888854.0182123,19338.484312575685,37267.79915715727,0.13241227308947512,0.7092833518981934,20260224_114239_run18
MiniRocket,SulphurConcentration,86855.5003579658,64.41732528711587,294.71257244638514,-0.03132602717634092,2.580319881439209,20260224_114242_run18
MiniRocket,WaveDataTension,228.8426665208382,12.122292412642562,15.127546612747164,0.2261947340300684,1.0818259716033936,20260224_114243_run18
MiniRocket,WindTurbinePower,5724.727597236088,57.32121850417904,75.66192964256257,0.9926460462045598,0.5322747230529785,20260224_114244_run18
MiniRocket,ZincConcentration,2.1780573903610856,0.8327298640319455,1.475824308771571,0.11244240407584583,2.590951442718506,20260224_114247_run18
MiniRocket,ElectricMotorTemperature,50.715873126629106,5.190818387958145,7.121507784635857,0.8634951908883627,480.441796541214,20260224_115050_run18
MiniRocket,DailyTemperatureLatitude,8.904948686178777,2.17953690194014,2.984116064461766,0.9805420292928303,451.59385442733765,20260224_115823_run18
MiniRocket,BeijingPM10Quality_nmv,7087.5014286959995,57.44427989462323,84.18729968763697,0.5769785259756663,344.02076959609985,20260224_120408_run18
MiniRocket,BeijingPM25Quality_nmv,3168.332673355141,39.01604217916064,56.287944298536445,0.7297591403704784,342.38503432273865,20260224_120951_run18
MiniRocket,Covid3Month,0.0013053935600589736,0.02828693780703944,0.03613023055640489,0.042448730914400934,0.2743229866027832,20260224_120951_run19
MiniRocket,FloodModeling1,0.00022625168645068656,0.0051305034741023344,0.01504166501590454,0.6477015508527839,0.6190445423126221,20260224_120952_run19
MiniRocket,FloodModeling2,4.290889291133109e-05,0.0026746711718030856,0.006550487990320346,0.7326050380261504,0.6149249076843262,20260224_120953_run19
MiniRocket,FloodModeling3,2.052113794658333e-05,0.003326247439238266,0.004530026263343661,0.9410557022794493,0.6355302333831787,20260224_120953_run19
MiniRocket,IEEEPPG,38.189424000931226,4.698027917506838,6.179759218685727,0.9558015987618814,27.317451000213623,20260224_121023_run19
MiniRocket,HouseholdPowerConsumption2_nmv,775.9741608133236,20.659213277457788,27.856312764135236,0.6897049956505377,18.442250728607178,20260224_121043_run19
MiniRocket,HouseholdPowerConsumption1_nmv,15526.63339056379,81.93589667465112,124.60591234192617,0.9566216747144107,18.238742351531982,20260224_121102_run19
MiniRocket,AppliancesEnergy,7.885913294438471,2.111201935776512,2.808186833962169,0.5134260692687773,0.3624892234802246,20260224_121103_run19
MiniRocket,BenzeneConcentration_nmv,2.4235138053062637,1.0910883642565035,1.5567638887468658,0.9577920972934885,27.856340408325195,20260224_121133_run19
MiniRocket,LiveFuelMoistureContent,1840.86540537261,32.34668105656222,42.905307426618094,-0.035607450490393155,25.690694332122803,20260224_121200_run19
MiniRocket,BIDMC32RR,0.14460897403863623,0.27429705568188345,0.3802748664303706,0.9848119521823884,189.03798818588257,20260224_121520_run19
MiniRocket,BIDMC32SpO2,0.015612116559504806,0.09373124808778878,0.12494845561072296,0.998576661967484,192.3004813194275,20260224_121842_run19
MiniRocket,BIDMC32HR,0.18678497262381671,0.30583725174217574,0.43218627074887134,0.9989444118602359,190.91918683052063,20260224_122204_run19
MiniRocket,AcousticContaminationMadrid_nmv,13.541777338093924,2.9176961065053764,3.679915398225063,0.672058992458171,0.30689024925231934,20260224_122204_run19
MiniRocket,AluminiumConcentration,42344.368401966036,140.02271173181902,205.77747301871028,0.8142826306152167,2.818394184112549,20260224_122207_run19
MiniRocket,BarCrawl6min,0.003104658289441226,0.04392457851647698,0.055719460598979476,0.24395932167947576,0.8360598087310791,20260224_122208_run19
MiniRocket,BeijingIntAirportPM25Quality,3265.96944190953,41.674107467504406,57.14866089340615,0.5124251248338392,0.8829624652862549,20260224_122209_run19
MiniRocket,BinanceCoinSentiment,0.13640171771598975,0.2887826943385866,0.36932603173346684,-0.04598176383606534,0.28496623039245605,20260224_122210_run19
MiniRocket,BitcoinSentiment,0.0350435184881131,0.1314366658292337,0.1871991412590162,0.3805836872462107,0.2991292476654053,20260224_122210_run19
MiniRocket,BoronConcentration,1.1743127083844378,0.5917013196254046,1.0836570990790573,-6.82505138619648,2.793570041656494,20260224_122213_run19
MiniRocket,CalciumConcentration,7603435.055443343,1298.4058757116732,2757.4326928219557,0.5796244141945011,2.5847699642181396,20260224_122216_run19
MiniRocket,CardanoSentiment,0.15676589058529716,0.3030563405916401,0.39593672548185926,-1.0963874615513238,0.07776808738708496,20260224_122216_run19
MiniRocket,ChilledWaterPredictor,13608052.440513637,1286.5801961769223,3688.909383613758,0.02959585782706975,0.9513442516326904,20260224_122217_run19
MiniRocket,CopperConcentration,4.264936814925666,0.9181746601654988,2.065172345090275,0.3704581114090142,2.803792715072632,20260224_122221_run19
MiniRocket,Covid19Andalusia,0.00021385640300883627,0.009309951417525051,0.01462382997059376,0.8052561112637766,0.2892441749572754,20260224_122221_run19
MiniRocket,DailyOilGasPrices,2.4301056483922006,1.0931095049598916,1.5588796131812748,0.560360337071984,0.28581881523132324,20260224_122221_run19
MiniRocket,DhakaHourlyAirQuality,17.17354531756776,2.8414125181159857,4.144097648169956,0.9956037517882784,1.0482757091522217,20260224_122222_run19
MiniRocket,ElectricityPredictor,313603.0680116767,282.9319388011829,560.0027392894402,-0.06285854073231745,1.5037665367126465,20260224_122224_run19
MiniRocket,EthereumSentiment,0.05631231229458334,0.1936189492770432,0.23730215400325244,-0.014374764623945158,0.32832813262939453,20260224_122224_run19
MiniRocket,GasSensorArrayAcetone,0.07111876305973437,0.12457755228014429,0.26668101368439107,0.2292737679790371,6.104467391967773,20260224_122231_run19
MiniRocket,GasSensorArrayEthanol,0.02581287376791539,0.10822662716942724,0.16066385333333502,0.7614921810586536,6.0045037269592285,20260224_122237_run19
MiniRocket,HotwaterPredictor,1205245.6588366684,699.770849860715,1097.8368088366633,0.4981855341133484,0.7932920455932617,20260224_122238_run19
MiniRocket,IronConcentration,3306.014091742393,39.71892881679419,57.49794858725303,0.4749606508400811,1.8218963146209717,20260224_122240_run19
MiniRocket,LPGasMonitoringHomeActivity,1.5441854612994428,0.9436574852076876,1.2426525907507064,0.05473651675351565,1.9451699256896973,20260224_122242_run19
MiniRocket,MadridPM10Quality_nmv,61.98506985860796,5.998270998785604,7.8730597520028995,0.6184631817177437,22.890825271606445,20260224_122306_run19
MiniRocket,MagnesiumConcentration,22164.962530233668,75.72896837447516,148.8790197785896,0.9013141019603619,12.741406679153442,20260224_122321_run19
MiniRocket,ManganeseConcentration,5283.257494466121,51.5260197560117,72.68601993826681,0.5258375452137632,1.8570075035095215,20260224_122323_run19
MiniRocket,MethaneMonitoringHomeActivity,0.23819714261969233,0.34506484579579233,0.48805444636812023,0.2418333783096387,1.9589931964874268,20260224_122325_run19
MiniRocket,MetroInterstateTrafficVolume,401126.6736504713,514.3948702278236,633.3456194294481,-0.2981596030889504,0.6971650123596191,20260224_122326_run19
MiniRocket,NaturalGasPricesSentiment,0.003924227602802557,0.04991593846023573,0.06264365572667799,0.37136603226157594,0.06695437431335449,20260224_122326_run19
MiniRocket,OccupancyDetectionLight,4619.555237682151,48.27601857260063,67.96731006654707,0.8879919043502262,0.4483530521392822,20260224_122327_run19
MiniRocket,ParkingBirmingham_eq,0.018222744629653783,0.0997916827222933,0.1349916465180486,0.6347212199270882,0.986015796661377,20260224_122328_run19
MiniRocket,PhosphorusConcentration,521.3754378547341,9.70501624213504,22.833647055491028,0.3712091310013508,12.856416940689087,20260224_122343_run19
MiniRocket,PotassiumConcentration,28436.507155341318,89.29245084113585,168.63127573300665,0.7466803908930391,12.821983098983765,20260224_122358_run19
MiniRocket,PrecipitationAndalusia_nmv,0.1049163606184591,0.23910881887221144,0.3239079508416845,0.6916939707594136,2.548978090286255,20260224_122400_run19
MiniRocket,SierraNevadaMountainsSnow,2476.944387522839,32.92147444627311,49.76890984864787,0.7414875145655566,0.44683337211608887,20260224_122401_run19
MiniRocket,SodiumConcentration,197495.44392342807,192.80780657342595,444.40459484958984,-0.16496599454965843,1.785520315170288,20260224_122403_run19
MiniRocket,SolarRadiationAndalusia_nmv,0.3894750636947228,0.49342052450113827,0.6240793729123907,0.39186934773110815,2.048994541168213,20260224_122405_run19
MiniRocket,SteamPredictor,1217155748.673909,18269.110340557076,34887.75929568864,0.15250380750604864,0.7282824516296387,20260224_122406_run19
MiniRocket,SulphurConcentration,53803.48487755066,76.99056421960479,231.9557821602011,-0.08461522457279358,2.5810141563415527,20260224_122409_run19
MiniRocket,WaveDataTension,284.8058005293408,12.649644565025751,16.876190344071755,0.03701924534159029,1.0272080898284912,20260224_122410_run19
MiniRocket,WindTurbinePower,8050.8491231397165,64.72983606521115,89.72652407811034,0.9897220701513689,0.502636194229126,20260224_122411_run19
MiniRocket,ZincConcentration,3.02373700503614,0.8768200529963874,1.7388895896623626,0.1337490243461058,2.5966379642486572,20260224_122414_run19
MiniRocket,ElectricMotorTemperature,51.82641223928157,5.310148875943992,7.19905634366627,0.8557523196757466,482.03705954551697,20260224_123218_run19
MiniRocket,DailyTemperatureLatitude,9.176806456338483,2.2216966571409387,3.029324422431259,0.9798185177842608,473.9954171180725,20260224_124014_run19
MiniRocket,BeijingPM10Quality_nmv,7185.478460820894,56.41143359935275,84.76720156299189,0.5500108048864658,419.35871028900146,20260224_124714_run19
MiniRocket,BeijingPM25Quality_nmv,3139.4923184913546,37.843549695387786,56.03117273885453,0.7219798598388141,430.65661001205444,20260224_125425_run19
MiniRocket,Covid3Month,0.0011899259906733974,0.027742424194874795,0.034495303893043144,0.09562791730402231,0.49085044860839844,20260224_125426_run20
MiniRocket,FloodModeling1,5.2573405132942005e-05,0.005171547767719657,0.007250752039129596,0.8495231164713238,2.0364348888397217,20260224_125428_run20
MiniRocket,FloodModeling2,1.6918039598102727e-05,0.0018655511503429328,0.004113154458332768,0.845047637465978,1.731532096862793,20260224_125430_run20
MiniRocket,FloodModeling3,2.6159515513384477e-05,0.003314423252220177,0.005114637378483882,0.9219774324073433,1.408524990081787,20260224_125431_run20
MiniRocket,IEEEPPG,43.498317439215825,4.996964192886778,6.595325423299128,0.9480891819080188,34.19278812408447,20260224_125508_run20
MiniRocket,HouseholdPowerConsumption2_nmv,748.5392801935901,19.933518352858204,27.3594459043598,0.6872353839513986,20.90732431411743,20260224_125530_run20
MiniRocket,HouseholdPowerConsumption1_nmv,15527.747689726537,81.81292932384852,124.61038355500932,0.958756051353226,21.226938724517822,20260224_125552_run20
MiniRocket,AppliancesEnergy,4.464283357349088,1.7407681808792734,2.1128850790682128,0.704905933672412,0.41063833236694336,20260224_125553_run20
MiniRocket,BenzeneConcentration_nmv,2.3944896029042773,1.1137466744340805,1.5474138434511555,0.9560139611830942,41.945674657821655,20260224_125637_run20
MiniRocket,LiveFuelMoistureContent,1900.9475818155413,32.38118275832557,43.59985758939519,-0.03777853550402632,40.2126886844635,20260224_125719_run20
