model,dataset,mse,mae,rmse,r2,time,run
tsfresh,Covid3Month,0.001675529653654095,0.03144881751172561,0.04093323409717457,0.15857565824626596,2.9050750732421875,20260225_085515_run1
tsfresh,FloodModeling1,6.038543198197621e-06,0.0014678780312585352,0.0024573447454920975,0.9830021912799627,4.949259042739868,20260225_085520_run1
tsfresh,FloodModeling2,0.00010154392778557092,0.001700025919658025,0.010076900703369609,0.7035880306769667,5.099903106689453,20260225_085525_run1
tsfresh,FloodModeling3,1.6769656719077788e-05,0.0018922993735126814,0.00409507713225011,0.9673565138385337,4.835694074630737,20260225_085530_run1
tsfresh,IEEEPPG,1659.0766079167533,33.34532341325139,40.73176411496012,-0.717105281581198,24.29560136795044,20260225_085555_run1
tsfresh,HouseholdPowerConsumption2_nmv,1073.2980403410422,23.82839682429455,32.761227698928536,0.6182217766534801,11.891570806503296,20260225_085607_run1
tsfresh,HouseholdPowerConsumption1_nmv,12232.455716589608,21.969392166582555,110.60043271429642,0.9541286508711517,11.672138452529907,20260225_085619_run1
tsfresh,AppliancesEnergy,2.6791527795022567,1.3448922929309663,1.6368117727772662,0.7733809261968436,13.823780059814453,20260225_085633_run1
tsfresh,BenzeneConcentration_nmv,7.444890579355629,1.8949013887354516,2.72853267881395,0.8840997490633925,72.86460399627686,20260225_085750_run1
tsfresh,LiveFuelMoistureContent,1911.998238462762,32.03351503081669,43.72640207543678,-0.13034035198270644,47.28249645233154,20260225_085839_run1
tsfresh,BIDMC32RR,19.618034511334294,2.9999572137659127,4.429225046363562,-0.618586131925781,81.24226117134094,20260225_090001_run1
tsfresh,BIDMC32SpO2,24.332760951372972,3.753497880520422,4.932824844992266,-0.10721396533863925,82.24887371063232,20260225_090124_run1
tsfresh,BIDMC32HR,92.70518072893056,6.943614808655421,9.628352960342207,0.5311110508406857,81.65911102294922,20260225_090247_run1
tsfresh,Covid3Month,0.0013435461417649253,0.030422004162987255,0.036654415037822186,0.15540529823853777,2.2178049087524414,20260225_090249_run2
tsfresh,FloodModeling1,3.072150064106462e-05,0.0018633672364867606,0.005542697956867632,0.9497198359088966,5.270112991333008,20260225_090254_run2
tsfresh,FloodModeling2,6.088360533120192e-05,0.0014395105044046942,0.007802794712870634,0.7403542107295865,4.852741956710815,20260225_090259_run2
tsfresh,FloodModeling3,1.5291614640409085e-05,0.0017927931430547135,0.003910449416679506,0.9654517832317473,4.810688257217407,20260225_090304_run2
tsfresh,IEEEPPG,14.021833274727173,2.0158501839442633,3.744573844208066,0.9835669383125326,24.6623432636261,20260225_090329_run2
tsfresh,HouseholdPowerConsumption2_nmv,724.1454959229482,19.451245918852248,26.909951615024287,0.6966596662736421,12.09775161743164,20260225_090341_run2
tsfresh,HouseholdPowerConsumption1_nmv,1652.244190265085,12.961652677930834,40.64780670915818,0.9955741077618777,12.130666255950928,20260225_090353_run2
tsfresh,AppliancesEnergy,4.393729626637601,1.7509195382254465,2.096122521857346,0.790221675380652,13.43567705154419,20260225_090407_run2
tsfresh,BenzeneConcentration_nmv,1.553286745921123,0.8519289872779057,1.2463092497133779,0.972012862528939,73.9664077758789,20260225_090521_run2
tsfresh,LiveFuelMoistureContent,1606.3677235654422,29.729284107738767,40.07951750664474,0.05489702057605106,47.560999393463135,20260225_090609_run2
tsfresh,BIDMC32RR,0.07895668301816947,0.12066229071055551,0.28099231843267436,0.9915395576983025,81.73810195922852,20260225_090731_run2
tsfresh,BIDMC32SpO2,0.007986497858104838,0.05430276909878604,0.08936720795742048,0.9992376097074432,82.8668282032013,20260225_090854_run2
tsfresh,BIDMC32HR,0.11022531483844994,0.19736056182428288,0.3320019801724832,0.9993265619827589,82.0433976650238,20260225_091016_run2
tsfresh,Covid3Month,0.0010279825013897563,0.02624943919500531,0.032062166199272255,-0.08464935077697211,2.2003490924835205,20260225_091018_run3
tsfresh,FloodModeling1,6.385432641153146e-06,0.0015696157795367857,0.0025269413608457847,0.9831664440191943,5.136013984680176,20260225_091023_run3
tsfresh,FloodModeling2,6.963746554980026e-05,0.0016930736469392069,0.008344906563275604,0.6880046294703017,4.728705644607544,20260225_091028_run3
tsfresh,FloodModeling3,1.5336380887735987e-05,0.0019215064191299947,0.0039161691597447605,0.9573651892801025,4.654114007949829,20260225_091033_run3
tsfresh,IEEEPPG,7.680880087115241,1.7161155466301,2.7714400746029564,0.99089826427655,24.562560319900513,20260225_091057_run3
tsfresh,HouseholdPowerConsumption2_nmv,712.0171851577953,19.72890014190229,26.68365014681828,0.7203096126779365,12.121591806411743,20260225_091110_run3
tsfresh,HouseholdPowerConsumption1_nmv,2863.562438772389,16.640988521475833,53.51226437717235,0.9920850782854798,11.711184978485107,20260225_091121_run3
tsfresh,AppliancesEnergy,3.2155327272966954,1.4871413412548247,1.7931906555903907,0.6782010582233283,12.939475536346436,20260225_091134_run3
tsfresh,BenzeneConcentration_nmv,1.2326806771183907,0.7509377126516835,1.110261535458376,0.9781311267370378,73.64203023910522,20260225_091248_run3
tsfresh,LiveFuelMoistureContent,1695.2858403609462,30.958511920651066,41.17384898647376,0.04014568738589985,47.87406802177429,20260225_091337_run3
tsfresh,BIDMC32RR,0.08070441252378588,0.12291492199390844,0.28408522053036456,0.9912096591099147,81.78177785873413,20260225_091458_run3
tsfresh,BIDMC32SpO2,0.006000955200998793,0.044759050791227925,0.07746583247470328,0.9994628533511598,82.78832125663757,20260225_091621_run3
tsfresh,BIDMC32HR,0.11621117355154176,0.1882970656944288,0.34089759980313994,0.9993303126348629,81.92906665802002,20260225_091743_run3
tsfresh,Covid3Month,0.0013704906308240992,0.029476197478470655,0.03702013817943011,-0.005626568237861784,2.183823823928833,20260225_091746_run4
tsfresh,FloodModeling1,5.6991961076493315e-05,0.0019214926651208721,0.007549302025783133,0.9107225130618384,5.183399200439453,20260225_091751_run4
tsfresh,FloodModeling2,3.588270580729778e-05,0.0009321494060962263,0.005990217509180929,0.8044043844533717,4.927497148513794,20260225_091756_run4
tsfresh,FloodModeling3,1.4768216086969756e-05,0.0019147769070189907,0.0038429436747068977,0.9614665754407615,4.944177627563477,20260225_091801_run4
tsfresh,IEEEPPG,13.930655028801093,2.047850993957024,3.7323792718319897,0.9841660503878895,24.504403591156006,20260225_091825_run4
tsfresh,HouseholdPowerConsumption2_nmv,734.7414839151112,18.947491899762834,27.106115249425013,0.6947344103255297,11.979998350143433,20260225_091837_run4
tsfresh,HouseholdPowerConsumption1_nmv,1539.7308773576733,16.87086952979085,39.23940465090765,0.9957765427775835,11.55898904800415,20260225_091849_run4
tsfresh,AppliancesEnergy,4.584879469325084,1.637568713596889,2.141233165567235,0.7689180004402464,12.91103744506836,20260225_091902_run4
tsfresh,BenzeneConcentration_nmv,2.3880575052431294,1.0277059793122347,1.5453341079660183,0.9577624875995904,73.69965076446533,20260225_092016_run4
tsfresh,LiveFuelMoistureContent,1590.3629023472329,30.062040605557673,39.879354337140825,0.06751189832845972,47.46132802963257,20260225_092104_run4
tsfresh,BIDMC32RR,0.08541893735143018,0.12737499390554324,0.29226518326928747,0.9908923818630705,82.216543674469,20260225_092226_run4
tsfresh,BIDMC32SpO2,0.0065188872774254916,0.05029847529063905,0.08073962643848119,0.9993755888104299,82.89362859725952,20260225_092349_run4
tsfresh,BIDMC32HR,0.10687247942386066,0.1887154918482793,0.3269135656773219,0.9993888846664368,82.05894303321838,20260225_092511_run4
tsfresh,Covid3Month,0.001657727047752911,0.032913567726051814,0.0407151943106368,0.11147625975234043,2.179471731185913,20260225_092514_run5
tsfresh,FloodModeling1,4.536257036839329e-06,0.0013764222529855095,0.002129849064332806,0.9883124081621824,5.257410526275635,20260225_092519_run5
tsfresh,FloodModeling2,5.5560255452642834e-05,0.0011724248306075045,0.007453875197012815,0.4881909964480282,5.290791273117065,20260225_092524_run5
tsfresh,FloodModeling3,1.3934667013389809e-05,0.0018024378872436018,0.0037329166898539016,0.9661045772014055,4.680599689483643,20260225_092529_run5
tsfresh,IEEEPPG,7.661671087003591,1.6819113689596084,2.767972378294912,0.9912406379201736,24.629541158676147,20260225_092553_run5
tsfresh,HouseholdPowerConsumption2_nmv,737.4456822501795,19.56606592666581,27.155951138750037,0.7192639891093904,11.79854416847229,20260225_092605_run5
tsfresh,HouseholdPowerConsumption1_nmv,1235.945061033248,15.822732299315339,35.156010311655784,0.9967519440911672,11.671193838119507,20260225_092617_run5
tsfresh,AppliancesEnergy,4.4587941137290965,1.7799478966849192,2.1115856870440037,0.5855337384557622,12.858040571212769,20260225_092630_run5
tsfresh,BenzeneConcentration_nmv,1.2855637833875548,0.6800123288505278,1.1338270517973872,0.9771256653785579,73.55475997924805,20260225_092744_run5
tsfresh,LiveFuelMoistureContent,1517.9208803666959,29.04064078769305,38.960504108220874,0.06259803281979259,47.748964071273804,20260225_092832_run5
tsfresh,BIDMC32RR,0.09558099178936687,0.13270037732412612,0.3091617566733746,0.989452680130637,81.48059463500977,20260225_092954_run5
tsfresh,BIDMC32SpO2,0.008185609278699943,0.05604607024355026,0.09047435702286004,0.9992645538718274,82.69434809684753,20260225_093116_run5
tsfresh,BIDMC32HR,0.12392963137412841,0.19683642578488453,0.352036406319188,0.9992668038540173,82.2641065120697,20260225_093239_run5
tsfresh,Covid3Month,0.001506389115025156,0.03191098970099848,0.03881222893657559,-0.029038203406256846,2.103285789489746,20260225_093241_run6
tsfresh,FloodModeling1,6.712023413359805e-06,0.0016489261931712095,0.002590757304990146,0.9755260345429748,5.300458192825317,20260225_093246_run6
tsfresh,FloodModeling2,2.3960695685921177e-05,0.0010694923335639902,0.004894966362082704,0.8023149392862158,4.978950262069702,20260225_093251_run6
tsfresh,FloodModeling3,8.611949140157185e-06,0.0015221222820489297,0.002934612264023509,0.9698682118521832,4.696732997894287,20260225_093256_run6
tsfresh,IEEEPPG,11.756114089631495,1.8885201310455177,3.4287190158470984,0.9863561306307634,24.66146731376648,20260225_093321_run6
tsfresh,HouseholdPowerConsumption2_nmv,712.0297048749982,19.20698608749879,26.68388474107543,0.7195760940995595,11.81890320777893,20260225_093333_run6
tsfresh,HouseholdPowerConsumption1_nmv,6454.124105127296,20.00166973325324,80.33756347517203,0.9830418080147765,11.7378511428833,20260225_093344_run6
tsfresh,AppliancesEnergy,3.089806889965442,1.3256556420099168,1.7577846540362794,0.774187529005388,13.628993272781372,20260225_093358_run6
tsfresh,BenzeneConcentration_nmv,1.81421492840002,0.9229619024007912,1.3469279596177444,0.9676435856811034,73.70268893241882,20260225_093512_run6
tsfresh,LiveFuelMoistureContent,1504.1287182371425,29.46737621080007,38.78309835788191,0.05062716904715925,47.76379036903381,20260225_093600_run6
tsfresh,BIDMC32RR,0.06887088243445895,0.12066954905002122,0.26243262456192246,0.9922059931873076,81.89503312110901,20260225_093722_run6
tsfresh,BIDMC32SpO2,0.006985154463408954,0.052720891046007794,0.08357723651454954,0.9993371813956905,83.00082755088806,20260225_093845_run6
tsfresh,BIDMC32HR,0.097030088972795,0.18633861847571306,0.31149653123717924,0.999418933915718,82.24165296554565,20260225_094008_run6
tsfresh,Covid3Month,0.0012591112672026296,0.030634108237188887,0.035483957885256115,-0.20413968577140618,2.181004047393799,20260225_094010_run7
tsfresh,FloodModeling1,5.299528729384099e-06,0.0015127587412843597,0.002302070530931687,0.9857907739256908,5.178866386413574,20260225_094015_run7
tsfresh,FloodModeling2,7.840603738049266e-05,0.001468369730669458,0.00885471836822,0.7481608799440679,4.873030185699463,20260225_094020_run7
tsfresh,FloodModeling3,9.378390970038153e-06,0.0016585516178089649,0.003062415871503763,0.9773170253554105,4.565732955932617,20260225_094025_run7
tsfresh,IEEEPPG,17.55178449893202,2.128225232478043,4.189484992088171,0.9799761019557216,24.487842321395874,20260225_094049_run7
tsfresh,HouseholdPowerConsumption2_nmv,624.4856040743118,18.847093718325777,24.98970996378933,0.7329447422731157,11.76413893699646,20260225_094101_run7
tsfresh,HouseholdPowerConsumption1_nmv,2692.63241351383,17.19129511303248,51.89058116377027,0.9925556167041036,11.842102289199829,20260225_094113_run7
tsfresh,AppliancesEnergy,5.280371349473514,1.7388168543861027,2.2979058617518504,0.7717186187604929,12.969715118408203,20260225_094126_run7
tsfresh,BenzeneConcentration_nmv,2.8602300784250745,1.098899341519954,1.6912214752731454,0.9493377976336208,73.51175665855408,20260225_094240_run7
tsfresh,LiveFuelMoistureContent,1654.4351260096716,29.897338443781365,40.674748014089424,0.04343231467267206,47.63083457946777,20260225_094328_run7
tsfresh,BIDMC32RR,0.08668906298196394,0.12653364255315097,0.29443006467065136,0.9909380852160421,81.69325375556946,20260225_094450_run7
tsfresh,BIDMC32SpO2,0.006011714742408506,0.04504796546723449,0.07753524838683698,0.999413218974049,82.77630186080933,20260225_094612_run7
tsfresh,BIDMC32HR,0.11654305986630305,0.18938849267779642,0.34138403575197107,0.9993255465558998,82.49279546737671,20260225_094735_run7
tsfresh,Covid3Month,0.0014672705883458604,0.03094471978951702,0.03830496819403275,0.08588734449581503,2.0628833770751953,20260225_094737_run8
tsfresh,FloodModeling1,8.645820266881084e-06,0.0017541700719606746,0.002940377572163324,0.9759600519383244,5.207783460617065,20260225_094742_run8
tsfresh,FloodModeling2,3.6945766941888476e-05,0.001152174838146751,0.006078302965621941,0.7580252494456221,5.234674692153931,20260225_094748_run8
tsfresh,FloodModeling3,1.4552386223984737e-05,0.0018490330615769256,0.003814758999463103,0.9610409920533614,4.65185809135437,20260225_094752_run8
tsfresh,IEEEPPG,9.984098520706517,1.7922256953659268,3.159762415231012,0.9881217185925295,24.48456835746765,20260225_094817_run8
tsfresh,HouseholdPowerConsumption2_nmv,641.9233569131277,18.507000449489226,25.336206442818696,0.7289993296586053,11.62194561958313,20260225_094829_run8
tsfresh,HouseholdPowerConsumption1_nmv,2286.299928899336,19.84914802431156,47.81526878413773,0.9932795273276125,11.773329257965088,20260225_094840_run8
tsfresh,AppliancesEnergy,2.783468167001235,1.3451495470319474,1.668372910053755,0.769635229318518,13.65656042098999,20260225_094854_run8
tsfresh,BenzeneConcentration_nmv,1.6749542395190014,0.8788017949916183,1.2942002316175814,0.9706501759758167,73.83810496330261,20260225_095008_run8
tsfresh,LiveFuelMoistureContent,1657.063671019735,30.40673114660402,40.70704694545817,0.060543864041587514,47.42102909088135,20260225_095056_run8
tsfresh,BIDMC32RR,0.0911892419640213,0.12355025162438851,0.3019755651770873,0.9902902578458405,81.72288513183594,20260225_095218_run8
tsfresh,BIDMC32SpO2,0.00854239325772895,0.05756569517093063,0.09242506834040724,0.9992030697462381,82.7415463924408,20260225_095341_run8
tsfresh,BIDMC32HR,0.10125366823576211,0.19255582374938862,0.31820381555814525,0.9994320944913462,82.18038153648376,20260225_095503_run8
tsfresh,Covid3Month,0.0021339707338953167,0.03426854323929659,0.046194921083332494,0.08657453408840432,2.066096067428589,20260225_095505_run9
tsfresh,FloodModeling1,1.4707667765686511e-05,0.0017004649497494814,0.0038350577265129286,0.9771328694009371,5.259894132614136,20260225_095510_run9
tsfresh,FloodModeling2,3.8662758492899846e-05,0.0011658357441128686,0.006217938443961941,0.7286293917302469,5.3557188510894775,20260225_095516_run9
tsfresh,FloodModeling3,3.1010357864227055e-06,0.001204687718463984,0.0017609758051781135,0.9916487047305866,4.607265949249268,20260225_095520_run9
tsfresh,IEEEPPG,11.358271769478048,1.8853847729936628,3.3702035204833027,0.986640299154377,24.502846479415894,20260225_095545_run9
tsfresh,HouseholdPowerConsumption2_nmv,662.5435681366688,18.963155881653723,25.73992168085732,0.7217974672615349,11.936294794082642,20260225_095557_run9
tsfresh,HouseholdPowerConsumption1_nmv,2013.1191650340043,16.45038626472317,44.86779652528085,0.9943803844350179,12.144933700561523,20260225_095609_run9
tsfresh,AppliancesEnergy,2.4971597944759063,1.1926518658229281,1.5802404229976863,0.7858248184059891,12.799365758895874,20260225_095622_run9
tsfresh,BenzeneConcentration_nmv,2.461213856649597,1.0256097040279588,1.5688256297784011,0.9554697298516867,73.60460090637207,20260225_095736_run9
tsfresh,LiveFuelMoistureContent,1490.023273341517,29.018873171168444,38.600819594168165,0.071309339816926,47.46399116516113,20260225_095824_run9
tsfresh,BIDMC32RR,0.0755602603365315,0.1266283280411854,0.27488226631874874,0.9918922411878369,81.81560158729553,20260225_095946_run9
tsfresh,BIDMC32SpO2,0.011544956893261087,0.06457326021573684,0.10744746108336431,0.9989646901593275,83.09264945983887,20260225_100109_run9
tsfresh,BIDMC32HR,0.17792412516315234,0.19707105113333703,0.4218105323046739,0.9989716675502031,82.40931105613708,20260225_100232_run9
tsfresh,Covid3Month,0.0020265185340310366,0.03230425948392763,0.04501686943836762,0.004359442218129228,2.194770336151123,20260225_100234_run10
tsfresh,FloodModeling1,5.517141470540736e-06,0.001499615323425518,0.0023488596106495457,0.9839420444642497,5.228833913803101,20260225_100239_run10
tsfresh,FloodModeling2,4.801886172059875e-05,0.0013764633474065212,0.006929564324010475,0.5720961286868118,5.241260051727295,20260225_100244_run10
tsfresh,FloodModeling3,1.2698781296351996e-05,0.0018537501096725468,0.003563534943893773,0.9720315834674979,4.749293804168701,20260225_100249_run10
tsfresh,IEEEPPG,17.321024890062457,2.1205187048241747,4.16185354019846,0.9804456030719676,24.520955801010132,20260225_100314_run10
tsfresh,HouseholdPowerConsumption2_nmv,670.0301803412414,18.9179795210146,25.884941188676503,0.7274701517493845,12.10809874534607,20260225_100326_run10
tsfresh,HouseholdPowerConsumption1_nmv,1134.2869291601046,15.437828893856135,33.67917649171524,0.9969849279292545,12.122632026672363,20260225_100338_run10
tsfresh,AppliancesEnergy,4.4130533259341265,1.7018476268223357,2.1007268565746777,0.7153837705921535,13.67394208908081,20260225_100352_run10
tsfresh,BenzeneConcentration_nmv,1.657685822081695,0.7632917220781013,1.2875114842523523,0.9710184579918435,73.88503289222717,20260225_100506_run10
tsfresh,LiveFuelMoistureContent,1560.5320714595898,29.448216646510243,39.50357036344424,0.06659332960414888,47.66198515892029,20260225_100554_run10
tsfresh,BIDMC32RR,0.07642957534290194,0.12336410898597225,0.276458993962761,0.9918859856705945,82.05868172645569,20260225_100716_run10
tsfresh,BIDMC32SpO2,0.007973434691105587,0.05751036612320275,0.08929409102009823,0.9992922654175259,83.28396892547607,20260225_100840_run10
tsfresh,BIDMC32HR,0.10718723135426399,0.18778616317379207,0.3273946110647883,0.999397231463395,82.15953063964844,20260225_101002_run10
tsfresh,Covid3Month,0.0017037543847902845,0.03212818607277394,0.041276559749939004,0.15614295924712884,2.2196812629699707,20260225_101004_run11
tsfresh,FloodModeling1,6.1508470502049615e-06,0.0016142797293049278,0.0024800901294519443,0.9834256589962549,5.198949098587036,20260225_101009_run11
tsfresh,FloodModeling2,3.067860586835337e-05,0.0008014994924934259,0.005538827120280373,0.7741947529867255,4.960389852523804,20260225_101014_run11
tsfresh,FloodModeling3,1.1896554326411414e-05,0.0017791034371956486,0.0034491382005381304,0.9657845958736602,4.4103710651397705,20260225_101019_run11
tsfresh,IEEEPPG,14.289110069335974,2.064558213925056,3.780093923348463,0.9829691324794123,24.44151759147644,20260225_101043_run11
tsfresh,HouseholdPowerConsumption2_nmv,713.4298583896652,19.264358538569237,26.71010779442242,0.7252050232782287,11.864107847213745,20260225_101055_run11
tsfresh,HouseholdPowerConsumption1_nmv,607.4028909520141,14.365283368702887,24.645545052849087,0.9984430150326903,11.909748077392578,20260225_101107_run11
tsfresh,AppliancesEnergy,1.9745895869740002,1.1313674045744395,1.4052009062671431,0.8711287721964519,12.87577223777771,20260225_101120_run11
tsfresh,BenzeneConcentration_nmv,1.843748872853016,0.8605075581709531,1.357847146350802,0.9670216472966441,73.58778953552246,20260225_101234_run11
tsfresh,LiveFuelMoistureContent,1675.2417312674706,30.177021888379226,40.92971697028298,0.04989956921125782,47.67194318771362,20260225_101322_run11
tsfresh,BIDMC32RR,0.07749185933607786,0.11767811183178344,0.2783735966935044,0.9920026708036377,81.81338620185852,20260225_101444_run11
tsfresh,BIDMC32SpO2,0.007540190757606372,0.0525481691754692,0.08683427179176648,0.9992945389577852,83.01527214050293,20260225_101607_run11
tsfresh,BIDMC32HR,0.10695608592879519,0.19024691050455708,0.3270414131708631,0.9994249005777293,82.17161750793457,20260225_101729_run11
tsfresh,Covid3Month,0.0011177415337025745,0.028333041809623285,0.03343264173981133,0.0008152194883033204,2.101824998855591,20260225_101732_run12
tsfresh,FloodModeling1,6.56368545845511e-05,0.0022286990160989293,0.008101657520813325,0.8922875087048658,5.389076232910156,20260225_101737_run12
tsfresh,FloodModeling2,1.1812390083955824e-05,0.0007693750116955497,0.003436915780748173,0.8247528375548807,5.13857626914978,20260225_101742_run12
tsfresh,FloodModeling3,6.647999599721521e-06,0.001593144104532574,0.002578371501494988,0.9831804866274926,4.623747825622559,20260225_101747_run12
tsfresh,IEEEPPG,11.146227096227618,1.8877405249941268,3.3385965758425526,0.9873543787925949,24.86178708076477,20260225_101812_run12
tsfresh,HouseholdPowerConsumption2_nmv,748.1191082079937,19.899923561596662,27.351766089377,0.7007149949452584,12.14059853553772,20260225_101824_run12
tsfresh,HouseholdPowerConsumption1_nmv,477.61197426761265,12.31358916084134,21.854335365496993,0.9987631368866197,12.046993017196655,20260225_101836_run12
tsfresh,AppliancesEnergy,4.139306418842894,1.6536130432855511,2.0345285495276033,0.7649766268244158,13.23465347290039,20260225_101849_run12
tsfresh,BenzeneConcentration_nmv,1.3271330439676774,0.7366624366180358,1.152012605819779,0.9768047047035551,73.44372153282166,20260225_102003_run12
tsfresh,LiveFuelMoistureContent,1534.4750753600592,29.445875404408433,39.172376432379735,0.06341959691441112,47.704540491104126,20260225_102051_run12
tsfresh,BIDMC32RR,0.08906726316518127,0.12283115920662861,0.2984413898325453,0.9900425441026038,81.51391053199768,20260225_102213_run12
tsfresh,BIDMC32SpO2,0.008502831963547439,0.05689480619114791,0.09221080177260926,0.9992325184184894,83.11306095123291,20260225_102336_run12
tsfresh,BIDMC32HR,0.14572352342080955,0.2102165169921177,0.3817375059131727,0.9991304219983272,82.18597435951233,20260225_102458_run12
tsfresh,Covid3Month,0.002041401912334675,0.03386363955717062,0.04518187592757382,0.10689013375772594,2.1568145751953125,20260225_102500_run13
tsfresh,FloodModeling1,1.5446723577655144e-05,0.001823288949409332,0.0039302320004873945,0.9754273066969108,5.134033679962158,20260225_102506_run13
tsfresh,FloodModeling2,4.2769079689853935e-05,0.001138696661042921,0.006539807312899512,0.8137099927000648,4.860211372375488,20260225_102510_run13
tsfresh,FloodModeling3,7.394592803620645e-06,0.0017514118953891446,0.002719300057665694,0.9805985267234879,4.471112966537476,20260225_102515_run13
tsfresh,IEEEPPG,8.546331115914908,1.7922656585875378,2.9234108701848442,0.9900139998977682,24.421466827392578,20260225_102539_run13
tsfresh,HouseholdPowerConsumption2_nmv,676.4585528214394,19.057712317463956,26.008816828557183,0.728717525000206,11.575014114379883,20260225_102551_run13
tsfresh,HouseholdPowerConsumption1_nmv,1436.774076002542,13.52567711815125,37.90480280917633,0.9959083128739381,11.334832906723022,20260225_102602_run13
tsfresh,AppliancesEnergy,3.218016566806992,1.5077459952944798,1.793883097307902,0.7898473801496643,12.844250440597534,20260225_102615_run13
tsfresh,BenzeneConcentration_nmv,0.9995541115871522,0.6661309205606302,0.9997770309359744,0.982210771005674,73.88491702079773,20260225_102730_run13
tsfresh,LiveFuelMoistureContent,1485.5115470498527,29.222029980185802,38.54233447846475,0.06332026246176714,47.90754151344299,20260225_102818_run13
tsfresh,BIDMC32RR,0.07773070959640438,0.127396871319389,0.27880227688525855,0.9914318577642911,81.82231616973877,20260225_102940_run13
tsfresh,BIDMC32SpO2,0.006763064502118374,0.05115778247100401,0.0822378532192954,0.9993527151645255,83.14727830886841,20260225_103103_run13
tsfresh,BIDMC32HR,0.1074677862969972,0.18886596760556448,0.3278227970977571,0.9993758786824568,82.09296250343323,20260225_103225_run13
tsfresh,Covid3Month,0.0016936568888020762,0.032049906833714475,0.0411540628468451,0.09331793071837924,2.179093837738037,20260225_103227_run14
tsfresh,FloodModeling1,2.2658845099899236e-05,0.0017716990166371405,0.0047601307860078,0.9640097504639527,5.2859578132629395,20260225_103233_run14
tsfresh,FloodModeling2,0.00014879318435399456,0.0023809588625656342,0.012198081175086292,0.6218457900442472,4.930946111679077,20260225_103238_run14
tsfresh,FloodModeling3,9.922470508256814e-06,0.001814898623072585,0.0031499953187674444,0.9749934746032394,4.619524955749512,20260225_103242_run14
tsfresh,IEEEPPG,14.121136557277543,1.9384532777868084,3.757810074668163,0.9835423722163437,24.514557123184204,20260225_103307_run14
tsfresh,HouseholdPowerConsumption2_nmv,709.0230605797154,19.2252448127235,26.62748693699267,0.734735845123965,11.989757537841797,20260225_103319_run14
tsfresh,HouseholdPowerConsumption1_nmv,5162.8022630834985,21.5663162530393,71.85264270076291,0.9857205808438912,11.554701566696167,20260225_103331_run14
tsfresh,AppliancesEnergy,5.485334385688144,1.8324606132507326,2.3420790733209977,0.7048409537834117,13.1720130443573,20260225_103344_run14
tsfresh,BenzeneConcentration_nmv,1.0684648819198803,0.7061354563217074,1.0336657496114885,0.980832008331505,73.72839975357056,20260225_103458_run14
tsfresh,LiveFuelMoistureContent,1450.639508682717,28.91244896066426,38.0872617640428,0.06521826042594248,47.818629026412964,20260225_103546_run14
tsfresh,BIDMC32RR,0.10464569490835816,0.13238346857194327,0.3234898683241226,0.9881621975973012,81.76389408111572,20260225_103708_run14
tsfresh,BIDMC32SpO2,0.007728976766880039,0.05281715679100524,0.08791459928180324,0.9993181803920176,83.05803632736206,20260225_103831_run14
tsfresh,BIDMC32HR,0.11918396296523007,0.19570184150077471,0.345230304239402,0.9993106737671124,82.28053307533264,20260225_103954_run14
tsfresh,Covid3Month,0.0017583439643963092,0.032950527755971695,0.04193261218188427,0.04386919982445736,2.0715928077697754,20260225_103956_run15
tsfresh,FloodModeling1,3.0208950778195106e-05,0.0018741875025305435,0.0054962669857090375,0.9554117008280442,5.2280433177948,20260225_104001_run15
tsfresh,FloodModeling2,3.747922852434537e-05,0.0008956334816282568,0.006122028138153676,0.782547248619043,5.114559888839722,20260225_104006_run15
tsfresh,FloodModeling3,1.572360558522935e-05,0.0018330711994482098,0.003965300188539242,0.9556879639864334,4.497171640396118,20260225_104010_run15
tsfresh,IEEEPPG,13.221158126934439,1.9328504764821295,3.6360910504186275,0.9846074715222771,24.763023138046265,20260225_104035_run15
tsfresh,HouseholdPowerConsumption2_nmv,654.3369787109914,19.0139394278568,25.58001131178388,0.7373742561000384,11.950320482254028,20260225_104047_run15
tsfresh,HouseholdPowerConsumption1_nmv,434.39453394611854,13.511681479406777,20.842133622691286,0.9987713196524338,11.97065258026123,20260225_104059_run15
tsfresh,AppliancesEnergy,4.927677647998463,1.8111732301257901,2.219837302145917,0.7697363832500763,13.375635385513306,20260225_104113_run15
tsfresh,BenzeneConcentration_nmv,1.0407533008309913,0.7116514178641371,1.020173171981596,0.981018696484539,73.76422047615051,20260225_104227_run15
tsfresh,LiveFuelMoistureContent,1632.3782350400568,29.908365019337232,40.40270083843476,0.03852766666079088,47.40029811859131,20260225_104315_run15
tsfresh,BIDMC32RR,0.04405973428200236,0.1123043731044029,0.20990410734905204,0.9949336305970962,81.6977870464325,20260225_104437_run15
tsfresh,BIDMC32SpO2,0.008148975029714211,0.05688176941439353,0.09027167346246669,0.9992094125862166,82.91848826408386,20260225_104600_run15
tsfresh,BIDMC32HR,0.12662297014569251,0.2000775543650855,0.3558412147934701,0.9993188491677892,82.36568260192871,20260225_104722_run15
tsfresh,Covid3Month,0.0015917538471840618,0.0315807272383633,0.03989678993583396,0.10926238350105744,2.191037893295288,20260225_104724_run16
tsfresh,FloodModeling1,5.514361675739855e-06,0.0015059215644798636,0.0023482678032413287,0.9848531604022878,5.266732692718506,20260225_104730_run16
tsfresh,FloodModeling2,1.2263052928352015e-05,0.0006724116665806842,0.003501864207583157,0.8092949166729473,5.22752833366394,20260225_104735_run16
tsfresh,FloodModeling3,6.972004884054758e-06,0.0015245633812054358,0.002640455431181287,0.9830367770453415,4.462721824645996,20260225_104739_run16
tsfresh,IEEEPPG,14.366790697074203,1.9800916894590248,3.7903549566068615,0.9834252678309814,24.527225255966187,20260225_104804_run16
tsfresh,HouseholdPowerConsumption2_nmv,693.7396114235594,19.27862974855295,26.338937173385705,0.7138926083866528,12.167327165603638,20260225_104816_run16
tsfresh,HouseholdPowerConsumption1_nmv,2128.3845291036714,16.470662273796236,46.13441805315931,0.9940437012866421,11.851011037826538,20260225_104828_run16
tsfresh,AppliancesEnergy,2.8447121298744524,1.361886985415504,1.6866274425238232,0.8216097104102644,13.089195251464844,20260225_104841_run16
tsfresh,BenzeneConcentration_nmv,1.9174132310653167,0.9306451218042363,1.3847069116117376,0.9651528173327653,73.77315664291382,20260225_104956_run16
tsfresh,LiveFuelMoistureContent,1615.956241464819,29.752764931988242,40.198958213675375,0.07649815048118525,47.56197214126587,20260225_105043_run16
tsfresh,BIDMC32RR,0.12408707343628728,0.13481789832902452,0.35225995150781375,0.987010670292516,81.69523763656616,20260225_105205_run16
tsfresh,BIDMC32SpO2,0.010239632633850632,0.06433141494767784,0.10119106993134637,0.9990310023316098,82.87911081314087,20260225_105328_run16
tsfresh,BIDMC32HR,0.14421034863976695,0.19379469981068886,0.3797503767473667,0.9992035633158209,82.29447627067566,20260225_105451_run16
tsfresh,Covid3Month,0.0014965573835255168,0.030368435967214565,0.03868536394459172,0.026787198485289876,3.316441774368286,20260225_131828_run1
tsfresh,FloodModeling1,9.056428132604699e-06,0.0018867407789324789,0.003009389993437989,0.9686037860040485,5.559964895248413,20260225_131834_run1
tsfresh,FloodModeling2,9.062055707581088e-06,0.0005725407766465434,0.003010324850839372,0.845820918985645,5.312978982925415,20260225_131839_run1
tsfresh,FloodModeling3,1.5051390783988941e-05,0.0018944239434988603,0.003879612195051065,0.9630392075932527,5.266016483306885,20260225_131845_run1
tsfresh,IEEEPPG,13.326892524882759,1.993819293673998,3.6506016661480283,0.9851973124851837,25.66842007637024,20260225_131910_run1
tsfresh,HouseholdPowerConsumption2_nmv,749.2931120807398,19.552683267932593,27.37321888417107,0.7126071522934516,12.168235301971436,20260225_131923_run1
tsfresh,HouseholdPowerConsumption1_nmv,3215.2743735319946,18.011369462705563,56.703389436011626,0.9908023994624489,12.28396224975586,20260225_131935_run1
tsfresh,AppliancesEnergy,2.8772098255800995,1.2355654126121887,1.6962340126232875,0.8309835513033262,14.02411413192749,20260225_131949_run1
tsfresh,BenzeneConcentration_nmv,1.4421316121735024,0.7756171391086889,1.2008878432949108,0.97459893847006,74.04553389549255,20260225_132103_run1
tsfresh,LiveFuelMoistureContent,1487.0857884836364,29.490907600857565,38.562751308531354,0.05715197456043397,47.741254806518555,20260225_132151_run1
tsfresh,BIDMC32RR,0.10845133614669376,0.13119298882797747,0.32931950465572757,0.9881143833845248,82.44667768478394,20260225_132314_run1
tsfresh,BIDMC32SpO2,0.006173200647289042,0.0449617234677916,0.07856971838621443,0.9994392911294854,83.34041213989258,20260225_132437_run1
tsfresh,BIDMC32HR,0.09302291153431357,0.17751475320074406,0.30499657626654364,0.9994518249606062,82.50044894218445,20260225_132600_run1
tsfresh,Covid3Month,0.0014484768792844946,0.030401092406527948,0.03805886071973903,0.041532357171177425,2.1615233421325684,20260225_132602_run2
tsfresh,FloodModeling1,4.803218050454248e-05,0.0020464128385676034,0.00693052526902128,0.9230713397030201,5.17194128036499,20260225_132607_run2
tsfresh,FloodModeling2,1.538692823137036e-05,0.0008217851421726187,0.003922617522952035,0.774844932449348,5.112144947052002,20260225_132613_run2
tsfresh,FloodModeling3,1.1145692896645475e-05,0.001849363504544548,0.0033385165712701615,0.9729709956088122,4.799236059188843,20260225_132617_run2
tsfresh,IEEEPPG,12.937549614052907,1.9053633545598416,3.5968805393080414,0.985093839090969,24.99149441719055,20260225_132642_run2
tsfresh,HouseholdPowerConsumption2_nmv,668.7221569622619,19.048552264422092,25.85966273875709,0.7488150028494227,11.977822303771973,20260225_132654_run2
tsfresh,HouseholdPowerConsumption1_nmv,3767.652195352803,22.32132190070416,61.3812039255732,0.9898342197934652,12.056530952453613,20260225_132707_run2
tsfresh,AppliancesEnergy,3.7450299042823354,1.545496485573905,1.9352079744260913,0.8379139440281599,14.044165849685669,20260225_132721_run2
tsfresh,BenzeneConcentration_nmv,1.1363838041116492,0.6599798047546495,1.0660130412483935,0.9805361143722727,73.58689999580383,20260225_132835_run2
tsfresh,LiveFuelMoistureContent,1602.8110823720758,30.282523015104385,40.035123109240914,0.05694193173556816,48.051615476608276,20260225_132923_run2
tsfresh,BIDMC32RR,0.09964711526734477,0.12622048984353224,0.315669313154359,0.9893480447694044,82.07208180427551,20260225_133045_run2
tsfresh,BIDMC32SpO2,0.008821865939748399,0.059268823879179804,0.09392478873943981,0.9992044740926759,83.06869292259216,20260225_133209_run2
tsfresh,BIDMC32HR,0.10649418802451109,0.1847453283481329,0.3263344726266459,0.9994152520344683,82.35068845748901,20260225_133331_run2
tsfresh,Covid3Month,0.0011903189982306178,0.028960602855394132,0.03450099995986519,0.1268598970865653,2.1948750019073486,20260225_133333_run3
tsfresh,FloodModeling1,4.841884643735418e-05,0.0021230544052501716,0.006958365212990345,0.9246065972944914,5.279463768005371,20260225_133339_run3
tsfresh,FloodModeling2,3.0481535532385336e-05,0.0011241548411288571,0.0055210085611584895,0.810048489215755,5.114536762237549,20260225_133344_run3
tsfresh,FloodModeling3,5.8458091268068305e-06,0.0014711832144986042,0.002417810812864983,0.9832086741736764,4.953650951385498,20260225_133349_run3
tsfresh,IEEEPPG,10.601892019299255,1.9268847257652826,3.25605467080933,0.9877299359806848,25.08256220817566,20260225_133414_run3
tsfresh,HouseholdPowerConsumption2_nmv,715.7798578643637,19.959755562807313,26.754062455342435,0.7137753738133663,12.125258922576904,20260225_133426_run3
tsfresh,HouseholdPowerConsumption1_nmv,656.051574641522,14.017371459315886,25.613503755666112,0.9981671223958815,12.154646158218384,20260225_133438_run3
tsfresh,AppliancesEnergy,3.615289421783279,1.387240262712751,1.901391443596841,0.7769306459495685,13.411361694335938,20260225_133452_run3
tsfresh,BenzeneConcentration_nmv,1.3421675120867802,0.7037885083382341,1.1585195346159598,0.9766248182114892,73.67917537689209,20260225_133606_run3
tsfresh,LiveFuelMoistureContent,1695.204375267639,30.450206530034148,41.17285969261352,0.04633642633110657,47.794817209243774,20260225_133654_run3
tsfresh,BIDMC32RR,0.08039570809964215,0.12724881704067198,0.28354136929140017,0.9915561681626904,83.19860410690308,20260225_133817_run3
tsfresh,BIDMC32SpO2,0.011374788057456625,0.06706189200103174,0.1066526514319106,0.9989629741494512,113.03481006622314,20260225_134011_run3
tsfresh,BIDMC32HR,0.13943557756242747,0.20159302025861256,0.37341073573536615,0.9992120000882914,99.33211278915405,20260225_134150_run3
tsfresh,Covid3Month,0.0011381456398539527,0.027877224354277634,0.033736414152276954,0.13498221671453314,3.2989084720611572,20260225_134154_run4
tsfresh,FloodModeling1,6.282044215958484e-06,0.001565515423765277,0.0025064006495288185,0.9820193796955629,7.170900106430054,20260225_134201_run4
tsfresh,FloodModeling2,2.474695952426951e-05,0.0006793128370645542,0.0049746315968390575,0.7733425423445983,5.936969518661499,20260225_134207_run4
tsfresh,FloodModeling3,9.391353610837736e-06,0.0018768767455349777,0.0030645315483508627,0.9719896371355493,5.51982045173645,20260225_134212_run4
tsfresh,IEEEPPG,13.87781826959049,2.016732712773264,3.7252943869700403,0.9834382352670772,52.2882878780365,20260225_134305_run4
tsfresh,HouseholdPowerConsumption2_nmv,767.0780806136158,19.683634480223365,27.69617447615493,0.679489256328181,14.376222133636475,20260225_134319_run4
tsfresh,HouseholdPowerConsumption1_nmv,1160.7784133487157,13.720605538949329,34.070198316838656,0.9969168042766361,19.788543224334717,20260225_134339_run4
tsfresh,AppliancesEnergy,2.0674178020163567,1.1530619911920454,1.437851801131242,0.8633413972276794,16.21699047088623,20260225_134356_run4
tsfresh,BenzeneConcentration_nmv,1.2363557432850576,0.7603690921321368,1.1119153489744882,0.9772885245984445,99.09482741355896,20260225_134535_run4
tsfresh,LiveFuelMoistureContent,1742.9789722996193,30.305038124135,41.748999656274634,0.04846078735119408,72.13014388084412,20260225_134648_run4
tsfresh,BIDMC32RR,0.08011015042921837,0.12744410694005837,0.28303736578271493,0.9910905618948679,106.54988622665405,20260225_134835_run4
tsfresh,BIDMC32SpO2,0.0065536484556321176,0.05069838583915797,0.08095460737741934,0.9993922126986682,102.40094709396362,20260225_135017_run4
tsfresh,BIDMC32HR,0.10564329468285928,0.18591036796853774,0.3250281444473067,0.9994061866667475,94.59810900688171,20260225_135152_run4
tsfresh,Covid3Month,0.0016001962964530194,0.03288729355413843,0.04000245363040896,-0.16134571917087914,2.144700765609741,20260225_135154_run5
tsfresh,FloodModeling1,1.192682900058812e-05,0.0018231912709698818,0.0034535241421753695,0.970650263643995,5.706753492355347,20260225_135200_run5
tsfresh,FloodModeling2,7.095180900424121e-05,0.0013109277053851894,0.008423289678281355,0.7231782562973785,5.9679274559021,20260225_135206_run5
tsfresh,FloodModeling3,1.7291988739651454e-05,0.0021847263937411075,0.0041583637093995825,0.9552617747426178,5.671412229537964,20260225_135212_run5
tsfresh,IEEEPPG,14.029185331984072,1.9411253790885616,3.7455554103475857,0.9839735128941032,46.3530809879303,20260225_135258_run5
tsfresh,HouseholdPowerConsumption2_nmv,718.6037736208709,19.59450032581741,26.806785962156503,0.7035496985198539,17.530835390090942,20260225_135316_run5
tsfresh,HouseholdPowerConsumption1_nmv,2346.49618614957,15.796064043139575,48.440646012925654,0.9930156808203511,20.15643072128296,20260225_135336_run5
tsfresh,AppliancesEnergy,4.035009090583398,1.6791659445989697,2.008733205426594,0.7969138933930503,13.945125341415405,20260225_135350_run5
tsfresh,BenzeneConcentration_nmv,1.9245205534287917,0.8271951524394864,1.3872709012405586,0.9664934785265368,103.0520248413086,20260225_135534_run5
tsfresh,LiveFuelMoistureContent,1610.6945612514787,29.76382994210957,40.13345937309016,0.05892802919195106,73.5982654094696,20260225_135648_run5
tsfresh,BIDMC32RR,0.07988536143687243,0.11963072329393021,0.28263998555914277,0.9909016932893819,90.26558470726013,20260225_135818_run5
tsfresh,BIDMC32SpO2,0.007158499713805525,0.054048854683822124,0.0846079175597977,0.9993354464866737,96.45228743553162,20260225_135955_run5
tsfresh,BIDMC32HR,0.11763864868834409,0.1963236806305575,0.3429849102924852,0.9993106467341399,103.80928254127502,20260225_140139_run5
tsfresh,Covid3Month,0.0018997895060029787,0.03218996404777935,0.04358657483678866,0.1647011476441942,2.1624302864074707,20260225_140141_run6
tsfresh,FloodModeling1,6.808838071911464e-06,0.001543673609743025,0.002609375034737526,0.9777408087331995,6.080796718597412,20260225_140147_run6
tsfresh,FloodModeling2,6.22808430891991e-06,0.0005416620714747396,0.002495613012652384,0.7191205112513577,11.171658039093018,20260225_140158_run6
tsfresh,FloodModeling3,1.3991888538839262e-05,0.0018544552896333786,0.003740573290130707,0.9682056745155813,9.484487295150757,20260225_140208_run6
tsfresh,IEEEPPG,10.667884762969573,1.9090709192023814,3.2661728005372854,0.9877363738738889,42.08435082435608,20260225_140250_run6
tsfresh,HouseholdPowerConsumption2_nmv,662.7800948095442,19.206651831935517,25.74451582006436,0.7303996928873551,19.616865396499634,20260225_140310_run6
tsfresh,HouseholdPowerConsumption1_nmv,2618.128629798136,16.88195952176909,51.16765218180463,0.9929064150853202,14.170832633972168,20260225_140324_run6
tsfresh,AppliancesEnergy,3.484343926454631,1.464170426868257,1.86663974201093,0.7945301451135617,16.588196277618408,20260225_140341_run6
tsfresh,BenzeneConcentration_nmv,1.5972847919634785,0.7990281483340868,1.26383732812553,0.9714257978450163,93.89301228523254,20260225_140516_run6
tsfresh,LiveFuelMoistureContent,1724.704583965512,30.455112539935584,41.52956277118159,0.062024468505233465,68.30945682525635,20260225_140624_run6
tsfresh,BIDMC32RR,0.05738782227725798,0.11781071711883541,0.23955755524979375,0.9937339130647174,95.75661516189575,20260225_140800_run6
tsfresh,BIDMC32SpO2,0.006705522298321959,0.04861378351804377,0.0818872535766218,0.9993789678961382,100.15128374099731,20260225_140941_run6
tsfresh,BIDMC32HR,0.1502412216457806,0.21041099553952894,0.38760962532653986,0.9991479134920199,102.7172167301178,20260225_141124_run6
tsfresh,Covid3Month,0.001500033685318617,0.030689972566928986,0.038730268335226095,0.181394413384534,2.192190647125244,20260225_141126_run7
tsfresh,FloodModeling1,6.999078503974367e-06,0.001604876413203706,0.002645577158953102,0.9816985637198375,6.102995872497559,20260225_141132_run7
tsfresh,FloodModeling2,6.739106861117404e-05,0.0015916433820676956,0.008209206332598423,0.7092784564052163,11.401575326919556,20260225_141143_run7
tsfresh,FloodModeling3,1.0228809624123233e-05,0.0016568131550498612,0.003198251025814458,0.9750690696300303,9.23669171333313,20260225_141153_run7
tsfresh,IEEEPPG,13.25225157351853,1.9074094851017758,3.640364208910769,0.984089300092127,45.378976821899414,20260225_141238_run7
tsfresh,HouseholdPowerConsumption2_nmv,738.2035044839512,19.401277612802932,27.169900708025253,0.697337155711733,19.490644931793213,20260225_141258_run7
tsfresh,HouseholdPowerConsumption1_nmv,864.4300359203298,14.857814017337548,29.401191062954062,0.9976556990173641,13.480405330657959,20260225_141311_run7
tsfresh,AppliancesEnergy,4.770279908611803,1.8076577141171413,2.1840970465187217,0.6265777101543479,17.006467819213867,20260225_141328_run7
tsfresh,BenzeneConcentration_nmv,1.7649495667994672,0.9046206485689814,1.3285140446376422,0.9677569856065504,90.60128426551819,20260225_141500_run7
tsfresh,LiveFuelMoistureContent,1733.2834828388002,30.513756408489304,41.632721299943874,0.05552145152602039,65.61438870429993,20260225_141605_run7
tsfresh,BIDMC32RR,0.09928276937606641,0.12781330728797752,0.31509168407951743,0.988935183048371,97.07799458503723,20260225_141743_run7
tsfresh,BIDMC32SpO2,0.008019262416864171,0.05731644019579903,0.08955033454356366,0.9992621230411496,105.97744703292847,20260225_141929_run7
tsfresh,BIDMC32HR,0.1356606484786652,0.19964747413569905,0.36832139291475485,0.9992018415541167,113.01590323448181,20260225_142122_run7
tsfresh,Covid3Month,0.0014117100174751251,0.03094221535809563,0.03757272970486873,-0.0009657278121335544,2.9431869983673096,20260225_142125_run8
tsfresh,FloodModeling1,5.0551876492393705e-06,0.0015192169741828818,0.0022483744459585397,0.9862172049812745,9.731672525405884,20260225_142135_run8
tsfresh,FloodModeling2,2.0602386485072695e-05,0.0007341795193022076,0.0045389851822927,0.7773517787142706,5.970231294631958,20260225_142141_run8
tsfresh,FloodModeling3,9.590059450303661e-06,0.0016529252606889485,0.0030967821121776814,0.977822526363876,5.379109144210815,20260225_142146_run8
tsfresh,IEEEPPG,18.96428687089806,2.246594824447172,4.354800439847739,0.9779884911214146,48.78466820716858,20260225_142235_run8
tsfresh,HouseholdPowerConsumption2_nmv,692.0496784303167,19.251478319707488,26.306837104264677,0.7328146612081888,14.66665005683899,20260225_142250_run8
tsfresh,HouseholdPowerConsumption1_nmv,6249.885840793614,19.39311151621293,79.05621949469639,0.9845653863943501,20.184510707855225,20260225_142310_run8
tsfresh,AppliancesEnergy,3.7105789215580014,1.5575700632731118,1.926286303112287,0.776868541444903,15.58809208869934,20260225_142326_run8
tsfresh,BenzeneConcentration_nmv,1.5181564354905306,0.8000557184345832,1.2321349096144183,0.9733281889111679,95.13563513755798,20260225_142501_run8
tsfresh,LiveFuelMoistureContent,1554.7742894515877,29.098269973047525,39.430626287843666,0.024545629090585108,80.48095035552979,20260225_142622_run8
tsfresh,BIDMC32RR,0.06793187376513161,0.11983873241331836,0.2606374373821451,0.9924991000408977,90.93754410743713,20260225_142753_run8
tsfresh,BIDMC32SpO2,0.010976555044084905,0.06470257377527586,0.10476905575638688,0.9990401367809841,84.4162859916687,20260225_142918_run8
tsfresh,BIDMC32HR,0.12036887733767616,0.19488857180467564,0.34694218154856316,0.9992950472379212,84.69342303276062,20260225_143043_run8
tsfresh,Covid3Month,0.0020490508512406693,0.03420867288518334,0.045266442882566656,0.1294766770673762,2.079207181930542,20260225_143045_run9
tsfresh,FloodModeling1,2.4083507530393952e-05,0.0018738485031788896,0.004907495036206756,0.9603656430547962,5.4440553188323975,20260225_143050_run9
tsfresh,FloodModeling2,0.00017396812890024775,0.0027032412462566534,0.013189697832029654,0.5540316935572884,5.238085985183716,20260225_143055_run9
tsfresh,FloodModeling3,1.3989969980844692e-05,0.0019074153213397328,0.003740316828939053,0.9620773768595953,4.926741361618042,20260225_143100_run9
tsfresh,IEEEPPG,9.61904191969174,1.837405384776678,3.1014580312639635,0.9886361962472363,25.747496128082275,20260225_143126_run9
tsfresh,HouseholdPowerConsumption2_nmv,652.4441476101098,18.28873548539943,25.542986270405223,0.7308823310285479,12.379386901855469,20260225_143139_run9
tsfresh,HouseholdPowerConsumption1_nmv,770.0061592817046,15.479908645451943,27.748984833353898,0.9979800487106805,12.387393474578857,20260225_143151_run9
tsfresh,AppliancesEnergy,3.115048218034925,1.4162064897446407,1.764949919412708,0.7737634661648782,13.865954637527466,20260225_143205_run9
tsfresh,BenzeneConcentration_nmv,1.8716525794109746,0.8781533695983192,1.3680835425554152,0.9669225028007638,74.24062633514404,20260225_143320_run9
tsfresh,LiveFuelMoistureContent,1597.3842688913217,29.89301535903223,39.9672899868295,0.05556725505156335,47.843427658081055,20260225_143408_run9
tsfresh,BIDMC32RR,0.08072941038426243,0.12601560365442122,0.2841292142393359,0.990770912069916,82.24829626083374,20260225_143530_run9
tsfresh,BIDMC32SpO2,0.005897648387490229,0.045911248099026254,0.07679614825946826,0.9994658837341076,83.31314492225647,20260225_143654_run9
tsfresh,BIDMC32HR,0.12773198602048094,0.19744047570283949,0.35739611920176323,0.9992657554251687,82.4422550201416,20260225_143816_run9
tsfresh,Covid3Month,0.0017450801449479586,0.032969561966130156,0.04177415642413331,0.10730185857012486,2.1652145385742188,20260225_143818_run10
tsfresh,FloodModeling1,6.062606344292884e-06,0.0014902696149183968,0.0024622360456083175,0.9849939246053223,5.276773452758789,20260225_143824_run10
tsfresh,FloodModeling2,0.00016465973989753812,0.0022359114831952812,0.012831981136891456,0.563069435304684,5.274338722229004,20260225_143829_run10
tsfresh,FloodModeling3,1.3125248418665444e-05,0.00212480753271476,0.003622878471418196,0.9745692250145855,4.830317735671997,20260225_143834_run10
tsfresh,IEEEPPG,9.788070991902622,1.8270590863671778,3.1285892974154694,0.9886565990594911,24.55915403366089,20260225_143859_run10
tsfresh,HouseholdPowerConsumption2_nmv,724.8830398123104,19.576052951601437,26.923652051909865,0.6962440540256107,12.062376499176025,20260225_143911_run10
tsfresh,HouseholdPowerConsumption1_nmv,2749.9314419901775,15.49833930075064,52.43978872945788,0.9927268301860588,12.097798109054565,20260225_143923_run10
tsfresh,AppliancesEnergy,4.885341690645876,1.8099097933088029,2.210280907632755,0.669240391672391,13.48485541343689,20260225_143936_run10
tsfresh,BenzeneConcentration_nmv,1.9030471660560648,0.857042859860094,1.3795097556944151,0.9663061179373444,74.2451651096344,20260225_144051_run10
tsfresh,LiveFuelMoistureContent,1737.5340264655267,30.252814057204898,41.68373815369162,0.05567482427459525,48.44240474700928,20260225_144140_run10
tsfresh,BIDMC32RR,0.07173860127598378,0.12280063744869639,0.26784062663454133,0.9919418631653191,82.02802205085754,20260225_144302_run10
tsfresh,BIDMC32SpO2,0.008292767363154523,0.05697331730931493,0.0910646328887045,0.9992083310940545,90.64963912963867,20260225_144433_run10
tsfresh,BIDMC32HR,0.11483425561658862,0.1959954798274829,0.3388720342792964,0.9993607998607343,82.6931688785553,20260225_144555_run10
tsfresh,Covid3Month,0.0011171139514177307,0.028115331813167662,0.03342325465028399,-0.051241985251324174,2.0903871059417725,20260225_144558_run11
tsfresh,FloodModeling1,4.397143757089897e-06,0.0013966961438112932,0.002096936755624713,0.9928749554939781,5.087355613708496,20260225_144603_run11
tsfresh,FloodModeling2,3.169865238089135e-05,0.0011024887366081263,0.0056301556267026355,0.8024395976216693,5.207614898681641,20260225_144608_run11
tsfresh,FloodModeling3,1.4382593562835873e-05,0.0017436642892982642,0.003792438999224097,0.9660647559982285,4.955714225769043,20260225_144613_run11
tsfresh,IEEEPPG,15.079934920066652,2.119542881065022,3.883289188312744,0.98302577087091,25.208922386169434,20260225_144638_run11
tsfresh,HouseholdPowerConsumption2_nmv,653.7747807828796,18.737956510627235,25.569019941774844,0.7406934999290278,12.091317653656006,20260225_144650_run11
tsfresh,HouseholdPowerConsumption1_nmv,5011.865748524346,20.718593147300076,70.79453191118891,0.9858264019653038,11.953046321868896,20260225_144702_run11
tsfresh,AppliancesEnergy,2.7465521938697157,1.2935394922892252,1.6572725164769118,0.8158278430227679,13.561294078826904,20260225_144716_run11
tsfresh,BenzeneConcentration_nmv,1.7702181248216806,0.8403789097711137,1.3304954433675,0.9678827771879294,73.80532908439636,20260225_144830_run11
tsfresh,LiveFuelMoistureContent,1611.8342800937603,29.65575762919243,40.147655972593974,0.061852304602644126,47.75431942939758,20260225_144918_run11
tsfresh,BIDMC32RR,0.11036169937596967,0.1288915681929637,0.33220731385080865,0.9882606750930912,82.22256684303284,20260225_145041_run11
tsfresh,BIDMC32SpO2,0.006868108657434618,0.05258606591926882,0.08287405298062005,0.9993473880529329,83.27394223213196,20260225_145204_run11
tsfresh,BIDMC32HR,0.10834071150756835,0.18848934774422088,0.32915150236261775,0.9993969033781559,82.60425305366516,20260225_145327_run11
tsfresh,Covid3Month,0.001516295012489407,0.03186178241518329,0.03893963292699877,-0.005040637893495514,2.16877818107605,20260225_145329_run12
tsfresh,FloodModeling1,4.964777863021431e-05,0.0019562247661080697,0.0070461179829899466,0.9207674167312648,5.118514776229858,20260225_145334_run12
tsfresh,FloodModeling2,5.760209767726018e-05,0.0016083784791367484,0.007589604579769632,0.7564756650394276,4.935333251953125,20260225_145339_run12
tsfresh,FloodModeling3,2.2216884559924435e-05,0.001904645179924756,0.00471347902932902,0.9415921853864226,4.603365898132324,20260225_145344_run12
tsfresh,IEEEPPG,17.049646755041028,2.0987455182835513,4.129121789804828,0.9804890015928692,24.95937156677246,20260225_145409_run12
tsfresh,HouseholdPowerConsumption2_nmv,674.0118001793924,19.12667956929999,25.961737233463257,0.7374382274266121,11.962462425231934,20260225_145421_run12
tsfresh,HouseholdPowerConsumption1_nmv,2098.0574331889325,22.444982721401033,45.8045569041873,0.9942908549469153,11.639160871505737,20260225_145432_run12
tsfresh,AppliancesEnergy,3.200971766788799,1.4165476408458888,1.7891259784567433,0.7853216536561127,13.12522578239441,20260225_145446_run12
tsfresh,BenzeneConcentration_nmv,1.5380704929050066,0.7872335327628738,1.2401897003704743,0.9720780500611175,73.63953256607056,20260225_145600_run12
tsfresh,LiveFuelMoistureContent,1635.9262922238279,29.99799032491722,40.446585668308614,0.05660457420167031,47.453126430511475,20260225_145647_run12
tsfresh,BIDMC32RR,0.07255446562485691,0.12128881111231159,0.2693593614947454,0.9924537531697443,82.36971020698547,20260225_145810_run12
tsfresh,BIDMC32SpO2,0.006609607401882908,0.04975794870582038,0.08129949201491303,0.999405073410186,83.86597728729248,20260225_145934_run12
tsfresh,BIDMC32HR,0.13772208696261234,0.18626705241071914,0.3711092655305339,0.9992086919379757,85.42265844345093,20260225_150100_run12
tsfresh,Covid3Month,0.0015409822194026657,0.03132755290878912,0.03925534637985845,-0.03754514972986178,2.207181453704834,20260225_150102_run13
tsfresh,FloodModeling1,7.784984424896557e-06,0.0017541462324633446,0.002790158494583517,0.975078711625187,5.224905014038086,20260225_150107_run13
tsfresh,FloodModeling2,4.9523184865405624e-05,0.00152458004987061,0.007037271123482854,0.8075710844756792,5.096581935882568,20260225_150112_run13
tsfresh,FloodModeling3,1.5763304661368688e-05,0.0018429477810859689,0.0039703028425258306,0.9555889014190717,4.981562376022339,20260225_150117_run13
tsfresh,IEEEPPG,14.37653079294646,1.9437572458051762,3.7916395916471886,0.982761497888364,27.148954391479492,20260225_150144_run13
tsfresh,HouseholdPowerConsumption2_nmv,757.536242918928,19.30649486179185,27.52337629941007,0.7264285649111699,12.802127599716187,20260225_150157_run13
tsfresh,HouseholdPowerConsumption1_nmv,3710.2899813441772,22.511322805777237,60.91214970220783,0.9904513679934908,12.864253759384155,20260225_150210_run13
tsfresh,AppliancesEnergy,4.322727712173178,1.5002992357526506,2.0791170510996193,0.7837407708126392,13.823100090026855,20260225_150224_run13
tsfresh,BenzeneConcentration_nmv,1.3247563775454125,0.749365082896983,1.1509806156253948,0.9759068384784583,76.39527821540833,20260225_150341_run13
tsfresh,LiveFuelMoistureContent,1512.3238835847553,29.40806911988922,38.88860866095308,0.06452970134836389,48.25297284126282,20260225_150429_run13
tsfresh,BIDMC32RR,0.05225932063518121,0.1215127183331938,0.2286029759980854,0.9939456232942975,84.60419034957886,20260225_150554_run13
tsfresh,BIDMC32SpO2,0.009451419937617759,0.05821273921484642,0.0972184135728297,0.9991274825424543,86.25420045852661,20260225_150720_run13
tsfresh,BIDMC32HR,0.11025747806415168,0.19694881440051676,0.33205041494350174,0.9993725218490284,85.38804507255554,20260225_150846_run13
tsfresh,Covid3Month,0.0016895082377431467,0.03385699028816636,0.04110362803625912,0.10665976014981504,2.113577127456665,20260225_150848_run14
tsfresh,FloodModeling1,5.871500589808438e-06,0.0016394387188524292,0.0024231179479770352,0.9857571292724521,5.379702091217041,20260225_150853_run14
tsfresh,FloodModeling2,9.680813012280068e-05,0.0017872348401083802,0.009839112262943272,0.7198868197791612,5.191555500030518,20260225_150859_run14
tsfresh,FloodModeling3,7.031597255391801e-06,0.0016012698126875824,0.0026517159077457373,0.9826983162213284,4.862508058547974,20260225_150904_run14
tsfresh,IEEEPPG,12.145674161501299,1.8615104170965757,3.4850644415134275,0.9851672851953474,24.691245794296265,20260225_150928_run14
tsfresh,HouseholdPowerConsumption2_nmv,664.1592869466886,18.336609026294408,25.771288034296784,0.7251247785682825,12.166898488998413,20260225_150941_run14
tsfresh,HouseholdPowerConsumption1_nmv,629.9703850617135,15.091264141116131,25.09921084539738,0.9982512425393504,12.13377332687378,20260225_150953_run14
tsfresh,AppliancesEnergy,2.892227547765436,1.2919088145664763,1.7006550349102065,0.807835583398497,13.784300088882446,20260225_151007_run14
tsfresh,BenzeneConcentration_nmv,1.8983746191615827,0.8428037201468845,1.3778151614645495,0.9654963668115635,73.93721318244934,20260225_151121_run14
tsfresh,LiveFuelMoistureContent,1563.6608722209598,29.57970002756687,39.5431520268802,0.044447634623371646,48.4762237071991,20260225_151210_run14
tsfresh,BIDMC32RR,0.08352688937049223,0.12460064881703038,0.28901018904269143,0.9911591747460727,82.94136357307434,20260225_151333_run14
tsfresh,BIDMC32SpO2,0.007532090052144772,0.05273049400753642,0.08678761462412002,0.9993185356236682,85.59849762916565,20260225_151459_run14
tsfresh,BIDMC32HR,0.19598679188006451,0.20854750050404072,0.44270395512132543,0.9988294840116348,83.32305264472961,20260225_151622_run14
tsfresh,AcousticContaminationMadrid_nmv,8.236782188495726,2.1052666134304476,2.869979475274296,0.7975983357490124,3.4859888553619385,20260225_085720_run1
tsfresh,AluminiumConcentration,51113.49981383284,156.12412874639602,226.08294896748149,0.771479276909074,5.009573459625244,20260225_085725_run1
tsfresh,BarCrawl6min,0.0019288465686447297,0.033026712538090294,0.043918635778502156,0.3760146345447881,2.7649319171905518,20260225_085728_run1
tsfresh,BeijingIntAirportPM25Quality,1902.5461590493644,31.12151769258208,43.61818610452943,0.6636842596654083,17.583436012268066,20260225_085746_run1
tsfresh,BinanceCoinSentiment,0.1167182529840463,0.2665571853809719,0.3416405318226254,0.1072781282698968,3.63822340965271,20260225_085750_run1
tsfresh,BitcoinSentiment,0.04816120813619792,0.15060922915148736,0.21945662016944925,0.3505749600573699,3.866481304168701,20260225_085754_run1
tsfresh,BoronConcentration,0.5394619492880091,0.2546986537432833,0.7344807344566697,0.3558921513237093,4.847970247268677,20260225_085758_run1
tsfresh,CalciumConcentration,1856975.541157564,682.3531818317194,1362.7088981721533,0.848727275366016,4.8169825077056885,20260225_085803_run1
tsfresh,CardanoSentiment,0.08939141528863127,0.22539125961245912,0.29898397162495394,-0.20545070009333455,1.7751686573028564,20260225_085805_run1
tsfresh,ChilledWaterPredictor,332283.6974189539,278.9102042855728,576.4405410959173,-0.28453139311619835,5.7122931480407715,20260225_085811_run1
tsfresh,CopperConcentration,3.225968181365225,0.8215541278786129,1.7960980433610034,0.33673147241175905,4.827660083770752,20260225_085816_run1
tsfresh,Covid19Andalusia,0.00017688841495136287,0.008750583866770032,0.013299940411571882,0.8135615508347723,2.253403663635254,20260225_085818_run1
tsfresh,DailyOilGasPrices,1.2963466054443133,0.7356377326285705,1.1385721784078133,0.5994974312250487,3.086103677749634,20260225_085821_run1
tsfresh,DhakaHourlyAirQuality,0.22244113847761404,0.2704907866235838,0.47163665938687804,0.9999456081390662,11.864379405975342,20260225_085833_run1
tsfresh,ElectricityPredictor,172683.14206248368,162.03030758521908,415.5516117914641,0.34614769991299177,8.497732877731323,20260225_085842_run1
tsfresh,EthereumSentiment,0.05191716689212058,0.17406289484835114,0.2278533890292628,0.2786153213141819,4.13741135597229,20260225_085846_run1
tsfresh,GasSensorArrayAcetone,0.024853557000621012,0.08100683422486847,0.157650109421532,0.7215383241801734,3.7124688625335693,20260225_085850_run1
tsfresh,GasSensorArrayEthanol,0.0243995945184568,0.07361432420556542,0.15620369559794928,0.7841484534105357,3.532297372817993,20260225_085853_run1
tsfresh,HotwaterPredictor,717432.9669668823,512.7241988724252,847.0141480322997,0.5879443094056414,4.915622711181641,20260225_085858_run1
tsfresh,IronConcentration,3068.175117151113,34.125429108246514,55.39111045241026,0.5546964345716126,4.69853663444519,20260225_085903_run1
tsfresh,LPGasMonitoringHomeActivity,1.4474368859287823,0.8501962141813881,1.2030947119527964,0.16009568017016773,22.299322605133057,20260225_085925_run1
tsfresh,MadridPM10Quality_nmv,46.40664092271373,5.058280637583043,6.812241989441782,0.7286175716624848,71.29999208450317,20260225_090038_run1
tsfresh,AcousticContaminationMadrid_nmv,17.860544534359,2.4768218782212994,4.226173746352485,0.5462354096784077,2.2098639011383057,20260225_090041_run2
tsfresh,AluminiumConcentration,44483.563957158054,146.78255210077197,210.9112703417199,0.8075203674910952,4.896215438842773,20260225_090046_run2
tsfresh,BarCrawl6min,0.0022243009679634874,0.03410388034116205,0.047162495353442524,0.24866738212167094,2.6816577911376953,20260225_090048_run2
tsfresh,BeijingIntAirportPM25Quality,1907.4254952541812,31.858676999302233,43.67408264925757,0.6245454156829504,17.713835954666138,20260225_090106_run2
tsfresh,BinanceCoinSentiment,0.09490640130243615,0.236403709278831,0.30806882559330173,0.12526907430500267,3.630455255508423,20260225_090110_run2
tsfresh,BitcoinSentiment,0.02587454060860435,0.11783886666178703,0.16085565146616498,0.5069765174057139,3.9143218994140625,20260225_090114_run2
tsfresh,BoronConcentration,16.905315523513867,0.5609045879355177,4.1116074135931155,0.0511831591925479,4.908992767333984,20260225_090119_run2
tsfresh,CalciumConcentration,1448641.0856157227,660.4238353948942,1203.5950671283606,0.8304525846877244,4.6189539432525635,20260225_090123_run2
tsfresh,CardanoSentiment,0.06566052106254325,0.1819232162576733,0.25624308978496035,-0.013375513689524166,1.784095048904419,20260225_090125_run2
tsfresh,ChilledWaterPredictor,3355852.1521364534,437.71742661493516,1831.898510326501,0.009863678338762338,5.99205207824707,20260225_090131_run2
tsfresh,CopperConcentration,3.4567145940207817,0.8318829513318323,1.8592241914359822,0.36722254084749895,4.925202131271362,20260225_090136_run2
tsfresh,Covid19Andalusia,0.00019070433754841235,0.00822632660052118,0.013809574126250685,0.46552144587354516,2.238764524459839,20260225_090138_run2
tsfresh,DailyOilGasPrices,2.49848256411399,0.9957504060350617,1.5806589018868018,0.6064275268058611,3.0644030570983887,20260225_090141_run2
tsfresh,DhakaHourlyAirQuality,0.2519865119299134,0.2983977911105029,0.5019825813012971,0.9999371876376094,11.849115371704102,20260225_090153_run2
tsfresh,ElectricityPredictor,128938.00148379809,135.40905285960343,359.07938047707233,0.3595554758192042,8.444979190826416,20260225_090202_run2
tsfresh,EthereumSentiment,0.05769293517453101,0.17904201630398495,0.24019353691248857,0.2653149277500819,4.0527732372283936,20260225_090206_run2
tsfresh,GasSensorArrayAcetone,0.035516710608456216,0.1001515475224213,0.18845877694725766,0.649148722638492,3.8964478969573975,20260225_090210_run2
tsfresh,GasSensorArrayEthanol,0.016051899626926557,0.06421756102356344,0.12669609160083256,0.8205663128637893,3.6927592754364014,20260225_090213_run2
tsfresh,HotwaterPredictor,505372.8138758548,394.4273619616851,710.8957827106972,0.7139985965946304,4.910334825515747,20260225_090218_run2
tsfresh,IronConcentration,2856.496726553476,34.80925427287558,53.446204042508725,0.4919287299691383,4.7554380893707275,20260225_090223_run2
tsfresh,LPGasMonitoringHomeActivity,1.5055659182376937,0.875260363609365,1.2270150440144136,0.11155324485221829,22.55652689933777,20260225_090246_run2
tsfresh,MadridPM10Quality_nmv,50.42203458712947,5.228072737691801,7.100847455559756,0.6899112855770905,71.13753056526184,20260225_090357_run2
tsfresh,AcousticContaminationMadrid_nmv,8.816600755081645,2.1621456358167856,2.969276133181561,0.7856419200787581,2.226921319961548,20260225_090359_run3
tsfresh,AluminiumConcentration,42128.63019450865,139.4259176635742,205.25260094456453,0.78527673903992,4.9350035190582275,20260225_090404_run3
tsfresh,BarCrawl6min,0.0015992159068087643,0.02750033373241276,0.03999019763402982,0.3993993447561732,2.7202818393707275,20260225_090407_run3
tsfresh,BeijingIntAirportPM25Quality,1848.8383778240463,30.799848015699006,42.998120631302555,0.6293138065859445,17.883463144302368,20260225_090425_run3
tsfresh,BinanceCoinSentiment,0.11761590800706369,0.255811129749953,0.34295175755062646,0.0007375162332267093,3.3956451416015625,20260225_090428_run3
tsfresh,BitcoinSentiment,0.03858957906686304,0.13990818523633478,0.1964423046771317,0.25936676880121035,3.919691324234009,20260225_090432_run3
tsfresh,BoronConcentration,0.6416437286291751,0.23747759889196604,0.8010266716091138,0.13627824784744025,5.056500434875488,20260225_090437_run3
tsfresh,CalciumConcentration,6818476.127724342,865.4137504505736,2611.2211947141404,0.6779428386321256,4.915576219558716,20260225_090442_run3
tsfresh,CardanoSentiment,0.09136445820569422,0.22653397150256416,0.3022655425378391,0.0022157281870616163,1.781364917755127,20260225_090444_run3
tsfresh,ChilledWaterPredictor,3230485.903645553,375.1723133546326,1797.3552524878194,0.07114297557559224,5.825757265090942,20260225_090450_run3
tsfresh,CopperConcentration,3.5181113790029555,0.7967106857744476,1.8756629172116603,0.3201553952914502,4.930325984954834,20260225_090455_run3
tsfresh,Covid19Andalusia,8.441612456756408e-05,0.006581924058786694,0.009187824800656795,0.9281598332281614,2.116518497467041,20260225_090457_run3
tsfresh,DailyOilGasPrices,1.2073156883953693,0.7113166381792089,1.0987791809073237,0.6831518546684986,3.04282546043396,20260225_090500_run3
tsfresh,DhakaHourlyAirQuality,0.3164206462312727,0.2973590508879224,0.5625127965044642,0.9999202523105574,11.994582414627075,20260225_090512_run3
tsfresh,ElectricityPredictor,181002.62164071857,177.51775887174546,425.4440287989932,0.381651192339282,8.44365906715393,20260225_090520_run3
tsfresh,EthereumSentiment,0.0667603769891954,0.19810591812701986,0.25838029528041684,0.18688707564583928,3.973924160003662,20260225_090524_run3
tsfresh,GasSensorArrayAcetone,0.023934172389032372,0.07684406540281738,0.15470673026417556,0.7496799540964791,3.8439106941223145,20260225_090528_run3
tsfresh,GasSensorArrayEthanol,0.015521531575083698,0.05950526438383219,0.12458543885656821,0.8431028427832838,3.912199020385742,20260225_090532_run3
tsfresh,HotwaterPredictor,721179.7241953781,486.5012177954397,849.223012050061,0.6700354508416477,4.88596248626709,20260225_090537_run3
tsfresh,IronConcentration,3386.3164578970186,36.48217705535889,58.19206524859741,0.44340464365407917,4.900472402572632,20260225_090542_run3
tsfresh,LPGasMonitoringHomeActivity,1.5714378087126812,0.8698237330603804,1.2535700254523803,0.07723300241387532,22.54269766807556,20260225_090604_run3
tsfresh,MadridPM10Quality_nmv,47.566132571339956,5.095154795221474,6.896820468254916,0.7266677023798953,71.53997778892517,20260225_090716_run3
tsfresh,AcousticContaminationMadrid_nmv,11.170498859738125,2.3318424224853507,3.3422296240291636,0.7237867306525534,2.10664439201355,20260225_090718_run4
tsfresh,AluminiumConcentration,46582.42702302634,153.2025779667607,215.82962498931036,0.7758345543861681,4.81406044960022,20260225_090723_run4
tsfresh,BarCrawl6min,0.001996235547695912,0.033219867456417584,0.044679251870369446,0.4245157228411106,2.654259204864502,20260225_090726_run4
tsfresh,BeijingIntAirportPM25Quality,2257.2400988142426,32.71367212944785,47.51042094966369,0.60803659330948,17.91825294494629,20260225_090744_run4
tsfresh,BinanceCoinSentiment,0.09195551337039772,0.22290070072518128,0.30324167485752634,0.011862632922548522,3.384420394897461,20260225_090747_run4
tsfresh,BitcoinSentiment,0.04451960249074418,0.13418604233658316,0.210996688340704,0.3536474401134867,3.9307169914245605,20260225_090751_run4
tsfresh,BoronConcentration,16.56977154695319,0.5691575198472071,4.070598426147339,0.04998844679905756,5.085751056671143,20260225_090756_run4
tsfresh,CalciumConcentration,2667790.345964472,813.6896603460661,1633.337180732892,0.6793849290667873,4.775699615478516,20260225_090801_run4
tsfresh,CardanoSentiment,0.07699829283081949,0.22172065874952257,0.2774856623878421,-0.11420614577078103,1.7979228496551514,20260225_090803_run4
tsfresh,ChilledWaterPredictor,457370.0106571916,306.93802671527106,676.2913652096939,0.04449832788546215,5.911449432373047,20260225_090809_run4
tsfresh,CopperConcentration,2.826014237946379,0.8281697841579322,1.681075321913441,0.485421455647429,4.777493476867676,20260225_090813_run4
tsfresh,Covid19Andalusia,0.00013371641485208233,0.0071146192449582065,0.011563581402493014,0.8975403267853688,2.1413543224334717,20260225_090816_run4
tsfresh,DailyOilGasPrices,2.189135364842153,0.9418167323068642,1.4795726967074492,0.6328533462724906,3.066359043121338,20260225_090819_run4
tsfresh,DhakaHourlyAirQuality,0.2361134104616808,0.2907984575403674,0.48591502391023145,0.9999418492497318,11.969478845596313,20260225_090831_run4
tsfresh,ElectricityPredictor,125378.20579463184,132.28733856887987,354.08785039115907,0.3342496151920984,8.495682716369629,20260225_090839_run4
tsfresh,EthereumSentiment,0.04389204944164235,0.1658341686311169,0.20950429456610753,0.25178783950611583,4.0118842124938965,20260225_090843_run4
tsfresh,GasSensorArrayAcetone,0.026226186939154145,0.07972555669353043,0.1619450120848251,0.7203468432207967,3.8009278774261475,20260225_090847_run4
tsfresh,GasSensorArrayEthanol,0.018873295583318267,0.06132347471172189,0.13738011349288612,0.8519741522876999,3.887477159500122,20260225_090851_run4
tsfresh,HotwaterPredictor,925282.052345997,543.5872760982554,961.9158239399105,0.591530613069623,4.922259569168091,20260225_090856_run4
tsfresh,IronConcentration,2392.7120960791067,33.64011979973834,48.915356444363226,0.5397260548520588,4.944355487823486,20260225_090901_run4
tsfresh,LPGasMonitoringHomeActivity,1.5564833072646351,0.8792119926802688,1.2475910015965308,0.12289055537635818,22.494171380996704,20260225_090923_run4
tsfresh,MadridPM10Quality_nmv,51.94593168425406,5.3412287644579886,7.20735261273195,0.698153522003732,71.29100394248962,20260225_091035_run4
tsfresh,AcousticContaminationMadrid_nmv,10.046826468863904,2.1726091384887685,3.16967292774253,0.7674195239908057,2.0813536643981934,20260225_091037_run5
tsfresh,AluminiumConcentration,44374.41210327616,150.3696787850516,210.65234891468967,0.8101805211182973,4.908698081970215,20260225_091042_run5
tsfresh,BarCrawl6min,0.002030276076581847,0.032192276334194934,0.04505858493763255,0.17893801004138987,2.6703505516052246,20260225_091044_run5
tsfresh,BeijingIntAirportPM25Quality,2224.5431365797335,32.57948977462316,47.16506266909579,0.63778665876981,18.104146480560303,20260225_091103_run5
tsfresh,BinanceCoinSentiment,0.08770876226637696,0.21407476295421393,0.2961566515653109,0.09545607397479716,3.482989549636841,20260225_091106_run5
tsfresh,BitcoinSentiment,0.03983266238776322,0.13715611158728597,0.1995812175224994,0.2732685941762757,3.844724178314209,20260225_091110_run5
tsfresh,BoronConcentration,0.9339612125974738,0.27449323667691666,0.966416686837243,0.3018915090968588,4.933389186859131,20260225_091115_run5
tsfresh,CalciumConcentration,3380841.204746824,795.6082854649409,1838.7063943835144,0.8247281693014241,4.740192413330078,20260225_091120_run5
tsfresh,CardanoSentiment,0.07722741206025624,0.20876859395756867,0.27789820449268154,-0.13961182187115484,1.6929447650909424,20260225_091121_run5
tsfresh,ChilledWaterPredictor,6213673.986527425,500.64255248420557,2492.7242098811143,0.022122799878710797,5.892895221710205,20260225_091127_run5
tsfresh,CopperConcentration,3.5431831008961026,0.8231102224111556,1.88233448167325,0.37742862588886195,4.959187030792236,20260225_091132_run5
tsfresh,Covid19Andalusia,0.00015864819480643333,0.007288036857976235,0.012595562504566175,0.8057725622454246,2.118046998977661,20260225_091134_run5
tsfresh,DailyOilGasPrices,1.9681500059023416,0.8848480623661789,1.4029076968576164,0.5051402807324945,3.1380066871643066,20260225_091138_run5
tsfresh,DhakaHourlyAirQuality,0.208885487941466,0.26905359789305194,0.45703991941784033,0.999945846144533,11.81808614730835,20260225_091149_run5
tsfresh,ElectricityPredictor,178471.03489059655,164.68123636382626,422.4583232587524,0.10453940928238892,8.515968322753906,20260225_091158_run5
tsfresh,EthereumSentiment,0.07068492437345064,0.1828736546427847,0.2658663656302742,0.16202703505221938,4.049222230911255,20260225_091202_run5
tsfresh,GasSensorArrayAcetone,0.03262867836021071,0.09493172008605794,0.18063410076785255,0.6527657806336711,3.8655319213867188,20260225_091206_run5
tsfresh,GasSensorArrayEthanol,0.022705203266704325,0.07679444534720721,0.15068245839083036,0.7986426087265318,3.775240898132324,20260225_091210_run5
tsfresh,HotwaterPredictor,639662.470923921,438.57658675287473,799.789016506179,0.7009742092691544,4.975696802139282,20260225_091215_run5
tsfresh,IronConcentration,2187.1727616570774,32.41165911964748,46.76721887879455,0.6601435877647287,4.859738826751709,20260225_091219_run5
tsfresh,LPGasMonitoringHomeActivity,1.6786439033582568,0.8931713295953614,1.295624908435407,0.11486329597171197,22.542651414871216,20260225_091242_run5
tsfresh,MadridPM10Quality_nmv,52.255164745801814,5.253990614877576,7.228773391509919,0.6917215701165516,71.53691077232361,20260225_091354_run5
tsfresh,AcousticContaminationMadrid_nmv,6.064747200395505,1.8519718805948893,2.462670745429747,0.8539885579121771,2.1337809562683105,20260225_091356_run6
tsfresh,AluminiumConcentration,52395.52959589402,145.95219198592252,228.90069811141692,0.7646393685475819,4.930856704711914,20260225_091401_run6
tsfresh,BarCrawl6min,0.0017005144923988248,0.027625113498542173,0.04123729492096717,0.386098231103961,2.7263553142547607,20260225_091404_run6
tsfresh,BeijingIntAirportPM25Quality,2368.224314774381,33.187898340871776,48.664405007914986,0.604164008200506,18.055400133132935,20260225_091422_run6
tsfresh,BinanceCoinSentiment,0.11366850722955711,0.2446136888081703,0.33714760451404235,0.10304658060942407,3.4934678077697754,20260225_091425_run6
tsfresh,BitcoinSentiment,0.04361851786076588,0.13961416768741605,0.20885046770540372,0.23126397997814385,3.8539271354675293,20260225_091429_run6
tsfresh,BoronConcentration,16.740193931531277,0.5765959133138723,4.091478208610096,0.0656680957011958,4.938464164733887,20260225_091434_run6
tsfresh,CalciumConcentration,1819000.0092995495,687.8798978795556,1348.7030841884916,0.7838042298163633,4.905646085739136,20260225_091439_run6
tsfresh,CardanoSentiment,0.06240870001233968,0.2021420906410073,0.2498173332904258,-0.12320830887720247,1.8143322467803955,20260225_091441_run6
tsfresh,ChilledWaterPredictor,10313607.514389925,686.4687657676606,3211.4805797933645,0.046313389789097936,5.857965469360352,20260225_091447_run6
tsfresh,CopperConcentration,3.434254595237605,0.9582040841089986,1.8531741945207432,0.32186984458224455,4.889820098876953,20260225_091452_run6
tsfresh,Covid19Andalusia,0.00012094994144231858,0.00669609352495875,0.01099772437562965,0.9053866026313814,2.1191492080688477,20260225_091454_run6
tsfresh,DailyOilGasPrices,1.521017707024119,0.823209847237598,1.233295466230262,0.6753941063230304,3.034968376159668,20260225_091457_run6
tsfresh,DhakaHourlyAirQuality,0.3044581269413994,0.2977576130382229,0.5517772439503096,0.9999258568036423,11.999393224716187,20260225_091509_run6
tsfresh,ElectricityPredictor,157153.74101202373,152.94021515343232,396.4262113080109,0.06829327118448947,8.500603437423706,20260225_091517_run6
tsfresh,EthereumSentiment,0.05698395830509454,0.17017596743452215,0.2387131297291679,0.2256002747364677,4.029648542404175,20260225_091521_run6
tsfresh,GasSensorArrayAcetone,0.026198016464152308,0.08934307777829029,0.16185801328371824,0.7085987125109185,3.8383705615997314,20260225_091525_run6
tsfresh,GasSensorArrayEthanol,0.022062682944859784,0.07787256226195105,0.1485351236067072,0.8067064556315813,3.717331647872925,20260225_091529_run6
tsfresh,HotwaterPredictor,561030.3825191798,379.2180714894256,749.0196142419635,0.7621358222769675,4.939748287200928,20260225_091534_run6
tsfresh,IronConcentration,4021.1054128898795,37.75453963984614,63.41218662757088,0.4409056669274213,4.861187696456909,20260225_091539_run6
tsfresh,LPGasMonitoringHomeActivity,1.4799400154125946,0.87033364367867,1.216527852296278,0.13804125435196657,22.5289785861969,20260225_091601_run6
tsfresh,MadridPM10Quality_nmv,47.89048998987161,5.157117367301005,6.920295513189564,0.7051916282582966,71.57882285118103,20260225_091713_run6
tsfresh,AcousticContaminationMadrid_nmv,7.682151525747546,2.1027038574218744,2.771669447417485,0.8082329653499165,2.0928335189819336,20260225_091715_run7
tsfresh,AluminiumConcentration,44287.51064869101,139.18363622417147,210.44598035764668,0.8063416877351581,4.883577108383179,20260225_091720_run7
tsfresh,BarCrawl6min,0.002349425798233302,0.036817200435735935,0.04847087577332704,0.2899600105268745,2.8150651454925537,20260225_091723_run7
tsfresh,BeijingIntAirportPM25Quality,2140.5303676755457,32.685895158746156,46.26586611829012,0.6423725566229073,17.7096426486969,20260225_091741_run7
tsfresh,BinanceCoinSentiment,0.12228954041417804,0.261370759573013,0.3496992142029748,-0.03974784949668164,3.519345283508301,20260225_091744_run7
tsfresh,BitcoinSentiment,0.0329712911859018,0.13570283646464348,0.18157998564242095,0.4726407228822742,4.0185370445251465,20260225_091748_run7
tsfresh,BoronConcentration,0.1291225731904948,0.18799740813918847,0.35933629539818934,0.5935912638846139,4.982927560806274,20260225_091753_run7
tsfresh,CalciumConcentration,6683831.5575737115,952.4205759929238,2585.3107274704353,0.6899680176517695,4.683008432388306,20260225_091758_run7
tsfresh,CardanoSentiment,0.10521422157595979,0.26169022031841854,0.3243674175621833,-0.10831597544171712,1.8116812705993652,20260225_091800_run7
tsfresh,ChilledWaterPredictor,301133.88070514624,270.1801199779123,548.7566680279577,-0.1255499303565757,5.962140798568726,20260225_091806_run7
tsfresh,CopperConcentration,3.3764868276094435,0.7352782904708196,1.8375219257493074,0.430225820903691,4.812154769897461,20260225_091811_run7
tsfresh,Covid19Andalusia,8.929002107573151e-05,0.006468141675792566,0.009449339716389263,0.9258843327895305,2.168166160583496,20260225_091813_run7
tsfresh,DailyOilGasPrices,3.4943108312615205,1.1203323676536825,1.8693075806997415,0.5188971044056723,3.196279764175415,20260225_091816_run7
tsfresh,DhakaHourlyAirQuality,0.21026754607082943,0.269595710807632,0.4585493932727743,0.9999485570134522,12.338927984237671,20260225_091828_run7
tsfresh,ElectricityPredictor,157380.95100897373,153.53485864814786,396.712680675793,0.2688126571829832,8.411758422851562,20260225_091837_run7
tsfresh,EthereumSentiment,0.04441673819770569,0.1644459677257271,0.21075278929994187,0.2197179389060262,4.012694358825684,20260225_091841_run7
tsfresh,GasSensorArrayAcetone,0.030759342461908888,0.09405778227140088,0.17538341558399667,0.6625509421560547,3.8928580284118652,20260225_091845_run7
tsfresh,GasSensorArrayEthanol,0.01024246268232549,0.05458953835927657,0.10120505265215513,0.8553605903861237,3.7171096801757812,20260225_091849_run7
tsfresh,HotwaterPredictor,890919.4696672221,532.0931943252631,943.8853053561232,0.5532024105537038,5.045301198959351,20260225_091854_run7
tsfresh,IronConcentration,2977.4957023825114,35.59950065297666,54.56643384336667,0.4616978759273477,4.90648078918457,20260225_091859_run7
tsfresh,LPGasMonitoringHomeActivity,1.5349461973564766,0.8714884186464519,1.238929456166281,0.12044306540420258,22.48860788345337,20260225_091921_run7
tsfresh,MadridPM10Quality_nmv,49.71230720285379,5.192763429916835,7.050695511994103,0.6910651956218941,71.38995599746704,20260225_092033_run7
tsfresh,AcousticContaminationMadrid_nmv,9.745991650000636,2.24126033782959,3.1218570835322743,0.7505136527608294,2.125962018966675,20260225_092035_run8
tsfresh,AluminiumConcentration,41794.07741584744,136.842149449626,204.4359983365147,0.805267630575665,5.018208026885986,20260225_092040_run8
tsfresh,BarCrawl6min,0.0016657720204748185,0.03225616649286904,0.04081387044222611,0.4274957482298358,2.6726810932159424,20260225_092042_run8
tsfresh,BeijingIntAirportPM25Quality,2305.4666040277802,33.7325533466824,48.015274694911206,0.6114866765806963,17.95056676864624,20260225_092100_run8
tsfresh,BinanceCoinSentiment,0.11084537704179766,0.24477146421022056,0.33293449361968736,0.06625415627897957,3.531574249267578,20260225_092104_run8
tsfresh,BitcoinSentiment,0.028117427409634622,0.12413014581942557,0.16768251969014128,0.4353043477602758,3.998371124267578,20260225_092108_run8
tsfresh,BoronConcentration,15.566084746516173,0.47848597575179935,3.94538778151352,0.054694369811229326,4.740424156188965,20260225_092113_run8
tsfresh,CalciumConcentration,3155416.6995915766,706.7208318344036,1776.3492617139166,0.690507332757645,4.881479978561401,20260225_092118_run8
tsfresh,CardanoSentiment,0.06067176640276512,0.20074904066071364,0.24631639491265117,-0.09099782666307665,1.7758996486663818,20260225_092119_run8
tsfresh,ChilledWaterPredictor,149610.75266399304,227.07509948119056,386.79549204197434,0.4956648475072938,5.827093124389648,20260225_092125_run8
tsfresh,CopperConcentration,1.8101494432455572,0.8151252914764263,1.3454179437058051,0.3132683582461867,4.846641778945923,20260225_092130_run8
tsfresh,Covid19Andalusia,0.0002187906326977153,0.009007291264637342,0.014791573029861135,0.8193513940247944,2.1407339572906494,20260225_092132_run8
tsfresh,DailyOilGasPrices,2.037611134555794,1.0158378977041138,1.427449170568183,0.6427084533827958,3.167095422744751,20260225_092135_run8
tsfresh,DhakaHourlyAirQuality,0.20969918971534512,0.2806854544950309,0.45792924094814597,0.9999463481510483,11.77254056930542,20260225_092147_run8
tsfresh,ElectricityPredictor,140416.78096394707,142.57191165321177,374.72227177463986,0.35779244705718116,8.489912509918213,20260225_092156_run8
tsfresh,EthereumSentiment,0.031490990284725795,0.14267429693268838,0.1774570096804457,0.38993864230102004,4.124262094497681,20260225_092200_run8
tsfresh,GasSensorArrayAcetone,0.04154069924090205,0.1047037860722308,0.2038153557534418,0.5869197453518549,3.7205960750579834,20260225_092204_run8
tsfresh,GasSensorArrayEthanol,0.012020016696448078,0.061300718327724366,0.10963583673438206,0.8304603286914347,3.9446353912353516,20260225_092208_run8
tsfresh,HotwaterPredictor,975289.0145596944,604.4731096492579,987.5672202739895,0.6588145364594205,5.016162872314453,20260225_092213_run8
tsfresh,IronConcentration,2844.2238217769336,33.77580675639277,53.33126495571742,0.4188183352250252,4.7998597621917725,20260225_092217_run8
tsfresh,LPGasMonitoringHomeActivity,1.4263467848912275,0.8384266822677701,1.1942976115237054,0.10187834450698918,22.614362955093384,20260225_092240_run8
tsfresh,MadridPM10Quality_nmv,45.17938639202977,5.057816803681515,6.721561306127452,0.717039512124015,71.3017041683197,20260225_092352_run8
tsfresh,AcousticContaminationMadrid_nmv,16.37329693931436,2.563438309563531,4.046393077706905,0.7115980595422435,2.1080944538116455,20260225_092354_run9
tsfresh,AluminiumConcentration,66836.35239813206,155.67324130426638,258.52727592680054,0.7571944381465348,5.024656534194946,20260225_092359_run9
tsfresh,BarCrawl6min,0.002174589100377195,0.032701053192929895,0.0466324897510008,0.41267950262200126,2.6840906143188477,20260225_092401_run9
tsfresh,BeijingIntAirportPM25Quality,2154.9154104567124,31.452626696414196,46.421066451092145,0.6146337923268826,17.871331214904785,20260225_092419_run9
tsfresh,BinanceCoinSentiment,0.1177944154457705,0.2707430090940452,0.3432119104077982,0.06654091477996193,3.496248483657837,20260225_092423_run9
tsfresh,BitcoinSentiment,0.033607925819115425,0.12734943956887723,0.18332464596751694,0.4691156321005062,3.934246063232422,20260225_092427_run9
tsfresh,BoronConcentration,0.10196296051650428,0.17190548885949156,0.319316395627447,0.34450973178689814,5.05086350440979,20260225_092432_run9
tsfresh,CalciumConcentration,1659583.1442352065,682.8020199939668,1288.2480911048176,0.9021443438879319,4.772836208343506,20260225_092437_run9
tsfresh,CardanoSentiment,0.08586803306622813,0.24036742580442716,0.2930324778351849,-0.09607727673069633,1.7805814743041992,20260225_092438_run9
tsfresh,ChilledWaterPredictor,4691062.180868279,436.4056251616606,2165.886003664154,0.07408432540580456,5.796264171600342,20260225_092444_run9
tsfresh,CopperConcentration,4.479246265414602,0.8902125454006372,2.116422988302339,0.3746804869727879,4.465075254440308,20260225_092449_run9
tsfresh,Covid19Andalusia,0.00011502059897325627,0.007228274424793992,0.010724765683839264,0.8514530919740516,2.1336734294891357,20260225_092451_run9
tsfresh,DailyOilGasPrices,1.9244846333988168,0.8527199557863433,1.3872579548875605,0.6232402541498888,3.149831533432007,20260225_092454_run9
tsfresh,DhakaHourlyAirQuality,0.31033976823827925,0.2983615054152569,0.5570814736089141,0.9999277860622241,11.77951979637146,20260225_092506_run9
tsfresh,ElectricityPredictor,171870.930169933,173.5104662472197,414.5731903656253,0.32064962830756794,8.49343228340149,20260225_092514_run9
tsfresh,EthereumSentiment,0.0483609800794871,0.16594192624938822,0.2199113004815512,0.16506693707472309,4.02399206161499,20260225_092518_run9
tsfresh,GasSensorArrayAcetone,0.019662069380111013,0.0766930306973518,0.14022150113342466,0.7532737330980461,3.683505058288574,20260225_092522_run9
tsfresh,GasSensorArrayEthanol,0.009988415770059553,0.05138397380443036,0.09994206206627694,0.9188068392944728,3.84942626953125,20260225_092526_run9
tsfresh,HotwaterPredictor,648490.4524266394,490.4739975671976,805.289048992124,0.5239092455596293,4.976903915405273,20260225_092531_run9
tsfresh,IronConcentration,2649.340690023052,34.096626119199,51.47174652198089,0.5351929127474702,4.82098388671875,20260225_092536_run9
tsfresh,LPGasMonitoringHomeActivity,1.4056035986355901,0.8391400756233418,1.185581544490125,0.15085963324562668,22.55093765258789,20260225_092558_run9
tsfresh,MadridPM10Quality_nmv,49.53950125142585,5.228626317140841,7.038430311612515,0.7009768519616663,71.40355038642883,20260225_092710_run9
tsfresh,AcousticContaminationMadrid_nmv,8.183457777680207,2.0907775455051,2.860674357154307,0.7763400635476858,2.0860531330108643,20260225_092712_run10
tsfresh,AluminiumConcentration,50736.88366958396,140.14737122647725,225.24849315718842,0.8087571896526728,5.004729747772217,20260225_092717_run10
tsfresh,BarCrawl6min,0.0020409757043927433,0.03290014915279688,0.04517715910050944,0.2827489473985727,2.7364840507507324,20260225_092720_run10
tsfresh,BeijingIntAirportPM25Quality,2081.8728457446464,32.43078582569704,45.62754481390212,0.6521441327447979,17.662960052490234,20260225_092737_run10
tsfresh,BinanceCoinSentiment,0.13734478556766683,0.2826961233365385,0.37060057415992603,0.013154543553989817,3.382812023162842,20260225_092741_run10
tsfresh,BitcoinSentiment,0.0529128341271386,0.15988267381000518,0.23002789858436432,0.32605394096641127,3.974900245666504,20260225_092745_run10
tsfresh,BoronConcentration,1.6632764761371255,0.3188132103072695,1.2896807652039808,0.25878782589825833,4.921841144561768,20260225_092750_run10
tsfresh,CalciumConcentration,1805559.424571308,613.1758455893631,1343.7110643926796,0.8309123610421124,4.898462772369385,20260225_092755_run10
tsfresh,CardanoSentiment,0.06828365724894216,0.19868286384958211,0.26131141813732933,0.023350033368280676,1.7994093894958496,20260225_092756_run10
tsfresh,ChilledWaterPredictor,10297071.951977333,674.55661879499,3208.905101740675,0.05064470110838881,5.896685838699341,20260225_092802_run10
tsfresh,CopperConcentration,3.449596673845693,0.8724249911480794,1.857308987176257,0.38939907995929335,4.743847846984863,20260225_092807_run10
tsfresh,Covid19Andalusia,0.00013392871165204454,0.007864330296772607,0.011572757305501767,0.9026156124075491,2.14198637008667,20260225_092809_run10
tsfresh,DailyOilGasPrices,1.3056533385060325,0.800227224141702,1.1426518885933863,0.5954043636277556,3.1516895294189453,20260225_092812_run10
tsfresh,DhakaHourlyAirQuality,0.14920078786246083,0.2536182475230794,0.3862651781645102,0.999961752987826,11.632085800170898,20260225_092824_run10
tsfresh,ElectricityPredictor,186344.48233409322,178.1552785281038,431.67636295504207,0.01448493626743419,8.446470975875854,20260225_092833_run10
tsfresh,EthereumSentiment,0.04107624763953612,0.15654152539890506,0.20267275998401,0.25188864396676847,4.094899892807007,20260225_092837_run10
tsfresh,GasSensorArrayAcetone,0.023738610051165496,0.07976637878127804,0.15407339176887583,0.745048243795566,3.9504330158233643,20260225_092841_run10
tsfresh,GasSensorArrayEthanol,0.02235218580790312,0.0684469743497097,0.14950647413374152,0.782557652454387,3.8222031593322754,20260225_092844_run10
tsfresh,HotwaterPredictor,855112.304317932,516.8078117713136,924.7228256715263,0.6232068527023056,4.987748146057129,20260225_092849_run10
tsfresh,IronConcentration,3765.8204176010267,38.900941147182294,61.36628078677269,0.43998651365063646,4.846005916595459,20260225_092854_run10
tsfresh,LPGasMonitoringHomeActivity,1.3729619953483965,0.8532179764201786,1.171734609605945,0.14061163791631215,22.714406490325928,20260225_092917_run10
tsfresh,MadridPM10Quality_nmv,51.49797753597429,5.1413965250461535,7.176209134074501,0.7065748336868636,71.48981285095215,20260225_093029_run10
tsfresh,AcousticContaminationMadrid_nmv,9.087862269937432,2.306244447496202,3.01460814533787,0.7775772830609445,2.1447525024414062,20260225_093031_run11
tsfresh,AluminiumConcentration,27401.437708874655,126.45119898591217,165.5337962739774,0.8014650757657201,5.02093768119812,20260225_093036_run11
tsfresh,BarCrawl6min,0.0033097443934447823,0.043995091196295744,0.057530378005404954,-0.06261170520016668,2.692396879196167,20260225_093039_run11
tsfresh,BeijingIntAirportPM25Quality,1903.2814829499498,30.74568406875524,43.626614387893426,0.6620076243072615,17.744534730911255,20260225_093056_run11
tsfresh,BinanceCoinSentiment,0.12503266564635787,0.2742924232181114,0.35359958377571354,0.12210575565642046,3.4439308643341064,20260225_093100_run11
tsfresh,BitcoinSentiment,0.030353945243688493,0.13495929508006574,0.17422383661166602,0.4337899249500803,4.021714210510254,20260225_093104_run11
tsfresh,BoronConcentration,1.4509122068188274,0.2941968826822005,1.2045381715906007,0.26156331699732627,4.947251319885254,20260225_093109_run11
tsfresh,CalciumConcentration,1690190.9450981324,610.86291608401,1300.0734383480544,0.9089910090817577,4.898407459259033,20260225_093114_run11
tsfresh,CardanoSentiment,0.07241054370739416,0.20892516146067416,0.2690920729181634,-0.06489008430648902,1.8082668781280518,20260225_093116_run11
tsfresh,ChilledWaterPredictor,7355236.596958673,575.8605722739997,2712.0539443305092,0.042110155100913094,5.904191017150879,20260225_093121_run11
tsfresh,CopperConcentration,3.0644520101236936,0.796968161227842,1.7505576283355238,0.3725753457723012,4.898050785064697,20260225_093126_run11
tsfresh,Covid19Andalusia,9.88169147336662e-05,0.0070268540664289135,0.009940669732652131,0.8611978446497084,2.2215957641601562,20260225_093129_run11
tsfresh,DailyOilGasPrices,2.640841151118732,1.0403328873601456,1.6250665066755674,0.35285308243241265,3.029916286468506,20260225_093132_run11
tsfresh,DhakaHourlyAirQuality,0.21503779626026373,0.284450262768961,0.4637216797393278,0.9999459549137867,11.969750165939331,20260225_093144_run11
tsfresh,ElectricityPredictor,159270.44037478406,156.71379087464314,399.08700852669216,0.19289258678518872,8.285953760147095,20260225_093152_run11
tsfresh,EthereumSentiment,0.04945224129725899,0.16795007112884075,0.22237859900912,0.32087595945964276,4.111013174057007,20260225_093156_run11
tsfresh,GasSensorArrayAcetone,0.037486178067873,0.0983799289005817,0.1936134759459501,0.6048143878386881,3.831251621246338,20260225_093200_run11
tsfresh,GasSensorArrayEthanol,0.0116757794198412,0.05633357475083488,0.10805452058956719,0.8760660507503953,3.769498348236084,20260225_093204_run11
tsfresh,HotwaterPredictor,693883.8517742354,492.3293155517651,832.9969098227408,0.6284036757059597,5.034418344497681,20260225_093209_run11
tsfresh,IronConcentration,3272.1067871786627,36.1341105050626,57.20233200822028,0.4934779076520729,4.867514371871948,20260225_093214_run11
tsfresh,LPGasMonitoringHomeActivity,1.3508818594422671,0.8654156367116022,1.162274433790173,0.10572926544822625,22.096383810043335,20260225_093236_run11
tsfresh,MadridPM10Quality_nmv,47.12945954204679,5.163330377772193,6.865089915073712,0.6995822015526569,71.48771381378174,20260225_093347_run11
tsfresh,AcousticContaminationMadrid_nmv,5.100227810081821,1.7670999738905167,2.2583683955638905,0.8377858213268142,2.1919569969177246,20260225_093350_run12
tsfresh,AluminiumConcentration,43992.74142500082,144.94858824860103,209.74446697112376,0.8002523247874254,4.888152360916138,20260225_093354_run12
tsfresh,BarCrawl6min,0.002032853339764652,0.03390575562436173,0.04508717489225347,0.301847488788632,2.7224361896514893,20260225_093357_run12
tsfresh,BeijingIntAirportPM25Quality,2218.4897292065925,33.32027300805022,47.100846374631026,0.6515329074840146,17.818746089935303,20260225_093415_run12
tsfresh,BinanceCoinSentiment,0.09265028259659139,0.21739759440935108,0.3043850893138351,0.11848868318471995,3.4639530181884766,20260225_093419_run12
tsfresh,BitcoinSentiment,0.028833505640888987,0.12683003371679782,0.16980431573104668,0.369906129404295,3.910334587097168,20260225_093423_run12
tsfresh,BoronConcentration,0.10636677584516281,0.1804606415921614,0.32613919703887606,0.5658822847877392,4.954054594039917,20260225_093428_run12
tsfresh,CalciumConcentration,7064585.780488604,1023.3410811467195,2657.9288516603683,0.6730566719944104,4.779128313064575,20260225_093432_run12
tsfresh,CardanoSentiment,0.1088107465758049,0.24826838761423575,0.32986473981892167,-0.13071318309904378,1.7205986976623535,20260225_093434_run12
tsfresh,ChilledWaterPredictor,3275620.925296042,409.23372559413815,1809.8676540830388,0.08226215249356872,5.755460262298584,20260225_093440_run12
tsfresh,CopperConcentration,3.474914700255513,0.8580263253661692,1.8641123089169047,0.3741028454258758,5.033565282821655,20260225_093445_run12
tsfresh,Covid19Andalusia,0.00015144891448048013,0.007290412151355432,0.012306458242747184,0.8630847387063253,2.109191656112671,20260225_093447_run12
tsfresh,DailyOilGasPrices,1.0517146576598573,0.697269749755421,1.0255314025712998,0.7718962523135001,3.0139565467834473,20260225_093450_run12
tsfresh,DhakaHourlyAirQuality,0.375408016926463,0.3115718409507041,0.6127054895514344,0.9999028177073207,12.223608493804932,20260225_093502_run12
tsfresh,ElectricityPredictor,155938.33444832242,157.77761017663698,394.89028153187365,0.2529337773026319,8.505434274673462,20260225_093511_run12
tsfresh,EthereumSentiment,0.053900069310687276,0.17091157385790456,0.23216388459596224,0.25004849659590855,3.9674232006073,20260225_093515_run12
tsfresh,GasSensorArrayAcetone,0.02163338141830588,0.07632211478128217,0.14708290661496284,0.6951642924319928,3.782560110092163,20260225_093519_run12
tsfresh,GasSensorArrayEthanol,0.020384162935556636,0.06466293831330404,0.1427731169918085,0.8192917877539521,3.783576011657715,20260225_093522_run12
tsfresh,HotwaterPredictor,897388.928678936,542.5095426971362,947.3061430598536,0.3647589443128407,5.014293670654297,20260225_093527_run12
tsfresh,IronConcentration,3588.695313171272,40.80745759632276,59.905720204094635,0.5134583541542959,4.8995890617370605,20260225_093532_run12
tsfresh,LPGasMonitoringHomeActivity,1.4533651769232716,0.8622366046606375,1.205555961755103,0.13669123117175952,22.534868717193604,20260225_093555_run12
tsfresh,MadridPM10Quality_nmv,46.67135501302378,5.049168171719252,6.831643653837909,0.7111873374664659,71.32760977745056,20260225_093706_run12
tsfresh,AcousticContaminationMadrid_nmv,10.417297903270455,2.2670472674899633,3.22758391111222,0.767085186361516,2.1089653968811035,20260225_093708_run13
tsfresh,AluminiumConcentration,44124.55062768988,139.57095598896976,210.05844574234544,0.7871362258314389,4.934735298156738,20260225_093713_run13
tsfresh,BarCrawl6min,0.0022813859619689476,0.03500707397159497,0.047763856230092515,0.35734432301686414,2.6710729598999023,20260225_093716_run13
tsfresh,BeijingIntAirportPM25Quality,1804.5924022564793,31.047821871304915,42.48049437396509,0.649791101063527,17.515380144119263,20260225_093734_run13
tsfresh,BinanceCoinSentiment,0.12956597531441127,0.2725899092254382,0.3599527403901952,0.047474604445501,3.4898319244384766,20260225_093737_run13
tsfresh,BitcoinSentiment,0.027748894989328733,0.12157236774802208,0.16657999576578436,0.49643757480321116,3.8417763710021973,20260225_093741_run13
tsfresh,BoronConcentration,15.426114167497916,0.46055356961203386,3.9276092177682234,0.04420263762555665,4.904243469238281,20260225_093746_run13
tsfresh,CalciumConcentration,1518565.2554426577,548.6095133293112,1232.3007974689692,0.6607343851489444,4.854705095291138,20260225_093751_run13
tsfresh,CardanoSentiment,0.08530925999448422,0.23354390036192807,0.29207748970861175,-5.865154913764492e-05,1.8125510215759277,20260225_093753_run13
tsfresh,ChilledWaterPredictor,3415486.525576707,465.4439102538829,1848.1034942818292,0.09497959296542635,5.777747869491577,20260225_093758_run13
tsfresh,CopperConcentration,2.790796898573711,0.7553810747282215,1.670567837166067,0.4618832743861071,4.7133684158325195,20260225_093803_run13
tsfresh,Covid19Andalusia,0.00020568903924718274,0.008474266256271821,0.014341863172098063,0.7835537760494894,2.1635735034942627,20260225_093805_run13
tsfresh,DailyOilGasPrices,1.8486933382655075,0.8882786484795056,1.359666627620722,0.5998226969877929,3.0929083824157715,20260225_093808_run13
tsfresh,DhakaHourlyAirQuality,0.5232420052334223,0.3237766157345814,0.7233546884021851,0.9998762699230885,12.198093175888062,20260225_093821_run13
tsfresh,ElectricityPredictor,160343.3852240599,162.02428631953376,400.42900147724055,0.29652672465417285,8.422324419021606,20260225_093829_run13
tsfresh,EthereumSentiment,0.0541112795414905,0.18127689396287797,0.23261831299682856,0.2761602862267719,3.9532480239868164,20260225_093833_run13
tsfresh,GasSensorArrayAcetone,0.023646138585128502,0.07184571106414037,0.1537730099371424,0.735759676006432,3.6544814109802246,20260225_093837_run13
tsfresh,GasSensorArrayEthanol,0.013411456385004267,0.06152642021035198,0.11580784250215642,0.8795630213892285,3.8191728591918945,20260225_093841_run13
tsfresh,HotwaterPredictor,910520.5193043359,520.1361563954626,954.2119886609767,0.6730619262311357,4.878611087799072,20260225_093845_run13
tsfresh,IronConcentration,3803.697994149718,38.34649526819975,61.67412742917177,0.5396308758221895,4.872132062911987,20260225_093850_run13
tsfresh,LPGasMonitoringHomeActivity,1.5432003607578602,0.8849868637155591,1.2422561574642568,0.12841986465610167,22.480663299560547,20260225_093913_run13
tsfresh,MadridPM10Quality_nmv,53.24661686003116,5.357581112870662,7.297027947050166,0.6877791566568663,71.42654371261597,20260225_094024_run13
tsfresh,AcousticContaminationMadrid_nmv,11.96009580509052,2.360952123006185,3.458337144508979,0.7016764147551929,2.232448101043701,20260225_094027_run14
tsfresh,AluminiumConcentration,37588.497977989944,135.53007356835423,193.87753345344052,0.8200683234765432,4.949798822402954,20260225_094032_run14
tsfresh,BarCrawl6min,0.0024334158899818586,0.03807121669224772,0.04932966541526365,0.08876348660233846,2.692836046218872,20260225_094034_run14
tsfresh,BeijingIntAirportPM25Quality,2061.1897912201216,32.05476417245165,45.40032809595236,0.6424656138698546,17.79446792602539,20260225_094052_run14
tsfresh,BinanceCoinSentiment,0.10066062163008864,0.24102173817474631,0.3172705810977259,0.09341018393652167,3.4335763454437256,20260225_094056_run14
tsfresh,BitcoinSentiment,0.043667376751465474,0.13949901646292212,0.2089674059547696,0.33244736345078096,3.933575391769409,20260225_094100_run14
tsfresh,BoronConcentration,0.33902299045549644,0.23849125897125836,0.5822568079941156,0.4600127090123103,4.816546678543091,20260225_094104_run14
tsfresh,CalciumConcentration,2077549.4404854646,691.4600719703554,1441.3706811523068,0.7206970304890716,4.782044172286987,20260225_094109_run14
tsfresh,CardanoSentiment,0.06369729822334999,0.19532899339488055,0.2523832368113025,0.011772805484422388,1.7335996627807617,20260225_094111_run14
tsfresh,ChilledWaterPredictor,11882001.710705692,702.4060369551655,3447.0279532817385,0.018254301714900056,6.05914568901062,20260225_094117_run14
tsfresh,CopperConcentration,2.9343655681080523,0.8955383730128328,1.7129989982799325,0.3876604828543748,4.880340576171875,20260225_094122_run14
tsfresh,Covid19Andalusia,0.00010829471346258684,0.006621748327710619,0.01040647459337632,0.8826641458082303,2.217907190322876,20260225_094124_run14
tsfresh,DailyOilGasPrices,2.7450736176002137,0.8970017769232564,1.6568263691769918,0.48792388037032586,3.0253350734710693,20260225_094127_run14
tsfresh,DhakaHourlyAirQuality,1.541138936907431,0.4057055855718788,1.2414261705423448,0.9996171004587401,12.1256422996521,20260225_094139_run14
tsfresh,ElectricityPredictor,189365.32224722023,184.59243196538407,435.1612600487551,0.312042111674822,8.5795738697052,20260225_094148_run14
tsfresh,EthereumSentiment,0.04999832337213068,0.17643216125519476,0.22360304866466083,0.3153227786096784,4.040798664093018,20260225_094152_run14
tsfresh,GasSensorArrayAcetone,0.02118601923540875,0.07689716498552765,0.1455541797249696,0.6824826791656065,3.814969301223755,20260225_094156_run14
tsfresh,GasSensorArrayEthanol,0.012731565806525288,0.06173235229524704,0.11283424039946956,0.8807056684428668,3.91007399559021,20260225_094200_run14
tsfresh,HotwaterPredictor,503292.5229977129,423.25889876945274,709.4311263242633,0.7810249560737155,4.873146295547485,20260225_094205_run14
tsfresh,IronConcentration,3921.2492581612605,37.94010309509609,62.61987909730632,0.49095170232067586,5.008415937423706,20260225_094210_run14
tsfresh,LPGasMonitoringHomeActivity,1.5173521023352852,0.8672760609321232,1.2318084682024577,0.14529351804102297,22.3282732963562,20260225_094232_run14
tsfresh,MadridPM10Quality_nmv,50.41280830041724,5.266778374359445,7.100197764880725,0.706337089670362,71.43342876434326,20260225_094344_run14
tsfresh,AcousticContaminationMadrid_nmv,13.236692869269199,2.5201586193508563,3.638226610488852,0.6515308115812897,2.242072105407715,20260225_094346_run15
tsfresh,AluminiumConcentration,38628.653384562145,140.50022211306938,196.54173446004324,0.8115165208096385,4.870633840560913,20260225_094351_run15
tsfresh,BarCrawl6min,0.0021403395052800177,0.034957285198652314,0.04626380340266046,0.4187805420921885,2.666724920272827,20260225_094353_run15
tsfresh,BeijingIntAirportPM25Quality,2016.4531333097789,31.767091653441305,44.904934398234886,0.6132601751734443,17.61902618408203,20260225_094411_run15
tsfresh,BinanceCoinSentiment,0.0956276798307556,0.23927208153271604,0.3092372549204827,0.0640355428044801,3.4885013103485107,20260225_094415_run15
tsfresh,BitcoinSentiment,0.024905308292870795,0.11682011909651756,0.15781415745385707,0.5065977826548586,3.9199094772338867,20260225_094419_run15
tsfresh,BoronConcentration,15.72613721093577,0.5136017994708423,3.9656193981439736,0.06334084470824497,4.913842678070068,20260225_094423_run15
tsfresh,CalciumConcentration,1421482.4684499355,623.7494717231472,1192.2593964611626,0.808989998336819,4.752357721328735,20260225_094428_run15
tsfresh,CardanoSentiment,0.07198234437202163,0.20344513740756295,0.26829525596257126,0.003494980973616446,1.6819653511047363,20260225_094430_run15
tsfresh,ChilledWaterPredictor,3227070.494222942,390.8170199111493,1796.404880371611,0.07225528557080152,5.844699859619141,20260225_094436_run15
tsfresh,CopperConcentration,2.0051283071053922,0.8102325748854213,1.4160255319397996,0.4433173392011126,4.785576105117798,20260225_094441_run15
tsfresh,Covid19Andalusia,0.00011953193964912297,0.006561181869909013,0.010933066342482468,0.889874281325148,2.1195292472839355,20260225_094443_run15
tsfresh,DailyOilGasPrices,3.5588551709544056,1.1489534671092851,1.886492822926821,0.4349426264384386,3.035909652709961,20260225_094446_run15
tsfresh,DhakaHourlyAirQuality,0.5306774186475904,0.3083061079024244,0.7284760933946909,0.9998769111993897,11.5648672580719,20260225_094457_run15
tsfresh,ElectricityPredictor,211424.3475279939,190.15138020683972,459.8090337607493,0.07726280677936603,8.452140092849731,20260225_094506_run15
tsfresh,EthereumSentiment,0.05609745060655229,0.16391141165260958,0.2368490038116105,0.23346119735205695,3.9910213947296143,20260225_094510_run15
tsfresh,GasSensorArrayAcetone,0.0314803485175987,0.0841388043441631,0.1774270230759641,0.5838965559703444,3.763972520828247,20260225_094514_run15
tsfresh,GasSensorArrayEthanol,0.0117447060759253,0.05415023653831408,0.1083729951414341,0.8760146075231946,3.775721788406372,20260225_094517_run15
tsfresh,HotwaterPredictor,1018318.4716708428,549.1598695414325,1009.1176698833704,0.45719163309373423,4.8282623291015625,20260225_094522_run15
tsfresh,IronConcentration,2937.396441678644,35.49514897902116,54.19775310544381,0.43220895312043206,4.898481845855713,20260225_094527_run15
tsfresh,LPGasMonitoringHomeActivity,1.5337369560911043,0.8846745096517044,1.2384413414009985,0.12766808218535486,22.411558628082275,20260225_094550_run15
tsfresh,MadridPM10Quality_nmv,51.42458396616296,5.323996706464326,7.171093638083592,0.702622546232504,71.43599438667297,20260225_094701_run15
tsfresh,AcousticContaminationMadrid_nmv,9.721710012080182,2.351805771721734,3.117965684878553,0.7843692191267577,2.2380902767181396,20260225_094703_run16
tsfresh,AluminiumConcentration,44951.86058197604,144.17984256352824,212.01853829789516,0.7999709085524436,4.945175647735596,20260225_094708_run16
tsfresh,BarCrawl6min,0.0019635617878176943,0.030830898848792813,0.04431209527677172,0.3386115027762837,2.699130058288574,20260225_094711_run16
tsfresh,BeijingIntAirportPM25Quality,2038.3690850761895,31.850710893081406,45.14830102092646,0.6246444728040634,17.893226146697998,20260225_094729_run16
tsfresh,BinanceCoinSentiment,0.135611844771511,0.28168786312723654,0.36825513543128086,-0.06613359405405106,3.5673766136169434,20260225_094733_run16
tsfresh,BitcoinSentiment,0.044555325827178256,0.1340181401891112,0.2110813251502327,0.31632893751084246,3.888413429260254,20260225_094737_run16
tsfresh,BoronConcentration,0.3395556471424232,0.24195894067141596,0.5827140354774571,-0.39363005590737665,4.881110191345215,20260225_094741_run16
tsfresh,CalciumConcentration,1752960.9154422358,658.8975524710611,1323.9943034024866,0.843136275632803,4.818341970443726,20260225_094746_run16
tsfresh,CardanoSentiment,0.10618153981059553,0.2612931934826302,0.3258550902020644,-0.07708310692949749,1.8325979709625244,20260225_094748_run16
tsfresh,ChilledWaterPredictor,7372884.378240176,543.8586144528347,2715.305577322776,0.03983987712340187,5.983484506607056,20260225_094754_run16
tsfresh,CopperConcentration,1.3836993414253418,0.742001477688961,1.1763075029197687,0.47021171900096215,4.852336645126343,20260225_094759_run16
tsfresh,Covid19Andalusia,0.00014980843291282668,0.007386955316211552,0.01223962552175624,0.8353678677059593,2.1620635986328125,20260225_094801_run16
tsfresh,DailyOilGasPrices,1.2335131884659587,0.8042540116825323,1.1106363889527295,0.6324572944457073,3.225578546524048,20260225_094804_run16
tsfresh,DhakaHourlyAirQuality,0.22535967723483533,0.2902152122378797,0.4747206307238346,0.9999388710238521,12.234004259109497,20260225_094817_run16
tsfresh,ElectricityPredictor,180155.43034309347,178.74859739226827,424.44720560170197,0.28897497237781866,8.905521154403687,20260225_094826_run16
tsfresh,EthereumSentiment,0.0533131881990569,0.17146102009922543,0.23089648806133214,0.2926877189224498,3.9921114444732666,20260225_094830_run16
tsfresh,GasSensorArrayAcetone,0.02523062129804687,0.08478209344506987,0.15884149740557998,0.7454653098342021,3.745866298675537,20260225_094833_run16
tsfresh,GasSensorArrayEthanol,0.017051713575396355,0.06644226215918543,0.13058221002646705,0.8334262429835683,3.7036168575286865,20260225_094837_run16
tsfresh,HotwaterPredictor,775547.7388538446,561.7583366543387,880.651882899165,0.4744847473512501,4.9948694705963135,20260225_094842_run16
tsfresh,IronConcentration,3412.556088864042,36.38990552653438,58.41708730212456,0.5560200227694885,4.501210451126099,20260225_094847_run16
tsfresh,LPGasMonitoringHomeActivity,1.5017025872412635,0.8589935928773669,1.2254397525954768,0.1314615062853285,22.396681308746338,20260225_094909_run16
tsfresh,MadridPM10Quality_nmv,47.09150867838834,5.102338663118584,6.862325311320379,0.7011943115355308,71.50260400772095,20260225_095021_run16
tsfresh,AcousticContaminationMadrid_nmv,9.69089187408668,2.159927283393012,3.113019735576162,0.7685986455125745,2.1272521018981934,20260225_095023_run17
tsfresh,AluminiumConcentration,47335.44369627538,147.9158698563349,217.56710159460087,0.8041644577272917,4.897568941116333,20260225_095028_run17
tsfresh,BarCrawl6min,0.0016784418562143485,0.03060115513400236,0.04096879124668372,0.5010451758553733,2.6703572273254395,20260225_095030_run17
tsfresh,BeijingIntAirportPM25Quality,2261.4869819597825,33.47294987662364,47.5550941746495,0.6413244344752332,18.022712230682373,20260225_095048_run17
tsfresh,BinanceCoinSentiment,0.11784664744180373,0.2615652627450002,0.3432879948990406,0.07643485774480496,3.368515729904175,20260225_095052_run17
tsfresh,BitcoinSentiment,0.04050953580192939,0.13535945269441607,0.20126980847094128,0.22884135353876744,3.9033687114715576,20260225_095056_run17
tsfresh,BoronConcentration,1.8149509961922738,0.3117699281336324,1.347201171389141,0.14877992517277894,4.8103837966918945,20260225_095101_run17
tsfresh,CalciumConcentration,2540219.715067371,725.3606369373263,1593.8066743075744,0.8485924808212184,4.955668687820435,20260225_095106_run17
tsfresh,CardanoSentiment,0.07475993247492281,0.19760125443501905,0.27342262612103413,-0.10624500129120396,1.693272590637207,20260225_095107_run17
tsfresh,ChilledWaterPredictor,7415123.107270041,553.0896306472398,2723.0723654119147,0.026628639223018724,5.893547773361206,20260225_095113_run17
tsfresh,CopperConcentration,2.8402007018533864,0.8303981166262476,1.6852895009028528,0.3717315768758772,4.964952230453491,20260225_095118_run17
tsfresh,Covid19Andalusia,6.890555468590668e-05,0.005566584902217692,0.008300936976384454,0.8927500930151956,2.1340322494506836,20260225_095120_run17
tsfresh,DailyOilGasPrices,2.0840959712862657,0.9560226448585248,1.4436398343375905,0.6025628260288429,3.052683115005493,20260225_095123_run17
tsfresh,DhakaHourlyAirQuality,0.24487684277796334,0.2739382655276321,0.49485032361105247,0.9999386456922098,12.22552227973938,20260225_095136_run17
tsfresh,ElectricityPredictor,127511.59829164867,134.61645042569342,357.0876619146182,0.3423597688467438,8.408905029296875,20260225_095144_run17
tsfresh,EthereumSentiment,0.03411432437015044,0.13628330655343063,0.1847006344606061,0.3874432762606741,3.9795126914978027,20260225_095148_run17
tsfresh,GasSensorArrayAcetone,0.027235205470232338,0.08784215867656582,0.16503092276974135,0.708879590750336,3.8051304817199707,20260225_095152_run17
tsfresh,GasSensorArrayEthanol,0.0228368733349438,0.07114684549028294,0.15111873919188115,0.7422994182974947,3.7789573669433594,20260225_095156_run17
tsfresh,HotwaterPredictor,794201.502186404,523.608088116905,891.17983717452,0.6774315739136538,4.860685586929321,20260225_095200_run17
tsfresh,IronConcentration,2615.42527273035,33.73075472126836,51.14122869789452,0.5535207197734056,4.975242376327515,20260225_095205_run17
tsfresh,LPGasMonitoringHomeActivity,1.479278993732339,0.873709454891675,1.2162561382095216,0.11003436965694713,22.419715642929077,20260225_095228_run17
tsfresh,MadridPM10Quality_nmv,52.6390582169117,5.329433498906372,7.255277955868521,0.6811477847073835,71.35574889183044,20260225_095339_run17
tsfresh,AcousticContaminationMadrid_nmv,12.885031902163849,2.6846500184800886,3.5895726628895326,0.6671221317177953,2.192502737045288,20260225_095342_run18
tsfresh,AluminiumConcentration,35560.49167617438,128.28033901137903,188.57489672852637,0.8439341132474658,4.897012948989868,20260225_095347_run18
tsfresh,BarCrawl6min,0.0012424914482174366,0.025861876292242392,0.03524899215888926,0.4588553453380326,2.7251029014587402,20260225_095349_run18
tsfresh,BeijingIntAirportPM25Quality,1891.9384184665146,31.125715791842357,43.49641845562132,0.6325647237391119,17.74362301826477,20260225_095407_run18
tsfresh,BinanceCoinSentiment,0.1371662573059747,0.270521675012836,0.3703596323925904,0.04702549221443264,3.3457047939300537,20260225_095411_run18
tsfresh,BitcoinSentiment,0.044750345504244074,0.14125812818515301,0.21154277464438268,0.3312385068348763,3.8800246715545654,20260225_095414_run18
tsfresh,BoronConcentration,15.715626453968833,0.5096198895455636,3.9642939414186773,0.057805186806147324,4.753772020339966,20260225_095419_run18
tsfresh,CalciumConcentration,1188697.6249745723,571.7189965005446,1090.2741054315527,0.8217815403262916,4.856060743331909,20260225_095424_run18
tsfresh,CardanoSentiment,0.09527660861379138,0.24288591949072755,0.30866909241741614,-0.12455218540846613,1.7916100025177002,20260225_095426_run18
tsfresh,ChilledWaterPredictor,4414505.698666457,376.1470562020085,2101.0725115203563,0.07349955193560398,5.676942348480225,20260225_095432_run18
tsfresh,CopperConcentration,3.6004611089916163,0.7909499149545159,1.897488105098848,0.3235921604206715,5.0110273361206055,20260225_095437_run18
tsfresh,Covid19Andalusia,0.00010919654560030563,0.007131658980276924,0.010449715096609363,0.7957189876577808,2.16499924659729,20260225_095439_run18
tsfresh,DailyOilGasPrices,3.1287971533305505,1.0553026311984006,1.7688406240615775,0.5296568097946504,3.097567558288574,20260225_095442_run18
tsfresh,DhakaHourlyAirQuality,0.2195976697016313,0.29778248433201665,0.4686124941800328,0.9999439921733742,12.372483730316162,20260225_095454_run18
tsfresh,ElectricityPredictor,118116.20534135519,130.78296995043758,343.6803825378388,0.4671472743947801,8.437835931777954,20260225_095503_run18
tsfresh,EthereumSentiment,0.062066182306921125,0.17091934070063525,0.24913085378355113,0.18229299995287418,3.9733898639678955,20260225_095507_run18
tsfresh,GasSensorArrayAcetone,0.029576118716969788,0.0992811718127528,0.17197708776744008,0.7192557646826835,3.7731873989105225,20260225_095510_run18
tsfresh,GasSensorArrayEthanol,0.013179356259173288,0.0565225687128103,0.1148013774271602,0.853632407085177,3.7947404384613037,20260225_095514_run18
tsfresh,HotwaterPredictor,738919.5964773156,467.6240325398061,859.6043255343214,0.5429411728305138,4.867387056350708,20260225_095519_run18
tsfresh,IronConcentration,2977.2490124565225,35.49591998141745,54.564173341639865,0.5885384710724988,4.848461866378784,20260225_095524_run18
tsfresh,LPGasMonitoringHomeActivity,1.6206106266012148,0.8759891079106643,1.2730320603194623,0.12226504692123874,22.549779891967773,20260225_095547_run18
tsfresh,MadridPM10Quality_nmv,46.270978498746416,5.152284950756547,6.802277449409603,0.7248614726428354,71.41176009178162,20260225_095658_run18
tsfresh,AcousticContaminationMadrid_nmv,6.454068157151213,1.9929612477620442,2.540485811247765,0.8437019335530058,2.194415807723999,20260225_095700_run19
tsfresh,AluminiumConcentration,35644.827991644255,128.83384926803024,188.79837920820256,0.8436660189628923,4.962353944778442,20260225_095705_run19
tsfresh,BarCrawl6min,0.0029013433646339548,0.039530574107058715,0.05386411945473494,0.29347019834720756,2.7126357555389404,20260225_095708_run19
tsfresh,BeijingIntAirportPM25Quality,2574.398244282845,33.33016504608305,50.738528203751095,0.6156694283549998,17.988311052322388,20260225_095726_run19
tsfresh,BinanceCoinSentiment,0.12001792613879934,0.2601239763872532,0.3464360347002017,0.07965556316530276,3.5776631832122803,20260225_095730_run19
tsfresh,BitcoinSentiment,0.029285370530378815,0.11993650296604633,0.1711296892137037,0.48236258760064765,3.884307861328125,20260225_095734_run19
tsfresh,BoronConcentration,0.10172479225404506,0.1654030411021437,0.31894324299794324,0.32215523092382725,4.9368507862091064,20260225_095739_run19
tsfresh,CalciumConcentration,3138921.1374302227,775.514156726138,1771.7000698284749,0.8264566209453138,4.679620027542114,20260225_095743_run19
tsfresh,CardanoSentiment,0.09568226134033138,0.2371251724008358,0.3093254941648544,-0.2795327619920427,1.7890217304229736,20260225_095745_run19
tsfresh,ChilledWaterPredictor,13804154.732020864,812.7333080512853,3715.3942902498065,0.015611602783955458,5.846384048461914,20260225_095751_run19
tsfresh,CopperConcentration,4.1330972402347665,0.7975433730609833,2.03300202661846,0.38991878303056726,4.993243455886841,20260225_095756_run19
tsfresh,Covid19Andalusia,0.00019648814171167208,0.00860060289486468,0.014017422791357622,0.8210721574424681,2.1369242668151855,20260225_095758_run19
tsfresh,DailyOilGasPrices,1.7440694150322509,0.8866319789097229,1.3206322027848068,0.6844737634122435,3.1672956943511963,20260225_095801_run19
tsfresh,DhakaHourlyAirQuality,0.24305389329216676,0.2743145834676567,0.49300496274598166,0.9999377807421834,11.952414989471436,20260225_095813_run19
tsfresh,ElectricityPredictor,173563.68951311396,175.83002303488362,416.6097568625991,0.41176069823029726,8.456950902938843,20260225_095822_run19
tsfresh,EthereumSentiment,0.04382671330588274,0.16954433777064923,0.20934830619301112,0.2105330045526792,4.022254705429077,20260225_095826_run19
tsfresh,GasSensorArrayAcetone,0.03275955002657324,0.09804803383698786,0.18099599450422443,0.6449791381568872,3.997992753982544,20260225_095830_run19
tsfresh,GasSensorArrayEthanol,0.013771128527230246,0.05994901314332571,0.11735045175554394,0.8727564447522614,3.569395065307617,20260225_095833_run19
tsfresh,HotwaterPredictor,473958.96259045607,395.2286674632388,688.446775423094,0.8026630820690203,4.980873346328735,20260225_095838_run19
tsfresh,IronConcentration,2966.1668691800032,35.69867114606111,54.46252720155395,0.5289329448462213,4.7068517208099365,20260225_095843_run19
tsfresh,LPGasMonitoringHomeActivity,1.4398056287411374,0.8789055841731745,1.1999190092423477,0.11863197916883983,22.255273818969727,20260225_095905_run19
tsfresh,MadridPM10Quality_nmv,48.195189637003786,5.128133368683922,6.942275537387132,0.7033440576487664,71.3300096988678,20260225_100017_run19
tsfresh,AcousticContaminationMadrid_nmv,10.127381980894974,2.4533624437120225,3.182354785515747,0.7869436519248902,2.132554531097412,20260225_100019_run20
tsfresh,AluminiumConcentration,27177.517826338382,120.62430464358049,164.8560518341331,0.8485708319128524,4.819384813308716,20260225_100024_run20
tsfresh,BarCrawl6min,0.002851684630020794,0.04061769040537167,0.053401166935009896,0.08712587514896386,2.657470703125,20260225_100026_run20
tsfresh,BeijingIntAirportPM25Quality,2126.0352033652844,32.41135532438418,46.108949276309524,0.656754408263845,17.774416208267212,20260225_100044_run20
tsfresh,BinanceCoinSentiment,0.15209325202105994,0.3010216079404083,0.3899913486489924,0.009071673060116914,3.4633333683013916,20260225_100048_run20
tsfresh,BitcoinSentiment,0.026349403419533162,0.1240201035171747,0.1623249932066321,0.47205937614467697,3.9039502143859863,20260225_100052_run20
tsfresh,BoronConcentration,2.166042373972815,0.31550388534608736,1.4717480674262204,0.09013678543368553,5.015883922576904,20260225_100057_run20
tsfresh,CalciumConcentration,3829036.082741738,693.3731191156996,1956.7922942258685,0.7335968630332903,4.96616005897522,20260225_100102_run20
tsfresh,CardanoSentiment,0.0908953996599407,0.2249998785640254,0.3014886393546873,-0.1376845460478746,1.7874188423156738,20260225_100104_run20
tsfresh,ChilledWaterPredictor,7495783.153728803,558.4447802353754,2737.8427920040995,0.02091653335625998,5.851931571960449,20260225_100109_run20
tsfresh,CopperConcentration,1.4262684031098865,0.7371497983872576,1.194264796060692,0.4657288682261187,4.801879167556763,20260225_100114_run20
tsfresh,Covid19Andalusia,9.584684131642117e-05,0.006690199664138387,0.00979014000494483,0.8585717461229537,2.152724027633667,20260225_100116_run20
tsfresh,DailyOilGasPrices,1.6775161170433839,0.8487708688560576,1.2951896065995063,0.554822535365142,3.088209867477417,20260225_100119_run20
tsfresh,DhakaHourlyAirQuality,0.20318634795426155,0.27205494150191395,0.4507619637394681,0.9999486988294228,12.380854368209839,20260225_100132_run20
tsfresh,ElectricityPredictor,142068.5163036509,138.65295449514096,376.91977436007636,0.2821295450696405,8.505142450332642,20260225_100140_run20
tsfresh,EthereumSentiment,0.05477050039953477,0.18138098625022672,0.23403098170869338,0.18327184228719484,3.992941379547119,20260225_100144_run20
tsfresh,GasSensorArrayAcetone,0.028039284400883484,0.08285665366305953,0.1674493487621958,0.6819967860841016,3.686847448348999,20260225_100148_run20
tsfresh,GasSensorArrayEthanol,0.012794260424544132,0.061041804809002696,0.11311171656616362,0.8751431437727465,3.9229776859283447,20260225_100152_run20
tsfresh,HotwaterPredictor,927155.8933019768,565.0106139072539,962.8893463435852,0.48921071467329247,4.911279916763306,20260225_100157_run20
tsfresh,IronConcentration,2880.053297568087,34.697245494593744,53.66612802846957,0.6394865675369767,4.995788097381592,20260225_100202_run20
tsfresh,LPGasMonitoringHomeActivity,1.3216547623881338,0.8222276186155745,1.149632446648986,0.1218242978604741,22.55005168914795,20260225_100224_run20
tsfresh,MadridPM10Quality_nmv,49.932377202989436,5.185012641760447,7.066284540194333,0.69411335691142,71.37636756896973,20260225_100336_run20
tsfresh,AcousticContaminationMadrid_nmv,11.85177098233605,2.1885683483547638,3.4426401180396495,0.676367367618627,2.1785085201263428,20260225_100338_run21
tsfresh,AluminiumConcentration,60722.415778494316,164.3445299756893,246.4191871151561,0.7444740337462283,4.974247694015503,20260225_100343_run21
tsfresh,BarCrawl6min,0.0020424682468145145,0.03390626188913184,0.045193674854060215,0.3316099506685287,2.7174484729766846,20260225_100346_run21
tsfresh,BeijingIntAirportPM25Quality,2072.549095136827,31.121473172963675,45.52525777122879,0.666181739406,17.79241132736206,20260225_100404_run21
tsfresh,BinanceCoinSentiment,0.11721394664531853,0.23639211248536662,0.3423652240595101,0.05120547328017011,3.458514928817749,20260225_100407_run21
tsfresh,BitcoinSentiment,0.05212650469147273,0.1584149475302994,0.22831229640882844,0.27738240873552666,3.994925022125244,20260225_100411_run21
tsfresh,BoronConcentration,2.055342035127275,0.33686152944512354,1.4336464121697772,0.18802037215604572,4.936887264251709,20260225_100416_run21
tsfresh,CalciumConcentration,4257548.670429343,784.7298651014397,2063.382822073825,0.7540779092363452,4.9953765869140625,20260225_100421_run21
tsfresh,CardanoSentiment,0.10095940936903512,0.2344046944098039,0.3177411043114112,-0.061291094231245014,1.7012810707092285,20260225_100423_run21
tsfresh,ChilledWaterPredictor,3284506.4335381314,391.9752446871265,1812.32073142094,0.05712267475360744,5.964046955108643,20260225_100429_run21
tsfresh,CopperConcentration,4.383758450240651,0.927941353052886,2.0937426895969455,0.32570823061086296,5.00887393951416,20260225_100434_run21
tsfresh,Covid19Andalusia,0.00014936675310190192,0.007478622485939408,0.012221569175106032,0.8344386505899212,2.144660711288452,20260225_100436_run21
tsfresh,DailyOilGasPrices,3.1764596552084714,1.1166341321638265,1.7822625101843081,0.5337583106425182,3.063363790512085,20260225_100439_run21
tsfresh,DhakaHourlyAirQuality,0.18804306824712833,0.2765821414933178,0.43363932968208535,0.9999507483059873,11.939955472946167,20260225_100451_run21
tsfresh,ElectricityPredictor,105622.8262850299,116.94242235938543,324.9966558059173,0.33411948206903963,8.382765769958496,20260225_100500_run21
tsfresh,EthereumSentiment,0.04222374437192755,0.15558941037955684,0.20548417061157667,0.2415630665020545,4.000682830810547,20260225_100504_run21
tsfresh,GasSensorArrayAcetone,0.025945221864263773,0.08439926891449433,0.1610752056160841,0.6553088174420496,3.7074384689331055,20260225_100507_run21
tsfresh,GasSensorArrayEthanol,0.01697500810492616,0.06058721706611063,0.13028817331180204,0.8430160759196973,3.8067328929901123,20260225_100511_run21
tsfresh,HotwaterPredictor,985953.1787683303,567.7061483820959,992.9517504734711,0.5035450368089139,4.877750873565674,20260225_100516_run21
tsfresh,IronConcentration,3220.4759758988916,36.230255993138194,56.749237667997726,0.5950460579313276,5.08379054069519,20260225_100521_run21
tsfresh,LPGasMonitoringHomeActivity,1.5055727692431433,0.8602944842464169,1.2270178357477708,0.08822454871546959,22.686031341552734,20260225_100544_run21
tsfresh,MadridPM10Quality_nmv,49.13983417785381,5.156922004998818,7.009981039764217,0.7033744270543119,71.55954623222351,20260225_100656_run21
tsfresh,AcousticContaminationMadrid_nmv,10.691648880080805,2.3917670567830407,3.269808691663903,0.7671664286079625,2.111847400665283,20260225_100658_run22
tsfresh,AluminiumConcentration,64803.800185445594,170.3924394515103,254.56590538688718,0.7157580845883087,4.945739269256592,20260225_100703_run22
tsfresh,BarCrawl6min,0.0019724811284011507,0.032292965960707035,0.044412623525312604,0.38183025723655917,2.6679282188415527,20260225_100705_run22
tsfresh,BeijingIntAirportPM25Quality,2266.91368776008,33.08755952759651,47.61211702665698,0.6355202038047048,17.647716522216797,20260225_100723_run22
tsfresh,BinanceCoinSentiment,0.119685017083655,0.2504265470411204,0.34595522410227453,0.1261054640123097,3.432521104812622,20260225_100727_run22
tsfresh,BitcoinSentiment,0.039188633539559016,0.12607951082599164,0.19796119200378395,0.313060055760626,3.869588613510132,20260225_100730_run22
tsfresh,BoronConcentration,0.8508833235140153,0.24557238305980897,0.92243337077212,0.3336302001538707,4.7855634689331055,20260225_100735_run22
tsfresh,CalciumConcentration,2349678.6478430545,713.4692158375686,1532.8661545754915,0.8379373116593298,4.903661251068115,20260225_100740_run22
tsfresh,CardanoSentiment,0.09440300791342914,0.24918321626403112,0.3072507248379231,-0.030167932349768556,1.671328067779541,20260225_100742_run22
tsfresh,ChilledWaterPredictor,5538157.18634981,398.045064252056,2353.328958379982,0.09605001388752121,5.832041025161743,20260225_100748_run22
tsfresh,CopperConcentration,4.9529641411426315,0.9141751956337973,2.225525587618042,0.3209521473502025,5.031837463378906,20260225_100753_run22
tsfresh,Covid19Andalusia,0.0002518524874495606,0.009850381299343805,0.015869860977638102,0.7614580224491624,2.173076868057251,20260225_100755_run22
tsfresh,DailyOilGasPrices,1.2163430856557413,0.7457851402282714,1.1028794520054046,0.6028360328928628,3.0312652587890625,20260225_100758_run22
tsfresh,DhakaHourlyAirQuality,0.22894674314915137,0.2885276427911416,0.4784837961197342,0.9999412727435988,12.562165021896362,20260225_100810_run22
tsfresh,ElectricityPredictor,195299.9569960828,181.36540961264186,441.92754722474905,0.10330130890072331,8.453287363052368,20260225_100819_run22
tsfresh,EthereumSentiment,0.039001697314327545,0.14956201364994048,0.1974884738771545,0.27897486740055477,4.047839879989624,20260225_100823_run22
tsfresh,GasSensorArrayAcetone,0.033686568660461255,0.09600815209015957,0.18353901127678893,0.622710431002834,3.705897331237793,20260225_100827_run22
tsfresh,GasSensorArrayEthanol,0.018435613653952354,0.06290319324700769,0.13577780987316135,0.8475855727203656,3.8511672019958496,20260225_100831_run22
tsfresh,HotwaterPredictor,711650.9005461615,462.5148978238573,843.5940377611505,0.5692190480321887,4.888286113739014,20260225_100835_run22
tsfresh,IronConcentration,3245.0295149643753,38.488526808697245,56.96516053663305,0.3941635641853145,4.932707071304321,20260225_100840_run22
tsfresh,LPGasMonitoringHomeActivity,1.5245558552421643,0.874679776462621,1.2347290614714486,0.11080943246357866,22.830190420150757,20260225_100903_run22
tsfresh,MadridPM10Quality_nmv,47.94111238545271,5.153439907850804,6.923952078506372,0.6982912298679116,71.31858086585999,20260225_101015_run22
tsfresh,AcousticContaminationMadrid_nmv,5.396940545053835,1.8855035358005106,2.323131624564961,0.881049695034231,2.2327442169189453,20260225_101017_run23
tsfresh,AluminiumConcentration,53560.77068367943,146.68192231161126,231.43200012893513,0.7695553712258116,4.851032257080078,20260225_101022_run23
tsfresh,BarCrawl6min,0.0029603496766769225,0.038870146205781844,0.054409095532612216,0.25592151270956986,2.7072010040283203,20260225_101025_run23
tsfresh,BeijingIntAirportPM25Quality,2367.1455232852245,32.489676393358046,48.65331975605801,0.6185261306909786,18.055461168289185,20260225_101043_run23
tsfresh,BinanceCoinSentiment,0.13677555332053704,0.27073440036864227,0.36983179057584686,0.009244655481539188,3.3893725872039795,20260225_101046_run23
tsfresh,BitcoinSentiment,0.04021647671509485,0.14480167565107346,0.20054046154104377,0.35975314489784593,3.9078848361968994,20260225_101050_run23
tsfresh,BoronConcentration,0.10946852541841268,0.1781166193987451,0.33086028081111923,0.546467769680406,5.069777250289917,20260225_101055_run23
tsfresh,CalciumConcentration,1286559.7833171068,589.0407762297784,1134.2661871523399,0.6952846507741781,4.861793041229248,20260225_101100_run23
tsfresh,CardanoSentiment,0.10282928201349667,0.24994273696162483,0.32067005163173046,-0.08614293143733387,1.796302318572998,20260225_101102_run23
tsfresh,ChilledWaterPredictor,4097096.11652553,371.6029794205253,2024.1284832059278,0.15510585709565294,5.888455152511597,20260225_101108_run23
tsfresh,CopperConcentration,1.101976102129158,0.6407349110979884,1.0497504951792869,0.44829437344655354,4.991835117340088,20260225_101113_run23
tsfresh,Covid19Andalusia,9.241134272417767e-05,0.006666838184755664,0.009613081853608534,0.8898675824592861,2.160996913909912,20260225_101115_run23
tsfresh,DailyOilGasPrices,1.0598965217902419,0.7086232942745604,1.0295127594110924,0.7383847516981992,3.158379554748535,20260225_101118_run23
tsfresh,DhakaHourlyAirQuality,0.21746631391932814,0.26688763817599287,0.4663328359866246,0.9999421291228147,11.982364416122437,20260225_101130_run23
tsfresh,ElectricityPredictor,181601.1356833623,173.03484263857848,426.14684755769616,0.297771142712979,8.461669445037842,20260225_101138_run23
tsfresh,EthereumSentiment,0.05576961661969529,0.17861527850048564,0.236155915910856,0.17726869979896998,3.9597864151000977,20260225_101142_run23
tsfresh,GasSensorArrayAcetone,0.03947489983306254,0.11481803805239904,0.19868291278583206,0.6234557628491767,3.9281253814697266,20260225_101146_run23
tsfresh,GasSensorArrayEthanol,0.012571023298081827,0.05728973410296021,0.1121205748205111,0.8674484858070604,4.006282806396484,20260225_101150_run23
tsfresh,HotwaterPredictor,931426.9884257491,582.9862237316344,965.1046515408311,0.32879926009725335,4.929298400878906,20260225_101155_run23
tsfresh,IronConcentration,2570.097949763273,34.36243189106817,50.69613347942102,0.6459630299058634,4.758808135986328,20260225_101200_run23
tsfresh,LPGasMonitoringHomeActivity,1.461972732366204,0.8627895545963001,1.209120644256066,0.09799677134323737,22.83995819091797,20260225_101223_run23
tsfresh,MadridPM10Quality_nmv,43.428907912304275,4.966397121296353,6.590061298068803,0.7252033182490687,71.46005630493164,20260225_101335_run23
tsfresh,AcousticContaminationMadrid_nmv,10.578553207584896,2.404501978556314,3.2524687865658137,0.6616755710794628,2.1987643241882324,20260225_101337_run24
tsfresh,AluminiumConcentration,60537.421012242805,155.31068374456171,246.0435347905789,0.7628900852084892,4.968430757522583,20260225_101342_run24
tsfresh,BarCrawl6min,0.002262814675063127,0.03632566084021643,0.04756905165192099,0.26625686457067643,2.7204878330230713,20260225_101345_run24
tsfresh,BeijingIntAirportPM25Quality,2037.4163571420675,31.82237918767552,45.137748693771464,0.6334849567197331,17.691876888275146,20260225_101402_run24
tsfresh,BinanceCoinSentiment,0.09672515291664095,0.24684280560989927,0.3110066766431887,0.11233155464035527,3.6071321964263916,20260225_101406_run24
tsfresh,BitcoinSentiment,0.034701055432643506,0.1369923644193411,0.1862821930100768,0.3860170352506005,3.929438591003418,20260225_101410_run24
tsfresh,BoronConcentration,0.16597210922740244,0.18970104071676355,0.4073967467069447,0.7122326112528787,4.9915056228637695,20260225_101415_run24
tsfresh,CalciumConcentration,1978590.6256013813,662.9751741131688,1406.6238394117247,0.8106323463098732,4.715200185775757,20260225_101420_run24
tsfresh,CardanoSentiment,0.08232292650759898,0.22969806256872233,0.28691972136400623,-0.021507844577286273,1.7925546169281006,20260225_101421_run24
tsfresh,ChilledWaterPredictor,3419900.8914131606,428.4864631428932,1849.2974048035542,0.03216827015577728,5.732424020767212,20260225_101427_run24
tsfresh,CopperConcentration,1.1274244538805267,0.6743385470491869,1.0618024552055465,0.4909131141288571,5.068164348602295,20260225_101432_run24
tsfresh,Covid19Andalusia,0.00036666232077055543,0.010091479809775839,0.0191484286762793,0.6204740266278034,2.1406688690185547,20260225_101434_run24
tsfresh,DailyOilGasPrices,1.731471086279856,0.843477416023167,1.3158537480585963,0.6931183678534528,3.0463905334472656,20260225_101437_run24
tsfresh,DhakaHourlyAirQuality,0.13623189973362698,0.2489657174241971,0.3690960575969716,0.9999614403056308,12.380707025527954,20260225_101450_run24
tsfresh,ElectricityPredictor,99185.84205350216,110.19052382975572,314.937838395932,0.42457469784391955,8.419342756271362,20260225_101458_run24
tsfresh,EthereumSentiment,0.039190540557190616,0.15075289315442061,0.1979660085903401,0.29465067144491586,4.0402655601501465,20260225_101502_run24
tsfresh,GasSensorArrayAcetone,0.02282369812571658,0.08345292564498129,0.1510751406609194,0.6925467468975637,3.866230010986328,20260225_101506_run24
tsfresh,GasSensorArrayEthanol,0.015747507878475335,0.05747845607739302,0.12548907473750587,0.8257389597910363,3.840590000152588,20260225_101510_run24
tsfresh,HotwaterPredictor,1013203.955468912,618.7108668471084,1006.5803273802404,0.35804424621476527,4.9582297801971436,20260225_101515_run24
tsfresh,IronConcentration,3010.8639328545296,35.82530794516854,54.87133981282514,0.5238713988482672,4.645062685012817,20260225_101520_run24
tsfresh,LPGasMonitoringHomeActivity,1.4943433089977938,0.8716985902636225,1.2224333556467584,0.11031334320642117,22.397289514541626,20260225_101542_run24
tsfresh,MadridPM10Quality_nmv,48.10401788605862,5.039482287247768,6.935706012084035,0.7142331430057336,71.48130416870117,20260225_101654_run24
tsfresh,AcousticContaminationMadrid_nmv,9.039075121628965,2.1563257429334857,3.0065054667552102,0.8017730248123616,2.08880877494812,20260225_101656_run25
tsfresh,AluminiumConcentration,58127.28576598033,155.8723460906498,241.09600943603428,0.7474746153194234,4.9403464794158936,20260225_101701_run25
tsfresh,BarCrawl6min,0.002147722673498728,0.032505634377418734,0.046343528927982255,0.3696791188334788,2.6785519123077393,20260225_101704_run25
tsfresh,BeijingIntAirportPM25Quality,2197.8144651285284,31.533255203969063,46.880853929173774,0.6301208384387542,17.939505338668823,20260225_101722_run25
tsfresh,BinanceCoinSentiment,0.12223009511549576,0.26408312963081315,0.34961420897254125,0.06427686617691886,3.468163013458252,20260225_101725_run25
tsfresh,BitcoinSentiment,0.04531466274309745,0.13593459255993368,0.21287240953937045,0.1849321237567224,3.865288257598877,20260225_101729_run25
tsfresh,BoronConcentration,1.5930496640966152,0.28177892929594567,1.2621607124675587,0.16619520833175816,4.942713499069214,20260225_101734_run25
tsfresh,CalciumConcentration,2079877.7302578785,638.7969591773866,1442.1781201564106,0.7804565289973415,4.884777069091797,20260225_101739_run25
tsfresh,CardanoSentiment,0.10733319877780761,0.25867264767487846,0.3276174579869144,-0.017237260497393603,1.7083733081817627,20260225_101740_run25
tsfresh,ChilledWaterPredictor,158329.83978093366,216.26621974172144,397.9068229886661,0.3945840284402208,5.936477184295654,20260225_101746_run25
tsfresh,CopperConcentration,3.560947247371237,0.9114714245793051,1.887047229766981,0.40379810125999416,5.020261526107788,20260225_101751_run25
tsfresh,Covid19Andalusia,0.00017524181481779264,0.008566281726737542,0.013237893141198588,0.8637458823280815,2.1450703144073486,20260225_101754_run25
tsfresh,DailyOilGasPrices,2.398507540041963,1.0107872197030607,1.5487115741938404,0.5918991361626583,3.0390260219573975,20260225_101757_run25
tsfresh,DhakaHourlyAirQuality,0.1698226417427134,0.2700631801504894,0.41209542795657583,0.999958282175766,12.055552244186401,20260225_101809_run25
tsfresh,ElectricityPredictor,147131.89185657716,146.13364637141888,383.57775203546043,0.2801997614055336,8.516471147537231,20260225_101817_run25
tsfresh,EthereumSentiment,0.05604702711835725,0.17366430486340395,0.23674253339515747,0.21750116871254244,4.027074813842773,20260225_101821_run25
tsfresh,GasSensorArrayAcetone,0.04183091141385101,0.10511726025381773,0.20452606536539789,0.6181177741031599,3.7226333618164062,20260225_101825_run25
tsfresh,GasSensorArrayEthanol,0.021650963759411918,0.06956598050030671,0.14714266464697423,0.7801830139784443,3.812371253967285,20260225_101829_run25
tsfresh,HotwaterPredictor,1009954.0380487931,587.7754816256517,1004.9646949265398,0.6481796629346146,4.8929173946380615,20260225_101834_run25
tsfresh,IronConcentration,2809.2512030300054,35.32032203425532,53.00236978692562,0.5918114539323209,5.00297474861145,20260225_101839_run25
tsfresh,LPGasMonitoringHomeActivity,1.47919802459326,0.8605388262000712,1.2162228515339037,0.12192243695122129,22.52926206588745,20260225_101901_run25
tsfresh,MadridPM10Quality_nmv,50.26081561172492,5.200835015825899,7.089486272765109,0.6969712242465298,71.57173538208008,20260225_102013_run25
tsfresh,AcousticContaminationMadrid_nmv,12.345916449721585,2.5550804350111225,3.5136756324000062,0.7552521837763897,2.12514328956604,20260225_102015_run26
tsfresh,AluminiumConcentration,58966.99059283635,150.73468703109498,242.8311977338092,0.7407917723496686,4.945043325424194,20260225_102020_run26
tsfresh,BarCrawl6min,0.001912718565907761,0.03455313998832553,0.04373463805621079,0.2358792112390331,2.726097345352173,20260225_102023_run26
tsfresh,BeijingIntAirportPM25Quality,2127.5395806215656,31.622083424848356,46.125259680803595,0.6508775948116142,17.61616015434265,20260225_102041_run26
tsfresh,BinanceCoinSentiment,0.12330745010878373,0.2614115319080274,0.3511516055904967,0.10024554860524881,3.511439323425293,20260225_102044_run26
tsfresh,BitcoinSentiment,0.037090911104801866,0.13544038815045356,0.19259000780103278,0.35543052317758694,3.9304590225219727,20260225_102048_run26
tsfresh,BoronConcentration,0.2173233185169949,0.18246408232805972,0.46617949173788725,0.6447814213666132,4.828078508377075,20260225_102053_run26
tsfresh,CalciumConcentration,4035716.266300368,876.0641038856706,2008.9092230114252,0.7825794227307254,4.938559055328369,20260225_102058_run26
tsfresh,CardanoSentiment,0.06687586766608992,0.20001817913633402,0.2586036884232124,-0.028661723683140794,1.6791906356811523,20260225_102059_run26
tsfresh,ChilledWaterPredictor,7666731.332981848,570.8340959480214,2768.8862983123463,0.06833886839392767,5.860836029052734,20260225_102105_run26
tsfresh,CopperConcentration,3.0581199799482994,0.8111554831797799,1.7487481179255917,0.42033614869718083,4.940241575241089,20260225_102110_run26
tsfresh,Covid19Andalusia,0.00011329611407746187,0.00657421563884392,0.010644064734745926,0.8879531344931397,2.1574785709381104,20260225_102112_run26
tsfresh,DailyOilGasPrices,1.7126414953908393,0.8436615444249123,1.308679294323418,0.6509527838899507,3.0308501720428467,20260225_102116_run26
tsfresh,DhakaHourlyAirQuality,0.18854073857579098,0.2857190079415159,0.43421278029992505,0.9999515118103997,12.49066162109375,20260225_102128_run26
tsfresh,ElectricityPredictor,111558.42663091533,125.97749349064262,334.0036326612561,0.3533619191783117,8.42507815361023,20260225_102136_run26
tsfresh,EthereumSentiment,0.04410168839387588,0.16221890929703398,0.21000401994694265,0.2383264706658328,3.9850196838378906,20260225_102140_run26
tsfresh,GasSensorArrayAcetone,0.021012327947546025,0.08450692384007717,0.14495629668126192,0.7836784457875126,3.9099671840667725,20260225_102144_run26
tsfresh,GasSensorArrayEthanol,0.014760390681397945,0.05458336481857779,0.12149234824217509,0.8491638908470283,3.7512142658233643,20260225_102148_run26
tsfresh,HotwaterPredictor,1039812.8642793635,634.2968494976641,1019.7121477551219,0.4124209123767576,4.854679346084595,20260225_102153_run26
tsfresh,IronConcentration,2960.8384858173135,37.978478046500165,54.413587327222906,0.5308280335314166,4.966845512390137,20260225_102158_run26
tsfresh,LPGasMonitoringHomeActivity,1.4545077168899334,0.8525080098671973,1.206029733004097,0.1434655317805128,22.61485481262207,20260225_102221_run26
tsfresh,MadridPM10Quality_nmv,44.78255971743567,4.938883716350831,6.691977265161297,0.7291957715123607,71.39076328277588,20260225_102332_run26
tsfresh,AcousticContaminationMadrid_nmv,8.936767879997172,2.084473080105252,2.9894427373671455,0.8054006430558527,2.285121202468872,20260225_102335_run27
tsfresh,AluminiumConcentration,41558.56580323479,137.89238257740163,203.85918130718272,0.8122953264763185,4.913092374801636,20260225_102340_run27
tsfresh,BarCrawl6min,0.0017862158130386107,0.03004682022302456,0.042263646471153084,0.45992437620951787,2.6839194297790527,20260225_102342_run27
tsfresh,BeijingIntAirportPM25Quality,2308.47117189063,32.08734127357181,48.04655213322419,0.6272379912272854,17.84840679168701,20260225_102400_run27
tsfresh,BinanceCoinSentiment,0.11220983245519872,0.23488054103579703,0.3349773611084766,0.016478621409138694,3.454723834991455,20260225_102404_run27
tsfresh,BitcoinSentiment,0.046285867665541255,0.15281491589891913,0.21514150614314584,0.37631180142073617,3.909487247467041,20260225_102408_run27
tsfresh,BoronConcentration,0.09334589863946813,0.16319473078787486,0.30552561044774645,0.5942155271486693,4.780347108840942,20260225_102412_run27
tsfresh,CalciumConcentration,1999999.8925753033,637.2034554002372,1414.2135243927287,0.8766809785632264,4.8653950691223145,20260225_102417_run27
tsfresh,CardanoSentiment,0.07436865097466276,0.2183386498675202,0.2727061623334954,-0.07583452192254314,1.7079627513885498,20260225_102419_run27
tsfresh,ChilledWaterPredictor,10182948.584473293,601.9250341494586,3191.073265293872,0.04609623635762572,6.046764850616455,20260225_102425_run27
tsfresh,CopperConcentration,2.0080860972609007,0.7470996398464083,1.4170695456684195,0.561168514501393,4.98320198059082,20260225_102430_run27
tsfresh,Covid19Andalusia,0.0001897920441058279,0.008918263088233734,0.013776503333786404,0.8495415615962411,2.1739792823791504,20260225_102432_run27
tsfresh,DailyOilGasPrices,0.876628070456877,0.6317599617925184,0.9362841825305376,0.6601451377909625,3.0287983417510986,20260225_102435_run27
tsfresh,DhakaHourlyAirQuality,0.17187027422378934,0.26961071978828577,0.4145723992546891,0.999955708483676,12.396317958831787,20260225_102448_run27
tsfresh,ElectricityPredictor,188652.52320305438,170.2648398761765,434.34148224991634,0.10342694604891933,8.44925332069397,20260225_102456_run27
tsfresh,EthereumSentiment,0.05642544426552837,0.1777458801754167,0.23754040554299044,0.17747436922957083,4.028153419494629,20260225_102500_run27
tsfresh,GasSensorArrayAcetone,0.03667030943111631,0.09849275527957486,0.19149493317348193,0.6450045119873757,3.739468812942505,20260225_102504_run27
tsfresh,GasSensorArrayEthanol,0.013906493672435375,0.05642369196641604,0.11792579731524132,0.8709306910347462,3.843461513519287,20260225_102508_run27
tsfresh,HotwaterPredictor,882544.2655821525,579.7377154250244,939.4382712994785,0.6679329610934843,4.911125659942627,20260225_102513_run27
tsfresh,IronConcentration,3451.2446468751928,33.38628773399021,58.74729480474137,0.4720982886674101,4.8212902545928955,20260225_102518_run27
tsfresh,LPGasMonitoringHomeActivity,1.4664155387658733,0.8686896588694878,1.2109564561807635,0.1033412148233307,22.484957695007324,20260225_102540_run27
tsfresh,MadridPM10Quality_nmv,46.98402792941829,5.114178407413304,6.854489618448502,0.7222892196655164,71.45024132728577,20260225_102652_run27
tsfresh,AcousticContaminationMadrid_nmv,11.529494796235554,2.7234791649712458,3.395510977192616,0.7385223162698977,2.126992702484131,20260225_102654_run28
tsfresh,AluminiumConcentration,58708.778928284606,146.985393299567,242.29894537179604,0.7048341477649895,4.922015190124512,20260225_102659_run28
tsfresh,BarCrawl6min,0.0021600678971746296,0.035236583580457614,0.04647653060604491,0.17880386955166672,2.6873323917388916,20260225_102701_run28
tsfresh,BeijingIntAirportPM25Quality,1975.7675408658204,30.529022242389832,44.44960675715613,0.6309162739739982,17.790123224258423,20260225_102719_run28
tsfresh,BinanceCoinSentiment,0.09308844823567247,0.23228048479828656,0.30510399577139674,-0.055790357155099723,3.4711899757385254,20260225_102723_run28
tsfresh,BitcoinSentiment,0.03755544256683861,0.14249422945326568,0.19379226653001047,0.3984286403737629,3.905752420425415,20260225_102727_run28
tsfresh,BoronConcentration,0.6224485885208085,0.23917575536683217,0.7889541105291287,0.04475488853495546,4.939533710479736,20260225_102732_run28
tsfresh,CalciumConcentration,3656326.980221337,818.1975441485499,1912.1524469093297,0.8174136872517295,4.771087646484375,20260225_102736_run28
tsfresh,CardanoSentiment,0.11096157547799149,0.2721569533203588,0.3331089543647716,-0.09559036587524772,1.7202422618865967,20260225_102738_run28
tsfresh,ChilledWaterPredictor,9010943.781481508,597.1851808470259,3001.823409443252,0.03893142758721124,5.8982834815979,20260225_102744_run28
tsfresh,CopperConcentration,2.260039834660893,0.8556657256005302,1.5033428865900464,0.4876055872976123,5.02424693107605,20260225_102749_run28
tsfresh,Covid19Andalusia,0.00018785400047420465,0.008824970833801068,0.013705984111847083,0.7939990705897964,2.132237672805786,20260225_102751_run28
tsfresh,DailyOilGasPrices,0.9440811876404555,0.6436753103124686,0.9716384037492833,0.6922069140057842,3.139629602432251,20260225_102754_run28
tsfresh,DhakaHourlyAirQuality,0.25056403484405737,0.2741450731049158,0.5005637170671255,0.999936453193768,12.091012001037598,20260225_102806_run28
tsfresh,ElectricityPredictor,164310.30924287028,155.3522974084649,405.35208059521574,0.14208675465345577,8.3354651927948,20260225_102815_run28
tsfresh,EthereumSentiment,0.044820395174926066,0.16216337753200083,0.21170827847518403,0.1901161560507998,3.98016357421875,20260225_102819_run28
tsfresh,GasSensorArrayAcetone,0.02000880466859787,0.07670643387934563,0.1414524820163926,0.7638354009692228,3.8535940647125244,20260225_102823_run28
tsfresh,GasSensorArrayEthanol,0.0165950020803233,0.061791206661260464,0.12882159011719774,0.8387197021076799,3.613623857498169,20260225_102826_run28
tsfresh,HotwaterPredictor,682006.5065899866,478.9743269473287,825.8368522837828,0.732302151502068,4.941921710968018,20260225_102831_run28
tsfresh,IronConcentration,3405.6864264793803,35.51574906805288,58.35825928246472,0.5457893865479161,4.962166786193848,20260225_102836_run28
tsfresh,LPGasMonitoringHomeActivity,1.4627175895272215,0.8655901253039833,1.209428621096434,0.1187996147225755,23.103120803833008,20260225_102859_run28
tsfresh,MadridPM10Quality_nmv,51.93451226652014,5.249005238185322,7.206560363066429,0.677270610824533,71.5992271900177,20260225_103011_run28
tsfresh,AcousticContaminationMadrid_nmv,7.646889159632132,2.10973392062717,2.76530091665123,0.8360578260804729,2.1058647632598877,20260225_103013_run29
tsfresh,AluminiumConcentration,43996.22334449693,148.62465122089688,209.7527671915127,0.8022633243299675,4.913867950439453,20260225_103018_run29
tsfresh,BarCrawl6min,0.0020112605642224365,0.03351278378401207,0.04484707977363115,0.14723878353397746,2.679676055908203,20260225_103021_run29
tsfresh,BeijingIntAirportPM25Quality,2380.578584351093,33.154622670620846,48.791173221711865,0.6283111577350988,18.092596292495728,20260225_103039_run29
tsfresh,BinanceCoinSentiment,0.11872071011229707,0.28648567958670323,0.3445587179455732,0.10430482912290995,3.4079668521881104,20260225_103042_run29
tsfresh,BitcoinSentiment,0.05020284660835897,0.15199371444046497,0.2240599174514687,0.22078632020713762,3.898348569869995,20260225_103046_run29
tsfresh,BoronConcentration,0.5563562071393546,0.25966116254782073,0.7458928925384358,0.4431991449995284,4.893717050552368,20260225_103051_run29
tsfresh,CalciumConcentration,2413634.426578183,750.3828424602729,1553.58759861753,0.7703069654595811,4.672314643859863,20260225_103056_run29
tsfresh,CardanoSentiment,0.07720244370530181,0.22521594294706979,0.27785327729811254,-0.12351260685458842,1.7967140674591064,20260225_103058_run29
tsfresh,ChilledWaterPredictor,316298.5718504116,290.6296430517222,562.404277944622,-0.2716591498925309,5.814114332199097,20260225_103104_run29
tsfresh,CopperConcentration,5.245720870191957,0.9183561813181669,2.29035387444647,0.348325976100647,5.02731990814209,20260225_103109_run29
tsfresh,Covid19Andalusia,0.0002291764758479099,0.00887381710344413,0.015138575753614008,0.8541957663385082,2.1536381244659424,20260225_103111_run29
tsfresh,DailyOilGasPrices,0.8788938734592013,0.6791260036621971,0.9374933991550027,0.7643138344994144,3.1699233055114746,20260225_103114_run29
tsfresh,DhakaHourlyAirQuality,0.17407280235619313,0.2698146781163765,0.417220328311305,0.9999531598281225,12.027358770370483,20260225_103126_run29
tsfresh,ElectricityPredictor,135531.05842090189,143.8474532085841,368.1454310743268,0.2813647465028942,8.511357545852661,20260225_103135_run29
tsfresh,EthereumSentiment,0.053716187065254876,0.17163615029092147,0.231767528064772,0.17534270492079063,3.99631404876709,20260225_103139_run29
tsfresh,GasSensorArrayAcetone,0.0407107960775247,0.10632345820214792,0.20176916532890923,0.5737066641452917,3.8936867713928223,20260225_103142_run29
tsfresh,GasSensorArrayEthanol,0.02128340852644066,0.06666821690803253,0.14588834266808523,0.7925624656919046,3.8118603229522705,20260225_103146_run29
tsfresh,HotwaterPredictor,961947.5327674416,583.9765522393466,980.7892397286186,0.5695988630094193,5.017618417739868,20260225_103151_run29
tsfresh,IronConcentration,4160.818104806619,37.036625819164776,64.50440376289528,0.40388905246116846,4.878944396972656,20260225_103156_run29
tsfresh,LPGasMonitoringHomeActivity,1.459639843844007,0.8530207031135126,1.2081555544895728,0.15160574844717356,22.331618309020996,20260225_103219_run29
tsfresh,MadridPM10Quality_nmv,48.089929051598816,5.0479180419473675,6.934690263566125,0.7027824405433358,71.42796993255615,20260225_103330_run29
tsfresh,AcousticContaminationMadrid_nmv,8.854420044062294,2.239541710747613,2.9756377541734302,0.7874769072560533,2.1240761280059814,20260225_103332_run30
tsfresh,AluminiumConcentration,45867.104605369066,130.56201445402922,214.16606781973906,0.7921376145968553,4.929009437561035,20260225_103337_run30
tsfresh,BarCrawl6min,0.0023195668055081852,0.03564780835151821,0.04816188124967904,0.3376640440417036,2.656594753265381,20260225_103340_run30
tsfresh,BeijingIntAirportPM25Quality,2229.517278402978,34.026049480599866,47.217764436734804,0.6489401981144118,17.952451705932617,20260225_103358_run30
tsfresh,BinanceCoinSentiment,0.11277007007360075,0.2568781073084266,0.3358125519893513,-0.028634650193908984,3.477330207824707,20260225_103401_run30
tsfresh,BitcoinSentiment,0.031100693716716758,0.12786064349597695,0.17635388772782062,0.4238441795305887,3.865781307220459,20260225_103405_run30
tsfresh,BoronConcentration,15.265194938144111,0.4745480345534875,3.907069866043364,0.06871721029918898,4.856967926025391,20260225_103410_run30
tsfresh,CalciumConcentration,3790229.901456308,741.5499841084904,1946.85127872067,0.740956795305261,4.625379800796509,20260225_103415_run30
tsfresh,CardanoSentiment,0.09648306461269862,0.23618675496469843,0.3106172316738056,-0.17746713493650423,1.6760094165802002,20260225_103416_run30
tsfresh,ChilledWaterPredictor,7828897.899831095,590.3643198594998,2798.016779762247,0.05410365249331761,5.909071922302246,20260225_103422_run30
tsfresh,CopperConcentration,3.2493420306941063,0.8010612656506915,1.802593140643253,0.4447949096054048,5.0840582847595215,20260225_103427_run30
tsfresh,Covid19Andalusia,0.00016748297399673973,0.008301893729342275,0.012941521316937191,0.8134836728614251,2.11393404006958,20260225_103430_run30
tsfresh,DailyOilGasPrices,2.0149265656733957,0.8964131066947147,1.4194810902838388,0.5892950227751488,3.0391087532043457,20260225_103433_run30
tsfresh,DhakaHourlyAirQuality,0.20207462898933823,0.28147407200025476,0.44952711707897913,0.9999513137923004,11.969205141067505,20260225_103445_run30
tsfresh,ElectricityPredictor,161499.98001542356,158.79686040311427,401.87060108376124,0.45127802259772754,8.43519639968872,20260225_103453_run30
tsfresh,EthereumSentiment,0.04801394962851905,0.16437619211684878,0.21912085621528374,0.14088819738256853,4.006129503250122,20260225_103457_run30
tsfresh,GasSensorArrayAcetone,0.027879992942185686,0.08107939464950635,0.16697303058334206,0.6007716022773609,3.8108630180358887,20260225_103501_run30
tsfresh,GasSensorArrayEthanol,0.016458157301813867,0.05702605277516082,0.12828934991578164,0.82451221956623,3.8469674587249756,20260225_103505_run30
tsfresh,HotwaterPredictor,786500.0784463821,503.7130661453741,886.8483965404583,0.6498014015482677,4.952070713043213,20260225_103510_run30
tsfresh,IronConcentration,2676.7235014723897,33.671081165645425,51.7370611986455,0.5109206376515734,4.813390254974365,20260225_103515_run30
tsfresh,LPGasMonitoringHomeActivity,1.6122091636237132,0.8849792133401542,1.2697279880445707,0.12278016399900182,22.47552728652954,20260225_103537_run30
tsfresh,MadridPM10Quality_nmv,50.53409453762156,5.281600344793992,7.108733680313362,0.6885666523061804,71.56200647354126,20260225_103649_run30
tsfresh,MagnesiumConcentration,11592.829408967564,43.98946371824894,107.67000236355325,0.9412011224199046,32.36521100997925,20260225_090103_run1
tsfresh,ManganeseConcentration,6245.170624117653,50.43910539444634,79.02639194672659,0.4451188024377014,5.293813228607178,20260225_090108_run1
tsfresh,MethaneMonitoringHomeActivity,0.2604455413371404,0.32982862266089297,0.5103386535793074,0.2169967996782336,36.529175758361816,20260225_090145_run1
tsfresh,MetroInterstateTrafficVolume,282964.2005054642,448.67297463613016,531.9437944985017,0.02340098879398156,16.120551109313965,20260225_090202_run1
tsfresh,NaturalGasPricesSentiment,0.0023928353380466734,0.04170154957487421,0.04891661617535164,0.7057032397479699,1.0833630561828613,20260225_090203_run1
tsfresh,OccupancyDetectionLight,3443.283296088288,27.34897130729598,58.679496385775906,0.9141975719316923,4.7614052295684814,20260225_090207_run1
tsfresh,ParkingBirmingham_eq,0.009592134124036866,0.055134120868880816,0.09793944110539363,0.8242153042616929,19.564613580703735,20260225_090227_run1
tsfresh,PhosphorusConcentration,215.25037851418728,4.464908096588982,14.671413650844531,0.6802892098963544,31.142869472503662,20260225_090258_run1
tsfresh,PotassiumConcentration,12103.74410341672,39.17232464453635,110.01701733557732,0.8012696649454008,31.168131589889526,20260225_090330_run1
tsfresh,PrecipitationAndalusia_nmv,0.13576406088194978,0.22354423715908492,0.3684617495506824,0.6914995347412305,7.746424436569214,20260225_090338_run1
tsfresh,SierraNevadaMountainsSnow,478.6864569864376,11.746006805229486,21.87890438267962,0.9413457144510672,7.1130897998809814,20260225_090345_run1
tsfresh,SodiumConcentration,3156.42953431546,29.11092637889424,56.182110447325314,-0.5501313265492427,5.347477674484253,20260225_090350_run1
tsfresh,SolarRadiationAndalusia_nmv,0.39283766566124867,0.47732486701481724,0.6267676329081207,0.3555780798756656,6.988663911819458,20260225_090357_run1
tsfresh,SteamPredictor,732525069.9229105,7256.814170062742,27065.20034884114,0.26399843004555223,4.819339036941528,20260225_090402_run1
tsfresh,SulphurConcentration,94847.04954999633,40.146838905374416,307.9724818064048,-0.010581605263239702,5.6844542026519775,20260225_090408_run1
tsfresh,WaveDataTension,223.45778907782008,12.224253144382596,14.948504576639767,0.35882466732432494,24.515607833862305,20260225_090433_run1
tsfresh,WindTurbinePower,468.28918289301555,13.223414416901294,21.639990362590634,0.9994309756888863,7.682531118392944,20260225_090440_run1
tsfresh,ZincConcentration,4.213247421297815,0.8843606949891097,2.0526196484730956,0.04435453716319926,5.44438362121582,20260225_090446_run1
tsfresh,MagnesiumConcentration,14668.877077869587,45.08070244374867,121.11513975498517,0.9342686577119502,30.32323932647705,20260225_090756_run2
tsfresh,ManganeseConcentration,5303.427193701261,53.365699621449345,72.82463315184815,0.5255614561794503,5.309252023696899,20260225_090802_run2
tsfresh,MethaneMonitoringHomeActivity,0.2581700511197748,0.3345519109301056,0.5081043703017863,0.24982670505490145,36.48752474784851,20260225_090838_run2
tsfresh,MetroInterstateTrafficVolume,293379.26820792654,451.97550009810215,541.6449650905347,0.027297730004064547,15.926169872283936,20260225_090854_run2
tsfresh,NaturalGasPricesSentiment,0.0023394133774766457,0.0372274024679989,0.048367482645643715,0.7330986988903633,1.0874614715576172,20260225_090855_run2
tsfresh,OccupancyDetectionLight,2392.532401816815,24.611139074748497,48.913519622051474,0.950648339113506,4.759442329406738,20260225_090900_run2
tsfresh,ParkingBirmingham_eq,0.010387932970140156,0.0559511193603052,0.10192120961870574,0.7852152542647006,18.942787408828735,20260225_090919_run2
tsfresh,PhosphorusConcentration,409.4979265326156,5.746563309398581,20.23605511290715,0.5766340264322947,31.11975073814392,20260225_090950_run2
tsfresh,PotassiumConcentration,85953.07001081378,60.88337503347411,293.17754008589026,0.4454435471184941,30.4831485748291,20260225_091021_run2
tsfresh,PrecipitationAndalusia_nmv,0.12902463805720776,0.23669339753509594,0.3591999972956678,0.6724068276254664,7.718231678009033,20260225_091028_run2
tsfresh,SierraNevadaMountainsSnow,1766.5092544918593,20.192650768654744,42.02986146172575,0.8355015628574817,7.127660274505615,20260225_091036_run2
tsfresh,SodiumConcentration,6714.973403109921,31.469070535761936,81.94494129053922,-0.8091186388347604,5.279143333435059,20260225_091041_run2
tsfresh,SolarRadiationAndalusia_nmv,0.3249991132068896,0.44758925152146134,0.5700869347800295,0.4271339979604373,6.973637104034424,20260225_091048_run2
tsfresh,SteamPredictor,685165238.2843456,7305.070554128962,26175.66118141709,0.10275911852653374,4.831866502761841,20260225_091053_run2
tsfresh,SulphurConcentration,101483.68523202768,45.38839339926355,318.56504081902597,-0.0026207588128623893,5.566292762756348,20260225_091058_run2
tsfresh,WaveDataTension,237.29218024794878,12.283405858954175,15.40429096868625,0.29975755705597296,24.55757999420166,20260225_091123_run2
tsfresh,WindTurbinePower,555.1991534187949,14.405828187908913,23.562664395581304,0.999276426350135,7.438043594360352,20260225_091130_run2
tsfresh,ZincConcentration,2.0995118371915207,0.7659330081190738,1.4489692326586927,0.011058780871008977,5.488367080688477,20260225_091136_run2
tsfresh,MagnesiumConcentration,7765.94243169322,40.6796174474012,88.1245847178483,0.9645203967153174,30.907125234603882,20260225_091434_run3
tsfresh,ManganeseConcentration,5818.76533402219,50.305343536211105,76.28083202235139,0.5342295439858845,5.416045188903809,20260225_091439_run3
tsfresh,MethaneMonitoringHomeActivity,0.2654603966202358,0.32273803340124607,0.5152284897210516,0.2688685065959401,37.36315941810608,20260225_091517_run3
tsfresh,MetroInterstateTrafficVolume,267678.8225561374,444.0129033336901,517.3768670477425,0.013907240006681643,16.057278871536255,20260225_091533_run3
tsfresh,NaturalGasPricesSentiment,0.004181461425668133,0.055827567822762325,0.06466422059893812,0.21662747709914643,1.1082613468170166,20260225_091534_run3
tsfresh,OccupancyDetectionLight,3380.502317938539,24.688159253040872,58.14208732010349,0.9270090326228106,4.879882574081421,20260225_091539_run3
tsfresh,ParkingBirmingham_eq,0.01039114226687134,0.05542379132685843,0.10193695241114156,0.8025484271307584,19.051454305648804,20260225_091558_run3
tsfresh,PhosphorusConcentration,234.02593579329235,4.922479186909287,15.297906255213238,0.6326593760407921,31.214590072631836,20260225_091629_run3
tsfresh,PotassiumConcentration,9936.096636182881,41.415337668756735,99.67997108839309,0.8776407076237082,30.556865692138672,20260225_091700_run3
tsfresh,PrecipitationAndalusia_nmv,0.09833894740373339,0.20671980983773836,0.3135904134436086,0.730761081041523,8.00041651725769,20260225_091708_run3
tsfresh,SierraNevadaMountainsSnow,693.186259063815,14.345083954593044,26.328430622880184,0.9288717464753413,7.008749723434448,20260225_091715_run3
tsfresh,SodiumConcentration,160930.09392648586,71.38038533862172,401.1609327021836,0.047025377816551805,5.288508892059326,20260225_091720_run3
tsfresh,SolarRadiationAndalusia_nmv,0.46385383882685116,0.4985562383229688,0.681068160191659,0.30974627320032966,6.737125396728516,20260225_091727_run3
tsfresh,SteamPredictor,761589640.8449458,9389.255581676716,27596.913610854128,0.18429552391624204,4.749782085418701,20260225_091732_run3
tsfresh,SulphurConcentration,54794.86975352002,30.691205803496675,234.0830402945075,0.027729249887815444,5.655084609985352,20260225_091737_run3
tsfresh,WaveDataTension,215.3490467261448,11.69341382717234,14.674775866300132,0.32270027804193435,23.73435664176941,20260225_091801_run3
tsfresh,WindTurbinePower,428.21712423080356,13.349192072004158,20.693407748140555,0.9994266184611615,7.316584587097168,20260225_091809_run3
tsfresh,ZincConcentration,3.438162885422743,0.9357279211318931,1.854228380060758,0.056276675666236065,5.524318218231201,20260225_091814_run3
tsfresh,MagnesiumConcentration,14947.104815419732,45.575255821866655,122.25835274295058,0.9279090167926474,31.37097954750061,20260225_092114_run4
tsfresh,ManganeseConcentration,6892.735080167552,56.899799502704454,83.02249743393385,0.4404084995408525,5.374422073364258,20260225_092119_run4
tsfresh,MethaneMonitoringHomeActivity,0.308951648268707,0.34115863751412623,0.555834191345501,0.2086630063550644,35.84243202209473,20260225_092155_run4
tsfresh,MetroInterstateTrafficVolume,297613.1030978475,465.33109459724596,545.5392773191014,0.02724403790472374,16.05969214439392,20260225_092211_run4
tsfresh,NaturalGasPricesSentiment,0.002634785405967648,0.04389349559282925,0.05133016078260079,0.5678661299302822,1.0790796279907227,20260225_092212_run4
tsfresh,OccupancyDetectionLight,3209.8116728267078,24.024560332609784,56.655199874563216,0.9192836872745198,4.767492294311523,20260225_092217_run4
tsfresh,ParkingBirmingham_eq,0.009144232013443854,0.054137886665055486,0.09562547784687851,0.820697940394489,13.3910973072052,20260225_092230_run4
tsfresh,PhosphorusConcentration,128.17741369988434,4.664477691986649,11.321546435884294,0.7689899780306608,32.03154921531677,20260225_092302_run4
tsfresh,PotassiumConcentration,35709.09731623314,57.533244844619105,188.96850879507184,0.6844490763122963,30.58273458480835,20260225_092333_run4
tsfresh,PrecipitationAndalusia_nmv,0.07725241247911743,0.19436101360530808,0.27794318210583513,0.7361521136598861,7.659066677093506,20260225_092341_run4
tsfresh,SierraNevadaMountainsSnow,881.9436378266181,16.384361134297155,29.697535888127454,0.8973000439430027,7.139181852340698,20260225_092348_run4
tsfresh,SodiumConcentration,15132.290572299036,38.97944695403719,123.01337558289764,0.15908218352535952,5.413850784301758,20260225_092353_run4
tsfresh,SolarRadiationAndalusia_nmv,0.35921902170459574,0.4666855776431911,0.5993488314033788,0.4316492075867219,6.805298566818237,20260225_092400_run4
tsfresh,SteamPredictor,1124170210.762361,9249.936847733665,33528.647613083966,0.139820581154935,4.881231784820557,20260225_092405_run4
tsfresh,SulphurConcentration,13468.321085186388,17.806724734521037,116.05309597415481,0.06550453341432827,5.679271221160889,20260225_092411_run4
tsfresh,WaveDataTension,222.48282960216616,12.08787567787724,14.915858326028918,0.3131756979562329,24.783120155334473,20260225_092435_run4
tsfresh,WindTurbinePower,502.22316480491946,13.77777666316837,22.410336115393704,0.9993516564105712,7.256619215011597,20260225_092443_run4
tsfresh,ZincConcentration,2.014378479105169,0.8005462969774976,1.4192880183758225,0.06836813084548166,5.511036396026611,20260225_092448_run4
tsfresh,MagnesiumConcentration,6088.743584262793,39.410993425605895,78.030401666676,0.96528536633882,31.553834438323975,20260225_092748_run5
tsfresh,ManganeseConcentration,7502.311480826169,53.17191659632974,86.61588469112446,0.43579483538715835,5.342200517654419,20260225_092753_run5
tsfresh,MethaneMonitoringHomeActivity,0.28662715785007525,0.34121324407657017,0.5353757165300601,0.2624913511858372,35.70400428771973,20260225_092829_run5
tsfresh,MetroInterstateTrafficVolume,278145.76041739964,450.8220141267123,527.3952601392997,0.016413531411869076,16.476590871810913,20260225_092845_run5
tsfresh,NaturalGasPricesSentiment,0.0034910395114244757,0.047210424312657415,0.05908501934860033,0.6381973743690896,1.0793955326080322,20260225_092847_run5
tsfresh,OccupancyDetectionLight,2047.1960198292068,18.06046482058028,45.24595031413537,0.9504019801647172,4.871492862701416,20260225_092851_run5
tsfresh,ParkingBirmingham_eq,0.009761267704726836,0.056076752128772826,0.09879912805651088,0.8117931920980974,19.082269191741943,20260225_092910_run5
tsfresh,PhosphorusConcentration,1126.5421287692197,6.899326175952311,33.564000488160225,0.2392806586296965,30.96797227859497,20260225_092941_run5
tsfresh,PotassiumConcentration,21188.292555839107,47.83363918442149,145.56198870529045,0.8071781531613336,30.799829721450806,20260225_093012_run5
tsfresh,PrecipitationAndalusia_nmv,0.0776091781953201,0.1840594212576514,0.27858423895712425,0.6951252293864478,7.836536407470703,20260225_093020_run5
tsfresh,SierraNevadaMountainsSnow,1578.9533566809675,19.819079900362347,39.73604606249806,0.8691950316252345,7.173621892929077,20260225_093027_run5
tsfresh,SodiumConcentration,110131.71524847948,52.9732758093662,331.86098783749725,0.03591916346905766,5.471160411834717,20260225_093033_run5
tsfresh,SolarRadiationAndalusia_nmv,0.32458041838328977,0.4351666388834914,0.5697195962781074,0.3997631521403794,6.836697340011597,20260225_093040_run5
tsfresh,SteamPredictor,1151734795.4938626,8520.62682508609,33937.21844073056,0.1023368165857178,4.736177206039429,20260225_093044_run5
tsfresh,SulphurConcentration,48178.90262250294,25.888231933993193,219.4969307815099,0.035115592473104695,5.485128879547119,20260225_093050_run5
tsfresh,WaveDataTension,234.79864842338193,12.3344717120089,15.323140945099407,0.2822075947794688,25.16698980331421,20260225_093115_run5
tsfresh,WindTurbinePower,439.0727163789828,13.53181457694622,20.95406204961183,0.999473084134561,7.307953119277954,20260225_093122_run5
tsfresh,ZincConcentration,2.067836881094814,0.8025509485754042,1.4379975247179022,0.062023321902104134,5.359530448913574,20260225_093128_run5
tsfresh,MagnesiumConcentration,11050.524691652281,44.88001346203814,105.12147588220155,0.9512368376006798,30.435027837753296,20260225_093426_run6
tsfresh,ManganeseConcentration,7316.115743663729,56.35718247919498,85.53429571618467,0.4380539151678474,5.400181770324707,20260225_093432_run6
tsfresh,MethaneMonitoringHomeActivity,0.22156008798082613,0.3187404651678362,0.47070169744842233,0.3464669077466308,35.58201766014099,20260225_093507_run6
tsfresh,MetroInterstateTrafficVolume,317801.3134972425,470.1497079230879,563.7386925670816,0.039384237975235936,16.18969964981079,20260225_093524_run6
tsfresh,NaturalGasPricesSentiment,0.002961701817492179,0.04599200650625356,0.054421519801381685,0.6941857654038226,1.0874443054199219,20260225_093525_run6
tsfresh,OccupancyDetectionLight,2755.229336277628,19.885970215479997,52.49027849304696,0.9181897464841984,4.78702974319458,20260225_093529_run6
tsfresh,ParkingBirmingham_eq,0.008930186114609473,0.052109300294865,0.09449966198145617,0.8236583833487623,19.711997985839844,20260225_093549_run6
tsfresh,PhosphorusConcentration,58.65869707508701,3.439841719408388,7.658896596448278,0.8300484477415733,30.542853355407715,20260225_093620_run6
tsfresh,PotassiumConcentration,22993.040722433565,43.88828627262771,151.63456308649938,0.6294230384805527,30.338916301727295,20260225_093650_run6
tsfresh,PrecipitationAndalusia_nmv,0.13136554703959585,0.22611350835394647,0.36244385363749215,0.6975894365861757,7.880424737930298,20260225_093658_run6
tsfresh,SierraNevadaMountainsSnow,1640.9670794718918,18.969948370351144,40.508851865634156,0.833860941583897,7.028327226638794,20260225_093705_run6
tsfresh,SodiumConcentration,9339.98429956247,37.9283509603615,96.64359419828337,-0.4741852438087861,5.402889013290405,20260225_093710_run6
tsfresh,SolarRadiationAndalusia_nmv,0.37753032162333255,0.48356602705993534,0.6144349612638693,0.3656565559298861,6.937259912490845,20260225_093717_run6
tsfresh,SteamPredictor,137031139.45193374,4530.347344310136,11706.030046601356,0.521706793566181,4.96950364112854,20260225_093722_run6
tsfresh,SulphurConcentration,62027.51218514279,35.108513392083935,249.05323162959118,0.016964455232083786,5.482470750808716,20260225_093728_run6
tsfresh,WaveDataTension,193.46292280795865,11.07458062562498,13.909094967249258,0.3611362131937844,24.55696702003479,20260225_093752_run6
tsfresh,WindTurbinePower,393.1315668677688,13.069082315410446,19.827545659202723,0.9994924190050688,7.322129249572754,20260225_093800_run6
tsfresh,ZincConcentration,2.273449842135934,0.8174867427027039,1.5077963530052505,0.07472588533674007,5.640817642211914,20260225_093805_run6
tsfresh,MagnesiumConcentration,8177.390950439623,42.60665735836057,90.42892761964848,0.9600214491716792,31.455105304718018,20260225_094106_run7
tsfresh,ManganeseConcentration,7721.72146201179,57.22720923564745,87.87332622594748,0.48507539051237814,5.513967275619507,20260225_094112_run7
tsfresh,MethaneMonitoringHomeActivity,0.29438658786174204,0.3336248831554121,0.5425740390598707,0.22801065114861518,36.742172956466675,20260225_094148_run7
tsfresh,MetroInterstateTrafficVolume,303755.0105328517,457.9909968964041,551.1397377551829,0.017227838388081063,16.602601528167725,20260225_094205_run7
tsfresh,NaturalGasPricesSentiment,0.0031342160064780117,0.045679869711376754,0.05598406922043102,0.3207926318980937,1.0686588287353516,20260225_094206_run7
tsfresh,OccupancyDetectionLight,2631.9526545810463,18.855419150326835,51.30255992229868,0.9214180530097753,4.786870718002319,20260225_094211_run7
tsfresh,ParkingBirmingham_eq,0.009297175033622318,0.051446485018675533,0.09642185972912116,0.81243170420765,19.658721208572388,20260225_094230_run7
tsfresh,PhosphorusConcentration,122.53009527553588,4.105108017264825,11.069331293060836,0.7895726657343005,31.149064540863037,20260225_094302_run7
tsfresh,PotassiumConcentration,6160.049940327759,37.0212920287493,78.48598563009679,0.8856746023381692,30.559393167495728,20260225_094332_run7
tsfresh,PrecipitationAndalusia_nmv,0.07811608020348626,0.19716639779916273,0.27949254051492367,0.7837929926251667,7.70517373085022,20260225_094340_run7
tsfresh,SierraNevadaMountainsSnow,805.7050128184678,16.29487163097044,28.38494341756678,0.9167028982653125,7.184358596801758,20260225_094347_run7
tsfresh,SodiumConcentration,167265.29234342463,80.44564686050833,408.9807970350498,0.06872312178315576,5.3869099617004395,20260225_094353_run7
tsfresh,SolarRadiationAndalusia_nmv,0.46944392516533406,0.5061323640190325,0.6851597807557986,0.2773995078693928,6.980755090713501,20260225_094400_run7
tsfresh,SteamPredictor,1568990248.7240884,12167.12009094895,39610.481551277415,0.10626697296196486,4.836207151412964,20260225_094404_run7
tsfresh,SulphurConcentration,14296.087235683399,19.884842994130715,119.56624622226542,0.013557732739508666,5.49671483039856,20260225_094410_run7
tsfresh,WaveDataTension,204.90931434570615,11.42543435722835,14.314653832548874,0.30020815855632144,23.992679595947266,20260225_094434_run7
tsfresh,WindTurbinePower,565.8598440389793,13.595787553347204,23.78780872713961,0.9992297890460193,7.190584659576416,20260225_094441_run7
tsfresh,ZincConcentration,3.3089548527678447,0.8489853612720031,1.819053284752221,0.03384416943364721,5.49895715713501,20260225_094447_run7
tsfresh,MagnesiumConcentration,18807.850663600635,45.62592834488622,137.1417174444036,0.9117792735808626,31.122212409973145,20260225_094746_run8
tsfresh,ManganeseConcentration,5584.188430011258,51.48996810403077,74.72742756184812,0.492446888257421,5.290325880050659,20260225_094751_run8
tsfresh,MethaneMonitoringHomeActivity,0.1887294521555598,0.30149790408911564,0.43443003136933317,0.33710206628412986,36.266565561294556,20260225_094827_run8
tsfresh,MetroInterstateTrafficVolume,322832.7713553676,466.25733893407534,568.1837478803557,0.024875865237624528,16.143158435821533,20260225_094843_run8
tsfresh,NaturalGasPricesSentiment,0.002268401832163606,0.03812636799596763,0.04762774225347666,0.661504331128603,1.0797014236450195,20260225_094844_run8
tsfresh,OccupancyDetectionLight,1745.478109184899,19.15717491723327,41.77891943534321,0.9578604167610725,4.74260401725769,20260225_094849_run8
tsfresh,ParkingBirmingham_eq,0.007314841536152999,0.04798527634410759,0.08552684687367469,0.8508560978775654,19.544161081314087,20260225_094909_run8
tsfresh,PhosphorusConcentration,181.49157918872552,5.1410122852947095,13.471881056063609,0.5994886046201978,31.446855306625366,20260225_094940_run8
tsfresh,PotassiumConcentration,35330.56201651835,49.382017041629744,187.96425728451234,0.7307874015829133,31.861448287963867,20260225_095012_run8
tsfresh,PrecipitationAndalusia_nmv,0.10419327453443641,0.227734749409206,0.3227898302834778,0.6867986259047434,7.750092506408691,20260225_095020_run8
tsfresh,SierraNevadaMountainsSnow,1404.8826611614459,17.04144033166344,37.48176438164892,0.8826802392514183,7.202651739120483,20260225_095027_run8
tsfresh,SodiumConcentration,107342.11963407022,53.47823839865096,327.6310724489822,0.07634257716393256,5.3805060386657715,20260225_095032_run8
tsfresh,SolarRadiationAndalusia_nmv,0.412001909442282,0.48485012816988443,0.6418737488340538,0.35091545196384777,7.0909388065338135,20260225_095039_run8
tsfresh,SteamPredictor,673308559.4506971,7896.820761525964,25948.189907018506,0.20643302240258232,4.7222864627838135,20260225_095044_run8
tsfresh,SulphurConcentration,1100.2643871181158,12.005448056245973,33.170233449858564,0.29930278433728097,5.6216583251953125,20260225_095050_run8
tsfresh,WaveDataTension,203.45888883808917,11.322273884866503,14.263901599425354,0.3196718545914933,24.22131896018982,20260225_095114_run8
tsfresh,WindTurbinePower,599.7238917095738,14.568625972287741,24.489260742406533,0.9992170568034474,7.185612678527832,20260225_095121_run8
tsfresh,ZincConcentration,1.9816238630116596,0.7995858863401163,1.407701624283946,0.08396177763296575,5.564089298248291,20260225_095127_run8
tsfresh,MagnesiumConcentration,6882.390457694012,40.349252906480004,82.96017392516733,0.9712833873781245,30.72635531425476,20260225_095427_run9
tsfresh,ManganeseConcentration,6816.848459727351,52.70501944778277,82.56420810331406,0.4387103140836348,5.3536155223846436,20260225_095433_run9
tsfresh,MethaneMonitoringHomeActivity,0.2426753453417228,0.3166062419825631,0.4926208941384062,0.2900572996344668,36.10797834396362,20260225_095509_run9
tsfresh,MetroInterstateTrafficVolume,263810.69594877027,444.2229877907391,513.6250538561862,0.017365600258127833,16.215429306030273,20260225_095525_run9
tsfresh,NaturalGasPricesSentiment,0.003474758050938035,0.0490280132619785,0.05894707839187652,0.4862619814125757,1.0960664749145508,20260225_095526_run9
tsfresh,OccupancyDetectionLight,1722.7925064184967,18.628654719801037,41.506535707265385,0.9535046776427327,4.815765857696533,20260225_095531_run9
tsfresh,ParkingBirmingham_eq,0.009385340832567342,0.054612251935515686,0.09687796876776135,0.8092773377064643,19.260847330093384,20260225_095550_run9
tsfresh,PhosphorusConcentration,473.517421781623,5.37264888504099,21.760455458965534,0.3826937543935791,30.64847707748413,20260225_095621_run9
tsfresh,PotassiumConcentration,37460.23615062817,47.02464326563722,193.54647026135137,0.7068086971709133,30.135988235473633,20260225_095651_run9
tsfresh,PrecipitationAndalusia_nmv,0.0917351842961044,0.20630297892032867,0.3028781674140683,0.7026351345964786,7.846506595611572,20260225_095659_run9
tsfresh,SierraNevadaMountainsSnow,1043.4533321537774,16.134284371974072,32.302528262564486,0.8593323228468686,7.234791994094849,20260225_095706_run9
tsfresh,SodiumConcentration,22076.644628898186,39.358806271370646,148.58211409486066,0.13944843250479266,5.29788064956665,20260225_095712_run9
tsfresh,SolarRadiationAndalusia_nmv,0.40710977233192996,0.49208344269567245,0.6380515436325893,0.3415369204013321,6.859523773193359,20260225_095719_run9
tsfresh,SteamPredictor,534080161.28042185,6942.287456315155,23110.174410428448,0.22636909889168622,4.8693718910217285,20260225_095723_run9
tsfresh,SulphurConcentration,6376.143324794038,16.032544608071213,79.85075656995392,0.16543607507664582,5.471811056137085,20260225_095729_run9
tsfresh,WaveDataTension,203.0197091233559,11.433284977068292,14.248498486625035,0.33987122105845047,25.724170446395874,20260225_095755_run9
tsfresh,WindTurbinePower,359.211486309516,12.912923837301104,18.95287541006683,0.9995298539679829,7.37773060798645,20260225_095802_run9
tsfresh,ZincConcentration,1.7396188358423896,0.8476884854291746,1.318946108012905,0.037394904784365024,5.488633871078491,20260225_095807_run9
tsfresh,MagnesiumConcentration,7834.733626215687,41.330809492039926,88.51403067432692,0.9665634864145225,31.580825567245483,20260225_100107_run10
tsfresh,ManganeseConcentration,4088.513557134596,45.08816347375124,63.94148541545306,0.633889444650922,5.339790105819702,20260225_100113_run10
tsfresh,MethaneMonitoringHomeActivity,0.27356785852671067,0.3401686780587435,0.5230371483238171,0.2931057018624704,35.717007637023926,20260225_100149_run10
tsfresh,MetroInterstateTrafficVolume,321344.18285977957,467.64884841431217,566.872280906184,0.02792829130469121,16.565654754638672,20260225_100205_run10
tsfresh,NaturalGasPricesSentiment,0.0022781003204661583,0.03965156019407584,0.04772944919508456,0.7005920466407871,1.1085007190704346,20260225_100206_run10
tsfresh,OccupancyDetectionLight,2726.0566581092917,21.755596562170233,52.211652512722594,0.9319996661679166,4.882012367248535,20260225_100211_run10
tsfresh,ParkingBirmingham_eq,0.009402911040090568,0.05528900997715518,0.09696860852920686,0.8197070003773695,19.62489628791809,20260225_100231_run10
tsfresh,PhosphorusConcentration,517.267518938944,6.021879795592273,22.743515975744472,0.4847753359837499,30.99248766899109,20260225_100302_run10
tsfresh,PotassiumConcentration,19677.41973884243,45.18431179580917,140.27622656331482,0.737105598657059,30.68636155128479,20260225_100332_run10
tsfresh,PrecipitationAndalusia_nmv,0.12366711618797133,0.22344307720940912,0.3516633563338258,0.7080490359020801,7.830885171890259,20260225_100340_run10
tsfresh,SierraNevadaMountainsSnow,1121.7577200561877,16.153478552321793,33.49265173222609,0.8854011182698444,6.798863649368286,20260225_100347_run10
tsfresh,SodiumConcentration,170532.97491733474,79.86532349591698,412.9563837953528,0.048348682469234294,5.272709369659424,20260225_100352_run10
tsfresh,SolarRadiationAndalusia_nmv,0.43200800909981174,0.49643416507728527,0.6572731617066163,0.3105008257453413,7.167916774749756,20260225_100400_run10
tsfresh,SteamPredictor,156851228.68103445,2998.4587394882856,12524.026057184425,-0.24703981620615934,4.729632616043091,20260225_100404_run10
tsfresh,SulphurConcentration,3431.371475044143,14.596428625256603,58.57790944583242,-0.030732321933546025,5.607402801513672,20260225_100410_run10
tsfresh,WaveDataTension,201.1562266099083,11.380709901745316,14.182955496295836,0.3252469401475516,24.36174464225769,20260225_100434_run10
tsfresh,WindTurbinePower,465.64892383273195,13.775660751140302,21.578899968087622,0.9994433121692489,7.536175012588501,20260225_100442_run10
tsfresh,ZincConcentration,1.1460830859603057,0.7516030376244591,1.0705527011596887,0.002880916388287469,5.5363335609436035,20260225_100447_run10
tsfresh,MagnesiumConcentration,21113.75776615706,43.45031696789432,145.30573893056345,0.895045255134959,30.108640432357788,20260225_100746_run11
tsfresh,ManganeseConcentration,5209.72653619371,43.53701312299397,72.17843539585566,0.5904853350444701,5.4292097091674805,20260225_100751_run11
tsfresh,MethaneMonitoringHomeActivity,0.23106527961889275,0.31899110892177357,0.48069250006515885,0.2447625306272757,36.4132616519928,20260225_100828_run11
tsfresh,MetroInterstateTrafficVolume,319473.6218042692,456.93044756884984,565.2199764731155,0.017918098637370927,16.155189514160156,20260225_100844_run11
tsfresh,NaturalGasPricesSentiment,0.004216267523080845,0.0496359919775631,0.06493279235548742,0.4157783312667176,1.0921239852905273,20260225_100845_run11
tsfresh,OccupancyDetectionLight,879.3100911469448,15.424572872816643,29.65316325701096,0.9804953683956761,4.74773097038269,20260225_100850_run11
tsfresh,ParkingBirmingham_eq,0.00899134613162993,0.051231508275133,0.09482270894479829,0.8209174925078184,18.670021295547485,20260225_100908_run11
tsfresh,PhosphorusConcentration,595.2581759406754,5.859181800541348,24.39791335218394,0.5126181697731438,30.296906232833862,20260225_100939_run11
tsfresh,PotassiumConcentration,15183.778672001305,47.054379758273186,123.22247632636387,0.8317209740358861,30.938648462295532,20260225_101010_run11
tsfresh,PrecipitationAndalusia_nmv,0.0729838417742767,0.19800187409369016,0.27015521792902075,0.7526864921484869,7.870189905166626,20260225_101017_run11
tsfresh,SierraNevadaMountainsSnow,708.7057482732265,13.509141730854857,26.62152791019378,0.9368117336036028,7.171705484390259,20260225_101025_run11
tsfresh,SodiumConcentration,910089.971464289,116.05416320467255,953.9863581122578,0.010470571412732887,5.322687387466431,20260225_101030_run11
tsfresh,SolarRadiationAndalusia_nmv,0.3909991969521301,0.49121309077621994,0.6252992859040621,0.4046238908564177,6.7808098793029785,20260225_101037_run11
tsfresh,SteamPredictor,385414498.62507534,7538.970395626776,19631.97643196108,0.41344758482298294,4.949920654296875,20260225_101042_run11
tsfresh,SulphurConcentration,144004.79199170458,53.80368035063818,379.4796331711421,8.061082421495502e-05,5.528185844421387,20260225_101047_run11
tsfresh,WaveDataTension,220.1605112970064,11.80384863126477,14.837806822337539,0.29985086016740337,24.372921466827393,20260225_101112_run11
tsfresh,WindTurbinePower,584.5819693204211,13.98053136357407,24.178129979806567,0.9992816677176554,7.149569511413574,20260225_101119_run11
tsfresh,ZincConcentration,3.5712603332659487,0.9364780114358634,1.8897778528879918,0.03561484717999408,5.548904657363892,20260225_101124_run11
tsfresh,MagnesiumConcentration,12788.192288891343,44.21300954781662,113.08488974611659,0.9408347504032271,30.69445013999939,20260225_101424_run12
tsfresh,ManganeseConcentration,6048.359207233592,52.38701189692125,77.77119779991557,0.49069452413482295,5.349208831787109,20260225_101429_run12
tsfresh,MethaneMonitoringHomeActivity,0.2455635547263871,0.3265112083168271,0.4955436960817755,0.24149991703023466,35.95874834060669,20260225_101505_run12
tsfresh,MetroInterstateTrafficVolume,287173.4159147445,443.53719811287107,535.8856369737339,0.02359743987357621,16.59177303314209,20260225_101522_run12
tsfresh,NaturalGasPricesSentiment,0.003045019935121164,0.04612606199538255,0.05518169927721657,0.46457653547104616,1.1038672924041748,20260225_101523_run12
tsfresh,OccupancyDetectionLight,1816.4250970034113,18.486442768110926,42.61953891120141,0.9609898438497687,4.862372159957886,20260225_101528_run12
tsfresh,ParkingBirmingham_eq,0.009374605464530693,0.054070908124924114,0.09682254626134706,0.8138451289760329,19.624669790267944,20260225_101548_run12
tsfresh,PhosphorusConcentration,125.61499554476889,4.064068566405685,11.207809578359587,0.7740365520531892,30.255801677703857,20260225_101618_run12
tsfresh,PotassiumConcentration,27709.675856725575,44.33237936113412,166.46223552723777,0.5773567819279933,31.041033267974854,20260225_101649_run12
tsfresh,PrecipitationAndalusia_nmv,0.08101761327005377,0.2013116651591677,0.28463593109453655,0.7430363469285182,7.896850109100342,20260225_101657_run12
tsfresh,SierraNevadaMountainsSnow,1079.0184714727734,16.130067404186228,32.84841657481793,0.8964695210700049,7.062838315963745,20260225_101704_run12
tsfresh,SodiumConcentration,1025808.9939960603,141.52559311871974,1012.8222914194081,0.0017833763939225644,5.359521150588989,20260225_101709_run12
tsfresh,SolarRadiationAndalusia_nmv,0.3836076107784166,0.4703260938141461,0.6193606467789317,0.37832444594441417,7.044093608856201,20260225_101716_run12
tsfresh,SteamPredictor,630617595.4590585,8491.01369253352,25112.10057838767,0.26628460729598324,4.81757926940918,20260225_101721_run12
tsfresh,SulphurConcentration,6673.494024359829,17.359638394800157,81.69145625069876,0.16395152801164325,5.364225149154663,20260225_101727_run12
tsfresh,WaveDataTension,191.90435055197662,11.236833357529003,13.852954578427543,0.36371163197251155,25.47931981086731,20260225_101752_run12
tsfresh,WindTurbinePower,457.2418002197384,14.536722573802741,21.38321304714842,0.9994021096343222,7.697831153869629,20260225_101800_run12
tsfresh,ZincConcentration,0.9783361967946649,0.7444411622551722,0.9891087891605579,0.014304187260285817,5.594665765762329,20260225_101805_run12
tsfresh,MagnesiumConcentration,23259.177408258493,45.413569369363145,152.5095977578411,0.8872941478141773,31.62414050102234,20260225_102106_run13
tsfresh,ManganeseConcentration,7264.684505738708,58.992878658377606,85.23311859681486,0.4393955436260666,5.463547706604004,20260225_102111_run13
tsfresh,MethaneMonitoringHomeActivity,0.24985544526008288,0.3356039228848251,0.4998554243579666,0.24381039936368953,37.65232014656067,20260225_102149_run13
tsfresh,MetroInterstateTrafficVolume,332275.2587753623,470.21359473102166,576.4332214362408,0.019644028270377256,15.884313106536865,20260225_102205_run13
tsfresh,NaturalGasPricesSentiment,0.002848456682804866,0.0441249433553198,0.05337093481291916,0.561099216152894,1.2035257816314697,20260225_102206_run13
tsfresh,OccupancyDetectionLight,3073.2326896153104,24.340171488899923,55.43674494065566,0.922712941981093,4.677267551422119,20260225_102211_run13
tsfresh,ParkingBirmingham_eq,0.007710442877787909,0.05027824485843563,0.08780912753118499,0.8418090683218911,14.09423279762268,20260225_102225_run13
tsfresh,PhosphorusConcentration,497.16342760197455,4.891923016768561,22.29716187325137,0.3118996839827598,30.74759268760681,20260225_102255_run13
tsfresh,PotassiumConcentration,23982.765362176742,44.23837575673273,154.86369930418408,0.7402872273547398,31.42933487892151,20260225_102327_run13
tsfresh,PrecipitationAndalusia_nmv,0.10089590374306799,0.19499497144596434,0.3176411556191483,0.7304847210892482,7.798826456069946,20260225_102335_run13
tsfresh,SierraNevadaMountainsSnow,1299.8038542866427,18.828047211455804,36.052792600388706,0.877087165229732,7.000223398208618,20260225_102342_run13
tsfresh,SodiumConcentration,29969.09242925154,42.70826612617201,173.11583529316877,0.21865280170979584,5.531985759735107,20260225_102347_run13
tsfresh,SolarRadiationAndalusia_nmv,0.34045121331477324,0.45820355162026194,0.5834819734274344,0.2564854682442369,6.7852418422698975,20260225_102354_run13
tsfresh,SteamPredictor,384347560.7908462,5399.186548956794,19604.78413017716,0.2665451777552422,4.836960077285767,20260225_102359_run13
tsfresh,SulphurConcentration,1269.3508672128464,13.068271608083034,35.62795064570577,0.1476234541057484,5.616521120071411,20260225_102405_run13
tsfresh,WaveDataTension,202.85376177913776,11.28686175611419,14.242673968715907,0.32338133513504563,24.024162769317627,20260225_102429_run13
tsfresh,WindTurbinePower,384.1676046669496,13.345016500043302,19.6001939956458,0.999484675185017,7.364957332611084,20260225_102436_run13
tsfresh,ZincConcentration,1.5300500200185974,0.8180099853595515,1.2369519069141683,0.06291518683740949,5.541992902755737,20260225_102441_run13
tsfresh,MagnesiumConcentration,12896.801522067955,44.917690956480655,113.56408552913177,0.9391226657814338,30.761763095855713,20260225_102739_run14
tsfresh,ManganeseConcentration,7435.046647967008,53.12960482730036,86.22671655564189,0.428122045064674,5.2843663692474365,20260225_102744_run14
tsfresh,MethaneMonitoringHomeActivity,0.30096819628222926,0.34196262157878576,0.5486056837859313,0.22837566954803012,36.37688446044922,20260225_102821_run14
tsfresh,MetroInterstateTrafficVolume,334133.3902788586,489.6349954962186,578.0427235757394,0.017883717504511676,15.992263555526733,20260225_102837_run14
tsfresh,NaturalGasPricesSentiment,0.0024402739886086344,0.03915099328612682,0.049399129431687706,0.6120503414345893,1.2228612899780273,20260225_102838_run14
tsfresh,OccupancyDetectionLight,1920.8719216037066,19.473078335330186,43.82775286965676,0.9571238459814259,4.906439781188965,20260225_102843_run14
tsfresh,ParkingBirmingham_eq,0.009232633674819541,0.05430698387181518,0.0960865946676202,0.8190999122303929,18.92646288871765,20260225_102902_run14
tsfresh,PhosphorusConcentration,259.52025553463966,4.828642840315855,16.109632383597077,0.6626652079080949,31.43127417564392,20260225_102933_run14
tsfresh,PotassiumConcentration,23942.108589712414,47.91827742713735,154.7323773155199,0.7801742983066775,30.8741512298584,20260225_103004_run14
tsfresh,PrecipitationAndalusia_nmv,0.09175401520917716,0.220398889518221,0.3029092524324359,0.7613024201523179,7.805097818374634,20260225_103012_run14
tsfresh,SierraNevadaMountainsSnow,1343.3104710569462,18.403117490830024,36.651200131195516,0.8559677061933234,7.102849960327148,20260225_103019_run14
tsfresh,SodiumConcentration,63643.74442275578,58.10056023186022,252.27711830991683,0.0688626271094942,5.36064076423645,20260225_103024_run14
tsfresh,SolarRadiationAndalusia_nmv,0.3653281857246205,0.4633151519857775,0.6044238460919792,0.45395610536833686,6.946176528930664,20260225_103031_run14
tsfresh,SteamPredictor,981573791.6708515,8826.633198265328,31330.078066785143,0.1750485866368119,4.736011505126953,20260225_103036_run14
tsfresh,SulphurConcentration,128745.0830585469,42.879064098917375,358.8106507038871,0.00156714644076128,5.662804126739502,20260225_103042_run14
tsfresh,WaveDataTension,221.06864045227465,11.844640462039319,14.868377196327602,0.3113421058495779,23.909228324890137,20260225_103106_run14
tsfresh,WindTurbinePower,457.46297445919004,13.844075230790473,21.388384101170196,0.9994044652616705,7.388713598251343,20260225_103113_run14
tsfresh,ZincConcentration,1.4437696050662698,0.8447806977426817,1.2015696422040087,0.03404767659791119,5.611840009689331,20260225_103119_run14
tsfresh,MagnesiumConcentration,10241.52544185564,44.878096253935354,101.20042214267508,0.9534342838476328,31.339855432510376,20260225_103418_run15
tsfresh,ManganeseConcentration,4229.3897907060755,46.8849419238049,65.03375885419877,0.5218690894513509,5.353055477142334,20260225_103423_run15
tsfresh,MethaneMonitoringHomeActivity,0.2596241983356719,0.3340461364760632,0.5095333142549876,0.26116907129671063,36.18602991104126,20260225_103459_run15
tsfresh,MetroInterstateTrafficVolume,304172.96104322065,466.56821668093613,551.5187766914383,0.020279328142308706,15.917339086532593,20260225_103515_run15
tsfresh,NaturalGasPricesSentiment,0.004179561851656453,0.053125586677956735,0.06464953094691757,0.23283516067784937,1.1034438610076904,20260225_103516_run15
tsfresh,OccupancyDetectionLight,2665.765073362835,25.697740145411842,51.63104757181318,0.9253273832451754,4.907577276229858,20260225_103521_run15
tsfresh,ParkingBirmingham_eq,0.007147748087768943,0.04799352882213389,0.0845443557416398,0.8498675576074005,14.046022653579712,20260225_103535_run15
tsfresh,PhosphorusConcentration,291.7578802281646,4.749156466029838,17.080921527486876,0.6720679101555058,30.52934193611145,20260225_103606_run15
tsfresh,PotassiumConcentration,14206.09643247658,45.57794445926227,119.18933019560342,0.8626574522853295,30.655696868896484,20260225_103636_run15
tsfresh,PrecipitationAndalusia_nmv,0.11928989640547771,0.22418944114013445,0.34538369446961115,0.6752866719679178,7.807551383972168,20260225_103644_run15
tsfresh,SierraNevadaMountainsSnow,1079.4609871043285,16.862100844727955,32.85515160677741,0.8845022869574393,6.97909688949585,20260225_103651_run15
tsfresh,SodiumConcentration,38269.00017683178,47.901316810032576,195.62464102671672,0.25892976610651763,5.367361783981323,20260225_103657_run15
tsfresh,SolarRadiationAndalusia_nmv,0.3990594452775775,0.4955741213112248,0.6317115206148907,0.26562246462065886,6.866394758224487,20260225_103703_run15
tsfresh,SteamPredictor,818608900.8599348,8791.977528097794,28611.342171592278,0.24022516729795151,4.8447816371917725,20260225_103708_run15
tsfresh,SulphurConcentration,81474.34966832465,30.231406568537214,285.4371203405833,-0.00047043625299703073,5.612001657485962,20260225_103714_run15
tsfresh,WaveDataTension,219.44418823055886,11.902338312275106,14.813648714295843,0.33276247708339535,24.6787006855011,20260225_103739_run15
tsfresh,WindTurbinePower,488.2032159351786,12.816800128522377,22.095321132203047,0.9993514548940927,7.483445644378662,20260225_103746_run15
tsfresh,ZincConcentration,2.5054295506321598,0.7924776144886516,1.582854873521941,0.04081170725203731,5.587884902954102,20260225_103752_run15
tsfresh,MagnesiumConcentration,12806.930614708946,45.17581519777215,113.1677101239967,0.9486314989688825,31.455047607421875,20260225_104051_run16
tsfresh,ManganeseConcentration,6714.401973279188,51.26405270020857,81.94145454700684,0.4557812986554891,5.536718845367432,20260225_104057_run16
tsfresh,MethaneMonitoringHomeActivity,0.2442699783738925,0.32251166549731325,0.49423676347869194,0.32479685696226956,36.18476700782776,20260225_104133_run16
tsfresh,MetroInterstateTrafficVolume,295692.0277181158,447.7103129905109,543.7757145350606,0.04149998883493211,16.47264337539673,20260225_104150_run16
tsfresh,NaturalGasPricesSentiment,0.002680038283078044,0.04221689751433149,0.05176908617194285,0.5538340279155616,1.1108603477478027,20260225_104151_run16
tsfresh,OccupancyDetectionLight,1539.342557842095,17.460108907458814,39.23445625776016,0.9552183188253515,5.600348711013794,20260225_104156_run16
tsfresh,ParkingBirmingham_eq,0.009676368386492065,0.053121156935464285,0.09836853351805172,0.8066678520371482,25.316049575805664,20260225_104222_run16
tsfresh,PhosphorusConcentration,440.1810505342901,5.334193240906044,20.980492142328075,0.48582828402821754,35.465816497802734,20260225_104257_run16
tsfresh,PotassiumConcentration,40017.85365358448,47.994713014200656,200.0446291545576,0.6600210507847182,35.662142753601074,20260225_104333_run16
tsfresh,PrecipitationAndalusia_nmv,0.0938081407821239,0.18013720332804856,0.3062811466318551,0.7629880601259313,8.548321962356567,20260225_104341_run16
tsfresh,SierraNevadaMountainsSnow,988.1289314680077,15.977352927564086,31.434518152311604,0.8843588394615033,7.472005128860474,20260225_104349_run16
tsfresh,SodiumConcentration,137447.6601714057,69.16872540333232,370.7393426268727,0.061247460360221995,5.424196481704712,20260225_104354_run16
tsfresh,SolarRadiationAndalusia_nmv,0.3387685939513698,0.4563790483944437,0.5820383096939323,0.30435945725709324,7.0442585945129395,20260225_104401_run16
tsfresh,SteamPredictor,488882268.67209744,7232.011944850677,22110.682229910897,0.3089906145813385,4.803589582443237,20260225_104406_run16
tsfresh,SulphurConcentration,7382.405092337467,18.07290101042343,85.92092348396558,0.10847917918447081,5.633495807647705,20260225_104412_run16
tsfresh,WaveDataTension,205.62044359758357,11.128326282991283,14.339471524347875,0.31280897886196646,25.50789499282837,20260225_104437_run16
tsfresh,WindTurbinePower,512.6532727783858,13.64569407086394,22.641847821641807,0.9992982153805222,7.195429563522339,20260225_104445_run16
tsfresh,ZincConcentration,2.3354812755820826,0.8103375623263613,1.5282281490608929,-0.0016469529708025288,5.617049932479858,20260225_104450_run16
tsfresh,MagnesiumConcentration,13071.514282713064,47.08653046011248,114.33072326681514,0.9382641565359655,31.382092475891113,20260225_104753_run17
tsfresh,ManganeseConcentration,5128.9067084126,47.53536561157392,71.61638575362903,0.5268125555488244,5.570170640945435,20260225_104759_run17
tsfresh,MethaneMonitoringHomeActivity,0.2454525964271471,0.32430651532961846,0.4954317273117933,0.273254797561841,37.42639994621277,20260225_104836_run17
tsfresh,MetroInterstateTrafficVolume,275879.2364014431,447.29127069063924,525.2420740967378,0.008245400591872287,16.418967962265015,20260225_104853_run17
tsfresh,NaturalGasPricesSentiment,0.0027132855890399277,0.042490707271798454,0.052089207990138685,0.7178547452374986,1.2096855640411377,20260225_104854_run17
tsfresh,OccupancyDetectionLight,3885.5262153174986,22.50259771519129,62.333989245976376,0.9017201962063838,4.735307931900024,20260225_104859_run17
tsfresh,ParkingBirmingham_eq,0.007786795522312675,0.05004962715393549,0.08824282136419186,0.8408556557710635,13.49771785736084,20260225_104912_run17
tsfresh,PhosphorusConcentration,237.05532341600883,5.2530785908586015,15.396601034514365,0.6729027335280061,31.307685136795044,20260225_104943_run17
tsfresh,PotassiumConcentration,22147.11166884053,47.400634192790335,148.81905680671588,0.6264275201542217,33.52493762969971,20260225_105017_run17
tsfresh,PrecipitationAndalusia_nmv,0.06935124602275945,0.17560694737009833,0.2633462474058809,0.8089151536172546,7.714422941207886,20260225_105025_run17
tsfresh,SierraNevadaMountainsSnow,1099.7235733297998,16.98199567599818,33.16208035286387,0.8803913006089875,7.319626808166504,20260225_105032_run17
tsfresh,SodiumConcentration,104638.3781726918,58.871903069501364,323.4785590617897,0.09582254331943407,5.365305185317993,20260225_105037_run17
tsfresh,SolarRadiationAndalusia_nmv,0.45143580223382107,0.5084640266576117,0.6718897247568392,0.18163704372866663,7.513896465301514,20260225_105045_run17
tsfresh,SteamPredictor,1608621024.6360626,12239.00835147143,40107.61803742604,0.11816170266298132,4.8108062744140625,20260225_105050_run17
tsfresh,SulphurConcentration,127510.84673625889,44.1593295685134,357.08660957288623,0.00947024850797118,5.8239665031433105,20260225_105056_run17
tsfresh,WaveDataTension,210.10001055041963,11.474005009658018,14.494827027268025,0.35808371230100966,26.652704000473022,20260225_105122_run17
tsfresh,WindTurbinePower,355.07434246119215,12.464699959059558,18.843416422220045,0.9995621317582103,7.41723108291626,20260225_105130_run17
tsfresh,ZincConcentration,1.2763424449986092,0.7566333016670188,1.1297532673104376,0.06798891576084054,5.704467058181763,20260225_105135_run17
tsfresh,MagnesiumConcentration,21570.96553012283,42.15140199102451,146.8705740784138,0.8773368147386549,17.90619444847107,20260225_133347_run1
tsfresh,ManganeseConcentration,6423.916712915125,51.70843274983115,80.14934006537499,0.4643331642297873,4.796788215637207,20260225_133352_run1
tsfresh,MethaneMonitoringHomeActivity,0.23997583293140623,0.31983252226937897,0.48987328252457923,0.3243522683740335,22.160717487335205,20260225_133414_run1
tsfresh,MetroInterstateTrafficVolume,287838.5718212621,451.3331600938214,536.5058916929637,0.03311193955144598,13.028254747390747,20260225_133428_run1
tsfresh,NaturalGasPricesSentiment,0.003169793077023134,0.04688581944416305,0.056300915419050995,0.5710939287231833,1.1936094760894775,20260225_133429_run1
tsfresh,OccupancyDetectionLight,1855.7572179737738,19.1962989323218,43.078500646770124,0.9541969769234288,4.579879522323608,20260225_133433_run1
tsfresh,ParkingBirmingham_eq,0.009157939590512922,0.05260689176548825,0.0956971242541432,0.8149641199154648,11.318857431411743,20260225_133445_run1
tsfresh,PhosphorusConcentration,595.473382407792,5.611857259826307,24.40232329938672,0.49086341338590256,17.18148970603943,20260225_133502_run1
tsfresh,PotassiumConcentration,17561.313828937688,46.29272915840327,132.51910741073414,0.8415976424677128,17.252484798431396,20260225_133520_run1
tsfresh,PrecipitationAndalusia_nmv,0.10587882050014744,0.21913297691862255,0.32539025876652705,0.7434903475779431,7.138175010681152,20260225_133527_run1
tsfresh,SierraNevadaMountainsSnow,1359.7248784865362,18.17398272173946,36.87444750076313,0.8777351585285431,6.629360198974609,20260225_133534_run1
tsfresh,SodiumConcentration,868891.3179244272,95.42084822658686,932.1433998717296,0.0047297379618991275,4.863725662231445,20260225_133539_run1
tsfresh,SolarRadiationAndalusia_nmv,0.36668962224995494,0.46920175343199144,0.6055490254718894,0.29035506888499185,6.130486488342285,20260225_133545_run1
tsfresh,SteamPredictor,1555948264.8647003,11671.008813458255,39445.51007230988,0.028056410418396682,4.678909540176392,20260225_133549_run1
tsfresh,SulphurConcentration,84113.24725935145,33.911782248112544,290.0228392029694,0.0012356065952680018,4.785923719406128,20260225_133554_run1
tsfresh,WaveDataTension,214.29791830085034,11.83094560977412,14.638917934767253,0.2753761342293557,12.9191255569458,20260225_133607_run1
tsfresh,WindTurbinePower,478.4650943978776,12.332807858739972,21.873844984315802,0.9993853663537403,6.281110763549805,20260225_133614_run1
tsfresh,ZincConcentration,2.3261058872085916,0.8239910850085512,1.5251576597875354,0.052112695352985794,4.912794589996338,20260225_133619_run1
tsfresh,MagnesiumConcentration,15940.779737497867,41.80977047743177,126.2568007574161,0.9290262655891591,17.28860116004944,20260225_133636_run2
tsfresh,ManganeseConcentration,5929.594308008607,51.16077789712989,77.0038590462102,0.4678300279861767,4.964331150054932,20260225_133641_run2
tsfresh,MethaneMonitoringHomeActivity,0.21703370409422557,0.3225486231817594,0.46586876273713135,0.30919528078142033,22.48138451576233,20260225_133704_run2
tsfresh,MetroInterstateTrafficVolume,300673.13434677117,463.90141177939495,548.336697975588,0.026936520598406455,13.011550903320312,20260225_133717_run2
tsfresh,NaturalGasPricesSentiment,0.0038899057130884146,0.050010336852395205,0.06236910864433141,0.37686416027430203,1.093614101409912,20260225_133718_run2
tsfresh,OccupancyDetectionLight,2084.14693077198,19.155995173932478,45.652458102187445,0.9494667090749588,4.676764488220215,20260225_133722_run2
tsfresh,ParkingBirmingham_eq,0.008373575946836494,0.051229598462547064,0.09150724532427197,0.8321498946030927,10.79672646522522,20260225_133733_run2
tsfresh,PhosphorusConcentration,508.2958508343384,4.775014964546627,22.545417512974524,0.38698341626982835,17.16914463043213,20260225_133750_run2
tsfresh,PotassiumConcentration,17665.82334947969,46.259237001644294,132.91284117601163,0.8426283706013364,17.06843852996826,20260225_133807_run2
tsfresh,PrecipitationAndalusia_nmv,0.08555557501074924,0.2013374401336551,0.29249884616994515,0.7485873561047027,7.015599012374878,20260225_133814_run2
tsfresh,SierraNevadaMountainsSnow,1479.3973960301041,19.697250954263207,38.46293535379358,0.8455989970063632,6.973719358444214,20260225_133822_run2
tsfresh,SodiumConcentration,159077.6577040172,74.65678330102305,398.8454057702272,0.06164892700187108,4.783329010009766,20260225_133826_run2
tsfresh,SolarRadiationAndalusia_nmv,0.37599571454990177,0.48403768235740013,0.6131848942610229,0.4129161518829274,6.055981397628784,20260225_133832_run2
tsfresh,SteamPredictor,1283268635.270568,10331.436623903603,35822.73908107207,0.10646991272594519,4.712798833847046,20260225_133837_run2
tsfresh,SulphurConcentration,48783.51828365532,24.914672969718257,220.86991258126426,0.016581421090162696,5.045082330703735,20260225_133842_run2
tsfresh,WaveDataTension,205.17201090009206,11.546563926003753,14.32382668493626,0.30627572358379795,12.692432641983032,20260225_133855_run2
tsfresh,WindTurbinePower,463.05431129924705,13.301162103712311,21.518696784406973,0.99940885245086,6.37989354133606,20260225_133901_run2
tsfresh,ZincConcentration,3.350580192882537,0.8834682661785506,1.8304590115275832,0.04011382066066271,4.93623685836792,20260225_133906_run2
tsfresh,MagnesiumConcentration,7282.196293203302,38.53350854122692,85.33578553692057,0.9629616968258039,17.134008646011353,20260225_133923_run3
tsfresh,ManganeseConcentration,6051.6234852224725,51.1157412007788,77.79218138876472,0.45766607894000233,4.830040693283081,20260225_133928_run3
tsfresh,MethaneMonitoringHomeActivity,0.20955651767591132,0.3141240322422694,0.45777343487353145,0.30916974317529944,22.360929250717163,20260225_133951_run3
tsfresh,MetroInterstateTrafficVolume,315211.53496959986,470.23418035637843,561.4370267176897,0.02478389507290435,12.99611234664917,20260225_134004_run3
tsfresh,NaturalGasPricesSentiment,0.002521536642583574,0.04148377102281485,0.050214904586024796,0.441128932154064,1.0881145000457764,20260225_134005_run3
tsfresh,OccupancyDetectionLight,4854.1655554847775,23.207066642875343,69.67184191253148,0.8408077318572609,4.6819846630096436,20260225_134010_run3
tsfresh,ParkingBirmingham_eq,0.00858957244964941,0.052681964856446814,0.09267994631876633,0.8221782323101212,10.757779598236084,20260225_134020_run3
tsfresh,PhosphorusConcentration,177.2770889113386,4.736555777741184,13.314544262247153,0.7045520043829628,17.313472986221313,20260225_134038_run3
tsfresh,PotassiumConcentration,27224.771141984253,46.15892071347886,164.99930648940392,0.7245403230511955,17.309133529663086,20260225_134055_run3
tsfresh,PrecipitationAndalusia_nmv,0.058624577615858944,0.18464069341593617,0.24212512801413022,0.8234295837417707,7.141936540603638,20260225_134102_run3
tsfresh,SierraNevadaMountainsSnow,1229.0461087576157,17.352324267178574,35.05775390348925,0.8433856170242735,6.572276592254639,20260225_134109_run3
tsfresh,SodiumConcentration,124975.13523871555,66.86796249232057,353.5182247617731,0.026460303594888712,4.719092607498169,20260225_134113_run3
tsfresh,SolarRadiationAndalusia_nmv,0.35854909821662956,0.4539680950928063,0.5987896944809835,0.4035261972957427,6.042099952697754,20260225_134120_run3
tsfresh,SteamPredictor,1307336967.865657,10866.297351771233,36157.115037923824,0.03512151025210741,4.84649395942688,20260225_134124_run3
tsfresh,SulphurConcentration,48258.64675725663,24.135730737276727,219.6785077272163,0.01847497875157056,4.988279819488525,20260225_134129_run3
tsfresh,WaveDataTension,229.44983470966216,12.21800597957496,15.147601615756276,0.2864059286596832,13.126929521560669,20260225_134143_run3
tsfresh,WindTurbinePower,395.8463050523194,13.428477967009123,19.895886636496485,0.9994914491368091,6.338647127151489,20260225_134149_run3
tsfresh,ZincConcentration,1.129707328691479,0.7314130557314888,1.0628769113549692,0.03621314069074655,4.915632009506226,20260225_134154_run3
tsfresh,MagnesiumConcentration,6753.93516730082,39.02589884258777,82.18232880188307,0.9592991721509687,17.183208227157593,20260225_134211_run4
tsfresh,ManganeseConcentration,5009.907922268756,49.05200972635849,70.78070303598825,0.5730530817642694,4.877291917800903,20260225_134216_run4
tsfresh,MethaneMonitoringHomeActivity,0.241511272870115,0.3202064565343462,0.4914379644167868,0.2585573672077649,22.601465225219727,20260225_134239_run4
tsfresh,MetroInterstateTrafficVolume,301026.9872588036,456.6631102400827,548.6592633491242,0.034603004405446836,12.97155475616455,20260225_134252_run4
tsfresh,NaturalGasPricesSentiment,0.0031646432432284855,0.04612446005896226,0.056255161925182345,0.6123863103730919,1.1062002182006836,20260225_134253_run4
tsfresh,OccupancyDetectionLight,1282.8829180288812,14.311882909645991,35.817354983707006,0.9568773078803826,4.683241367340088,20260225_134257_run4
tsfresh,ParkingBirmingham_eq,0.010591718904616746,0.05473557511047,0.10291607699779828,0.7887037561412613,11.41782832145691,20260225_134309_run4
tsfresh,PhosphorusConcentration,278.6043401584429,4.679941927714524,16.691445118935714,0.5941279133009236,17.27311062812805,20260225_134326_run4
tsfresh,PotassiumConcentration,17106.48863651319,43.553609744208806,130.7917758749119,0.832992628035742,17.330632209777832,20260225_134344_run4
tsfresh,PrecipitationAndalusia_nmv,0.10657695027948011,0.21965744061720907,0.3264612538716962,0.6870644684803112,7.147574424743652,20260225_134351_run4
tsfresh,SierraNevadaMountainsSnow,799.024851791371,14.662283067864873,28.26702764337579,0.9016720273111141,6.684206962585449,20260225_134357_run4
tsfresh,SodiumConcentration,3499.0655244099817,30.226878824703032,59.15289954355561,-0.06848643891145634,5.010625600814819,20260225_134402_run4
tsfresh,SolarRadiationAndalusia_nmv,0.37209685478245025,0.47924716915713134,0.6099974219473803,0.3127163401632427,5.8444859981536865,20260225_134408_run4
tsfresh,SteamPredictor,1466768254.1914017,12017.189252062597,38298.4105961514,0.07987501345191161,4.714409589767456,20260225_134413_run4
tsfresh,SulphurConcentration,16034.829571099854,19.375491434287028,126.62870753150666,0.008464955342445069,5.025732517242432,20260225_134418_run4
tsfresh,WaveDataTension,210.6063393601111,11.582488244438888,14.512282362196206,0.2572780460171624,12.79624056816101,20260225_134431_run4
tsfresh,WindTurbinePower,505.6685216578449,15.122099287310256,22.487074546455457,0.99935940867989,6.30818247795105,20260225_134437_run4
tsfresh,ZincConcentration,2.5055661490204133,0.8194174389125164,1.582898022306053,0.01850265923154426,5.01159143447876,20260225_134442_run4
tsfresh,MagnesiumConcentration,30849.982295678245,57.26372249359222,175.64163030351958,0.8946867702397475,17.043896436691284,20260225_134459_run5
tsfresh,ManganeseConcentration,7680.741270672489,57.78325206901716,87.63983837657672,0.38941523678108625,4.935482025146484,20260225_134504_run5
tsfresh,MethaneMonitoringHomeActivity,0.2886988689885596,0.33877300893320433,0.537307052799942,0.24164839123459247,22.48460078239441,20260225_134527_run5
tsfresh,MetroInterstateTrafficVolume,308241.93300463044,456.15196159746,555.1954007416042,0.01659751077202065,13.05163311958313,20260225_134540_run5
tsfresh,NaturalGasPricesSentiment,0.002721687428124779,0.04252785436207656,0.05216979421202252,0.6042081141099027,1.106518268585205,20260225_134541_run5
tsfresh,OccupancyDetectionLight,4168.01313591265,26.710400637616644,64.56015130026145,0.876219401629647,4.711013555526733,20260225_134546_run5
tsfresh,ParkingBirmingham_eq,0.009133778211645486,0.05345483984482306,0.09557080208748636,0.8100865228596656,11.421993255615234,20260225_134557_run5
tsfresh,PhosphorusConcentration,76.66281279218535,3.762004195904909,8.755730283202272,0.7544097960560326,17.29727268218994,20260225_134615_run5
tsfresh,PotassiumConcentration,8963.845034514088,38.78092702046353,94.6775846465999,0.881228024780345,16.972771883010864,20260225_134631_run5
tsfresh,PrecipitationAndalusia_nmv,0.09453102354814448,0.18789726439303478,0.30745897864291505,0.7527093647266075,7.201707601547241,20260225_134639_run5
tsfresh,SierraNevadaMountainsSnow,1377.2205142299144,18.42344432837119,37.110921764756995,0.8702238033932999,6.599222183227539,20260225_134645_run5
tsfresh,SodiumConcentration,112862.08800697116,56.968434419892525,335.94953193444275,0.05403787405169436,4.8255228996276855,20260225_134650_run5
tsfresh,SolarRadiationAndalusia_nmv,0.4201054599725514,0.496413585488356,0.6481554288691497,0.3130759583954251,6.037936687469482,20260225_134656_run5
tsfresh,SteamPredictor,238085529.14761552,5514.8198258282355,15430.020387141927,0.25814332769464166,4.746913433074951,20260225_134701_run5
tsfresh,SulphurConcentration,51466.89125012271,28.61189825790964,226.86315533846104,0.017796980130425077,4.969388484954834,20260225_134706_run5
tsfresh,WaveDataTension,196.8653806339406,11.292780662143173,14.030872411719116,0.3363869076525954,12.981472492218018,20260225_134719_run5
tsfresh,WindTurbinePower,382.10454925478837,12.961839273808236,19.547494705327033,0.9994936591122789,6.457038879394531,20260225_134725_run5
tsfresh,ZincConcentration,1.4426872644865951,0.8029343048065746,1.2011191716422627,0.05905273819226342,5.006586790084839,20260225_134730_run5
tsfresh,MagnesiumConcentration,7433.20712986968,38.788123021842836,86.21604914324061,0.962468624899963,17.347331523895264,20260225_134748_run6
tsfresh,ManganeseConcentration,8095.435239823911,57.496111810622004,89.97463664735696,0.3539701126505873,4.9941017627716064,20260225_134753_run6
tsfresh,MethaneMonitoringHomeActivity,0.229740087227177,0.32227374873751086,0.47931209793534,0.262794090442075,22.500884294509888,20260225_134815_run6
tsfresh,MetroInterstateTrafficVolume,296468.09918496746,442.94779849814495,544.48884211246,0.038860235846222335,12.924431085586548,20260225_134828_run6
tsfresh,NaturalGasPricesSentiment,0.003505054168398394,0.04885214015108336,0.05920349794056424,0.6363114529576435,1.0968403816223145,20260225_134829_run6
tsfresh,OccupancyDetectionLight,2677.194547410448,24.641347551878518,51.74161330506083,0.9285694204926214,4.638791084289551,20260225_134834_run6
tsfresh,ParkingBirmingham_eq,0.0077873643689869475,0.05019892820945435,0.08824604449484945,0.846899949114539,11.32596468925476,20260225_134845_run6
tsfresh,PhosphorusConcentration,221.91295530684468,5.003359093533975,14.896743110722044,0.6602919868818102,17.313947677612305,20260225_134903_run6
tsfresh,PotassiumConcentration,19029.716934867232,47.33431428039591,137.9482400571578,0.8004523937451711,17.322104692459106,20260225_134920_run6
tsfresh,PrecipitationAndalusia_nmv,0.10803762841001395,0.21194814946369475,0.32869077932003804,0.6907492287611923,7.1010823249816895,20260225_134927_run6
tsfresh,SierraNevadaMountainsSnow,1286.6987264541856,18.804047348673194,35.870583023616796,0.8808019724241196,6.786654233932495,20260225_134934_run6
tsfresh,SodiumConcentration,111627.31072851089,48.33470944168841,334.1067355329893,0.02408613095494927,4.700824737548828,20260225_134939_run6
tsfresh,SolarRadiationAndalusia_nmv,0.30522907803565,0.4306809228487066,0.5524754094397777,0.4278273445766353,6.146015405654907,20260225_134945_run6
tsfresh,SteamPredictor,175816700.61531642,3727.056384731649,13259.589006274531,-0.3914252526981705,4.701623916625977,20260225_134950_run6
tsfresh,SulphurConcentration,81262.53725815158,30.52532268024864,285.06584723209403,0.0001867553895685825,4.847165584564209,20260225_134955_run6
tsfresh,WaveDataTension,205.08833942523518,11.56132433666095,14.320905677548302,0.3073354195001168,12.882928371429443,20260225_135007_run6
tsfresh,WindTurbinePower,589.2788078433277,14.014588530420788,24.27506555796148,0.9992309419905536,6.188947916030884,20260225_135014_run6
tsfresh,ZincConcentration,2.193714810667057,0.8064511020400761,1.4811194451046334,0.06688943290477845,5.0521650314331055,20260225_135019_run6
tsfresh,MagnesiumConcentration,8195.979643242177,38.939041315862774,90.53164995316376,0.9596188986195578,17.277451753616333,20260225_135036_run7
tsfresh,ManganeseConcentration,5249.750858129785,50.729271551837094,72.45516446830953,0.4467626669765943,4.866261959075928,20260225_135041_run7
tsfresh,MethaneMonitoringHomeActivity,0.2595112619801455,0.3347769762723115,0.5094224788720513,0.25040580378111965,22.625102758407593,20260225_135104_run7
tsfresh,MetroInterstateTrafficVolume,273219.0451710341,441.58753790311073,522.703592077799,0.03268334719157384,12.99990725517273,20260225_135117_run7
tsfresh,NaturalGasPricesSentiment,0.002568224213826959,0.04155384384590638,0.05067765004246901,0.38287622045907344,1.0918147563934326,20260225_135118_run7
tsfresh,OccupancyDetectionLight,3092.697310855224,22.16363144156005,55.612024876417,0.9142285786015538,4.735172986984253,20260225_135122_run7
tsfresh,ParkingBirmingham_eq,0.009162167329943812,0.052121760320980155,0.09571921087192378,0.8197602448926113,11.697087287902832,20260225_135134_run7
tsfresh,PhosphorusConcentration,333.15729577994034,4.9868750111685864,18.25259695988328,0.5619991982245496,17.39390230178833,20260225_135152_run7
tsfresh,PotassiumConcentration,22569.877468378912,44.7235487830842,150.2327443281887,0.7873880076297812,17.003365516662598,20260225_135209_run7
tsfresh,PrecipitationAndalusia_nmv,0.09178495318777104,0.20852634342054716,0.302960316193014,0.7473286024756731,7.173282861709595,20260225_135216_run7
tsfresh,SierraNevadaMountainsSnow,1160.770940756499,17.954903027070813,34.070088652019955,0.879647244846375,6.531212568283081,20260225_135222_run7
tsfresh,SodiumConcentration,885361.1695361643,108.48772820540466,940.936325973317,0.008672985798553245,4.750939846038818,20260225_135227_run7
tsfresh,SolarRadiationAndalusia_nmv,0.29971849661479094,0.4255696033610182,0.5474655209369728,0.3762318294657361,5.984421491622925,20260225_135233_run7
tsfresh,SteamPredictor,1874113865.0777028,14512.94157619749,43291.036775269116,0.035810710323293526,4.886385679244995,20260225_135238_run7
tsfresh,SulphurConcentration,457.2656486533428,9.036422881520854,21.383770683706434,-0.06844813265363525,4.940172910690308,20260225_135243_run7
tsfresh,WaveDataTension,219.38503145222498,11.807811770215583,14.811651881279987,0.3374630401712432,12.53829550743103,20260225_135255_run7
tsfresh,WindTurbinePower,415.81014297887356,11.881932457821376,20.391423270063164,0.9994808969796932,6.322068929672241,20260225_135302_run7
tsfresh,ZincConcentration,1.3312168308674301,0.732833993124837,1.1537837019421926,0.05343696775538531,4.996511936187744,20260225_135307_run7
tsfresh,MagnesiumConcentration,6852.400837567639,40.6388335287097,82.77922950576213,0.9632824681230269,17.143527030944824,20260225_135324_run8
tsfresh,ManganeseConcentration,7145.256947294407,51.332259273031475,84.5296217150793,0.49308327366615545,5.041964530944824,20260225_135329_run8
tsfresh,MethaneMonitoringHomeActivity,0.22072102076671993,0.32495607364350987,0.4698095579771871,0.266725845828084,22.464574098587036,20260225_135352_run8
tsfresh,MetroInterstateTrafficVolume,339487.93392341584,474.9515567030536,582.6559309947988,0.029298841966774236,13.033021926879883,20260225_135405_run8
tsfresh,NaturalGasPricesSentiment,0.0024370404027080307,0.039609391426483356,0.04936638940319649,0.4031738337289027,1.090942621231079,20260225_135406_run8
tsfresh,OccupancyDetectionLight,4127.51128914097,25.482309985681617,64.24571027812651,0.8944857322116033,4.721874713897705,20260225_135410_run8
tsfresh,ParkingBirmingham_eq,0.0069752322649910365,0.05019235461248576,0.0835178559650033,0.8607637606793919,11.375184059143066,20260225_135422_run8
tsfresh,PhosphorusConcentration,170.6017522652676,4.434645500440951,13.061460571669143,0.732696969463912,17.371421813964844,20260225_135439_run8
tsfresh,PotassiumConcentration,13370.25809975619,36.520313064806125,115.62983222229543,0.7835548948327555,17.182270765304565,20260225_135456_run8
tsfresh,PrecipitationAndalusia_nmv,0.06151640694804725,0.1847459332636178,0.24802501274679384,0.7715436105484258,7.100232124328613,20260225_135504_run8
tsfresh,SierraNevadaMountainsSnow,763.9693257208512,13.019605854758321,27.63999503836517,0.9167357480593528,6.567346096038818,20260225_135510_run8
tsfresh,SodiumConcentration,115842.15511090559,65.28435910459424,340.35592416014384,0.0354063977529141,4.628342151641846,20260225_135515_run8
tsfresh,SolarRadiationAndalusia_nmv,0.4597901099585611,0.502306652349608,0.6780782476665662,0.2147944667504943,6.012998104095459,20260225_135521_run8
tsfresh,SteamPredictor,1692193391.1938677,12459.946584288215,41136.27828564305,0.11029551405435711,4.7205517292022705,20260225_135525_run8
tsfresh,SulphurConcentration,9475.163318418892,18.237457656081432,97.34045057641192,0.10467590958944917,4.832281112670898,20260225_135530_run8
tsfresh,WaveDataTension,206.81153168115387,11.66478151260193,14.380943351573077,0.36341687812538925,12.98888349533081,20260225_135543_run8
tsfresh,WindTurbinePower,327.2792094210364,12.481961548433425,18.09085983089351,0.9995519531920098,6.175760269165039,20260225_135550_run8
tsfresh,ZincConcentration,2.1942276015015385,0.8077138333165833,1.4812925441996725,-0.03243451234983352,5.001651287078857,20260225_135555_run8
tsfresh,MagnesiumConcentration,5330.288426211606,36.39357893717129,73.00882430372103,0.9632779689194507,17.462469816207886,20260225_135612_run9
tsfresh,ManganeseConcentration,6250.290134042438,53.161251745680104,79.05877645171621,0.36679152022009176,4.7689995765686035,20260225_135617_run9
tsfresh,MethaneMonitoringHomeActivity,0.2211579005048804,0.3162236482498929,0.4702742822065442,0.36587181092271126,22.601720094680786,20260225_135639_run9
tsfresh,MetroInterstateTrafficVolume,285445.7275549594,455.5542152718321,534.2712116097586,0.0400194781165113,12.992982625961304,20260225_135652_run9
tsfresh,NaturalGasPricesSentiment,0.005647356343487932,0.0601432740360826,0.07514889449278633,0.5642431251102991,1.0728776454925537,20260225_135654_run9
tsfresh,OccupancyDetectionLight,2499.66028491182,20.818457964440363,49.996602733704016,0.9162891130382411,4.680481672286987,20260225_135658_run9
tsfresh,ParkingBirmingham_eq,0.009633953672320101,0.053614349793915536,0.09815270588384256,0.8050081292234571,11.36921215057373,20260225_135710_run9
tsfresh,PhosphorusConcentration,235.19181903382406,4.758843941424688,15.335964887604042,0.6244569085415382,17.328291177749634,20260225_135727_run9
tsfresh,PotassiumConcentration,17940.647063345274,44.03308416055813,133.94270067213546,0.8360222334978044,17.222168684005737,20260225_135744_run9
tsfresh,PrecipitationAndalusia_nmv,0.1025891451079415,0.19447680502581013,0.3202954028829348,0.7174163226006816,7.095767498016357,20260225_135751_run9
tsfresh,SierraNevadaMountainsSnow,1190.4644479426959,15.846868904260981,34.50310780122127,0.8662626255896031,6.7275230884552,20260225_135758_run9
tsfresh,SodiumConcentration,114265.92413377625,56.12376828824237,338.03243059472305,0.016522051653060643,4.760780334472656,20260225_135803_run9
tsfresh,SolarRadiationAndalusia_nmv,0.3720798050250261,0.4665090503655307,0.6099834465172199,0.24952315642545575,6.032817602157593,20260225_135809_run9
tsfresh,SteamPredictor,776692267.09216,8366.487364542698,27869.199254592157,0.22563433372512742,4.749684810638428,20260225_135814_run9
tsfresh,SulphurConcentration,51655.39514277399,28.961683677913015,227.27823288378056,0.02401735016069273,5.050081491470337,20260225_135819_run9
tsfresh,WaveDataTension,230.36469006807846,12.072086681515632,15.177769601231878,0.30749313562926894,13.024409294128418,20260225_135832_run9
tsfresh,WindTurbinePower,495.72092659375335,13.919471493467318,22.26479118684371,0.9993464140835647,6.363153457641602,20260225_135838_run9
tsfresh,ZincConcentration,0.9203626483667479,0.7215031867471664,0.959355329566031,-0.004159221083371856,4.896475553512573,20260225_135843_run9
tsfresh,MagnesiumConcentration,6964.556275933697,40.12302230025264,83.45391707962962,0.9638857684024105,17.187319040298462,20260225_135900_run10
tsfresh,ManganeseConcentration,4831.251513561325,48.559184609952176,69.50720476009178,0.49723802709805165,4.718127965927124,20260225_135905_run10
tsfresh,MethaneMonitoringHomeActivity,0.29892559743933134,0.34520570921945576,0.5467408869284712,0.1809089040042674,22.358022928237915,20260225_135927_run10
tsfresh,MetroInterstateTrafficVolume,340387.3488584714,468.7998726901398,583.4272438431988,0.023293878408550683,12.935913324356079,20260225_135940_run10
tsfresh,NaturalGasPricesSentiment,0.002255969149777794,0.03657405184499629,0.04749704358986772,0.7095536896099006,1.1042113304138184,20260225_135941_run10
tsfresh,OccupancyDetectionLight,946.6421370986818,13.61755827250097,30.767550066566592,0.9699712996518125,4.7169036865234375,20260225_135946_run10
tsfresh,ParkingBirmingham_eq,0.008411647953092061,0.05280770821363918,0.09171503667933661,0.8451266451410604,11.536072254180908,20260225_135958_run10
tsfresh,PhosphorusConcentration,810.0575378215059,6.653065232308529,28.461509760051484,0.3888874609837941,17.39369511604309,20260225_140015_run10
tsfresh,PotassiumConcentration,22499.86001513638,42.762935967677734,149.99953338306216,0.6828113084268868,17.390331745147705,20260225_140033_run10
tsfresh,PrecipitationAndalusia_nmv,0.06316097448667847,0.1796568719468286,0.25131847223528647,0.7963304994072853,6.975764513015747,20260225_140040_run10
tsfresh,SierraNevadaMountainsSnow,1234.3135500893663,16.78125935889892,35.13279877962139,0.8967496732648801,6.625485420227051,20260225_140046_run10
tsfresh,SodiumConcentration,30521.935173376307,47.625623090983744,174.70528089721932,0.16902035197112364,4.82613468170166,20260225_140051_run10
tsfresh,SolarRadiationAndalusia_nmv,0.39598637647315166,0.47807336232216313,0.6292744842063371,0.3713691678486646,5.9257073402404785,20260225_140057_run10
tsfresh,SteamPredictor,1375463874.4639072,10163.6475744331,37087.246790020785,0.06876582566241973,4.823294639587402,20260225_140102_run10
tsfresh,SulphurConcentration,19518.741683430766,24.897600792070957,139.70949031268694,0.09201670484507707,4.819369077682495,20260225_140107_run10
tsfresh,WaveDataTension,213.91642387499934,11.788441432750169,14.625881986225629,0.304301841821882,13.247321605682373,20260225_140120_run10
tsfresh,WindTurbinePower,482.07088544159944,12.887842661027616,21.95611271244524,0.9993631526134529,6.251473426818848,20260225_140126_run10
tsfresh,ZincConcentration,2.295959396066416,0.8297265985149364,1.5152423555545218,0.07376664171133152,5.1351213455200195,20260225_140131_run10
tsfresh,MagnesiumConcentration,27531.49300842729,51.52401946774013,165.92616734086064,0.8807995028526383,17.28073239326477,20260225_140149_run11
tsfresh,ManganeseConcentration,4686.075566158297,50.31710326812578,68.45491630378564,0.3661009006709075,4.845365047454834,20260225_140153_run11
tsfresh,MethaneMonitoringHomeActivity,0.25205415647963453,0.33407821331940935,0.5020499541675455,0.2840497482850223,22.714643716812134,20260225_140216_run11
tsfresh,MetroInterstateTrafficVolume,301800.5116625593,458.1552226027396,549.363733479522,0.01910983158332369,12.881595611572266,20260225_140229_run11
tsfresh,NaturalGasPricesSentiment,0.0038939845071243808,0.052717872215928004,0.06240179890936143,0.05008503098130268,1.0783164501190186,20260225_140230_run11
tsfresh,OccupancyDetectionLight,1887.667840615626,19.22055454263798,43.44729957794415,0.953071521037425,4.6477015018463135,20260225_140235_run11
tsfresh,ParkingBirmingham_eq,0.007675415990241106,0.04874138457841798,0.08760945148921494,0.843435117219576,10.796252250671387,20260225_140246_run11
tsfresh,PhosphorusConcentration,181.692340280905,4.4819555919491805,13.479330112468682,0.7093056090033617,17.249305963516235,20260225_140303_run11
tsfresh,PotassiumConcentration,14165.631497588665,35.45499855010712,119.01945848300885,0.852617321636922,17.227137327194214,20260225_140320_run11
tsfresh,PrecipitationAndalusia_nmv,0.13624518663987614,0.22743352665866057,0.3691140564105845,0.6595361572670134,7.18464469909668,20260225_140327_run11
tsfresh,SierraNevadaMountainsSnow,1777.0315391910685,20.213592243637148,42.1548519056949,0.8534418960712165,6.5235090255737305,20260225_140334_run11
tsfresh,SodiumConcentration,111537.09012694187,54.01826594326665,333.9716906070661,0.04090880416258258,4.704046010971069,20260225_140339_run11
tsfresh,SolarRadiationAndalusia_nmv,0.4456092290652231,0.5015856298256198,0.6675396835134396,0.35332821997504227,6.024445533752441,20260225_140345_run11
tsfresh,SteamPredictor,393816428.22684807,7141.462599355247,19844.808596377243,0.33613557292104546,4.8652663230896,20260225_140349_run11
tsfresh,SulphurConcentration,9652.734110654492,21.233558564051286,98.2483287931886,0.14130192155667431,4.786761283874512,20260225_140354_run11
tsfresh,WaveDataTension,221.0414884682315,11.987671955099842,14.867464090026635,0.3093588895604805,12.7422513961792,20260225_140407_run11
tsfresh,WindTurbinePower,409.7068721916147,13.110895614161969,20.24121716181156,0.9995040547487657,6.234725713729858,20260225_140413_run11
tsfresh,ZincConcentration,1.4232389695393388,0.7805659467502415,1.1929957961113438,0.052861753031219205,4.8183722496032715,20260225_140418_run11
tsfresh,MagnesiumConcentration,8466.600413260583,41.08898090765117,92.01413159542714,0.9627312625460739,17.269670963287354,20260225_140435_run12
tsfresh,ManganeseConcentration,6343.780969622302,53.68039000397143,79.64785602652655,0.46436859870469493,4.979029178619385,20260225_140440_run12
tsfresh,MethaneMonitoringHomeActivity,0.2677501916996237,0.33360468850065234,0.5174458345562594,0.2763691950873356,22.60554528236389,20260225_140503_run12
tsfresh,MetroInterstateTrafficVolume,326067.99075235735,471.4455000089183,571.0236341451704,0.02253804828087269,12.985521793365479,20260225_140516_run12
tsfresh,NaturalGasPricesSentiment,0.002698167204624207,0.040688985828864765,0.05194388515142285,0.5273959290185346,1.084826946258545,20260225_140517_run12
tsfresh,OccupancyDetectionLight,2662.868796425407,23.001899236978222,51.60299212667233,0.9362181765700744,4.644040822982788,20260225_140522_run12
tsfresh,ParkingBirmingham_eq,0.010062493640747346,0.05425128802715659,0.10031198154132609,0.805057060285399,11.320403337478638,20260225_140533_run12
tsfresh,PhosphorusConcentration,272.79729951067657,4.665772597135261,16.51657650697252,0.6286485627914484,17.41413903236389,20260225_140551_run12
tsfresh,PotassiumConcentration,33093.32181038832,50.5084848163103,181.91569973586203,0.6542415306492779,17.197641849517822,20260225_140608_run12
tsfresh,PrecipitationAndalusia_nmv,0.09654310372817997,0.19455276565010463,0.3107138614999015,0.710679050287166,7.07684588432312,20260225_140615_run12
tsfresh,SierraNevadaMountainsSnow,836.5946333668475,16.079449359804194,28.923945674247964,0.9273764678100495,6.557790517807007,20260225_140621_run12
tsfresh,SodiumConcentration,119036.18633671789,58.715467762231036,345.0162117013024,0.08149358679498786,4.964475631713867,20260225_140626_run12
tsfresh,SolarRadiationAndalusia_nmv,0.4268849988398387,0.49658360694172693,0.6533643691232625,0.34690547384959325,6.076828956604004,20260225_140632_run12
tsfresh,SteamPredictor,488124399.9699857,6317.088499111739,22093.537515979322,0.19610652692617314,4.717284917831421,20260225_140637_run12
tsfresh,SulphurConcentration,55364.54428997236,32.10083593068946,235.2967154253802,0.025418300388980963,5.034383296966553,20260225_140642_run12
tsfresh,WaveDataTension,217.15381389981735,11.62765588084009,14.73613972177983,0.29843754426998004,12.746809005737305,20260225_140655_run12
tsfresh,WindTurbinePower,431.7764264783498,14.33349715996178,20.779230651743337,0.9993738873503731,6.351358652114868,20260225_140701_run12
tsfresh,ZincConcentration,3.9356168227581025,0.9526340851349355,1.9838389104859553,0.019527172846475205,4.978535890579224,20260225_140706_run12
tsfresh,MagnesiumConcentration,8713.611382326815,41.02036298544845,93.34672668244353,0.9526329524425562,17.01780390739441,20260225_140723_run13
tsfresh,ManganeseConcentration,7090.472260182994,53.84453003676041,84.20494201757397,0.5037924673848229,4.8073248863220215,20260225_140728_run13
tsfresh,MethaneMonitoringHomeActivity,0.2584467712859425,0.3394960598554492,0.5083766037948073,0.2604675135404445,22.67575430870056,20260225_140751_run13
tsfresh,MetroInterstateTrafficVolume,310156.82602735364,474.7849653966895,556.917252405915,0.01935264967760375,12.815098524093628,20260225_140804_run13
tsfresh,NaturalGasPricesSentiment,0.00404577888662176,0.04903103142649263,0.06360643746211353,0.48660059422105184,1.0769050121307373,20260225_140805_run13
tsfresh,OccupancyDetectionLight,6279.931481734261,29.4170282375053,79.24601871219943,0.8519589929307827,4.685720682144165,20260225_140810_run13
tsfresh,ParkingBirmingham_eq,0.010989748532997843,0.054922743688805155,0.10483200147377633,0.7807945487173957,11.304819822311401,20260225_140821_run13
tsfresh,PhosphorusConcentration,165.98056034668505,4.917250126036185,12.883344299780436,0.7089438952628424,17.20405387878418,20260225_140838_run13
tsfresh,PotassiumConcentration,30339.168294742012,42.42450935270541,174.18142350647503,0.5640397293842583,17.13586449623108,20260225_140855_run13
tsfresh,PrecipitationAndalusia_nmv,0.14951271728442075,0.24277322304212942,0.38666874360933384,0.6694476671703109,7.23282527923584,20260225_140902_run13
tsfresh,SierraNevadaMountainsSnow,1193.3811717872065,18.65363454474062,34.545349495803436,0.9061894849362845,6.613091468811035,20260225_140909_run13
tsfresh,SodiumConcentration,8818.393240560314,33.43882819534051,93.90630032410132,0.38995440801212,4.857537031173706,20260225_140914_run13
tsfresh,SolarRadiationAndalusia_nmv,0.3278937485426655,0.45099870340362036,0.5726200734716392,0.41927279567236486,6.252152442932129,20260225_140920_run13
tsfresh,SteamPredictor,1336730115.2904782,12024.163780694624,36561.319933646795,0.12143299477406677,4.862782716751099,20260225_140925_run13
tsfresh,SulphurConcentration,89930.76549537246,37.50066497013831,299.8845869586706,0.0095559673328236,4.926722764968872,20260225_140930_run13
tsfresh,WaveDataTension,222.64136635160398,11.813218141851323,14.921171748612908,0.33717396848579717,13.085742473602295,20260225_140943_run13
tsfresh,WindTurbinePower,457.3615307806551,14.114989107359175,21.38601250305103,0.9994279758898993,6.3703789710998535,20260225_140950_run13
tsfresh,ZincConcentration,1.2713328551851952,0.8227809395825052,1.127533970745536,0.034868566109978794,4.8824849128723145,20260225_140954_run13
tsfresh,BeijingPM10Quality_nmv,8702.111100098487,50.32874749919692,93.28510652884783,0.5237851936915723,112.92602062225342,20260225_145204_run1
tsfresh,BeijingPM25Quality_nmv,3645.775622464475,33.186634708697746,60.38025854916882,0.7125072407041358,116.56992864608765,20260225_145409_run1
tsfresh,BeijingPM10Quality_nmv,2708.6239354148997,31.271066587436028,52.044441926250876,0.8304847396607237,117.66098952293396,20260225_145608_run2
tsfresh,BeijingPM25Quality_nmv,1084.9022926173438,18.63199718467029,32.937855009355786,0.9001715095888619,116.66100025177002,20260225_145806_run2
tsfresh,BeijingPM10Quality_nmv,2956.5106401417156,31.76394313594619,54.37380472379798,0.826715479403944,117.0936689376831,20260225_150004_run3
tsfresh,BeijingPM25Quality_nmv,1195.413330781887,18.575965618860515,34.5747499019427,0.9007238024479866,116.560861825943,20260225_150202_run3
tsfresh,BeijingPM10Quality_nmv,2880.5656715209525,31.445909360622643,53.67090153445303,0.8211223727295818,117.88272213935852,20260225_150401_run4
tsfresh,BeijingPM25Quality_nmv,976.8795413017283,18.073143911172775,31.255072249184263,0.9149466654141525,117.25960111618042,20260225_150559_run4
tsfresh,BeijingPM10Quality_nmv,2815.766131096531,31.905276308724694,53.063793033447304,0.8268537835831453,116.72832679748535,20260225_150757_run5
tsfresh,BeijingPM25Quality_nmv,1045.6481045196497,18.129511631234134,32.336482562573956,0.9056928694629897,116.5039324760437,20260225_150955_run5
tsfresh,BeijingPM10Quality_nmv,2672.5759443543357,31.326187046469673,51.69696262213415,0.826157833042515,116.61443424224854,20260225_151153_run6
tsfresh,BeijingPM25Quality_nmv,964.8827407395188,18.33928733049595,31.062561722103972,0.9088650941069566,116.50244164466858,20260225_151350_run6
tsfresh,BeijingPM10Quality_nmv,2678.3677417449276,31.148764920536955,51.752949111571674,0.8336544717837602,116.52398133277893,20260225_151548_run7
tsfresh,BeijingPM25Quality_nmv,970.4522557946706,18.45870842589818,31.152082687914632,0.9124112687132645,117.34900403022766,20260225_151746_run7
tsfresh,BeijingPM10Quality_nmv,3124.1050731954174,32.20449672871271,55.89369439565985,0.8164745054555538,116.20191407203674,20260225_151944_run8
tsfresh,BeijingPM25Quality_nmv,1049.1162936626247,18.404490824886814,32.39006473693167,0.912433328038659,117.15007305145264,20260225_152142_run8
tsfresh,BeijingPM10Quality_nmv,2883.289317146851,31.41031543245029,53.69626911757325,0.828545271009573,116.68218898773193,20260225_152340_run9
tsfresh,BeijingPM25Quality_nmv,1041.3978768281875,18.197170081720486,32.27069687546563,0.911746371932246,115.71645045280457,20260225_152537_run9
tsfresh,BeijingPM10Quality_nmv,2720.014254163365,31.343131213785163,52.153755896995236,0.8287561136767845,115.75065159797668,20260225_152734_run10
tsfresh,BeijingPM25Quality_nmv,845.9705645761939,17.709103714305133,29.085573134738016,0.9229542129733348,116.89101886749268,20260225_152932_run10
tsfresh,BeijingPM10Quality_nmv,2867.5088080462992,32.26196068572545,53.54912518469652,0.8218300842102094,117.94104981422424,20260225_153131_run11
tsfresh,BeijingPM25Quality_nmv,1036.8512391772404,18.49173485427953,32.200174520912775,0.9086020926320605,118.5246217250824,20260225_153331_run11
tsfresh,BeijingPM10Quality_nmv,3058.3913907718706,31.969968113959684,55.302724985048165,0.8186713355610674,117.91742897033691,20260225_153530_run12
tsfresh,BeijingPM25Quality_nmv,1182.944175571012,19.17101152324828,34.39395550923174,0.8967105014465829,117.83406352996826,20260225_153729_run12
tsfresh,BeijingPM10Quality_nmv,2958.7776840632278,32.15610726756264,54.39464756814983,0.8237656972431819,116.42594599723816,20260225_153926_run13
tsfresh,BeijingPM25Quality_nmv,1188.3949119893934,18.976243940510575,34.473104182672515,0.8910890825684392,116.19493508338928,20260225_154124_run13
tsfresh,BeijingPM10Quality_nmv,2960.344550236949,32.31008923427805,54.40904842245405,0.8118479036424651,115.24668717384338,20260225_154320_run14
tsfresh,BeijingPM25Quality_nmv,1196.972236118334,18.82166629615941,34.5972865427093,0.8929105851448973,118.12681102752686,20260225_154519_run14
tsfresh,BeijingPM10Quality_nmv,2903.154750578442,31.15107595595618,53.88093123340058,0.8207691256124025,118.8569028377533,20260225_154719_run15
tsfresh,BeijingPM25Quality_nmv,1053.0282460833046,18.794056994601398,32.45039670147816,0.9038282304173517,118.39719676971436,20260225_154919_run15
tsfresh,BeijingPM10Quality_nmv,3316.569792463674,32.22340719159545,57.5896674106013,0.7998567072928755,118.58884501457214,20260225_155119_run16
tsfresh,BeijingPM25Quality_nmv,962.4190342480656,18.72741801183311,31.02287920629008,0.916621161563432,116.447181224823,20260225_155316_run16
tsfresh,BeijingPM10Quality_nmv,2713.67311442103,31.284078303985474,52.09292768141401,0.8321604248689822,117.0492935180664,20260225_155515_run17
tsfresh,BeijingPM25Quality_nmv,982.8485473910173,18.451534205382295,31.350415426131395,0.9154166292148398,119.73934745788574,20260225_155715_run17
tsfresh,BeijingPM10Quality_nmv,2725.5791713369267,31.634432205269714,52.207079705121664,0.8373222876596865,118.34352016448975,20260225_155915_run18
tsfresh,BeijingPM25Quality_nmv,1191.2489005787431,19.134108636231883,34.51447378388874,0.8983932054760472,116.99491858482361,20260225_160113_run18
tsfresh,BeijingPM10Quality_nmv,2842.3103571373504,32.12041228252055,53.313322510769765,0.8220008650996666,118.91731882095337,20260225_160313_run19
tsfresh,BeijingPM25Quality_nmv,1095.2505293578226,18.54172693553326,33.09456948440065,0.9030092528367772,119.31108665466309,20260225_160514_run19
tsfresh,BeijingPM10Quality_nmv,2587.4720102189353,31.34780736286931,50.86719974815731,0.839646627786025,118.04885840415955,20260225_160713_run20
tsfresh,BeijingPM25Quality_nmv,1048.6654185593375,18.36207075629106,32.38310390557609,0.9068686031772698,118.49872779846191,20260225_160913_run20
tsfresh,BeijingPM10Quality_nmv,2762.183781301827,31.779166530089217,52.556481820055524,0.8322440274881089,119.02852201461792,20260225_161113_run21
tsfresh,BeijingPM25Quality_nmv,1146.5530078263894,18.72041605996254,33.86078864743687,0.9021585935525078,117.34412169456482,20260225_161311_run21
tsfresh,BeijingPM10Quality_nmv,2861.4518098192843,31.402451437513346,53.49253975854282,0.8286952474549513,117.5831048488617,20260225_161510_run22
tsfresh,BeijingPM25Quality_nmv,1012.7565216339237,18.909323413549625,31.823835746715446,0.9143037765350848,118.73979043960571,20260225_161710_run22
tsfresh,BeijingPM10Quality_nmv,3105.0169139502564,32.34056187786882,55.72267863222528,0.8189519058192563,117.66278576850891,20260225_161909_run23
tsfresh,BeijingPM25Quality_nmv,1119.764040555539,18.912972187580284,33.46287555718335,0.9016973040461358,118.58055448532104,20260225_162109_run23
tsfresh,BeijingPM10Quality_nmv,3074.021956631677,32.20546500724394,55.44386311064262,0.807113632759331,120.09106540679932,20260225_162310_run24
tsfresh,BeijingPM25Quality_nmv,1167.7264884869828,18.824225209178714,34.172013234326464,0.8963729097600768,116.38511943817139,20260225_162507_run24
tsfresh,BeijingPM10Quality_nmv,3003.6348284003716,31.944897963619084,54.805426997701346,0.8223911346127659,115.78052854537964,20260225_162704_run25
tsfresh,BeijingPM25Quality_nmv,1015.7263468007386,18.517240297284253,31.87046197971938,0.9114187335191323,114.66884016990662,20260225_162900_run25
tsfresh,BeijingPM10Quality_nmv,3012.7901301118227,32.23165636568931,54.88888894951165,0.8168950189002786,114.73935317993164,20260225_163056_run26
tsfresh,BeijingPM25Quality_nmv,1025.0307149226749,18.31909862781289,32.016100870072776,0.9096363878202516,115.26162576675415,20260225_163252_run26
tsfresh,BeijingPM10Quality_nmv,2684.18882266132,31.21877404770647,51.809157710402125,0.8350955950275156,115.03903937339783,20260225_163449_run27
tsfresh,BeijingPM25Quality_nmv,1102.0818018944947,18.44427979018911,33.19761741291828,0.900219932060338,117.81181907653809,20260225_163648_run27
tsfresh,BeijingPM10Quality_nmv,3191.567080439455,31.612047131276928,56.49395614080726,0.805949701726571,121.40488910675049,20260225_163850_run28
tsfresh,BeijingPM25Quality_nmv,1087.0704005532034,18.194914573421567,32.970750682282066,0.8995040204400298,117.47445726394653,20260225_164049_run28
tsfresh,BeijingPM10Quality_nmv,2917.826174107135,32.58060810690636,54.01690637297859,0.8265003732721363,127.28397512435913,20260225_164257_run29
tsfresh,BeijingPM25Quality_nmv,1081.8988889536206,18.642898813518215,32.89223143773649,0.9040841735871373,119.00510859489441,20260225_164457_run29
tsfresh,BeijingPM10Quality_nmv,2850.133935028053,31.975885753510685,53.38664566188864,0.8280041694064453,117.05753803253174,20260225_164656_run30
tsfresh,BeijingPM25Quality_nmv,885.7231091390312,18.372829890742352,29.76110060362404,0.9251589385388972,117.26423335075378,20260225_164854_run30