model,dataset,mse,mae,rmse,r2,time,run
tsfresh,Covid3Month,0.0018284060216162605,0.03307855324743434,0.04275986461176252,0.08180357784665371,1.0186104774475098,20260221_154918_run1
tsfresh,FloodModeling1,5.651095471677046e-05,0.004595810219793037,0.007517376850788476,0.8409281233346046,0.435549259185791,20260221_154919_run1
tsfresh,FloodModeling2,0.00012662900630107716,0.0019401835197239872,0.011252955447395904,0.6303633910007705,0.4396064281463623,20260221_154921_run1
tsfresh,FloodModeling3,6.96274437140696e-05,0.00522015195566675,0.008344306065459823,0.8644645782908131,0.43010711669921875,20260221_154922_run1
tsfresh,IEEEPPG,990.2416027618368,25.369128979602493,31.468104530807647,-0.024876776654003674,3.095690965652466,20260221_154945_run1
tsfresh,HouseholdPowerConsumption2_nmv,1336.2173559029914,25.98647460038877,36.554306940536996,0.5246998792811257,1.3444406986236572,20260221_154957_run1
tsfresh,HouseholdPowerConsumption1_nmv,21399.341429719545,24.2537229299295,146.28513741908145,0.9197530990838717,1.3133339881896973,20260221_155010_run1
tsfresh,AppliancesEnergy,3.989384788967785,1.5942112232389904,1.9973444342345625,0.6625535158587554,0.9976727962493896,20260221_155014_run1
tsfresh,BenzeneConcentration_nmv,66.25057489696796,6.693165794639474,8.13944561361325,-0.03137288230200963,13.345593214035034,20260221_155107_run1
tsfresh,LiveFuelMoistureContent,1912.020174503034,31.98165392803672,43.726652907614984,-0.13035332019103607,7.540149450302124,20260221_155139_run1
tsfresh,BIDMC32RR,19.184589225526334,2.9626024650030516,4.3800216010342155,-0.5828247243213629,5.273285627365112,20260221_155238_run1
tsfresh,BIDMC32SpO2,20.20860172365196,3.1629793620887705,4.49539783819541,0.08044771026563569,5.335168838500977,20260221_155338_run1
tsfresh,BIDMC32HR,421.84300587444585,17.5429119954461,20.538817051486824,-1.133618878464131,5.320307493209839,20260221_155439_run1
tsfresh,AcousticContaminationMadrid_nmv,9.246381698010177,2.1051383548312725,3.0407863617837703,0.772789543155454,0.3894689083099365,20260221_155440_run1
tsfresh,AluminiumConcentration,118805.52855859626,242.27678807302001,344.68177868665504,0.4688384596575287,0.43567824363708496,20260221_155443_run1
tsfresh,BarCrawl6min,0.0015103241718597473,0.02976143511886425,0.03886288939154869,0.5114073894452269,0.43908214569091797,20260221_155444_run1
tsfresh,BeijingIntAirportPM25Quality,2301.5709917896506,34.10482062929767,47.97469115887721,0.5931480829757504,1.8740363121032715,20260221_155450_run1
tsfresh,BinanceCoinSentiment,0.12008949209707055,0.26732407936566993,0.3465393081557568,0.0814931390836714,0.4109475612640381,20260221_155451_run1
tsfresh,BitcoinSentiment,0.04786466171176515,0.14820175592517854,0.21877993900667664,0.3545737109397704,0.4040493965148926,20260221_155452_run1
tsfresh,BoronConcentration,0.8602616521047177,0.38162915312540024,0.9275029121812598,-0.02713691441480437,0.4167520999908447,20260221_155455_run1
tsfresh,CalciumConcentration,11671690.476529596,1550.1022349655393,3416.385586629471,0.049202113686136584,0.41669154167175293,20260221_155458_run1
tsfresh,CardanoSentiment,0.08984931236822387,0.2224795961957989,0.29974874873504287,-0.21162548044985252,0.40482020378112793,20260221_155459_run1
tsfresh,ChilledWaterPredictor,199843.41233255935,256.5112725703555,447.03849088479996,0.22745190678140514,0.6061050891876221,20260221_155502_run1
tsfresh,CopperConcentration,3.6800317720042117,1.010316095768333,1.9183408904582657,0.24337466531916785,0.41814661026000977,20260221_155505_run1
tsfresh,Covid19Andalusia,0.00030469800175685096,0.010566165563922819,0.0174556008706905,0.6788516482161319,0.3906674385070801,20260221_155506_run1
tsfresh,DailyOilGasPrices,1.249266333853837,0.7287561094174441,1.1177058351166629,0.6140427462136628,0.4004356861114502,20260221_155508_run1
tsfresh,DhakaHourlyAirQuality,0.29946507472964307,0.34297892129747604,0.5472340219043796,0.9999267740544275,0.8511900901794434,20260221_155510_run1
tsfresh,ElectricityPredictor,177896.47613207094,178.94521259094154,421.7777568009851,0.3264077853399284,0.833233118057251,20260221_155513_run1
tsfresh,EthereumSentiment,0.05005573792100207,0.1711220189437688,0.22373139681547172,0.3044797207144234,0.4209861755371094,20260221_155515_run1
tsfresh,GasSensorArrayAcetone,0.05013340160804276,0.13719417402266637,0.22390489411364542,0.4383004804513433,0.40192246437072754,20260221_155519_run1
tsfresh,GasSensorArrayEthanol,0.05780955980423137,0.1503548776113582,0.24043618655317125,0.4885864647479937,0.39556002616882324,20260221_155524_run1
tsfresh,HotwaterPredictor,967687.892883153,592.7653113963075,983.7112853287559,0.4442110673174936,0.5043463706970215,20260221_155526_run1
tsfresh,IronConcentration,6314.568045214336,51.53212777593861,79.46425640005911,0.0835269965669253,0.4063727855682373,20260221_155529_run1
tsfresh,LPGasMonitoringHomeActivity,1.5035430555072502,0.8609659831484968,1.2261904646127575,0.12753894857366554,1.168708324432373,20260221_155532_run1
tsfresh,MadridPM10Quality_nmv,80.35186019660121,6.791767919846958,8.963919912437929,0.5301085683424852,6.088275909423828,20260221_155551_run1
tsfresh,MagnesiumConcentration,65394.13064655244,134.44090419074774,255.72276129932675,0.6683207052655289,0.9271509647369385,20260221_155602_run1
tsfresh,ManganeseConcentration,10529.532140510511,76.13458619142617,102.61350856739337,0.06445479946792299,0.4180300235748291,20260221_155604_run1
tsfresh,MethaneMonitoringHomeActivity,0.2623593246768087,0.3298978106650505,0.5122102348419141,0.21124320346771897,1.1837615966796875,20260221_155608_run1
tsfresh,MetroInterstateTrafficVolume,281778.4251125705,446.5791800442351,530.8280560714275,0.027493474960584408,0.9845497608184814,20260221_155612_run1
tsfresh,NaturalGasPricesSentiment,0.002067747936977321,0.039000679213572274,0.04547249648938709,0.7456860030464935,0.40674591064453125,20260221_155613_run1
tsfresh,OccupancyDetectionLight,5976.333165744558,39.05055245528448,77.30674722004903,0.8510770527802395,0.45139026641845703,20260221_155615_run1
tsfresh,ParkingBirmingham_eq,0.011716804079990704,0.06213117560404894,0.10824418728038335,0.7852787697093083,0.8498618602752686,20260221_155617_run1
tsfresh,PhosphorusConcentration,557.7412791815063,8.271554104296365,23.616546724309767,0.17158842520323647,0.9360613822937012,20260221_155628_run1
tsfresh,PotassiumConcentration,40320.08338682985,86.56336702471677,200.7986140062472,0.3379880132601143,0.9509086608886719,20260221_155639_run1
tsfresh,PrecipitationAndalusia_nmv,0.259443732889921,0.3340703060178893,0.5093561945141347,0.41045876364431955,0.7310657501220703,20260221_155642_run1
tsfresh,SierraNevadaMountainsSnow,599.8026722465005,13.543362463476088,24.49086916069947,0.926505133584851,0.544152021408081,20260221_155644_run1
tsfresh,SodiumConcentration,3179.735134908127,34.10549068877007,56.38914022139482,-0.5615767718443085,0.42739391326904297,20260221_155647_run1
tsfresh,SolarRadiationAndalusia_nmv,0.49873266398679733,0.547281864254937,0.7062100707203186,0.18186495581042172,0.5255796909332275,20260221_155649_run1
tsfresh,SteamPredictor,828537959.7979327,8191.629785512476,28784.335319717437,0.16752987137722342,0.48561787605285645,20260221_155651_run1
tsfresh,SulphurConcentration,94335.37334044243,41.1959713434549,307.140640978107,-0.005129769200026946,0.5370290279388428,20260221_155655_run1
tsfresh,WaveDataTension,345.1549215509016,14.881575913793197,18.57834550090243,0.00963478353857905,0.7946774959564209,20260221_155657_run1
tsfresh,WindTurbinePower,7862.8275224384015,62.891454234030135,88.67258608182351,0.9904457754357666,0.48248910903930664,20260221_155659_run1
tsfresh,ZincConcentration,4.316360147173266,0.8967736524551951,2.077585172062331,0.020966589864994667,0.4201068878173828,20260221_155702_run1
tsfresh,ElectricMotorTemperature,14.493046370483013,2.2224684232672094,3.8069733871519267,0.9605341657705284,66.9066698551178,20260221_155910_run1
tsfresh,BeijingPM10Quality_nmv,9472.649860346532,54.64694023396814,97.32753906447307,0.48161818820936175,61.633570432662964,20260221_160115_run1
tsfresh,BeijingPM25Quality_nmv,4160.192641810853,37.358184948587194,64.49955536134225,0.6719421638493313,61.75563192367554,20260221_160319_run1
tsfresh,DailyTemperatureLatitude,67.86242883749468,3.765161405793848,8.237865551069323,0.8476937561058246,40.56930160522461,20260221_160428_run1
tsfresh,Covid3Month,0.0015269159722583593,0.03203982644523036,0.03907577219017379,0.04013334554310943,0.3929870128631592,20260221_160430_run2
tsfresh,FloodModeling1,0.00014688241532718696,0.005685827598713417,0.012119505572719827,0.7596057552319935,0.4348752498626709,20260221_160431_run2
tsfresh,FloodModeling2,8.327061594512918e-05,0.001616586772956649,0.00912527347234751,0.6448819894536341,0.41820788383483887,20260221_160433_run2
tsfresh,FloodModeling3,8.827049478111627e-05,0.0049711495158465,0.009395237877835572,0.8005712111080677,0.42767333984375,20260221_160435_run2
tsfresh,IEEEPPG,32.63197987964635,2.7367899880553077,5.712440798787008,0.9617565458210844,3.0929834842681885,20260221_160458_run2
tsfresh,HouseholdPowerConsumption2_nmv,897.4918954121852,21.665892904520728,29.958169093123583,0.6240458684010075,1.3603038787841797,20260221_160512_run2
tsfresh,HouseholdPowerConsumption1_nmv,2302.5383343219955,12.389603445158755,47.98477190028098,0.9938321547130272,1.3470661640167236,20260221_160526_run2
tsfresh,AppliancesEnergy,9.213326862393519,2.258082589649019,3.035346250824363,0.5601103304933146,1.0165092945098877,20260221_160529_run2
tsfresh,BenzeneConcentration_nmv,33.57692099462126,4.081790087389339,5.794559603164097,0.3950106725631334,13.591181993484497,20260221_160623_run2
tsfresh,LiveFuelMoistureContent,1601.57878964555,29.744620530488476,40.01973000465583,0.05771457950079628,7.540087461471558,20260221_160655_run2
tsfresh,BIDMC32RR,0.2380025167456928,0.22798971500705442,0.48785501611205434,0.9744973258296279,5.29937744140625,20260221_160756_run2
tsfresh,BIDMC32SpO2,0.026889497531066692,0.07952381002980298,0.16398017420123293,0.9974331312355377,5.3915112018585205,20260221_160855_run2
tsfresh,BIDMC32HR,0.6270875097997659,0.31881389360386475,0.7918885715804755,0.9961687152370113,5.345037460327148,20260221_160956_run2
tsfresh,AcousticContaminationMadrid_nmv,18.943932733961876,2.4836398866441507,4.35246283544867,0.5187108735923812,0.3830678462982178,20260221_160958_run2
tsfresh,AluminiumConcentration,131083.42721428236,262.29469316948786,362.05445338275064,0.4328042167998811,0.4156918525695801,20260221_161000_run2
tsfresh,BarCrawl6min,0.001871586414857132,0.03165199146292515,0.043261835546554564,0.3678086100247525,0.4122929573059082,20260221_161002_run2
tsfresh,BeijingIntAirportPM25Quality,2285.982123381858,34.53232530887518,47.81194540469837,0.5500309343531302,1.8495848178863525,20260221_161007_run2
tsfresh,BinanceCoinSentiment,0.09872925639869298,0.23916963386611093,0.3142121200696959,0.0900346798779037,0.4201796054840088,20260221_161009_run2
tsfresh,BitcoinSentiment,0.02555376153747517,0.11572698561716081,0.1598554394991774,0.5130887656262244,0.4209907054901123,20260221_161010_run2
tsfresh,BoronConcentration,17.110248489988866,0.6940113723642332,4.136453612696372,0.03968122362928339,0.41786623001098633,20260221_161012_run2
tsfresh,CalciumConcentration,8089319.933784276,1407.597558312541,2844.1729788787948,0.05323457961690525,0.42220401763916016,20260221_161016_run2
tsfresh,CardanoSentiment,0.06559258874403313,0.18173802417480583,0.2561105010420954,-0.012327076256310132,0.3949284553527832,20260221_161017_run2
tsfresh,ChilledWaterPredictor,3358023.65338747,490.71151809477135,1832.491105950441,0.009222981977989764,0.5963883399963379,20260221_161020_run2
tsfresh,CopperConcentration,4.292802787901231,1.063697834246121,2.0719080066212476,0.21417034386652534,0.4134516716003418,20260221_161023_run2
tsfresh,Covid19Andalusia,0.0004663513402302167,0.011813397820486744,0.021595169372575357,-0.3070221330330498,0.41033387184143066,20260221_161024_run2
tsfresh,DailyOilGasPrices,1.7931732870803874,0.8839839122246052,1.3390942039604188,0.7175310904312187,0.418881893157959,20260221_161026_run2
tsfresh,DhakaHourlyAirQuality,0.29686772037223164,0.35741139226105656,0.5448556876570453,0.9999260001549635,0.8525300025939941,20260221_161028_run2
tsfresh,ElectricityPredictor,123772.97075923995,145.16447146662668,351.8138296872935,0.385210562812192,0.8235669136047363,20260221_161031_run2
tsfresh,EthereumSentiment,0.058037834568282064,0.18012854563967093,0.24091042851707783,0.2609228399623763,0.41900110244750977,20260221_161033_run2
tsfresh,GasSensorArrayAcetone,0.05558155240101495,0.1400034530507037,0.23575740158267555,0.4509384927953123,0.4274008274078369,20260221_161038_run2
tsfresh,GasSensorArrayEthanol,0.04241013829280468,0.12324612896995468,0.20593721929948622,0.5259248025031671,0.42053914070129395,20260221_161043_run2
tsfresh,HotwaterPredictor,671313.7617024457,521.1954780467489,819.3373918615247,0.6200890259613343,0.49041175842285156,20260221_161045_run2
tsfresh,IronConcentration,5100.185406371482,49.70334893367602,71.41558237787802,0.09285466609495352,0.40438294410705566,20260221_161048_run2
tsfresh,LPGasMonitoringHomeActivity,1.5494311365552573,0.87881134848105,1.2447614777760667,0.08566802095999171,1.1821765899658203,20260221_161051_run2
tsfresh,MadridPM10Quality_nmv,83.55085018862981,6.779622362099628,9.140615416296093,0.4861735363105212,6.057880401611328,20260221_161110_run2
tsfresh,MagnesiumConcentration,108361.09606561452,154.08808872529673,329.18246621837943,0.5144331595127383,0.9371035099029541,20260221_161121_run2
tsfresh,ManganeseConcentration,10529.253797358693,75.4397527468308,102.61215228889165,0.058064972576816976,0.42641568183898926,20260221_161123_run2
tsfresh,MethaneMonitoringHomeActivity,0.25783253234776915,0.33245359366992777,0.507772126399007,0.25080744456439563,1.196462631225586,20260221_161127_run2
tsfresh,MetroInterstateTrafficVolume,296256.7201695899,453.23661440496574,544.2946997441643,0.017757505597578715,0.9829049110412598,20260221_161131_run2
tsfresh,NaturalGasPricesSentiment,0.0022253173468288557,0.03716344540691252,0.04717326941000439,0.7461157993842431,0.3882272243499756,20260221_161132_run2
tsfresh,OccupancyDetectionLight,13231.360554923715,59.64141229430913,115.02765126231047,0.7270717760488142,0.44774532318115234,20260221_161134_run2
tsfresh,ParkingBirmingham_eq,0.011661201644627098,0.06140030802420793,0.10798704387391618,0.7588886800281796,0.8351078033447266,20260221_161136_run2
tsfresh,PhosphorusConcentration,807.0985209413076,9.706046866375958,28.409479420455906,0.1655682997550999,0.9334249496459961,20260221_161147_run2
tsfresh,PotassiumConcentration,132453.891086156,110.79614477105703,363.9421534889247,0.14542714993366934,0.9308743476867676,20260221_161157_run2
tsfresh,PrecipitationAndalusia_nmv,0.2521938556827274,0.3373758657831273,0.5021890636829195,0.3596805503159891,0.7354719638824463,20260221_161201_run2
tsfresh,SierraNevadaMountainsSnow,1408.624104447326,19.500991594494334,37.53164137694122,0.8688280499444547,0.5202813148498535,20260221_161203_run2
tsfresh,SodiumConcentration,3790.7955489215415,34.664570951501396,61.56943680854602,-0.021299485771551385,0.4110555648803711,20260221_161206_run2
tsfresh,SolarRadiationAndalusia_nmv,0.4731329693363548,0.5311907748217078,0.6878466175946166,0.1660229780249174,0.5027275085449219,20260221_161209_run2
tsfresh,SteamPredictor,640058651.2029067,7655.895328935903,25299.38045096968,0.16182731360098113,0.46324801445007324,20260221_161211_run2
tsfresh,SulphurConcentration,102075.41944510015,47.606936971115196,319.4924403567323,-0.008466870967439588,0.42508912086486816,20260221_161214_run2
tsfresh,WaveDataTension,336.0526647843111,14.736453951364926,18.33173927330168,0.008318189413026755,0.7961561679840088,20260221_161216_run2
tsfresh,WindTurbinePower,7830.046589288675,57.932006721199485,88.48755047626008,0.9897953457703664,0.5848886966705322,20260221_161218_run2
tsfresh,ZincConcentration,2.070027984415553,0.7786873584667425,1.4387591822176333,0.02494667461486555,0.43148255348205566,20260221_161222_run2
tsfresh,ElectricMotorTemperature,13.866959943050405,2.1596865348832917,3.7238367234682035,0.9614901548361022,67.13635730743408,20260221_161429_run2
tsfresh,BeijingPM10Quality_nmv,3092.4202756323452,33.014891812049456,55.609534035382325,0.806465408044186,62.16874718666077,20260221_161635_run2
tsfresh,BeijingPM25Quality_nmv,1161.7443716593275,19.25112020259047,34.08437136957828,0.893100800269677,61.986907958984375,20260221_161840_run2
tsfresh,DailyTemperatureLatitude,62.768304944666056,3.6487352377735727,7.922645072491008,0.8606974338047806,40.52903604507446,20260221_161950_run2
tsfresh,Covid3Month,0.0010905012852401696,0.02696448582592472,0.033022738911849356,-0.15061444086658105,0.40724897384643555,20260221_161952_run3
tsfresh,FloodModeling1,6.256996194176325e-05,0.005086254643921807,0.007910117694558233,0.8350503378149577,0.42154431343078613,20260221_161953_run3
tsfresh,FloodModeling2,6.277252363064308e-05,0.0016143804693696557,0.00792291131028507,0.7187614940520635,0.40985989570617676,20260221_161955_run3
tsfresh,FloodModeling3,6.676673840478696e-05,0.004812591382990714,0.008171091628710754,0.8143898958228583,0.41880273818969727,20260221_161956_run3
tsfresh,IEEEPPG,22.589073019667595,2.4183670267735504,4.752796336859764,0.9732322636819153,3.0970895290374756,20260221_162020_run3
tsfresh,HouseholdPowerConsumption2_nmv,953.9704603848733,22.462323095382825,30.88641222908341,0.6252669554601814,1.3583321571350098,20260221_162033_run3
tsfresh,HouseholdPowerConsumption1_nmv,13192.389702840244,17.68627172068604,114.85812858844707,0.9635360730006686,1.3339803218841553,20260221_162046_run3
tsfresh,AppliancesEnergy,4.5673981999314845,1.5377426102047873,2.137147210636526,0.5429112274511736,1.005530834197998,20260221_162050_run3
tsfresh,BenzeneConcentration_nmv,34.22802632438633,4.113481307454677,5.850472316350734,0.3927637679215056,13.621788501739502,20260221_162145_run3
tsfresh,LiveFuelMoistureContent,1695.0946108420565,30.947975915769867,41.17152670040372,0.04025395967487633,7.5702197551727295,20260221_162217_run3
tsfresh,BIDMC32RR,0.2502851810509735,0.23157903223256893,0.5002850997690952,0.972738887597672,5.299682378768921,20260221_162317_run3
tsfresh,BIDMC32SpO2,0.021421098363049042,0.0734613074326371,0.14635948333828266,0.9980825933847544,5.372226238250732,20260221_162417_run3
tsfresh,BIDMC32HR,0.37658858664812106,0.3038795285828876,0.6136681404864693,0.9978298419108451,5.329781532287598,20260221_162519_run3
tsfresh,AcousticContaminationMadrid_nmv,8.329784516648212,2.130066956414117,2.8861366074127908,0.7974778869149479,0.3851583003997803,20260221_162521_run3
tsfresh,AluminiumConcentration,89947.84079673247,213.10811106589986,299.91305539561375,0.541549449791747,0.42790818214416504,20260221_162524_run3
tsfresh,BarCrawl6min,0.0017461377879604528,0.029942471052932323,0.041786813565531086,0.34422144306468394,0.4101526737213135,20260221_162525_run3
tsfresh,BeijingIntAirportPM25Quality,2221.5911184686406,34.511285399313024,47.13375773761987,0.5545780718827182,1.863938570022583,20260221_162532_run3
tsfresh,BinanceCoinSentiment,0.1229061647360732,0.2579388405227208,0.3505797551714491,-0.04420840280415761,0.3978538513183594,20260221_162533_run3
tsfresh,BitcoinSentiment,0.03925506749814796,0.1401723907493949,0.19812891636040397,0.24659433491863403,0.4170711040496826,20260221_162535_run3
tsfresh,BoronConcentration,0.723391402326889,0.35467614489616234,0.8505241926758398,0.026237050824549635,0.41626906394958496,20260221_162538_run3
tsfresh,CalciumConcentration,20117800.434846003,1696.4187043993886,4485.287107292687,0.04977570066315118,0.4352271556854248,20260221_162542_run3
tsfresh,CardanoSentiment,0.09144531406095896,0.22651835221377284,0.30239926266603057,0.0013327075655689136,0.40200233459472656,20260221_162543_run3
tsfresh,ChilledWaterPredictor,4027756.061372949,511.0616857052319,2006.927019443644,-0.15809498071245343,0.5933887958526611,20260221_162545_run3
tsfresh,CopperConcentration,3.9010821279022787,0.975147571594753,1.9751157251923945,0.2461496094160227,0.43824195861816406,20260221_162549_run3
tsfresh,Covid19Andalusia,0.00023204649593370816,0.008920888596358218,0.01523307243906193,0.8025228112271845,0.3972134590148926,20260221_162550_run3
tsfresh,DailyOilGasPrices,0.7862857256257094,0.5779324232123364,0.8867275374238185,0.7936470334480121,0.4093608856201172,20260221_162552_run3
tsfresh,DhakaHourlyAirQuality,0.2979028763338148,0.32884578121265123,0.5458047969135255,0.9999249193554565,0.8639163970947266,20260221_162554_run3
tsfresh,ElectricityPredictor,185307.6951771919,193.3227900050058,430.47380312533755,0.3669440181335183,0.8160500526428223,20260221_162557_run3
tsfresh,EthereumSentiment,0.06401653379542957,0.19523449960746497,0.25301488848569675,0.22030591574036518,0.4248485565185547,20260221_162559_run3
tsfresh,GasSensorArrayAcetone,0.06377185223705051,0.14658871682719368,0.2525308936289786,0.3330300826843666,0.40340733528137207,20260221_162604_run3
tsfresh,GasSensorArrayEthanol,0.042252675697858115,0.12560120789165793,0.20555455649986967,0.5728949382523792,0.42151832580566406,20260221_162608_run3
tsfresh,HotwaterPredictor,884444.6673978526,605.0990162377044,940.449183846662,0.595336119219044,0.49778199195861816,20260221_162610_run3
tsfresh,IronConcentration,5562.6563767457465,50.45521046696538,74.58321779559894,0.08568831450339753,0.42015504837036133,20260221_162613_run3
tsfresh,LPGasMonitoringHomeActivity,1.6295788249271548,0.8826515073394882,1.2765495779354419,0.04309190521526174,1.1775364875793457,20260221_162617_run3
tsfresh,MadridPM10Quality_nmv,78.67463143485432,6.588689326730781,8.869872120546853,0.5479069537080536,6.07384181022644,20260221_162635_run3
tsfresh,MagnesiumConcentration,71741.09044402695,139.0358805113195,267.8452733277684,0.6722425577381416,0.929950475692749,20260221_162646_run3
tsfresh,ManganeseConcentration,11739.030889247815,76.89367846729444,108.34680839437688,0.06033437394712238,0.4171919822692871,20260221_162649_run3
tsfresh,MethaneMonitoringHomeActivity,0.2669616716109066,0.3249790386841387,0.5166833378491188,0.2647336923640847,1.1792631149291992,20260221_162652_run3
tsfresh,MetroInterstateTrafficVolume,265787.27729534847,441.61089536065924,515.5456112657234,0.020875438196781282,0.9626092910766602,20260221_162656_run3
tsfresh,NaturalGasPricesSentiment,0.003321333119601924,0.05006073767153713,0.05763100831672064,0.37776752182259166,0.397341251373291,20260221_162657_run3
tsfresh,OccupancyDetectionLight,11082.263902443394,53.32457282854767,105.27233208418721,0.7607145072268648,0.44652295112609863,20260221_162659_run3
tsfresh,ParkingBirmingham_eq,0.01152766894557045,0.05860152800945934,0.10736698256713025,0.7809522469848618,0.8465254306793213,20260221_162701_run3
tsfresh,PhosphorusConcentration,512.2080350045275,9.185478781037506,22.63201349868207,0.19600868793587878,0.9296016693115234,20260221_162712_run3
tsfresh,PotassiumConcentration,59660.07096377781,86.73877840260504,244.25411145726454,0.2653086686311038,0.9401440620422363,20260221_162723_run3
tsfresh,PrecipitationAndalusia_nmv,0.1820401896402925,0.27518657164405913,0.42666168053891657,0.5015982460690058,0.7218101024627686,20260221_162727_run3
tsfresh,SierraNevadaMountainsSnow,775.8578519301285,15.830354586202406,27.85422502835303,0.9203887652566655,0.5327374935150146,20260221_162729_run3
tsfresh,SodiumConcentration,121020.2004111671,72.49027141967106,347.87957745629035,0.28335852574546794,0.4221358299255371,20260221_162731_run3
tsfresh,SolarRadiationAndalusia_nmv,0.5653189128180623,0.5637972755064663,0.7518769266429596,0.15875766515179024,0.5041477680206299,20260221_162734_run3
tsfresh,SteamPredictor,724246527.048191,9733.042827244495,26911.828757038995,0.22429205674870434,0.4660177230834961,20260221_162736_run3
tsfresh,SulphurConcentration,56410.114531218365,32.124935523886954,237.50813571584945,-0.0009313758001701089,0.4114508628845215,20260221_162739_run3
tsfresh,WaveDataTension,308.7379384070271,13.875402149965929,17.57094016855749,0.02898051781531874,0.7876920700073242,20260221_162742_run3
tsfresh,WindTurbinePower,5956.17763874652,43.05782273031884,77.17627639855735,0.9920246947007687,0.4802978038787842,20260221_162744_run3
tsfresh,ZincConcentration,3.597270751027206,0.9357327017439598,1.896647239480027,0.01260399090411446,0.4273223876953125,20260221_162747_run3
tsfresh,ElectricMotorTemperature,14.26200080270158,2.1856290155609885,3.776506428261652,0.9609821072058142,67.3939938545227,20260221_162954_run3
tsfresh,BeijingPM10Quality_nmv,3261.195561028662,33.06663529536615,57.10687840381981,0.8088575425063413,62.2354850769043,20260221_163159_run3
tsfresh,BeijingPM25Quality_nmv,1225.1638678929107,19.20633804431619,35.00234089161624,0.8982530920054481,62.02094125747681,20260221_163405_run3
tsfresh,DailyTemperatureLatitude,66.51633231446738,3.7126107016224323,8.15575455212253,0.8542543407060373,40.52952337265015,20260221_163514_run3
tsfresh,Covid3Month,0.0013640833594182095,0.02817501586524232,0.036933499149392944,-0.0009250969466649828,0.4101736545562744,20260221_163516_run4
tsfresh,FloodModeling1,0.00019844441440278182,0.005355928190863959,0.014087030006455649,0.6891382875732835,0.41533374786376953,20260221_163517_run4
tsfresh,FloodModeling2,5.783901556982534e-05,0.0012779900404944378,0.007605196616118833,0.6847211602785493,0.41488075256347656,20260221_163519_run4
tsfresh,FloodModeling3,9.474762408384139e-05,0.005260026451038275,0.009733839123585379,0.7527832472587475,0.4170501232147217,20260221_163521_run4
tsfresh,IEEEPPG,29.14236283595971,2.748389426198865,5.398366682243779,0.9668760224290658,3.1245970726013184,20260221_163544_run4
tsfresh,HouseholdPowerConsumption2_nmv,882.7950066625934,21.234153390244913,29.711866428459075,0.6332221003303663,1.3585858345031738,20260221_163557_run4
tsfresh,HouseholdPowerConsumption1_nmv,13670.123060966716,16.553837984935882,116.91930149024462,0.9625030706195615,1.365480899810791,20260221_163611_run4
tsfresh,AppliancesEnergy,6.244031694040036,1.8660676274980816,2.4988060537064567,0.6852952539261308,1.0080406665802002,20260221_163615_run4
tsfresh,BenzeneConcentration_nmv,34.33008095435595,4.118481985921915,5.859187738446,0.3928047306930117,13.578100204467773,20260221_163708_run4
tsfresh,LiveFuelMoistureContent,1600.50427749551,30.158195666180543,40.006302972100656,0.06156563810923632,7.567585229873657,20260221_163741_run4
tsfresh,BIDMC32RR,0.25071359522985376,0.2332014041622846,0.5007130867371591,0.9732681796579152,5.32256007194519,20260221_163843_run4
tsfresh,BIDMC32SpO2,0.024416297167619293,0.07670066524034329,0.15625715077275437,0.9976612865799771,5.401406526565552,20260221_163941_run4
tsfresh,BIDMC32HR,0.554623603949457,0.3095301815122233,0.7447305579533158,0.9968285662449605,5.3369200229644775,20260221_164041_run4
tsfresh,AcousticContaminationMadrid_nmv,7.528909296193804,2.1709604899088535,2.743885802323742,0.8138324279484483,0.40856146812438965,20260221_164042_run4
tsfresh,AluminiumConcentration,97892.06122703054,226.92563253864913,312.87707047182374,0.5289206911403181,0.41927528381347656,20260221_164045_run4
tsfresh,BarCrawl6min,0.0018993113123063664,0.03334506892843412,0.04358108892979117,0.4524575023604218,0.43909239768981934,20260221_164047_run4
tsfresh,BeijingIntAirportPM25Quality,2626.820603560876,36.02236818391724,51.25251802166286,0.5438599761374785,1.8448433876037598,20260221_164053_run4
tsfresh,BinanceCoinSentiment,0.09330354979578126,0.22296880156661897,0.30545629768557936,-0.0026231234533362624,0.4268221855163574,20260221_164055_run4
tsfresh,BitcoinSentiment,0.04476502782172706,0.13187633020603656,0.21157747475033126,0.35008426160184647,0.4166982173919678,20260221_164056_run4
tsfresh,BoronConcentration,16.646839960756356,0.6638523973926741,4.08005391640311,0.04556980510008146,0.43418169021606445,20260221_164100_run4
tsfresh,CalciumConcentration,6996688.681528844,1457.250739859856,2645.1254566709767,0.15913788303518717,0.4254872798919678,20260221_164103_run4
tsfresh,CardanoSentiment,0.08334998586395385,0.23252574543085963,0.2887039761831379,-0.2061185136088255,0.40111446380615234,20260221_164104_run4
tsfresh,ChilledWaterPredictor,507815.39744177344,342.64968350517216,712.6116736636957,-0.06088823069950777,0.5875027179718018,20260221_164107_run4
tsfresh,CopperConcentration,3.734406005443453,1.0144449776934568,1.9324611265025367,0.3200157378899048,0.4238138198852539,20260221_164110_run4
tsfresh,Covid19Andalusia,0.0002712459284117651,0.009959242622319583,0.016469545482853044,0.792158881790152,0.3871595859527588,20260221_164112_run4
tsfresh,DailyOilGasPrices,2.233748459118837,0.8833928783263285,1.4945730022714974,0.6253711464326943,0.40223264694213867,20260221_164113_run4
tsfresh,DhakaHourlyAirQuality,0.2994139730361901,0.3389829757452903,0.5471873290164805,0.999926259388915,0.8499257564544678,20260221_164116_run4
tsfresh,ElectricityPredictor,132951.50008501793,148.14330320936548,364.6251500994109,0.29403589897138105,0.8150084018707275,20260221_164119_run4
tsfresh,EthereumSentiment,0.043759443368634174,0.16516263062040384,0.20918757938423155,0.25404832808302713,0.4215128421783447,20260221_164121_run4
tsfresh,GasSensorArrayAcetone,0.05114888062484312,0.13280475076972964,0.22616118284277503,0.45459300028457195,0.4055182933807373,20260221_164126_run4
tsfresh,GasSensorArrayEthanol,0.06973517741403153,0.15445121792649194,0.26407418922346715,0.4530574320468116,0.4166388511657715,20260221_164131_run4
tsfresh,HotwaterPredictor,1214378.081403971,641.2315594583198,1101.9882401386917,0.46390803846773276,0.4888749122619629,20260221_164133_run4
tsfresh,IronConcentration,4655.408160174352,50.33094970371412,68.23055151597671,0.10446263732746042,0.42140936851501465,20260221_164136_run4
tsfresh,LPGasMonitoringHomeActivity,1.5818728416625805,0.8760719744576128,1.2577252647786719,0.10858304542035946,1.1755385398864746,20260221_164139_run4
tsfresh,MadridPM10Quality_nmv,88.18691632410196,6.963057631616775,9.390788908505076,0.48756506554582546,6.051348924636841,20260221_164158_run4
tsfresh,MagnesiumConcentration,97145.2591669455,137.66470335543278,311.6813423465471,0.5314612874023971,0.9293375015258789,20260221_164209_run4
tsfresh,ManganeseConcentration,12136.685351562965,80.4396438860686,110.1666253979079,0.014674742683338238,0.40973544120788574,20260221_164212_run4
tsfresh,MethaneMonitoringHomeActivity,0.3099421376733901,0.34029634216267657,0.5567244719548352,0.20612600449043172,1.1795706748962402,20260221_164216_run4
tsfresh,MetroInterstateTrafficVolume,298715.4579936201,464.88869171839326,546.5486785215203,0.02364096301976104,0.9676167964935303,20260221_164219_run4
tsfresh,NaturalGasPricesSentiment,0.0025282116867682697,0.042745081570509325,0.05028132542771988,0.5853453954602341,0.3951244354248047,20260221_164221_run4
tsfresh,OccupancyDetectionLight,8994.056860972161,46.20324325098444,94.83700153933675,0.7738287537531261,0.4439971446990967,20260221_164222_run4
tsfresh,ParkingBirmingham_eq,0.011928886886680545,0.061723770498432654,0.10921944372079792,0.7660958312914173,0.8312709331512451,20260221_164225_run4
tsfresh,PhosphorusConcentration,390.2896758740787,8.716666245289554,19.755750450794793,0.29659349494146847,0.9432861804962158,20260221_164236_run4
tsfresh,PotassiumConcentration,89256.71228768224,102.7589676743124,298.7586187671951,0.21126435209825156,0.9277043342590332,20260221_164246_run4
tsfresh,PrecipitationAndalusia_nmv,0.12067712713432394,0.26030799019616485,0.3473861354952496,0.5878393450483432,0.7366266250610352,20260221_164250_run4
tsfresh,SierraNevadaMountainsSnow,801.5343218562251,16.008022500909366,28.31138148971585,0.9066634917445912,0.537341833114624,20260221_164252_run4
tsfresh,SodiumConcentration,17838.228743300206,43.66064479003239,133.55983207274636,0.008710261482101078,0.43503785133361816,20260221_164255_run4
tsfresh,SolarRadiationAndalusia_nmv,0.4790907968289283,0.5386505089152714,0.6921638511428694,0.24198993493292897,0.5150578022003174,20260221_164258_run4
tsfresh,SteamPredictor,1058407417.0464101,8952.494331269516,32533.174100391898,0.1901401867970849,0.4781632423400879,20260221_164300_run4
tsfresh,SulphurConcentration,14052.664076607536,22.500545896440276,118.54393310755104,0.024960068149479264,0.40987181663513184,20260221_164303_run4
tsfresh,WaveDataTension,324.93635804795076,14.313499214031529,18.02599118073541,-0.0031074655244067717,0.7923357486724854,20260221_164306_run4
tsfresh,WindTurbinePower,10006.268253988412,65.59940984722763,100.03133636010473,0.9870824359941701,0.47304296493530273,20260221_164307_run4
tsfresh,ZincConcentration,2.0797612513387085,0.7952922797267973,1.4421377366044856,0.03812918869122717,0.41582298278808594,20260221_164311_run4
tsfresh,ElectricMotorTemperature,13.68887135974945,2.1293423047342364,3.699847477903576,0.9629074256578054,67.23849534988403,20260221_164518_run4
tsfresh,BeijingPM10Quality_nmv,3121.0323887924824,32.820313698062805,55.86620077285086,0.8061898487991948,62.17454171180725,20260221_164724_run4
tsfresh,BeijingPM25Quality_nmv,1050.8347219360303,18.777367960745483,32.41658097233621,0.9085076578836393,62.48378658294678,20260221_164930_run4
tsfresh,DailyTemperatureLatitude,66.62248366713601,3.7397594014720514,8.16225971573657,0.8527205101104882,40.61577224731445,20260221_165039_run4
tsfresh,Covid3Month,0.0017648129995505746,0.03312691513197989,0.042009677451160875,0.05407934959863536,0.4062318801879883,20260221_165040_run5
tsfresh,FloodModeling1,4.7094817722011665e-05,0.0046137273889957095,0.006862566409297011,0.8786609747328589,0.4379291534423828,20260221_165042_run5
tsfresh,FloodModeling2,4.426807008874552e-05,0.001317573351053447,0.006653425440233438,0.5922121549530786,0.4162139892578125,20260221_165044_run5
tsfresh,FloodModeling3,6.480397603768809e-05,0.004807314569535462,0.008050091678837459,0.8423673730619646,0.41033506393432617,20260221_165045_run5
tsfresh,IEEEPPG,27.911762129442405,2.37719894731905,5.283158347943246,0.9680893074106902,3.1271872520446777,20260221_165108_run5
tsfresh,HouseholdPowerConsumption2_nmv,938.1993142940423,22.201483326236293,30.630039410585848,0.6428396839865684,1.3394029140472412,20260221_165122_run5
tsfresh,HouseholdPowerConsumption1_nmv,9711.749094955432,15.17769820001452,98.54820695961664,0.9744775839739993,1.3440213203430176,20260221_165135_run5
tsfresh,AppliancesEnergy,5.558359422019954,1.9869089022136872,2.357617318824231,0.4833238783395931,0.9953179359436035,20260221_165139_run5
tsfresh,BenzeneConcentration_nmv,33.95354542494326,4.054428325997951,5.826967086310275,0.3958566897490555,13.554141759872437,20260221_165234_run5
tsfresh,LiveFuelMoistureContent,1524.7482842506183,29.142761688232422,39.04802535661206,0.058381724898673104,7.559394836425781,20260221_165307_run5
tsfresh,BIDMC32RR,0.3316611526894285,0.25928857890955836,0.575900297525039,0.963401339532384,5.32978367805481,20260221_165408_run5
tsfresh,BIDMC32SpO2,0.020898978592161315,0.07775685844479611,0.14456479029197017,0.9981223055773794,5.392703056335449,20260221_165507_run5
tsfresh,BIDMC32HR,0.5462220337293392,0.3122103524195291,0.7390683552482403,0.9967684250688026,5.3390257358551025,20260221_165607_run5
tsfresh,AcousticContaminationMadrid_nmv,10.989810648163736,2.3014201270209416,3.3150883318795197,0.7455897740722232,0.4906156063079834,20260221_165609_run5
tsfresh,AluminiumConcentration,111975.96104176366,241.70713168609458,334.6280936230006,0.5210028130005095,0.4119608402252197,20260221_165612_run5
tsfresh,BarCrawl6min,0.0014258384538296505,0.028682461363254225,0.037760276135505824,0.4233780460872776,0.4156794548034668,20260221_165613_run5
tsfresh,BeijingIntAirportPM25Quality,2594.441724238077,36.4526108328232,50.935662597418684,0.5775575712107095,1.8678760528564453,20260221_165619_run5
tsfresh,BinanceCoinSentiment,0.08933790258445055,0.21880695571793787,0.29889446730317804,0.07865468559263378,0.4191887378692627,20260221_165620_run5
tsfresh,BitcoinSentiment,0.038074739268902424,0.13574752022081613,0.1951274949075666,0.3053412165649865,0.40790724754333496,20260221_165622_run5
tsfresh,BoronConcentration,1.1322030907088776,0.39248790634437764,1.0640503233911813,0.15371154563000022,0.40762996673583984,20260221_165625_run5
tsfresh,CalciumConcentration,17932191.4269217,1799.0398442485068,4234.641829827134,0.0703473397623714,0.4135446548461914,20260221_165628_run5
tsfresh,CardanoSentiment,0.07016481898447391,0.202693861283678,0.26488642657651207,-0.03539216271765344,0.3889026641845703,20260221_165629_run5
tsfresh,ChilledWaterPredictor,6361088.14117307,562.2209550775461,2522.119771377456,-0.0010765087936921436,0.5973563194274902,20260221_165632_run5
tsfresh,CopperConcentration,4.353782860983895,1.076455324712317,2.0865720358961717,0.2349984459852652,0.41634702682495117,20260221_165635_run5
tsfresh,Covid19Andalusia,0.00018748949011967306,0.008432911429325663,0.013692680165682432,0.7704631728316446,0.39171910285949707,20260221_165637_run5
tsfresh,DailyOilGasPrices,1.886784060810229,0.8466208898325078,1.3736025847421185,0.5255984412514931,0.4300057888031006,20260221_165638_run5
tsfresh,DhakaHourlyAirQuality,0.34331904848545347,0.36963814608972706,0.5859343380323886,0.9999109940555757,0.8628475666046143,20260221_165641_run5
tsfresh,ElectricityPredictor,179892.7667767237,175.56467199162213,424.1376743189924,0.0974060115555595,0.8105795383453369,20260221_165644_run5
tsfresh,EthereumSentiment,0.06394874920072985,0.1733572213801268,0.2528808992405908,0.241884695393901,0.40622591972351074,20260221_165646_run5
tsfresh,GasSensorArrayAcetone,0.06697513889372231,0.15207391916637011,0.25879555423871237,0.28725093263131063,0.39481306076049805,20260221_165651_run5
tsfresh,GasSensorArrayEthanol,0.05577800089926336,0.1309194741205491,0.2361736668201249,0.505341898084004,0.40738606452941895,20260221_165655_run5
tsfresh,HotwaterPredictor,781356.2699463113,520.0196159601941,883.943589798756,0.6347359942412683,0.4914834499359131,20260221_165658_run5
tsfresh,IronConcentration,5748.940480441182,52.74328787181689,75.82176785357343,0.10669412124692867,0.4174203872680664,20260221_165701_run5
tsfresh,LPGasMonitoringHomeActivity,1.7446619089069055,0.8984771418802073,1.3208565057972443,0.08005248248056684,1.1676607131958008,20260221_165704_run5
tsfresh,MadridPM10Quality_nmv,84.32212745400881,6.777391540960486,9.182708067558764,0.5025430848336905,6.03789210319519,20260221_165723_run5
tsfresh,MagnesiumConcentration,53089.71006665268,129.61656537680634,230.41204410067778,0.6973119641783614,0.9280047416687012,20260221_165734_run5
tsfresh,ManganeseConcentration,12621.75693181599,76.35864179088757,112.34659288031831,0.05079115075154039,0.42800474166870117,20260221_165737_run5
tsfresh,MethaneMonitoringHomeActivity,0.283938163251515,0.34091653976269,0.5328584833250898,0.26941029350773005,1.1842896938323975,20260221_165740_run5
tsfresh,MetroInterstateTrafficVolume,277011.10857061896,450.53931154573337,526.3184478722164,0.020425917584418474,0.9820077419281006,20260221_165744_run5
tsfresh,NaturalGasPricesSentiment,0.0033104850172219957,0.046873251317100566,0.057536814451462255,0.6569095917066881,0.38592982292175293,20260221_165746_run5
tsfresh,OccupancyDetectionLight,7417.343384383629,41.18920689398249,86.12400004867185,0.8202978411737754,0.44542455673217773,20260221_165747_run5
tsfresh,ParkingBirmingham_eq,0.011305542985498712,0.06072782125908579,0.10632752694151554,0.7820180512139736,0.8399064540863037,20260221_165750_run5
tsfresh,PhosphorusConcentration,1370.7614458425846,10.51596891465505,37.02379567038724,0.0743668455644646,0.9498331546783447,20260221_165801_run5
tsfresh,PotassiumConcentration,93420.12046311243,96.17084321562307,305.6470521093119,0.14983993579870358,0.932513952255249,20260221_165812_run5
tsfresh,PrecipitationAndalusia_nmv,0.14043220117798588,0.27174108562068916,0.37474284673357794,0.4483354144899784,0.7357296943664551,20260221_165815_run5
tsfresh,SierraNevadaMountainsSnow,1183.7716509973793,18.752174829110754,34.40598277912403,0.9019330034567052,0.5218164920806885,20260221_165817_run5
tsfresh,SodiumConcentration,83637.73393904958,50.6415225119669,289.2018913130576,0.2678445412424051,0.41245388984680176,20260221_165820_run5
tsfresh,SolarRadiationAndalusia_nmv,0.4315252543382619,0.5130983997342148,0.6569058184688745,0.20199326956947972,0.5018856525421143,20260221_165823_run5
tsfresh,SteamPredictor,1139797885.54104,8671.424622674314,33760.89284277061,0.11164045543582801,0.48003077507019043,20260221_165825_run5
tsfresh,SulphurConcentration,50006.80241969373,29.36214233556218,223.62200790551393,-0.0014919663716912446,0.42127108573913574,20260221_165828_run5
tsfresh,WaveDataTension,321.5457973801536,14.153026317448706,17.931698117583668,0.017016780804135156,0.79598069190979,20260221_165831_run5
tsfresh,WindTurbinePower,9920.6849391307,63.83230844453953,99.60263520173902,0.9880945317359742,0.4634556770324707,20260221_165832_run5
tsfresh,ZincConcentration,2.19203343618298,0.8080878160217044,1.4805517337070595,0.005687412025536354,0.4193556308746338,20260221_165836_run5
tsfresh,ElectricMotorTemperature,13.83733331316164,2.1725801825688773,3.7198566253501815,0.9619185050885642,67.22756314277649,20260221_170043_run5
tsfresh,BeijingPM10Quality_nmv,3168.538799191695,33.60000017705697,56.289775263290004,0.8051611962402576,62.14081382751465,20260221_170249_run5
tsfresh,BeijingPM25Quality_nmv,1154.2771915908029,19.17418872365483,33.97465513571555,0.8958955988035247,62.233251333236694,20260221_170455_run5
tsfresh,DailyTemperatureLatitude,65.5540763207865,3.6473796912061234,8.09654718511456,0.8535291208044737,40.576597452163696,20260221_170604_run5
tsfresh,Covid3Month,0.0014239466886156724,0.03206466359631674,0.03773521814718543,0.027279520554096326,0.40279531478881836,20260221_170605_run6
tsfresh,FloodModeling1,6.0943468287097626e-05,0.0048517651605133934,0.007806629764956042,0.7777826080402286,0.4248981475830078,20260221_170607_run6
tsfresh,FloodModeling2,4.08974721131119e-05,0.0014687791072313984,0.006395113143104812,0.6625799449357681,0.4176309108734131,20260221_170609_run6
tsfresh,FloodModeling3,2.863702836248426e-05,0.0038257043322791227,0.005351357618631394,0.8998037659351936,0.4092073440551758,20260221_170610_run6
tsfresh,IEEEPPG,39.646431592479374,2.7871471352746844,6.296541240433463,0.9539872844479076,3.09592604637146,20260221_170634_run6
tsfresh,HouseholdPowerConsumption2_nmv,950.2401360209622,21.87743959121037,30.825965289362184,0.625759924534125,1.346635341644287,20260221_170647_run6
tsfresh,HouseholdPowerConsumption1_nmv,17811.8866940357,19.886496970307377,133.461180475956,0.95319932042575,1.3529763221740723,20260221_170700_run6
tsfresh,AppliancesEnergy,7.629502385617307,2.072617625281924,2.7621553876669043,0.4424127955210817,1.0033645629882812,20260221_170704_run6
tsfresh,BenzeneConcentration_nmv,33.624827489511986,4.075206309138349,5.798691877442014,0.4003032206269105,13.646156072616577,20260221_170758_run6
tsfresh,LiveFuelMoistureContent,1512.055202608453,29.615133666992186,38.88515401291929,0.04562414715424956,7.600935697555542,20260221_170831_run6
tsfresh,BIDMC32RR,0.308863394820697,0.24552363836847357,0.5557547973888278,0.965046427193456,5.309821128845215,20260221_170932_run6
tsfresh,BIDMC32SpO2,0.022053377319478696,0.0791873210836815,0.14850379563997243,0.997907363559134,5.391242504119873,20260221_171033_run6
tsfresh,BIDMC32HR,0.4393114200071906,0.2957199112610196,0.6628057181461176,0.9973691772386656,5.3461103439331055,20260221_171133_run6
tsfresh,AcousticContaminationMadrid_nmv,4.785002783382919,1.761091317070855,2.1874649216348403,0.8847989646212419,0.3914651870727539,20260221_171134_run6
tsfresh,AluminiumConcentration,104156.14660896745,224.35090921456475,322.7323141691384,0.5321307633569892,0.44118809700012207,20260221_171137_run6
tsfresh,BarCrawl6min,0.001423849445341424,0.0262028411093273,0.037733929630260135,0.4859769222526926,0.4244396686553955,20260221_171139_run6
tsfresh,BeijingIntAirportPM25Quality,2752.302300739689,36.93368526165094,52.462389392208294,0.5399674329206792,1.877173900604248,20260221_171145_run6
tsfresh,BinanceCoinSentiment,0.11425614197307675,0.24323115703184395,0.33801796102141785,0.09840957951387708,0.4020979404449463,20260221_171147_run6
tsfresh,BitcoinSentiment,0.04367021220207361,0.1375908408010006,0.20897419027734887,0.23035291504188415,0.4026365280151367,20260221_171148_run6
tsfresh,BoronConcentration,17.18382643422613,0.7000740345185743,4.145337915565645,0.0409073311158471,0.4244861602783203,20260221_171152_run6
tsfresh,CalciumConcentration,6413740.733047346,1348.4223755969301,2532.5364228471317,0.2377000492301884,0.41281867027282715,20260221_171155_run6
tsfresh,CardanoSentiment,0.058487296533067036,0.19273956607399567,0.24184146983730279,-0.05263236402483207,0.4075124263763428,20260221_171156_run6
tsfresh,ChilledWaterPredictor,10120180.576414699,706.8532281237646,3181.2231258455763,0.0641993409990591,0.5853519439697266,20260221_171159_run6
tsfresh,CopperConcentration,3.84167346659249,1.117378011515216,1.960018741388074,0.24142064814376696,0.4245603084564209,20260221_171203_run6
tsfresh,Covid19Andalusia,0.00030457058249914424,0.009928792353472335,0.01745195067891106,0.7617488921023925,0.40027880668640137,20260221_171204_run6
tsfresh,DailyOilGasPrices,1.2190883301140953,0.6878660060049474,1.1041233310251601,0.7398299473830021,0.4269115924835205,20260221_171205_run6
tsfresh,DhakaHourlyAirQuality,0.2967184853138249,0.3624116720464748,0.5447187212808321,0.9999277416006576,0.8671801090240479,20260221_171208_run6
tsfresh,ElectricityPredictor,196528.974428288,176.48862824878364,443.3158856033562,-0.16514800540470675,0.8161101341247559,20260221_171211_run6
tsfresh,EthereumSentiment,0.05461738362856543,0.1676785101015991,0.2337036234818909,0.25776151508954326,0.40759754180908203,20260221_171213_run6
tsfresh,GasSensorArrayAcetone,0.05492154698213844,0.14036977150345464,0.2343534659059653,0.3891060598657782,0.39643216133117676,20260221_171218_run6
tsfresh,GasSensorArrayEthanol,0.06211752364154446,0.14777758184047085,0.24923387338310268,0.4557816770484582,0.3986999988555908,20260221_171223_run6
tsfresh,HotwaterPredictor,646134.180181882,456.8320627194232,803.8247198126479,0.7260537392331781,0.5102276802062988,20260221_171225_run6
tsfresh,IronConcentration,6908.190448547008,53.037172146672795,83.11552471438178,0.03948548098544469,0.4197733402252197,20260221_171228_run6
tsfresh,LPGasMonitoringHomeActivity,1.5418356140110192,0.8703825137291704,1.241706734302033,0.10199151451561361,1.1812820434570312,20260221_171231_run6
tsfresh,MadridPM10Quality_nmv,82.238150616383,6.770281589469095,9.068525272412433,0.4937513630912459,6.184409856796265,20260221_171251_run6
tsfresh,MagnesiumConcentration,90811.90276296904,144.9114301324454,301.3501331723101,0.5992701083626266,0.9265403747558594,20260221_171302_run6
tsfresh,ManganeseConcentration,12501.532521495756,71.52148337040776,111.81025230941819,0.0397654300452156,0.4178199768066406,20260221_171305_run6
tsfresh,MethaneMonitoringHomeActivity,0.2168022488596439,0.31298581360653566,0.46562028398647315,0.3605010478376899,1.1701204776763916,20260221_171308_run6
tsfresh,MetroInterstateTrafficVolume,319356.9912303727,470.48648397367293,565.1167943269538,0.034681901994838005,0.9584834575653076,20260221_171312_run6
tsfresh,NaturalGasPricesSentiment,0.002728376105999425,0.0436687870968978,0.05223385976547612,0.7182781042916666,0.37661147117614746,20260221_171313_run6
tsfresh,OccupancyDetectionLight,9337.790067792135,45.68985395334529,96.63224134724463,0.7227356130885677,0.44159817695617676,20260221_171315_run6
tsfresh,ParkingBirmingham_eq,0.011153596198702473,0.06177634813414164,0.10561058753128151,0.7797533937241681,0.8298592567443848,20260221_171318_run6
tsfresh,PhosphorusConcentration,235.76669009831724,7.307968548300002,15.354696027545359,0.31691433749799125,0.9421741962432861,20260221_171329_run6
tsfresh,PotassiumConcentration,35704.18395912736,80.74109817201531,188.95550788248372,0.42455857992737756,0.930994987487793,20260221_171339_run6
tsfresh,PrecipitationAndalusia_nmv,0.2465453568743899,0.3178906295003191,0.49653333913684977,0.43243931183133144,0.7204194068908691,20260221_171343_run6
tsfresh,SierraNevadaMountainsSnow,1357.8619752341283,18.13837468994235,36.84917875929026,0.8625238051106849,0.5318591594696045,20260221_171345_run6
tsfresh,SodiumConcentration,6661.640803723456,33.75434205894262,81.61887529072828,-0.051446368369555184,0.4249742031097412,20260221_171348_run6
tsfresh,SolarRadiationAndalusia_nmv,0.5040781865627828,0.5441775919436216,0.7099846382583096,0.15302513565021425,0.5008718967437744,20260221_171351_run6
tsfresh,SteamPredictor,135319217.95105785,5360.865271244102,11632.678881111515,0.5276820808409697,0.4887101650238037,20260221_171353_run6
tsfresh,SulphurConcentration,63425.51602218294,37.271189927925,251.8442296781543,-0.005191639944365667,0.4277231693267822,20260221_171356_run6
tsfresh,WaveDataTension,302.75576775558983,13.647750919762618,17.3998783833563,0.00022343579623407273,0.7871472835540771,20260221_171359_run6
tsfresh,WindTurbinePower,5858.327599550579,42.62503898505334,76.53971256511602,0.9924361816699067,0.4632847309112549,20260221_171401_run6
tsfresh,ZincConcentration,2.313095138490031,0.8193610978740673,1.520886300316375,0.05859059798413424,0.4203956127166748,20260221_171404_run6
tsfresh,ElectricMotorTemperature,13.154426563265888,2.159356164454214,3.626903164307794,0.9638242576752335,67.38563776016235,20260221_171612_run6
tsfresh,BeijingPM10Quality_nmv,2867.5865298068784,32.151097001968964,53.54985088501067,0.8134730437378999,61.52728748321533,20260221_171816_run6
tsfresh,BeijingPM25Quality_nmv,1035.1987135011536,19.151652995606796,32.17450409099033,0.902223624330538,61.56806421279907,20260221_172021_run6
tsfresh,DailyTemperatureLatitude,62.6711728433981,3.6584565953570776,7.916512669313307,0.8599010227892453,40.57409071922302,20260221_172130_run6
tsfresh,Covid3Month,0.001387490127704219,0.032637029894917256,0.03724902854712078,-0.32691364925719024,0.40706634521484375,20260221_172131_run7
tsfresh,FloodModeling1,6.499161238109562e-05,0.0048370832558905725,0.008061737553474165,0.8257428989607183,0.4352078437805176,20260221_172133_run7
tsfresh,FloodModeling2,8.530458008548938e-05,0.0017915466466353212,0.009236047860718856,0.7260028550962659,0.4231586456298828,20260221_172134_run7
tsfresh,FloodModeling3,4.437425973411064e-05,0.004778125462324723,0.0066614007336378315,0.8926745310963331,0.41745543479919434,20260221_172136_run7
tsfresh,IEEEPPG,36.57129338843432,2.806646688752649,6.0474203912440485,0.9582777551648973,3.087679624557495,20260221_172159_run7
tsfresh,HouseholdPowerConsumption2_nmv,934.2218243636046,22.5717840608202,30.565042521868094,0.6004890289675693,1.3651323318481445,20260221_172212_run7
tsfresh,HouseholdPowerConsumption1_nmv,2384.1134059842184,14.127301508867356,48.82738377165234,0.9934085863610806,1.3433701992034912,20260221_172225_run7
tsfresh,AppliancesEnergy,9.022638363366875,2.2597073827471053,3.0037706908761983,0.6099326710763777,1.0051076412200928,20260221_172229_run7
tsfresh,BenzeneConcentration_nmv,33.56590042253687,4.060844679922194,5.7936085838220786,0.4054595633255307,13.619038105010986,20260221_172323_run7
tsfresh,LiveFuelMoistureContent,1650.4370837308318,29.878412914958222,40.62557179574008,0.04574391818518608,7.564886569976807,20260221_172355_run7
tsfresh,BIDMC32RR,0.2709548295560179,0.2308355965458887,0.520533216573177,0.971676132013916,5.31479024887085,20260221_172456_run7
tsfresh,BIDMC32SpO2,0.024114116558259003,0.07217048170076838,0.15528720667929796,0.9976463111341362,5.410564184188843,20260221_172555_run7
tsfresh,BIDMC32HR,0.46828401539433673,0.3019223927586407,0.684312805224582,0.9972899650364242,5.362983465194702,20260221_172657_run7
tsfresh,AcousticContaminationMadrid_nmv,7.399334835114001,2.053612200419108,2.720171839261998,0.8152928258500083,0.47028231620788574,20260221_172659_run7
tsfresh,AluminiumConcentration,108317.92003054138,235.70012606698495,329.11687898152746,0.5263525704221816,0.4377434253692627,20260221_172701_run7
tsfresh,BarCrawl6min,0.002254915372235578,0.03486984761650481,0.047485949208535126,0.3185228116721528,0.43082308769226074,20260221_172703_run7
tsfresh,BeijingIntAirportPM25Quality,2567.8055025028602,36.0707055640086,50.67351874996309,0.5709858963846643,1.8028430938720703,20260221_172709_run7
tsfresh,BinanceCoinSentiment,0.12240545392339244,0.25832820706216597,0.3498649081051034,-0.04073338612986466,0.42626404762268066,20260221_172711_run7
tsfresh,BitcoinSentiment,0.03265061025983536,0.13452658762335779,0.18069479865185759,0.4777698535675825,0.41628098487854004,20260221_172712_run7
tsfresh,BoronConcentration,0.2721730667408881,0.29406271451163163,0.5217020861956448,0.14334489062865408,0.4222745895385742,20260221_172716_run7
tsfresh,CalciumConcentration,20716123.501543663,1653.7476000209626,4551.4968418690205,0.0390750005546473,0.4257800579071045,20260221_172719_run7
tsfresh,CardanoSentiment,0.10070310522001905,0.25290557365417476,0.3173375257041295,-0.06079633171412491,0.4010617733001709,20260221_172720_run7
tsfresh,ChilledWaterPredictor,712339.6895304925,359.26163867338556,844.0021857379828,-1.6625163733280601,0.5864429473876953,20260221_172723_run7
tsfresh,CopperConcentration,4.068031799645363,1.0497894706255546,2.016936240847827,0.313529239851451,0.4262261390686035,20260221_172726_run7
tsfresh,Covid19Andalusia,0.00025404557366330143,0.009619884926494552,0.015938807159361124,0.7891280910556353,0.3999342918395996,20260221_172727_run7
tsfresh,DailyOilGasPrices,3.157247460871084,1.0342587397882308,1.7768645026762968,0.5653045854010245,0.4126009941101074,20260221_172729_run7
tsfresh,DhakaHourlyAirQuality,0.3426101748732585,0.344846040538351,0.5853291167140573,0.9999161787401504,0.8673098087310791,20260221_172731_run7
tsfresh,ElectricityPredictor,139686.90018676335,158.1051157190074,373.74710726206746,0.3510187051285415,0.81388258934021,20260221_172735_run7
tsfresh,EthereumSentiment,0.042851771413243714,0.15807787353903333,0.20700669412664827,0.247210176239804,0.40540075302124023,20260221_172736_run7
tsfresh,GasSensorArrayAcetone,0.06663850685470261,0.15091872558088135,0.2581443527460994,0.2689342634000128,0.3969449996948242,20260221_172741_run7
tsfresh,GasSensorArrayEthanol,0.04861905359114277,0.12481320455088282,0.2204972870380558,0.3134237902039714,0.4072396755218506,20260221_172746_run7
tsfresh,HotwaterPredictor,1111538.892464045,647.7527909256625,1054.2954483749065,0.44256140466405514,0.5027563571929932,20260221_172748_run7
tsfresh,IronConcentration,4880.230702118267,49.281920486284335,69.85864801238475,0.11770198331008508,0.4072146415710449,20260221_172751_run7
tsfresh,LPGasMonitoringHomeActivity,1.5576648274015839,0.8676073789244123,1.2480644323918473,0.10742480545795519,1.1931443214416504,20260221_172755_run7
tsfresh,MadridPM10Quality_nmv,80.52716511377808,6.6517733074945875,8.973692947375572,0.4995677046322978,6.0583295822143555,20260221_172814_run7
tsfresh,MagnesiumConcentration,58747.18557458287,126.30068769732648,242.37818708494143,0.7127901357843244,0.9238111972808838,20260221_172825_run7
tsfresh,ManganeseConcentration,14259.24432664355,80.67242464911419,119.41207780891993,0.04911931198143149,0.4129154682159424,20260221_172827_run7
tsfresh,MethaneMonitoringHomeActivity,0.2918788842673472,0.3310952355209653,0.5402581644615352,0.23458676753696905,1.1916851997375488,20260221_172831_run7
tsfresh,MetroInterstateTrafficVolume,306868.3603013372,458.6564957013413,553.9570022134725,0.007154873743115742,0.9792566299438477,20260221_172835_run7
tsfresh,NaturalGasPricesSentiment,0.00309202930943261,0.04574268224047167,0.05560601864396164,0.3299347954917634,0.3779001235961914,20260221_172836_run7
tsfresh,OccupancyDetectionLight,7996.328492825603,42.9408098731381,89.42219239554353,0.7612544204980509,0.4482741355895996,20260221_172838_run7
tsfresh,ParkingBirmingham_eq,0.012306130030301699,0.06102938770376428,0.11093299793254349,0.7517267525635231,0.8308863639831543,20260221_172840_run7
tsfresh,PhosphorusConcentration,458.223924849858,8.14133378895371,21.406165580268176,0.2130681137063195,0.9347648620605469,20260221_172851_run7
tsfresh,PotassiumConcentration,28535.931133997386,85.15996925157853,168.92581547530676,0.47039687889749693,0.9479105472564697,20260221_172902_run7
tsfresh,PrecipitationAndalusia_nmv,0.16904624513030472,0.2941195820040936,0.41115233810633345,0.532119601081257,0.7389376163482666,20260221_172906_run7
tsfresh,SierraNevadaMountainsSnow,689.1962811812641,15.258377078531979,26.252548089304856,0.9287480506694346,0.5226976871490479,20260221_172908_run7
tsfresh,SodiumConcentration,144363.21101480833,78.13640936346002,379.95159035699317,0.19623420615439302,0.413865327835083,20260221_172911_run7
tsfresh,SolarRadiationAndalusia_nmv,0.556551753498089,0.5416094808685834,0.7460239630856967,0.14331712603963798,0.5029821395874023,20260221_172913_run7
tsfresh,SteamPredictor,1591609920.145439,12040.768145221879,39894.986152967125,0.09338228650425806,0.4823884963989258,20260221_172915_run7
tsfresh,SulphurConcentration,14254.793643908568,22.648112212875123,119.39344053970707,0.016407025949753073,0.42415642738342285,20260221_172919_run7
tsfresh,WaveDataTension,288.12128971824075,13.346645481371242,16.97413590490664,0.016028487846627137,0.7882993221282959,20260221_172921_run7
tsfresh,WindTurbinePower,6302.4985994094795,44.365921315255925,79.3882774684618,0.99142145619653,0.4582204818725586,20260221_172923_run7
tsfresh,ZincConcentration,3.3362663137883515,0.8550579587007693,1.8265449115169194,0.025869709678121633,0.44071412086486816,20260221_172926_run7
tsfresh,ElectricMotorTemperature,13.039181461586105,2.13240090958912,3.610980678650345,0.9646297624976126,67.25636267662048,20260221_173134_run7
tsfresh,BeijingPM10Quality_nmv,3033.64207454067,32.6785429982867,55.078508281730635,0.8115894298444191,62.194047689437866,20260221_173340_run7
tsfresh,BeijingPM25Quality_nmv,1063.7527335462908,19.202681403341458,32.61522242061658,0.9039903799720468,61.9478178024292,20260221_173546_run7
tsfresh,DailyTemperatureLatitude,64.79272668262452,3.668048555197414,8.049392938764049,0.8563143571906221,40.589250802993774,20260221_173655_run7
tsfresh,Covid3Month,0.0015661848171726446,0.03227027644101907,0.039575052964874784,0.024263572372136943,0.3913905620574951,20260221_173656_run8
tsfresh,FloodModeling1,8.97940989186417e-05,0.005637351220197015,0.009475974826826087,0.7503249654034477,0.41788506507873535,20260221_173658_run8
tsfresh,FloodModeling2,5.7831405036585634e-05,0.001491104440309506,0.0076046962488047895,0.6212356389854464,0.42046380043029785,20260221_173700_run8
tsfresh,FloodModeling3,3.90202999517438e-05,0.004310698235812393,0.006246623083854492,0.8955365702571387,0.43077993392944336,20260221_173701_run8
tsfresh,IEEEPPG,46.609993432320486,2.832293776928167,6.827151194482255,0.9445471599422604,3.1185638904571533,20260221_173725_run8
tsfresh,HouseholdPowerConsumption2_nmv,830.5639159864517,20.70670755084958,28.81950582481337,0.6493609781141472,1.3439218997955322,20260221_173739_run8
tsfresh,HouseholdPowerConsumption1_nmv,3449.5700931943106,13.69499708454811,58.733040898580334,0.9898601485965325,1.341573715209961,20260221_173753_run8
tsfresh,AppliancesEnergy,7.634993825070213,2.1252260021936324,2.7631492585581063,0.3681143465126433,0.9924919605255127,20260221_173756_run8
tsfresh,BenzeneConcentration_nmv,34.79206322986312,4.177986333902974,5.8984797388702725,0.39034696641743327,13.62600564956665,20260221_173849_run8
tsfresh,LiveFuelMoistureContent,1664.1697498220371,30.474860664418202,40.79423672312104,0.05651514176001193,7.567316055297852,20260221_173922_run8
tsfresh,BIDMC32RR,0.25505094054066213,0.2394013543513249,0.5050256830505376,0.9728424229055134,5.3134331703186035,20260221_174023_run8
tsfresh,BIDMC32SpO2,0.02501488309422243,0.08176033040740888,0.15816094048222662,0.9976663311403902,5.373368501663208,20260221_174125_run8
tsfresh,BIDMC32HR,0.5106217748549284,0.306375970379411,0.714578039723394,0.9971360551787269,5.3582377433776855,20260221_174225_run8
tsfresh,AcousticContaminationMadrid_nmv,12.99477732851733,2.3959032270643457,3.6048269484841198,0.6673484191957044,0.4140000343322754,20260221_174227_run8
tsfresh,AluminiumConcentration,101483.06112206524,224.77682351474664,318.56406125309434,0.5271569999714594,0.4179508686065674,20260221_174230_run8
tsfresh,BarCrawl6min,0.0013779897656945371,0.02776784410198213,0.037121284537237356,0.5264027789763079,0.4281599521636963,20260221_174232_run8
tsfresh,BeijingIntAirportPM25Quality,2651.737198486654,36.00665182178303,51.49502110385677,0.55313374307016,1.8511061668395996,20260221_174239_run8
tsfresh,BinanceCoinSentiment,0.1107004593481187,0.24539072308906276,0.3327167854919837,0.06747492251899456,0.40988850593566895,20260221_174240_run8
tsfresh,BitcoinSentiment,0.027103330597262897,0.12012273176062106,0.1646308919895136,0.4556709358038268,0.43292903900146484,20260221_174241_run8
tsfresh,BoronConcentration,15.924955101677451,0.5905806861049474,3.9906083623524684,0.032900696400982365,0.4252762794494629,20260221_174245_run8
tsfresh,CalciumConcentration,8634529.593198614,1267.2740488728627,2938.4570089076706,0.15309962245937936,0.4257938861846924,20260221_174248_run8
tsfresh,CardanoSentiment,0.056780116118837286,0.19132683354002059,0.23828578664879968,-0.021018291639937514,0.39016032218933105,20260221_174250_run8
tsfresh,ChilledWaterPredictor,381261.4068118374,339.10393109329914,617.4636886585619,-0.2852253352128795,0.5866200923919678,20260221_174252_run8
tsfresh,CopperConcentration,1.746477955177553,0.9409236178340104,1.3215437772459726,0.3374239469999255,0.41135597229003906,20260221_174256_run8
tsfresh,Covid19Andalusia,0.00044175334507903265,0.011682079925997879,0.021017929133933074,0.6352580318935905,0.3998723030090332,20260221_174257_run8
tsfresh,DailyOilGasPrices,1.8030080800028403,0.9788959431724988,1.3427613637585945,0.683845688442428,0.41076111793518066,20260221_174258_run8
tsfresh,DhakaHourlyAirQuality,0.3208023426325973,0.35012055057642333,0.5663941583672958,0.9999179222444606,0.8578531742095947,20260221_174301_run8
tsfresh,ElectricityPredictor,156475.6922007024,158.67977870958183,395.570085067997,0.2843457121478362,0.8119635581970215,20260221_174304_run8
tsfresh,EthereumSentiment,0.034871520957569554,0.15133686019215628,0.18673917895709394,0.3244490812115929,0.4168887138366699,20260221_174306_run8
tsfresh,GasSensorArrayAcetone,0.07108502271386043,0.15232947099743405,0.2666177464345921,0.29313131890186694,0.40820765495300293,20260221_174311_run8
tsfresh,GasSensorArrayEthanol,0.04610432083523262,0.1310099790403183,0.2147191673680592,0.3497087734811748,0.41864705085754395,20260221_174316_run8
tsfresh,HotwaterPredictor,1460094.2049780015,692.5556413950945,1208.3435790279193,0.48921508321998797,0.4872405529022217,20260221_174318_run8
tsfresh,IronConcentration,4466.293573522766,46.68703423889824,66.83033423171521,0.08736861193573475,0.4036092758178711,20260221_174320_run8
tsfresh,LPGasMonitoringHomeActivity,1.4379446547372354,0.8405901159328428,1.1991433003345495,0.0945755636008132,1.1889374256134033,20260221_174324_run8
tsfresh,MadridPM10Quality_nmv,83.07974018450176,6.679561460409947,9.114808839712534,0.47966792618139986,6.047137498855591,20260221_174343_run8
tsfresh,MagnesiumConcentration,84270.22464044165,144.5818168834236,290.293342397723,0.6047192969438229,0.9273993968963623,20260221_174354_run8
tsfresh,ManganeseConcentration,10066.49461957194,73.85459683219247,100.33192223600592,0.08504508174460601,0.41032838821411133,20260221_174357_run8
tsfresh,MethaneMonitoringHomeActivity,0.19011833932128375,0.3000369772533333,0.4360256177351094,0.33222370510728494,1.172745943069458,20260221_174400_run8
tsfresh,MetroInterstateTrafficVolume,322139.55690807424,465.2731969267266,567.5733934109969,0.026969736114746956,0.9858534336090088,20260221_174404_run8
tsfresh,NaturalGasPricesSentiment,0.0021357447695684187,0.036277474452937754,0.04621411872543302,0.6812996956433827,0.39627909660339355,20260221_174405_run8
tsfresh,OccupancyDetectionLight,11192.08016523148,52.84803205780497,105.79262812328409,0.7297991929788434,0.4550158977508545,20260221_174407_run8
tsfresh,ParkingBirmingham_eq,0.010663881645264262,0.058522415199863446,0.10326607209177786,0.7825717874425799,0.8338053226470947,20260221_174410_run8
tsfresh,PhosphorusConcentration,347.4548466757548,8.489657636260988,18.640140736479292,0.23324472630834558,0.9314563274383545,20260221_174421_run8
tsfresh,PotassiumConcentration,105719.77285882748,105.33533263829435,325.1457717068261,0.19443413489764116,0.9268779754638672,20260221_174431_run8
tsfresh,PrecipitationAndalusia_nmv,0.17146226898810682,0.2910149289140867,0.41408002727505083,0.48459035871056433,0.7377851009368896,20260221_174435_run8
tsfresh,SierraNevadaMountainsSnow,1206.9084870998847,16.301794454136243,34.74058846795611,0.8992127820590139,0.5399003028869629,20260221_174437_run8
tsfresh,SodiumConcentration,89546.11034367146,56.71921748510476,299.2425610498471,0.22947366991644813,0.40540170669555664,20260221_174440_run8
tsfresh,SolarRadiationAndalusia_nmv,0.5384195123027802,0.5428905161240898,0.7337707491463394,0.15175202398945498,0.4998924732208252,20260221_174442_run8
tsfresh,SteamPredictor,680626111.8796262,8708.19087048634,26088.81200590832,0.19780849523308763,0.47943735122680664,20260221_174444_run8
tsfresh,SulphurConcentration,1574.432886410683,16.137892316608525,39.6791240630471,-0.0026687700447698415,0.41906237602233887,20260221_174448_run8
tsfresh,WaveDataTension,299.1891654462676,13.788875647961655,17.297085461032665,-0.00043213258850993697,0.7884120941162109,20260221_174450_run8
tsfresh,WindTurbinePower,9622.705343090642,62.949071566447564,98.09538900014945,0.9874374995144408,0.4589264392852783,20260221_174452_run8
tsfresh,ZincConcentration,2.0577999729588092,0.8252748333811137,1.4345033889673489,0.04874811794440548,0.4116494655609131,20260221_174456_run8
tsfresh,ElectricMotorTemperature,13.483033717104805,2.1622492776328586,3.6719250696473646,0.9626233454993431,67.3378677368164,20260221_174703_run8
tsfresh,BeijingPM10Quality_nmv,3526.901585201614,33.529765232693755,59.387722512330896,0.79281223183327,62.1997344493866,20260221_174909_run8
tsfresh,BeijingPM25Quality_nmv,1101.5314346720122,18.90690055566053,33.189327119904256,0.9080583893533081,62.78181028366089,20260221_175115_run8
tsfresh,DailyTemperatureLatitude,64.58832654874477,3.6794518763299084,8.03668629154733,0.8577597961879446,40.56219983100891,20260221_175224_run8
tsfresh,Covid3Month,0.002240591027644415,0.03600289374791117,0.04733488172209174,0.04093675192649637,0.3968479633331299,20260221_175226_run9
tsfresh,FloodModeling1,0.0001003941652031808,0.004828933615495663,0.010019688877564053,0.8439095495180385,0.429365873336792,20260221_175228_run9
tsfresh,FloodModeling2,4.1804489789298564e-05,0.0012782913108370098,0.006465639163245856,0.7065778473977231,0.41402554512023926,20260221_175229_run9
tsfresh,FloodModeling3,2.9875701825181485e-05,0.004127949267625809,0.00546586697836505,0.9195427513557132,0.41936278343200684,20260221_175231_run9
tsfresh,IEEEPPG,43.15348463684794,2.7763509289284403,6.569131193456859,0.9492424853978494,3.126981258392334,20260221_175255_run9
tsfresh,HouseholdPowerConsumption2_nmv,876.0102389144237,21.76107799770255,29.597470143821813,0.6321626548179716,1.3835124969482422,20260221_175308_run9
tsfresh,HouseholdPowerConsumption1_nmv,4254.665075602136,16.838199023010432,65.22779373550922,0.9881231163569815,1.3358168601989746,20260221_175321_run9
tsfresh,AppliancesEnergy,5.7368369445952725,1.8634141440618608,2.395169502268111,0.5079657709122314,1.1158592700958252,20260221_175324_run9
tsfresh,BenzeneConcentration_nmv,32.78451092647854,4.02264265086346,5.725776010854646,0.40683613319821044,13.52240252494812,20260221_175418_run9
tsfresh,LiveFuelMoistureContent,1496.5059895734232,29.11476899648502,38.684699683123085,0.06726884050063886,7.543714761734009,20260221_175450_run9
tsfresh,BIDMC32RR,0.3099197100838973,0.2461351738233197,0.5567043291406106,0.9667450290760726,5.319644451141357,20260221_175551_run9
tsfresh,BIDMC32SpO2,0.0266014908782878,0.08403090737105326,0.16309963481960282,0.9976144748276257,5.38186240196228,20260221_175651_run9
tsfresh,BIDMC32HR,0.5816867030305519,0.3121070984482786,0.7626838814545328,0.9966380764171626,5.361025810241699,20260221_175749_run9
tsfresh,AcousticContaminationMadrid_nmv,16.405682527004362,2.458453941345215,4.05039288551177,0.7110276144836045,0.3942446708679199,20260221_175751_run9
tsfresh,AluminiumConcentration,125108.74664887387,236.12975039527532,353.7071481450069,0.5455003387690613,0.42662668228149414,20260221_175755_run9
tsfresh,BarCrawl6min,0.0019265338812202819,0.0309233311497031,0.04389229865500646,0.47967510867335894,0.43259668350219727,20260221_175756_run9
tsfresh,BeijingIntAirportPM25Quality,2476.4884032317163,35.56277514581627,49.76432862233466,0.5571264933793412,1.8537096977233887,20260221_175803_run9
tsfresh,BinanceCoinSentiment,0.11320842143472094,0.2669320388818089,0.3364645916507723,0.1028825168684725,0.4005002975463867,20260221_175804_run9
tsfresh,BitcoinSentiment,0.033282580105667856,0.12619636439335347,0.1824351394487034,0.4742549243722769,0.40296435356140137,20260221_175806_run9
tsfresh,BoronConcentration,0.17534504899520598,0.2663196965826319,0.4187422226086187,-0.1272424085519046,0.4074826240539551,20260221_175809_run9
tsfresh,CalciumConcentration,15901169.921639062,1692.4619778381668,3987.6271041358746,0.06240345894297383,0.4119877815246582,20260221_175813_run9
tsfresh,CardanoSentiment,0.07967871700725357,0.2336167292681607,0.28227418763899326,-0.017072687380034424,0.39037013053894043,20260221_175814_run9
tsfresh,ChilledWaterPredictor,4566107.079985472,513.3360406607773,2136.8451230693986,0.0987477986378893,0.5854406356811523,20260221_175817_run9
tsfresh,CopperConcentration,5.663657968464606,1.0738617973960898,2.379844105916311,0.20933218828834277,0.4114248752593994,20260221_175820_run9
tsfresh,Covid19Andalusia,0.0003415557579828932,0.011712112192022946,0.018481227177406082,0.558887258284797,0.3900034427642822,20260221_175821_run9
tsfresh,DailyOilGasPrices,1.74228317006294,0.7547405373145794,1.3199557454941206,0.6589101554983385,0.4035623073577881,20260221_175823_run9
tsfresh,DhakaHourlyAirQuality,0.2998504463328103,0.3414476029154952,0.5475860172911744,0.9999302268555639,0.8574378490447998,20260221_175825_run9
tsfresh,ElectricityPredictor,174488.27948979504,185.4879663255995,417.71794250402394,0.31030409034172834,0.833104133605957,20260221_175829_run9
tsfresh,EthereumSentiment,0.04715632266305553,0.163367364084275,0.21715506593919362,0.18586486765478372,0.42291975021362305,20260221_175830_run9
tsfresh,GasSensorArrayAcetone,0.0449066933105438,0.12897811130548817,0.2119119942583331,0.43649569202370186,0.39771604537963867,20260221_175835_run9
tsfresh,GasSensorArrayEthanol,0.061990984535750825,0.15267007603491947,0.2489798878137566,0.49609186425816354,0.40500974655151367,20260221_175840_run9
tsfresh,HotwaterPredictor,871289.7080688105,609.1929771166396,933.4290053714908,0.36034066053187397,0.4993722438812256,20260221_175842_run9
tsfresh,IronConcentration,5169.394128896959,49.64158834540326,71.89849879445995,0.09306831055691167,0.41844630241394043,20260221_175845_run9
tsfresh,LPGasMonitoringHomeActivity,1.446324285615314,0.8387020972934964,1.2026322320706833,0.12625982494261934,1.1764826774597168,20260221_175848_run9
tsfresh,MadridPM10Quality_nmv,83.33915245116287,6.78181864095171,9.129028012398848,0.49696030256105816,6.068366289138794,20260221_175907_run9
tsfresh,MagnesiumConcentration,75358.39769971649,136.8887830253795,274.51484058191915,0.6855688546224865,0.9333455562591553,20260221_175918_run9
tsfresh,ManganeseConcentration,11172.371302549098,73.5741920364214,105.69943851577027,0.08008270736891088,0.4194178581237793,20260221_175921_run9
tsfresh,MethaneMonitoringHomeActivity,0.2401273768707252,0.3120959262703498,0.4900279347860948,0.29751133916287076,1.1928300857543945,20260221_175924_run9
tsfresh,MetroInterstateTrafficVolume,268275.02034719766,449.6252512753282,517.9527201851513,0.0007370147122499615,0.9790091514587402,20260221_175928_run9
tsfresh,NaturalGasPricesSentiment,0.0028390817906789505,0.045635619399497854,0.05328303473601096,0.5802458092420862,0.49824023246765137,20260221_175929_run9
tsfresh,OccupancyDetectionLight,10850.416161005178,51.22180688066578,104.16533089759365,0.7071652011273101,0.45198655128479004,20260221_175931_run9
tsfresh,ParkingBirmingham_eq,0.011929416638417008,0.06088979518600058,0.10922186886524607,0.7575783190534047,0.8355584144592285,20260221_175933_run9
tsfresh,PhosphorusConcentration,658.5578667826788,9.112381256167094,25.662382328666972,0.14146372328054813,0.9337694644927979,20260221_175945_run9
tsfresh,PotassiumConcentration,102728.74316942086,102.7496581960772,320.51324960041956,0.19596945607263394,0.9260458946228027,20260221_175955_run9
tsfresh,PrecipitationAndalusia_nmv,0.1380104868726,0.2726821715741934,0.3714976270080335,0.5526310851387484,0.7202966213226318,20260221_175959_run9
tsfresh,SierraNevadaMountainsSnow,853.2434728678909,15.384276069936654,29.210331611741264,0.8849744653872945,0.5207638740539551,20260221_180001_run9
tsfresh,SodiumConcentration,23926.84537827703,45.113617854717646,154.68304812834867,0.06732727542575889,0.4198641777038574,20260221_180004_run9
tsfresh,SolarRadiationAndalusia_nmv,0.4996024129216367,0.5402938167160971,0.7068255887569695,0.1919384752103509,0.5002458095550537,20260221_180007_run9
tsfresh,SteamPredictor,576570676.6001887,7842.6955931061,24011.886152490995,0.16482033142468377,0.46430420875549316,20260221_180009_run9
tsfresh,SulphurConcentration,7624.999769713854,19.520217553702945,87.32124466425026,0.0019751107841320392,0.4252943992614746,20260221_180012_run9
tsfresh,WaveDataTension,305.9314680517772,13.921641204509617,17.49089671948746,0.005248469141944989,0.7942423820495605,20260221_180014_run9
tsfresh,WindTurbinePower,11159.047302211668,66.57624922410812,105.6363919405224,0.9853947270335747,0.45980000495910645,20260221_180016_run9
tsfresh,ZincConcentration,1.743146957771378,0.867837934238374,1.3202829082326932,0.035442644855113614,0.4167754650115967,20260221_180020_run9
tsfresh,ElectricMotorTemperature,14.890878993533017,2.2403136115301043,3.8588701705982564,0.9594427416976583,67.13289451599121,20260221_180227_run9
tsfresh,BeijingPM10Quality_nmv,3174.4187338980396,32.55905599533662,56.34198020923687,0.8112332673360707,62.27504563331604,20260221_180433_run9
tsfresh,BeijingPM25Quality_nmv,1169.937807319334,19.2882992173148,34.204353631070624,0.9008532104712569,61.95932388305664,20260221_180638_run9
tsfresh,DailyTemperatureLatitude,69.55050994275152,3.790774546894924,8.339694835109468,0.8479891877873043,40.56980299949646,20260221_180747_run9
tsfresh,Covid3Month,0.0019910276639377848,0.03334629618159409,0.04462093302406153,0.021796316888858636,0.42602062225341797,20260221_180748_run10
tsfresh,FloodModeling1,5.023682743132081e-05,0.004678207664206473,0.0070877942571240604,0.8537828428984899,0.5474042892456055,20260221_180750_run10
tsfresh,FloodModeling2,4.030083678235047e-05,0.001343874863131121,0.006348294005664079,0.6408727017173104,0.4115407466888428,20260221_180752_run10
tsfresh,FloodModeling3,5.583746008636049e-05,0.00476183966190919,0.007472446726900132,0.8770208490588838,0.4042928218841553,20260221_180753_run10
tsfresh,IEEEPPG,43.550260571256246,2.869941513350886,6.59926212324198,0.9508343711221056,3.0902090072631836,20260221_180817_run10
tsfresh,HouseholdPowerConsumption2_nmv,887.4943115184233,22.10098400273893,29.790842746025554,0.6390182156895999,1.3588669300079346,20260221_180830_run10
tsfresh,HouseholdPowerConsumption1_nmv,828.9487929110471,12.300218172924172,28.791470836187706,0.9977965536855521,1.3588917255401611,20260221_180844_run10
tsfresh,AppliancesEnergy,5.502224511411152,1.8771054703848702,2.345682099392659,0.6451385745578346,1.009960651397705,20260221_180847_run10
tsfresh,BenzeneConcentration_nmv,33.69245004908917,4.029127596336389,5.8045197948744365,0.4109504084259037,13.65371298789978,20260221_180942_run10
tsfresh,LiveFuelMoistureContent,1568.832994869501,29.565169697338384,39.608496498472405,0.06162826837730129,7.553516387939453,20260221_181015_run10
tsfresh,BIDMC32RR,0.2669448397002872,0.2429980791145035,0.5166670491721793,0.9716602605107876,5.311032056808472,20260221_181115_run10
tsfresh,BIDMC32SpO2,0.02098221671515475,0.07763497978994643,0.14485239630449595,0.9981375854996535,5.402921915054321,20260221_181215_run10
tsfresh,BIDMC32HR,0.27560656960821056,0.2825047900676302,0.5249824469524772,0.9984501235217802,5.344400405883789,20260221_181317_run10
tsfresh,AcousticContaminationMadrid_nmv,8.394425759406777,2.1520094341701923,2.897313541784316,0.7705741530159382,0.40244078636169434,20260221_181318_run10
tsfresh,AluminiumConcentration,132358.55281426074,243.88586854125327,363.81114993119814,0.501100190178237,0.410907506942749,20260221_181321_run10
tsfresh,BarCrawl6min,0.002062950237302225,0.03398577045477051,0.04541971199052483,0.275026534620298,0.42431640625,20260221_181322_run10
tsfresh,BeijingIntAirportPM25Quality,2317.9991849045955,35.20500505778749,48.14560400394407,0.6126902666462173,1.816847801208496,20260221_181328_run10
tsfresh,BinanceCoinSentiment,0.13906482622939836,0.28329623835338635,0.3729139662568276,0.0007957612025777383,0.4165022373199463,20260221_181330_run10
tsfresh,BitcoinSentiment,0.047013948232094066,0.1474778990479708,0.21682700069893063,0.40118752561057724,0.4199259281158447,20260221_181331_run10
tsfresh,BoronConcentration,1.9836099480536897,0.43785401037654026,1.4084068829900291,0.11603641170867851,0.4177401065826416,20260221_181335_run10
tsfresh,CalciumConcentration,9079999.691907117,1264.8914580947317,3013.3037835417654,0.1496731213887078,0.4194629192352295,20260221_181338_run10
tsfresh,CardanoSentiment,0.06907157690662706,0.19493370312199448,0.26281471972975,0.012080547544154552,0.4022245407104492,20260221_181340_run10
tsfresh,ChilledWaterPredictor,10531762.479574932,741.5780310184891,3245.267705378854,0.029007026144714843,0.5900194644927979,20260221_181342_run10
tsfresh,CopperConcentration,4.392466036988381,1.07186680981028,2.095821088974052,0.22250510508445753,0.41916656494140625,20260221_181345_run10
tsfresh,Covid19Andalusia,0.0003580882335181916,0.011389609419694167,0.018923219427945965,0.7396211544554246,0.3943667411804199,20260221_181347_run10
tsfresh,DailyOilGasPrices,0.8839360839028538,0.7141516019360773,0.9401787510377236,0.7260860353726944,0.40728187561035156,20260221_181348_run10
tsfresh,DhakaHourlyAirQuality,0.2855358969637978,0.32699652429684073,0.5343555903738613,0.9999268040398195,0.868293046951294,20260221_181351_run10
tsfresh,ElectricityPredictor,190298.40272626354,183.31876700336457,436.23205146603283,-0.00642605641920202,0.8155591487884521,20260221_181354_run10
tsfresh,EthereumSentiment,0.04046736297062892,0.15578613915565973,0.20116501428088562,0.26297810713588177,0.4071493148803711,20260221_181356_run10
tsfresh,GasSensorArrayAcetone,0.048898332888803075,0.13302555578741573,0.22112967437411712,0.4748337910855358,0.3956758975982666,20260221_181401_run10
tsfresh,GasSensorArrayEthanol,0.06515471131370583,0.15051326533092443,0.2552542091988021,0.3661741404860859,0.3941621780395508,20260221_181405_run10
tsfresh,HotwaterPredictor,989285.1992540029,584.3297366388774,994.6281713555086,0.5640854634886047,0.4871487617492676,20260221_181408_run10
tsfresh,IronConcentration,6067.065036927575,52.5515183979532,77.89136689600187,0.09776944557473921,0.4189646244049072,20260221_181410_run10
tsfresh,LPGasMonitoringHomeActivity,1.4097765808062008,0.8542593721400548,1.1873401285251841,0.1175680093202095,1.1911373138427734,20260221_181414_run10
tsfresh,MadridPM10Quality_nmv,86.90448619058627,6.896317917594378,9.322257569418808,0.5048356356127335,6.050113201141357,20260221_181433_run10
tsfresh,MagnesiumConcentration,79074.1532649583,138.22213952144057,281.2012682491996,0.6625330067308248,0.9436752796173096,20260221_181444_run10
tsfresh,ManganeseConcentration,9998.737879217377,71.5696342889537,99.99368919695571,0.1046517452871869,0.42876529693603516,20260221_181447_run10
tsfresh,MethaneMonitoringHomeActivity,0.272510984843584,0.3374714326623467,0.5220258469114187,0.2958366439566087,1.1881115436553955,20260221_181450_run10
tsfresh,MetroInterstateTrafficVolume,320089.4135484185,467.5471115600028,565.764450587361,0.03172399016458127,0.9802377223968506,20260221_181454_run10
tsfresh,NaturalGasPricesSentiment,0.0022184232508555214,0.03985401960620128,0.04710014066704601,0.7084353312907536,0.3894822597503662,20260221_181455_run10
tsfresh,OccupancyDetectionLight,10321.860977910774,55.04199394019809,101.59655987242272,0.7425255303559626,0.44527459144592285,20260221_181457_run10
tsfresh,ParkingBirmingham_eq,0.012186428210860979,0.06406454876062521,0.11039215647346046,0.7663353734333735,0.8332204818725586,20260221_181500_run10
tsfresh,PhosphorusConcentration,826.7398915395369,10.535978074462324,28.75308490474608,0.17652516879265523,0.9370725154876709,20260221_181511_run10
tsfresh,PotassiumConcentration,59842.36725623868,94.6037637917101,244.62699617221048,0.200493584851549,0.9322469234466553,20260221_181522_run10
tsfresh,PrecipitationAndalusia_nmv,0.21974345466077141,0.3094823052079909,0.4687680179585329,0.48123385245834793,0.7276334762573242,20260221_181525_run10
tsfresh,SierraNevadaMountainsSnow,1124.4830931794659,17.175376010228742,33.53331318524112,0.8851226938769109,0.5250458717346191,20260221_181527_run10
tsfresh,SodiumConcentration,149759.526487514,82.4777940106001,386.9877601262267,0.16427394312617938,0.42177724838256836,20260221_181530_run10
tsfresh,SolarRadiationAndalusia_nmv,0.5357920404665221,0.5457208368760353,0.7319781693920401,0.14485805426692355,0.5053098201751709,20260221_181533_run10
tsfresh,SteamPredictor,169085444.47535098,3872.598634652083,13003.285910697763,-0.34430749044667186,0.47271037101745605,20260221_181535_run10
tsfresh,SulphurConcentration,3432.932421411746,16.520982188199827,58.59123160859264,-0.03120120671783555,0.41606855392456055,20260221_181538_run10
tsfresh,WaveDataTension,293.1853257180746,13.806187558864986,17.122655334908618,0.016546994512158797,0.8032512664794922,20260221_181541_run10
tsfresh,WindTurbinePower,6560.591387944644,43.26540375307721,80.9974776640893,0.9921567489984974,0.4615466594696045,20260221_181543_run10
tsfresh,ZincConcentration,1.134556150841961,0.7504707237263626,1.0651554585326788,0.012909619475223733,0.436779260635376,20260221_181546_run10
tsfresh,ElectricMotorTemperature,13.441997464485244,2.1876581538066286,3.666332972396976,0.9631048331481735,67.34827613830566,20260221_181754_run10
tsfresh,BeijingPM10Quality_nmv,2972.860453427372,32.81620779876286,54.523943854304704,0.8128376802576402,62.16554307937622,20260221_182000_run10
tsfresh,BeijingPM25Quality_nmv,963.9245389346419,18.591376864626742,31.047134150105414,0.9122116916990605,62.04721236228943,20260221_182205_run10
tsfresh,DailyTemperatureLatitude,72.18609673893975,3.833705676786048,8.496240153087703,0.8420589643233035,40.582412004470825,20260221_182314_run10
tsfresh,Covid3Month,0.0018737276524000046,0.03374022277765144,0.04328657589137774,0.07195644745136343,0.4038119316101074,20260221_182316_run11
tsfresh,FloodModeling1,3.588787040328475e-05,0.004155506719457041,0.00599064857951831,0.9032949775685886,0.44100236892700195,20260221_182318_run11
tsfresh,FloodModeling2,3.830446753495092e-05,0.0009280084205503991,0.006189060311141823,0.7180657494490708,0.4121277332305908,20260221_182320_run11
tsfresh,FloodModeling3,5.0847120598313565e-05,0.004500023896279542,0.007130716695978993,0.8537597751250019,0.4213240146636963,20260221_182321_run11
tsfresh,IEEEPPG,31.7373950973544,2.7658203919265056,5.633595219516078,0.9621729156869242,3.104001998901367,20260221_182345_run11
tsfresh,HouseholdPowerConsumption2_nmv,1021.3803507364933,22.768801765375162,31.95904176812085,0.6065903516594743,1.3610219955444336,20260221_182358_run11
tsfresh,HouseholdPowerConsumption1_nmv,10101.385073559391,15.711767996117949,100.50564697348797,0.974106635080568,1.3618574142456055,20260221_182412_run11
tsfresh,AppliancesEnergy,4.0572628745768275,1.5956504331316266,2.0142648471779543,0.7352034814638403,0.9872803688049316,20260221_182415_run11
tsfresh,BenzeneConcentration_nmv,33.693218646434694,4.045866503265563,5.804586001295415,0.3973437138898297,13.578455686569214,20260221_182509_run11
tsfresh,LiveFuelMoistureContent,1675.6594717034693,30.18052746137404,40.934819795663806,0.04966265094400568,7.565819263458252,20260221_182542_run11
tsfresh,BIDMC32RR,0.3129605798315124,0.24294737185049656,0.5594287978210564,0.9677017843701191,5.327575206756592,20260221_182642_run11
tsfresh,BIDMC32SpO2,0.026108654915488395,0.07668024154516456,0.161581728284755,0.9975572714935722,5.387509822845459,20260221_182743_run11
tsfresh,BIDMC32HR,0.49097255903984327,0.3095267909226094,0.7006943406649173,0.9973600563950836,5.329924821853638,20260221_182842_run11
tsfresh,AcousticContaminationMadrid_nmv,8.427262098702805,2.1100182003445087,2.902974698253983,0.7937452751070456,0.38349318504333496,20260221_182844_run11
tsfresh,AluminiumConcentration,72630.28424412778,201.44794587311924,269.5000635326971,0.4737630874436948,0.4245419502258301,20260221_182848_run11
tsfresh,BarCrawl6min,0.002487568970273447,0.03786718203211244,0.049875534786841605,0.20135225229458809,0.410646915435791,20260221_182850_run11
tsfresh,BeijingIntAirportPM25Quality,2257.1942553000777,33.79257658578582,47.50993848975262,0.5991583716947572,1.8486790657043457,20260221_182856_run11
tsfresh,BinanceCoinSentiment,0.12925531345164468,0.2766471327184122,0.35952094994818407,0.09245719793762142,0.42015671730041504,20260221_182858_run11
tsfresh,BitcoinSentiment,0.02748773246771381,0.1298354787045717,0.1657942473902934,0.4872550853424056,0.4023146629333496,20260221_182859_run11
tsfresh,BoronConcentration,1.7879512277709866,0.39214088454888546,1.3371429346823722,0.09002848842209299,0.4219081401824951,20260221_182903_run11
tsfresh,CalciumConcentration,17073842.11209558,1539.8235106015827,4132.050594087103,0.08065230959511949,0.4326333999633789,20260221_182906_run11
tsfresh,CardanoSentiment,0.0709195617650501,0.20021276168245256,0.2663072694558864,-0.042963279106708496,0.39783382415771484,20260221_182907_run11
tsfresh,ChilledWaterPredictor,7111613.674561996,615.0369997398712,2666.760895648876,0.07383774404684973,0.6004869937896729,20260221_182910_run11
tsfresh,CopperConcentration,3.7175695890079643,1.0243183309693187,1.9280999945562898,0.23885418787922819,0.43475818634033203,20260221_182913_run11
tsfresh,Covid19Andalusia,0.00012254469492384895,0.007669630238956979,0.011069990737297341,0.8278688640703009,0.39867186546325684,20260221_182915_run11
tsfresh,DailyOilGasPrices,2.701209550199016,1.0156787265931055,1.6435356857090193,0.338059605222795,0.414548397064209,20260221_182916_run11
tsfresh,DhakaHourlyAirQuality,0.37742325500478446,0.36564867712769283,0.6143478290063248,0.9999051428506506,0.8481042385101318,20260221_182919_run11
tsfresh,ElectricityPredictor,165987.3237416177,171.74948286530943,407.4154191260042,0.15885459237571886,0.8190863132476807,20260221_182922_run11
tsfresh,EthereumSentiment,0.0486767880601781,0.16750435148355,0.22062816696917487,0.33152520248284345,0.4177243709564209,20260221_182924_run11
tsfresh,GasSensorArrayAcetone,0.05412455981572609,0.14507271342874445,0.23264685644926753,0.42940976097879113,0.40927743911743164,20260221_182929_run11
tsfresh,GasSensorArrayEthanol,0.06026200626572446,0.1507813964752859,0.24548320974299742,0.36034176754623615,0.39521169662475586,20260221_182934_run11
tsfresh,HotwaterPredictor,1064602.4501996047,593.2684171712725,1031.795740541511,0.4298723679516945,0.4905586242675781,20260221_182936_run11
tsfresh,IronConcentration,5927.876739456755,49.54914948919545,76.99270575487495,0.08236475013115263,0.42133259773254395,20260221_182939_run11
tsfresh,LPGasMonitoringHomeActivity,1.380394864275478,0.858663229768158,1.1749020658231384,0.08619194149458154,1.1891391277313232,20260221_182942_run11
tsfresh,MadridPM10Quality_nmv,80.4353912009682,6.734889770311308,8.968577992132767,0.48727985899589144,6.055932283401489,20260221_183001_run11
tsfresh,MagnesiumConcentration,72878.49236031776,127.27092712792367,269.9601680995138,0.6377270376717888,0.9267051219940186,20260221_183012_run11
tsfresh,ManganeseConcentration,11634.905749529724,71.78316706134962,107.8652202961164,0.08542905338579321,0.43796706199645996,20260221_183015_run11
tsfresh,MethaneMonitoringHomeActivity,0.23020409925187715,0.3164189863854065,0.47979589332535677,0.24757730090401764,1.174494743347168,20260221_183018_run11
tsfresh,MetroInterstateTrafficVolume,324518.2959982105,459.6146455390268,569.6650735284817,0.0024104545440624126,0.9594252109527588,20260221_183022_run11
tsfresh,NaturalGasPricesSentiment,0.003954560604169372,0.04837285407077332,0.06288529720188474,0.45204141278337284,0.3755526542663574,20260221_183023_run11
tsfresh,OccupancyDetectionLight,11088.329562471152,52.591814017763305,105.30113751746062,0.7540415089047442,0.4421534538269043,20260221_183025_run11
tsfresh,ParkingBirmingham_eq,0.011203437151625105,0.05885258446124094,0.10584629021191581,0.7768588164361565,0.8322901725769043,20260221_183027_run11
tsfresh,PhosphorusConcentration,1060.7579279699119,9.770623452387209,32.56927889852509,0.13147914424757445,0.9334852695465088,20260221_183039_run11
tsfresh,PotassiumConcentration,61074.38929894883,100.28717967151135,247.13233155325676,0.32312377804005654,0.9390454292297363,20260221_183050_run11
tsfresh,PrecipitationAndalusia_nmv,0.14768042303780426,0.2824137800265145,0.3842921063953881,0.49956918443079956,0.7359042167663574,20260221_183053_run11
tsfresh,SierraNevadaMountainsSnow,797.0783517766928,14.853418835763087,28.232576074044196,0.9289324245590156,0.5190956592559814,20260221_183055_run11
tsfresh,SodiumConcentration,925345.8491350323,119.77080010627789,961.9489846842358,-0.006116953323792806,0.5145800113677979,20260221_183058_run11
tsfresh,SolarRadiationAndalusia_nmv,0.5266520704689693,0.5597136814038777,0.7257079787827673,0.19806469416709505,0.5169217586517334,20260221_183101_run11
tsfresh,SteamPredictor,422109542.7249048,7759.641174741567,20545.304639379403,0.3576023407583069,0.47989821434020996,20260221_183103_run11
tsfresh,SulphurConcentration,145815.67552261226,55.41464398928339,381.85818771189423,-0.012493537084682371,0.4154233932495117,20260221_183106_run11
tsfresh,WaveDataTension,314.48200072978585,14.130146784814084,17.73364036879585,-0.00010806209818015056,0.7929739952087402,20260221_183109_run11
tsfresh,WindTurbinePower,8430.373967505913,49.67752130205115,91.81706795310942,0.9896407859104217,0.4721338748931885,20260221_183110_run11
tsfresh,ZincConcentration,3.6259117102471357,0.9457023439457278,1.9041826882542379,0.02085675854364244,0.41926026344299316,20260221_183114_run11
tsfresh,ElectricMotorTemperature,13.189677743992132,2.143748163281576,3.6317595933640945,0.963702845463446,67.2830171585083,20260221_183321_run11
tsfresh,BeijingPM10Quality_nmv,3098.4250299086375,33.39169675744657,55.663498182459186,0.8074823257348865,62.233834981918335,20260221_183526_run11
tsfresh,BeijingPM25Quality_nmv,1162.0341457641475,19.78591994200191,34.088621939939834,0.8975672833286945,62.04372525215149,20260221_183731_run11
tsfresh,DailyTemperatureLatitude,66.81542713817852,3.6977709354457216,8.174070414314922,0.8521205565547227,40.59462118148804,20260221_183840_run11
tsfresh,Covid3Month,0.0012356216178197646,0.029141730034117855,0.03515140989803631,-0.1045615446596384,0.40107059478759766,20260221_183842_run12
tsfresh,FloodModeling1,0.00032869628686852537,0.006219118830000999,0.018129983090685038,0.4605973098168211,0.42390894889831543,20260221_183844_run12
tsfresh,FloodModeling2,2.7218535122887038e-05,0.0011172161742822526,0.005217138595330494,0.596189169821137,0.4250223636627197,20260221_183845_run12
tsfresh,FloodModeling3,4.109037585342219e-05,0.004516680751157842,0.006410177521209704,0.896040889326025,0.4288756847381592,20260221_183847_run12
tsfresh,IEEEPPG,31.70064718095871,2.678366553052811,5.630332777106404,0.9640349714016081,3.077240228652954,20260221_183910_run12
tsfresh,HouseholdPowerConsumption2_nmv,885.6176754971573,22.156427233359555,29.759329217863048,0.645708701221885,1.3639798164367676,20260221_183924_run12
tsfresh,HouseholdPowerConsumption1_nmv,1981.9395669388582,13.496030157951154,44.51897985060819,0.9948674068587691,1.348022222518921,20260221_183937_run12
tsfresh,AppliancesEnergy,7.256045556380082,2.2081508500235416,2.6937048012690776,0.5880130316487011,0.9926893711090088,20260221_183940_run12
tsfresh,BenzeneConcentration_nmv,33.14500208946848,4.007819874836448,5.757169624865024,0.42070004619278334,13.581471920013428,20260221_184035_run12
tsfresh,LiveFuelMoistureContent,1539.0266008921049,29.533593244742082,39.230429527244596,0.060641533141392534,7.552962064743042,20260221_184107_run12
tsfresh,BIDMC32RR,0.2361546589758091,0.24065270299149663,0.4859574662208711,0.9735986094312201,5.336842060089111,20260221_184208_run12
tsfresh,BIDMC32SpO2,0.021594299263889113,0.07685922636083652,0.1469499889890745,0.9980508579939349,5.380132436752319,20260221_184308_run12
tsfresh,BIDMC32HR,0.5607548388190752,0.34369733318964224,0.7488356554138399,0.9966537998758065,5.344559669494629,20260221_184407_run12
tsfresh,AcousticContaminationMadrid_nmv,5.336687415407441,1.881782150268555,2.310127142693112,0.8302651571338424,0.3937690258026123,20260221_184409_run12
tsfresh,AluminiumConcentration,101304.88216736798,232.60215639080064,318.28427885676035,0.5400283309210665,0.4099252223968506,20260221_184413_run12
tsfresh,BarCrawl6min,0.002167255607960907,0.03286588001003166,0.046553792627034234,0.25568907725040335,0.42751145362854004,20260221_184415_run12
tsfresh,BeijingIntAirportPM25Quality,2613.4163607002356,37.03501757726831,51.121584098111,0.5895001952194692,1.8368325233459473,20260221_184421_run12
tsfresh,BinanceCoinSentiment,0.09638591906093182,0.2212515237150313,0.31046081727157104,0.08294636505535191,0.4000856876373291,20260221_184423_run12
tsfresh,BitcoinSentiment,0.02730266761388289,0.12330554445016384,0.16523518878823268,0.4033592817786458,0.4171876907348633,20260221_184424_run12
tsfresh,BoronConcentration,0.1999793934415169,0.2808636811225021,0.4471905560737133,0.1838184745136926,0.416978120803833,20260221_184428_run12
tsfresh,CalciumConcentration,21320674.40279292,1765.003278540167,4617.431580737599,0.013296396821357859,0.4134190082550049,20260221_184431_run12
tsfresh,CardanoSentiment,0.11134268673173017,0.2513356404246706,0.3336805159605969,-0.15702398605937518,0.3903629779815674,20260221_184433_run12
tsfresh,ChilledWaterPredictor,3634283.3908868874,504.1007351838565,1906.3796554954333,-0.01822509150061924,0.7161977291107178,20260221_184435_run12
tsfresh,CopperConcentration,3.8650617408420884,1.0306740149797586,1.9659760275349465,0.30383006360746245,0.41789746284484863,20260221_184439_run12
tsfresh,Covid19Andalusia,0.0003394849142033111,0.011210594030644845,0.018425116395923015,0.6930934375274255,0.38646697998046875,20260221_184440_run12
tsfresh,DailyOilGasPrices,1.0824336175170384,0.7075747372210712,1.040400700459702,0.7652336943493033,0.39853453636169434,20260221_184441_run12
tsfresh,DhakaHourlyAirQuality,0.31493018702537195,0.3514141690903816,0.5611864102286975,0.999918473670702,0.852849006652832,20260221_184444_run12
tsfresh,ElectricityPredictor,150591.87668298982,161.74739965285593,388.0616918519397,0.27854747916554157,0.8154504299163818,20260221_184447_run12
tsfresh,EthereumSentiment,0.05359068190572616,0.17034135556822624,0.23149661316253886,0.2543532322382219,0.40707921981811523,20260221_184449_run12
tsfresh,GasSensorArrayAcetone,0.050944326177156746,0.12595937950235175,0.2257084982386723,0.28214413565287855,0.4098796844482422,20260221_184453_run12
tsfresh,GasSensorArrayEthanol,0.054263346417434244,0.13594556713209646,0.23294494288873122,0.5189484918962278,0.396867036819458,20260221_184459_run12
tsfresh,HotwaterPredictor,1146541.913373959,602.4749744401414,1070.7669743571469,0.18838925669225837,0.6196291446685791,20260221_184501_run12
tsfresh,IronConcentration,7360.263121367254,57.709590420100994,85.79197585652899,0.0021235517587239183,0.4154386520385742,20260221_184504_run12
tsfresh,LPGasMonitoringHomeActivity,1.5017824889422073,0.8665672177398647,1.225472353397745,0.1079310195658042,1.1702401638031006,20260221_184507_run12
tsfresh,MadridPM10Quality_nmv,79.33462227187246,6.7066471538152355,8.906998499599764,0.509059818746685,6.067483186721802,20260221_184526_run12
tsfresh,MagnesiumConcentration,97602.83826213235,141.44455678107886,312.41452953109007,0.548435294318432,0.9334614276885986,20260221_184537_run12
tsfresh,ManganeseConcentration,11030.563271548861,74.29716991723102,105.02648842815255,0.0711652394324852,0.4288926124572754,20260221_184540_run12
tsfresh,MethaneMonitoringHomeActivity,0.23856592798759926,0.3237770769297979,0.48843211195374864,0.2631142826793881,1.1770572662353516,20260221_184543_run12
tsfresh,MetroInterstateTrafficVolume,286848.7227455689,441.52737518728594,535.5826012349252,0.02470141128621106,0.952639102935791,20260221_184547_run12
tsfresh,NaturalGasPricesSentiment,0.0028177729850533796,0.044001136186135395,0.05308269948913091,0.5045346808695557,0.3747873306274414,20260221_184548_run12
tsfresh,OccupancyDetectionLight,9320.63688530951,46.34356295384089,96.5434455844078,0.7998268682174863,0.4578897953033447,20260221_184550_run12
tsfresh,ParkingBirmingham_eq,0.010066642286898604,0.05892375251974381,0.10033265812734458,0.8001031079492116,0.8453254699707031,20260221_184553_run12
tsfresh,PhosphorusConcentration,448.9624671119888,8.230473068719087,21.188734438658408,0.19238060211389818,0.9297270774841309,20260221_184604_run12
tsfresh,PotassiumConcentration,45571.213904209544,88.46357892707859,213.47415277782355,0.30492277876111995,0.9256408214569092,20260221_184614_run12
tsfresh,PrecipitationAndalusia_nmv,0.17053132585285308,0.2948178158404875,0.4129543871335587,0.4591256063270196,0.7400550842285156,20260221_184618_run12
tsfresh,SierraNevadaMountainsSnow,996.8526927269515,15.811694291741151,31.57297408745257,0.9043532252420012,0.5061821937561035,20260221_184620_run12
tsfresh,SodiumConcentration,1030758.1354535683,144.21907996297534,1015.2625943338838,-0.0030326422843864886,0.4257209300994873,20260221_184623_run12
tsfresh,SolarRadiationAndalusia_nmv,0.4642637233730145,0.5254947473115251,0.6813690067599307,0.2476129269954852,0.5193719863891602,20260221_184626_run12
tsfresh,SteamPredictor,613569380.8651456,8896.804533444109,24770.332675705944,0.28611998384707615,0.47197771072387695,20260221_184628_run12
tsfresh,SulphurConcentration,8014.223394036784,21.440559512233232,89.52219497999803,-0.0040136693462515804,0.410625696182251,20260221_184631_run12
tsfresh,WaveDataTension,298.6692305260529,13.894063056380974,17.282049372862378,0.009716263728078767,0.7932016849517822,20260221_184634_run12
tsfresh,WindTurbinePower,8419.170663200262,64.42794279611348,91.75603883778038,0.9889910742541353,0.4649386405944824,20260221_184635_run12
tsfresh,ZincConcentration,1.035371182412848,0.7692974883234313,1.0175319073192977,-0.043159848812083235,0.41196370124816895,20260221_184639_run12
tsfresh,ElectricMotorTemperature,12.920762294065693,2.093172749524701,3.5945461874992914,0.9646347393104531,67.32567882537842,20260221_184846_run12
tsfresh,BeijingPM10Quality_nmv,3308.2640749255643,33.302200274119855,57.51751102860384,0.8038566587234095,62.557111978530884,20260221_185052_run12
tsfresh,BeijingPM25Quality_nmv,1244.9645505838362,19.974510051142396,35.28405518904872,0.8912951542413124,61.95881533622742,20260221_185257_run12
tsfresh,DailyTemperatureLatitude,66.64786319594694,3.695828224851863,8.163814255355577,0.8519712389239402,40.50828814506531,20260221_185406_run12
tsfresh,Covid3Month,0.00215157620781561,0.03429413787476245,0.04638508604945785,0.058689066782246946,0.4042079448699951,20260221_185408_run13
tsfresh,FloodModeling1,0.000330341995238353,0.006482816670200609,0.018175312796162628,0.4744909822905723,0.4153907299041748,20260221_185409_run13
tsfresh,FloodModeling2,5.804330153254313e-05,0.0015425114542690745,0.007618615460340752,0.7471798050222033,0.4122188091278076,20260221_185411_run13
tsfresh,FloodModeling3,3.8389324291859026e-05,0.004151617028143094,0.00619591190155727,0.8992764755096218,0.40888309478759766,20260221_185413_run13
tsfresh,IEEEPPG,27.30712512522946,2.476434708658194,5.225621984532507,0.9680928634060995,3.095355272293091,20260221_185436_run13
tsfresh,HouseholdPowerConsumption2_nmv,936.2505348969062,22.244135702238832,30.598211302246185,0.6245322625202178,1.342726469039917,20260221_185450_run13
tsfresh,HouseholdPowerConsumption1_nmv,16697.948964373212,18.918940274163518,129.2205438944335,0.9524470938400733,1.3527202606201172,20260221_185503_run13
tsfresh,AppliancesEnergy,6.90187279328698,2.1396116838001067,2.62714156323693,0.5492730943824233,1.0054550170898438,20260221_185507_run13
tsfresh,BenzeneConcentration_nmv,32.50132040247248,4.019522604856915,5.700992931277189,0.4215686529071606,13.566107034683228,20260221_185601_run13
tsfresh,LiveFuelMoistureContent,1486.2952776198294,29.348451318804003,38.55250027715232,0.06282608619902152,7.5414955615997314,20260221_185634_run13
tsfresh,BIDMC32RR,0.2630364852689755,0.23848173152231594,0.512870827079271,0.9710058736030145,5.324436902999878,20260221_185735_run13
tsfresh,BIDMC32SpO2,0.022985212748050092,0.07848707828253192,0.15160874891657833,0.9978001127081803,5.3886895179748535,20260221_185835_run13
tsfresh,BIDMC32HR,0.4753126153795639,0.300953495859539,0.6894291953344911,0.9972396124831698,5.353548765182495,20260221_185935_run13
tsfresh,AcousticContaminationMadrid_nmv,11.36540199173304,2.3252019246419278,3.3712611871127756,0.7458870321832793,0.38396310806274414,20260221_185937_run13
tsfresh,AluminiumConcentration,99137.04720208395,219.41372915891617,314.86036143357893,0.5217472874586147,0.4144773483276367,20260221_185939_run13
tsfresh,BarCrawl6min,0.0024065051840218682,0.03574320986904904,0.04905614318331465,0.3220988276502552,0.4095430374145508,20260221_185941_run13
tsfresh,BeijingIntAirportPM25Quality,2233.5713397080153,34.41593804332496,47.26067434673373,0.5665411432536699,1.8665201663970947,20260221_185946_run13
tsfresh,BinanceCoinSentiment,0.1263809061977944,0.26920110777003475,0.355500922921157,0.0708901594383281,0.41387486457824707,20260221_185948_run13
tsfresh,BitcoinSentiment,0.027390682184412884,0.12133493547308444,0.16550130568793978,0.5029381042422876,0.4186844825744629,20260221_185949_run13
tsfresh,BoronConcentration,15.568944308875729,0.5646842006733125,3.9457501579390106,0.03535292531860923,0.4332554340362549,20260221_185952_run13
tsfresh,CalciumConcentration,4413140.046935528,1189.3915546644919,2100.7474971865436,0.014051805754662583,0.41689062118530273,20260221_185955_run13
tsfresh,CardanoSentiment,0.08491385500653925,0.2318902812134136,0.2913998198464427,0.0045765800668161605,0.402010440826416,20260221_185957_run13
tsfresh,ChilledWaterPredictor,3839038.887912139,513.7113179661345,1959.3465461505625,-0.01725142551196135,0.5869953632354736,20260221_185959_run13
tsfresh,CopperConcentration,3.6455419572611167,1.01057104301768,1.9093302378742962,0.29707278156572703,0.4268460273742676,20260221_190003_run13
tsfresh,Covid19Andalusia,0.00019166309750814117,0.008566272936957966,0.013844244201405188,0.7983132505352306,0.4052300453186035,20260221_190004_run13
tsfresh,DailyOilGasPrices,2.1237458520554195,0.8861915800576923,1.457307741026383,0.5402834695362322,0.5303637981414795,20260221_190005_run13
tsfresh,DhakaHourlyAirQuality,0.304389401917742,0.34540864695673384,0.5517149643772062,0.9999280215966347,0.8479809761047363,20260221_190008_run13
tsfresh,ElectricityPredictor,169241.16224276496,174.28681046647725,411.3893073996515,0.25748957738490064,0.8134143352508545,20260221_190011_run13
tsfresh,EthereumSentiment,0.05304707793517552,0.18103878519223116,0.23031951271044215,0.2903959759506012,0.4253058433532715,20260221_190013_run13
tsfresh,GasSensorArrayAcetone,0.05098257392283789,0.13566045262508852,0.22579321053308465,0.430281108989639,0.42101383209228516,20260221_190018_run13
tsfresh,GasSensorArrayEthanol,0.05441894102470621,0.1370816270405859,0.23327867674673183,0.5113093874322516,0.40452051162719727,20260221_190022_run13
tsfresh,HotwaterPredictor,1162137.3932744323,647.2135942062289,1078.024764685131,0.5827145541956565,0.4944281578063965,20260221_190024_run13
tsfresh,IronConcentration,8190.251165856157,59.805386730857514,90.500006441194,0.008717631678231919,0.41239380836486816,20260221_190027_run13
tsfresh,LPGasMonitoringHomeActivity,1.5764683849353718,0.8756338851173991,1.2555749220717065,0.10963050343471115,1.165412187576294,20260221_190031_run13
tsfresh,MadridPM10Quality_nmv,87.73381041368869,6.957281087297638,9.366632821547382,0.48555747026943674,6.054856061935425,20260221_190050_run13
tsfresh,MagnesiumConcentration,87345.3237537308,132.4635855345904,295.54242293405326,0.5767550599353763,0.9418652057647705,20260221_190101_run13
tsfresh,ManganeseConcentration,11520.20806021057,75.57643822444004,107.3322321588933,0.11100337918222591,0.43253588676452637,20260221_190104_run13
tsfresh,MethaneMonitoringHomeActivity,0.2497405098041631,0.33269917966671303,0.49974044243403304,0.24415825248500322,1.193371295928955,20260221_190107_run13
tsfresh,MetroInterstateTrafficVolume,331749.41221440694,467.8766516837899,575.9769198625992,0.021195503448354858,0.9791600704193115,20260221_190111_run13
tsfresh,NaturalGasPricesSentiment,0.0029413450061526506,0.04492333550378307,0.054234168253534144,0.546786638337092,0.3858957290649414,20260221_190112_run13
tsfresh,OccupancyDetectionLight,12588.74066788609,59.91818411955562,112.19955734264771,0.6834126053417471,0.44553351402282715,20260221_190114_run13
tsfresh,ParkingBirmingham_eq,0.010061987085313437,0.05843949707215718,0.10030945660960106,0.7935637243167688,0.8349571228027344,20260221_190117_run13
tsfresh,PhosphorusConcentration,633.4819400736649,8.58000444387648,25.169067127600595,0.12322769746273288,0.945105791091919,20260221_190128_run13
tsfresh,PotassiumConcentration,69820.75239217764,96.32558033843675,264.2361678350972,0.2439011549289991,0.944054365158081,20260221_190138_run13
tsfresh,PrecipitationAndalusia_nmv,0.21272509944337734,0.29599480861468286,0.4612213128676702,0.4317642007172342,0.7397270202636719,20260221_190142_run13
tsfresh,SierraNevadaMountainsSnow,1121.6284921468791,17.19513767519345,33.490722478723555,0.8939358911160209,0.5140409469604492,20260221_190144_run13
tsfresh,SodiumConcentration,36448.18321103439,45.82814464786717,190.91407284701248,0.04973145576764415,0.4210219383239746,20260221_190147_run13
tsfresh,SolarRadiationAndalusia_nmv,0.38560950481097617,0.4852050785365711,0.6209746410369559,0.15786386067297487,0.5014514923095703,20260221_190150_run13
tsfresh,SteamPredictor,387596013.45178187,5892.2408263666985,19687.458278096285,0.2603461185909417,0.47158336639404297,20260221_190152_run13
tsfresh,SulphurConcentration,1526.0251698023476,15.956332967788136,39.06437212860777,-0.024734844227827457,0.4270603656768799,20260221_190155_run13
tsfresh,WaveDataTension,294.8609369828473,13.589093289100136,17.171515279172286,0.016491428345393522,0.7928411960601807,20260221_190158_run13
tsfresh,WindTurbinePower,4979.65580941525,40.80832044188049,70.56667633816438,0.9933202587165301,0.46343421936035156,20260221_190200_run13
tsfresh,ZincConcentration,1.5070605970779203,0.8147676327540614,1.2276239640370012,0.07699514423698417,0.4123375415802002,20260221_190203_run13
tsfresh,ElectricMotorTemperature,14.587220760988032,2.225098965499945,3.8193220289716385,0.9597202286059827,67.35855078697205,20260221_190411_run13
tsfresh,BeijingPM10Quality_nmv,3297.4398585730814,33.269969410261524,57.42333897095397,0.803593890312122,62.215049028396606,20260221_190616_run13
tsfresh,BeijingPM25Quality_nmv,1356.2713260037442,20.109632774351514,36.82758919619562,0.8757039828166938,62.02009868621826,20260221_190821_run13
tsfresh,DailyTemperatureLatitude,69.0138114243315,3.780027317952903,8.307455171370561,0.8507682454355701,40.58770704269409,20260221_190930_run13
tsfresh,Covid3Month,0.0017727998584486794,0.03364834915256022,0.04210462989326327,0.05094954314075795,0.4024338722229004,20260221_190931_run14
tsfresh,FloodModeling1,0.00030669547875322695,0.005828299719508329,0.01751272333913909,0.5128592493023736,0.43085503578186035,20260221_190933_run14
tsfresh,FloodModeling2,0.00020911938162988962,0.0029689266782494932,0.014460960605364002,0.4685282468412776,0.4208710193634033,20260221_190934_run14
tsfresh,FloodModeling3,4.990183414268589e-05,0.004382992053809375,0.007064123027148231,0.8742378239576911,0.41608381271362305,20260221_190936_run14
tsfresh,IEEEPPG,34.06720952875337,2.6089091747133413,5.836712219113888,0.9602960107511243,3.1148300170898438,20260221_191000_run14
tsfresh,HouseholdPowerConsumption2_nmv,927.2185216505175,21.805379944893083,30.450263080152812,0.6531031905648743,1.3710684776306152,20260221_191013_run14
tsfresh,HouseholdPowerConsumption1_nmv,20018.059799235652,21.092423040540158,141.48519286213542,0.944633504829485,1.3290321826934814,20260221_191027_run14
tsfresh,AppliancesEnergy,7.8968794524878785,2.277156557355608,2.8101386891909583,0.5750787019720969,0.993095874786377,20260221_191030_run14
tsfresh,BenzeneConcentration_nmv,32.97879678069039,4.003393705077447,5.742716846640655,0.40836866739747,13.557071208953857,20260221_191124_run14
tsfresh,LiveFuelMoistureContent,1456.151958348509,28.970112560954313,38.15955920013371,0.061666077228765714,7.546097278594971,20260221_191156_run14
tsfresh,BIDMC32RR,0.3047616373637068,0.24153601148307824,0.5520522052883285,0.9655245440704091,5.323011159896851,20260221_191257_run14
tsfresh,BIDMC32SpO2,0.02011460930005029,0.08048838412398039,0.14182598245755357,0.9982255691223645,5.398852586746216,20260221_191357_run14
tsfresh,BIDMC32HR,0.43223203606566435,0.30315253583101326,0.657443561125717,0.997500092514616,5.361006498336792,20260221_191457_run14
tsfresh,AcousticContaminationMadrid_nmv,11.796233773965149,2.259900559319391,3.4345645683208734,0.705763665343103,0.40885138511657715,20260221_191459_run14
tsfresh,AluminiumConcentration,94966.05111140941,214.5984022720579,308.1656228579194,0.5454087896969504,0.43378710746765137,20260221_191501_run14
tsfresh,BarCrawl6min,0.0020919557137834797,0.035618853800773315,0.04573790237629487,0.21662941437249106,0.423001766204834,20260221_191503_run14
tsfresh,BeijingIntAirportPM25Quality,2464.399252947418,35.292196249557755,49.64271601098612,0.572524821423372,1.8792788982391357,20260221_191509_run14
tsfresh,BinanceCoinSentiment,0.09731333651837591,0.2339514214018478,0.3119508559346743,0.12355717234765407,0.40227556228637695,20260221_191510_run14
tsfresh,BitcoinSentiment,0.043643453832080216,0.1364497987023592,0.2089101573214673,0.3328130782955374,0.4143507480621338,20260221_191512_run14
tsfresh,BoronConcentration,0.6243833086053842,0.3122711194083412,0.7901792888992878,0.005497972574780574,0.41991734504699707,20260221_191515_run14
tsfresh,CalciumConcentration,5530009.337020442,1389.3554801325772,2351.5971885126164,0.2565529372470422,0.4240121841430664,20260221_191519_run14
tsfresh,CardanoSentiment,0.06369559228863016,0.19526782096732745,0.2523798571372727,0.011799272087076318,0.40224289894104004,20260221_191520_run14
tsfresh,ChilledWaterPredictor,11836049.8158095,716.4781172426425,3440.356059452204,0.022051058880970587,0.5942413806915283,20260221_191522_run14
tsfresh,CopperConcentration,3.275353766343044,1.0076150212004071,1.8097938463656693,0.3165035176388251,0.41923975944519043,20260221_191526_run14
tsfresh,Covid19Andalusia,0.0004202650280953314,0.011569869731699064,0.020500366535633734,0.544648538402293,0.39493894577026367,20260221_191527_run14
tsfresh,DailyOilGasPrices,2.5091966634091647,0.85543714420494,1.5840444007063579,0.5319252341547147,0.4118225574493408,20260221_191529_run14
tsfresh,DhakaHourlyAirQuality,0.35420879410782585,0.3774061023837061,0.5951544287895587,0.9999119960040421,0.8555216789245605,20260221_191531_run14
tsfresh,ElectricityPredictor,197720.5870847667,201.60701199585134,444.6578314668108,0.28168771370045653,0.817711353302002,20260221_191535_run14
tsfresh,EthereumSentiment,0.050128262001410316,0.17688241743161298,0.22389341661024853,0.31354339854958535,0.4207193851470947,20260221_191536_run14
tsfresh,GasSensorArrayAcetone,0.04382913348814198,0.12433277160209921,0.20935408638988154,0.3431277067666959,0.39669179916381836,20260221_191541_run14
tsfresh,GasSensorArrayEthanol,0.061951635995126764,0.14803507340654118,0.24890085575410698,0.41951531200336356,0.39795351028442383,20260221_191546_run14
tsfresh,HotwaterPredictor,737404.6488624046,537.2003110560088,858.7226844927322,0.6791662740898194,0.48952364921569824,20260221_191548_run14
tsfresh,IronConcentration,7569.024075541415,56.25565369315769,87.00013836507051,0.017405279011793118,0.4054391384124756,20260221_191551_run14
tsfresh,LPGasMonitoringHomeActivity,1.5608708410004826,0.8698403289941972,1.2493481664453998,0.12077992757867961,1.1808886528015137,20260221_191554_run14
tsfresh,MadridPM10Quality_nmv,87.04639128971853,6.874911971572852,9.329865555822256,0.4929404359403714,6.035467147827148,20260221_191614_run14
tsfresh,MagnesiumConcentration,69668.51242801578,131.28687975572433,263.9479350705661,0.6711406848951345,0.9256925582885742,20260221_191625_run14
tsfresh,ManganeseConcentration,12303.113794306657,73.98909751444276,110.91940224463282,0.05368723437013845,0.41011667251586914,20260221_191627_run14
tsfresh,MethaneMonitoringHomeActivity,0.29534412556864736,0.33463589419559225,0.5434557254907223,0.24279470070277942,1.1814305782318115,20260221_191631_run14
tsfresh,MetroInterstateTrafficVolume,353570.33162083436,498.5487143599279,594.6178029800608,-0.03924716833103048,0.9661242961883545,20260221_191635_run14
tsfresh,NaturalGasPricesSentiment,0.0025969853415847943,0.04074262104850342,0.05096062540417645,0.5871366980633017,0.4018375873565674,20260221_191636_run14
tsfresh,OccupancyDetectionLight,11404.963959155706,53.908874743383215,106.79402585892015,0.7454275916112159,0.4443364143371582,20260221_191638_run14
tsfresh,ParkingBirmingham_eq,0.014128545223630544,0.06636166912029512,0.11886355717220709,0.7231716148359384,0.8291525840759277,20260221_191640_run14
tsfresh,PhosphorusConcentration,660.0580564173898,8.802195666642366,25.691595053974165,0.14203017883346924,0.9492664337158203,20260221_191651_run14
tsfresh,PotassiumConcentration,81363.35501077372,100.76694422032196,285.24262481398836,0.2529581703153959,0.9243068695068359,20260221_191702_run14
tsfresh,PrecipitationAndalusia_nmv,0.15526034628905633,0.28870492366354655,0.3940308950946059,0.5960910394926884,0.7271606922149658,20260221_191706_run14
tsfresh,SierraNevadaMountainsSnow,1041.4827034331895,18.219279220146436,32.27201114639727,0.888330251295196,0.5219037532806396,20260221_191707_run14
tsfresh,SodiumConcentration,67078.79486565503,57.59122168702506,258.99574294890454,0.018606252753180175,0.41180992126464844,20260221_191710_run14
tsfresh,SolarRadiationAndalusia_nmv,0.5439235146184758,0.5661383198597466,0.7375117047332034,0.18701560429861241,0.504591703414917,20260221_191713_run14
tsfresh,SteamPredictor,969939830.5831599,9455.466006993149,31143.857028042625,0.18482620368786074,0.47284650802612305,20260221_191715_run14
tsfresh,SulphurConcentration,129530.73591390245,46.478195469322,359.9037870235633,-0.0045256813678384855,0.4104938507080078,20260221_191718_run14
tsfresh,WaveDataTension,320.92300979380394,13.984841179238668,17.91432415118706,0.0002826106096753822,0.7940380573272705,20260221_191721_run14
tsfresh,WindTurbinePower,10747.689610596164,51.204840413247695,103.67106448086739,0.9860084359232355,0.45738911628723145,20260221_191723_run14
tsfresh,ZincConcentration,1.4653414717048854,0.849959732480074,1.2105128961332405,0.019615045084842242,0.41491222381591797,20260221_191726_run14
tsfresh,ElectricMotorTemperature,13.357319434637612,2.1569833249441768,3.6547666730774497,0.9631463794702453,67.27142906188965,20260221_191933_run14
tsfresh,BeijingPM10Quality_nmv,3186.8643219874057,33.312078665591265,56.452319013370975,0.7974508734326311,62.06798219680786,20260221_192139_run14
tsfresh,BeijingPM25Quality_nmv,1308.6294662163345,19.792493404299258,36.17498398363619,0.8829209570860939,62.032784938812256,20260221_192345_run14
tsfresh,DailyTemperatureLatitude,70.99340466017097,3.777800860374871,8.425758402670407,0.8462481905588721,40.50986385345459,20260221_192455_run14
tsfresh,Covid3Month,0.001709559865338848,0.03329468174971499,0.04134682412639268,0.0703964212396756,0.4160284996032715,20260221_192456_run15
tsfresh,FloodModeling1,0.00034886005946452477,0.006156526017897203,0.01867779589417672,0.48508384767278223,0.4239685535430908,20260221_192458_run15
tsfresh,FloodModeling2,5.837124260949817e-05,0.0013086083635168854,0.007640107499865311,0.6613327486526104,0.4301149845123291,20260221_192500_run15
tsfresh,FloodModeling3,7.451437691798185e-05,0.004804632938426478,0.008632171043137517,0.7900046693730441,0.415677547454834,20260221_192502_run15
tsfresh,IEEEPPG,34.9290753222687,2.7178709269486307,5.9100825139983195,0.9593343653077379,3.0925817489624023,20260221_192525_run15
tsfresh,HouseholdPowerConsumption2_nmv,826.7895273764817,20.73127412130951,28.753948031122295,0.6681584233498574,1.33811354637146,20260221_192539_run15
tsfresh,HouseholdPowerConsumption1_nmv,3696.4557252413033,14.058921649187718,60.79848456369043,0.9895446140539703,1.3406922817230225,20260221_192553_run15
tsfresh,AppliancesEnergy,8.541123197654079,2.3382898684910365,2.922520008084475,0.6008850296046973,0.993138313293457,20260221_192556_run15
tsfresh,BenzeneConcentration_nmv,31.850776192678605,3.985551809956445,5.643649191142075,0.4191041723014143,13.527462005615234,20260221_192650_run15
tsfresh,LiveFuelMoistureContent,1631.2173198705275,29.91373848234265,40.38833148163622,0.039211446800035965,7.5650269985198975,20260221_192722_run15
tsfresh,BIDMC32RR,0.20152768940556953,0.22602363373245946,0.4489183549439358,0.9768266028817304,5.3257622718811035,20260221_192824_run15
tsfresh,BIDMC32SpO2,0.021430695897024617,0.08037531924819105,0.14639226720364917,0.9979208626381814,5.401456832885742,20260221_192927_run15
tsfresh,BIDMC32HR,0.7709642931072513,0.33546329426281307,0.8780457238135445,0.9958527037452164,5.349360227584839,20260221_193030_run15
tsfresh,AcousticContaminationMadrid_nmv,14.480527705721999,2.573617066277398,3.8053288564488086,0.618785614554628,0.4084019660949707,20260221_193031_run15
tsfresh,AluminiumConcentration,100364.42779057927,232.42303333165407,316.8034529334857,0.5102848564615423,0.43631625175476074,20260221_193034_run15
tsfresh,BarCrawl6min,0.0022105419926499066,0.03404526533157429,0.04701640131539107,0.39971671994983693,0.4284796714782715,20260221_193036_run15
tsfresh,BeijingIntAirportPM25Quality,2579.2907794032208,35.969911308611856,50.78671853352233,0.5053123488340912,1.8413960933685303,20260221_193041_run15
tsfresh,BinanceCoinSentiment,0.09338740902697536,0.23252704256508927,0.30559353564330405,0.0859623933831215,0.41092395782470703,20260221_193043_run15
tsfresh,BitcoinSentiment,0.023325217846000043,0.11284769922554493,0.15272595668713307,0.5379011546478514,0.4284858703613281,20260221_193044_run15
tsfresh,BoronConcentration,16.223349050830905,0.6317205251965118,4.02782187426789,0.03372657798078815,0.42708730697631836,20260221_193047_run15
tsfresh,CalciumConcentration,5281328.944262622,1222.073154252137,2298.114214799304,0.29032775794453014,0.41445350646972656,20260221_193050_run15
tsfresh,CardanoSentiment,0.07479854216968232,0.2073921066746567,0.2734932214327849,-0.03549173534442995,0.390439510345459,20260221_193052_run15
tsfresh,ChilledWaterPredictor,3650724.1467809416,475.3125938402229,1910.6868259296032,-0.049540143941174675,0.5854425430297852,20260221_193054_run15
tsfresh,CopperConcentration,2.257831552922782,0.9992500158003399,1.5026082499849327,0.37315947709541064,0.42801523208618164,20260221_193058_run15
tsfresh,Covid19Andalusia,0.00028910031666264514,0.010411471810729201,0.017002950234081295,0.7336495982993556,0.4097864627838135,20260221_193059_run15
tsfresh,DailyOilGasPrices,2.9170824854841824,1.0821464353528514,1.707946862605562,0.5368401105043898,0.41100382804870605,20260221_193100_run15
tsfresh,DhakaHourlyAirQuality,0.3219015505656807,0.3669264737598627,0.5673636845672101,0.9999253360433638,0.8560094833374023,20260221_193103_run15
tsfresh,ElectricityPredictor,202155.60279974536,191.05068200688495,449.61717360410665,0.11771517470775783,0.8153269290924072,20260221_193106_run15
tsfresh,EthereumSentiment,0.05627428877955724,0.16484472613512913,0.2372220242295332,0.23104480730345411,0.4046366214752197,20260221_193108_run15
tsfresh,GasSensorArrayAcetone,0.04815437685653805,0.11874715134631386,0.21944105554006535,0.3635012635293452,0.4112401008605957,20260221_193113_run15
tsfresh,GasSensorArrayEthanol,0.049210216636010086,0.12690043182379407,0.22183375900888053,0.4805022804281941,0.4126765727996826,20260221_193118_run15
tsfresh,HotwaterPredictor,1268781.4919974934,660.480506131274,1126.402011715841,0.32368386826761897,0.49667882919311523,20260221_193120_run15
tsfresh,IronConcentration,4918.084230231277,48.781623909328296,70.12905410905866,0.049347185792496195,0.40262818336486816,20260221_193123_run15
tsfresh,LPGasMonitoringHomeActivity,1.5744235509337778,0.8861140984006178,1.2547603559778966,0.10452707670361139,1.18123459815979,20260221_193126_run15
tsfresh,MadridPM10Quality_nmv,85.62363957796785,6.81478127860549,9.253304251885801,0.5048566666721881,6.052772045135498,20260221_193145_run15
tsfresh,MagnesiumConcentration,78770.85254293816,135.83763964143535,280.6614553923252,0.6418481620322152,0.9342021942138672,20260221_193156_run15
tsfresh,ManganeseConcentration,7987.975262232955,67.51236329667465,89.3754734937553,0.09696242848926095,0.4173409938812256,20260221_193159_run15
tsfresh,MethaneMonitoringHomeActivity,0.254430671952973,0.3282527362631809,0.504411213151505,0.27594865634761323,1.1825497150421143,20260221_193203_run15
tsfresh,MetroInterstateTrafficVolume,308766.99990939704,470.376881777968,555.6680663034335,0.00548223760186739,0.9686806201934814,20260221_193207_run15
tsfresh,NaturalGasPricesSentiment,0.003686713327316895,0.05097769990686206,0.06071831130159085,0.3232982456625274,0.38855910301208496,20260221_193208_run15
tsfresh,OccupancyDetectionLight,13452.536377307744,54.322986475203884,115.98506963099925,0.6231715602696279,0.4442775249481201,20260221_193210_run15
tsfresh,ParkingBirmingham_eq,0.009330851346743926,0.05511434007579153,0.09659633195284346,0.8040133080954452,0.834517240524292,20260221_193212_run15
tsfresh,PhosphorusConcentration,763.8718509684771,8.886279297372324,27.63823169033209,0.141417903552162,0.930279016494751,20260221_193223_run15
tsfresh,PotassiumConcentration,77580.6037939986,97.58699971341302,278.5329492070886,0.24996160423411473,0.9261252880096436,20260221_193234_run15
tsfresh,PrecipitationAndalusia_nmv,0.1835685606824075,0.3036123719317315,0.4284490176000028,0.5003167907981632,0.7244091033935547,20260221_193238_run15
tsfresh,SierraNevadaMountainsSnow,859.6780824799852,15.873522255063554,29.320267435342146,0.9080181186115845,0.5191261768341064,20260221_193240_run15
tsfresh,SodiumConcentration,49705.7703548627,51.977703946106296,222.94790950996313,0.03745938768909407,0.4075019359588623,20260221_193242_run15
tsfresh,SolarRadiationAndalusia_nmv,0.4971564223992401,0.5386816912902286,0.7050932012147331,0.08509743974207085,0.5031895637512207,20260221_193245_run15
tsfresh,SteamPredictor,895097485.1757623,9782.66621354179,29918.179843963808,0.16923387793971656,0.4640336036682129,20260221_193247_run15
tsfresh,SulphurConcentration,81460.85863705282,34.97624311716769,285.4134871323582,-0.00030477211456614306,0.41086649894714355,20260221_193250_run15
tsfresh,WaveDataTension,322.40796412700604,14.43277733041548,17.955722322619216,0.01969292015758206,0.7893662452697754,20260221_193253_run15
tsfresh,WindTurbinePower,6771.841679802813,42.598011318554974,82.29120050043512,0.9910040642173935,0.4710869789123535,20260221_193255_run15
tsfresh,ZincConcentration,2.544232384656569,0.8123687902131005,1.595065009539288,0.02595628091914992,0.4172179698944092,20260221_193258_run15
tsfresh,ElectricMotorTemperature,14.052731486321015,2.1722485560818074,3.748697305240984,0.9613156182264893,67.17039799690247,20260221_193506_run15
tsfresh,BeijingPM10Quality_nmv,3257.2741530247868,32.63886096715549,57.07253413880259,0.7989070012714847,62.15178108215332,20260221_193711_run15
tsfresh,BeijingPM25Quality_nmv,1171.682687888641,19.55063859218652,34.22985083065132,0.8929916667451957,62.08869910240173,20260221_193916_run15
tsfresh,DailyTemperatureLatitude,65.20604474799038,3.691957532818387,8.075025990545813,0.8577320409716326,40.58508539199829,20260221_194025_run15
tsfresh,Covid3Month,0.001648791549152006,0.0319680068700363,0.040605314296924315,0.0773443662828911,0.39118194580078125,20260221_194026_run16
tsfresh,FloodModeling1,5.6495544509683545e-05,0.004742605655500206,0.007516351808536076,0.8448181310924308,0.4257979393005371,20260221_194028_run16
tsfresh,FloodModeling2,2.582817106643713e-05,0.0009709761658711131,0.005082142369752851,0.5983411680445065,0.4264819622039795,20260221_194029_run16
tsfresh,FloodModeling3,4.462480711257142e-05,0.004217315125724542,0.006680180170666913,0.8914256996448151,0.4083735942840576,20260221_194031_run16
tsfresh,IEEEPPG,34.02593849990959,2.5321764861995257,5.833175678814207,0.9607448295637555,3.1144564151763916,20260221_194054_run16
tsfresh,HouseholdPowerConsumption2_nmv,882.4685132273601,21.31234482816913,29.70637159310036,0.6360583130285785,1.369096279144287,20260221_194107_run16
tsfresh,HouseholdPowerConsumption1_nmv,14842.850565757139,17.594197232527225,121.8312380539455,0.9584621808143783,1.3445489406585693,20260221_194121_run16
tsfresh,AppliancesEnergy,5.694022499342087,1.8758582723708381,2.386215099135467,0.6429310678149588,0.9927189350128174,20260221_194125_run16
tsfresh,BenzeneConcentration_nmv,32.86504683996085,4.036148513524841,5.732804448083054,0.4027086743513095,13.680287837982178,20260221_194220_run16
tsfresh,LiveFuelMoistureContent,1627.1028565708782,29.874667231275545,40.33736303442353,0.07012797819422478,7.565605878829956,20260221_194252_run16
tsfresh,BIDMC32RR,0.3460789300024163,0.24849615817109552,0.588284735483096,0.9637727508423928,5.308739423751831,20260221_194352_run16
tsfresh,BIDMC32SpO2,0.0187813177155345,0.0784503545728899,0.13704494779281176,0.9982226849608369,5.385481357574463,20260221_194451_run16
tsfresh,BIDMC32HR,0.9443211967372344,0.34019899001990694,0.9717619033164627,0.9947847567818584,5.341322422027588,20260221_194553_run16
tsfresh,AcousticContaminationMadrid_nmv,7.428632063433731,2.052546119689941,2.7255516989104667,0.8352304552730153,0.3909132480621338,20260221_194554_run16
tsfresh,AluminiumConcentration,108717.30596804648,229.4482183392237,329.7230746672827,0.5162241638973694,0.41344618797302246,20260221_194557_run16
tsfresh,BarCrawl6min,0.001851711430995696,0.030301892941777632,0.043031516717351434,0.3762861712646409,0.4092245101928711,20260221_194559_run16
tsfresh,BeijingIntAirportPM25Quality,2311.043692377678,34.24249800315685,48.07331580386023,0.5744328002831521,1.855268955230713,20260221_194605_run16
tsfresh,BinanceCoinSentiment,0.12749619784179314,0.26771227035043366,0.35706609730103633,-0.002331174406770442,0.42058801651000977,20260221_194606_run16
tsfresh,BitcoinSentiment,0.044534233743351796,0.13318445291358233,0.21103135725136157,0.3166525811402412,0.4208955764770508,20260221_194608_run16
tsfresh,BoronConcentration,0.3109562404865248,0.31779794516011756,0.5576345043902187,-0.27625020069896133,0.4199991226196289,20260221_194611_run16
tsfresh,CalciumConcentration,9270395.11412017,1456.5198048281045,3044.732355088074,0.17043860410915412,0.42767930030822754,20260221_194615_run16
tsfresh,CardanoSentiment,0.10731135405502475,0.2570390076297703,0.3275841175255979,-0.08854370392982092,0.38958215713500977,20260221_194616_run16
tsfresh,ChilledWaterPredictor,7488453.787260078,559.3589526299419,2736.5039351808136,0.024789439293016247,0.5999395847320557,20260221_194618_run16
tsfresh,CopperConcentration,1.7133704717261053,0.9159357090154023,1.3089577807271346,0.34398783770812347,0.427203893661499,20260221_194622_run16
tsfresh,Covid19Andalusia,0.00024417480724358697,0.009113979112005751,0.015626093793510487,0.7316638430335237,0.38712477684020996,20260221_194623_run16
tsfresh,DailyOilGasPrices,1.051208024397324,0.7547153971244548,1.0252843627000872,0.6867776972308894,0.415546178817749,20260221_194625_run16
tsfresh,DhakaHourlyAirQuality,0.2775469109803456,0.35519505724494826,0.5268272116931182,0.9999247151987907,0.8466756343841553,20260221_194627_run16
tsfresh,ElectricityPredictor,180700.57457111034,185.78732292382574,425.08890196182534,0.2868234347358748,0.8327538967132568,20260221_194631_run16
tsfresh,EthereumSentiment,0.051712858432924835,0.16790310102199837,0.22740461392180422,0.3139194804358083,0.4185621738433838,20260221_194632_run16
tsfresh,GasSensorArrayAcetone,0.04980184944354908,0.12990605078600181,0.22316327978309755,0.4975827916382398,0.41611146926879883,20260221_194637_run16
tsfresh,GasSensorArrayEthanol,0.0628733905138467,0.1536483390729284,0.2507456689832283,0.3858061931462343,0.39594602584838867,20260221_194642_run16
tsfresh,HotwaterPredictor,910465.8128515775,656.7187890750702,954.1833224551651,0.3830635463190811,0.4924197196960449,20260221_194644_run16
tsfresh,IronConcentration,7415.244744462466,54.76937210663505,86.11181535923201,0.03526268665637755,0.41202831268310547,20260221_194647_run16
tsfresh,LPGasMonitoringHomeActivity,1.5430106664363297,0.8654470659293575,1.2421798043907852,0.10757018640138338,1.1749660968780518,20260221_194650_run16
tsfresh,MadridPM10Quality_nmv,81.79710807732312,6.664914563867563,9.044175367457395,0.48097986496100475,6.0467774868011475,20260221_194709_run16
tsfresh,MagnesiumConcentration,90613.71348702649,138.2901824477214,301.021118008399,0.6365490862154184,0.926173210144043,20260221_194720_run16
tsfresh,ManganeseConcentration,11460.70127964792,71.1716682366081,107.05466491306169,0.07108213185197965,0.4335463047027588,20260221_194723_run16
tsfresh,MethaneMonitoringHomeActivity,0.24005169165193196,0.318004794662945,0.48995070328751644,0.3364569081558815,1.1904213428497314,20260221_194727_run16
tsfresh,MetroInterstateTrafficVolume,296586.8094440625,450.38459327732596,544.5978419384918,0.03859951058758537,0.9683647155761719,20260221_194730_run16
tsfresh,NaturalGasPricesSentiment,0.002558253872946427,0.04114724692816919,0.050579184186248266,0.5741083874551938,0.3750770092010498,20260221_194732_run16
tsfresh,OccupancyDetectionLight,8708.020791419505,44.78726461001442,93.31677658073872,0.7466711949481742,0.4503326416015625,20260221_194733_run16
tsfresh,ParkingBirmingham_eq,0.012253540921707445,0.062041081146910336,0.11069571320384293,0.7551763955316683,0.8463973999023438,20260221_194736_run16
tsfresh,PhosphorusConcentration,734.4534899784518,9.172590000616003,27.10080238624775,0.14209116729283844,0.9361019134521484,20260221_194747_run16
tsfresh,PotassiumConcentration,96122.03615046908,97.73031936716214,310.03554014091526,0.18337777108786413,0.9410381317138672,20260221_194758_run16
tsfresh,PrecipitationAndalusia_nmv,0.2099987116031259,0.2889830860750709,0.4582561637371896,0.4694255573862033,0.7227225303649902,20260221_194802_run16
tsfresh,SierraNevadaMountainsSnow,883.1704926125956,15.193677794803182,29.718184544359293,0.8966421714144668,0.5211188793182373,20260221_194804_run16
tsfresh,SodiumConcentration,107999.16822334114,68.28342172424651,328.6322689927773,0.2623774510078062,0.5235090255737305,20260221_194807_run16
tsfresh,SolarRadiationAndalusia_nmv,0.4122957867692494,0.5071685690701632,0.6421026294676337,0.15337587367987882,0.518486499786377,20260221_194809_run16
tsfresh,SteamPredictor,509179929.69446504,7473.1387591016,22565.01561476227,0.28030093780782883,0.4840352535247803,20260221_194811_run16
tsfresh,SulphurConcentration,8177.673078427719,21.692844940664877,90.43048754943058,0.012440292282504983,0.4317779541015625,20260221_194815_run16
tsfresh,WaveDataTension,295.09612883921756,13.136964732107229,17.178362228082676,0.013777975755297156,0.7918813228607178,20260221_194817_run16
tsfresh,WindTurbinePower,10116.350370716984,62.48419443692184,100.58006945074648,0.9861514605047944,0.46172213554382324,20260221_194819_run16
tsfresh,ZincConcentration,2.2942232467461463,0.80289031816153,1.5146693522832455,0.01604789189957545,0.4150981903076172,20260221_194823_run16
tsfresh,ElectricMotorTemperature,15.236537472758108,2.243547470899908,3.903400757385553,0.9579721401350149,67.30327558517456,20260221_195030_run16
tsfresh,BeijingPM10Quality_nmv,3697.703779981193,33.854227909535496,60.808747561359894,0.7768566150295713,62.540395975112915,20260221_195237_run16
tsfresh,BeijingPM25Quality_nmv,1083.7936905687254,19.674674566536435,32.9210220158598,0.9061059104103196,61.99733638763428,20260221_195442_run16
tsfresh,DailyTemperatureLatitude,67.54008368869657,3.7280768522448295,8.21827741614364,0.8520919972484424,40.589444637298584,20260221_195552_run16
tsfresh,Covid3Month,0.0013921740352523942,0.03012426559686914,0.03731184845665508,0.09466779693254557,0.4071493148803711,20260221_195554_run17
tsfresh,FloodModeling1,5.0849089047489516e-05,0.004718668884570056,0.0071308547206831744,0.8237198089734064,0.4213528633117676,20260221_195555_run17
tsfresh,FloodModeling2,2.5386206863685636e-05,0.0007697930549507676,0.005038472671721623,0.568086737603148,0.4273984432220459,20260221_195557_run17
tsfresh,FloodModeling3,5.44244420753477e-05,0.0044322092299876,0.0073772923268193525,0.8663531806283444,0.4255802631378174,20260221_195559_run17
tsfresh,IEEEPPG,28.897057472613447,2.642399842516361,5.375598336242529,0.9679029367824403,3.0902020931243896,20260221_195623_run17
tsfresh,HouseholdPowerConsumption2_nmv,974.3139628687609,22.33006755043675,31.214002672979333,0.6262999621449435,1.3436992168426514,20260221_195636_run17
tsfresh,HouseholdPowerConsumption1_nmv,13785.641168214332,17.06693655368817,117.41227009224518,0.9605648520502555,1.345430612564087,20260221_195650_run17
tsfresh,AppliancesEnergy,4.343431000827083,1.5919537734985352,2.0840899694655897,0.7448530599360017,1.0100162029266357,20260221_195653_run17
tsfresh,BenzeneConcentration_nmv,33.79052190311644,4.092588900426926,5.812961543233917,0.4048288528283205,13.697789669036865,20260221_195748_run17
tsfresh,LiveFuelMoistureContent,1489.025052034763,29.495910811266363,38.58788737459934,0.055922434997789705,7.551105737686157,20260221_195820_run17
tsfresh,BIDMC32RR,0.31413889365555553,0.2404147411259982,0.5604809485214957,0.9655722595344596,5.3070387840271,20260221_195921_run17
tsfresh,BIDMC32SpO2,0.02703700360347285,0.07420280630328795,0.16442932707845292,0.9975442418578665,5.379059076309204,20260221_200020_run17
tsfresh,BIDMC32HR,0.4290211547419943,0.29871814087258053,0.654997064681968,0.9974718197428738,5.341350555419922,20260221_200121_run17
tsfresh,AcousticContaminationMadrid_nmv,11.583392856023854,2.367172622680664,3.4034383872818754,0.7234090699524491,0.38291501998901367,20260221_200123_run17
tsfresh,AluminiumConcentration,111243.65874447311,229.94917041919848,333.5320955237638,0.5397642752773395,0.41503357887268066,20260221_200125_run17
tsfresh,BarCrawl6min,0.001814862493157623,0.03233756095533305,0.04260120295434887,0.4604910543862787,0.4145965576171875,20260221_200127_run17
tsfresh,BeijingIntAirportPM25Quality,2515.8568672873585,34.456342169793984,50.15831802689718,0.6009809510945445,1.8544535636901855,20260221_200133_run17
tsfresh,BinanceCoinSentiment,0.1199132845415578,0.26040661774315416,0.34628497591082086,0.060238605849164184,0.4008653163909912,20260221_200135_run17
tsfresh,BitcoinSentiment,0.04075753151621715,0.13432842682242396,0.2018849462347729,0.2241203900527029,0.412935733795166,20260221_200136_run17
tsfresh,BoronConcentration,1.8927625589681198,0.4021040286101243,1.375777074590255,0.11228595678055375,0.43166327476501465,20260221_200140_run17
tsfresh,CalciumConcentration,15121752.63107399,1512.1822828349968,3888.669776552644,0.09868148887845196,0.425905704498291,20260221_200143_run17
tsfresh,CardanoSentiment,0.0763625773071844,0.1980475898948583,0.2763377956544931,-0.12995981450521077,0.40501976013183594,20260221_200145_run17
tsfresh,ChilledWaterPredictor,7254325.4058269495,573.6563453151814,2693.3854915007896,0.04773629653352485,0.5918514728546143,20260221_200147_run17
tsfresh,CopperConcentration,3.056762105910042,1.020097342539843,1.748359833075,0.3238269721951462,0.4301471710205078,20260221_200151_run17
tsfresh,Covid19Andalusia,0.0001605568072976214,0.0075552207100225985,0.01267110126617341,0.7500970316988245,0.4025533199310303,20260221_200152_run17
tsfresh,DailyOilGasPrices,2.266029746807087,0.950974471232535,1.5053337659160797,0.5678680487301415,0.4109194278717041,20260221_200153_run17
tsfresh,DhakaHourlyAirQuality,0.2938941185744042,0.34723580709018165,0.542120022296174,0.9999263643307216,0.8635177612304688,20260221_200156_run17
tsfresh,ElectricityPredictor,132595.92215591588,147.65656406349237,364.1372298405038,0.3161374018922729,0.8168630599975586,20260221_200159_run17
tsfresh,EthereumSentiment,0.03391485654342428,0.13587148174325997,0.18415986680985702,0.39102492006241074,0.4216628074645996,20260221_200201_run17
tsfresh,GasSensorArrayAcetone,0.05719767740231625,0.1533729917391923,0.23916035917834763,0.3886071000385035,0.3946101665496826,20260221_200206_run17
tsfresh,GasSensorArrayEthanol,0.053362774464779536,0.13742685303328991,0.23100384080092595,0.39783271470042825,0.402848482131958,20260221_200211_run17
tsfresh,HotwaterPredictor,1061130.9765910015,617.1396668017672,1030.1121184565307,0.569016996255832,0.49529409408569336,20260221_200213_run17
tsfresh,IronConcentration,5366.558197744279,51.251697598332946,73.25679625634935,0.08387478456929753,0.41049623489379883,20260221_200216_run17
tsfresh,LPGasMonitoringHomeActivity,1.496068399539046,0.8672538538999984,1.2231387490955579,0.0999335068817978,1.184992790222168,20260221_200219_run17
tsfresh,MadridPM10Quality_nmv,87.17703641023682,6.863760878288294,9.336864377843176,0.47193980812675884,6.061243534088135,20260221_200238_run17
tsfresh,MagnesiumConcentration,87054.47620097408,143.56781419910834,295.0499554329302,0.5888478259405332,0.9363250732421875,20260221_200249_run17
tsfresh,ManganeseConcentration,9461.544194429322,71.5742804237034,97.27046928245655,0.12708805746448693,0.4316070079803467,20260221_200252_run17
tsfresh,MethaneMonitoringHomeActivity,0.24028026159353058,0.31826665683119615,0.4901839058899533,0.28856923945592083,1.200237512588501,20260221_200256_run17
tsfresh,MetroInterstateTrafficVolume,275612.4640086603,444.83933384168097,524.9880608248727,0.009204417120221908,0.9657480716705322,20260221_200300_run17
tsfresh,NaturalGasPricesSentiment,0.00269438718377229,0.04322854343459353,0.05190748677958017,0.7198199255304913,0.374800443649292,20260221_200301_run17
tsfresh,OccupancyDetectionLight,9388.183428734857,45.35063037702911,96.89263867154645,0.7625369707410025,0.4560508728027344,20260221_200303_run17
tsfresh,ParkingBirmingham_eq,0.009024914121252444,0.057001413446126706,0.09499954800551655,0.8155513348933272,0.8367526531219482,20260221_200305_run17
tsfresh,PhosphorusConcentration,593.8585262918111,9.397850579388937,24.369212672792923,0.18057313448199042,0.9414467811584473,20260221_200316_run17
tsfresh,PotassiumConcentration,38165.98015422254,84.64504813151224,195.3611531349632,0.35622486285571187,0.9303820133209229,20260221_200327_run17
tsfresh,PrecipitationAndalusia_nmv,0.1662414869811182,0.3047837993005557,0.40772722129031097,0.5419515751483224,0.7205705642700195,20260221_200331_run17
tsfresh,SierraNevadaMountainsSnow,1064.5943091134548,17.719394133049747,32.62812144628395,0.8842120476634113,0.5195143222808838,20260221_200333_run17
tsfresh,SodiumConcentration,88223.29036250888,56.063633729278074,297.0240568750432,0.23766488268467478,0.42402219772338867,20260221_200336_run17
tsfresh,SolarRadiationAndalusia_nmv,0.45276461244967253,0.5152714977013848,0.6728778584926632,0.17922817617499276,0.502436637878418,20260221_200338_run17
tsfresh,SteamPredictor,1606075619.3509784,12180.360893850158,40075.87328244986,0.11955708157961542,0.4749879837036133,20260221_200340_run17
tsfresh,SulphurConcentration,129179.12808014025,45.23502337261021,359.4149803223848,-0.0034892945212705584,0.4102213382720947,20260221_200344_run17
tsfresh,WaveDataTension,324.7709419531787,14.103616724765763,18.021402330373146,0.007730857009838554,0.8100385665893555,20260221_200346_run17
tsfresh,WindTurbinePower,5965.790826385493,43.439311186398086,77.23853200563494,0.9926431453145044,0.4759814739227295,20260221_200348_run17
tsfresh,ZincConcentration,1.2527124932946878,0.7584336272454387,1.1192463952565082,0.0852439847232419,0.42296481132507324,20260221_200351_run17
tsfresh,ElectricMotorTemperature,14.446994461449535,2.199274881165871,3.8009202124550754,0.9600708538878078,67.05769062042236,20260221_200559_run17
tsfresh,BeijingPM10Quality_nmv,2822.539785731982,32.19339803916339,53.127580273639246,0.825427065658672,61.549560546875,20260221_200804_run17
tsfresh,BeijingPM25Quality_nmv,1031.0667489502764,19.126235957039896,32.110228104924396,0.9112669990079206,61.46477007865906,20260221_201009_run17
tsfresh,DailyTemperatureLatitude,67.82351093041343,3.7272078259185935,8.235503076947603,0.8524079863268261,40.54745697975159,20260221_201119_run17
tsfresh,Covid3Month,0.0015073344082616165,0.03204407934094974,0.03882440480241283,0.002585903922094346,0.4031953811645508,20260221_201120_run18
tsfresh,FloodModeling1,0.00019538731558928535,0.005735621236338472,0.013978101286987635,0.6870663736391182,0.42417049407958984,20260221_201122_run18
tsfresh,FloodModeling2,3.8253588431826026e-05,0.0012036120108703974,0.006184948539141294,0.44023984788186943,0.4345057010650635,20260221_201124_run18
tsfresh,FloodModeling3,4.879006584822788e-05,0.00459706826313682,0.006984988607594709,0.8816810299470031,0.4046802520751953,20260221_201125_run18
tsfresh,IEEEPPG,28.454597026301467,2.4581125092160563,5.334285052966467,0.9672156772705266,3.0896589756011963,20260221_201149_run18
tsfresh,HouseholdPowerConsumption2_nmv,915.8704101639627,22.31655757812856,30.263350940766006,0.6559813310024425,1.4628138542175293,20260221_201202_run18
tsfresh,HouseholdPowerConsumption1_nmv,6590.933941964482,17.819830921228704,81.18456714157243,0.9822165151304453,1.3362572193145752,20260221_201216_run18
tsfresh,AppliancesEnergy,7.315021783247698,2.1776955922444663,2.704629694292307,0.6834035880891247,1.001936674118042,20260221_201219_run18
tsfresh,BenzeneConcentration_nmv,34.64634935797133,4.033835174361737,5.886114963027084,0.4065802602237878,13.652884244918823,20260221_201314_run18
tsfresh,LiveFuelMoistureContent,1607.2166776887518,30.373158860566605,40.09010698026075,0.05434977832797483,7.535481214523315,20260221_201346_run18
tsfresh,BIDMC32RR,0.3216446254178698,0.24260353537313228,0.5671372192140716,0.9656172269420868,5.312269449234009,20260221_201447_run18
tsfresh,BIDMC32SpO2,0.024124766180554646,0.0762774256855442,0.15532149297684028,0.9978245105246617,5.3831634521484375,20260221_201551_run18
tsfresh,BIDMC32HR,0.5958445391615109,0.3044176755337365,0.7719096703381237,0.9967282826555037,5.359206438064575,20260221_201650_run18
tsfresh,AcousticContaminationMadrid_nmv,14.348539737083772,2.6567863252427832,3.78794663862676,0.6293131940293573,0.39628028869628906,20260221_201652_run18
tsfresh,AluminiumConcentration,103915.12404778304,231.4626501542349,322.35868849432774,0.5439431454098065,0.47367286682128906,20260221_201656_run18
tsfresh,BarCrawl6min,0.001231092913123942,0.026693369895598326,0.03508693365234332,0.46381977092476057,0.41086626052856445,20260221_201658_run18
tsfresh,BeijingIntAirportPM25Quality,2184.118260646912,33.62223621411512,46.73455103718139,0.5758201806918632,1.853198766708374,20260221_201704_run18
tsfresh,BinanceCoinSentiment,0.13504831377172422,0.2674035239687449,0.3674892022518814,0.061740089205787996,0.4221944808959961,20260221_201706_run18
tsfresh,BitcoinSentiment,0.045883254335879906,0.14043558824622632,0.21420376825789014,0.31430800510740065,0.418074369430542,20260221_201707_run18
tsfresh,BoronConcentration,16.163971551165858,0.6088635979457422,4.02044419824052,0.030925671290986112,0.4183535575866699,20260221_201711_run18
tsfresh,CalciumConcentration,4707457.643217853,1282.2066408806447,2169.667634274396,0.29422265803596803,0.4242522716522217,20260221_201714_run18
tsfresh,CardanoSentiment,0.09642348896186576,0.24251295838500514,0.31052131804735367,-0.13808884273279465,0.3945338726043701,20260221_201715_run18
tsfresh,ChilledWaterPredictor,4201467.567234856,421.77177194645486,2049.748171662767,0.11821122243719717,0.5864036083221436,20260221_201718_run18
tsfresh,CopperConcentration,4.356706546985086,1.009264812993751,2.087272513828773,0.18151859611319587,0.415360689163208,20260221_201721_run18
tsfresh,Covid19Andalusia,0.0001987593891097418,0.009212205632255405,0.014098205173345358,0.6281680066283574,0.40804266929626465,20260221_201723_run18
tsfresh,DailyOilGasPrices,38.56569522957815,5.865397148123555,6.210128439056486,-4.79747143641391,0.408768892288208,20260221_201724_run18
tsfresh,DhakaHourlyAirQuality,0.3963147796818334,0.37005408425773906,0.6295353680944649,0.999898920924344,0.8517112731933594,20260221_201726_run18
tsfresh,ElectricityPredictor,106765.61887239784,144.03906741511895,326.7500862622653,0.5183527031479509,0.8258187770843506,20260221_201730_run18
tsfresh,EthereumSentiment,0.06088917025472357,0.1686492041435197,0.2467573104382595,0.19779985019641588,0.41175127029418945,20260221_201732_run18
tsfresh,GasSensorArrayAcetone,0.06176666496955981,0.15089886415327264,0.2485290022704791,0.4136947010890082,0.4015524387359619,20260221_201737_run18
tsfresh,GasSensorArrayEthanol,0.04897476368059947,0.13002891838538094,0.2213024258353249,0.4560949615037345,0.4005241394042969,20260221_201742_run18
tsfresh,HotwaterPredictor,926986.205848355,546.0352894729359,962.8012286283991,0.42661254341175414,0.489778995513916,20260221_201744_run18
tsfresh,IronConcentration,6845.712529869106,53.246237332717236,82.73882117766186,0.05390938670124801,0.41345858573913574,20260221_201747_run18
tsfresh,LPGasMonitoringHomeActivity,1.657370307927799,0.8714428075879753,1.2873889497458797,0.10235572593150344,1.1641318798065186,20260221_201750_run18
tsfresh,MadridPM10Quality_nmv,80.22455582669443,6.777344260658834,8.956816165730679,0.5229652178495134,6.061205625534058,20260221_201809_run18
tsfresh,MagnesiumConcentration,91409.55753754995,136.2197982802227,302.3401355056089,0.48020001815735924,0.9430527687072754,20260221_201820_run18
tsfresh,ManganeseConcentration,11344.189282977915,76.00834583464912,106.50910422577928,0.05404969442177365,0.4177281856536865,20260221_201823_run18
tsfresh,MethaneMonitoringHomeActivity,0.2414408608776156,0.31997755381721643,0.4913663204551321,0.32022750799073296,1.1748230457305908,20260221_201827_run18
tsfresh,MetroInterstateTrafficVolume,288146.02675996156,450.99686764233735,536.7923497591611,0.03207915750464285,0.9791655540466309,20260221_201830_run18
tsfresh,NaturalGasPricesSentiment,0.0028634043956693007,0.045076123176404956,0.0535107876569697,0.612551513622249,0.38726282119750977,20260221_201832_run18
tsfresh,OccupancyDetectionLight,10400.82486026346,50.885805269769484,101.98443440184124,0.7432911932250637,0.4454798698425293,20260221_201833_run18
tsfresh,ParkingBirmingham_eq,0.011890972197798314,0.0608653496682211,0.10904573443192683,0.759743282434437,0.8299531936645508,20260221_201836_run18
tsfresh,PhosphorusConcentration,994.8268637872463,9.67467208322313,31.540876078309022,0.14941159644683633,0.944676399230957,20260221_201847_run18
tsfresh,PotassiumConcentration,84763.0609563212,98.20032067189123,291.14096406435357,0.23544053606002646,0.9305880069732666,20260221_201858_run18
tsfresh,PrecipitationAndalusia_nmv,0.21282022065879674,0.29926147718634893,0.46132442018475106,0.4844064131834809,0.7214558124542236,20260221_201901_run18
tsfresh,SierraNevadaMountainsSnow,1107.5000344674336,17.928015274626713,33.27912310244117,0.9004149160714687,0.5243761539459229,20260221_201903_run18
tsfresh,SodiumConcentration,875245.8364463387,98.369310269682,935.545742572932,-0.0025490357857043122,0.4261283874511719,20260221_201906_run18
tsfresh,SolarRadiationAndalusia_nmv,0.453272752292926,0.5194524612558834,0.6732553395948123,0.12279297924073385,0.5158016681671143,20260221_201909_run18
tsfresh,SteamPredictor,1513795367.5412188,12001.257155277637,38907.52327688334,0.05438777326702726,0.47260546684265137,20260221_201911_run18
tsfresh,SulphurConcentration,84327.52298133429,36.52605582561793,290.39201604268374,-0.001308712741585838,0.4153304100036621,20260221_201914_run18
tsfresh,WaveDataTension,300.41012704593857,13.942896950671907,17.332343380106987,-0.015802436639043238,0.792356014251709,20260221_201917_run18
tsfresh,WindTurbinePower,8052.0698588601435,47.646076606305485,89.7333263557088,0.9896563550502729,0.47182273864746094,20260221_201919_run18
tsfresh,ZincConcentration,2.426052804395735,0.8452837342452003,1.5575791486777597,0.01138436288055944,0.5148196220397949,20260221_201922_run18
tsfresh,ElectricMotorTemperature,15.329688460708127,2.257956219865996,3.9153146055851153,0.9587392256494329,66.9460334777832,20260221_202129_run18
tsfresh,BeijingPM10Quality_nmv,3135.257231065453,32.99277668407338,55.99336774177325,0.8128704242709724,62.118226766586304,20260221_202335_run18
tsfresh,BeijingPM25Quality_nmv,1256.697376110171,19.78132369956577,35.44992773067628,0.8928108206343932,62.060333013534546,20260221_202541_run18
tsfresh,DailyTemperatureLatitude,68.15889617274115,3.731183248018697,8.255840125192659,0.8510677768171038,40.59767985343933,20260221_202650_run18
tsfresh,Covid3Month,0.0014773505559907186,0.03252035427545672,0.038436318189841216,-0.08368766558747165,0.39295005798339844,20260221_202651_run19
tsfresh,FloodModeling1,0.00028203455401766797,0.0053888493563869185,0.016793884423136535,0.5608415674372992,0.42023682594299316,20260221_202653_run19
tsfresh,FloodModeling2,4.289688876042284e-05,0.0014083756285520244,0.006549571647094399,0.7326798441853835,0.42651987075805664,20260221_202655_run19
tsfresh,FloodModeling3,3.5714743859523684e-05,0.004003347887941029,0.005976181377729736,0.8974140468940479,0.40513014793395996,20260221_202657_run19
tsfresh,IEEEPPG,25.360115211514927,2.519059674268638,5.035882763877146,0.9706495560777214,3.0906615257263184,20260221_202720_run19
tsfresh,HouseholdPowerConsumption2_nmv,917.1173240205819,22.23826419055149,30.283944987741968,0.6332649482198486,1.3541884422302246,20260221_202733_run19
tsfresh,HouseholdPowerConsumption1_nmv,1293.2366133136052,11.552021355952723,35.96159914844729,0.9963869541405128,1.3630497455596924,20260221_202747_run19
tsfresh,AppliancesEnergy,6.087709328223404,1.8305701764424644,2.467328378676702,0.6243782366879655,0.9821796417236328,20260221_202750_run19
tsfresh,BenzeneConcentration_nmv,34.74681067617874,4.110099841827897,5.894642540152773,0.3948497420684618,13.563559770584106,20260221_202844_run19
tsfresh,LiveFuelMoistureContent,1694.6130074902412,30.4986854446108,41.16567754197957,0.0466691094672369,7.537445545196533,20260221_202916_run19
tsfresh,BIDMC32RR,0.24203520483081506,0.23403506890879017,0.4919707357463603,0.9745794319546608,5.307020902633667,20260221_203017_run19
tsfresh,BIDMC32SpO2,0.022106730671117562,0.07728678444979234,0.1486833234465707,0.9979845557507298,5.382636547088623,20260221_203117_run19
tsfresh,BIDMC32HR,0.3166549523509626,0.2980967364756736,0.5627210253322357,0.9982104705351621,5.3457489013671875,20260221_203217_run19
tsfresh,AcousticContaminationMadrid_nmv,8.138128631296343,2.160984950595432,2.8527405474904906,0.8029190676954389,0.5002233982086182,20260221_203218_run19
tsfresh,AluminiumConcentration,102872.19257573232,231.90999240322216,320.73695230785665,0.5488147843734801,0.4258303642272949,20260221_203222_run19
tsfresh,BarCrawl6min,0.0028928738854173126,0.03987245968447147,0.05378544306238736,0.2955326703537884,0.4075021743774414,20260221_203223_run19
tsfresh,BeijingIntAirportPM25Quality,3038.792706296634,36.84655986936752,55.12524563479635,0.5463402212477088,1.8559188842773438,20260221_203230_run19
tsfresh,BinanceCoinSentiment,0.11910734239997822,0.2607327407417418,0.34511931617917047,0.08663827570881866,0.4068918228149414,20260221_203231_run19
tsfresh,BitcoinSentiment,0.028443613290423775,0.11848641907048225,0.16865234445575839,0.4972411782302848,0.40428853034973145,20260221_203233_run19
tsfresh,BoronConcentration,0.16183567782884659,0.24730975749178769,0.40228805330117196,-0.07839460996115455,0.40741920471191406,20260221_203236_run19
tsfresh,CalciumConcentration,16951050.22598693,1586.5914602025218,4117.165314386457,0.06281731654085942,0.4148428440093994,20260221_203239_run19
tsfresh,CardanoSentiment,0.08880825686835446,0.21842421972968362,0.29800714231097625,-0.1876085766230371,0.38808417320251465,20260221_203241_run19
tsfresh,ChilledWaterPredictor,13674586.82077782,879.8662198715903,3697.9165513539947,0.024851223097925756,0.5858900547027588,20260221_203243_run19
tsfresh,CopperConcentration,5.157389586696715,1.0220096944421688,2.2709886804422244,0.23872429498932146,0.41730165481567383,20260221_203247_run19
tsfresh,Covid19Andalusia,0.00028881061430577435,0.0105233136329542,0.016994428919671716,0.7370006165497879,0.4065093994140625,20260221_203248_run19
tsfresh,DailyOilGasPrices,1.6906272392115518,0.8162354912549601,1.3002412234703036,0.6941421908649745,0.41123127937316895,20260221_203249_run19
tsfresh,DhakaHourlyAirQuality,0.2957975069715815,0.34090761951522264,0.5438726937175478,0.9999242789280252,0.8532936573028564,20260221_203252_run19
tsfresh,ElectricityPredictor,175493.59332129982,182.41587980420314,418.91955471343164,0.40521989887419596,0.8325469493865967,20260221_203255_run19
tsfresh,EthereumSentiment,0.044925658926183894,0.1714698446670425,0.2119567383363499,0.19073728565028347,0.4271681308746338,20260221_203257_run19
tsfresh,GasSensorArrayAcetone,0.05459467625209602,0.12893690530031435,0.23365503686438266,0.4083481305652017,0.4019737243652344,20260221_203302_run19
tsfresh,GasSensorArrayEthanol,0.06381614397542046,0.1493386361317971,0.2526185740903081,0.4103465793977856,0.3943023681640625,20260221_203306_run19
tsfresh,HotwaterPredictor,726743.3510594914,523.1987863072502,852.4924346054289,0.6974141131521671,0.5018246173858643,20260221_203309_run19
tsfresh,IronConcentration,5941.290913502473,48.097924930738365,77.07976980701534,0.05644337022440438,0.4085862636566162,20260221_203312_run19
tsfresh,LPGasMonitoringHomeActivity,1.4700491672288292,0.8752010397590768,1.2124558413521003,0.10011858602206225,1.1830618381500244,20260221_203315_run19
tsfresh,MadridPM10Quality_nmv,79.62155723666434,6.641975216581353,8.923091237719378,0.5099052774474407,6.069316864013672,20260221_203334_run19
tsfresh,MagnesiumConcentration,89689.08902072196,140.55023181920984,299.48136673376183,0.600673888697357,0.9259350299835205,20260221_203345_run19
tsfresh,ManganeseConcentration,9779.017381417663,70.8645184553395,98.88891435048554,0.12235152425807816,0.41962766647338867,20260221_203348_run19
tsfresh,MethaneMonitoringHomeActivity,0.21355310598261926,0.3192051393722344,0.462118064981904,0.32027380709250897,1.172990322113037,20260221_203351_run19
tsfresh,MetroInterstateTrafficVolume,318284.12922236096,473.5359007674265,564.1667565732325,-0.03005765011988948,0.9626827239990234,20260221_203355_run19
tsfresh,NaturalGasPricesSentiment,0.003259665052250098,0.04723258267676496,0.057093476442147906,0.4778243306196538,0.38250041007995605,20260221_203356_run19
tsfresh,OccupancyDetectionLight,11669.062808262295,51.10250912653973,108.02343638425087,0.7170659433814112,0.445420503616333,20260221_203358_run19
tsfresh,ParkingBirmingham_eq,0.010195499144944813,0.05751654106351711,0.10097276437210588,0.7956290577743439,0.8446829319000244,20260221_203400_run19
tsfresh,PhosphorusConcentration,709.7668324003023,8.880780163770606,26.641449517627645,0.14400474029282573,0.9293708801269531,20260221_203412_run19
tsfresh,PotassiumConcentration,87488.05124872258,99.01434207244553,295.7837913894583,0.220634277522606,0.9298245906829834,20260221_203422_run19
tsfresh,PrecipitationAndalusia_nmv,0.1609553616898641,0.2936395928693381,0.401192424766301,0.5270183967966042,0.728407621383667,20260221_203426_run19
tsfresh,SierraNevadaMountainsSnow,1191.296764004082,18.392555222045182,34.51516715886049,0.8756673387969374,0.5367140769958496,20260221_203428_run19
tsfresh,SodiumConcentration,136061.0526700159,75.95350921077208,368.8645451517615,0.19741693076902644,0.4298226833343506,20260221_203431_run19
tsfresh,SolarRadiationAndalusia_nmv,0.517254664735452,0.5536915261121769,0.7192041884857541,0.19235287191260675,0.5022625923156738,20260221_203434_run19
tsfresh,SteamPredictor,1271034859.0864518,9810.551461022902,35651.57582893709,0.11498819705164265,0.4632713794708252,20260221_203436_run19
tsfresh,SulphurConcentration,49732.08800815286,29.54750238079051,223.00692367761334,-0.0025406333102229173,0.4149036407470703,20260221_203439_run19
tsfresh,WaveDataTension,298.3183532267233,13.679687807675846,17.271894893922997,-0.008669178734401761,0.7913169860839844,20260221_203442_run19
tsfresh,WindTurbinePower,9944.026574035688,62.943526407711786,99.71974014223908,0.9873051890579955,0.4638404846191406,20260221_203444_run19
tsfresh,ZincConcentration,3.440577482470938,0.9024417955298698,1.854879371406922,0.014331075738629906,0.41393232345581055,20260221_203447_run19
tsfresh,ElectricMotorTemperature,14.87399350110745,2.275861194780291,3.8566816696620747,0.9586014356967861,66.90851402282715,20260221_203654_run19
tsfresh,BeijingPM10Quality_nmv,3256.095716385379,33.81658704843839,57.062209178977454,0.7960876372230482,62.305335521698,20260221_203859_run19
tsfresh,BeijingPM25Quality_nmv,1149.496878438923,19.499018844296174,33.90423098138229,0.8982054259613519,61.96982550621033,20260221_204105_run19
tsfresh,DailyTemperatureLatitude,64.80816052809695,3.686017327621422,8.050351577918628,0.8574749565270423,40.627318382263184,20260221_204214_run19
tsfresh,Covid3Month,0.001230588638870397,0.028236463124341714,0.03507974684729633,0.06472333657707863,0.4186439514160156,20260221_204216_run20
tsfresh,FloodModeling1,4.739276268968428e-05,0.004542363073566172,0.006884240167925889,0.8643512777358744,0.42028141021728516,20260221_204218_run20
tsfresh,FloodModeling2,2.7143088499234167e-05,0.0008859826166238432,0.005209902926085492,0.751396391701433,0.42049670219421387,20260221_204220_run20
tsfresh,FloodModeling3,4.798348026652283e-05,0.004722529565510542,0.006927010918608605,0.8568859453643101,0.414949893951416,20260221_204221_run20
tsfresh,IEEEPPG,36.5376524448475,2.772706244078166,6.044638322087394,0.9563960276803134,3.120593786239624,20260221_204246_run20
tsfresh,HouseholdPowerConsumption2_nmv,922.4285814074226,21.788288494499362,30.37150936992468,0.6145786484023459,1.337557315826416,20260221_204259_run20
tsfresh,HouseholdPowerConsumption1_nmv,1466.0513519006095,11.776385022577669,38.28905002609244,0.9961059551018254,1.3549864292144775,20260221_204312_run20
tsfresh,AppliancesEnergy,3.7025609474493746,1.4278495098295667,1.9242039776097997,0.7552566272456873,1.0112354755401611,20260221_204316_run20
tsfresh,BenzeneConcentration_nmv,32.71132236189858,4.0926960343298795,5.7193812918792695,0.3991030516826568,13.602037906646729,20260221_204411_run20
tsfresh,LiveFuelMoistureContent,1741.137568416146,30.345638993421137,41.72694055902189,0.04946605937644222,7.550759553909302,20260221_204444_run20
tsfresh,BIDMC32RR,0.23781961190274956,0.2318964000029467,0.4876675218863253,0.9735509283020732,5.322851896286011,20260221_204545_run20
tsfresh,BIDMC32SpO2,0.03601945098555767,0.08123006887257392,0.18978791053583385,0.9966595454336351,5.391939878463745,20260221_204645_run20
tsfresh,BIDMC32HR,0.5147429184690148,0.30570469119525656,0.7174558651715204,0.9971066672134584,5.354797840118408,20260221_204745_run20
tsfresh,AcousticContaminationMadrid_nmv,8.672559846737293,2.3170799255371097,2.9449210255518388,0.8175496951833752,0.3953132629394531,20260221_204747_run20
tsfresh,AluminiumConcentration,71984.98995402157,193.86580438264716,268.30018627280447,0.5989101281009884,0.41837525367736816,20260221_204750_run20
tsfresh,BarCrawl6min,0.002132468033696638,0.03594274497215834,0.0461786534417867,0.31735968643228485,0.42740368843078613,20260221_204752_run20
tsfresh,BeijingIntAirportPM25Quality,2581.3018546585317,35.68504729782795,50.80651389987835,0.5832522052553847,1.887599229812622,20260221_204759_run20
tsfresh,BinanceCoinSentiment,0.1523761579147922,0.29815026273123824,0.3903538880487707,0.007228465289671582,0.39803314208984375,20260221_204800_run20
tsfresh,BitcoinSentiment,0.02503643231270124,0.12128287516975403,0.15822905015420285,0.498366263409191,0.43174266815185547,20260221_204802_run20
tsfresh,BoronConcentration,2.1924261191876453,0.42531669564809893,1.4806843415082247,0.07905408478021947,0.41825008392333984,20260221_204806_run20
tsfresh,CalciumConcentration,13901093.042511918,1403.4032389970548,3728.416961997668,0.032838888491336315,0.41018056869506836,20260221_204810_run20
tsfresh,CardanoSentiment,0.08339035135388091,0.2210855468482682,0.28877387581614944,-0.04374824666318711,0.3890962600708008,20260221_204811_run20
tsfresh,ChilledWaterPredictor,6944691.465972939,598.1026114159985,2635.2782520965293,0.09289897321888507,0.5865304470062256,20260221_204814_run20
tsfresh,CopperConcentration,1.9757636293336243,0.9577008060746723,1.405618593123193,0.25989142852769287,0.427138090133667,20260221_204818_run20
tsfresh,Covid19Andalusia,0.0002774019529057694,0.010367831278613945,0.016655388104327363,0.5906753599523786,0.3903498649597168,20260221_204820_run20
tsfresh,DailyOilGasPrices,21.04323966075127,4.347541625503014,4.587291102682635,-4.584432831791782,0.40395426750183105,20260221_204821_run20
tsfresh,DhakaHourlyAirQuality,0.3094193565820585,0.34420360190472904,0.5562547587050906,0.9999218767631205,0.8696877956390381,20260221_204824_run20
tsfresh,ElectricityPredictor,118066.17040106528,142.53699843135465,343.60758199007375,0.40341310191102486,0.8306634426116943,20260221_204828_run20
tsfresh,EthereumSentiment,0.05475982698839285,0.18264850374025718,0.234008177182749,0.18343100233420662,0.4114339351654053,20260221_204829_run20
tsfresh,GasSensorArrayAcetone,0.0613331142157425,0.15268377740169722,0.24765523256281605,0.304399956816928,0.4006466865539551,20260221_204834_run20
tsfresh,GasSensorArrayEthanol,0.04968275662411871,0.13240056255631186,0.2228962911852028,0.5151550308534353,0.41388893127441406,20260221_204839_run20
tsfresh,HotwaterPredictor,947638.8041200101,644.1810680896299,973.4674129728278,0.4779262570607836,0.4967072010040283,20260221_204842_run20
tsfresh,IronConcentration,8031.437595616198,57.80989829685377,89.61828828769382,-0.005342900304335485,0.4237179756164551,20260221_204845_run20
tsfresh,LPGasMonitoringHomeActivity,1.3569760698462148,0.8276309688579017,1.164893158124905,0.09835499645120249,1.166799783706665,20260221_204848_run20
tsfresh,MadridPM10Quality_nmv,86.75248011614342,6.8111728764809945,9.314101143757428,0.4685527425530389,6.055999755859375,20260221_204907_run20
tsfresh,MagnesiumConcentration,68602.97908503526,132.86041227334425,261.92170411219314,0.651075330065449,0.953315019607544,20260221_204918_run20
tsfresh,ManganeseConcentration,10287.335803416016,72.90104082472428,101.42650444245831,0.07807034308209193,0.4327392578125,20260221_204921_run20
tsfresh,MethaneMonitoringHomeActivity,0.21089983044246813,0.3126685179860799,0.45923831552089395,0.30474133830482175,1.1726610660552979,20260221_204925_run20
tsfresh,MetroInterstateTrafficVolume,319936.2199467614,474.5282014750998,565.6290480047514,0.010166444982191769,0.9755728244781494,20260221_204929_run20
tsfresh,NaturalGasPricesSentiment,0.0025982479295160663,0.04283002255099279,0.05097301177599835,0.4241267129041897,0.38776350021362305,20260221_204930_run20
tsfresh,OccupancyDetectionLight,13016.148800653795,51.44142758175025,114.0883377065938,0.5731356447622158,0.44925880432128906,20260221_204932_run20
tsfresh,ParkingBirmingham_eq,0.01078259676904189,0.060267261957926296,0.10383928336155777,0.7767781308094719,0.822237491607666,20260221_204934_run20
tsfresh,PhosphorusConcentration,487.3560805991266,9.30436408770102,22.076142792596865,0.18777785641098876,0.9490184783935547,20260221_204945_run20
tsfresh,PotassiumConcentration,72928.74316590042,96.60622891917322,270.05322283931446,0.26210846996684445,0.9397814273834229,20260221_204956_run20
tsfresh,PrecipitationAndalusia_nmv,0.1512182827972009,0.29036731850081654,0.38886795033430166,0.5445481020892948,0.725325345993042,20260221_205000_run20
tsfresh,SierraNevadaMountainsSnow,1163.3421500987413,18.09204004985983,34.10780189485598,0.8517581140942363,0.5083439350128174,20260221_205002_run20
tsfresh,SodiumConcentration,103647.33362742224,66.34437610885537,321.9430596043689,0.19260104403887024,0.4103124141693115,20260221_205005_run20
tsfresh,SolarRadiationAndalusia_nmv,0.4568746177351252,0.5108313491000832,0.6759250089581871,0.23995418771106292,0.5055546760559082,20260221_205007_run20
tsfresh,SteamPredictor,1194926470.8043153,10953.315279747389,34567.70849802334,0.11808594352552115,0.46854090690612793,20260221_205010_run20
tsfresh,SulphurConcentration,49083.10686072825,27.068815424055327,221.54707594714097,0.0017064144640362988,0.4280877113342285,20260221_205013_run20
tsfresh,WaveDataTension,321.7520095186947,14.310784467944043,17.93744712936305,-0.0006558807283603141,0.8064038753509521,20260221_205016_run20
tsfresh,WindTurbinePower,7950.26499387788,46.55527771384881,89.1642585001293,0.989786151661316,0.45775890350341797,20260221_205017_run20
tsfresh,ZincConcentration,1.0936755876094375,0.7222085856163066,1.0457894566352433,0.06695288866877236,0.4159407615661621,20260221_205021_run20
tsfresh,ElectricMotorTemperature,13.599862797524944,2.1686526377404722,3.6877991807479082,0.9625200147278767,67.42837238311768,20260221_205228_run20
tsfresh,BeijingPM10Quality_nmv,3020.3134601808106,32.94888657612959,54.95737857813826,0.8128221497390139,62.20896005630493,20260221_205434_run20
tsfresh,BeijingPM25Quality_nmv,1180.7695295715782,19.220029372912013,34.362327185037664,0.8951365100169013,61.94317555427551,20260221_205639_run20
tsfresh,DailyTemperatureLatitude,66.3373165043606,3.671004766786441,8.144772342083025,0.8516053943103109,40.580289125442505,20260221_205749_run20
tsfresh,Covid3Month,0.0015077718765125901,0.03217928966718416,0.03883003832746744,-0.09426850827957112,0.3935246467590332,20260221_205750_run21
tsfresh,FloodModeling1,7.30440179014041e-05,0.005322690647427399,0.008546579309958113,0.820252083124206,0.41373443603515625,20260221_205752_run21
tsfresh,FloodModeling2,9.264365342740995e-05,0.001496455079287429,0.009625157319618726,0.6385465283454018,0.41211652755737305,20260221_205754_run21
tsfresh,FloodModeling3,8.857588034740939e-05,0.005429085920686306,0.009411475991969027,0.7708344744484714,0.4037618637084961,20260221_205755_run21
tsfresh,IEEEPPG,26.04680501395242,2.516207182610491,5.103607059125185,0.9702449732591222,3.079150915145874,20260221_205820_run21
tsfresh,HouseholdPowerConsumption2_nmv,944.2925339410225,22.209729124908893,30.72934320712082,0.6104448422783277,1.3369600772857666,20260221_205833_run21
tsfresh,HouseholdPowerConsumption1_nmv,12998.779494426031,16.435386620524326,114.01219011327706,0.9613092808457008,1.36220121383667,20260221_205846_run21
tsfresh,AppliancesEnergy,5.942621331856141,1.9938970011756534,2.437749234818081,0.7009018313880486,1.0085391998291016,20260221_205850_run21
tsfresh,BenzeneConcentration_nmv,33.986924574990425,4.067178273788563,5.829830578583774,0.40827671803245014,13.557931900024414,20260221_205945_run21
tsfresh,LiveFuelMoistureContent,1610.3944843747354,29.780617534511137,40.12972071139713,0.05910335351760798,7.552778244018555,20260221_210018_run21
tsfresh,BIDMC32RR,0.2474657425016479,0.2310097577405818,0.497459287280525,0.9718156219718673,5.320688962936401,20260221_210119_run21
tsfresh,BIDMC32SpO2,0.02088585930330817,0.07484251004459196,0.1445194080506427,0.9980610781960241,5.4003379344940186,20260221_210221_run21
tsfresh,BIDMC32HR,0.5612145681828762,0.3008813166018709,0.7491425553143248,0.9967113265942893,5.355290412902832,20260221_210321_run21
tsfresh,AcousticContaminationMadrid_nmv,10.740971467432779,2.0123169581095386,3.2773421346317777,0.7066996252695625,0.4010801315307617,20260221_210323_run21
tsfresh,AluminiumConcentration,118547.60764976598,247.3835591065745,344.30743188285373,0.5011398739094997,0.42486000061035156,20260221_210326_run21
tsfresh,BarCrawl6min,0.0024677776780215907,0.03542827732759652,0.049676731756644284,0.19242903946024115,0.41458559036254883,20260221_210328_run21
tsfresh,BeijingIntAirportPM25Quality,2607.923704012742,35.4823032590629,51.067834338385076,0.5799508167607865,1.8807706832885742,20260221_210334_run21
tsfresh,BinanceCoinSentiment,0.11647428411233257,0.23680881047550645,0.34128329011589853,0.05719271100231904,0.42350029945373535,20260221_210336_run21
tsfresh,BitcoinSentiment,0.04726070521697855,0.1488648494054675,0.2173952741367175,0.34483585332472655,0.41732215881347656,20260221_210337_run21
tsfresh,BoronConcentration,2.2101918621366634,0.45822786571610163,1.4866714035511222,0.1268456855307133,0.4154238700866699,20260221_210341_run21
tsfresh,CalciumConcentration,15250979.471801443,1536.2008672028387,3905.250244453157,0.11908164809757193,0.4300374984741211,20260221_210344_run21
tsfresh,CardanoSentiment,0.09744503669732052,0.23540974486307664,0.3121618757909436,-0.024347807403297894,0.40145373344421387,20260221_210345_run21
tsfresh,ChilledWaterPredictor,3660730.1405510046,471.86613935561974,1913.3034627447378,-0.05087918480751252,0.5870654582977295,20260221_210348_run21
tsfresh,CopperConcentration,5.27741551636511,1.19333856583348,2.297262613713354,0.18824956102766854,0.41849398612976074,20260221_210351_run21
tsfresh,Covid19Andalusia,0.00022308147361848203,0.009551127483100478,0.014935912212465699,0.7527316552468161,0.40816640853881836,20260221_210353_run21
tsfresh,DailyOilGasPrices,2.7818612940040652,0.9807445075966845,1.6678912716373526,0.5916775750172334,0.426769495010376,20260221_210354_run21
tsfresh,DhakaHourlyAirQuality,0.30859106989597523,0.35145732656449175,0.5555097387948975,0.9999191747236884,0.8558812141418457,20260221_210357_run21
tsfresh,ElectricityPredictor,96060.07858769539,127.28268131100938,309.93560393684265,0.39440614181397693,0.8311965465545654,20260221_210400_run21
tsfresh,EthereumSentiment,0.04191991430580868,0.15772130672149012,0.2047435330011883,0.24702056315658805,0.4158608913421631,20260221_210402_run21
tsfresh,GasSensorArrayAcetone,0.05143959584417075,0.13081896965751574,0.22680298905475377,0.3166073038576662,0.4056978225708008,20260221_210406_run21
tsfresh,GasSensorArrayEthanol,0.05083740624100341,0.13305885325453604,0.22547151980018101,0.5298585147973394,0.40472984313964844,20260221_210411_run21
tsfresh,HotwaterPredictor,1295031.5333761442,712.2681423922465,1137.9945225598162,0.34791545270263013,0.4913959503173828,20260221_210413_run21
tsfresh,IronConcentration,7667.291727333138,51.87671893327133,87.56307285227682,0.03588785222735835,0.4060835838317871,20260221_210416_run21
tsfresh,LPGasMonitoringHomeActivity,1.5209567794150944,0.860406457853905,1.2332707648424552,0.07890798620607475,1.16690993309021,20260221_210420_run21
tsfresh,MadridPM10Quality_nmv,85.6411848526722,6.806104969295453,9.254252257890542,0.48303925013812543,6.056759595870972,20260221_210439_run21
tsfresh,MagnesiumConcentration,53769.75106643277,118.04246125133155,231.8830547203326,0.6759706263933889,0.9459824562072754,20260221_210450_run21
tsfresh,ManganeseConcentration,10978.352681945713,73.43775291625313,104.77763445480964,0.06441916346856025,0.4227640628814697,20260221_210453_run21
tsfresh,MethaneMonitoringHomeActivity,0.24059182767449944,0.31950676015320173,0.4905016082282498,0.26138007547493547,1.167708396911621,20260221_210456_run21
tsfresh,MetroInterstateTrafficVolume,300154.03848236456,454.0952433825628,547.8631567119335,0.037402561128770384,0.9753172397613525,20260221_210500_run21
tsfresh,NaturalGasPricesSentiment,0.0029896155824874803,0.04506823264348966,0.054677377245872724,0.633824150961207,0.37323784828186035,20260221_210501_run21
tsfresh,OccupancyDetectionLight,7554.111124640096,40.85711019912648,86.91438962933638,0.7460768993902075,0.44286417961120605,20260221_210503_run21
tsfresh,ParkingBirmingham_eq,0.012547799934495561,0.0624491447391299,0.11201696270875926,0.7496815182949972,0.8233420848846436,20260221_210506_run21
tsfresh,PhosphorusConcentration,553.0104123178764,8.846291123771667,23.51617341996517,0.1943718827706452,0.9458189010620117,20260221_210517_run21
tsfresh,PotassiumConcentration,78663.08526289421,91.48523082864301,280.4694016517563,0.23202736578474792,0.929950475692749,20260221_210528_run21
tsfresh,PrecipitationAndalusia_nmv,0.15878587378307982,0.2952327919293817,0.3984794521466318,0.5337665256903737,0.7371652126312256,20260221_210531_run21
tsfresh,SierraNevadaMountainsSnow,831.1639714373929,15.41342843868454,28.829914523588045,0.8977169882760778,0.5357050895690918,20260221_210533_run21
tsfresh,SodiumConcentration,4133.112276363604,34.25988512633277,64.28928585980407,-0.26210109155861927,0.43208909034729004,20260221_210536_run21
tsfresh,SolarRadiationAndalusia_nmv,0.4823063019815655,0.5398547375721775,0.6944827585920081,0.10915333970767893,0.5133440494537354,20260221_210539_run21
tsfresh,SteamPredictor,1351166979.3279383,11791.763760502865,36758.22328850972,0.15239336880541243,0.4630777835845947,20260221_210541_run21
tsfresh,SulphurConcentration,16064.301676515062,25.834342123241324,126.74502623975057,0.006642508447737172,0.4235067367553711,20260221_210544_run21
tsfresh,WaveDataTension,279.3256039591142,13.45022380715509,16.713036946022534,0.014933458317149095,0.7883584499359131,20260221_210547_run21
tsfresh,WindTurbinePower,8914.496883617008,57.87244688280323,94.4166133877773,0.9887069313548124,0.47049713134765625,20260221_210549_run21
tsfresh,ZincConcentration,2.4814426626930084,0.8223750887676059,1.575259554071331,0.027952474671327887,0.4325523376464844,20260221_210552_run21
tsfresh,ElectricMotorTemperature,16.14408142038671,2.292793900528404,4.017969813274697,0.9560688429964265,66.96674227714539,20260221_210800_run21
tsfresh,BeijingPM10Quality_nmv,3072.060520820555,33.2240379870788,55.42617180376573,0.813424253746523,62.19361066818237,20260221_211006_run21
tsfresh,BeijingPM25Quality_nmv,1261.7646592748695,19.71307429118693,35.52132682311951,0.892326976575437,61.97399878501892,20260221_211211_run21
tsfresh,DailyTemperatureLatitude,68.43800720986648,3.688650014227559,8.272726709487415,0.851360384754051,40.605544328689575,20260221_211320_run21
tsfresh,Covid3Month,0.002134758795944989,0.0333240655328123,0.04620345004374661,0.061389924160095366,0.41220760345458984,20260221_211322_run22
tsfresh,FloodModeling1,5.806050270858063e-05,0.004846503735768913,0.007619744267925311,0.8101908400247692,0.4153633117675781,20260221_211323_run22
tsfresh,FloodModeling2,9.33305727732578e-06,0.0006780659927064411,0.0030550052827001428,0.579089776809447,0.41775941848754883,20260221_211325_run22
tsfresh,FloodModeling3,4.954088967335654e-05,0.004735555621592894,0.007038528942425153,0.8874262636748358,0.4069101810455322,20260221_211327_run22
tsfresh,IEEEPPG,28.306449790125924,2.572933900586501,5.320380605758006,0.9674593675412924,3.0853183269500732,20260221_211350_run22
tsfresh,HouseholdPowerConsumption2_nmv,914.7191712405431,22.27253081603648,30.244324612074628,0.627917960392067,1.347921371459961,20260221_211403_run22
tsfresh,HouseholdPowerConsumption1_nmv,3852.2579273155698,16.261230476579584,62.0665604598448,0.9895626523427276,1.3397927284240723,20260221_211417_run22
tsfresh,AppliancesEnergy,6.727837431149058,1.986930779048375,2.5938075162103025,0.6032631078171655,0.9940304756164551,20260221_211421_run22
tsfresh,BenzeneConcentration_nmv,34.05313468311711,4.087969543918018,5.835506377609153,0.39081548929658505,13.587474584579468,20260221_211515_run22
tsfresh,LiveFuelMoistureContent,1737.7772317062509,30.682240559963198,41.68665531925355,0.05491494735786662,7.550593852996826,20260221_211548_run22
tsfresh,BIDMC32RR,0.19242328920253754,0.22688666334024546,0.4386607905917026,0.9789896007433279,5.318225860595703,20260221_211648_run22
tsfresh,BIDMC32SpO2,0.022430389914473603,0.07299348426427943,0.14976778663809384,0.9979226089155632,5.37904167175293,20260221_211749_run22
tsfresh,BIDMC32HR,0.6686601679734347,0.3333876785651537,0.817716434941499,0.9962077231447364,5.3487396240234375,20260221_211851_run22
tsfresh,AcousticContaminationMadrid_nmv,10.57777818471229,2.2875657187567824,3.2523496406002064,0.7696462070758976,0.39078664779663086,20260221_211852_run22
tsfresh,AluminiumConcentration,119401.48094037754,237.7151806369358,345.545193774096,0.4762821694350593,0.4333827495574951,20260221_211855_run22
tsfresh,BarCrawl6min,0.0018490458898139106,0.03182559596945379,0.04300053359917654,0.4205144953703194,0.43470001220703125,20260221_211856_run22
tsfresh,BeijingIntAirportPM25Quality,2790.6573207001043,36.84032941807462,52.8266724363754,0.5513114517806326,1.8757975101470947,20260221_211902_run22
tsfresh,BinanceCoinSentiment,0.12366013321427612,0.2521785972062546,0.3516534277015882,0.09708067585492286,0.4160952568054199,20260221_211904_run22
tsfresh,BitcoinSentiment,0.04036849327162027,0.1262628686745167,0.2009191212195103,0.2923782226537306,0.42632484436035156,20260221_211905_run22
tsfresh,BoronConcentration,1.0430645158721858,0.35871054927369067,1.0213053000313794,0.18312338077348678,0.418001651763916,20260221_211908_run22
tsfresh,CalciumConcentration,12348239.364621948,1471.4037408849906,3514.006170259516,0.14831380472314248,0.4112215042114258,20260221_211911_run22
tsfresh,CardanoSentiment,0.09312701613333356,0.24799304065126357,0.3051671937370293,-0.01624373816517455,0.38840365409851074,20260221_211912_run22
tsfresh,ChilledWaterPredictor,5692132.412358244,457.08210899363127,2385.819023387617,0.07091784469682927,0.5974009037017822,20260221_211915_run22
tsfresh,CopperConcentration,5.81650664994528,1.1746836757574133,2.411743487592592,0.2025610850359536,0.41590356826782227,20260221_211918_run22
tsfresh,Covid19Andalusia,0.0002506708919896885,0.0098810824765098,0.015832589554134486,0.7625771700919644,0.4103875160217285,20260221_211920_run22
tsfresh,DailyOilGasPrices,1.027780300247001,0.6585421731006139,1.0137949991230975,0.664406115203425,0.404498815536499,20260221_211921_run22
tsfresh,DhakaHourlyAirQuality,0.28150250672416494,0.3277358824504165,0.5305680981025573,0.9999277916354582,0.86177659034729,20260221_211924_run22
tsfresh,ElectricityPredictor,210923.55990460797,193.9340327589067,459.26415046747115,0.03156722101963705,0.8289604187011719,20260221_211927_run22
tsfresh,EthereumSentiment,0.03861693001124769,0.14877674792381088,0.1965119080647473,0.28608806797455044,0.4057583808898926,20260221_211929_run22
tsfresh,GasSensorArrayAcetone,0.056637743675433776,0.1344575977317592,0.23798685609804962,0.3656572708351419,0.4075179100036621,20260221_211934_run22
tsfresh,GasSensorArrayEthanol,0.0549855748921357,0.132355497122605,0.2344900315410779,0.5454127503898076,0.39249706268310547,20260221_211939_run22
tsfresh,HotwaterPredictor,711217.6647427338,514.2007319663354,843.3372188767278,0.5694812970248955,0.487917423248291,20260221_211941_run22
tsfresh,IronConcentration,4981.663350630404,49.611915513743526,70.5808993328252,0.06993968626269909,0.41365766525268555,20260221_211944_run22
tsfresh,LPGasMonitoringHomeActivity,1.5905623617366038,0.8877318835587588,1.2611749925115878,0.07231142481822128,1.1778900623321533,20260221_211947_run22
tsfresh,MadridPM10Quality_nmv,80.85823955594516,6.741805199447865,8.992120970935899,0.4911332091060817,6.044557094573975,20260221_212006_run22
tsfresh,MagnesiumConcentration,136114.037691515,156.96294786381972,368.9363599477761,0.5353446628392293,0.9340786933898926,20260221_212017_run22
tsfresh,ManganeseConcentration,11935.142485354743,76.49919085792874,109.24807771926581,0.0512092659298401,0.4181978702545166,20260221_212020_run22
tsfresh,MethaneMonitoringHomeActivity,0.28932135860202585,0.33979732314599914,0.5378860089294254,0.2400132410815431,1.1858024597167969,20260221_212023_run22
tsfresh,MetroInterstateTrafficVolume,309070.4004671396,453.95380658711474,555.9410044844143,0.013954401974543451,0.9633615016937256,20260221_212027_run22
tsfresh,NaturalGasPricesSentiment,0.0022602309026487737,0.038070437902977275,0.04754188577085235,0.6713138172068517,0.39798593521118164,20260221_212028_run22
tsfresh,OccupancyDetectionLight,5871.88251440697,36.71276509193299,76.62820965158308,0.8256183204099815,0.4417107105255127,20260221_212030_run22
tsfresh,ParkingBirmingham_eq,0.013336152720682497,0.06520814267568352,0.11548226149795689,0.7227089298456848,0.8267598152160645,20260221_212032_run22
tsfresh,PhosphorusConcentration,225.02704683120646,7.626410818372656,15.0009015339481,0.2791232631394124,0.9465351104736328,20260221_212043_run22
tsfresh,PotassiumConcentration,59297.55546491226,86.77404509517288,243.51089393477298,0.21430058628334425,0.9359493255615234,20260221_212054_run22
tsfresh,PrecipitationAndalusia_nmv,0.22286050431728333,0.3027341801906485,0.4720810357526378,0.4170028671920438,0.7227640151977539,20260221_212058_run22
tsfresh,SierraNevadaMountainsSnow,1296.1472919487578,18.261521140610427,36.002045663389154,0.8778633747804435,0.5066843032836914,20260221_212100_run22
tsfresh,SodiumConcentration,99508.55169980616,58.32077262086295,315.44976097598516,0.1659615484858714,0.4127347469329834,20260221_212103_run22
tsfresh,SolarRadiationAndalusia_nmv,0.5128070397223716,0.5476813591441937,0.7161054668988163,0.16149748610173975,0.5217475891113281,20260221_212105_run22
tsfresh,SteamPredictor,280578844.64187706,5407.18395258343,16750.487892651876,0.1257373400621492,0.4744880199432373,20260221_212107_run22
tsfresh,SulphurConcentration,52667.71695344344,30.984600952228327,229.49448131369834,-0.005119784482510825,0.43129801750183105,20260221_212111_run22
tsfresh,WaveDataTension,294.46950027803985,13.789187685669463,17.16011364408872,0.007373388595604657,0.8092300891876221,20260221_212113_run22
tsfresh,WindTurbinePower,9037.84033336801,63.59509821754045,95.06755668138322,0.9880236230989553,0.4672822952270508,20260221_212115_run22
tsfresh,ZincConcentration,1.4958912206707413,0.819827501716414,1.2230663189993998,0.024352135975034828,0.4303724765777588,20260221_212118_run22
tsfresh,ElectricMotorTemperature,14.476896929831357,2.240258435856302,3.8048517618734317,0.9607145094946475,67.11839056015015,20260221_212326_run22
tsfresh,BeijingPM10Quality_nmv,3028.6973389811915,32.48898983734723,55.03360190811784,0.8186828635702981,62.299681425094604,20260221_212530_run22
tsfresh,BeijingPM25Quality_nmv,1080.0494946761212,19.318949822842978,32.864106479198874,0.9086096600004028,61.98139023780823,20260221_212736_run22
tsfresh,DailyTemperatureLatitude,67.82553734945218,3.7760812972282527,8.235626105491445,0.8512576952506956,40.608855962753296,20260221_212846_run22
tsfresh,Covid3Month,0.0018019647498503035,0.03186078424322411,0.04244955535515423,0.016623142834103377,0.4149198532104492,20260221_212847_run23
tsfresh,FloodModeling1,7.029181111541875e-05,0.005183711796703907,0.008384021178135153,0.8161985036436497,0.4147918224334717,20260221_212849_run23
tsfresh,FloodModeling2,8.779078052820054e-05,0.0018350882559866513,0.009369673448322548,0.6212751666573594,0.43219900131225586,20260221_212850_run23
tsfresh,FloodModeling3,4.0774185781776254e-05,0.004485147508590115,0.006385466763031208,0.9006200697859986,0.42278361320495605,20260221_212852_run23
tsfresh,IEEEPPG,31.396910985647718,2.5799018121882975,5.603294654544567,0.9623047581042706,3.105619192123413,20260221_212915_run23
tsfresh,HouseholdPowerConsumption2_nmv,996.6959338655206,22.497378392077746,31.570491504972182,0.5913554671551317,1.332446813583374,20260221_212929_run23
tsfresh,HouseholdPowerConsumption1_nmv,8350.842580730417,14.794344741509892,91.38294469281682,0.9773528363726961,1.3393707275390625,20260221_212942_run23
tsfresh,AppliancesEnergy,7.248286957121614,2.1189291218348916,2.692264280697869,0.43259683606818067,0.9862504005432129,20260221_212946_run23
tsfresh,BenzeneConcentration_nmv,33.02315693392145,4.074126496399731,5.746577845459108,0.3967158357570507,13.605515003204346,20260221_213039_run23
tsfresh,LiveFuelMoistureContent,1745.5537022070528,30.741089616586038,41.779824104548986,0.04883532136143587,7.559440612792969,20260221_213112_run23
tsfresh,BIDMC32RR,0.30974627403484395,0.23862444972174998,0.5565485369982064,0.9654795505284237,5.322690725326538,20260221_213212_run23
tsfresh,BIDMC32SpO2,0.028141537212332583,0.08159034686347495,0.16775439550823276,0.9974106107499432,5.401764154434204,20260221_213311_run23
tsfresh,BIDMC32HR,0.5140464874731694,0.3213257019512062,0.7169703532735293,0.9969756112022575,5.342459440231323,20260221_213412_run23
tsfresh,AcousticContaminationMadrid_nmv,5.342367211756807,1.8512680689493815,2.311356141263567,0.8822525088478146,0.3953268527984619,20260221_213414_run23
tsfresh,AluminiumConcentration,97176.98464659456,216.5246381835937,311.7322322869333,0.581897088738061,0.4286026954650879,20260221_213416_run23
tsfresh,BarCrawl6min,0.0024329003900952777,0.03483722974025465,0.04932444008901954,0.38849492806455543,0.40990376472473145,20260221_213418_run23
tsfresh,BeijingIntAirportPM25Quality,2780.672457385324,36.51029023544937,52.732081860906305,0.5518848033780174,1.875185251235962,20260221_213424_run23
tsfresh,BinanceCoinSentiment,0.12926588568217684,0.2637000894987131,0.3595356528665507,0.06364212028891081,0.4229702949523926,20260221_213425_run23
tsfresh,BitcoinSentiment,0.038723120998073644,0.14073470548450948,0.19678191227364786,0.38352738817989807,0.42391395568847656,20260221_213427_run23
tsfresh,BoronConcentration,0.2291812920170052,0.2907282338971312,0.47872882931468125,0.050493261705016335,0.4117467403411865,20260221_213430_run23
tsfresh,CalciumConcentration,3481520.3915745793,1180.4862566020226,1865.883273834293,0.17541903943224102,0.41493773460388184,20260221_213434_run23
tsfresh,CardanoSentiment,0.10162429809723958,0.24758563696615624,0.3187856616870332,-0.07341518757380538,0.3964252471923828,20260221_213435_run23
tsfresh,ChilledWaterPredictor,4425910.633865944,423.34627856520694,2103.7848354491825,0.08729845109356227,0.5859906673431396,20260221_213438_run23
tsfresh,CopperConcentration,1.4495360391233847,0.8651217560030166,1.2039667931979623,0.2742880838057987,0.42986321449279785,20260221_213441_run23
tsfresh,Covid19Andalusia,0.0004498782036628344,0.011858502232003383,0.021210332474122944,0.4638518096621187,0.38817882537841797,20260221_213442_run23
tsfresh,DailyOilGasPrices,0.9466615704548137,0.6256816849883946,0.9729653490514519,0.7663346404854774,0.3998277187347412,20260221_213444_run23
tsfresh,DhakaHourlyAirQuality,0.33216904923215823,0.347885908903899,0.5763410875793589,0.9999116050945711,0.869492769241333,20260221_213446_run23
tsfresh,ElectricityPredictor,167761.21106450763,179.42723014231441,409.58663438216297,0.35128839861264705,0.8162212371826172,20260221_213450_run23
tsfresh,EthereumSentiment,0.0541214080863071,0.1763729957478069,0.23264008271642939,0.20158360156571453,0.4050924777984619,20260221_213451_run23
tsfresh,GasSensorArrayAcetone,0.06325089313100467,0.1618805840095073,0.25149730243285845,0.3966606779537799,0.39675068855285645,20260221_213456_run23
tsfresh,GasSensorArrayEthanol,0.04708941251015167,0.13572063906878093,0.21700095048213883,0.5034793283989085,0.40269970893859863,20260221_213501_run23
tsfresh,HotwaterPredictor,883786.1031647293,605.5352169359822,940.0989858332629,0.36313002121344506,0.49078989028930664,20260221_213503_run23
tsfresh,IronConcentration,7293.806799253115,54.01971904588782,85.40378679691618,-0.00473885047744349,0.4258887767791748,20260221_213506_run23
tsfresh,LPGasMonitoringHomeActivity,1.4683481664459404,0.8527515822201556,1.2117541691473317,0.09406327655451918,1.1737494468688965,20260221_213509_run23
tsfresh,MadridPM10Quality_nmv,77.11163515405177,6.656819163240364,8.781323086759294,0.5120756545959947,6.0506439208984375,20260221_213528_run23
tsfresh,MagnesiumConcentration,67402.96525211209,131.64417919871698,259.6208105143193,0.6596723422967319,0.9412736892700195,20260221_213539_run23
tsfresh,ManganeseConcentration,12048.95390323534,77.16044667534207,109.76772705688745,0.03847241041548899,0.42325687408447266,20260221_213542_run23
tsfresh,MethaneMonitoringHomeActivity,0.2318716759613824,0.3238339598569169,0.48153055558436,0.25595410082350467,1.1773581504821777,20260221_213546_run23
tsfresh,MetroInterstateTrafficVolume,298500.2050453788,442.86686420876146,546.3517228355547,0.032272215911596236,0.9798693656921387,20260221_213549_run23
tsfresh,NaturalGasPricesSentiment,0.002989002131016917,0.045034446687689744,0.05467176722054005,0.6898576199086885,0.3735392093658447,20260221_213551_run23
tsfresh,OccupancyDetectionLight,10731.645271530535,46.01478748469064,103.59365459105366,0.7136675623538382,0.44733619689941406,20260221_213552_run23
tsfresh,ParkingBirmingham_eq,0.010300813913255269,0.058836540583137475,0.10149292543451129,0.797485380219058,0.8453147411346436,20260221_213555_run23
tsfresh,PhosphorusConcentration,510.5748048292435,9.429665934458132,22.59590239023977,0.21840366527082133,0.9447119235992432,20260221_213606_run23
tsfresh,PotassiumConcentration,67776.46770288884,101.68638475527,260.3391397828779,0.28928885611857647,0.9256637096405029,20260221_213617_run23
tsfresh,PrecipitationAndalusia_nmv,0.18867334234963623,0.30814623959638326,0.4343654479233313,0.45993467745891004,0.7203378677368164,20260221_213620_run23
tsfresh,SierraNevadaMountainsSnow,1032.2035551452086,17.89168296596773,32.12792484965701,0.9043780604577282,0.5351097583770752,20260221_213622_run23
tsfresh,SodiumConcentration,80278.4344506277,50.982788383075324,283.3344921654046,0.2981570813245311,0.4170846939086914,20260221_213625_run23
tsfresh,SolarRadiationAndalusia_nmv,0.40613094285536305,0.5006107955905716,0.6372840362470749,0.23867993993676184,0.5001218318939209,20260221_213628_run23
tsfresh,SteamPredictor,171055310.61589414,4020.3542250548685,13078.811513891244,-0.3537432904047457,0.4684615135192871,20260221_213630_run23
tsfresh,SulphurConcentration,81234.67237806924,32.124361813010964,285.01696857918694,0.0005295908104869795,0.5386912822723389,20260221_213633_run23
tsfresh,WaveDataTension,297.9560952224177,13.846240494210617,17.261404787050726,-0.006315787055539701,0.7961952686309814,20260221_213636_run23
tsfresh,WindTurbinePower,8483.174244155703,45.11618768319488,92.10414889762406,0.9889287498359667,0.4611518383026123,20260221_213638_run23
tsfresh,ZincConcentration,2.2206611137775463,0.8079102273441734,1.4901882813180174,0.05542765124825455,0.4209005832672119,20260221_213641_run23
tsfresh,ElectricMotorTemperature,13.74932579682968,2.1980733172838427,3.708008332896473,0.9625677969521419,67.01814866065979,20260221_213849_run23
tsfresh,BeijingPM10Quality_nmv,3564.3604320756235,34.13136760156997,59.70226488229424,0.7921683903552217,62.14338684082031,20260221_214055_run23
tsfresh,BeijingPM25Quality_nmv,1244.4375830080237,19.624538928430923,35.27658689567379,0.890752368422808,62.08661246299744,20260221_214300_run23
tsfresh,DailyTemperatureLatitude,69.8257173277,3.8273888332661956,8.3561783925249,0.8465710355125791,40.5830557346344,20260221_214409_run23
tsfresh,Covid3Month,0.0014687972461398218,0.03112628048605465,0.03832489068659977,-0.041443133711212,0.402721643447876,20260221_214411_run24
tsfresh,FloodModeling1,3.848810316416753e-05,0.004195325016975402,0.006203878074572995,0.8950635123008545,0.41791296005249023,20260221_214413_run24
tsfresh,FloodModeling2,2.3024820836921913e-05,0.0007866389182076569,0.004798418576668975,0.7511727387272547,0.43720412254333496,20260221_214414_run24
tsfresh,FloodModeling3,5.267960457070808e-05,0.0046111210882663735,0.007258071684043089,0.8781758812254994,0.42978477478027344,20260221_214416_run24
tsfresh,IEEEPPG,36.13429699410495,2.7683901864446225,6.011180998281865,0.9580595672000864,3.0963869094848633,20260221_214440_run24
tsfresh,HouseholdPowerConsumption2_nmv,850.6262835244802,21.513010981835013,29.165498170346417,0.6715916807241287,1.3820056915283203,20260221_214454_run24
tsfresh,HouseholdPowerConsumption1_nmv,13589.829777120256,19.602112365900602,116.57542527102467,0.966438783536281,1.3390259742736816,20260221_214507_run24
tsfresh,AppliancesEnergy,6.4728764733382835,1.868696379888625,2.5441848347433966,0.6107609084523911,0.9983716011047363,20260221_214511_run24
tsfresh,BenzeneConcentration_nmv,34.17839164311636,4.064685126714809,5.846228839441402,0.3995351309558737,13.593857526779175,20260221_214606_run24
tsfresh,LiveFuelMoistureContent,1553.0901370823444,29.062645893627444,39.409264609763326,0.0256022543518859,7.554537773132324,20260221_214638_run24
tsfresh,BIDMC32RR,0.19208086631995488,0.2194083908268374,0.438270311930839,0.9787908196481514,5.315682411193848,20260221_214738_run24
tsfresh,BIDMC32SpO2,0.025092880876378027,0.08301520102904397,0.15840732582926217,0.9978057110527258,5.395134925842285,20260221_214840_run24
tsfresh,BIDMC32HR,1.0256141219417723,0.3330672327760701,1.0127260843593258,0.9939933849672652,5.340656995773315,20260221_214940_run24
tsfresh,AcousticContaminationMadrid_nmv,10.598492405520288,2.423520300123426,3.2555325840053095,0.6610378735018972,0.4088916778564453,20260221_214941_run24
tsfresh,AluminiumConcentration,130714.92176428047,251.89033266937417,361.5451863381401,0.4880223927074876,0.411956787109375,20260221_214945_run24
tsfresh,BarCrawl6min,0.002034456282826772,0.03328623236155171,0.04510494743181475,0.3403046443414295,0.409487247467041,20260221_214947_run24
tsfresh,BeijingIntAirportPM25Quality,2246.1495309403454,33.41279595921942,47.3935600154741,0.5959355142797906,1.8153407573699951,20260221_214953_run24
tsfresh,BinanceCoinSentiment,0.1007890416461916,0.24800214717508873,0.3174728990735927,0.07503633533185039,0.42137670516967773,20260221_214954_run24
tsfresh,BitcoinSentiment,0.032831437121950996,0.13446095026159288,0.18119447321028032,0.41909711823473084,0.4208211898803711,20260221_214956_run24
tsfresh,BoronConcentration,0.4514046938438776,0.31346449106717683,0.6718665744356371,0.21734109049811579,0.40862441062927246,20260221_214959_run24
tsfresh,CalciumConcentration,8770770.540245526,1292.7503427683248,2961.5486726112617,0.16056398086089174,0.41062211990356445,20260221_215003_run24
tsfresh,CardanoSentiment,0.0834674036433156,0.22933572277228037,0.2889072578584962,-0.03570914209755793,0.389467716217041,20260221_215004_run24
tsfresh,ChilledWaterPredictor,3724157.0279515553,513.0888953260169,1929.8075105956955,-0.053936196696183325,0.5858421325683594,20260221_215007_run24
tsfresh,CopperConcentration,1.4189764205724937,0.8699726276200914,1.1912079669698712,0.35926324412475186,0.41167330741882324,20260221_215010_run24
tsfresh,Covid19Andalusia,0.0002845861202938787,0.009681039194384702,0.01686968050360998,0.7054297150419803,0.3989872932434082,20260221_215011_run24
tsfresh,DailyOilGasPrices,1.6861851849952214,0.7700736001617607,1.298531934530384,0.7011447284491215,0.39860057830810547,20260221_215013_run24
tsfresh,DhakaHourlyAirQuality,0.33002643328852094,0.35176218701381584,0.5744792714176212,0.9999065878224833,0.8742640018463135,20260221_215015_run24
tsfresh,ElectricityPredictor,100343.98080115078,126.52094558319833,316.7711805091347,0.4178557717854514,0.8323197364807129,20260221_215019_run24
tsfresh,EthereumSentiment,0.03808715819406994,0.15182053129962672,0.19515931490469507,0.3145092903335981,0.4171717166900635,20260221_215020_run24
tsfresh,GasSensorArrayAcetone,0.0416926333171758,0.12410646667530403,0.20418774036943502,0.4383672762772195,0.395235538482666,20260221_215025_run24
tsfresh,GasSensorArrayEthanol,0.03860019861826733,0.11148863148638546,0.19646933251341628,0.5728523639803299,0.39510154724121094,20260221_215030_run24
tsfresh,HotwaterPredictor,1076798.5428808145,660.566734410577,1037.6890395878788,0.3177513603862896,0.505856990814209,20260221_215032_run24
tsfresh,IronConcentration,5809.610639649301,53.47185767878657,76.22080188274919,0.08128635209697088,0.4130089282989502,20260221_215035_run24
tsfresh,LPGasMonitoringHomeActivity,1.5488884181107887,0.877873876214007,1.244543457702779,0.07783884054094758,1.1811363697052002,20260221_215038_run24
tsfresh,MadridPM10Quality_nmv,82.45612162368178,6.691818281913367,9.08053531592063,0.5101609438914344,6.07068133354187,20260221_215057_run24
tsfresh,MagnesiumConcentration,57832.88168715652,127.00361054584407,240.4846807743822,0.7150608517606862,0.946270227432251,20260221_215108_run24
tsfresh,ManganeseConcentration,8866.857626944071,67.60172268908957,94.16399326145887,0.06557914872624082,0.42455315589904785,20260221_215111_run24
tsfresh,MethaneMonitoringHomeActivity,0.25799831549582763,0.3311304132191142,0.5079353457831298,0.2547759258913549,1.179135799407959,20260221_215114_run24
tsfresh,MetroInterstateTrafficVolume,274944.66960680357,443.11674648615866,524.3516659712293,0.026573870993939264,0.9689786434173584,20260221_215118_run24
tsfresh,NaturalGasPricesSentiment,0.0022974130275515447,0.038821702484938346,0.04793133659258361,0.4479499869614191,0.38346147537231445,20260221_215120_run24
tsfresh,OccupancyDetectionLight,7127.886232276646,38.336582517415685,84.42680991413003,0.8023185354858666,0.44524574279785156,20260221_215121_run24
tsfresh,ParkingBirmingham_eq,0.01070352405749713,0.05952623401562445,0.10345783710042043,0.7894384062814146,0.8308145999908447,20260221_215124_run24
tsfresh,PhosphorusConcentration,645.0346591107472,8.541362845255534,25.397532539810776,0.15197505369932607,0.9354796409606934,20260221_215135_run24
tsfresh,PotassiumConcentration,87602.47699923997,98.46388902932755,295.9771562118265,0.17477012458444507,0.927772045135498,20260221_215146_run24
tsfresh,PrecipitationAndalusia_nmv,0.15746990489730586,0.2994285711363801,0.3968247785828222,0.5665069321653662,0.721358060836792,20260221_215150_run24
tsfresh,SierraNevadaMountainsSnow,979.9504935912745,16.72587978710085,31.304160962901953,0.8983953356542499,0.5121092796325684,20260221_215152_run24
tsfresh,SodiumConcentration,895412.5662204024,108.61192711585207,946.2624193216184,-0.0025814281134104444,0.41994738578796387,20260221_215155_run24
tsfresh,SolarRadiationAndalusia_nmv,0.3462877995527296,0.46249540770781244,0.5884622329026133,0.27931272295497567,0.5028924942016602,20260221_215157_run24
tsfresh,SteamPredictor,1840439453.3640685,14294.32646237733,42900.34327792808,0.05313543520552666,0.4825737476348877,20260221_215159_run24
tsfresh,SulphurConcentration,546.6489035017942,14.784131318636588,23.380524021111977,-0.27730128402108534,0.4207491874694824,20260221_215203_run24
tsfresh,WaveDataTension,327.94865398642503,14.369696215075388,18.10935266613429,0.009603787670376396,0.8127496242523193,20260221_215206_run24
tsfresh,WindTurbinePower,8978.179243645944,65.36192441385447,94.7532545279894,0.9887915193005072,0.46236228942871094,20260221_215207_run24
tsfresh,ZincConcentration,1.3647512858261936,0.7612893371527106,1.1682256998654814,0.029592260691582495,0.4157998561859131,20260221_215211_run24
tsfresh,ElectricMotorTemperature,14.956936632273502,2.233944116356331,3.8674198934526753,0.9594386242550045,67.1888816356659,20260221_215419_run24
tsfresh,BeijingPM10Quality_nmv,3283.1742914037577,33.19395310141961,57.29899031748952,0.7939899027979823,62.23444223403931,20260221_215624_run24
tsfresh,BeijingPM25Quality_nmv,1227.1081035939285,19.440447213305912,35.03010282020206,0.89110323056041,61.95877647399902,20260221_215829_run24
tsfresh,DailyTemperatureLatitude,68.78116554877238,3.738846972426677,8.293441116254,0.8507510259107306,40.537128925323486,20260221_215938_run24
tsfresh,Covid3Month,0.0021604429257359938,0.03597156976310857,0.04648056503245194,0.08215262028307768,0.40715622901916504,20260221_215940_run25
tsfresh,FloodModeling1,0.0002656754444691609,0.005866827640202964,0.01629955350520869,0.5627765023687912,0.4292616844177246,20260221_215942_run25
tsfresh,FloodModeling2,0.00012808800993605924,0.0024161393707664365,0.011317597357039137,0.6716456443607803,0.4155900478363037,20260221_215944_run25
tsfresh,FloodModeling3,3.993366574378061e-05,0.004258954079254818,0.006319308960937154,0.8917517794041153,0.422896146774292,20260221_215945_run25
tsfresh,IEEEPPG,29.11938812732293,2.596939193263246,5.3962383312195294,0.9655987555889496,3.0917251110076904,20260221_220009_run25
tsfresh,HouseholdPowerConsumption2_nmv,864.6237507339197,20.97685061651069,29.40448521457092,0.6433632990851571,1.3643584251403809,20260221_220023_run25
tsfresh,HouseholdPowerConsumption1_nmv,1879.3889768734764,12.171414220626428,43.35192010595928,0.995069813220053,1.3588378429412842,20260221_220036_run25
tsfresh,AppliancesEnergy,9.722621636521353,2.191398289090111,3.1181118704307824,0.2938753865503442,1.0153884887695312,20260221_220040_run25
tsfresh,BenzeneConcentration_nmv,34.659868721532845,4.110057080126984,5.8872632624618415,0.38746019257313224,13.578414678573608,20260221_220134_run25
tsfresh,LiveFuelMoistureContent,1598.4334680131062,29.899015860248085,39.980413554803384,0.05494692966969872,7.558476209640503,20260221_220208_run25
tsfresh,BIDMC32RR,0.27775249297825977,0.24216140069045974,0.5270222888818459,0.9682469849798864,5.337939739227295,20260221_220308_run25
tsfresh,BIDMC32SpO2,0.02166162616315592,0.07483030792195516,0.14717889170378992,0.9980382304743763,5.399479627609253,20260221_220407_run25
tsfresh,BIDMC32HR,0.5687472470254694,0.3125841409590887,0.7541533312433681,0.9967306577342989,5.361793041229248,20260221_220507_run25
tsfresh,AcousticContaminationMadrid_nmv,9.343127686710217,2.159571541680231,3.056653020332896,0.7951051501168764,0.40692830085754395,20260221_220508_run25
tsfresh,AluminiumConcentration,120385.06701258224,240.1281488347129,346.9655127135581,0.47700490472683565,0.4278697967529297,20260221_220512_run25
tsfresh,BarCrawl6min,0.002292395603031628,0.03374396588369596,0.04787896827451097,0.3272200203896528,0.4074587821960449,20260221_220514_run25
tsfresh,BeijingIntAirportPM25Quality,2473.449524651118,34.75897925519674,49.733786550504256,0.5837330899137043,1.8444044589996338,20260221_220520_run25
tsfresh,BinanceCoinSentiment,0.11818222839511826,0.2553652922014647,0.34377642210471365,0.09526499990381143,0.397432804107666,20260221_220522_run25
tsfresh,BitcoinSentiment,0.04453140215695507,0.13458810835003854,0.211024648221375,0.19902051157307832,0.402864933013916,20260221_220523_run25
tsfresh,BoronConcentration,1.7495419926614313,0.4123046337508141,1.322702533701902,0.08428686839895427,0.4261033535003662,20260221_220527_run25
tsfresh,CalciumConcentration,8028735.992485714,1224.8579640333564,2833.502425000853,0.15251913999014688,0.4120302200317383,20260221_220530_run25
tsfresh,CardanoSentiment,0.10645308606484463,0.2565881726857388,0.32627149134554284,-0.008896099931437362,0.4020571708679199,20260221_220532_run25
tsfresh,ChilledWaterPredictor,418373.79446494236,311.4804558461791,646.8182082045482,-0.5997627333015594,0.5846555233001709,20260221_220534_run25
tsfresh,CopperConcentration,4.269113753352328,1.1358715041582548,2.066183378442564,0.28523127446926144,0.4182283878326416,20260221_220538_run25
tsfresh,Covid19Andalusia,0.0002854443415321419,0.009892914304411141,0.01689509815100646,0.7780611497299165,0.39639830589294434,20260221_220539_run25
tsfresh,DailyOilGasPrices,2.316676924003589,0.9397289148308764,1.5220633771310539,0.6058224382728605,0.41123318672180176,20260221_220540_run25
tsfresh,DhakaHourlyAirQuality,0.2820801050963803,0.33406552382841365,0.5311121398503148,0.9999307055400648,0.852180004119873,20260221_220543_run25
tsfresh,ElectricityPredictor,176027.71445117638,169.6161053518121,419.5565688333057,0.13883530441716863,0.822120189666748,20260221_220546_run25
tsfresh,EthereumSentiment,0.057245796985373604,0.17469280793360464,0.2392609391132903,0.20076458038392297,0.42095470428466797,20260221_220548_run25
tsfresh,GasSensorArrayAcetone,0.06993611231842747,0.15532706885051864,0.2644543671759411,0.3615401304909367,0.4103107452392578,20260221_220553_run25
tsfresh,GasSensorArrayEthanol,0.04350063882700756,0.12636691042374879,0.2085680676110501,0.5583485602201759,0.4057760238647461,20260221_220558_run25
tsfresh,HotwaterPredictor,1304956.696769652,649.952414589909,1142.3470124133262,0.5454146549082364,0.4969501495361328,20260221_220600_run25
tsfresh,IronConcentration,6742.779896829733,56.45015853384267,82.11443172079883,0.020263649056126654,0.4065721035003662,20260221_220603_run25
tsfresh,LPGasMonitoringHomeActivity,1.5395999642857874,0.8674281590707981,1.2408061751481523,0.08606679955391106,1.2913155555725098,20260221_220606_run25
tsfresh,MadridPM10Quality_nmv,85.74648058425265,6.809423868361005,9.259939556187861,0.4830236891230776,6.0771331787109375,20260221_220626_run25
tsfresh,MagnesiumConcentration,51763.61854647726,127.33880575144131,227.51619403127606,0.7226326423247572,0.9312877655029297,20260221_220637_run25
tsfresh,ManganeseConcentration,13819.807867674916,78.05880313325966,117.55767889710529,0.0195605540123861,0.4272491931915283,20260221_220640_run25
tsfresh,MethaneMonitoringHomeActivity,0.2167998104829637,0.32286692956794194,0.4656176655615245,0.279752797878974,1.1846182346343994,20260221_220643_run25
tsfresh,MetroInterstateTrafficVolume,338731.002060048,473.2549751177226,582.0060154844175,0.03146314462057398,0.9651737213134766,20260221_220647_run25
tsfresh,NaturalGasPricesSentiment,0.002181578106988695,0.03710217841870183,0.04670736673147711,0.46573602285451765,0.3755002021789551,20260221_220649_run25
tsfresh,OccupancyDetectionLight,12425.193289415945,50.7768404715459,111.46835106619253,0.6823666659589246,0.4401695728302002,20260221_220650_run25
tsfresh,ParkingBirmingham_eq,0.009940190346041145,0.058086260889490635,0.09970050323865545,0.8015786902379858,0.8410212993621826,20260221_220653_run25
tsfresh,PhosphorusConcentration,535.8009825767126,8.661576172965722,23.147375284829003,0.1604938137782127,0.9454548358917236,20260221_220704_run25
tsfresh,PotassiumConcentration,38723.12419596541,82.69859935996564,196.7819203991195,0.3731287289695001,0.9384613037109375,20260221_220715_run25
tsfresh,PrecipitationAndalusia_nmv,0.13240307676924057,0.2751601708452442,0.36387233581194456,0.5082884327667891,0.7274327278137207,20260221_220719_run25
tsfresh,SierraNevadaMountainsSnow,784.9602185907087,14.77893284362947,28.01714151355753,0.9144479716610978,0.5371451377868652,20260221_220721_run25
tsfresh,SodiumConcentration,82723.29056123485,65.48487453689992,287.61656864866956,0.31118031466351836,0.41898488998413086,20260221_220724_run25
tsfresh,SolarRadiationAndalusia_nmv,0.4897108107062614,0.5183674533234917,0.6997934057321927,0.1636974568824172,0.5213663578033447,20260221_220726_run25
tsfresh,SteamPredictor,1731731947.123596,12944.697887169796,41614.08351896742,0.08950732828223706,0.4833352565765381,20260221_220728_run25
tsfresh,SulphurConcentration,10584.789594005411,21.999352297558207,102.88240663012026,-0.0001745402127106832,0.4122326374053955,20260221_220732_run25
tsfresh,WaveDataTension,320.9609507804909,14.37977003850895,17.915383076576703,0.012055457513411416,0.791980504989624,20260221_220734_run25
tsfresh,WindTurbinePower,6067.146319086763,43.94349580997401,77.89188866041677,0.9916940475788705,0.45682311058044434,20260221_220736_run25
tsfresh,ZincConcentration,2.1257730962856467,0.8087710781117384,1.458003119436185,-0.00022509448344854022,0.43388986587524414,20260221_220740_run25
tsfresh,ElectricMotorTemperature,14.229067193102996,2.2156591237720384,3.7721435806584824,0.9618128079238655,67.01573371887207,20260221_220947_run25
tsfresh,BeijingPM10Quality_nmv,3430.725111015929,33.750134722026516,58.57239205475502,0.797136726255256,62.14713931083679,20260221_221153_run25
tsfresh,BeijingPM25Quality_nmv,1164.5222679567378,19.425190991607217,34.12509733256065,0.8984422746680837,62.09747529029846,20260221_221359_run25
tsfresh,DailyTemperatureLatitude,67.76455535341364,3.7133110143031365,8.231922943845724,0.8509788649818756,40.594626903533936,20260221_221508_run25
tsfresh,Covid3Month,0.0018293383963644391,0.033234676365060264,0.042770765674283166,0.06419943450245191,0.38918209075927734,20260221_221509_run26
tsfresh,FloodModeling1,6.539862550473237e-05,0.005029369886558836,0.008086941665718406,0.8381262695777474,0.43930530548095703,20260221_221511_run26
tsfresh,FloodModeling2,0.00016732162335193607,0.0023763548319612475,0.012935285978745737,0.5560060314537673,0.4154520034790039,20260221_221513_run26
tsfresh,FloodModeling3,7.495288542836866e-05,0.005215628167857292,0.00865753344945133,0.8547753228711686,0.4033207893371582,20260221_221515_run26
tsfresh,IEEEPPG,25.527748290091502,2.4543412941700113,5.052499212280146,0.9704158782458309,3.1103808879852295,20260221_221538_run26
tsfresh,HouseholdPowerConsumption2_nmv,898.6060318296779,21.561537493869793,29.976758194135634,0.6234469421061486,1.3761959075927734,20260221_221551_run26
tsfresh,HouseholdPowerConsumption1_nmv,2988.8566543383836,15.256362553988534,54.67043674910951,0.9920949076531164,1.339789867401123,20260221_221604_run26
tsfresh,AppliancesEnergy,7.2473013342441375,2.1001370366414385,2.6920812272745667,0.5093250989308316,1.023416519165039,20260221_221608_run26
tsfresh,BenzeneConcentration_nmv,33.07225884698064,4.007254921707053,5.75084853278024,0.41444814978224587,13.64716649055481,20260221_221703_run26
tsfresh,LiveFuelMoistureContent,1730.65634118179,30.197809125079225,41.601157930781085,0.05941274898008175,7.576760530471802,20260221_221735_run26
tsfresh,BIDMC32RR,0.20192979848390463,0.2260118819218943,0.4493659961366732,0.977317958278515,5.307450532913208,20260221_221836_run26
tsfresh,BIDMC32SpO2,0.02742753564211063,0.08442511398884273,0.16561260713517745,0.9973816307411387,5.381192207336426,20260221_221935_run26
tsfresh,BIDMC32HR,0.4844984125227496,0.31569331140790213,0.696059201880666,0.997303143986995,5.3409130573272705,20260221_222035_run26
tsfresh,AcousticContaminationMadrid_nmv,12.167327890690293,2.4714072545369468,3.4881697049728375,0.7587925576322662,0.40252184867858887,20260221_222036_run26
tsfresh,AluminiumConcentration,127027.41296349939,248.61708181552785,356.40905286412044,0.44161046296848827,0.42861151695251465,20260221_222039_run26
tsfresh,BarCrawl6min,0.0019599550823209406,0.03324968578753654,0.044271379945975714,0.21700847676543888,0.4262571334838867,20260221_222040_run26
tsfresh,BeijingIntAirportPM25Quality,2598.339449170478,35.859760832651865,50.973909494666756,0.5736208499936626,1.851356029510498,20260221_222046_run26
tsfresh,BinanceCoinSentiment,0.13070496173095,0.2696222789806656,0.36153141181777,0.046267106869436914,0.40479421615600586,20260221_222048_run26
tsfresh,BitcoinSentiment,0.0365276525174377,0.13362455086278915,0.19112208798942548,0.36521888593705687,0.41219615936279297,20260221_222049_run26
tsfresh,BoronConcentration,0.44429882667054005,0.2936585856785166,0.6665574443891089,0.27378617823724816,0.4338674545288086,20260221_222053_run26
tsfresh,CalciumConcentration,17184075.076978493,1674.8016381644204,4145.367906106585,0.07422343977113866,0.42456817626953125,20260221_222056_run26
tsfresh,CardanoSentiment,0.06811745716969086,0.2012346400679964,0.26099321288050936,-0.047759428781457336,0.4022819995880127,20260221_222057_run26
tsfresh,ChilledWaterPredictor,7554043.517250816,576.2465965098912,2748.4620276166843,0.08203269087999054,0.5840227603912354,20260221_222100_run26
tsfresh,CopperConcentration,3.726072363970027,1.0333498921854156,1.9303036973414383,0.29372638389145855,0.4125223159790039,20260221_222103_run26
tsfresh,Covid19Andalusia,0.00016158525600400175,0.00797112378594905,0.01271161893717719,0.8401964480882964,0.38744640350341797,20260221_222105_run26
tsfresh,DailyOilGasPrices,1.6033846992813257,0.8469341845095844,1.266248277108927,0.6732200129777443,0.4002668857574463,20260221_222106_run26
tsfresh,DhakaHourlyAirQuality,0.2708373555324146,0.3437086771843705,0.5204203642560643,0.9999303470796544,0.8767378330230713,20260221_222109_run26
tsfresh,ElectricityPredictor,122289.66446269822,150.47356699849374,349.6993915675265,0.29115929364879245,0.8255825042724609,20260221_222112_run26
tsfresh,EthereumSentiment,0.04206064208172345,0.15896424517698376,0.20508691348236593,0.2735770700131247,0.4084005355834961,20260221_222114_run26
tsfresh,GasSensorArrayAcetone,0.05983488907881634,0.14977256469274186,0.24461171083743383,0.3840008477893099,0.39461612701416016,20260221_222118_run26
tsfresh,GasSensorArrayEthanol,0.057620180842532405,0.14072739834141562,0.24004203973998472,0.4111806337259464,0.4087221622467041,20260221_222123_run26
tsfresh,HotwaterPredictor,1036936.8096289176,650.4307732161593,1018.3009425650737,0.4140461178589332,0.48994970321655273,20260221_222125_run26
tsfresh,IronConcentration,6192.7544010092415,55.80856779679008,78.69405569043472,0.01870136648927978,0.4046347141265869,20260221_222128_run26
tsfresh,LPGasMonitoringHomeActivity,1.4942208567727893,0.8585224604386203,1.2223832691806564,0.12007914973805711,1.1719021797180176,20260221_222132_run26
tsfresh,MadridPM10Quality_nmv,82.29302175329997,6.778723318155485,9.071550129569916,0.502366581847211,6.070160865783691,20260221_222151_run26
tsfresh,MagnesiumConcentration,40822.86277220973,116.20983998288096,202.04668463553102,0.7187584769059976,0.9263095855712891,20260221_222202_run26
tsfresh,ManganeseConcentration,9665.327834382153,72.09693417159372,98.31239918943162,0.02081864788166632,0.41013073921203613,20260221_222205_run26
tsfresh,MethaneMonitoringHomeActivity,0.2178892090132678,0.31002734150758965,0.46678604200775736,0.3752441616797799,1.1688439846038818,20260221_222208_run26
tsfresh,MetroInterstateTrafficVolume,285232.1543588795,454.44878843821346,534.0713008193565,0.040737744632494466,0.9611325263977051,20260221_222212_run26
tsfresh,NaturalGasPricesSentiment,0.005178698622345815,0.058009297277901196,0.07196317546041041,0.6004053241175051,0.39182114601135254,20260221_222213_run26
tsfresh,OccupancyDetectionLight,9277.576507429874,45.888979615894904,96.32017705252558,0.6893041174513322,0.4463648796081543,20260221_222215_run26
tsfresh,ParkingBirmingham_eq,0.012450701583855122,0.06384851497698175,0.11158271185024642,0.7479969619023814,0.8480262756347656,20260221_222217_run26
tsfresh,PhosphorusConcentration,497.7367597269627,8.653945245238411,22.31001478544922,0.20523765559422336,0.9275212287902832,20260221_222228_run26
tsfresh,PotassiumConcentration,84937.43902938014,102.22075630507304,291.44028381364876,0.22367061258842136,0.9500546455383301,20260221_222239_run26
tsfresh,PrecipitationAndalusia_nmv,0.20753060660213643,0.2765987861491114,0.4555552728288154,0.42835314667220814,0.7419629096984863,20260221_222243_run26
tsfresh,SierraNevadaMountainsSnow,1085.5484871697545,16.07833954953005,32.94766284836839,0.8780489373536926,0.6394443511962891,20260221_222245_run26
tsfresh,SodiumConcentration,96964.97295391704,57.734874408909526,311.39199243705195,0.16542999686775262,0.4066290855407715,20260221_222247_run26
tsfresh,SolarRadiationAndalusia_nmv,0.43653322415237533,0.4960934891831975,0.6607066097386761,0.11952201717785038,0.505824089050293,20260221_222250_run26
tsfresh,SteamPredictor,853370208.2553064,9318.752039884446,29212.500890120762,0.14918608322343963,0.4715917110443115,20260221_222252_run26
tsfresh,SulphurConcentration,53011.01199661983,32.33304314692233,230.24120395059575,-0.001595822007023795,0.42949724197387695,20260221_222255_run26
tsfresh,WaveDataTension,327.394787603502,14.272523654243777,18.09405392949579,0.015807771114486613,0.8051040172576904,20260221_222258_run26
tsfresh,WindTurbinePower,8684.437402801172,64.81841002092075,93.19032891239934,0.98854995689281,0.4743528366088867,20260221_222300_run26
tsfresh,ZincConcentration,0.9357442387629852,0.7346098963372995,0.9673387404435869,-0.020941264399360948,0.41578245162963867,20260221_222303_run26
tsfresh,ElectricMotorTemperature,15.889664115580809,2.2442482865268296,3.986184154750105,0.9560976143152965,67.05148911476135,20260221_222511_run26
tsfresh,BeijingPM10Quality_nmv,3291.54171301333,33.519209751652085,57.37195929209086,0.7999536452517917,62.15919041633606,20260221_222716_run26
tsfresh,BeijingPM25Quality_nmv,1100.0247906187387,19.215680555118436,33.16662163408777,0.9030251365930246,62.033796548843384,20260221_222922_run26
tsfresh,DailyTemperatureLatitude,73.96396995675583,3.8558663138539995,8.600230808342054,0.8391040134364605,40.56012582778931,20260221_223032_run26
tsfresh,Covid3Month,0.0011308732541224712,0.02797815422553484,0.033628458991194814,-0.06418995414263406,0.3951570987701416,20260221_223034_run27
tsfresh,FloodModeling1,0.00013194342637455,0.005036255691311145,0.011486662978191273,0.7862014896192803,0.41626667976379395,20260221_223035_run27
tsfresh,FloodModeling2,5.840256048357169e-05,0.0013794971722275384,0.007642156795275251,0.6360087107042252,0.4118161201477051,20260221_223037_run27
tsfresh,FloodModeling3,6.80823463574456e-05,0.004695620709139369,0.008251202721873073,0.8393620020089418,0.43137192726135254,20260221_223039_run27
tsfresh,IEEEPPG,33.35349469237291,2.8036383145860784,5.775248452869618,0.9624567437349575,3.1011857986450195,20260221_223102_run27
tsfresh,HouseholdPowerConsumption2_nmv,913.303661774914,21.984113508085468,30.220914310704003,0.6377566357740766,1.3772077560424805,20260221_223116_run27
tsfresh,HouseholdPowerConsumption1_nmv,14467.921845613351,18.56999171381025,120.28267475249024,0.95908459664996,1.3655190467834473,20260221_223130_run27
tsfresh,AppliancesEnergy,7.619367832661986,2.149255411057245,2.760320240961542,0.48907746531218443,1.0161373615264893,20260221_223134_run27
tsfresh,BenzeneConcentration_nmv,33.090566494274356,4.002755450793559,5.752440046995219,0.39963494770944996,13.619230270385742,20260221_223229_run27
tsfresh,LiveFuelMoistureContent,1615.6977870011308,29.758845240510855,40.19574339406016,0.059603599418702635,7.559019327163696,20260221_223302_run27
tsfresh,BIDMC32RR,0.279533427273854,0.23599749070572107,0.5287092086145786,0.9702656470164499,5.301611423492432,20260221_223402_run27
tsfresh,BIDMC32SpO2,0.022458149700174037,0.07403738192329629,0.14986043407175237,0.9978660126776694,5.397197723388672,20260221_223503_run27
tsfresh,BIDMC32HR,0.32812948346679516,0.2986767735410559,0.5728258753467717,0.9981734125588378,5.34224796295166,20260221_223603_run27
tsfresh,AcousticContaminationMadrid_nmv,9.559363754160554,2.3499567879570855,3.0918220767308964,0.7918435317629149,0.39985179901123047,20260221_223605_run27
tsfresh,AluminiumConcentration,96094.5128110914,223.41049642185433,309.9911495689698,0.5659766210406818,0.4261050224304199,20260221_223608_run27
tsfresh,BarCrawl6min,0.0019115002630603452,0.0327965883133446,0.04372070748581666,0.42204369180239054,0.41589975357055664,20260221_223610_run27
tsfresh,BeijingIntAirportPM25Quality,2495.1538602773635,33.942442626602904,49.951515094913425,0.5970932726042077,1.89178466796875,20260221_223617_run27
tsfresh,BinanceCoinSentiment,0.1138760808572589,0.23651212400560143,0.33745530201385027,0.0018739215391575526,0.4166982173919678,20260221_223618_run27
tsfresh,BitcoinSentiment,0.04504784512594969,0.15014788539302348,0.212244776439727,0.39299378420428943,0.41588354110717773,20260221_223620_run27
tsfresh,BoronConcentration,0.20609770386715,0.24470264901014716,0.45397984962677584,0.10407153031316496,0.40987586975097656,20260221_223623_run27
tsfresh,CalciumConcentration,15322662.24576317,1556.1249707018467,3914.4172293922848,0.05521209227636714,0.4113943576812744,20260221_223627_run27
tsfresh,CardanoSentiment,0.06957972344857699,0.2063344895543474,0.26377968733125945,-0.006556761898315999,0.38904833793640137,20260221_223628_run27
tsfresh,ChilledWaterPredictor,10213503.650864484,614.2701946509419,3195.857263844004,0.043233942338647746,0.5875465869903564,20260221_223630_run27
tsfresh,CopperConcentration,2.9824938619645045,1.0334461504477042,1.7269898268271602,0.3482290357362534,0.5119462013244629,20260221_223634_run27
tsfresh,Covid19Andalusia,0.00034383621757448944,0.011328314182415486,0.01854282118703865,0.7274223974632654,0.3892700672149658,20260221_223635_run27
tsfresh,DailyOilGasPrices,0.844686813006437,0.6194415219054825,0.9190684484881618,0.6725282589975936,0.4044656753540039,20260221_223637_run27
tsfresh,DhakaHourlyAirQuality,0.2953154374055843,0.3421074728522963,0.5434293306452866,0.99992389627249,0.8767249584197998,20260221_223639_run27
tsfresh,ElectricityPredictor,195946.73155703687,173.62187776342574,442.6587077614501,0.06876114593636784,0.8152790069580078,20260221_223643_run27
tsfresh,EthereumSentiment,0.05492076030727259,0.17454955022758412,0.23435178750603244,0.199408465415865,0.4189910888671875,20260221_223644_run27
tsfresh,GasSensorArrayAcetone,0.07054546352175228,0.15499083477131406,0.26560395991353797,0.31706817753954053,0.4081709384918213,20260221_223649_run27
tsfresh,GasSensorArrayEthanol,0.051929964685595895,0.13089413862243549,0.2278814706938585,0.5180262678402305,0.40077900886535645,20260221_223654_run27
tsfresh,HotwaterPredictor,1180304.822618925,677.1351985624111,1086.418346043054,0.5558972589373621,0.4923381805419922,20260221_223656_run27
tsfresh,IronConcentration,6042.057397622299,50.915643182008154,77.7306721804353,0.07580807316500504,0.41692304611206055,20260221_223659_run27
tsfresh,LPGasMonitoringHomeActivity,1.4811236774021155,0.8614787816799415,1.2170142470004677,0.09434773284421705,1.1817383766174316,20260221_223702_run27
tsfresh,MadridPM10Quality_nmv,82.62479500398437,6.823279420299894,9.089818205221949,0.5116256032794051,6.057572603225708,20260221_223721_run27
tsfresh,MagnesiumConcentration,75780.04039708778,133.72965225299555,275.281747300993,0.607047768594817,0.9549720287322998,20260221_223732_run27
tsfresh,ManganeseConcentration,8634.201540785783,69.3837951986064,92.92040432965078,0.10148577674056936,0.40961790084838867,20260221_223735_run27
tsfresh,MethaneMonitoringHomeActivity,0.2927536423776778,0.3378119233273264,0.541067132967507,0.19782078267639147,1.173539400100708,20260221_223739_run27
tsfresh,MetroInterstateTrafficVolume,340709.6990309044,467.50460723458906,583.7034341434907,0.022368928090134688,0.9675867557525635,20260221_223742_run27
tsfresh,NaturalGasPricesSentiment,0.0020096162686851007,0.03452540789228994,0.04482874377768242,0.7412705618793602,0.3801546096801758,20260221_223744_run27
tsfresh,OccupancyDetectionLight,7819.519252326091,44.338446883655585,88.42804562086675,0.7519548398567576,0.44415879249572754,20260221_223745_run27
tsfresh,ParkingBirmingham_eq,0.010322476120076314,0.0587407607879482,0.10159958720426139,0.8099449101908922,0.8279876708984375,20260221_223748_run27
tsfresh,PhosphorusConcentration,1171.877450211235,10.65527123038398,34.23269563167989,0.11592822660428492,0.9295203685760498,20260221_223759_run27
tsfresh,PotassiumConcentration,61290.23462944505,93.79149026580491,247.56864629723418,0.13596932090935232,0.9383070468902588,20260221_223810_run27
tsfresh,PrecipitationAndalusia_nmv,0.15412341321601292,0.2829059390748811,0.3925855489138806,0.5030121233172138,0.7210726737976074,20260221_223813_run27
tsfresh,SierraNevadaMountainsSnow,873.2375556095204,15.549931726645182,29.550593151568386,0.9269536796970814,0.5178842544555664,20260221_223815_run27
tsfresh,SodiumConcentration,34971.86016559463,55.15248760035781,187.00764734522124,0.0478682335754983,0.40764641761779785,20260221_223818_run27
tsfresh,SolarRadiationAndalusia_nmv,0.5360881973175542,0.5590434248323697,0.7321804404090253,0.1489566570755687,0.5196764469146729,20260221_223821_run27
tsfresh,SteamPredictor,1388373611.1639917,10570.323109771314,37260.885807559534,0.06002551032589065,0.49051785469055176,20260221_223823_run27
tsfresh,SulphurConcentration,21239.69664653346,27.860155524368686,145.73845287546268,0.01196039878013877,0.42375922203063965,20260221_223827_run27
tsfresh,WaveDataTension,304.17094684843147,13.734182799613835,17.440497322279302,0.010776434737888141,0.7933659553527832,20260221_223829_run27
tsfresh,WindTurbinePower,7796.281962422885,56.480050665485564,88.29655691148373,0.9897005981018636,0.47060585021972656,20260221_223831_run27
tsfresh,ZincConcentration,2.3571580080271852,0.835902259811681,1.5353038813300726,0.04907796647772622,0.41974735260009766,20260221_223834_run27
tsfresh,ElectricMotorTemperature,13.461828388331087,2.1215324142587786,3.6690364386758394,0.962643727818829,66.96967315673828,20260221_224042_run27
tsfresh,BeijingPM10Quality_nmv,3072.085657572936,32.78272900520905,55.426398562173745,0.8112649702176004,62.2106671333313,20260221_224248_run27
tsfresh,BeijingPM25Quality_nmv,1236.7803017629549,19.26324848524175,35.16788736564872,0.888024625464093,61.952099323272705,20260221_224454_run27
tsfresh,DailyTemperatureLatitude,61.1475141300964,3.6252821647419413,7.819687597986022,0.8627355719578469,40.61941909790039,20260221_224603_run27
tsfresh,Covid3Month,0.0015869761249667118,0.03252110147612006,0.03983686891519854,-0.05188995797045437,0.40179896354675293,20260221_224604_run28
tsfresh,FloodModeling1,0.00021711683214147454,0.005342247055308653,0.014734884870316243,0.6535045885975598,0.41332125663757324,20260221_224606_run28
tsfresh,FloodModeling2,6.896205319615672e-05,0.0020273585384757873,0.008304339419614105,0.7084491916213758,0.4129054546356201,20260221_224607_run28
tsfresh,FloodModeling3,3.6121886381570296e-05,0.004130807165218439,0.006010148615597646,0.9050361702345434,0.4073166847229004,20260221_224609_run28
tsfresh,IEEEPPG,30.49095887542351,2.6239860789255243,5.521861902965657,0.9651072506898488,3.1027417182922363,20260221_224633_run28
tsfresh,HouseholdPowerConsumption2_nmv,951.8997522558763,22.45985927820901,30.852872674288797,0.629186779522331,1.3727173805236816,20260221_224646_run28
tsfresh,HouseholdPowerConsumption1_nmv,4463.778404509471,15.341242746870307,66.81151401150457,0.9878533552070419,1.3380968570709229,20260221_224659_run28
tsfresh,AppliancesEnergy,5.0385879769557835,1.6733572787330262,2.244679927507658,0.6620789517658907,1.0074560642242432,20260221_224703_run28
tsfresh,BenzeneConcentration_nmv,32.03936947732503,3.9659602998775823,5.660332982901715,0.4183610733409464,13.577683687210083,20260221_224758_run28
tsfresh,LiveFuelMoistureContent,1642.817663936102,30.04763729757347,40.53168715876631,0.05263050239798417,7.557541370391846,20260221_224831_run28
tsfresh,BIDMC32RR,0.27017480993244575,0.23999869100275467,0.5197834259885994,0.9718996510344475,5.302832126617432,20260221_224932_run28
tsfresh,BIDMC32SpO2,0.024070585571506306,0.07894570968899371,0.15514698054266576,0.9978334217876839,5.372865438461304,20260221_225032_run28
tsfresh,BIDMC32HR,0.5728924486391959,0.3118418113630573,0.7568965904528807,0.9967083390668914,5.333124160766602,20260221_225133_run28
tsfresh,AcousticContaminationMadrid_nmv,10.638134824169748,2.5213041517469623,3.2616153703601762,0.7587374900467743,0.40748167037963867,20260221_225134_run28
tsfresh,AluminiumConcentration,117597.4786237457,238.50900198025172,342.92488772870615,0.4087637209919308,0.4350714683532715,20260221_225137_run28
tsfresh,BarCrawl6min,0.0020644795142310446,0.03532445067167728,0.04543654381916658,0.21514384307368406,0.4203977584838867,20260221_225138_run28
tsfresh,BeijingIntAirportPM25Quality,2522.6602228617962,35.06097003901746,50.2260910569576,0.5287538562641831,1.8247714042663574,20260221_225145_run28
tsfresh,BinanceCoinSentiment,0.09170129753283215,0.23062884802757944,0.3028222210024095,-0.04005757436907742,0.3993408679962158,20260221_225146_run28
tsfresh,BitcoinSentiment,0.0359877304323879,0.138851223372221,0.18970432370504342,0.4235405990078708,0.403261661529541,20260221_225148_run28
tsfresh,BoronConcentration,0.638223886742251,0.318251991213763,0.7988891579826647,0.02054521598393122,0.4079596996307373,20260221_225151_run28
tsfresh,CalciumConcentration,20089350.389600787,1729.711972725274,4482.114499831613,-0.003203606512017343,0.4290926456451416,20260221_225155_run28
tsfresh,CardanoSentiment,0.11004724448148942,0.2639900813637358,0.3317336951253059,-0.08656262607727183,0.39816808700561523,20260221_225156_run28
tsfresh,ChilledWaterPredictor,9613146.557931233,725.8626544245091,3100.5074678076867,-0.02529693480197248,0.6008381843566895,20260221_225158_run28
tsfresh,CopperConcentration,3.0721626939253843,1.06876516874606,1.7527585954504357,0.30348174614529455,0.4259016513824463,20260221_225202_run28
tsfresh,Covid19Andalusia,0.0003304249515321237,0.01130336227046901,0.018177594767518714,0.6376555892122949,0.3852119445800781,20260221_225203_run28
tsfresh,DailyOilGasPrices,0.8497558248597824,0.6219468977982971,0.9218220136554466,0.7229592421719123,0.41487574577331543,20260221_225205_run28
tsfresh,DhakaHourlyAirQuality,0.25537129160076677,0.3290124638261043,0.5053427466589056,0.999935234001182,0.8468573093414307,20260221_225207_run28
tsfresh,ElectricityPredictor,154234.21264930966,164.53574633146982,392.72663857868065,0.1946970672311613,0.8163223266601562,20260221_225211_run28
tsfresh,EthereumSentiment,0.03934383088024763,0.15037628340676568,0.1983527939814502,0.2890751439244812,0.41144847869873047,20260221_225212_run28
tsfresh,GasSensorArrayAcetone,0.04921123944282265,0.13301412085033784,0.22183606434216835,0.4191580744920034,0.4007899761199951,20260221_225217_run28
tsfresh,GasSensorArrayEthanol,0.07994043729749102,0.1716860045051414,0.28273739989165037,0.22309033294616398,0.40339064598083496,20260221_225222_run28
tsfresh,HotwaterPredictor,1176437.9857910888,609.364387850039,1084.63726000497,0.5382303326369188,0.5120255947113037,20260221_225224_run28
tsfresh,IronConcentration,7165.082111010963,53.861829024605136,84.64680803793468,0.04440517019615109,0.42105698585510254,20260221_225227_run28
tsfresh,LPGasMonitoringHomeActivity,1.488855903985242,0.8659128306619174,1.2201868315898357,0.1030528342532473,1.1827611923217773,20260221_225231_run28
tsfresh,MadridPM10Quality_nmv,84.62414176935245,6.687943337560311,9.199138099265195,0.4741320098941755,6.059325218200684,20260221_225249_run28
tsfresh,MagnesiumConcentration,97278.14890213442,141.32933261484737,311.8944515411174,0.5788240141150306,0.9320971965789795,20260221_225301_run28
tsfresh,ManganeseConcentration,7231.440167942831,63.65914002974137,85.0378749025564,0.02178201256169565,0.41751837730407715,20260221_225303_run28
tsfresh,MethaneMonitoringHomeActivity,0.2452222316492444,0.32966349544436424,0.4951991838131848,0.3034555711063207,1.1705796718597412,20260221_225307_run28
tsfresh,MetroInterstateTrafficVolume,301635.7452728227,457.7324245505137,549.2137518970393,0.019645343371848534,0.9705982208251953,20260221_225310_run28
tsfresh,NaturalGasPricesSentiment,0.00415763585292435,0.05395101440454516,0.0644797321095889,-0.014231187924833577,0.809089183807373,20260221_225312_run28
tsfresh,OccupancyDetectionLight,9808.21079083278,50.335914639801295,99.03641143959518,0.7561623905146446,0.45937323570251465,20260221_225314_run28
tsfresh,ParkingBirmingham_eq,0.008682915044139991,0.056288893249837504,0.09318216054664107,0.822883922147462,0.8310375213623047,20260221_225316_run28
tsfresh,PhosphorusConcentration,523.0698095628348,8.35472313649778,22.8707194806555,0.1631267476410181,0.9339091777801514,20260221_225327_run28
tsfresh,PotassiumConcentration,75525.45466811751,90.02167530343777,274.81894888838633,0.21421478488472756,0.9293613433837891,20260221_225338_run28
tsfresh,PrecipitationAndalusia_nmv,0.2707024886515775,0.33311216328670357,0.5202907731755172,0.32354006921867917,0.717475175857544,20260221_225342_run28
tsfresh,SierraNevadaMountainsSnow,1502.4144626688483,19.846616190040855,38.760991507814246,0.876090541947183,0.5253381729125977,20260221_225344_run28
tsfresh,SodiumConcentration,85798.07418306316,51.05937469732566,292.9130829837806,0.2622348541177808,0.41329383850097656,20260221_225347_run28
tsfresh,SolarRadiationAndalusia_nmv,0.5545979793612862,0.5663107801490096,0.7447133538223188,0.19516284870456824,0.5151398181915283,20260221_225350_run28
tsfresh,SteamPredictor,387702724.3749665,8285.984321390471,19690.16821601498,0.3464415688472029,0.46560025215148926,20260221_225352_run28
tsfresh,SulphurConcentration,11171.34969383741,24.84854473369658,105.69460579347184,0.0062073184914248625,0.4262704849243164,20260221_225355_run28
tsfresh,WaveDataTension,317.3995646268746,14.192406467513072,17.81571117376106,0.008289397225852202,0.7870404720306396,20260221_225358_run28
tsfresh,WindTurbinePower,7203.416108020157,62.142164321017304,84.87294096483376,0.9912803512610673,0.4587850570678711,20260221_225400_run28
tsfresh,ZincConcentration,1.470217092459297,0.8041142725510124,1.212525089414358,0.021598712922996977,0.41106200218200684,20260221_225403_run28
tsfresh,ElectricMotorTemperature,14.210860309465673,2.2085848118952915,3.769729474307894,0.9604490339252343,67.19410610198975,20260221_225611_run28
tsfresh,BeijingPM10Quality_nmv,3502.5720640140844,33.39311150541019,59.18253174724857,0.7870403044599248,61.61591053009033,20260221_225815_run28
tsfresh,BeijingPM25Quality_nmv,1180.3337021356795,19.385319223948024,34.3559849536537,0.8908821438396198,61.46563529968262,20260221_230021_run28
tsfresh,DailyTemperatureLatitude,68.04424245634033,3.7571605053145487,8.248893407987541,0.8507582142824655,40.59789848327637,20260221_230130_run28
tsfresh,Covid3Month,0.0014435113565917372,0.03092743262845506,0.0379935699374478,0.028082097409086404,0.42264246940612793,20260221_230131_run29
tsfresh,FloodModeling1,5.629795862405569e-05,0.004867316076070954,0.007503196560403818,0.8197790020881096,0.4287540912628174,20260221_230133_run29
tsfresh,FloodModeling2,7.165039798046233e-05,0.0019186911090689524,0.008464655809922948,0.72159285761329,0.4140458106994629,20260221_230134_run29
tsfresh,FloodModeling3,6.174218219619963e-05,0.004841819826675501,0.007857619372061721,0.8260492835086161,0.40577006340026855,20260221_230136_run29
tsfresh,IEEEPPG,31.84754801637982,2.697001377942026,5.643363183100997,0.9618124823270888,3.0941717624664307,20260221_230200_run29
tsfresh,HouseholdPowerConsumption2_nmv,1010.2622405262667,22.154765088339936,31.78462270542576,0.6351608341643321,1.3607819080352783,20260221_230214_run29
tsfresh,HouseholdPowerConsumption1_nmv,4272.876182500326,15.298231272750272,65.3672408971063,0.9890035219669562,1.3395183086395264,20260221_230227_run29
tsfresh,AppliancesEnergy,5.494621221503627,1.9100991348993215,2.344060839974856,0.7251127923943397,1.0094082355499268,20260221_230230_run29
tsfresh,BenzeneConcentration_nmv,32.58837762984027,4.041810951324671,5.708623094042929,0.4073196707944713,13.570244073867798,20260221_230324_run29
tsfresh,LiveFuelMoistureContent,1520.2796764588581,29.5462899626675,38.99076398916618,0.059608528035735686,7.56488299369812,20260221_230356_run29
tsfresh,BIDMC32RR,0.24023278082600868,0.23415775815261108,0.4901354719116019,0.9721684144665292,5.3390281200408936,20260221_230456_run29
tsfresh,BIDMC32SpO2,0.028234953396963375,0.08162619569567874,0.168032596233479,0.9973934615206561,5.376056671142578,20260221_230558_run29
tsfresh,BIDMC32HR,0.3603267891138996,0.2967256251991246,0.6002722624891972,0.9979493709510824,5.332208871841431,20260221_230658_run29
tsfresh,AcousticContaminationMadrid_nmv,6.68098358620401,1.9762204276190865,2.584759870124111,0.8567659410018629,0.4023621082305908,20260221_230659_run29
tsfresh,AluminiumConcentration,89374.98431949613,215.9654880035239,298.95649235214165,0.5983129699788433,0.43069005012512207,20260221_230702_run29
tsfresh,BarCrawl6min,0.0017732437163185677,0.029905869947931603,0.042109900454864145,0.2481563575015162,0.4100325107574463,20260221_230703_run29
tsfresh,BeijingIntAirportPM25Quality,2805.901274120098,35.88564741409431,52.9707586704221,0.5619038989332108,1.833803415298462,20260221_230710_run29
tsfresh,BinanceCoinSentiment,0.12188583456407477,0.2849503897491135,0.3491215183343398,0.08042536711496973,0.40836620330810547,20260221_230711_run29
tsfresh,BitcoinSentiment,0.05067074454849139,0.1489951670703292,0.22510163159890997,0.2135239337025968,0.40220117568969727,20260221_230713_run29
tsfresh,BoronConcentration,0.8139095075507256,0.351852211776027,0.9021693341888348,0.18544000429612528,0.40668225288391113,20260221_230716_run29
tsfresh,CalciumConcentration,8976239.58467078,1430.5629104361808,2996.0373136312537,0.14577796609909466,0.4250931739807129,20260221_230720_run29
tsfresh,CardanoSentiment,0.0705013476560839,0.2195099871527065,0.26552089871813084,-0.0259928195305148,0.38866496086120605,20260221_230721_run29
tsfresh,ChilledWaterPredictor,487651.028728291,380.3798523786867,698.3201477318917,-0.960571269762531,0.58597731590271,20260221_230723_run29
tsfresh,CopperConcentration,6.488673842578855,1.1602040144024073,2.5472875461123063,0.19391437375334342,0.4252779483795166,20260221_230727_run29
tsfresh,Covid19Andalusia,0.0003069144852288319,0.009907564506777131,0.01751897500508611,0.8047381121782391,0.3986701965332031,20260221_230728_run29
tsfresh,DailyOilGasPrices,0.6913585286554507,0.6011662364258162,0.8314797223356988,0.814603735985089,0.3988492488861084,20260221_230730_run29
tsfresh,DhakaHourlyAirQuality,0.3555211922644451,0.35620615575752484,0.5962559788081333,0.9999043350050879,0.8645598888397217,20260221_230732_run29
tsfresh,ElectricityPredictor,147385.24062837558,159.52580449605304,383.90785434577344,0.21850953578644827,0.8105025291442871,20260221_230736_run29
tsfresh,EthereumSentiment,0.05330872173795465,0.17671698631816937,0.23088681585996773,0.18159816110649807,0.41727328300476074,20260221_230737_run29
tsfresh,GasSensorArrayAcetone,0.052434522683695785,0.13712950820555436,0.22898585695124446,0.45094447315113473,0.40605688095092773,20260221_230742_run29
tsfresh,GasSensorArrayEthanol,0.07445556406863366,0.1601514617846468,0.27286546880950996,0.2743230668749126,0.4170653820037842,20260221_230747_run29
tsfresh,HotwaterPredictor,1124595.8996869023,682.4595492151925,1060.4696599558624,0.4968256194933188,0.4922027587890625,20260221_230749_run29
tsfresh,IronConcentration,6463.10336284199,53.74396906993701,80.39342860484301,0.07404587929127737,0.41539931297302246,20260221_230752_run29
tsfresh,LPGasMonitoringHomeActivity,1.5190957041604216,0.8570931662052784,1.2325160056406657,0.11704790164248968,1.1886343955993652,20260221_230755_run29
tsfresh,MadridPM10Quality_nmv,83.52848781229548,6.673972590154303,9.139392092053797,0.4837560840225279,6.06048059463501,20260221_230814_run29
tsfresh,MagnesiumConcentration,79805.05957420009,135.27475883061933,282.4978930438245,0.6487097928812747,0.925936222076416,20260221_230826_run29
tsfresh,ManganeseConcentration,10421.505706009259,71.37183712669041,102.0857762178907,0.1200696033411277,0.4253079891204834,20260221_230829_run29
tsfresh,MethaneMonitoringHomeActivity,0.26454774835223516,0.3303049280411316,0.5143420538437774,0.2850242277595727,1.1768882274627686,20260221_230832_run29
tsfresh,MetroInterstateTrafficVolume,324257.9852692317,469.40532382634126,569.4365506965914,0.027963945769540755,0.9603488445281982,20260221_230836_run29
tsfresh,NaturalGasPricesSentiment,0.002618096777262813,0.04066411777628915,0.05116734092429284,0.5414208604132111,0.37337255477905273,20260221_230837_run29
tsfresh,OccupancyDetectionLight,10872.79659460541,54.55997578602503,104.2727030176422,0.7395715502327627,0.44774603843688965,20260221_230839_run29
tsfresh,ParkingBirmingham_eq,0.011566908904833136,0.06098460069453357,0.10754956487514553,0.7759116869214047,0.8360967636108398,20260221_230841_run29
tsfresh,PhosphorusConcentration,615.9459094385984,8.574176095100686,24.81825758264666,0.16152982774010216,0.9471237659454346,20260221_230853_run29
tsfresh,PotassiumConcentration,70192.97011423887,102.62897725633013,264.9395593606943,0.2666250295169317,0.9287302494049072,20260221_230904_run29
tsfresh,PrecipitationAndalusia_nmv,0.16889162139699637,0.2789430383325129,0.41096425805293135,0.4938645805432451,0.7205281257629395,20260221_230907_run29
tsfresh,SierraNevadaMountainsSnow,1278.5137160584788,19.762302049415112,35.75631015720832,0.8890141314440498,0.5193524360656738,20260221_230909_run29
tsfresh,SodiumConcentration,83363.32263402933,58.90342142353996,288.72707291494044,0.3567523555497528,0.40596461296081543,20260221_230912_run29
tsfresh,SolarRadiationAndalusia_nmv,0.5400758984558051,0.5558120986286617,0.7348985633785149,0.17373387693207487,0.5011556148529053,20260221_230914_run29
tsfresh,SteamPredictor,468914229.7614176,6642.66183870769,21654.427486346012,0.22774381129109056,0.46730542182922363,20260221_230917_run29
tsfresh,SulphurConcentration,56845.831524465226,34.78337686336977,238.42363877028893,-0.000656788806066011,0.42734217643737793,20260221_230920_run29
tsfresh,WaveDataTension,306.59047619150243,13.836781753289,17.509725188920083,0.009493024701936581,0.7959706783294678,20260221_230923_run29
tsfresh,WindTurbinePower,8180.389737314585,64.3715553934799,90.44550700457478,0.9881377370803103,0.47824764251708984,20260221_230924_run29
tsfresh,ZincConcentration,4.010803603101809,0.9695805900374007,2.002699079517891,0.0007960314757300413,0.4130866527557373,20260221_230928_run29
tsfresh,ElectricMotorTemperature,15.632138370370889,2.269095126499298,3.9537499124718156,0.9569958732953167,66.97829914093018,20260221_231135_run29
tsfresh,BeijingPM10Quality_nmv,3375.626439680722,34.0015773524573,58.10014147728663,0.7992786779231187,62.122878313064575,20260221_231341_run29
tsfresh,BeijingPM25Quality_nmv,1203.856073078469,19.436976153801435,34.69662913135034,0.8932720503640198,62.06459879875183,20260221_231546_run29
tsfresh,DailyTemperatureLatitude,67.86538245286016,3.7169936487548703,8.238044819789472,0.8503631940141396,40.601075887680054,20260221_231655_run29
tsfresh,Covid3Month,0.0018100056950622174,0.034668285831937005,0.04254416170360179,0.042945819597178914,0.38950514793395996,20260221_231657_run30
tsfresh,FloodModeling1,3.96247696663105e-05,0.004336248042559859,0.006294820860541664,0.903879687426799,0.41364407539367676,20260221_231658_run30
tsfresh,FloodModeling2,8.84488771923833e-05,0.001886004809716455,0.009404726322035283,0.744074219325453,0.4105679988861084,20260221_231700_run30
tsfresh,FloodModeling3,4.140862572008366e-05,0.004440602697755979,0.006434953435735464,0.8981114927523913,0.4053211212158203,20260221_231702_run30
tsfresh,IEEEPPG,34.86028120195794,2.720001835892814,5.904259581180178,0.957427426242207,3.1030750274658203,20260221_231725_run30
tsfresh,HouseholdPowerConsumption2_nmv,935.0638062541574,21.617852020085728,30.578813028862932,0.6130056812447654,1.335064172744751,20260221_231739_run30
tsfresh,HouseholdPowerConsumption1_nmv,1612.371394386302,12.444986450551202,40.15434465143594,0.9955241602270003,1.3620896339416504,20260221_231753_run30
tsfresh,AppliancesEnergy,6.583156141852628,2.051167262849354,2.5657661900205615,0.5626041386774356,0.994969367980957,20260221_231756_run30
tsfresh,BenzeneConcentration_nmv,31.7895488348631,3.9704830829920152,5.638222134224857,0.42221365522236487,13.609424591064453,20260221_231850_run30
tsfresh,LiveFuelMoistureContent,1573.726550316961,29.657283042452985,39.67022246366865,0.03829650384774996,7.553190231323242,20260221_231923_run30
tsfresh,BIDMC32RR,0.3210729760184527,0.24426844158783212,0.5666330170564126,0.9660163320323493,5.338314533233643,20260221_232026_run30
tsfresh,BIDMC32SpO2,0.0217276410691728,0.07761032681214815,0.14740298867110124,0.9980341959180177,5.375562429428101,20260221_232125_run30
tsfresh,BIDMC32HR,0.8184113043639748,0.3403055602994633,0.9046608780996196,0.995112101649161,5.353281021118164,20260221_232224_run30
tsfresh,AcousticContaminationMadrid_nmv,8.558582756725567,2.146823459201389,2.925505555750248,0.7945775705339314,0.38396787643432617,20260221_232226_run30
tsfresh,AluminiumConcentration,100682.98232045521,227.423906332672,317.30581828963557,0.543720820080222,0.40871691703796387,20260221_232229_run30
tsfresh,BarCrawl6min,0.002147344352595694,0.03346139153475049,0.04633944704671922,0.38684095186621725,0.4110589027404785,20260221_232230_run30
tsfresh,BeijingIntAirportPM25Quality,2743.234295965706,37.99151031580348,52.37589422592903,0.568050313941812,1.83839750289917,20260221_232237_run30
tsfresh,BinanceCoinSentiment,0.11703588248625817,0.2601909928638724,0.34210507521265765,-0.06754535102102399,0.4137098789215088,20260221_232238_run30
tsfresh,BitcoinSentiment,0.03096461269668403,0.12724477959704403,0.17596764673281287,0.42636514811287896,0.40332961082458496,20260221_232240_run30
tsfresh,BoronConcentration,15.78285278629352,0.5914945242262902,3.9727638724562424,0.037136490440153325,0.40959978103637695,20260221_232243_run30
tsfresh,CalciumConcentration,14739408.205682624,1550.3536435176188,3839.1936921289375,-0.007364628577524179,0.4284534454345703,20260221_232247_run30
tsfresh,CardanoSentiment,0.08309478810728467,0.21885221613031444,0.2882616660384878,-0.014078299374033376,0.39005446434020996,20260221_232248_run30
tsfresh,ChilledWaterPredictor,7421104.045362493,648.9728598462426,2724.1703407390833,0.10337376974517798,0.5861401557922363,20260221_232250_run30
tsfresh,CopperConcentration,4.4068803495257205,1.0594628928166219,2.099257094670808,0.24700989317091449,0.4186413288116455,20260221_232254_run30
tsfresh,Covid19Andalusia,0.0001907299361809646,0.009082064101802591,0.013810500938813357,0.7875948442822563,0.3969388008117676,20260221_232255_run30
tsfresh,DailyOilGasPrices,40.00333501033054,5.996375306675351,6.324818970558014,-7.153929316448849,0.5262949466705322,20260221_232257_run30
tsfresh,DhakaHourlyAirQuality,0.3039357672185588,0.3460507845916991,0.5513036978096182,0.9999267722031008,0.8445372581481934,20260221_232259_run30
tsfresh,ElectricityPredictor,161669.67457864547,171.53597790548588,402.0816765019832,0.45070145821501584,0.8089311122894287,20260221_232303_run30
tsfresh,EthereumSentiment,0.04621041492799666,0.16207920409530122,0.21496607855193492,0.17315877623802167,0.40785837173461914,20260221_232304_run30
tsfresh,GasSensorArrayAcetone,0.047193138448050995,0.1278240089374075,0.2172398178236462,0.32421643415807044,0.41829395294189453,20260221_232309_run30
tsfresh,GasSensorArrayEthanol,0.05907412508299417,0.14650705038556353,0.24305169220351908,0.37011252828777996,0.3932781219482422,20260221_232314_run30
tsfresh,HotwaterPredictor,947449.1053172783,626.1082971177538,973.3699735030243,0.5781369158387465,0.506807804107666,20260221_232316_run30
tsfresh,IronConcentration,4913.687027916856,47.74993588406107,70.09769630962815,0.10219231942657159,0.4142265319824219,20260221_232319_run30
tsfresh,LPGasMonitoringHomeActivity,1.6743304165884798,0.8863530492711346,1.29395920205719,0.08897934176856337,1.171781301498413,20260221_232322_run30
tsfresh,MadridPM10Quality_nmv,82.8737597317362,6.81026464601778,9.103502607883199,0.4892625926044222,6.085392236709595,20260221_232341_run30
tsfresh,MagnesiumConcentration,72245.56955168501,140.99152880225301,268.7853596304773,0.6072742771487386,0.9263830184936523,20260221_232352_run30
tsfresh,ManganeseConcentration,13404.730109816615,80.91871244720791,115.77879818782287,0.06190620185956275,0.41971683502197266,20260221_232355_run30
tsfresh,MethaneMonitoringHomeActivity,0.2537454203674799,0.3334142646933144,0.5037314963028219,0.27392019363062414,1.1603071689605713,20260221_232358_run30
tsfresh,MetroInterstateTrafficVolume,314742.9798537688,475.4334905197631,561.019589545471,0.0048522446546033215,1.0775623321533203,20260221_232402_run30
tsfresh,NaturalGasPricesSentiment,0.0036552000763089543,0.0473679224213401,0.06045825068846232,0.5361640861329591,0.3720059394836426,20260221_232403_run30
tsfresh,OccupancyDetectionLight,11426.984450761154,48.83825182275796,106.89707409822383,0.7306240855054997,0.4425501823425293,20260221_232405_run30
tsfresh,ParkingBirmingham_eq,0.013327100536352202,0.06127937448196362,0.1154430618805314,0.7341728904362096,0.8490726947784424,20260221_232408_run30
tsfresh,PhosphorusConcentration,470.9977668878995,8.336645316830387,21.702482965962663,0.1740793314352148,0.9300663471221924,20260221_232419_run30
tsfresh,PotassiumConcentration,53786.31015385712,84.76397841987553,231.91875765848937,0.22711479423905023,0.931243896484375,20260221_232430_run30
tsfresh,PrecipitationAndalusia_nmv,0.29440601364760877,0.3472790220836542,0.5425919402715164,0.3491082472591329,0.727006196975708,20260221_232433_run30
tsfresh,SierraNevadaMountainsSnow,992.4468955905226,17.406295977616313,31.503125171806726,0.9219847299004198,0.5226829051971436,20260221_232435_run30
tsfresh,SodiumConcentration,16047.12957463191,43.594485834140464,126.67726542135297,-0.11012067550307192,0.42975664138793945,20260221_232438_run30
tsfresh,SolarRadiationAndalusia_nmv,0.4290763893162384,0.508390002634314,0.6550392273110355,0.24006989118247157,0.504150390625,20260221_232441_run30
tsfresh,SteamPredictor,1338884505.4874141,12389.433798653668,36590.77076924472,0.12001701998472136,0.4682910442352295,20260221_232443_run30
tsfresh,SulphurConcentration,90989.78777783782,40.405126446449316,301.64513551164356,-0.0021074750314400426,0.416689395904541,20260221_232446_run30
tsfresh,WaveDataTension,332.83136363553217,14.358760072142562,18.243666397836048,0.009127119829090868,0.7938733100891113,20260221_232449_run30
tsfresh,WindTurbinePower,8258.147396604149,61.35224031333846,90.87434949755706,0.989671498152545,0.5897278785705566,20260221_232451_run30
tsfresh,ZincConcentration,1.2971787502601948,0.8267252882273409,1.1389375532750665,0.0152476732240856,0.41687774658203125,20260221_232454_run30
tsfresh,ElectricMotorTemperature,14.147238922366288,2.176046642753813,3.761281553189855,0.9617435759904003,67.01815557479858,20260221_232701_run30
tsfresh,BeijingPM10Quality_nmv,3074.3958635518247,33.10371800791443,55.44723494956105,0.8144707293835368,61.46350884437561,20260221_232906_run30
tsfresh,BeijingPM25Quality_nmv,982.5053386226167,19.436263069751334,31.344941196668668,0.9169811178290317,61.39758491516113,20260221_233111_run30
tsfresh,DailyTemperatureLatitude,65.42222224081368,3.665076998199658,8.088400474804255,0.8549581180905078,40.6094024181366,20260221_233220_run30
